stage,variant,ablation,regime,policy,seed,slots,packet_drop_rate,mean_packet_delay,mean_packet_queue,explanation_coverage,high_risk_explanation_coverage,mean_explanation_delay,mean_explanation_debt,exposure_use,offload_rate,audit_rate,redaction_rate,local_compute_load,attacker_trigger_gain,budget_violation_rate,exposure_budget_violation_rate,alerts_per_slot,packets_per_slot,calibration_status
calibrated_anchor,default,default,adversarial_explanation_flood,never_explain,1,5000,0.0,0.016569230769230767,0.8616,0.0,0.0,0.0,11810.36205768256,0.0,0.0,0.0,0.0,0.0,0.7998945784916411,0.0,0.0,12.1562,45.0256,calibrated:/Users/let/Documents/DO_A_PAPER_May_18/Papers/Paper_xAI_in_Cyber_2/6_Analysis_Results/xai_surfacebench/data/kddcup99_sa_score_stream.csv
calibrated_anchor,default,default,adversarial_explanation_flood,always_explain,1,5000,0.0,0.020623538501053133,1.0555,1.0,1.0,0.849999999999962,0.0,2.891133333333204,0.0,0.0,0.0,12.2448,0.8068571681533472,0.0436,0.6518,12.2448,45.179,calibrated:/Users/let/Documents/DO_A_PAPER_May_18/Papers/Paper_xAI_in_Cyber_2/6_Analysis_Results/xai_surfacebench/data/kddcup99_sa_score_stream.csv
calibrated_anchor,default,default,adversarial_explanation_flood,threshold_explain,1,5000,0.0,0.015733070484373293,0.8177918000000033,0.04079982912442733,0.1716788015000925,0.023106813663473683,11046.365399933065,0.033830555555556766,0.0,0.0,0.0,0.31589599999998275,0.8036046608110199,0.0,0.0,12.1726,44.9936,calibrated:/Users/let/Documents/DO_A_PAPER_May_18/Papers/Paper_xAI_in_Cyber_2/6_Analysis_Results/xai_surfacebench/data/kddcup99_sa_score_stream.csv
calibrated_anchor,default,default,adversarial_explanation_flood,rate_limited,1,5000,0.0,0.015357594684154003,0.7960593200000032,0.37148819519905985,0.36677955743768476,0.3837745727551117,7321.269792197718,0.28264166666666635,0.0,0.0,0.0,2.8167360000000388,0.7987970111858416,0.0,0.0,12.1476,45.0212,calibrated:/Users/let/Documents/DO_A_PAPER_May_18/Papers/Paper_xAI_in_Cyber_2/6_Analysis_Results/xai_surfacebench/data/kddcup99_sa_score_stream.csv
calibrated_anchor,default,default,adversarial_explanation_flood,fifo_explanation,1,5000,0.0,0.020200368899949125,1.0374099999999906,0.8808996142165312,0.7548080613078613,0.8678650578674653,328.4299166927643,2.5339444444443044,0.0,0.0,0.0,10.732,0.8019816917595171,0.0,0.6064,12.183,45.0726,calibrated:/Users/let/Documents/DO_A_PAPER_May_18/Papers/Paper_xAI_in_Cyber_2/6_Analysis_Results/xai_surfacebench/data/kddcup99_sa_score_stream.csv
calibrated_anchor,default,default,adversarial_explanation_flood,static_coarse_full,1,5000,0.0,0.014338492736435981,0.7452822400000009,0.04175061302935942,0.17916457262039842,0.02371678043607922,10858.69044242447,0.034841666666667895,0.0,0.0,0.0,0.3216719999999821,0.7884531048133756,0.0,0.0,12.0712,44.9968,calibrated:/Users/let/Documents/DO_A_PAPER_May_18/Papers/Paper_xAI_in_Cyber_2/6_Analysis_Results/xai_surfacebench/data/kddcup99_sa_score_stream.csv
calibrated_anchor,default,default,adversarial_explanation_flood,static_offload,1,5000,0.0,0.013414404642257335,0.6972662800000018,0.04114128276409899,0.16917225959648263,0.024327012178977956,10901.052513077673,0.035183333333334524,0.0016712999735239609,0.0,0.0,0.3013199999999832,0.7934552771335308,0.0,0.0,12.0864,44.9278,calibrated:/Users/let/Documents/DO_A_PAPER_May_18/Papers/Paper_xAI_in_Cyber_2/6_Analysis_Results/xai_surfacebench/data/kddcup99_sa_score_stream.csv
calibrated_anchor,default,default,adversarial_explanation_flood,budget_only_bexgov,1,5000,0.0,0.013695437039067154,0.711869760000001,0.04071853328281778,0.17291021933813125,0.02308218162650105,10996.944253111118,0.03383055555555678,0.0,0.0,0.0,0.3147919999999825,0.8007267334074921,0.0,0.0,12.1414,44.95,calibrated:/Users/let/Documents/DO_A_PAPER_May_18/Papers/Paper_xAI_in_Cyber_2/6_Analysis_Results/xai_surfacebench/data/kddcup99_sa_score_stream.csv
calibrated_anchor,default,default,adversarial_explanation_flood,xai_gate,1,5000,0.0,0.018444766302948057,0.9510616200000006,0.6812342234404243,0.787601683651002,0.6661430517487652,883.1742396993069,0.9504777777778242,0.04186840420817673,0.3730407523510972,0.5003036320963745,6.737663999999887,0.8033160486811532,0.001,0.0,12.1858,45.0496,calibrated:/Users/let/Documents/DO_A_PAPER_May_18/Papers/Paper_xAI_in_Cyber_2/6_Analysis_Results/xai_surfacebench/data/kddcup99_sa_score_stream.csv
calibrated_anchor,default,default,transient_overload,never_explain,1,5000,0.2452305104796927,1.0254884615384767,53.3254,0.0,0.0,0.0,8130.616172208722,0.0,0.0,0.0,0.0,0.0,0.19995629007238347,0.0,0.0,10.1026,56.1276,calibrated:/Users/let/Documents/DO_A_PAPER_May_18/Papers/Paper_xAI_in_Cyber_2/6_Analysis_Results/xai_surfacebench/data/kddcup99_sa_score_stream.csv
calibrated_anchor,default,default,transient_overload,always_explain,1,5000,0.25067398325635687,1.052171441910438,53.27176000000002,1.0,1.0,0.8499999999999815,0.0,2.385288888888837,0.0,0.0,0.0,10.1024,0.199142045582688,0.2006,0.5246,10.1024,56.1646,calibrated:/Users/let/Documents/DO_A_PAPER_May_18/Papers/Paper_xAI_in_Cyber_2/6_Analysis_Results/xai_surfacebench/data/kddcup99_sa_score_stream.csv
calibrated_anchor,default,default,transient_overload,threshold_explain,1,5000,0.2449262725856063,1.0249708253140546,53.26943119999996,0.03018628365108088,0.13668132488455656,0.017068065943222188,7600.071245455213,0.02056388888888936,0.0,0.0,0.0,0.19320799999999377,0.19831356033942704,0.0,0.0,10.0814,56.0866,calibrated:/Users/let/Documents/DO_A_PAPER_May_18/Papers/Paper_xAI_in_Cyber_2/6_Analysis_Results/xai_surfacebench/data/kddcup99_sa_score_stream.csv
calibrated_anchor,default,default,transient_overload,rate_limited,1,5000,0.24591182024424932,1.0264405774586873,53.21596447999997,0.3051306450973448,0.3112511735623274,0.49322290948019465,8200.343464920303,0.1920749999999973,0.0,0.0,0.0,1.919832000000037,0.19765938578465425,0.0,0.0,10.0884,56.1562,calibrated:/Users/let/Documents/DO_A_PAPER_May_18/Papers/Paper_xAI_in_Cyber_2/6_Analysis_Results/xai_surfacebench/data/kddcup99_sa_score_stream.csv
calibrated_anchor,default,default,transient_overload,fifo_explanation,1,5000,0.24707921549103629,1.0388693206311432,53.33871999999996,0.71974736011053,0.6291514896042602,0.8920378959834159,5684.552960447561,1.7220055555555684,0.0,0.0,0.0,7.2932,0.20118304616606708,0.0,0.4442,10.133,56.239,calibrated:/Users/let/Documents/DO_A_PAPER_May_18/Papers/Paper_xAI_in_Cyber_2/6_Analysis_Results/xai_surfacebench/data/kddcup99_sa_score_stream.csv
calibrated_anchor,default,default,transient_overload,static_coarse_full,1,5000,0.2456123102800653,1.0263463181716976,53.33992027999988,0.0304580530273058,0.138216056238383,0.01722991689750694,7572.76506650298,0.020852777777778317,0.0,0.0,0.0,0.19556799999999377,0.20071320558828454,0.0,0.0,10.108,56.1222,calibrated:/Users/let/Documents/DO_A_PAPER_May_18/Papers/Paper_xAI_in_Cyber_2/6_Analysis_Results/xai_surfacebench/data/kddcup99_sa_score_stream.csv
calibrated_anchor,default,default,transient_overload,static_offload,1,5000,0.24636535438089363,1.024873041166728,53.265136359999886,0.029995897395823812,0.12526190041258847,0.0172489108562721,7913.027206467124,0.020466666666667153,0.0006642311524410495,0.0,0.0,0.18835199999999405,0.20834631691264915,0.0,0.0,10.2374,56.4816,calibrated:/Users/let/Documents/DO_A_PAPER_May_18/Papers/Paper_xAI_in_Cyber_2/6_Analysis_Results/xai_surfacebench/data/kddcup99_sa_score_stream.csv
calibrated_anchor,default,default,transient_overload,budget_only_bexgov,1,5000,0.24498323434413824,1.0235562373207718,53.19509127999992,0.030276293035686856,0.13356019644344752,0.0170747523974218,7754.223257947847,0.020555555555555997,0.0,0.0,0.0,0.19505599999999376,0.2094506753368357,0.0,0.0,10.1776,56.1004,calibrated:/Users/let/Documents/DO_A_PAPER_May_18/Papers/Paper_xAI_in_Cyber_2/6_Analysis_Results/xai_surfacebench/data/kddcup99_sa_score_stream.csv
calibrated_anchor,default,default,transient_overload,xai_gate,1,5000,0.24704007901527084,1.035096134250513,53.28118131999994,0.6762725336278995,0.7271849784315605,0.7686757918820041,940.4670837308898,0.9633405555556676,0.24150921068202438,0.15232140743954872,0.591534850696225,4.14765199999982,0.20633311801017595,0.0104,0.0,10.1404,56.0398,calibrated:/Users/let/Documents/DO_A_PAPER_May_18/Papers/Paper_xAI_in_Cyber_2/6_Analysis_Results/xai_surfacebench/data/kddcup99_sa_score_stream.csv
calibrated_anchor,default,default,non_markovian,never_explain,1,5000,0.13686002394725832,1.2847384615384727,66.8064,0.0,0.0,0.0,7139.483446895549,0.0,0.0,0.0,0.0,0.0,0.13713411907269424,0.0,0.0,9.459,55.4552,calibrated:/Users/let/Documents/DO_A_PAPER_May_18/Papers/Paper_xAI_in_Cyber_2/6_Analysis_Results/xai_surfacebench/data/kddcup99_sa_score_stream.csv
calibrated_anchor,default,default,non_markovian,always_explain,1,5000,0.13808810521584045,1.3257958568881785,67.82721700000009,1.0,1.0,0.8499999999999734,0.0,2.2073555555554867,0.0,0.0,0.0,9.3488,0.12968790027502775,0.095,0.5524,9.3488,55.1704,calibrated:/Users/let/Documents/DO_A_PAPER_May_18/Papers/Paper_xAI_in_Cyber_2/6_Analysis_Results/xai_surfacebench/data/kddcup99_sa_score_stream.csv
calibrated_anchor,default,default,non_markovian,threshold_explain,1,5000,0.13347837982539534,1.2368385633774384,64.29331895999992,0.029473841299621332,0.13850788095781755,0.016719609431629232,6567.643972089304,0.018986111111111207,0.0,0.0,0.0,0.17619999999999342,0.1389250068897363,0.0,0.0,9.3812,54.9126,calibrated:/Users/let/Documents/DO_A_PAPER_May_18/Papers/Paper_xAI_in_Cyber_2/6_Analysis_Results/xai_surfacebench/data/kddcup99_sa_score_stream.csv
calibrated_anchor,default,default,non_markovian,rate_limited,1,5000,0.1367266210842466,1.1732730073251332,60.84666612000023,0.3635446282415841,0.3380433820540379,0.3951376324631688,3711.8304490556256,0.2094944444444395,0.0,0.0,0.0,2.1028720000000183,0.13231705755603773,0.0,0.0,9.2856,54.6702,calibrated:/Users/let/Documents/DO_A_PAPER_May_18/Papers/Paper_xAI_in_Cyber_2/6_Analysis_Results/xai_surfacebench/data/kddcup99_sa_score_stream.csv
calibrated_anchor,default,default,non_markovian,fifo_explanation,1,5000,0.14048638929269358,1.3349112926180968,68.705708,0.8242597079572014,0.75576810091002,0.8763610438063986,154.46373618340496,1.8152694444444393,0.0,0.0,0.0,7.6882,0.1271142303699948,0.0,0.4406,9.3274,55.1698,calibrated:/Users/let/Documents/DO_A_PAPER_May_18/Papers/Paper_xAI_in_Cyber_2/6_Analysis_Results/xai_surfacebench/data/kddcup99_sa_score_stream.csv
calibrated_anchor,default,default,non_markovian,static_coarse_full,1,5000,0.1347541303711099,1.3316612553037557,69.2246224399998,0.029788693155030643,0.12766388970227566,0.016744888774591755,6540.760610323205,0.018241666666666663,0.0,0.0,0.0,0.17531999999999295,0.12486394816108537,0.0,0.0,9.3324,55.3098,calibrated:/Users/let/Documents/DO_A_PAPER_May_18/Papers/Paper_xAI_in_Cyber_2/6_Analysis_Results/xai_surfacebench/data/kddcup99_sa_score_stream.csv
calibrated_anchor,default,default,non_markovian,static_offload,1,5000,0.1384608243889241,1.2539376958232398,65.18298907999979,0.029302414312059624,0.12683787032771754,0.01702524535260826,6671.893339093954,0.018844444444444552,0.0008478707844924434,0.0,0.0,0.16883199999999332,0.13471032139743055,0.0,0.0,9.4354,55.435,calibrated:/Users/let/Documents/DO_A_PAPER_May_18/Papers/Paper_xAI_in_Cyber_2/6_Analysis_Results/xai_surfacebench/data/kddcup99_sa_score_stream.csv
calibrated_anchor,default,default,non_markovian,budget_only_bexgov,1,5000,0.13639068632742515,1.308419889353968,68.01538515999944,0.028790470759678867,0.12573448631064463,0.016199919744873184,6641.1871567102,0.017980555555555597,0.0,0.0,0.0,0.17213599999999363,0.13581899436516442,0.0,0.0,9.4698,55.5828,calibrated:/Users/let/Documents/DO_A_PAPER_May_18/Papers/Paper_xAI_in_Cyber_2/6_Analysis_Results/xai_surfacebench/data/kddcup99_sa_score_stream.csv
calibrated_anchor,default,default,non_markovian,xai_gate,1,5000,0.13106127802054782,1.2182498841269385,63.045231599999916,0.5579171602731309,0.6220016555058063,0.5215805458030797,106.85040772266902,0.3999511111111005,0.0773041549098585,0.0,0.6303228724664527,3.51667199999986,0.12523297438917624,0.0,0.0,9.2854,55.0132,calibrated:/Users/let/Documents/DO_A_PAPER_May_18/Papers/Paper_xAI_in_Cyber_2/6_Analysis_Results/xai_surfacebench/data/kddcup99_sa_score_stream.csv
calibrated_anchor,default,default,rtt_uncertainty,never_explain,1,5000,0.0,0.014199999999999989,0.7384,0.0,0.0,0.0,3409.2062753263203,0.0,0.0,0.0,0.0,0.0,0.06904495413387646,0.0,0.0,7.2208,45.0296,calibrated:/Users/let/Documents/DO_A_PAPER_May_18/Papers/Paper_xAI_in_Cyber_2/6_Analysis_Results/xai_surfacebench/data/kddcup99_sa_score_stream.csv
calibrated_anchor,default,default,rtt_uncertainty,always_explain,1,5000,0.0,0.01619605489708686,0.8341900000000007,1.0,1.0,0.849999999999981,0.0,1.7241777777777392,0.0,0.0,0.0,7.3024,0.08618176409341016,0.0,0.4192,7.3024,44.82,calibrated:/Users/let/Documents/DO_A_PAPER_May_18/Papers/Paper_xAI_in_Cyber_2/6_Analysis_Results/xai_surfacebench/data/kddcup99_sa_score_stream.csv
calibrated_anchor,default,default,rtt_uncertainty,threshold_explain,1,5000,0.0,0.014356576922463253,0.7464116000000044,0.027922816557541384,0.11736324101495467,0.015643380312950844,3093.188915971373,0.012983333333332988,0.0,0.0,0.0,0.12645599999999513,0.06967709960930435,0.0,0.0,7.2088,44.9282,calibrated:/Users/let/Documents/DO_A_PAPER_May_18/Papers/Paper_xAI_in_Cyber_2/6_Analysis_Results/xai_surfacebench/data/kddcup99_sa_score_stream.csv
calibrated_anchor,default,default,rtt_uncertainty,rate_limited,1,5000,0.0,0.015531894961353465,0.805507120000004,0.4503306462631595,0.3911678302331125,0.2503607050143463,1.1150939586314361,0.20422222222221648,0.0,0.0,0.0,2.0524880000000083,0.08102439579169585,0.0,0.0,7.319,45.1362,calibrated:/Users/let/Documents/DO_A_PAPER_May_18/Papers/Paper_xAI_in_Cyber_2/6_Analysis_Results/xai_surfacebench/data/kddcup99_sa_score_stream.csv
calibrated_anchor,default,default,rtt_uncertainty,fifo_explanation,1,5000,0.0,0.018976393722974827,0.9775089999999975,0.9913807211826959,0.9798128623592769,0.8512928918225808,0.035547998644092686,1.71633888888886,0.0,0.0,0.0,7.2692,0.0846713471261904,0.0,0.416,7.3324,45.0668,calibrated:/Users/let/Documents/DO_A_PAPER_May_18/Papers/Paper_xAI_in_Cyber_2/6_Analysis_Results/xai_surfacebench/data/kddcup99_sa_score_stream.csv
calibrated_anchor,default,default,rtt_uncertainty,static_coarse_full,1,5000,0.0,0.014846964262750407,0.7718923200000051,0.028369105780315717,0.13392487459259128,0.016083877696656982,3225.367280962738,0.014155555555555158,0.0,0.0,0.0,0.1316479999999947,0.08108268499231497,0.0,0.0,7.2868,44.9352,calibrated:/Users/let/Documents/DO_A_PAPER_May_18/Papers/Paper_xAI_in_Cyber_2/6_Analysis_Results/xai_surfacebench/data/kddcup99_sa_score_stream.csv
calibrated_anchor,default,default,rtt_uncertainty,static_offload,1,5000,0.0,0.015199691045900689,0.7902578000000043,0.028971531022493356,0.12635069715840483,0.01714982619328309,3288.1151463264055,0.014588888888888556,0.000869281755949147,0.0,0.0,0.1301599999999945,0.09013483059555827,0.0,0.0,7.3624,45.0244,calibrated:/Users/let/Documents/DO_A_PAPER_May_18/Papers/Paper_xAI_in_Cyber_2/6_Analysis_Results/xai_surfacebench/data/kddcup99_sa_score_stream.csv
calibrated_anchor,default,default,rtt_uncertainty,budget_only_bexgov,1,5000,0.0,0.013748268475052321,0.7147856400000048,0.028900490558799237,0.1283117052096913,0.016289840773931877,3157.7583911978563,0.01403055555555515,0.0,0.0,0.0,0.1334239999999944,0.08420095557298612,0.0,0.0,7.2978,44.8736,calibrated:/Users/let/Documents/DO_A_PAPER_May_18/Papers/Paper_xAI_in_Cyber_2/6_Analysis_Results/xai_surfacebench/data/kddcup99_sa_score_stream.csv
calibrated_anchor,default,default,rtt_uncertainty,xai_gate,1,5000,0.0,0.01497814396543528,0.7756209000000016,0.5764953883097778,0.6582609884462082,0.5378071382408708,0.29315600110289736,0.20399055555554937,0.009359820990012552,0.014708290127162583,0.8774218195710309,3.2788919999998156,0.08795914883510791,0.0,0.0,7.3292,44.911,calibrated:/Users/let/Documents/DO_A_PAPER_May_18/Papers/Paper_xAI_in_Cyber_2/6_Analysis_Results/xai_surfacebench/data/kddcup99_sa_score_stream.csv
calibrated_anchor,default,default,adversarial_explanation_flood,never_explain,2,5000,0.0,0.01396153846153846,0.726,0.0,0.0,0.0,11894.084717502346,0.0,0.0,0.0,0.0,0.0,0.8037028305733349,0.0,0.0,12.1652,44.9638,calibrated:/Users/let/Documents/DO_A_PAPER_May_18/Papers/Paper_xAI_in_Cyber_2/6_Analysis_Results/xai_surfacebench/data/kddcup99_sa_score_stream.csv
calibrated_anchor,default,default,adversarial_explanation_flood,always_explain,2,5000,0.0,0.018461708281963085,0.9443540000000006,1.0,1.0,0.8499999999999637,0.0,2.8780527777776546,0.0,0.0,0.0,12.1894,0.8120624783515555,0.0448,0.6536,12.1894,44.8454,calibrated:/Users/let/Documents/DO_A_PAPER_May_18/Papers/Paper_xAI_in_Cyber_2/6_Analysis_Results/xai_surfacebench/data/kddcup99_sa_score_stream.csv
calibrated_anchor,default,default,adversarial_explanation_flood,threshold_explain,2,5000,0.0,0.013115387058061692,0.6817234800000018,0.04144471818091063,0.17275044580511936,0.023461064686886163,10750.851720415554,0.03384166666666779,0.0,0.0,0.0,0.3165599999999824,0.7886512913041679,0.0,0.0,12.0148,44.7816,calibrated:/Users/let/Documents/DO_A_PAPER_May_18/Papers/Paper_xAI_in_Cyber_2/6_Analysis_Results/xai_surfacebench/data/kddcup99_sa_score_stream.csv
calibrated_anchor,default,default,adversarial_explanation_flood,rate_limited,2,5000,0.0,0.01490239763097446,0.7724422800000035,0.3728502974223485,0.36802674031989935,0.3815399867812293,7322.401070346024,0.28269444444444464,0.0,0.0,0.0,2.8169920000000483,0.7989177363717501,0.0,0.0,12.104,44.8566,calibrated:/Users/let/Documents/DO_A_PAPER_May_18/Papers/Paper_xAI_in_Cyber_2/6_Analysis_Results/xai_surfacebench/data/kddcup99_sa_score_stream.csv
calibrated_anchor,default,default,adversarial_explanation_flood,fifo_explanation,2,5000,0.0,0.020952874464891393,1.0762109999999894,0.8838025836369658,0.7596329474405337,0.8674296124544041,159.24635833143256,2.519966666666541,0.0,0.0,0.0,10.6728,0.7893710529669244,0.0,0.6014,12.076,44.9916,calibrated:/Users/let/Documents/DO_A_PAPER_May_18/Papers/Paper_xAI_in_Cyber_2/6_Analysis_Results/xai_surfacebench/data/kddcup99_sa_score_stream.csv
calibrated_anchor,default,default,adversarial_explanation_flood,static_coarse_full,2,5000,0.0,0.013488008173774548,0.7010624400000026,0.04208887560404543,0.1792703826574658,0.023896112522625714,10828.439938820517,0.03495277777777907,0.0,0.0,0.0,0.3233439999999822,0.7820173647484907,0.0,0.0,12.0438,45.0568,calibrated:/Users/let/Documents/DO_A_PAPER_May_18/Papers/Paper_xAI_in_Cyber_2/6_Analysis_Results/xai_surfacebench/data/kddcup99_sa_score_stream.csv
calibrated_anchor,default,default,adversarial_explanation_flood,static_offload,2,5000,0.0,0.015535081635846859,0.8075128400000016,0.04139131723218294,0.17217941682981427,0.0246033157175548,10938.381726905443,0.03597222222222357,0.0018274312243789204,0.0,0.0,0.3039919999999831,0.7954561577752526,0.0,0.0,12.1482,45.1072,calibrated:/Users/let/Documents/DO_A_PAPER_May_18/Papers/Paper_xAI_in_Cyber_2/6_Analysis_Results/xai_surfacebench/data/kddcup99_sa_score_stream.csv
calibrated_anchor,default,default,adversarial_explanation_flood,budget_only_bexgov,2,5000,0.0,0.013999622030958765,0.7276875600000037,0.04214959902313458,0.17624300688830238,0.0238828751526352,10901.691074737675,0.034883333333334585,0.0,0.0,0.0,0.32512799999998215,0.800295583331474,0.0,0.0,12.1204,44.883,calibrated:/Users/let/Documents/DO_A_PAPER_May_18/Papers/Paper_xAI_in_Cyber_2/6_Analysis_Results/xai_surfacebench/data/kddcup99_sa_score_stream.csv
calibrated_anchor,default,default,adversarial_explanation_flood,xai_gate,2,5000,0.0,0.019030834018603518,0.9811261999999997,0.6810711286046256,0.7918861511351039,0.6662378748703138,877.1511103934279,0.9465766666667089,0.04217651224452825,0.37356104148482405,0.5002717346552263,6.709327999999911,0.795613358055137,0.001,0.0,12.1442,45.0884,calibrated:/Users/let/Documents/DO_A_PAPER_May_18/Papers/Paper_xAI_in_Cyber_2/6_Analysis_Results/xai_surfacebench/data/kddcup99_sa_score_stream.csv
calibrated_anchor,default,default,transient_overload,never_explain,2,5000,0.24497128479231228,1.0236000000000163,53.2272,0.0,0.0,0.0,8229.580147167526,0.0,0.0,0.0,0.0,0.0,0.19774637742965884,0.0,0.0,10.1108,56.2768,calibrated:/Users/let/Documents/DO_A_PAPER_May_18/Papers/Paper_xAI_in_Cyber_2/6_Analysis_Results/xai_surfacebench/data/kddcup99_sa_score_stream.csv
calibrated_anchor,default,default,transient_overload,always_explain,2,5000,0.24941442658381732,1.0556449498931315,53.44862100000002,1.0,1.0,0.8499999999999824,0.0,2.401155555555506,0.0,0.0,0.0,10.1696,0.2050117188148013,0.2016,0.5258,10.1696,56.2628,calibrated:/Users/let/Documents/DO_A_PAPER_May_18/Papers/Paper_xAI_in_Cyber_2/6_Analysis_Results/xai_surfacebench/data/kddcup99_sa_score_stream.csv
calibrated_anchor,default,default,transient_overload,threshold_explain,2,5000,0.24561045205288862,1.0256711154027123,53.30403839999982,0.030716369403058757,0.13596525476563454,0.017335591362061215,7843.7968218498245,0.021008333333333847,0.0,0.0,0.0,0.19879199999999408,0.21328948321711416,0.0,0.0,10.2154,56.1306,calibrated:/Users/let/Documents/DO_A_PAPER_May_18/Papers/Paper_xAI_in_Cyber_2/6_Analysis_Results/xai_surfacebench/data/kddcup99_sa_score_stream.csv
calibrated_anchor,default,default,transient_overload,rate_limited,2,5000,0.24562794972332344,1.0282919149473,53.31232772000001,0.3041099689028906,0.2998065521717075,0.4941113553984192,8262.58871357991,0.19066666666666446,0.0,0.0,0.0,1.9130880000000445,0.20083199840164956,0.0,0.0,10.0974,56.0578,calibrated:/Users/let/Documents/DO_A_PAPER_May_18/Papers/Paper_xAI_in_Cyber_2/6_Analysis_Results/xai_surfacebench/data/kddcup99_sa_score_stream.csv
calibrated_anchor,default,default,transient_overload,fifo_explanation,2,5000,0.24840031633169926,1.0382020432901466,53.304862999999976,0.7160785239387859,0.6304074628103562,0.8925882214091743,5819.755310618856,1.7190777777777921,0.0,0.0,0.0,7.2808,0.20733262562429355,0.0,0.4444,10.1676,56.1436,calibrated:/Users/let/Documents/DO_A_PAPER_May_18/Papers/Paper_xAI_in_Cyber_2/6_Analysis_Results/xai_surfacebench/data/kddcup99_sa_score_stream.csv
calibrated_anchor,default,default,transient_overload,static_coarse_full,2,5000,0.24418482845092696,1.0247191056513243,53.25538807999991,0.03017666594611654,0.13464806730654844,0.01703676774028732,7806.8338466790765,0.0205972222222227,0.0,0.0,0.0,0.19464799999999402,0.2084188229036008,0.0,0.0,10.1774,56.1472,calibrated:/Users/let/Documents/DO_A_PAPER_May_18/Papers/Paper_xAI_in_Cyber_2/6_Analysis_Results/xai_surfacebench/data/kddcup99_sa_score_stream.csv
calibrated_anchor,default,default,transient_overload,static_offload,2,5000,0.24777864554421392,1.023523713394591,53.19392823999992,0.031178959021093036,0.1303796971335901,0.01800007907169826,7634.88840664265,0.02120555555555605,0.0007709490580583944,0.0,0.0,0.19315999999999386,0.20004649596007096,0.0,0.0,10.1174,56.2056,calibrated:/Users/let/Documents/DO_A_PAPER_May_18/Papers/Paper_xAI_in_Cyber_2/6_Analysis_Results/xai_surfacebench/data/kddcup99_sa_score_stream.csv
calibrated_anchor,default,default,transient_overload,budget_only_bexgov,2,5000,0.24445912702234843,1.0251579824049109,53.278497639999934,0.029288723618886226,0.1306397089474516,0.016521945526831117,7631.036846857971,0.019780555555555995,0.0,0.0,0.0,0.1875199999999942,0.20242830726054484,0.0,0.0,10.1114,56.061,calibrated:/Users/let/Documents/DO_A_PAPER_May_18/Papers/Paper_xAI_in_Cyber_2/6_Analysis_Results/xai_surfacebench/data/kddcup99_sa_score_stream.csv
calibrated_anchor,default,default,transient_overload,xai_gate,2,5000,0.24747424162053377,1.034866304581856,53.265700039999956,0.6759972435519153,0.7278028957698947,0.7687149045087898,957.7746352404199,0.9643222222223315,0.24179956684386691,0.15062020082693445,0.5935223469186848,4.150883999999793,0.20543263497036146,0.0112,0.0,10.158,56.179,calibrated:/Users/let/Documents/DO_A_PAPER_May_18/Papers/Paper_xAI_in_Cyber_2/6_Analysis_Results/xai_surfacebench/data/kddcup99_sa_score_stream.csv
calibrated_anchor,default,default,non_markovian,never_explain,2,5000,0.1341800271838417,1.224111538461551,63.6538,0.0,0.0,0.0,6849.054093968828,0.0,0.0,0.0,0.0,0.0,0.1291768362490202,0.0,0.0,9.2714,54.7384,calibrated:/Users/let/Documents/DO_A_PAPER_May_18/Papers/Paper_xAI_in_Cyber_2/6_Analysis_Results/xai_surfacebench/data/kddcup99_sa_score_stream.csv
calibrated_anchor,default,default,non_markovian,always_explain,2,5000,0.13561138982505044,1.304726610391254,66.76249000000001,1.0,1.0,0.8499999999999789,0.0,2.1766138888888347,0.0,0.0,0.0,9.2186,0.12444302952903996,0.0932,0.541,9.2186,54.6558,calibrated:/Users/let/Documents/DO_A_PAPER_May_18/Papers/Paper_xAI_in_Cyber_2/6_Analysis_Results/xai_surfacebench/data/kddcup99_sa_score_stream.csv
calibrated_anchor,default,default,non_markovian,threshold_explain,2,5000,0.1346642074570838,1.2493199535985673,64.94374264000004,0.02877589167336902,0.13021685906397773,0.016248994761894422,6350.754086454793,0.017774999999999996,0.0,0.0,0.0,0.1678559999999933,0.11793077474456526,0.0,0.0,9.2018,54.874,calibrated:/Users/let/Documents/DO_A_PAPER_May_18/Papers/Paper_xAI_in_Cyber_2/6_Analysis_Results/xai_surfacebench/data/kddcup99_sa_score_stream.csv
calibrated_anchor,default,default,non_markovian,rate_limited,2,5000,0.13547899977132186,1.1985941754540466,62.15983400000002,0.36500919039070656,0.3478948338110091,0.39343421390100025,3726.816750576701,0.21275833333332791,0.0,0.0,0.0,2.1294240000000175,0.1322083362069293,0.0,0.0,9.3576,55.0994,calibrated:/Users/let/Documents/DO_A_PAPER_May_18/Papers/Paper_xAI_in_Cyber_2/6_Analysis_Results/xai_surfacebench/data/kddcup99_sa_score_stream.csv
calibrated_anchor,default,default,non_markovian,fifo_explanation,2,5000,0.13599414007291455,1.30763446266883,67.29579000000004,0.8278964165613554,0.7642803236987263,0.8758155375157745,152.1475330005301,1.825233333333315,0.0,0.0,0.0,7.7304,0.12794234537209492,0.0,0.4486,9.3374,55.1884,calibrated:/Users/let/Documents/DO_A_PAPER_May_18/Papers/Paper_xAI_in_Cyber_2/6_Analysis_Results/xai_surfacebench/data/kddcup99_sa_score_stream.csv
calibrated_anchor,default,default,non_markovian,static_coarse_full,2,5000,0.13893721366142853,1.221549867073346,63.49900807999979,0.02892412856111829,0.12717047655851707,0.016287734046618273,6685.765892541297,0.01804166666666673,0.0,0.0,0.0,0.17219999999999325,0.14077722804646475,0.0,0.0,9.4212,55.0572,calibrated:/Users/let/Documents/DO_A_PAPER_May_18/Papers/Paper_xAI_in_Cyber_2/6_Analysis_Results/xai_surfacebench/data/kddcup99_sa_score_stream.csv
calibrated_anchor,default,default,non_markovian,static_offload,2,5000,0.1362703445761169,1.2377304201876027,64.3404993599998,0.030275199654652266,0.13170414923347354,0.017674293114612563,6395.335936855957,0.019316666666666767,0.0009712928987696956,0.0,0.0,0.17095199999999305,0.12622303251291456,0.0,0.0,9.266,54.85,calibrated:/Users/let/Documents/DO_A_PAPER_May_18/Papers/Paper_xAI_in_Cyber_2/6_Analysis_Results/xai_surfacebench/data/kddcup99_sa_score_stream.csv
calibrated_anchor,default,default,non_markovian,budget_only_bexgov,2,5000,0.13641449419435506,1.1763909272674387,61.15185376000005,0.028290970551908736,0.1248006663905398,0.015927755747686848,6324.363815364923,0.0172694444444444,0.0,0.0,0.0,0.1649679999999936,0.12443487699780187,0.0,0.0,9.2298,54.7226,calibrated:/Users/let/Documents/DO_A_PAPER_May_18/Papers/Paper_xAI_in_Cyber_2/6_Analysis_Results/xai_surfacebench/data/kddcup99_sa_score_stream.csv
calibrated_anchor,default,default,non_markovian,xai_gate,2,5000,0.13547776196055678,1.1937509499129864,61.76888013999993,0.5586111589461124,0.623230018446485,0.527331238160829,106.18671693049707,0.399129999999991,0.07792319614258654,0.0,0.6515412433270191,3.539967999999846,0.13046895627025035,0.0,0.0,9.2912,54.7926,calibrated:/Users/let/Documents/DO_A_PAPER_May_18/Papers/Paper_xAI_in_Cyber_2/6_Analysis_Results/xai_surfacebench/data/kddcup99_sa_score_stream.csv
calibrated_anchor,default,default,rtt_uncertainty,never_explain,2,5000,0.0,0.014834615384615378,0.7714,0.0,0.0,0.0,3519.198166472177,0.0,0.0,0.0,0.0,0.0,0.07563382715940148,0.0,0.0,7.2816,45.1306,calibrated:/Users/let/Documents/DO_A_PAPER_May_18/Papers/Paper_xAI_in_Cyber_2/6_Analysis_Results/xai_surfacebench/data/kddcup99_sa_score_stream.csv
calibrated_anchor,default,default,rtt_uncertainty,always_explain,2,5000,0.0,0.016295414791600887,0.8394470000000008,1.0,1.0,0.8499999999999801,0.0,1.7096333333332934,0.0,0.0,0.0,7.2408,0.07503318278592563,0.0002,0.4176,7.2408,44.9028,calibrated:/Users/let/Documents/DO_A_PAPER_May_18/Papers/Paper_xAI_in_Cyber_2/6_Analysis_Results/xai_surfacebench/data/kddcup99_sa_score_stream.csv
calibrated_anchor,default,default,rtt_uncertainty,threshold_explain,2,5000,0.0,0.014244843479891396,0.7406069600000035,0.028354590782623673,0.12370693389730825,0.0159472190848737,3189.330004628149,0.013544444444444054,0.0,0.0,0.0,0.12990399999999458,0.07892265259053488,0.0,0.0,7.2602,44.8608,calibrated:/Users/let/Documents/DO_A_PAPER_May_18/Papers/Paper_xAI_in_Cyber_2/6_Analysis_Results/xai_surfacebench/data/kddcup99_sa_score_stream.csv
calibrated_anchor,default,default,rtt_uncertainty,rate_limited,2,5000,0.0,0.015722054208389562,0.8153046800000034,0.4504410785619285,0.39672081361798484,0.250653295605859,1.0220885077830366,0.2016138888888831,0.0,0.0,0.0,2.0231600000000136,0.06691765040155784,0.0,0.0,7.2096,45.0494,calibrated:/Users/let/Documents/DO_A_PAPER_May_18/Papers/Paper_xAI_in_Cyber_2/6_Analysis_Results/xai_surfacebench/data/kddcup99_sa_score_stream.csv
calibrated_anchor,default,default,rtt_uncertainty,fifo_explanation,2,5000,0.0,0.01777998207129163,0.9160629999999995,0.9914085088806278,0.9782358907245792,0.8512887236678867,0.03857418085647748,1.7001416666666294,0.0,0.0,0.0,7.2006,0.07699083156503872,0.0,0.4148,7.263,44.9586,calibrated:/Users/let/Documents/DO_A_PAPER_May_18/Papers/Paper_xAI_in_Cyber_2/6_Analysis_Results/xai_surfacebench/data/kddcup99_sa_score_stream.csv
calibrated_anchor,default,default,rtt_uncertainty,static_coarse_full,2,5000,0.0,0.014518766139066793,0.7548472400000042,0.02834196891191773,0.12989645181691956,0.016018543768748304,3226.4828826290513,0.014016666666666261,0.0,0.0,0.0,0.13190399999999455,0.08613716369215396,0.0,0.0,7.334,45.0158,calibrated:/Users/let/Documents/DO_A_PAPER_May_18/Papers/Paper_xAI_in_Cyber_2/6_Analysis_Results/xai_surfacebench/data/kddcup99_sa_score_stream.csv
calibrated_anchor,default,default,rtt_uncertainty,static_offload,2,5000,0.0,0.015624893630393535,0.8123700400000058,0.028629609246010542,0.12719295817508025,0.017072105570496446,3176.786389886004,0.014399999999999639,0.0009631260319207485,0.0,0.0,0.12667199999999493,0.07570806100218008,0.0,0.0,7.268,45.0432,calibrated:/Users/let/Documents/DO_A_PAPER_May_18/Papers/Paper_xAI_in_Cyber_2/6_Analysis_Results/xai_surfacebench/data/kddcup99_sa_score_stream.csv
calibrated_anchor,default,default,rtt_uncertainty,budget_only_bexgov,2,5000,0.0,0.013728066987887129,0.7137368000000032,0.02851830585404601,0.13105888029556242,0.01612528367921692,3226.692258391926,0.014097222222221829,0.0,0.0,0.0,0.13243999999999462,0.08470987058399526,0.0,0.0,7.3146,44.9558,calibrated:/Users/let/Documents/DO_A_PAPER_May_18/Papers/Paper_xAI_in_Cyber_2/6_Analysis_Results/xai_surfacebench/data/kddcup99_sa_score_stream.csv
calibrated_anchor,default,default,rtt_uncertainty,xai_gate,2,5000,0.0,0.014535184820646441,0.7527153600000008,0.5770469156066221,0.6563976111851567,0.540218647174356,0.2671421005736189,0.20197611111110436,0.009902886062098208,0.014662836821228285,0.8858158938585693,3.2738199999998145,0.08360234417380097,0.0,0.0,7.311,44.9796,calibrated:/Users/let/Documents/DO_A_PAPER_May_18/Papers/Paper_xAI_in_Cyber_2/6_Analysis_Results/xai_surfacebench/data/kddcup99_sa_score_stream.csv
calibrated_anchor,default,default,adversarial_explanation_flood,never_explain,3,5000,0.0,0.01558461538461539,0.8104,0.0,0.0,0.0,11765.727401274715,0.0,0.0,0.0,0.0,0.0,0.7969978598370602,0.0,0.0,12.1582,45.1056,calibrated:/Users/let/Documents/DO_A_PAPER_May_18/Papers/Paper_xAI_in_Cyber_2/6_Analysis_Results/xai_surfacebench/data/kddcup99_sa_score_stream.csv
calibrated_anchor,default,default,adversarial_explanation_flood,always_explain,3,5000,0.0,0.021314311095167363,1.0905840000000036,1.0,1.0,0.8499999999999627,0.0,2.886836111110984,0.0,0.0,0.0,12.2266,0.8098359296824549,0.0442,0.6522,12.2266,45.0376,calibrated:/Users/let/Documents/DO_A_PAPER_May_18/Papers/Paper_xAI_in_Cyber_2/6_Analysis_Results/xai_surfacebench/data/kddcup99_sa_score_stream.csv
calibrated_anchor,default,default,adversarial_explanation_flood,threshold_explain,3,5000,0.0,0.016768610529948966,0.871615520000003,0.04181834564786464,0.17826257280890434,0.023738921017709982,11096.701134012448,0.03517500000000131,0.0,0.0,0.0,0.3255839999999819,0.8008632719955866,0.0,0.0,12.2078,45.1924,calibrated:/Users/let/Documents/DO_A_PAPER_May_18/Papers/Paper_xAI_in_Cyber_2/6_Analysis_Results/xai_surfacebench/data/kddcup99_sa_score_stream.csv
calibrated_anchor,default,default,adversarial_explanation_flood,rate_limited,3,5000,0.0,0.01436224434189214,0.7444962800000042,0.37008155696680983,0.36162225042685964,0.3857111209570219,7444.111872208506,0.281947222222223,0.0,0.0,0.0,2.8141520000000417,0.8062984353950176,0.0,0.0,12.1878,44.9826,calibrated:/Users/let/Documents/DO_A_PAPER_May_18/Papers/Paper_xAI_in_Cyber_2/6_Analysis_Results/xai_surfacebench/data/kddcup99_sa_score_stream.csv
calibrated_anchor,default,default,adversarial_explanation_flood,fifo_explanation,3,5000,0.0,0.016301798166480985,0.8372229999999956,0.8790236360346728,0.7524944718319985,0.8681464545947472,369.3278604704805,2.523649999999878,0.0,0.0,0.0,10.6884,0.8071030381932831,0.0,0.6044,12.1594,44.8578,calibrated:/Users/let/Documents/DO_A_PAPER_May_18/Papers/Paper_xAI_in_Cyber_2/6_Analysis_Results/xai_surfacebench/data/kddcup99_sa_score_stream.csv
calibrated_anchor,default,default,adversarial_explanation_flood,static_coarse_full,3,5000,0.0,0.013036401443913076,0.6776081600000018,0.04064752344907054,0.17140543869763825,0.023022873128188237,10993.079954997413,0.03366944444444566,0.0,0.0,0.0,0.31427199999998284,0.8004405553901353,0.0,0.0,12.154,45.0038,calibrated:/Users/let/Documents/DO_A_PAPER_May_18/Papers/Paper_xAI_in_Cyber_2/6_Analysis_Results/xai_surfacebench/data/kddcup99_sa_score_stream.csv
calibrated_anchor,default,default,adversarial_explanation_flood,static_offload,3,5000,0.0,0.015419058058119143,0.8014520800000033,0.04142970179516375,0.17255718292214559,0.024641214578903045,10932.839830529885,0.036005555555556866,0.0018462654336251093,0.0,0.0,0.30379999999998347,0.7958418813666164,0.0,0.0,12.1326,45.0396,calibrated:/Users/let/Documents/DO_A_PAPER_May_18/Papers/Paper_xAI_in_Cyber_2/6_Analysis_Results/xai_surfacebench/data/kddcup99_sa_score_stream.csv
calibrated_anchor,default,default,adversarial_explanation_flood,budget_only_bexgov,3,5000,0.0,0.013525441332649052,0.7030284400000013,0.041973509933775084,0.17664488332263775,0.023796357615894017,10834.131329148533,0.03471666666666782,0.0,0.0,0.0,0.3228959999999821,0.7950146736505803,0.0,0.0,12.08,44.865,calibrated:/Users/let/Documents/DO_A_PAPER_May_18/Papers/Paper_xAI_in_Cyber_2/6_Analysis_Results/xai_surfacebench/data/kddcup99_sa_score_stream.csv
calibrated_anchor,default,default,adversarial_explanation_flood,xai_gate,3,5000,0.0,0.018231545501928795,0.9397649000000009,0.6813573274939734,0.79035714067926,0.6653804106228555,864.7771907055503,0.9467338888889281,0.04053542321813722,0.3720631575481173,0.5009796335018193,6.730111999999862,0.800278917704454,0.001,0.0,12.1474,44.9834,calibrated:/Users/let/Documents/DO_A_PAPER_May_18/Papers/Paper_xAI_in_Cyber_2/6_Analysis_Results/xai_surfacebench/data/kddcup99_sa_score_stream.csv
calibrated_anchor,default,default,transient_overload,never_explain,3,5000,0.2451736902050114,1.0229384615384765,53.1928,0.0,0.0,0.0,8110.510151380923,0.0,0.0,0.0,0.0,0.0,0.20031321184510564,0.0,0.0,10.1172,56.192,calibrated:/Users/let/Documents/DO_A_PAPER_May_18/Papers/Paper_xAI_in_Cyber_2/6_Analysis_Results/xai_surfacebench/data/kddcup99_sa_score_stream.csv
calibrated_anchor,default,default,transient_overload,always_explain,3,5000,0.25109980112482083,1.0519613801022767,53.26692600000003,1.0,1.0,0.849999999999981,0.0,2.3698944444443915,0.0,0.0,0.0,10.0372,0.192443218403912,0.1998,0.5214,10.0372,56.1156,calibrated:/Users/let/Documents/DO_A_PAPER_May_18/Papers/Paper_xAI_in_Cyber_2/6_Analysis_Results/xai_surfacebench/data/kddcup99_sa_score_stream.csv
calibrated_anchor,default,default,transient_overload,threshold_explain,3,5000,0.24392471562711748,1.0292612559622545,53.492117239999885,0.030138698732068057,0.13248517279955557,0.01698910649443421,7672.665562991613,0.020216666666667205,0.0,0.0,0.0,0.19219199999999367,0.19954300403441594,0.0,0.0,10.0794,56.018,calibrated:/Users/let/Documents/DO_A_PAPER_May_18/Papers/Paper_xAI_in_Cyber_2/6_Analysis_Results/xai_surfacebench/data/kddcup99_sa_score_stream.csv
calibrated_anchor,default,default,transient_overload,rate_limited,3,5000,0.2462343551526711,1.0284842562917886,53.322484600000024,0.3046226807390008,0.3036748871105661,0.49352686085424036,8214.871377387106,0.1913527777777746,0.0,0.0,0.0,1.917520000000052,0.1958956726010308,0.0,0.0,10.1002,56.3048,calibrated:/Users/let/Documents/DO_A_PAPER_May_18/Papers/Paper_xAI_in_Cyber_2/6_Analysis_Results/xai_surfacebench/data/kddcup99_sa_score_stream.csv
calibrated_anchor,default,default,transient_overload,fifo_explanation,3,5000,0.24914112610755462,1.0414219869643644,53.47146000000001,0.7196090769654304,0.6311162449021677,0.892058638455176,5711.123185177857,1.7280972222222337,0.0,0.0,0.0,7.319,0.2054195762756048,0.0,0.4486,10.1708,56.2504,calibrated:/Users/let/Documents/DO_A_PAPER_May_18/Papers/Paper_xAI_in_Cyber_2/6_Analysis_Results/xai_surfacebench/data/kddcup99_sa_score_stream.csv
calibrated_anchor,default,default,transient_overload,static_coarse_full,3,5000,0.24502566557409447,1.0221970645195733,53.123766519999876,0.03039258065783852,0.13296274863386853,0.017127755727590694,7753.94044892704,0.020561111111111658,0.0,0.0,0.0,0.19566399999999373,0.20488117263673922,0.0,0.0,10.1788,56.3198,calibrated:/Users/let/Documents/DO_A_PAPER_May_18/Papers/Paper_xAI_in_Cyber_2/6_Analysis_Results/xai_surfacebench/data/kddcup99_sa_score_stream.csv
calibrated_anchor,default,default,transient_overload,static_offload,3,5000,0.24638647786979928,1.023748413951691,53.20641271999993,0.03054246445684608,0.13591507881048895,0.017991836412754127,7716.879515714645,0.021744444444444934,0.0011634097765858852,0.0,0.0,0.1880319999999939,0.20433401608929236,0.0,0.0,10.1426,56.145,calibrated:/Users/let/Documents/DO_A_PAPER_May_18/Papers/Paper_xAI_in_Cyber_2/6_Analysis_Results/xai_surfacebench/data/kddcup99_sa_score_stream.csv
calibrated_anchor,default,default,transient_overload,budget_only_bexgov,3,5000,0.24313142479598374,1.0261279016383962,53.33093659999985,0.029527866098746816,0.13102718160660234,0.01665166876637272,7508.935315820411,0.019694444444444896,0.0,0.0,0.0,0.18692799999999404,0.19062159604292517,0.0,0.0,10.0014,56.001,calibrated:/Users/let/Documents/DO_A_PAPER_May_18/Papers/Paper_xAI_in_Cyber_2/6_Analysis_Results/xai_surfacebench/data/kddcup99_sa_score_stream.csv
calibrated_anchor,default,default,transient_overload,xai_gate,3,5000,0.24762736101367147,1.0371688356557125,53.38257666,0.6760692207741422,0.7269018369478849,0.7684734417451144,973.9357328406817,0.9640722222223238,0.24162302634169391,0.15054927747371738,0.5930621726975627,4.151795999999815,0.20593112797556667,0.0096,0.0,10.1588,56.1602,calibrated:/Users/let/Documents/DO_A_PAPER_May_18/Papers/Paper_xAI_in_Cyber_2/6_Analysis_Results/xai_surfacebench/data/kddcup99_sa_score_stream.csv
calibrated_anchor,default,default,non_markovian,never_explain,3,5000,0.13641242037633286,1.226365384615399,63.771,0.0,0.0,0.0,6837.89973103323,0.0,0.0,0.0,0.0,0.0,0.1343220892566519,0.0,0.0,9.2902,54.6006,calibrated:/Users/let/Documents/DO_A_PAPER_May_18/Papers/Paper_xAI_in_Cyber_2/6_Analysis_Results/xai_surfacebench/data/kddcup99_sa_score_stream.csv
calibrated_anchor,default,default,non_markovian,always_explain,3,5000,0.13897805545421396,1.2932395382566857,66.15900899999983,1.0,1.0,0.8499999999999769,0.0,2.1723166666666076,0.0,0.0,0.0,9.2004,0.11886172929587624,0.0942,0.5346,9.2004,54.82,calibrated:/Users/let/Documents/DO_A_PAPER_May_18/Papers/Paper_xAI_in_Cyber_2/6_Analysis_Results/xai_surfacebench/data/kddcup99_sa_score_stream.csv
calibrated_anchor,default,default,non_markovian,threshold_explain,3,5000,0.13753074959723408,1.2090615792732384,62.84835879999987,0.029486413854882806,0.1341660907801872,0.016670221388047617,6651.969291116885,0.018672222222222343,0.0,0.0,0.0,0.1755199999999933,0.13163055349395747,0.0,0.0,9.3772,55.243,calibrated:/Users/let/Documents/DO_A_PAPER_May_18/Papers/Paper_xAI_in_Cyber_2/6_Analysis_Results/xai_surfacebench/data/kddcup99_sa_score_stream.csv
calibrated_anchor,default,default,non_markovian,rate_limited,3,5000,0.13837828958633075,1.3229373213724802,68.6092911999999,0.3641033100594854,0.34238241865524927,0.39453387638996645,3701.4939027903147,0.21005555555555086,0.0,0.0,0.0,2.105768000000022,0.12701506402666785,0.0,0.0,9.2808,54.899,calibrated:/Users/let/Documents/DO_A_PAPER_May_18/Papers/Paper_xAI_in_Cyber_2/6_Analysis_Results/xai_surfacebench/data/kddcup99_sa_score_stream.csv
calibrated_anchor,default,default,non_markovian,fifo_explanation,3,5000,0.14276458443678286,1.2928899181058544,66.53696999999987,0.8207979626485569,0.7522953620476482,0.8768803056026913,159.20955071971738,1.8263666666666505,0.0,0.0,0.0,7.7352,0.13185294078790366,0.0,0.4584,9.424,55.5078,calibrated:/Users/let/Documents/DO_A_PAPER_May_18/Papers/Paper_xAI_in_Cyber_2/6_Analysis_Results/xai_surfacebench/data/kddcup99_sa_score_stream.csv
calibrated_anchor,default,default,non_markovian,static_coarse_full,3,5000,0.13415313916702018,1.286370064546371,66.8686797999998,0.02931629242372378,0.13234592735962317,0.0165581076448406,6458.6341205556655,0.018391666666666657,0.0,0.0,0.0,0.17351999999999307,0.1275513470484264,0.0,0.0,9.3344,55.1898,calibrated:/Users/let/Documents/DO_A_PAPER_May_18/Papers/Paper_xAI_in_Cyber_2/6_Analysis_Results/xai_surfacebench/data/kddcup99_sa_score_stream.csv
calibrated_anchor,default,default,non_markovian,static_offload,3,5000,0.13701859823239657,1.2411325222024467,64.51702731999981,0.029648819804261022,0.12546597791065625,0.017109533252308153,6675.503517927304,0.018677777777777797,0.0007249621527111453,0.0,0.0,0.17031999999999317,0.1324978267168997,0.0,0.0,9.3798,55.216,calibrated:/Users/let/Documents/DO_A_PAPER_May_18/Papers/Paper_xAI_in_Cyber_2/6_Analysis_Results/xai_surfacebench/data/kddcup99_sa_score_stream.csv
calibrated_anchor,default,default,non_markovian,budget_only_bexgov,3,5000,0.13709975589265067,1.2504689042780215,65.00268747999988,0.029297298446235447,0.12868727007868952,0.01650158352286013,6688.817033657229,0.018272222222222276,0.0,0.0,0.0,0.17424799999999277,0.13092254789900637,0.0,0.0,9.4094,55.4674,calibrated:/Users/let/Documents/DO_A_PAPER_May_18/Papers/Paper_xAI_in_Cyber_2/6_Analysis_Results/xai_surfacebench/data/kddcup99_sa_score_stream.csv
calibrated_anchor,default,default,non_markovian,xai_gate,3,5000,0.13431683021696333,1.2903777642709997,66.78198646000003,0.5570190097734019,0.6187789055336074,0.5232552894425868,109.62578077489172,0.4106149999999893,0.0817312855762002,0.0,0.6227902480936527,3.4976479999998586,0.12926719521853314,0.0,0.0,9.311,54.9678,calibrated:/Users/let/Documents/DO_A_PAPER_May_18/Papers/Paper_xAI_in_Cyber_2/6_Analysis_Results/xai_surfacebench/data/kddcup99_sa_score_stream.csv
calibrated_anchor,default,default,rtt_uncertainty,never_explain,3,5000,0.0,0.015065384615384588,0.7834,0.0,0.0,0.0,3532.352867354632,0.0,0.0,0.0,0.0,0.0,0.07829951810900959,0.0,0.0,7.288,45.0586,calibrated:/Users/let/Documents/DO_A_PAPER_May_18/Papers/Paper_xAI_in_Cyber_2/6_Analysis_Results/xai_surfacebench/data/kddcup99_sa_score_stream.csv
calibrated_anchor,default,default,rtt_uncertainty,always_explain,3,5000,0.0,0.01810087401118583,0.9322449999999995,1.0,1.0,0.8499999999999799,0.0,1.7183222222221815,0.0,0.0,0.0,7.2776,0.07668431650163487,0.0,0.4204,7.2776,45.0618,calibrated:/Users/let/Documents/DO_A_PAPER_May_18/Papers/Paper_xAI_in_Cyber_2/6_Analysis_Results/xai_surfacebench/data/kddcup99_sa_score_stream.csv
calibrated_anchor,default,default,rtt_uncertainty,threshold_explain,3,5000,0.0,0.013695698872418265,0.7120516400000044,0.029046541782768904,0.12946623116282865,0.016380665986150587,3080.315386389471,0.014044444444444044,0.0,0.0,0.0,0.1332879999999944,0.07371317784679743,0.0,0.0,7.2494,45.0114,calibrated:/Users/let/Documents/DO_A_PAPER_May_18/Papers/Paper_xAI_in_Cyber_2/6_Analysis_Results/xai_surfacebench/data/kddcup99_sa_score_stream.csv
calibrated_anchor,default,default,rtt_uncertainty,rate_limited,3,5000,0.0,0.014695363679511159,0.7620836000000034,0.45050973123263427,0.39714279295144206,0.25055607043558875,1.0770555458441455,0.20522777777777212,0.0,0.0,0.0,2.0593120000000154,0.08626841365016169,0.0,0.0,7.3372,45.03,calibrated:/Users/let/Documents/DO_A_PAPER_May_18/Papers/Paper_xAI_in_Cyber_2/6_Analysis_Results/xai_surfacebench/data/kddcup99_sa_score_stream.csv
calibrated_anchor,default,default,rtt_uncertainty,fifo_explanation,3,5000,0.0,0.017268810460793562,0.8895289999999991,0.9903223160829985,0.9770116047535049,0.8514516525875345,0.0419437067006685,1.7106249999999688,0.0,0.0,0.0,7.245,0.08306648249887649,0.0,0.4122,7.3158,45.0314,calibrated:/Users/let/Documents/DO_A_PAPER_May_18/Papers/Paper_xAI_in_Cyber_2/6_Analysis_Results/xai_surfacebench/data/kddcup99_sa_score_stream.csv
calibrated_anchor,default,default,rtt_uncertainty,static_coarse_full,3,5000,0.0,0.013436337396193116,0.698578200000003,0.028532140218373525,0.1260141673841625,0.016068740935336463,3172.104409382185,0.013813888888888489,0.0,0.0,0.0,0.13179199999999458,0.0832369942196538,0.0,0.0,7.3086,44.98,calibrated:/Users/let/Documents/DO_A_PAPER_May_18/Papers/Paper_xAI_in_Cyber_2/6_Analysis_Results/xai_surfacebench/data/kddcup99_sa_score_stream.csv
calibrated_anchor,default,default,rtt_uncertainty,static_offload,3,5000,0.0,0.01615616412786873,0.8399640400000055,0.029556447180389807,0.12295286009128427,0.017147311403155608,3205.1039028474206,0.014255555555555159,0.0006045949214026602,0.0,0.0,0.13207999999999473,0.07673688477779006,0.0,0.0,7.2776,45.0596,calibrated:/Users/let/Documents/DO_A_PAPER_May_18/Papers/Paper_xAI_in_Cyber_2/6_Analysis_Results/xai_surfacebench/data/kddcup99_sa_score_stream.csv
calibrated_anchor,default,default,rtt_uncertainty,budget_only_bexgov,3,5000,0.0,0.01524268105284273,0.7924502400000035,0.029270912650930778,0.13041928424162025,0.016509844446861755,3328.5011680279754,0.014369444444444058,0.0,0.0,0.0,0.13628799999999425,0.08902284987435904,0.0,0.0,7.3544,45.0214,calibrated:/Users/let/Documents/DO_A_PAPER_May_18/Papers/Paper_xAI_in_Cyber_2/6_Analysis_Results/xai_surfacebench/data/kddcup99_sa_score_stream.csv
calibrated_anchor,default,default,rtt_uncertainty,xai_gate,3,5000,0.0,0.015565674813124196,0.8061619400000017,0.5765492256637169,0.6598343478372237,0.5377976602848359,0.274355390153147,0.199564999999994,0.008655973451327433,0.014795353982300885,0.8810564159292036,3.239775999999816,0.07159315022011259,0.0,0.0,7.232,44.9922,calibrated:/Users/let/Documents/DO_A_PAPER_May_18/Papers/Paper_xAI_in_Cyber_2/6_Analysis_Results/xai_surfacebench/data/kddcup99_sa_score_stream.csv
calibrated_anchor,default,default,adversarial_explanation_flood,never_explain,4,5000,0.0,0.014876923076923069,0.7736,0.0,0.0,0.0,11787.959401564509,0.0,0.0,0.0,0.0,0.0,0.7970973355036037,0.0,0.0,12.1558,45.0942,calibrated:/Users/let/Documents/DO_A_PAPER_May_18/Papers/Paper_xAI_in_Cyber_2/6_Analysis_Results/xai_surfacebench/data/kddcup99_sa_score_stream.csv
calibrated_anchor,default,default,adversarial_explanation_flood,always_explain,4,5000,0.0,0.02200413477114251,1.126283000000002,1.0,1.0,0.849999999999967,0.0,2.855811111111,0.0,0.0,0.0,12.0952,0.7918018458438931,0.0362,0.649,12.0952,45.002,calibrated:/Users/let/Documents/DO_A_PAPER_May_18/Papers/Paper_xAI_in_Cyber_2/6_Analysis_Results/xai_surfacebench/data/kddcup99_sa_score_stream.csv
calibrated_anchor,default,default,adversarial_explanation_flood,threshold_explain,4,5000,0.0,0.01601274533348769,0.8322982400000032,0.04198689453060704,0.17844650266214357,0.023830221607560303,11004.206124303522,0.035111111111112404,0.0,0.0,0.0,0.3252159999999823,0.7984135302948185,0.0,0.0,12.1476,45.0308,calibrated:/Users/let/Documents/DO_A_PAPER_May_18/Papers/Paper_xAI_in_Cyber_2/6_Analysis_Results/xai_surfacebench/data/kddcup99_sa_score_stream.csv
calibrated_anchor,default,default,adversarial_explanation_flood,rate_limited,4,5000,0.0,0.015635618261799517,0.8104827600000042,0.37134884180373073,0.3627625556438586,0.38363214303353527,7324.598396337797,0.28202777777777827,0.0,0.0,0.0,2.81468800000004,0.7994614147195562,0.0,0.0,12.1482,45.0068,calibrated:/Users/let/Documents/DO_A_PAPER_May_18/Papers/Paper_xAI_in_Cyber_2/6_Analysis_Results/xai_surfacebench/data/kddcup99_sa_score_stream.csv
calibrated_anchor,default,default,adversarial_explanation_flood,fifo_explanation,4,5000,0.0,0.020137181828339026,1.0343119999999906,0.8779451716473203,0.7549401476362435,0.868308224252851,406.9527440859943,2.517983333333211,0.0,0.0,0.0,10.6644,0.8031779396832801,0.0,0.6032,12.147,44.9096,calibrated:/Users/let/Documents/DO_A_PAPER_May_18/Papers/Paper_xAI_in_Cyber_2/6_Analysis_Results/xai_surfacebench/data/kddcup99_sa_score_stream.csv
calibrated_anchor,default,default,adversarial_explanation_flood,static_coarse_full,4,5000,0.0,0.014317529615014476,0.7442024400000018,0.041980134201566946,0.17921426967525456,0.023838131755528354,10886.315790557823,0.03505555555555679,0.0,0.0,0.0,0.3241039999999819,0.7984534833778472,0.0,0.0,12.1012,44.8578,calibrated:/Users/let/Documents/DO_A_PAPER_May_18/Papers/Paper_xAI_in_Cyber_2/6_Analysis_Results/xai_surfacebench/data/kddcup99_sa_score_stream.csv
calibrated_anchor,default,default,adversarial_explanation_flood,static_offload,4,5000,0.0,0.015506724718069893,0.8060153200000024,0.042048285583164445,0.17520737142867382,0.02506211892742402,11041.057055798767,0.03691666666666795,0.001934045761489543,0.0,0.0,0.309815999999983,0.8027393293651319,0.0,0.0,12.2024,45.1254,calibrated:/Users/let/Documents/DO_A_PAPER_May_18/Papers/Paper_xAI_in_Cyber_2/6_Analysis_Results/xai_surfacebench/data/kddcup99_sa_score_stream.csv
calibrated_anchor,default,default,adversarial_explanation_flood,budget_only_bexgov,4,5000,0.0,0.01631664622373029,0.8481125600000033,0.042002699233022925,0.18138245913246553,0.02388245169360411,11007.451673135454,0.03544722222222355,0.0,0.0,0.0,0.3261199999999821,0.7931362176152785,0.0,0.0,12.1516,45.1782,calibrated:/Users/let/Documents/DO_A_PAPER_May_18/Papers/Paper_xAI_in_Cyber_2/6_Analysis_Results/xai_surfacebench/data/kddcup99_sa_score_stream.csv
calibrated_anchor,default,default,adversarial_explanation_flood,xai_gate,4,5000,0.0,0.01590968854866336,0.8202356400000014,0.6814860223182952,0.7900322019431284,0.6650521800581849,874.4944429313125,0.9480850000000381,0.039459628247900475,0.3766003254063471,0.49790458034085494,6.752523999999883,0.8035634360985393,0.0006,0.0,12.1694,44.9828,calibrated:/Users/let/Documents/DO_A_PAPER_May_18/Papers/Paper_xAI_in_Cyber_2/6_Analysis_Results/xai_surfacebench/data/kddcup99_sa_score_stream.csv
calibrated_anchor,default,default,transient_overload,never_explain,4,5000,0.24501481455038732,1.0233653846153996,53.215,0.0,0.0,0.0,8008.002883748371,0.0,0.0,0.0,0.0,0.0,0.1963493140089725,0.0,0.0,10.054,56.026,calibrated:/Users/let/Documents/DO_A_PAPER_May_18/Papers/Paper_xAI_in_Cyber_2/6_Analysis_Results/xai_surfacebench/data/kddcup99_sa_score_stream.csv
calibrated_anchor,default,default,transient_overload,always_explain,4,5000,0.2511069510505489,1.0543286769531888,53.38700600000001,1.0,1.0,0.8499999999999834,0.0,2.380944444444398,0.0,0.0,0.0,10.084,0.20028757385743967,0.1978,0.5234,10.084,56.0088,calibrated:/Users/let/Documents/DO_A_PAPER_May_18/Papers/Paper_xAI_in_Cyber_2/6_Analysis_Results/xai_surfacebench/data/kddcup99_sa_score_stream.csv
calibrated_anchor,default,default,transient_overload,threshold_explain,4,5000,0.24649091477939133,1.0270529298331212,53.377646599999935,0.02970083354782567,0.1317481240197754,0.01675114340586455,7738.229936439307,0.02001944444444493,0.0,0.0,0.0,0.1899279999999943,0.1971178345836191,0.0,0.0,10.1014,56.254,calibrated:/Users/let/Documents/DO_A_PAPER_May_18/Papers/Paper_xAI_in_Cyber_2/6_Analysis_Results/xai_surfacebench/data/kddcup99_sa_score_stream.csv
calibrated_anchor,default,default,transient_overload,rate_limited,4,5000,0.24669881913612574,1.0249746890362956,53.14013415999993,0.30324582905037206,0.30482239476056894,0.49596939985767347,8322.187585811613,0.19099444444444175,0.0,0.0,0.0,1.912528000000035,0.20172081631877337,0.0,0.0,10.1176,56.1284,calibrated:/Users/let/Documents/DO_A_PAPER_May_18/Papers/Paper_xAI_in_Cyber_2/6_Analysis_Results/xai_surfacebench/data/kddcup99_sa_score_stream.csv
calibrated_anchor,default,default,transient_overload,fifo_explanation,4,5000,0.24733667579870272,1.0370763620942536,53.24609299999997,0.7174119321551418,0.6330432128905393,0.8923882101767252,5735.297535047876,1.7137416666666798,0.0,0.0,0.0,7.2582,0.20300215458813398,0.0,0.4444,10.1172,56.0664,calibrated:/Users/let/Documents/DO_A_PAPER_May_18/Papers/Paper_xAI_in_Cyber_2/6_Analysis_Results/xai_surfacebench/data/kddcup99_sa_score_stream.csv
calibrated_anchor,default,default,transient_overload,static_coarse_full,4,5000,0.24591470364335982,1.0268323985523469,53.3647326399998,0.030733313673449964,0.13296388660001168,0.017305612896883916,7742.401032207425,0.020694444444444977,0.0,0.0,0.0,0.19755999999999407,0.20627218850715479,0.0,0.0,10.173,56.2228,calibrated:/Users/let/Documents/DO_A_PAPER_May_18/Papers/Paper_xAI_in_Cyber_2/6_Analysis_Results/xai_surfacebench/data/kddcup99_sa_score_stream.csv
calibrated_anchor,default,default,transient_overload,static_offload,4,5000,0.24425270386693712,1.0250714974702797,53.274967399999944,0.03021597674096706,0.12894983251679645,0.017517651945175135,7615.529195682119,0.020727777777778292,0.0008306797729475288,0.0,0.0,0.1867599999999937,0.2000018986996277,0.0,0.0,10.1122,56.1788,calibrated:/Users/let/Documents/DO_A_PAPER_May_18/Papers/Paper_xAI_in_Cyber_2/6_Analysis_Results/xai_surfacebench/data/kddcup99_sa_score_stream.csv
calibrated_anchor,default,default,transient_overload,budget_only_bexgov,4,5000,0.24513566028378436,1.0239602039506657,53.21553571999994,0.031072782560619898,0.13616454232181688,0.017524287181107354,7702.175417997846,0.02099722222222278,0.0,0.0,0.0,0.1992319999999939,0.20460062104340215,0.0,0.0,10.1288,56.0562,calibrated:/Users/let/Documents/DO_A_PAPER_May_18/Papers/Paper_xAI_in_Cyber_2/6_Analysis_Results/xai_surfacebench/data/kddcup99_sa_score_stream.csv
calibrated_anchor,default,default,transient_overload,xai_gate,4,5000,0.24679556352780266,1.0345796964878924,53.257248419999975,0.6761837295236187,0.727486006120399,0.7689438220009379,927.4773966221526,0.9625772222223308,0.24221945580650897,0.15132293951429643,0.5914991997154544,4.134671999999812,0.20194088978823888,0.0114,0.0,10.1214,56.1392,calibrated:/Users/let/Documents/DO_A_PAPER_May_18/Papers/Paper_xAI_in_Cyber_2/6_Analysis_Results/xai_surfacebench/data/kddcup99_sa_score_stream.csv
calibrated_anchor,default,default,non_markovian,never_explain,4,5000,0.13585323015645553,1.203196153846168,62.5662,0.0,0.0,0.0,6732.799002988936,0.0,0.0,0.0,0.0,0.0,0.1277193549730442,0.0,0.0,9.2074,54.4308,calibrated:/Users/let/Documents/DO_A_PAPER_May_18/Papers/Paper_xAI_in_Cyber_2/6_Analysis_Results/xai_surfacebench/data/kddcup99_sa_score_stream.csv
calibrated_anchor,default,default,non_markovian,always_explain,4,5000,0.13815215384782456,1.2715310598910865,65.0334759999998,1.0,1.0,0.8499999999999799,0.0,2.2049944444443925,0.0,0.0,0.0,9.3388,0.12675988364166302,0.0958,0.5494,9.3388,55.2546,calibrated:/Users/let/Documents/DO_A_PAPER_May_18/Papers/Paper_xAI_in_Cyber_2/6_Analysis_Results/xai_surfacebench/data/kddcup99_sa_score_stream.csv
calibrated_anchor,default,default,non_markovian,threshold_explain,4,5000,0.13744310949963753,1.2342537166296148,64.15857875999976,0.030192910175529795,0.1395455708777018,0.017108707780781957,6521.9895952846355,0.019219444444444546,0.0,0.0,0.0,0.17910399999999282,0.12646845540246732,0.0,0.0,9.3204,55.16,calibrated:/Users/let/Documents/DO_A_PAPER_May_18/Papers/Paper_xAI_in_Cyber_2/6_Analysis_Results/xai_surfacebench/data/kddcup99_sa_score_stream.csv
calibrated_anchor,default,default,non_markovian,rate_limited,4,5000,0.13952091451847673,1.2194482636315804,63.24018775999997,0.36381495153596083,0.34170556735830915,0.39498413315199804,3815.1516826712796,0.20949166666666205,0.0,0.0,0.0,2.100360000000025,0.13531755951943336,0.0,0.0,9.2646,54.4024,calibrated:/Users/let/Documents/DO_A_PAPER_May_18/Papers/Paper_xAI_in_Cyber_2/6_Analysis_Results/xai_surfacebench/data/kddcup99_sa_score_stream.csv
calibrated_anchor,default,default,non_markovian,fifo_explanation,4,5000,0.13915554400793703,1.291657215458792,66.48171600000005,0.8270228215767634,0.762016750431099,0.8759465767634609,146.42233648463872,1.8070999999999844,0.0,0.0,0.0,7.6536,0.12097503897321471,0.0,0.4462,9.2544,55.0378,calibrated:/Users/let/Documents/DO_A_PAPER_May_18/Papers/Paper_xAI_in_Cyber_2/6_Analysis_Results/xai_surfacebench/data/kddcup99_sa_score_stream.csv
calibrated_anchor,default,default,non_markovian,static_coarse_full,4,5000,0.13391913603693117,1.2170763543061045,63.2650059999999,0.030540865901372335,0.13901948853616322,0.017283632142396508,6411.338252386525,0.01928333333333342,0.0,0.0,0.0,0.18057599999999296,0.1326184771810932,0.0,0.0,9.3036,54.7616,calibrated:/Users/let/Documents/DO_A_PAPER_May_18/Papers/Paper_xAI_in_Cyber_2/6_Analysis_Results/xai_surfacebench/data/kddcup99_sa_score_stream.csv
calibrated_anchor,default,default,non_markovian,static_offload,4,5000,0.13518401221959261,1.3197613090932887,68.60478723999974,0.029725716467619255,0.1271895424257897,0.017223648204323202,6652.48975303998,0.018988888888888996,0.0008060923612142296,0.0,0.0,0.17134399999999292,0.13216156856529304,0.0,0.0,9.4282,55.5174,calibrated:/Users/let/Documents/DO_A_PAPER_May_18/Papers/Paper_xAI_in_Cyber_2/6_Analysis_Results/xai_surfacebench/data/kddcup99_sa_score_stream.csv
calibrated_anchor,default,default,non_markovian,budget_only_bexgov,4,5000,0.13326681103226312,1.152554234580825,59.91143499999963,0.028675964927362543,0.12771758775747136,0.016165219633800406,6569.743969629846,0.017763888888888912,0.0,0.0,0.0,0.16884799999999345,0.13473309434974778,0.0,0.0,9.3064,54.676,calibrated:/Users/let/Documents/DO_A_PAPER_May_18/Papers/Paper_xAI_in_Cyber_2/6_Analysis_Results/xai_surfacebench/data/kddcup99_sa_score_stream.csv
calibrated_anchor,default,default,non_markovian,xai_gate,4,5000,0.13502204178188967,1.2463227425416412,64.49754685999991,0.5546098179007183,0.6182042479377046,0.5206590362480578,106.84717987554006,0.40158444444443375,0.07838000343583577,0.0,0.6301322796770314,3.5041519999998534,0.1281376692309466,0.0,0.0,9.3136,55.0382,calibrated:/Users/let/Documents/DO_A_PAPER_May_18/Papers/Paper_xAI_in_Cyber_2/6_Analysis_Results/xai_surfacebench/data/kddcup99_sa_score_stream.csv
calibrated_anchor,default,default,rtt_uncertainty,never_explain,4,5000,0.0,0.01578846153846153,0.821,0.0,0.0,0.0,3450.7409913565857,0.0,0.0,0.0,0.0,0.0,0.07548982969409157,0.0,0.0,7.2522,44.9544,calibrated:/Users/let/Documents/DO_A_PAPER_May_18/Papers/Paper_xAI_in_Cyber_2/6_Analysis_Results/xai_surfacebench/data/kddcup99_sa_score_stream.csv
calibrated_anchor,default,default,rtt_uncertainty,always_explain,4,5000,0.0,0.017263456448357892,0.8891370000000001,1.0,1.0,0.8499999999999845,0.0,1.724508333333302,0.0,0.0,0.0,7.3038,0.08376884108937599,0.0002,0.4198,7.3038,44.9284,calibrated:/Users/let/Documents/DO_A_PAPER_May_18/Papers/Paper_xAI_in_Cyber_2/6_Analysis_Results/xai_surfacebench/data/kddcup99_sa_score_stream.csv
calibrated_anchor,default,default,rtt_uncertainty,threshold_explain,4,5000,0.0,0.013434275953572578,0.698467280000002,0.028063279267351315,0.12422831052685591,0.01580188679245284,3104.702899073518,0.013466666666666278,0.0,0.0,0.0,0.1285679999999949,0.0778122658674969,0.0,0.0,7.2504,44.8464,calibrated:/Users/let/Documents/DO_A_PAPER_May_18/Papers/Paper_xAI_in_Cyber_2/6_Analysis_Results/xai_surfacebench/data/kddcup99_sa_score_stream.csv
calibrated_anchor,default,default,rtt_uncertainty,rate_limited,4,5000,0.0,0.01399338151507091,0.7257151600000042,0.45037969789855337,0.3927556840939501,0.2504142158893216,0.9887662746325586,0.20222499999999405,0.0,0.0,0.0,2.0315280000000113,0.07580355511588355,0.0,0.0,7.2426,44.8818,calibrated:/Users/let/Documents/DO_A_PAPER_May_18/Papers/Paper_xAI_in_Cyber_2/6_Analysis_Results/xai_surfacebench/data/kddcup99_sa_score_stream.csv
calibrated_anchor,default,default,rtt_uncertainty,fifo_explanation,4,5000,0.0,0.01759492753858602,0.9063909999999994,0.9909035945916236,0.9800109897983986,0.8513644608112418,0.045921134552139656,1.7026916666666376,0.0,0.0,0.0,7.2114,0.07917498928625255,0.0,0.4146,7.2776,44.9578,calibrated:/Users/let/Documents/DO_A_PAPER_May_18/Papers/Paper_xAI_in_Cyber_2/6_Analysis_Results/xai_surfacebench/data/kddcup99_sa_score_stream.csv
calibrated_anchor,default,default,rtt_uncertainty,static_coarse_full,4,5000,0.0,0.014338394953443656,0.7454630800000045,0.02880627557980967,0.12988012841724086,0.016260572987721704,3282.625756746165,0.014149999999999607,0.0,0.0,0.0,0.1337999999999946,0.08574255607201331,0.0,0.0,7.33,45.0076,calibrated:/Users/let/Documents/DO_A_PAPER_May_18/Papers/Paper_xAI_in_Cyber_2/6_Analysis_Results/xai_surfacebench/data/kddcup99_sa_score_stream.csv
calibrated_anchor,default,default,rtt_uncertainty,static_offload,4,5000,0.0,0.01574057694646903,0.8183713200000048,0.028048947037776155,0.12342228728295349,0.016598379653495882,3231.3007634695696,0.014055555555555169,0.000846740050804403,0.0,0.0,0.125311999999995,0.08189493405674608,0.0,0.0,7.3222,45.1196,calibrated:/Users/let/Documents/DO_A_PAPER_May_18/Papers/Paper_xAI_in_Cyber_2/6_Analysis_Results/xai_surfacebench/data/kddcup99_sa_score_stream.csv
calibrated_anchor,default,default,rtt_uncertainty,budget_only_bexgov,4,5000,0.0,0.012740499810511232,0.6623949200000024,0.028293528505393538,0.1286784879361825,0.015977878054149252,3207.8683093004634,0.01381111111111074,0.0,0.0,0.0,0.1303839999999948,0.07861860605224469,0.0,0.0,7.2688,44.9266,calibrated:/Users/let/Documents/DO_A_PAPER_May_18/Papers/Paper_xAI_in_Cyber_2/6_Analysis_Results/xai_surfacebench/data/kddcup99_sa_score_stream.csv
calibrated_anchor,default,default,rtt_uncertainty,xai_gate,4,5000,0.0,0.014912162515288204,0.7722414599999996,0.5766487277143023,0.6604736398814015,0.5388126063748576,0.2871032786371239,0.19992388888888296,0.009411050394656952,0.013026439255947453,0.8841143677209251,3.243859999999818,0.07595275001336566,0.0,0.0,7.2468,44.9016,calibrated:/Users/let/Documents/DO_A_PAPER_May_18/Papers/Paper_xAI_in_Cyber_2/6_Analysis_Results/xai_surfacebench/data/kddcup99_sa_score_stream.csv
calibrated_anchor,default,default,adversarial_explanation_flood,never_explain,5,5000,0.0,0.014288461538461538,0.743,0.0,0.0,0.0,11899.731434950085,0.0,0.0,0.0,0.0,0.0,0.8057842497621841,0.0,0.0,12.206,45.0626,calibrated:/Users/let/Documents/DO_A_PAPER_May_18/Papers/Paper_xAI_in_Cyber_2/6_Analysis_Results/xai_surfacebench/data/kddcup99_sa_score_stream.csv
calibrated_anchor,default,default,adversarial_explanation_flood,always_explain,5,5000,0.0,0.019906213569973796,1.0187020000000002,1.0,1.0,0.8499999999999635,0.0,2.8596833333332103,0.0,0.0,0.0,12.1116,0.7970746125152437,0.0368,0.6502,12.1116,44.9308,calibrated:/Users/let/Documents/DO_A_PAPER_May_18/Papers/Paper_xAI_in_Cyber_2/6_Analysis_Results/xai_surfacebench/data/kddcup99_sa_score_stream.csv
calibrated_anchor,default,default,adversarial_explanation_flood,threshold_explain,5,5000,0.0,0.015413741148342066,0.8011572800000011,0.04190005944910523,0.17739341697346012,0.023768908118105544,10913.096320645367,0.03484722222222359,0.0,0.0,0.0,0.3233839999999822,0.7954088931385384,0.0,0.0,12.1112,44.971,calibrated:/Users/let/Documents/DO_A_PAPER_May_18/Papers/Paper_xAI_in_Cyber_2/6_Analysis_Results/xai_surfacebench/data/kddcup99_sa_score_stream.csv
calibrated_anchor,default,default,adversarial_explanation_flood,rate_limited,5,5000,0.0,0.01654226082649614,0.8574809200000065,0.37276362975327726,0.3640772506128314,0.38133397233560806,7134.259168514172,0.28209999999999963,0.0,0.0,0.0,2.814864000000042,0.7925440759782045,0.0,0.0,12.1022,45.0094,calibrated:/Users/let/Documents/DO_A_PAPER_May_18/Papers/Paper_xAI_in_Cyber_2/6_Analysis_Results/xai_surfacebench/data/kddcup99_sa_score_stream.csv
calibrated_anchor,default,default,adversarial_explanation_flood,fifo_explanation,5,5000,0.0,0.02025529278912555,1.0403359999999906,0.8793080768218889,0.7509106493030868,0.8681037884766651,380.76377815046914,2.525255555555433,0.0,0.0,0.0,10.6952,0.8014031252638103,0.0,0.6048,12.1632,45.0138,calibrated:/Users/let/Documents/DO_A_PAPER_May_18/Papers/Paper_xAI_in_Cyber_2/6_Analysis_Results/xai_surfacebench/data/kddcup99_sa_score_stream.csv
calibrated_anchor,default,default,adversarial_explanation_flood,static_coarse_full,5,5000,0.0,0.01349786716530374,0.701592120000002,0.04071700727398713,0.18116367041953535,0.023203358239728165,10849.175154527587,0.03466111111111249,0.0,0.0,0.0,0.3162639999999825,0.7987458889813528,0.0,0.0,12.1254,44.9402,calibrated:/Users/let/Documents/DO_A_PAPER_May_18/Papers/Paper_xAI_in_Cyber_2/6_Analysis_Results/xai_surfacebench/data/kddcup99_sa_score_stream.csv
calibrated_anchor,default,default,adversarial_explanation_flood,static_offload,5,5000,0.0,0.013939830273973535,0.7245659600000011,0.04150632350770174,0.1728309683591542,0.02469022193789666,10971.403535669067,0.03626111111111243,0.0018535833210307892,0.0,0.0,0.3058479999999834,0.8079342342903404,0.0,0.0,12.1926,44.9596,calibrated:/Users/let/Documents/DO_A_PAPER_May_18/Papers/Paper_xAI_in_Cyber_2/6_Analysis_Results/xai_surfacebench/data/kddcup99_sa_score_stream.csv
calibrated_anchor,default,default,adversarial_explanation_flood,budget_only_bexgov,5,5000,0.0,0.014208857446113094,0.7385350800000026,0.04183412345598031,0.18253450566695045,0.02381112514558485,11010.935700358907,0.03560000000000131,0.0,0.0,0.0,0.3262799999999815,0.8071996276565725,0.0,0.0,12.1922,44.9764,calibrated:/Users/let/Documents/DO_A_PAPER_May_18/Papers/Paper_xAI_in_Cyber_2/6_Analysis_Results/xai_surfacebench/data/kddcup99_sa_score_stream.csv
calibrated_anchor,default,default,adversarial_explanation_flood,xai_gate,5,5000,0.0,0.018847758153600003,0.9718202400000018,0.6808701369142741,0.7874362229609689,0.6662278726516733,879.5328057502002,0.9478500000000465,0.04280008546868066,0.36873161190644466,0.5038214362025608,6.7152199999998805,0.8046533425878175,0.0004,0.0,12.1682,44.9512,calibrated:/Users/let/Documents/DO_A_PAPER_May_18/Papers/Paper_xAI_in_Cyber_2/6_Analysis_Results/xai_surfacebench/data/kddcup99_sa_score_stream.csv
calibrated_anchor,default,default,transient_overload,never_explain,5,5000,0.2455701807637644,1.0257230769230927,53.3376,0.0,0.0,0.0,8111.180022037533,0.0,0.0,0.0,0.0,0.0,0.20092560189120245,0.0,0.0,10.089,56.0068,calibrated:/Users/let/Documents/DO_A_PAPER_May_18/Papers/Paper_xAI_in_Cyber_2/6_Analysis_Results/xai_surfacebench/data/kddcup99_sa_score_stream.csv
calibrated_anchor,default,default,transient_overload,always_explain,5,5000,0.2513363927900032,1.0527244625105987,53.314962999999956,1.0,1.0,0.8499999999999803,0.0,2.374286111111056,0.0,0.0,0.0,10.0558,0.19569702223189367,0.1986,0.5226,10.0558,56.0666,calibrated:/Users/let/Documents/DO_A_PAPER_May_18/Papers/Paper_xAI_in_Cyber_2/6_Analysis_Results/xai_surfacebench/data/kddcup99_sa_score_stream.csv
calibrated_anchor,default,default,transient_overload,threshold_explain,5,5000,0.2443959571972064,1.0248182086801052,53.26042791999993,0.030674773956647732,0.13692837157435955,0.017326371066450835,7734.126887279424,0.020891666666667127,0.0,0.0,0.0,0.19706399999999394,0.20411673185974655,0.0,0.0,10.1308,56.0898,calibrated:/Users/let/Documents/DO_A_PAPER_May_18/Papers/Paper_xAI_in_Cyber_2/6_Analysis_Results/xai_surfacebench/data/kddcup99_sa_score_stream.csv
calibrated_anchor,default,default,transient_overload,rate_limited,5,5000,0.244349209229233,1.0278304946322334,53.28851792000006,0.3063790575086257,0.3071568168587623,0.49081090721731147,8138.622748395115,0.19254444444444205,0.0,0.0,0.0,1.9276000000000404,0.2015620163345031,0.0,0.0,10.0924,55.996,calibrated:/Users/let/Documents/DO_A_PAPER_May_18/Papers/Paper_xAI_in_Cyber_2/6_Analysis_Results/xai_surfacebench/data/kddcup99_sa_score_stream.csv
calibrated_anchor,default,default,transient_overload,fifo_explanation,5,5000,0.24700074252301443,1.0373576257721515,53.261449999999954,0.7194148936170213,0.6332538660415237,0.8920877659574387,5624.295098573,1.7116638888889086,0.0,0.0,0.0,7.2494,0.19907946186121217,0.0,0.4456,10.0768,56.0252,calibrated:/Users/let/Documents/DO_A_PAPER_May_18/Papers/Paper_xAI_in_Cyber_2/6_Analysis_Results/xai_surfacebench/data/kddcup99_sa_score_stream.csv
calibrated_anchor,default,default,transient_overload,static_coarse_full,5,5000,0.24612029597406826,1.0262411444767667,53.33464151999991,0.03067600031506052,0.13284313003881087,0.01727414146187777,7691.612908096816,0.02062777777777828,0.0,0.0,0.0,0.19688799999999354,0.20322984191971005,0.0,0.0,10.1568,56.2752,calibrated:/Users/let/Documents/DO_A_PAPER_May_18/Papers/Paper_xAI_in_Cyber_2/6_Analysis_Results/xai_surfacebench/data/kddcup99_sa_score_stream.csv
calibrated_anchor,default,default,transient_overload,static_offload,5,5000,0.24519043693910478,1.025419681441346,53.29282591999998,0.03038898851163681,0.13442681724046177,0.01785386328255858,7722.682011336893,0.021527777777778305,0.0011035135081876762,0.0,0.0,0.18743199999999405,0.2072055998620268,0.0,0.0,10.1494,56.049,calibrated:/Users/let/Documents/DO_A_PAPER_May_18/Papers/Paper_xAI_in_Cyber_2/6_Analysis_Results/xai_surfacebench/data/kddcup99_sa_score_stream.csv
calibrated_anchor,default,default,transient_overload,budget_only_bexgov,5,5000,0.24536557992393054,1.0257365286310811,53.308065079999864,0.030680516608081555,0.13605406017136523,0.01731802203878512,7695.588890445057,0.020819444444444918,0.0,0.0,0.0,0.19688799999999368,0.19996682425147227,0.0,0.0,10.1276,56.266,calibrated:/Users/let/Documents/DO_A_PAPER_May_18/Papers/Paper_xAI_in_Cyber_2/6_Analysis_Results/xai_surfacebench/data/kddcup99_sa_score_stream.csv
calibrated_anchor,default,default,transient_overload,xai_gate,5,5000,0.2496919766355304,1.0337950456893874,53.21489314,0.6768925678895067,0.7284775260118947,0.7702590519295183,912.1064254016055,0.9621655555556633,0.24335000794028902,0.152791011592822,0.5892686993806574,4.115927999999801,0.19323652616955256,0.011,0.0,10.0752,56.2906,calibrated:/Users/let/Documents/DO_A_PAPER_May_18/Papers/Paper_xAI_in_Cyber_2/6_Analysis_Results/xai_surfacebench/data/kddcup99_sa_score_stream.csv
calibrated_anchor,default,default,non_markovian,never_explain,5,5000,0.1383822971118185,1.1977423076923197,62.2826,0.0,0.0,0.0,6890.270158574268,0.0,0.0,0.0,0.0,0.0,0.13081505709195906,0.0,0.0,9.2934,54.7888,calibrated:/Users/let/Documents/DO_A_PAPER_May_18/Papers/Paper_xAI_in_Cyber_2/6_Analysis_Results/xai_surfacebench/data/kddcup99_sa_score_stream.csv
calibrated_anchor,default,default,non_markovian,always_explain,5,5000,0.1407316737675426,1.3176082855615383,67.39691800000008,1.0,1.0,0.8499999999999792,0.0,2.2211444444443904,0.0,0.0,0.0,9.4072,0.13507832682369458,0.1,0.5508,9.4072,55.2514,calibrated:/Users/let/Documents/DO_A_PAPER_May_18/Papers/Paper_xAI_in_Cyber_2/6_Analysis_Results/xai_surfacebench/data/kddcup99_sa_score_stream.csv
calibrated_anchor,default,default,non_markovian,threshold_explain,5,5000,0.14039315196252083,1.3018506455700678,67.67330035999963,0.02995300149540775,0.13444038595808647,0.016917325357829534,6628.4886752767925,0.018844444444444587,0.0,0.0,0.0,0.17780799999999303,0.12808500280756152,0.0,0.0,9.362,55.3268,calibrated:/Users/let/Documents/DO_A_PAPER_May_18/Papers/Paper_xAI_in_Cyber_2/6_Analysis_Results/xai_surfacebench/data/kddcup99_sa_score_stream.csv
calibrated_anchor,default,default,non_markovian,rate_limited,5,5000,0.13915403869188014,1.2354025918301095,64.07025092000012,0.36368008397421536,0.3426664684330587,0.3952635976093058,3840.6693764168226,0.21109166666666118,0.0,0.0,0.0,2.1159360000000147,0.12956577498699473,0.0,0.0,9.3362,55.102,calibrated:/Users/let/Documents/DO_A_PAPER_May_18/Papers/Paper_xAI_in_Cyber_2/6_Analysis_Results/xai_surfacebench/data/kddcup99_sa_score_stream.csv
calibrated_anchor,default,default,non_markovian,fifo_explanation,5,5000,0.13900618675519794,1.2874033936307492,66.25291599999986,0.8271143221419465,0.7627242061250292,0.8759328516786828,150.0218564278311,1.8380777777777573,0.0,0.0,0.0,7.7848,0.13707752230179726,0.0,0.4506,9.412,55.1824,calibrated:/Users/let/Documents/DO_A_PAPER_May_18/Papers/Paper_xAI_in_Cyber_2/6_Analysis_Results/xai_surfacebench/data/kddcup99_sa_score_stream.csv
calibrated_anchor,default,default,non_markovian,static_coarse_full,5,5000,0.13305757704407664,1.1452411604336084,59.53116771999996,0.02951537584195991,0.13592135952648793,0.01670791280208312,6475.7019352032985,0.018641666666666754,0.0,0.0,0.0,0.17438399999999335,0.1241135652487344,0.0,0.0,9.2938,55.1178,calibrated:/Users/let/Documents/DO_A_PAPER_May_18/Papers/Paper_xAI_in_Cyber_2/6_Analysis_Results/xai_surfacebench/data/kddcup99_sa_score_stream.csv
calibrated_anchor,default,default,non_markovian,static_offload,5,5000,0.13522402205303255,1.2635758521451406,65.68493491999992,0.028586384044207266,0.12479339058937902,0.01662212916594716,6412.330705100449,0.01808333333333332,0.0008418235192540149,0.0,0.0,0.16168799999999367,0.12618262788911294,0.0,0.0,9.2656,54.8496,calibrated:/Users/let/Documents/DO_A_PAPER_May_18/Papers/Paper_xAI_in_Cyber_2/6_Analysis_Results/xai_surfacebench/data/kddcup99_sa_score_stream.csv
calibrated_anchor,default,default,non_markovian,budget_only_bexgov,5,5000,0.13778998595209166,1.192707892579577,61.99914343999985,0.02982068076881863,0.13420896944334698,0.016845270052614634,6541.183735354355,0.01867777777777788,0.0,0.0,0.0,0.17612799999999307,0.12977695609240336,0.0,0.0,9.313,54.9548,calibrated:/Users/let/Documents/DO_A_PAPER_May_18/Papers/Paper_xAI_in_Cyber_2/6_Analysis_Results/xai_surfacebench/data/kddcup99_sa_score_stream.csv
calibrated_anchor,default,default,non_markovian,xai_gate,5,5000,0.13848144976691212,1.2360784298293106,63.94832702000016,0.5625369076194469,0.6261408619756259,0.5355863797608094,118.28370153649163,0.42190555555554543,0.08507339040295686,0.0,0.6505299827941458,3.5825639999998513,0.14213693658286042,0.0002,0.0,9.4154,54.9578,calibrated:/Users/let/Documents/DO_A_PAPER_May_18/Papers/Paper_xAI_in_Cyber_2/6_Analysis_Results/xai_surfacebench/data/kddcup99_sa_score_stream.csv
calibrated_anchor,default,default,rtt_uncertainty,never_explain,5,5000,0.0,0.013911538461538465,0.7234,0.0,0.0,0.0,3498.2918381325976,0.0,0.0,0.0,0.0,0.0,0.08519741189713526,0.0,0.0,7.3076,44.8926,calibrated:/Users/let/Documents/DO_A_PAPER_May_18/Papers/Paper_xAI_in_Cyber_2/6_Analysis_Results/xai_surfacebench/data/kddcup99_sa_score_stream.csv
calibrated_anchor,default,default,rtt_uncertainty,always_explain,5,5000,0.0,0.01794463692440071,0.9242440000000001,1.0,1.0,0.8499999999999825,0.0,1.7256888888888533,0.0,0.0,0.0,7.3088,0.08037954007594883,0.0004,0.4182,7.3088,45.1002,calibrated:/Users/let/Documents/DO_A_PAPER_May_18/Papers/Paper_xAI_in_Cyber_2/6_Analysis_Results/xai_surfacebench/data/kddcup99_sa_score_stream.csv
calibrated_anchor,default,default,rtt_uncertainty,threshold_explain,5,5000,0.0,0.013576709684641947,0.7058662000000049,0.029331252908489383,0.13133980316772167,0.016553064520544208,3233.41050885378,0.014344444444444087,0.0,0.0,0.0,0.13575999999999452,0.0842456270006271,0.0,0.0,7.3062,44.9234,calibrated:/Users/let/Documents/DO_A_PAPER_May_18/Papers/Paper_xAI_in_Cyber_2/6_Analysis_Results/xai_surfacebench/data/kddcup99_sa_score_stream.csv
calibrated_anchor,default,default,rtt_uncertainty,rate_limited,5,5000,0.0,0.017317175369933005,0.8980555200000052,0.4503402842053781,0.39296236088990505,0.25050634289758816,1.107623657873384,0.2051388888888839,0.0,0.0,0.0,2.0606240000000198,0.08638207324665359,0.0,0.0,7.3468,45.0842,calibrated:/Users/let/Documents/DO_A_PAPER_May_18/Papers/Paper_xAI_in_Cyber_2/6_Analysis_Results/xai_surfacebench/data/kddcup99_sa_score_stream.csv
calibrated_anchor,default,default,rtt_uncertainty,fifo_explanation,5,5000,0.0,0.017370584133022747,0.8948369999999984,0.9902265782011398,0.975442344264115,0.8514660132698112,0.04198393561514938,1.698488888888854,0.0,0.0,0.0,7.1936,0.07636620098115587,0.0,0.4092,7.2646,44.9946,calibrated:/Users/let/Documents/DO_A_PAPER_May_18/Papers/Paper_xAI_in_Cyber_2/6_Analysis_Results/xai_surfacebench/data/kddcup99_sa_score_stream.csv
calibrated_anchor,default,default,rtt_uncertainty,static_coarse_full,5,5000,0.0,0.014449630023159207,0.7512620000000056,0.028878020394591638,0.12974402736462082,0.01629627577033918,3065.4800447343355,0.013947222222221816,0.0,0.0,0.0,0.1320319999999945,0.06873258289874085,0.0,0.0,7.2176,45.0228,calibrated:/Users/let/Documents/DO_A_PAPER_May_18/Papers/Paper_xAI_in_Cyber_2/6_Analysis_Results/xai_surfacebench/data/kddcup99_sa_score_stream.csv
calibrated_anchor,default,default,rtt_uncertainty,static_offload,5,5000,0.0,0.012999233278427459,0.6758503600000036,0.027449053051279756,0.11934188195984836,0.016118500118548325,3066.8542297671497,0.013394444444444072,0.0007199025362720124,0.0,0.0,0.12128799999999526,0.07315145383259058,0.0,0.0,7.2232,44.8722,calibrated:/Users/let/Documents/DO_A_PAPER_May_18/Papers/Paper_xAI_in_Cyber_2/6_Analysis_Results/xai_surfacebench/data/kddcup99_sa_score_stream.csv
calibrated_anchor,default,default,rtt_uncertainty,budget_only_bexgov,5,5000,0.0,0.013734400499131647,0.7140468000000041,0.02840396137116024,0.12630217144596334,0.016005526222197915,3202.6482449687564,0.01379444444444407,0.0,0.0,0.0,0.13131999999999505,0.08418904569533825,0.0,0.0,7.3106,44.9528,calibrated:/Users/let/Documents/DO_A_PAPER_May_18/Papers/Paper_xAI_in_Cyber_2/6_Analysis_Results/xai_surfacebench/data/kddcup99_sa_score_stream.csv
calibrated_anchor,default,default,rtt_uncertainty,xai_gate,5,5000,0.0,0.01553441985911459,0.8044691400000004,0.5767747346422479,0.6591903610958485,0.5389916078325246,0.26910698522317067,0.20113666666666072,0.009459385139965902,0.013776604520706155,0.8833525820821646,3.2564999999998197,0.07649681189279312,0.0,0.0,7.2732,45.0424,calibrated:/Users/let/Documents/DO_A_PAPER_May_18/Papers/Paper_xAI_in_Cyber_2/6_Analysis_Results/xai_surfacebench/data/kddcup99_sa_score_stream.csv
calibrated_anchor,default,default,adversarial_explanation_flood,never_explain,6,5000,0.0,0.014123076923076922,0.7344,0.0,0.0,0.0,11812.89637376932,0.0,0.0,0.0,0.0,0.0,0.8117086847199655,0.0,0.0,12.213,44.941,calibrated:/Users/let/Documents/DO_A_PAPER_May_18/Papers/Paper_xAI_in_Cyber_2/6_Analysis_Results/xai_surfacebench/data/kddcup99_sa_score_stream.csv
calibrated_anchor,default,default,adversarial_explanation_flood,always_explain,6,5000,0.0,0.020029528214850593,1.0250820000000005,1.0,1.0,0.8499999999999659,0.0,2.8606749999998855,0.0,0.0,0.0,12.1158,0.7977778173465597,0.0376,0.6508,12.1158,44.9288,calibrated:/Users/let/Documents/DO_A_PAPER_May_18/Papers/Paper_xAI_in_Cyber_2/6_Analysis_Results/xai_surfacebench/data/kddcup99_sa_score_stream.csv
calibrated_anchor,default,default,adversarial_explanation_flood,threshold_explain,6,5000,0.0,0.01575070890919078,0.818669880000002,0.041539919255170484,0.17429510172554125,0.023533822196588908,11009.693502607697,0.034400000000001284,0.0,0.0,0.0,0.32080799999998233,0.7962777962777985,0.0,0.0,12.137,45.045,calibrated:/Users/let/Documents/DO_A_PAPER_May_18/Papers/Paper_xAI_in_Cyber_2/6_Analysis_Results/xai_surfacebench/data/kddcup99_sa_score_stream.csv
calibrated_anchor,default,default,adversarial_explanation_flood,rate_limited,6,5000,0.0,0.013831003262080106,0.7169160000000027,0.3717027307635326,0.36239224358527244,0.38299494058900097,7296.2746961610155,0.2819388888888886,0.0,0.0,0.0,2.8143440000000357,0.8017961840368566,0.0,0.0,12.1358,44.9026,calibrated:/Users/let/Documents/DO_A_PAPER_May_18/Papers/Paper_xAI_in_Cyber_2/6_Analysis_Results/xai_surfacebench/data/kddcup99_sa_score_stream.csv
calibrated_anchor,default,default,adversarial_explanation_flood,fifo_explanation,6,5000,0.0,0.018854061375933633,0.9683479999999918,0.8794110429447852,0.7484919891922948,0.8680883435582284,287.180408626717,2.5383833333332033,0.0,0.0,0.0,10.7508,0.8094544550322744,0.0,0.604,12.225,45.0412,calibrated:/Users/let/Documents/DO_A_PAPER_May_18/Papers/Paper_xAI_in_Cyber_2/6_Analysis_Results/xai_surfacebench/data/kddcup99_sa_score_stream.csv
calibrated_anchor,default,default,adversarial_explanation_flood,static_coarse_full,6,5000,0.0,0.015775859171302618,0.8199935200000024,0.041821598101266004,0.17749714643076195,0.02372923259493668,10915.22354228111,0.03488333333333452,0.0,0.0,0.0,0.32347199999998216,0.7938062948196511,0.0,0.0,12.1344,45.0974,calibrated:/Users/let/Documents/DO_A_PAPER_May_18/Papers/Paper_xAI_in_Cyber_2/6_Analysis_Results/xai_surfacebench/data/kddcup99_sa_score_stream.csv
calibrated_anchor,default,default,adversarial_explanation_flood,static_offload,6,5000,0.0,0.014270225034495647,0.7417593200000011,0.04206672293104335,0.17397774216272974,0.02500140660940932,10833.295528522705,0.03636111111111238,0.001853414751195618,0.0,0.0,0.30738399999998317,0.7937894614980383,0.0,0.0,12.0858,44.9172,calibrated:/Users/let/Documents/DO_A_PAPER_May_18/Papers/Paper_xAI_in_Cyber_2/6_Analysis_Results/xai_surfacebench/data/kddcup99_sa_score_stream.csv
calibrated_anchor,default,default,adversarial_explanation_flood,budget_only_bexgov,6,5000,0.0,0.014419222719113597,0.7494684000000023,0.04089932071013703,0.17774920462226104,0.023248449447051473,11054.59394254711,0.034575000000001306,0.0,0.0,0.0,0.3184319999999826,0.8032748081213339,0.0,0.0,12.1892,45.0632,calibrated:/Users/let/Documents/DO_A_PAPER_May_18/Papers/Paper_xAI_in_Cyber_2/6_Analysis_Results/xai_surfacebench/data/kddcup99_sa_score_stream.csv
calibrated_anchor,default,default,adversarial_explanation_flood,xai_gate,6,5000,0.0,0.017108377526392722,0.881859700000001,0.6818053954346535,0.7919381412868112,0.6640058961098894,864.0339002121972,0.9459077777778206,0.03758358312197371,0.3736783161500708,0.4995388517408347,6.76011199999991,0.7986601436427931,0.0008,0.0,12.1436,45.0098,calibrated:/Users/let/Documents/DO_A_PAPER_May_18/Papers/Paper_xAI_in_Cyber_2/6_Analysis_Results/xai_surfacebench/data/kddcup99_sa_score_stream.csv
calibrated_anchor,default,default,transient_overload,never_explain,6,5000,0.2472272943650664,1.0243692307692467,53.2672,0.0,0.0,0.0,8170.6745584270075,0.0,0.0,0.0,0.0,0.0,0.20080712199904505,0.0,0.0,10.1406,56.2988,calibrated:/Users/let/Documents/DO_A_PAPER_May_18/Papers/Paper_xAI_in_Cyber_2/6_Analysis_Results/xai_surfacebench/data/kddcup99_sa_score_stream.csv
calibrated_anchor,default,default,transient_overload,always_explain,6,5000,0.25049093623221513,1.0529821962111765,53.31461500000001,1.0,1.0,0.8499999999999847,0.0,2.388924999999957,0.0,0.0,0.0,10.1178,0.20443117536140964,0.199,0.5262,10.1178,56.0032,calibrated:/Users/let/Documents/DO_A_PAPER_May_18/Papers/Paper_xAI_in_Cyber_2/6_Analysis_Results/xai_surfacebench/data/kddcup99_sa_score_stream.csv
calibrated_anchor,default,default,transient_overload,threshold_explain,6,5000,0.24521013546771428,1.0249725840084798,53.268439119999975,0.030603456790124113,0.132710383714698,0.017234567901234583,7684.98520039538,0.02052222222222269,0.0,0.0,0.0,0.1958239999999939,0.2038008003937759,0.0,0.0,10.125,56.0724,calibrated:/Users/let/Documents/DO_A_PAPER_May_18/Papers/Paper_xAI_in_Cyber_2/6_Analysis_Results/xai_surfacebench/data/kddcup99_sa_score_stream.csv
calibrated_anchor,default,default,transient_overload,rate_limited,6,5000,0.24615759501580092,1.0274288613875604,53.267305759999985,0.30515131618218094,0.30404210966951895,0.4926819077180203,8144.041204322515,0.19080555555555329,0.0,0.0,0.0,1.9117280000000374,0.19627970080511248,0.0,0.0,10.0518,56.017,calibrated:/Users/let/Documents/DO_A_PAPER_May_18/Papers/Paper_xAI_in_Cyber_2/6_Analysis_Results/xai_surfacebench/data/kddcup99_sa_score_stream.csv
calibrated_anchor,default,default,transient_overload,fifo_explanation,6,5000,0.2471063256347244,1.0362670785068666,53.20537799999999,0.7172367352597493,0.6297423275516469,0.8924144897110242,5714.434578147864,1.7101055555555746,0.0,0.0,0.0,7.2428,0.19843013271716003,0.0,0.444,10.0982,56.1746,calibrated:/Users/let/Documents/DO_A_PAPER_May_18/Papers/Paper_xAI_in_Cyber_2/6_Analysis_Results/xai_surfacebench/data/kddcup99_sa_score_stream.csv
calibrated_anchor,default,default,transient_overload,static_coarse_full,6,5000,0.2450129702398335,1.0233457004283888,53.1835621199999,0.031051109922969472,0.14329738456700492,0.017606289233450187,7646.721211681738,0.021486111111111584,0.0,0.0,0.0,0.19974399999999373,0.20046212764136695,0.0,0.0,10.0998,56.0884,calibrated:/Users/let/Documents/DO_A_PAPER_May_18/Papers/Paper_xAI_in_Cyber_2/6_Analysis_Results/xai_surfacebench/data/kddcup99_sa_score_stream.csv
calibrated_anchor,default,default,transient_overload,static_offload,6,5000,0.24458047202809458,1.024456691452872,53.24310071999988,0.030809960214564933,0.13415610884784596,0.01802240652401971,7633.024527905603,0.02152777777777828,0.0010292749549692206,0.0,0.0,0.18954399999999386,0.19968464970709188,0.0,0.0,10.1042,56.1492,calibrated:/Users/let/Documents/DO_A_PAPER_May_18/Papers/Paper_xAI_in_Cyber_2/6_Analysis_Results/xai_surfacebench/data/kddcup99_sa_score_stream.csv
calibrated_anchor,default,default,transient_overload,budget_only_bexgov,6,5000,0.24585669593147538,1.0240536714967812,53.22020367999992,0.031081161137441405,0.13752762937762564,0.017546406003159574,7632.826335461754,0.02110555555555611,0.0,0.0,0.0,0.19949599999999384,0.20485367594575576,0.0,0.0,10.128,56.04,calibrated:/Users/let/Documents/DO_A_PAPER_May_18/Papers/Paper_xAI_in_Cyber_2/6_Analysis_Results/xai_surfacebench/data/kddcup99_sa_score_stream.csv
calibrated_anchor,default,default,transient_overload,xai_gate,6,5000,0.24781445009910547,1.0321649153589734,53.12859987999996,0.6760322281612153,0.7275528950932307,0.7686242874894208,937.5180050688011,0.9632566666667715,0.24179010275931442,0.15143685528885031,0.5920001577878148,4.143763999999815,0.20714511050397655,0.011,0.0,10.1402,56.001,calibrated:/Users/let/Documents/DO_A_PAPER_May_18/Papers/Paper_xAI_in_Cyber_2/6_Analysis_Results/xai_surfacebench/data/kddcup99_sa_score_stream.csv
calibrated_anchor,default,default,non_markovian,never_explain,6,5000,0.13529262547562965,1.2799961538461633,66.5598,0.0,0.0,0.0,7149.3284796247435,0.0,0.0,0.0,0.0,0.0,0.13878118016548746,0.0,0.0,9.4274,55.19,calibrated:/Users/let/Documents/DO_A_PAPER_May_18/Papers/Paper_xAI_in_Cyber_2/6_Analysis_Results/xai_surfacebench/data/kddcup99_sa_score_stream.csv
calibrated_anchor,default,default,non_markovian,always_explain,6,5000,0.13987170854962597,1.3241341760194805,67.73517399999993,1.0,1.0,0.8499999999999781,0.0,2.2117944444443878,0.0,0.0,0.0,9.3676,0.13034517543542146,0.0972,0.5424,9.3676,55.2492,calibrated:/Users/let/Documents/DO_A_PAPER_May_18/Papers/Paper_xAI_in_Cyber_2/6_Analysis_Results/xai_surfacebench/data/kddcup99_sa_score_stream.csv
calibrated_anchor,default,default,non_markovian,threshold_explain,6,5000,0.1384310178529183,1.2353168983837335,64.21465288,0.029338878500656387,0.13444755641184,0.01659681475272424,6441.493546389664,0.01849166666666672,0.0,0.0,0.0,0.17342399999999297,0.12897413965677207,0.0,0.0,9.3054,54.949,calibrated:/Users/let/Documents/DO_A_PAPER_May_18/Papers/Paper_xAI_in_Cyber_2/6_Analysis_Results/xai_surfacebench/data/kddcup99_sa_score_stream.csv
calibrated_anchor,default,default,non_markovian,rate_limited,6,5000,0.135559820071328,1.1820026809150943,61.29789751999995,0.3665281803542733,0.3426790751397252,0.39038969404186796,3725.336906464842,0.21211388888888388,0.0,0.0,0.0,2.127344000000023,0.13460301683816733,0.0,0.0,9.315,54.7328,calibrated:/Users/let/Documents/DO_A_PAPER_May_18/Papers/Paper_xAI_in_Cyber_2/6_Analysis_Results/xai_surfacebench/data/kddcup99_sa_score_stream.csv
calibrated_anchor,default,default,non_markovian,fifo_explanation,6,5000,0.13876474011566645,1.2704177290711736,65.37763799999989,0.8246817478066403,0.7522123396934904,0.8762977378289823,151.5290581541567,1.8110194444444365,0.0,0.0,0.0,7.6702,0.12765673686635326,0.0,0.4464,9.3008,54.986,calibrated:/Users/let/Documents/DO_A_PAPER_May_18/Papers/Paper_xAI_in_Cyber_2/6_Analysis_Results/xai_surfacebench/data/kddcup99_sa_score_stream.csv
calibrated_anchor,default,default,non_markovian,static_coarse_full,6,5000,0.13824980068501042,1.2597354454667216,65.48422279999969,0.02933752602728166,0.12532970395258394,0.016480049292482906,6663.826448683754,0.018058333333333367,0.0,0.0,0.0,0.1740239999999931,0.12887596899224807,0.0,0.0,9.4132,55.5904,calibrated:/Users/let/Documents/DO_A_PAPER_May_18/Papers/Paper_xAI_in_Cyber_2/6_Analysis_Results/xai_surfacebench/data/kddcup99_sa_score_stream.csv
calibrated_anchor,default,default,non_markovian,static_offload,6,5000,0.13889145348329013,1.1511867627672847,59.840423799999876,0.02977673825218026,0.13091585153024193,0.01742207101849883,6632.70024248331,0.019377777777777928,0.0009993621092919413,0.0,0.0,0.1705119999999932,0.14191505686508665,0.0,0.0,9.406,54.9136,calibrated:/Users/let/Documents/DO_A_PAPER_May_18/Papers/Paper_xAI_in_Cyber_2/6_Analysis_Results/xai_surfacebench/data/kddcup99_sa_score_stream.csv
calibrated_anchor,default,default,non_markovian,budget_only_bexgov,6,5000,0.1348814908512625,1.2123046720248398,63.018214079999886,0.029358663721938297,0.1304952257802599,0.016556596693612383,6554.583719473013,0.018263888888888972,0.0,0.0,0.0,0.17333599999999338,0.13664917956873457,0.0,0.0,9.3274,54.707,calibrated:/Users/let/Documents/DO_A_PAPER_May_18/Papers/Paper_xAI_in_Cyber_2/6_Analysis_Results/xai_surfacebench/data/kddcup99_sa_score_stream.csv
calibrated_anchor,default,default,non_markovian,xai_gate,6,5000,0.1355986558570918,1.29175360647046,66.85933285999988,0.5569690279852111,0.6188964832434463,0.5241594701642638,103.68419791670676,0.40659388888887865,0.0815531458996169,0.0,0.627513364933013,3.476051999999849,0.12384065849867842,0.0,0.0,9.2406,54.8156,calibrated:/Users/let/Documents/DO_A_PAPER_May_18/Papers/Paper_xAI_in_Cyber_2/6_Analysis_Results/xai_surfacebench/data/kddcup99_sa_score_stream.csv
calibrated_anchor,default,default,rtt_uncertainty,never_explain,6,5000,0.0,0.0157346153846154,0.8182,0.0,0.0,0.0,3541.264898411471,0.0,0.0,0.0,0.0,0.0,0.08071528419456375,0.0,0.0,7.2982,45.0208,calibrated:/Users/let/Documents/DO_A_PAPER_May_18/Papers/Paper_xAI_in_Cyber_2/6_Analysis_Results/xai_surfacebench/data/kddcup99_sa_score_stream.csv
calibrated_anchor,default,default,rtt_uncertainty,always_explain,6,5000,0.0,0.016851317797566233,0.8678210000000008,1.0,1.0,0.8499999999999801,0.0,1.7328666666666261,0.0,0.0,0.0,7.3392,0.0888423039091335,0.0,0.426,7.3392,44.9358,calibrated:/Users/let/Documents/DO_A_PAPER_May_18/Papers/Paper_xAI_in_Cyber_2/6_Analysis_Results/xai_surfacebench/data/kddcup99_sa_score_stream.csv
calibrated_anchor,default,default,rtt_uncertainty,threshold_explain,6,5000,0.0,0.014927344532665372,0.776073600000004,0.028487930566857132,0.12890765891853376,0.016082180634662338,3248.580741273744,0.014083333333332934,0.0,0.0,0.0,0.13312799999999456,0.0905347968446355,0.0,0.0,7.374,45.0788,calibrated:/Users/let/Documents/DO_A_PAPER_May_18/Papers/Paper_xAI_in_Cyber_2/6_Analysis_Results/xai_surfacebench/data/kddcup99_sa_score_stream.csv
calibrated_anchor,default,default,rtt_uncertainty,rate_limited,6,5000,0.0,0.01369272832234455,0.7100895600000032,0.4503938634423211,0.3932712202793391,0.25042966920979437,0.981404098686608,0.2027888888888819,0.0,0.0,0.0,2.0369360000000034,0.0778803991247976,0.0,0.0,7.2614,44.9116,calibrated:/Users/let/Documents/DO_A_PAPER_May_18/Papers/Paper_xAI_in_Cyber_2/6_Analysis_Results/xai_surfacebench/data/kddcup99_sa_score_stream.csv
calibrated_anchor,default,default,rtt_uncertainty,fifo_explanation,6,5000,0.0,0.017807654664324997,0.9174619999999988,0.9922427498492408,0.9796709318101834,0.8511635875226015,0.03459943158645609,1.7093972222221978,0.0,0.0,0.0,7.2398,0.08113554497594233,0.0,0.4154,7.2964,44.9922,calibrated:/Users/let/Documents/DO_A_PAPER_May_18/Papers/Paper_xAI_in_Cyber_2/6_Analysis_Results/xai_surfacebench/data/kddcup99_sa_score_stream.csv
calibrated_anchor,default,default,rtt_uncertainty,static_coarse_full,6,5000,0.0,0.015034949005282246,0.7816828800000041,0.028841543156059916,0.1280451960442031,0.01625572144725371,3261.014443198498,0.014080555555555157,0.0,0.0,0.0,0.1339279999999945,0.08729396987901517,0.0,0.0,7.3408,45.0096,calibrated:/Users/let/Documents/DO_A_PAPER_May_18/Papers/Paper_xAI_in_Cyber_2/6_Analysis_Results/xai_surfacebench/data/kddcup99_sa_score_stream.csv
calibrated_anchor,default,default,rtt_uncertainty,static_offload,6,5000,0.0,0.012673087634035296,0.6588915200000034,0.02791117431493798,0.12045716210756532,0.01635377895776821,3252.9970850690365,0.013755555555555169,0.0007110430454520593,0.0,0.0,0.12492799999999506,0.08640654826897043,0.0,0.0,7.3132,44.877,calibrated:/Users/let/Documents/DO_A_PAPER_May_18/Papers/Paper_xAI_in_Cyber_2/6_Analysis_Results/xai_surfacebench/data/kddcup99_sa_score_stream.csv
calibrated_anchor,default,default,rtt_uncertainty,budget_only_bexgov,6,5000,0.0,0.013416014291423492,0.6975271200000036,0.02937421400842104,0.13016485480892023,0.016560500847503972,3245.362996583563,0.01431111111111073,0.0,0.0,0.0,0.13597599999999455,0.0865258086267382,0.0,0.0,7.3156,44.8868,calibrated:/Users/let/Documents/DO_A_PAPER_May_18/Papers/Paper_xAI_in_Cyber_2/6_Analysis_Results/xai_surfacebench/data/kddcup99_sa_score_stream.csv
calibrated_anchor,default,default,rtt_uncertainty,xai_gate,6,5000,0.0,0.016408558601477184,0.8497472600000002,0.5766539705157012,0.6613877466667937,0.5394982549898785,0.28189834329120084,0.20258111111110474,0.010385268811311448,0.013837891160190716,0.881980599550611,3.2619119999998145,0.07755858896339451,0.0,0.0,7.2988,45.1564,calibrated:/Users/let/Documents/DO_A_PAPER_May_18/Papers/Paper_xAI_in_Cyber_2/6_Analysis_Results/xai_surfacebench/data/kddcup99_sa_score_stream.csv
calibrated_anchor,default,default,adversarial_explanation_flood,never_explain,7,5000,0.0,0.014165384615384621,0.7366,0.0,0.0,0.0,11612.704400074352,0.0,0.0,0.0,0.0,0.0,0.7985605110274825,0.0,0.0,12.1296,44.9604,calibrated:/Users/let/Documents/DO_A_PAPER_May_18/Papers/Paper_xAI_in_Cyber_2/6_Analysis_Results/xai_surfacebench/data/kddcup99_sa_score_stream.csv
calibrated_anchor,default,default,adversarial_explanation_flood,always_explain,7,5000,0.0,0.021360465000437198,1.0928090000000008,1.0,1.0,0.8499999999999641,0.0,2.8762583333332117,0.0,0.0,0.0,12.1818,0.8058989913365284,0.0454,0.6522,12.1818,44.9704,calibrated:/Users/let/Documents/DO_A_PAPER_May_18/Papers/Paper_xAI_in_Cyber_2/6_Analysis_Results/xai_surfacebench/data/kddcup99_sa_score_stream.csv
calibrated_anchor,default,default,adversarial_explanation_flood,threshold_explain,7,5000,0.0,0.015362992501491198,0.7985343600000042,0.04115954350740669,0.18106400526366634,0.02343448546483108,11141.936863016605,0.03519444444444589,0.0,0.0,0.0,0.32219199999998216,0.8045800490666863,0.0,0.0,12.2324,45.1902,calibrated:/Users/let/Documents/DO_A_PAPER_May_18/Papers/Paper_xAI_in_Cyber_2/6_Analysis_Results/xai_surfacebench/data/kddcup99_sa_score_stream.csv
calibrated_anchor,default,default,adversarial_explanation_flood,rate_limited,7,5000,0.0,0.015454812626544643,0.8010825600000031,0.3714911341971458,0.3670543951190814,0.3837945965524615,7346.106621774296,0.2826833333333337,0.0,0.0,0.0,2.8168800000000367,0.8022693419264484,0.0,0.0,12.1478,44.9352,calibrated:/Users/let/Documents/DO_A_PAPER_May_18/Papers/Paper_xAI_in_Cyber_2/6_Analysis_Results/xai_surfacebench/data/kddcup99_sa_score_stream.csv
calibrated_anchor,default,default,adversarial_explanation_flood,fifo_explanation,7,5000,0.0,0.017419086555475954,0.8946329999999949,0.8768402566922155,0.7468013331730867,0.8684739614961159,428.5351491198794,2.5228472222220955,0.0,0.0,0.0,10.685,0.8067892860055301,0.0,0.6028,12.1858,44.963,calibrated:/Users/let/Documents/DO_A_PAPER_May_18/Papers/Paper_xAI_in_Cyber_2/6_Analysis_Results/xai_surfacebench/data/kddcup99_sa_score_stream.csv
calibrated_anchor,default,default,adversarial_explanation_flood,static_coarse_full,7,5000,0.0,0.013603446642780185,0.7070798800000019,0.04173166926677097,0.17946481498494263,0.023711306346990698,10956.675194300944,0.03517500000000134,0.0,0.0,0.0,0.32447999999998184,0.8043604513345655,0.0,0.0,12.179,44.9984,calibrated:/Users/let/Documents/DO_A_PAPER_May_18/Papers/Paper_xAI_in_Cyber_2/6_Analysis_Results/xai_surfacebench/data/kddcup99_sa_score_stream.csv
calibrated_anchor,default,default,adversarial_explanation_flood,static_offload,7,5000,0.0,0.01357940716040767,0.7058493200000017,0.04138374952549174,0.17145061889332072,0.024559573519945803,10876.13108024538,0.03575555555555695,0.0017825017742494511,0.0,0.0,0.30339199999998334,0.7979065126595903,0.0,0.0,12.1178,44.933,calibrated:/Users/let/Documents/DO_A_PAPER_May_18/Papers/Paper_xAI_in_Cyber_2/6_Analysis_Results/xai_surfacebench/data/kddcup99_sa_score_stream.csv
calibrated_anchor,default,default,adversarial_explanation_flood,budget_only_bexgov,7,5000,0.0,0.01572942527680542,0.8175657600000019,0.04186595420347832,0.1793459319723446,0.023780098018325143,11058.246681380362,0.035300000000001414,0.0,0.0,0.0,0.3260159999999819,0.8051628919177627,0.0,0.0,12.2018,45.0626,calibrated:/Users/let/Documents/DO_A_PAPER_May_18/Papers/Paper_xAI_in_Cyber_2/6_Analysis_Results/xai_surfacebench/data/kddcup99_sa_score_stream.csv
calibrated_anchor,default,default,adversarial_explanation_flood,xai_gate,7,5000,0.0,0.01692320926931422,0.8726441000000017,0.6806187568910972,0.7925039498000228,0.6669725344348095,876.5526485339489,0.9453194444444869,0.04276992446558165,0.38757878453766026,0.4918623595043362,6.698803999999922,0.8032285824505139,0.0004,0.0,12.1534,44.932,calibrated:/Users/let/Documents/DO_A_PAPER_May_18/Papers/Paper_xAI_in_Cyber_2/6_Analysis_Results/xai_surfacebench/data/kddcup99_sa_score_stream.csv
calibrated_anchor,default,default,transient_overload,never_explain,7,5000,0.24620475653926402,1.0264730769230923,53.3766,0.0,0.0,0.0,8222.668464546947,0.0,0.0,0.0,0.0,0.0,0.20324590618435612,0.0,0.0,10.1556,56.2678,calibrated:/Users/let/Documents/DO_A_PAPER_May_18/Papers/Paper_xAI_in_Cyber_2/6_Analysis_Results/xai_surfacebench/data/kddcup99_sa_score_stream.csv
calibrated_anchor,default,default,transient_overload,always_explain,7,5000,0.25065470500107007,1.054035370548183,53.37637200000002,1.0,1.0,0.8499999999999821,0.0,2.387838888888839,0.0,0.0,0.0,10.1132,0.20249221183800503,0.1994,0.5262,10.1132,56.068,calibrated:/Users/let/Documents/DO_A_PAPER_May_18/Papers/Paper_xAI_in_Cyber_2/6_Analysis_Results/xai_surfacebench/data/kddcup99_sa_score_stream.csv
calibrated_anchor,default,default,transient_overload,threshold_explain,7,5000,0.24315696426532482,1.0227477059179217,53.15334803999993,0.03039332067109908,0.13399922967862873,0.01714150047483382,7653.84216381758,0.0205000000000005,0.0,0.0,0.0,0.19449599999999398,0.2021920310537757,0.0,0.0,10.1088,56.0576,calibrated:/Users/let/Documents/DO_A_PAPER_May_18/Papers/Paper_xAI_in_Cyber_2/6_Analysis_Results/xai_surfacebench/data/kddcup99_sa_score_stream.csv
calibrated_anchor,default,default,transient_overload,rate_limited,7,5000,0.244879712464632,1.0253317758153329,53.15889859999994,0.3061562574398906,0.3035339734780545,0.4908529084993252,8158.336590450584,0.19180277777777494,0.0,0.0,0.0,1.9231600000000373,0.20054115338077771,0.0,0.0,10.0808,55.9792,calibrated:/Users/let/Documents/DO_A_PAPER_May_18/Papers/Paper_xAI_in_Cyber_2/6_Analysis_Results/xai_surfacebench/data/kddcup99_sa_score_stream.csv
calibrated_anchor,default,default,transient_overload,fifo_explanation,7,5000,0.24897313516925826,1.037800547667301,53.284002999999956,0.7151968940654465,0.6310916583739369,0.8927204658901745,5763.699420691879,1.7050055555555723,0.0,0.0,0.0,7.2212,0.20010982702243685,0.0,0.442,10.0968,56.0882,calibrated:/Users/let/Documents/DO_A_PAPER_May_18/Papers/Paper_xAI_in_Cyber_2/6_Analysis_Results/xai_surfacebench/data/kddcup99_sa_score_stream.csv
calibrated_anchor,default,default,transient_overload,static_coarse_full,7,5000,0.2439515274730751,1.0225186639875696,53.14078191999993,0.03043926419283285,0.135511350010669,0.01718502220107835,7658.465935759617,0.020597222222222662,0.0,0.0,0.0,0.19464799999999402,0.20168361476950447,0.0,0.0,10.0896,55.9748,calibrated:/Users/let/Documents/DO_A_PAPER_May_18/Papers/Paper_xAI_in_Cyber_2/6_Analysis_Results/xai_surfacebench/data/kddcup99_sa_score_stream.csv
calibrated_anchor,default,default,transient_overload,static_offload,7,5000,0.24522715414017993,1.0283149552548254,53.443762759999906,0.029802623756490634,0.13265558248259526,0.017516150766913714,7532.9290349845705,0.021011111111111598,0.0010899290555269313,0.0,0.0,0.18275199999999436,0.2006486005479562,0.0,0.0,10.0924,56.0386,calibrated:/Users/let/Documents/DO_A_PAPER_May_18/Papers/Paper_xAI_in_Cyber_2/6_Analysis_Results/xai_surfacebench/data/kddcup99_sa_score_stream.csv
calibrated_anchor,default,default,transient_overload,budget_only_bexgov,7,5000,0.24413368291945703,1.0268967555222566,53.36799291999987,0.031021146960495943,0.13562053961370624,0.017490257363850382,7689.039603298724,0.020894444444444965,0.0,0.0,0.0,0.19847199999999418,0.19809682943160012,0.0,0.0,10.1102,56.257,calibrated:/Users/let/Documents/DO_A_PAPER_May_18/Papers/Paper_xAI_in_Cyber_2/6_Analysis_Results/xai_surfacebench/data/kddcup99_sa_score_stream.csv
calibrated_anchor,default,default,transient_overload,xai_gate,7,5000,0.24706289567428216,1.038526563331775,53.455245679999955,0.6758891445880636,0.7267740950331536,0.7679988591884758,961.8071668336269,0.9638588888889927,0.24106528195747526,0.151039515351783,0.5929269683916524,4.157487999999818,0.2086050798925938,0.0124,0.0,10.1682,56.0878,calibrated:/Users/let/Documents/DO_A_PAPER_May_18/Papers/Paper_xAI_in_Cyber_2/6_Analysis_Results/xai_surfacebench/data/kddcup99_sa_score_stream.csv
calibrated_anchor,default,default,non_markovian,never_explain,7,5000,0.13690527557243126,1.374484615384626,71.4732,0.0,0.0,0.0,7087.455370612349,0.0,0.0,0.0,0.0,0.0,0.1282025466958152,0.0,0.0,9.413,55.6224,calibrated:/Users/let/Documents/DO_A_PAPER_May_18/Papers/Paper_xAI_in_Cyber_2/6_Analysis_Results/xai_surfacebench/data/kddcup99_sa_score_stream.csv
calibrated_anchor,default,default,non_markovian,always_explain,7,5000,0.13795398950606122,1.2755103606285343,65.24842300000002,1.0,1.0,0.8499999999999778,0.0,2.199658333333276,0.0,0.0,0.0,9.3162,0.12371992039081103,0.094,0.5504,9.3162,55.27,calibrated:/Users/let/Documents/DO_A_PAPER_May_18/Papers/Paper_xAI_in_Cyber_2/6_Analysis_Results/xai_surfacebench/data/kddcup99_sa_score_stream.csv
calibrated_anchor,default,default,non_markovian,threshold_explain,7,5000,0.13467771970633144,1.204145223776976,62.593933679999864,0.029238029416212112,0.1273102294292901,0.01645320835403124,6457.265039524611,0.01786388888888889,0.0,0.0,0.0,0.17095999999999348,0.12187734728987065,0.0,0.0,9.2602,55.028,calibrated:/Users/let/Documents/DO_A_PAPER_May_18/Papers/Paper_xAI_in_Cyber_2/6_Analysis_Results/xai_surfacebench/data/kddcup99_sa_score_stream.csv
calibrated_anchor,default,default,non_markovian,rate_limited,7,5000,0.13829265836358204,1.3089700535228352,67.88435783999994,0.3646821576053303,0.3416155591544017,0.39349444765389324,3800.3042745485054,0.21181666666666174,0.0,0.0,0.0,2.1240720000000177,0.12874127850110195,0.0,0.0,9.3474,55.2084,calibrated:/Users/let/Documents/DO_A_PAPER_May_18/Papers/Paper_xAI_in_Cyber_2/6_Analysis_Results/xai_surfacebench/data/kddcup99_sa_score_stream.csv
calibrated_anchor,default,default,non_markovian,fifo_explanation,7,5000,0.14088301266976938,1.2332229008115752,63.46600500000005,0.8220550310108911,0.7584006880037175,0.876691745348346,164.41721920805324,1.8213611111111054,0.0,0.0,0.0,7.714,0.13164451326430915,0.0,0.4488,9.3838,55.2812,calibrated:/Users/let/Documents/DO_A_PAPER_May_18/Papers/Paper_xAI_in_Cyber_2/6_Analysis_Results/xai_surfacebench/data/kddcup99_sa_score_stream.csv
calibrated_anchor,default,default,non_markovian,static_coarse_full,7,5000,0.1371565836116485,1.1557449246075435,60.076967359999976,0.02963746680197866,0.1303721706682567,0.016700494461598263,6412.020009625329,0.018236111111111158,0.0,0.0,0.0,0.1736079999999931,0.1306663932345038,0.0,0.0,9.2626,54.6144,calibrated:/Users/let/Documents/DO_A_PAPER_May_18/Papers/Paper_xAI_in_Cyber_2/6_Analysis_Results/xai_surfacebench/data/kddcup99_sa_score_stream.csv
calibrated_anchor,default,default,non_markovian,static_offload,7,5000,0.13414879700236676,1.2661632183654687,65.81946607999976,0.029302684952676124,0.12703746968545562,0.017034747708883306,6498.023801326601,0.01863333333333341,0.0008584980576481446,0.0,0.0,0.1667039999999933,0.13441142957314645,0.0,0.0,9.3186,54.7632,calibrated:/Users/let/Documents/DO_A_PAPER_May_18/Papers/Paper_xAI_in_Cyber_2/6_Analysis_Results/xai_surfacebench/data/kddcup99_sa_score_stream.csv
calibrated_anchor,default,default,non_markovian,budget_only_bexgov,7,5000,0.13735158326080668,1.1704661604936348,60.842944040000006,0.029554027547260088,0.13161058126304553,0.0166727739098571,6462.5595796633925,0.018322222222222247,0.0,0.0,0.0,0.17364799999999297,0.12157915095252214,0.0,0.0,9.2786,55.152,calibrated:/Users/let/Documents/DO_A_PAPER_May_18/Papers/Paper_xAI_in_Cyber_2/6_Analysis_Results/xai_surfacebench/data/kddcup99_sa_score_stream.csv
calibrated_anchor,default,default,non_markovian,xai_gate,7,5000,0.13635337933577196,1.2351991313181436,63.90714044,0.5621015340752109,0.6268136356690268,0.5321983446456213,115.08920177169088,0.4157533333333237,0.08240600863848167,0.0,0.6470775973956893,3.5807439999998385,0.1325660637431425,0.0,0.0,9.3998,55.3304,calibrated:/Users/let/Documents/DO_A_PAPER_May_18/Papers/Paper_xAI_in_Cyber_2/6_Analysis_Results/xai_surfacebench/data/kddcup99_sa_score_stream.csv
calibrated_anchor,default,default,rtt_uncertainty,never_explain,7,5000,0.0,0.012538461538461545,0.652,0.0,0.0,0.0,3623.025015790762,0.0,0.0,0.0,0.0,0.0,0.08715308244956899,0.0,0.0,7.3224,44.9026,calibrated:/Users/let/Documents/DO_A_PAPER_May_18/Papers/Paper_xAI_in_Cyber_2/6_Analysis_Results/xai_surfacebench/data/kddcup99_sa_score_stream.csv
calibrated_anchor,default,default,rtt_uncertainty,always_explain,7,5000,0.0,0.01730861711772673,0.8911969999999999,1.0,1.0,0.8499999999999815,0.0,1.7305999999999624,0.0,0.0,0.0,7.3296,0.08545178287410216,0.0,0.422,7.3296,45.0172,calibrated:/Users/let/Documents/DO_A_PAPER_May_18/Papers/Paper_xAI_in_Cyber_2/6_Analysis_Results/xai_surfacebench/data/kddcup99_sa_score_stream.csv
calibrated_anchor,default,default,rtt_uncertainty,threshold_explain,7,5000,0.0,0.013230946101307848,0.6878791600000032,0.028209163564703887,0.12320792567359336,0.015865174074885052,3271.158069728599,0.013561111111110757,0.0,0.0,0.0,0.13007199999999508,0.08274063537221288,0.0,0.0,7.3072,44.992,calibrated:/Users/let/Documents/DO_A_PAPER_May_18/Papers/Paper_xAI_in_Cyber_2/6_Analysis_Results/xai_surfacebench/data/kddcup99_sa_score_stream.csv
calibrated_anchor,default,default,rtt_uncertainty,rate_limited,7,5000,0.0,0.017941106832389482,0.9304647200000041,0.45027758501041953,0.39413947150606526,0.2507161693268565,1.0181564283525304,0.2012388888888834,0.0,0.0,0.0,2.020760000000009,0.06454024567904715,0.0,0.0,7.205,45.1212,calibrated:/Users/let/Documents/DO_A_PAPER_May_18/Papers/Paper_xAI_in_Cyber_2/6_Analysis_Results/xai_surfacebench/data/kddcup99_sa_score_stream.csv
calibrated_anchor,default,default,rtt_uncertainty,fifo_explanation,7,5000,0.0,0.01910405007339252,0.984133999999997,0.9908989950973753,0.9795836523917268,0.8513651507353786,0.037355849495242906,1.7275305555555254,0.0,0.0,0.0,7.3166,0.09311411242029966,0.0,0.4182,7.3838,45.0322,calibrated:/Users/let/Documents/DO_A_PAPER_May_18/Papers/Paper_xAI_in_Cyber_2/6_Analysis_Results/xai_surfacebench/data/kddcup99_sa_score_stream.csv
calibrated_anchor,default,default,rtt_uncertainty,static_coarse_full,7,5000,0.0,0.013956699239110963,0.7256228400000034,0.027621367239102322,0.12167128393944393,0.015539685160722157,3170.590660049682,0.013227777777777412,0.0,0.0,0.0,0.12671199999999488,0.07857804374153865,0.0,0.0,7.2672,44.9184,calibrated:/Users/let/Documents/DO_A_PAPER_May_18/Papers/Paper_xAI_in_Cyber_2/6_Analysis_Results/xai_surfacebench/data/kddcup99_sa_score_stream.csv
calibrated_anchor,default,default,rtt_uncertainty,static_offload,7,5000,0.0,0.013357270433752646,0.6944655200000026,0.02897769363733715,0.13164811598498855,0.017503140078699825,3199.7701048132867,0.014905555555555262,0.0011523582187834389,0.0,0.0,0.12807199999999455,0.08135291499777098,0.0,0.0,7.2894,44.94,calibrated:/Users/let/Documents/DO_A_PAPER_May_18/Papers/Paper_xAI_in_Cyber_2/6_Analysis_Results/xai_surfacebench/data/kddcup99_sa_score_stream.csv
calibrated_anchor,default,default,rtt_uncertainty,budget_only_bexgov,7,5000,0.0,0.013866428432077546,0.7209359200000054,0.028531034859578846,0.1310739253238038,0.016132116708556455,3182.087627396574,0.014113888888888511,0.0,0.0,0.0,0.13260799999999473,0.08560514390110807,0.0,0.0,7.3208,44.9568,calibrated:/Users/let/Documents/DO_A_PAPER_May_18/Papers/Paper_xAI_in_Cyber_2/6_Analysis_Results/xai_surfacebench/data/kddcup99_sa_score_stream.csv
calibrated_anchor,default,default,rtt_uncertainty,xai_gate,7,5000,0.0,0.0160560124832783,0.8315670200000004,0.57694010989011,0.6594798789310439,0.5399804735680277,0.2647902453106424,0.2018894444444388,0.010192307692307691,0.014065934065934066,0.883956043956044,3.2573519999998206,0.07811602187035005,0.0,0.0,7.28,45.0168,calibrated:/Users/let/Documents/DO_A_PAPER_May_18/Papers/Paper_xAI_in_Cyber_2/6_Analysis_Results/xai_surfacebench/data/kddcup99_sa_score_stream.csv
calibrated_anchor,default,default,adversarial_explanation_flood,never_explain,8,5000,0.0,0.015557692307692285,0.809,0.0,0.0,0.0,11850.828121988805,0.0,0.0,0.0,0.0,0.0,0.801221382626427,0.0,0.0,12.1784,45.0746,calibrated:/Users/let/Documents/DO_A_PAPER_May_18/Papers/Paper_xAI_in_Cyber_2/6_Analysis_Results/xai_surfacebench/data/kddcup99_sa_score_stream.csv
calibrated_anchor,default,default,adversarial_explanation_flood,always_explain,8,5000,0.0,0.022185970490969893,1.135472,1.0,1.0,0.8499999999999627,0.0,2.8624694444443186,0.0,0.0,0.0,12.1234,0.7979051085039952,0.044,0.654,12.1234,44.9538,calibrated:/Users/let/Documents/DO_A_PAPER_May_18/Papers/Paper_xAI_in_Cyber_2/6_Analysis_Results/xai_surfacebench/data/kddcup99_sa_score_stream.csv
calibrated_anchor,default,default,adversarial_explanation_flood,threshold_explain,8,5000,0.0,0.015127750371459754,0.7863007600000015,0.04178467683369669,0.17484838136329478,0.023670528817587605,10958.278996694704,0.034533333333334595,0.0,0.0,0.0,0.32215199999998223,0.7944503185335909,0.0,0.0,12.1176,45.0188,calibrated:/Users/let/Documents/DO_A_PAPER_May_18/Papers/Paper_xAI_in_Cyber_2/6_Analysis_Results/xai_surfacebench/data/kddcup99_sa_score_stream.csv
calibrated_anchor,default,default,adversarial_explanation_flood,rate_limited,8,5000,0.0,0.015410142189312179,0.7987852800000039,0.3717662962840921,0.36019463173336014,0.3826898348115661,7352.22095134641,0.2816111111111099,0.0,0.0,0.0,2.813248000000038,0.7980652227720926,0.0,0.0,12.1316,44.9802,calibrated:/Users/let/Documents/DO_A_PAPER_May_18/Papers/Paper_xAI_in_Cyber_2/6_Analysis_Results/xai_surfacebench/data/kddcup99_sa_score_stream.csv
calibrated_anchor,default,default,adversarial_explanation_flood,fifo_explanation,8,5000,0.0,0.01940743335964302,0.9967759999999909,0.8739557379451854,0.7425570283933606,0.8689066393081681,682.8636106106327,2.5342749999998713,0.0,0.0,0.0,10.7334,0.807975974914988,0.0,0.608,12.2814,45.286,calibrated:/Users/let/Documents/DO_A_PAPER_May_18/Papers/Paper_xAI_in_Cyber_2/6_Analysis_Results/xai_surfacebench/data/kddcup99_sa_score_stream.csv
calibrated_anchor,default,default,adversarial_explanation_flood,static_coarse_full,8,5000,0.0,0.012204624975328803,0.6343514000000012,0.04181736735574248,0.17836417184463121,0.023739921027308607,10768.10075784724,0.03474444444444573,0.0,0.0,0.0,0.3215199999999825,0.7946782552251914,0.0,0.0,12.0548,44.7798,calibrated:/Users/let/Documents/DO_A_PAPER_May_18/Papers/Paper_xAI_in_Cyber_2/6_Analysis_Results/xai_surfacebench/data/kddcup99_sa_score_stream.csv
calibrated_anchor,default,default,adversarial_explanation_flood,static_offload,8,5000,0.0,0.01436513092888994,0.7466745600000013,0.04218703928185346,0.17418634538142613,0.025066179602267067,11102.311756706675,0.03681666666666804,0.0018510631327195886,0.0,0.0,0.31144799999998257,0.803096626319554,0.0,0.0,12.2092,45.1416,calibrated:/Users/let/Documents/DO_A_PAPER_May_18/Papers/Paper_xAI_in_Cyber_2/6_Analysis_Results/xai_surfacebench/data/kddcup99_sa_score_stream.csv
calibrated_anchor,default,default,adversarial_explanation_flood,budget_only_bexgov,8,5000,0.0,0.014283430617221128,0.7424173600000015,0.04261289951901799,0.18313893891367775,0.024229689577621984,10918.450128110486,0.03605833333333467,0.0,0.0,0.0,0.3317279999999817,0.8042424888636182,0.0,0.0,12.1834,45.0176,calibrated:/Users/let/Documents/DO_A_PAPER_May_18/Papers/Paper_xAI_in_Cyber_2/6_Analysis_Results/xai_surfacebench/data/kddcup99_sa_score_stream.csv
calibrated_anchor,default,default,adversarial_explanation_flood,xai_gate,8,5000,0.0,0.020375271883320487,1.0504150200000015,0.6809177996510704,0.7916415977976841,0.6649907824999176,856.2591280151358,0.9429150000000373,0.03917437534977121,0.38692102577608056,0.49244494189682986,6.733283999999912,0.7960395132240408,0.0004,0.0,12.1508,45.1022,calibrated:/Users/let/Documents/DO_A_PAPER_May_18/Papers/Paper_xAI_in_Cyber_2/6_Analysis_Results/xai_surfacebench/data/kddcup99_sa_score_stream.csv
calibrated_anchor,default,default,transient_overload,never_explain,8,5000,0.24547205070450556,1.0250615384615533,53.3032,0.0,0.0,0.0,8284.257788413266,0.0,0.0,0.0,0.0,0.0,0.2078557877459426,0.0,0.0,10.1994,56.2948,calibrated:/Users/let/Documents/DO_A_PAPER_May_18/Papers/Paper_xAI_in_Cyber_2/6_Analysis_Results/xai_surfacebench/data/kddcup99_sa_score_stream.csv
calibrated_anchor,default,default,transient_overload,always_explain,8,5000,0.24967255391195875,1.0526231165481292,53.30682100000002,1.0,1.0,0.8499999999999802,0.0,2.384486111111056,0.0,0.0,0.0,10.099,0.19990494861285169,0.1992,0.525,10.099,56.11,calibrated:/Users/let/Documents/DO_A_PAPER_May_18/Papers/Paper_xAI_in_Cyber_2/6_Analysis_Results/xai_surfacebench/data/kddcup99_sa_score_stream.csv
calibrated_anchor,default,default,transient_overload,threshold_explain,8,5000,0.24552716364245797,1.0245214215710807,53.24437443999988,0.030683338580198966,0.1278840954310119,0.017214308200850004,7755.847555328615,0.020263888888889345,0.0,0.0,0.0,0.19625599999999394,0.20858881846079314,0.0,0.0,10.1648,56.0698,calibrated:/Users/let/Documents/DO_A_PAPER_May_18/Papers/Paper_xAI_in_Cyber_2/6_Analysis_Results/xai_surfacebench/data/kddcup99_sa_score_stream.csv
calibrated_anchor,default,default,transient_overload,rate_limited,8,5000,0.2453374384955035,1.0268620499835914,53.23835711999999,0.30416963508272493,0.30219069994077485,0.49416112562336717,8266.025417291083,0.19104722222221926,0.0,0.0,0.0,1.915544000000038,0.19853278638949035,0.0,0.0,10.1064,56.2154,calibrated:/Users/let/Documents/DO_A_PAPER_May_18/Papers/Paper_xAI_in_Cyber_2/6_Analysis_Results/xai_surfacebench/data/kddcup99_sa_score_stream.csv
calibrated_anchor,default,default,transient_overload,fifo_explanation,8,5000,0.24837683604959007,1.0363581526936065,53.20955000000002,0.7171547952225157,0.6341079514659992,0.8924267807166125,5744.883106570801,1.7182750000000184,0.0,0.0,0.0,7.2774,0.20416847631320634,0.0,0.4438,10.1476,56.1804,calibrated:/Users/let/Documents/DO_A_PAPER_May_18/Papers/Paper_xAI_in_Cyber_2/6_Analysis_Results/xai_surfacebench/data/kddcup99_sa_score_stream.csv
calibrated_anchor,default,default,transient_overload,static_coarse_full,8,5000,0.24398812498219186,1.0277797034804077,53.41418695999992,0.029929278362735397,0.1327579167997451,0.016883309298512488,7700.098829060091,0.02023888888888934,0.0,0.0,0.0,0.1918639999999943,0.2017938710198186,0.0,0.0,10.1242,56.1616,calibrated:/Users/let/Documents/DO_A_PAPER_May_18/Papers/Paper_xAI_in_Cyber_2/6_Analysis_Results/xai_surfacebench/data/kddcup99_sa_score_stream.csv
calibrated_anchor,default,default,transient_overload,static_offload,8,5000,0.2450518736752083,1.0255431988562127,53.29935419999991,0.030802005509205834,0.1312521662954038,0.017879550543984463,7597.975689617145,0.021144444444444944,0.0008719605239690057,0.0,0.0,0.1899039999999937,0.19843489309654427,0.0,0.0,10.0922,56.141,calibrated:/Users/let/Documents/DO_A_PAPER_May_18/Papers/Paper_xAI_in_Cyber_2/6_Analysis_Results/xai_surfacebench/data/kddcup99_sa_score_stream.csv
calibrated_anchor,default,default,transient_overload,budget_only_bexgov,8,5000,0.2434092045673348,1.0246402404998398,53.25146815999991,0.030400612046182312,0.13591631230575038,0.01717008127496375,7552.584580080351,0.020561111111111634,0.0,0.0,0.0,0.19400799999999405,0.19634651090364952,0.0,0.0,10.0646,56.0852,calibrated:/Users/let/Documents/DO_A_PAPER_May_18/Papers/Paper_xAI_in_Cyber_2/6_Analysis_Results/xai_surfacebench/data/kddcup99_sa_score_stream.csv
calibrated_anchor,default,default,transient_overload,xai_gate,8,5000,0.24729111050035302,1.0333817174732811,53.200895660000015,0.6772664608029018,0.7284572469255152,0.7709548759836857,871.9549159149235,0.960859444444543,0.24386891124614005,0.15387986851280008,0.5879470066739715,4.102031999999796,0.19442798571303044,0.0106,0.0,10.039,56.0324,calibrated:/Users/let/Documents/DO_A_PAPER_May_18/Papers/Paper_xAI_in_Cyber_2/6_Analysis_Results/xai_surfacebench/data/kddcup99_sa_score_stream.csv
calibrated_anchor,default,default,non_markovian,never_explain,8,5000,0.1329685891773912,1.305903846153859,67.907,0.0,0.0,0.0,7012.823856668727,0.0,0.0,0.0,0.0,0.0,0.13812829553279315,0.0,0.0,9.3548,54.7964,calibrated:/Users/let/Documents/DO_A_PAPER_May_18/Papers/Paper_xAI_in_Cyber_2/6_Analysis_Results/xai_surfacebench/data/kddcup99_sa_score_stream.csv
calibrated_anchor,default,default,non_markovian,always_explain,8,5000,0.1421948897667434,1.202708390228497,61.479947999999965,1.0,1.0,0.8499999999999766,0.0,2.18832499999994,0.0,0.0,0.0,9.2682,0.12897272763816425,0.0954,0.5394,9.2682,54.7294,calibrated:/Users/let/Documents/DO_A_PAPER_May_18/Papers/Paper_xAI_in_Cyber_2/6_Analysis_Results/xai_surfacebench/data/kddcup99_sa_score_stream.csv
calibrated_anchor,default,default,non_markovian,threshold_explain,8,5000,0.13366105552858581,1.178704353562969,61.271465879999916,0.029189055581825992,0.13058821932745904,0.01646928599062891,6547.531430765018,0.01816111111111118,0.0,0.0,0.0,0.1720239999999932,0.132155819253172,0.0,0.0,9.3052,54.7934,calibrated:/Users/let/Documents/DO_A_PAPER_May_18/Papers/Paper_xAI_in_Cyber_2/6_Analysis_Results/xai_surfacebench/data/kddcup99_sa_score_stream.csv
calibrated_anchor,default,default,non_markovian,rate_limited,8,5000,0.13601790932581587,1.3150123690141584,68.19695072000006,0.3661082529019157,0.34623496665824277,0.3913995067817511,3901.4494727172664,0.21431388888888356,0.0,0.0,0.0,2.1467600000000173,0.1332887611957374,0.0,0.0,9.4076,55.341,calibrated:/Users/let/Documents/DO_A_PAPER_May_18/Papers/Paper_xAI_in_Cyber_2/6_Analysis_Results/xai_surfacebench/data/kddcup99_sa_score_stream.csv
calibrated_anchor,default,default,non_markovian,fifo_explanation,8,5000,0.1383530882320887,1.3249493163224388,68.18769100000002,0.8221551244164632,0.7552218936046096,0.8766767313375088,161.53826442086128,1.8130027777777693,0.0,0.0,0.0,7.6786,0.13122533665690872,0.0,0.4502,9.3396,55.0412,calibrated:/Users/let/Documents/DO_A_PAPER_May_18/Papers/Paper_xAI_in_Cyber_2/6_Analysis_Results/xai_surfacebench/data/kddcup99_sa_score_stream.csv
calibrated_anchor,default,default,non_markovian,static_coarse_full,8,5000,0.13609031843593586,1.2786404751322433,66.46768060000001,0.028638266962913113,0.12899966657844114,0.01616176721927877,6593.317208831414,0.017944444444444447,0.0,0.0,0.0,0.16983999999999325,0.12624952028286107,0.0,0.0,9.3616,55.4146,calibrated:/Users/let/Documents/DO_A_PAPER_May_18/Papers/Paper_xAI_in_Cyber_2/6_Analysis_Results/xai_surfacebench/data/kddcup99_sa_score_stream.csv
calibrated_anchor,default,default,non_markovian,static_offload,8,5000,0.1359583721573539,1.2556718987873707,65.27361683999987,0.029891689768552145,0.13022266755271888,0.017438591966991164,6605.129514259379,0.019127777777777924,0.0009455655126469388,0.0,0.0,0.16957599999999332,0.1291238389191398,0.0,0.0,9.3066,54.9488,calibrated:/Users/let/Documents/DO_A_PAPER_May_18/Papers/Paper_xAI_in_Cyber_2/6_Analysis_Results/xai_surfacebench/data/kddcup99_sa_score_stream.csv
calibrated_anchor,default,default,non_markovian,budget_only_bexgov,8,5000,0.1350867538217785,1.2462955170316972,64.78583103999982,0.029038077853717287,0.12846123062373793,0.016363501294731936,6705.618242567221,0.01818055555555559,0.0,0.0,0.0,0.17304799999999324,0.13619975739335022,0.0,0.0,9.4228,55.2884,calibrated:/Users/let/Documents/DO_A_PAPER_May_18/Papers/Paper_xAI_in_Cyber_2/6_Analysis_Results/xai_surfacebench/data/kddcup99_sa_score_stream.csv
calibrated_anchor,default,default,non_markovian,xai_gate,8,5000,0.13853945402194112,1.2451135477421846,64.4292759600001,0.5596324893240904,0.6232482030129121,0.5308333692792037,109.25821450418134,0.40957611111109987,0.0826899020834232,0.0,0.6459258939740327,3.5163879999998535,0.12660519250160762,0.0,0.0,9.2732,54.874,calibrated:/Users/let/Documents/DO_A_PAPER_May_18/Papers/Paper_xAI_in_Cyber_2/6_Analysis_Results/xai_surfacebench/data/kddcup99_sa_score_stream.csv
calibrated_anchor,default,default,rtt_uncertainty,never_explain,8,5000,0.0,0.012915384615384617,0.6716,0.0,0.0,0.0,3428.1706585237143,0.0,0.0,0.0,0.0,0.0,0.0797935333944062,0.0,0.0,7.2486,44.753,calibrated:/Users/let/Documents/DO_A_PAPER_May_18/Papers/Paper_xAI_in_Cyber_2/6_Analysis_Results/xai_surfacebench/data/kddcup99_sa_score_stream.csv
calibrated_anchor,default,default,rtt_uncertainty,always_explain,8,5000,0.0,0.01698402225833279,0.8747190000000006,1.0,1.0,0.8499999999999812,0.0,1.7192666666666285,0.0,0.0,0.0,7.2816,0.08039295109477074,0.0002,0.4164,7.2816,44.9318,calibrated:/Users/let/Documents/DO_A_PAPER_May_18/Papers/Paper_xAI_in_Cyber_2/6_Analysis_Results/xai_surfacebench/data/kddcup99_sa_score_stream.csv
calibrated_anchor,default,default,rtt_uncertainty,threshold_explain,8,5000,0.0,0.015277803056444026,0.7942989200000045,0.029348949831320744,0.12874613862494216,0.01652927413211449,3252.1414553282666,0.014294444444444047,0.0,0.0,0.0,0.1363599999999944,0.08837977809560305,0.0,0.0,7.3512,45.0284,calibrated:/Users/let/Documents/DO_A_PAPER_May_18/Papers/Paper_xAI_in_Cyber_2/6_Analysis_Results/xai_surfacebench/data/kddcup99_sa_score_stream.csv
calibrated_anchor,default,default,rtt_uncertainty,rate_limited,8,5000,0.0,0.017247520864099242,0.8944368000000038,0.4504837822979765,0.39618030507080737,0.25052776250687214,1.1312957816745681,0.20344444444443863,0.0,0.0,0.0,2.041888000000013,0.07759067549354803,0.0,0.0,7.276,45.014,calibrated:/Users/let/Documents/DO_A_PAPER_May_18/Papers/Paper_xAI_in_Cyber_2/6_Analysis_Results/xai_surfacebench/data/kddcup99_sa_score_stream.csv
calibrated_anchor,default,default,rtt_uncertainty,fifo_explanation,8,5000,0.0,0.019171219400746894,0.9876959999999968,0.9909020304005326,0.9805226142538717,0.8513646954399053,0.039219483709955705,1.686966666666637,0.0,0.0,0.0,7.1448,0.06904839214256042,0.0,0.4072,7.2104,44.9646,calibrated:/Users/let/Documents/DO_A_PAPER_May_18/Papers/Paper_xAI_in_Cyber_2/6_Analysis_Results/xai_surfacebench/data/kddcup99_sa_score_stream.csv
calibrated_anchor,default,default,rtt_uncertainty,static_coarse_full,8,5000,0.0,0.012884743980136478,0.6698908000000029,0.027533300308234813,0.12403310868439195,0.015523172611184508,3186.6691550653413,0.013327777777777402,0.0,0.0,0.0,0.12661599999999504,0.08023741677703788,0.0,0.0,7.2672,44.8494,calibrated:/Users/let/Documents/DO_A_PAPER_May_18/Papers/Paper_xAI_in_Cyber_2/6_Analysis_Results/xai_surfacebench/data/kddcup99_sa_score_stream.csv
calibrated_anchor,default,default,rtt_uncertainty,static_offload,8,5000,0.0,0.01490036984281237,0.7746947600000029,0.028607677825980816,0.12286263335751232,0.016787215977360104,3265.272888285077,0.014144444444444031,0.0007366783989522796,0.0,0.0,0.12831999999999483,0.08574323243454707,0.0,0.0,7.3302,45.0088,calibrated:/Users/let/Documents/DO_A_PAPER_May_18/Papers/Paper_xAI_in_Cyber_2/6_Analysis_Results/xai_surfacebench/data/kddcup99_sa_score_stream.csv
calibrated_anchor,default,default,rtt_uncertainty,budget_only_bexgov,8,5000,0.0,0.014314355324903199,0.7442237200000025,0.029188877287465633,0.1240119661567086,0.016385942737813932,3118.2818505367186,0.013847222222221832,0.0,0.0,0.0,0.13378399999999463,0.07724912829073749,0.0,0.0,7.2788,45.0456,calibrated:/Users/let/Documents/DO_A_PAPER_May_18/Papers/Paper_xAI_in_Cyber_2/6_Analysis_Results/xai_surfacebench/data/kddcup99_sa_score_stream.csv
calibrated_anchor,default,default,rtt_uncertainty,xai_gate,8,5000,0.0,0.015913817645449562,0.8242362600000009,0.5768688502124178,0.6623642335618736,0.5394828838340161,0.2992495708981037,0.2038333333333274,0.010360422091270385,0.01485542003563108,0.8795121282718925,3.263011999999813,0.08194587156915434,0.0,0.0,7.297,44.9622,calibrated:/Users/let/Documents/DO_A_PAPER_May_18/Papers/Paper_xAI_in_Cyber_2/6_Analysis_Results/xai_surfacebench/data/kddcup99_sa_score_stream.csv
calibrated_anchor,default,default,adversarial_explanation_flood,never_explain,9,5000,0.0,0.014073076923076931,0.7318,0.0,0.0,0.0,11740.308878004758,0.0,0.0,0.0,0.0,0.0,0.7931050801636828,0.0,0.0,12.1246,45.0786,calibrated:/Users/let/Documents/DO_A_PAPER_May_18/Papers/Paper_xAI_in_Cyber_2/6_Analysis_Results/xai_surfacebench/data/kddcup99_sa_score_stream.csv
calibrated_anchor,default,default,adversarial_explanation_flood,always_explain,9,5000,0.0,0.020529059176834105,1.050505,1.0,1.0,0.8499999999999641,0.0,2.8735666666665454,0.0,0.0,0.0,12.1704,0.8034791035951305,0.0416,0.6514,12.1704,44.9886,calibrated:/Users/let/Documents/DO_A_PAPER_May_18/Papers/Paper_xAI_in_Cyber_2/6_Analysis_Results/xai_surfacebench/data/kddcup99_sa_score_stream.csv
calibrated_anchor,default,default,adversarial_explanation_flood,threshold_explain,9,5000,0.0,0.014651728005787401,0.7615748800000012,0.040818682587327494,0.17150014075783368,0.023114094402480443,10939.535109050232,0.03369444444444568,0.0,0.0,0.0,0.3147999999999828,0.800869040936401,0.0,0.0,12.1268,44.8924,calibrated:/Users/let/Documents/DO_A_PAPER_May_18/Papers/Paper_xAI_in_Cyber_2/6_Analysis_Results/xai_surfacebench/data/kddcup99_sa_score_stream.csv
calibrated_anchor,default,default,adversarial_explanation_flood,rate_limited,9,5000,0.0,0.014442204555845774,0.7486269600000023,0.3721496221496298,0.3637285400442966,0.3823532323532319,7320.033488179687,0.2820777777777774,0.0,0.0,0.0,2.8146400000000327,0.8015382900456993,0.0,0.0,12.1212,44.855,calibrated:/Users/let/Documents/DO_A_PAPER_May_18/Papers/Paper_xAI_in_Cyber_2/6_Analysis_Results/xai_surfacebench/data/kddcup99_sa_score_stream.csv
calibrated_anchor,default,default,adversarial_explanation_flood,fifo_explanation,9,5000,0.0,0.018887547700977572,0.9701309999999929,0.8789576590046498,0.7487395768509397,0.8681563511492515,308.61608895565786,2.5261999999998705,0.0,0.0,0.0,10.6992,0.8029875506380177,0.0,0.6052,12.1726,45.009,calibrated:/Users/let/Documents/DO_A_PAPER_May_18/Papers/Paper_xAI_in_Cyber_2/6_Analysis_Results/xai_surfacebench/data/kddcup99_sa_score_stream.csv
calibrated_anchor,default,default,adversarial_explanation_flood,static_coarse_full,9,5000,0.0,0.014627883516720855,0.7603303600000011,0.04154975905794154,0.17458326962795506,0.023543246221403514,11006.169668937333,0.034502777777778895,0.0,0.0,0.0,0.32156799999998187,0.7993791264563708,0.0,0.0,12.1606,45.0548,calibrated:/Users/let/Documents/DO_A_PAPER_May_18/Papers/Paper_xAI_in_Cyber_2/6_Analysis_Results/xai_surfacebench/data/kddcup99_sa_score_stream.csv
calibrated_anchor,default,default,adversarial_explanation_flood,static_offload,9,5000,0.0,0.013647966327070868,0.7093965200000016,0.04044445903361393,0.16642416985334904,0.023870141806722634,11013.001227760411,0.034733333333334546,0.0015920430672268907,0.0,0.0,0.29889599999998345,0.807724545124135,0.0,0.0,12.1856,44.939,calibrated:/Users/let/Documents/DO_A_PAPER_May_18/Papers/Paper_xAI_in_Cyber_2/6_Analysis_Results/xai_surfacebench/data/kddcup99_sa_score_stream.csv
calibrated_anchor,default,default,adversarial_explanation_flood,budget_only_bexgov,9,5000,0.0,0.014007453663076283,0.728062240000001,0.04113672105366655,0.17393413018215131,0.023316787890701764,11097.299207250531,0.03435000000000129,0.0,0.0,0.0,0.319751999999982,0.8057096204531125,0.0,0.0,12.2088,45.0748,calibrated:/Users/let/Documents/DO_A_PAPER_May_18/Papers/Paper_xAI_in_Cyber_2/6_Analysis_Results/xai_surfacebench/data/kddcup99_sa_score_stream.csv
calibrated_anchor,default,default,adversarial_explanation_flood,xai_gate,9,5000,0.0,0.016829957662727206,0.8676771000000012,0.6813954179321486,0.7899288202010499,0.6653213719794009,848.8604063400594,0.942938888888928,0.038888155288525024,0.39015251551564767,0.48922157665390203,6.723567999999902,0.7951213730675482,0.0004,0.0,12.1168,44.999,calibrated:/Users/let/Documents/DO_A_PAPER_May_18/Papers/Paper_xAI_in_Cyber_2/6_Analysis_Results/xai_surfacebench/data/kddcup99_sa_score_stream.csv
calibrated_anchor,default,default,transient_overload,never_explain,9,5000,0.2453954997189992,1.025519230769247,53.327,0.0,0.0,0.0,8293.485405171992,0.0,0.0,0.0,0.0,0.0,0.20605064653894445,0.0,0.0,10.172,56.2276,calibrated:/Users/let/Documents/DO_A_PAPER_May_18/Papers/Paper_xAI_in_Cyber_2/6_Analysis_Results/xai_surfacebench/data/kddcup99_sa_score_stream.csv
calibrated_anchor,default,default,transient_overload,always_explain,9,5000,0.25087828502243414,1.0533934871238126,53.330594,1.0,1.0,0.8499999999999805,0.0,2.405122222222167,0.0,0.0,0.0,10.1864,0.2091256558174912,0.1988,0.5256,10.1864,56.164,calibrated:/Users/let/Documents/DO_A_PAPER_May_18/Papers/Paper_xAI_in_Cyber_2/6_Analysis_Results/xai_surfacebench/data/kddcup99_sa_score_stream.csv
calibrated_anchor,default,default,transient_overload,threshold_explain,9,5000,0.24508401389693707,1.0244905541974418,53.243126879999906,0.030320156231507325,0.1395776684641374,0.01717560263542038,7717.831436771026,0.020963888888889365,0.0,0.0,0.0,0.195583999999994,0.2017936581879214,0.0,0.0,10.1388,56.2426,calibrated:/Users/let/Documents/DO_A_PAPER_May_18/Papers/Paper_xAI_in_Cyber_2/6_Analysis_Results/xai_surfacebench/data/kddcup99_sa_score_stream.csv
calibrated_anchor,default,default,transient_overload,rate_limited,9,5000,0.24668810140801206,1.0277843085028102,53.28598912000002,0.3063542407714853,0.30529979444127603,0.49069836376570997,8163.309187219023,0.19289166666666366,0.0,0.0,0.0,1.9324800000000457,0.19920801652216658,0.0,0.0,10.1208,56.2638,calibrated:/Users/let/Documents/DO_A_PAPER_May_18/Papers/Paper_xAI_in_Cyber_2/6_Analysis_Results/xai_surfacebench/data/kddcup99_sa_score_stream.csv
calibrated_anchor,default,default,transient_overload,fifo_explanation,9,5000,0.24854600239491012,1.0380583181387626,53.29707400000003,0.714040961008271,0.6236454889130091,0.8928938558487513,5831.12699811701,1.712230555555577,0.0,0.0,0.0,7.2518,0.20289994113418364,0.0,0.4456,10.156,56.2862,calibrated:/Users/let/Documents/DO_A_PAPER_May_18/Papers/Paper_xAI_in_Cyber_2/6_Analysis_Results/xai_surfacebench/data/kddcup99_sa_score_stream.csv
calibrated_anchor,default,default,transient_overload,static_coarse_full,9,5000,0.2462392048107716,1.0242185246290627,53.227714359999894,0.03179691990565537,0.14208386757830344,0.017980100291360292,7609.453483639934,0.021688888888889438,0.0,0.0,0.0,0.2037199999999939,0.19896246603240364,0.0,0.0,10.0906,56.1074,calibrated:/Users/let/Documents/DO_A_PAPER_May_18/Papers/Paper_xAI_in_Cyber_2/6_Analysis_Results/xai_surfacebench/data/kddcup99_sa_score_stream.csv
calibrated_anchor,default,default,transient_overload,static_offload,9,5000,0.2476326396658442,1.0250624909383355,53.27437443999992,0.03024822695035527,0.1318866326673392,0.017671394799054375,7706.278211474465,0.02117777777777828,0.0009850275807722615,0.0,0.0,0.18707199999999405,0.2019307611162675,0.0,0.0,10.152,56.3094,calibrated:/Users/let/Documents/DO_A_PAPER_May_18/Papers/Paper_xAI_in_Cyber_2/6_Analysis_Results/xai_surfacebench/data/kddcup99_sa_score_stream.csv
calibrated_anchor,default,default,transient_overload,budget_only_bexgov,9,5000,0.2442360230547528,1.0240412444024252,53.221584999999905,0.030238870792617355,0.13174526095081787,0.017031882341328606,7675.092302006569,0.02030555555555601,0.0,0.0,0.0,0.1936399999999938,0.19852074785991203,0.0,0.0,10.131,56.3528,calibrated:/Users/let/Documents/DO_A_PAPER_May_18/Papers/Paper_xAI_in_Cyber_2/6_Analysis_Results/xai_surfacebench/data/kddcup99_sa_score_stream.csv
calibrated_anchor,default,default,transient_overload,xai_gate,9,5000,0.24828469515211243,1.0393696972529134,53.496585319999944,0.6754529435949976,0.7267416475429115,0.7668709986882795,976.2720467152403,0.9642633333334409,0.23952072361336804,0.15092898956477474,0.5951015134013352,4.182483999999804,0.21175241125136046,0.0128,0.0,10.2154,56.2018,calibrated:/Users/let/Documents/DO_A_PAPER_May_18/Papers/Paper_xAI_in_Cyber_2/6_Analysis_Results/xai_surfacebench/data/kddcup99_sa_score_stream.csv
calibrated_anchor,default,default,non_markovian,never_explain,9,5000,0.137170015528681,1.2391730769230926,64.437,0.0,0.0,0.0,6924.506663630805,0.0,0.0,0.0,0.0,0.0,0.12458056272464901,0.0,0.0,9.3204,55.2526,calibrated:/Users/let/Documents/DO_A_PAPER_May_18/Papers/Paper_xAI_in_Cyber_2/6_Analysis_Results/xai_surfacebench/data/kddcup99_sa_score_stream.csv
calibrated_anchor,default,default,non_markovian,always_explain,9,5000,0.13761798518571666,1.4988692724099892,76.74913100000008,1.0,1.0,0.8499999999999763,0.0,2.240316666666604,0.0,0.0,0.0,9.4884,0.13449432358269187,0.0948,0.548,9.4884,55.757,calibrated:/Users/let/Documents/DO_A_PAPER_May_18/Papers/Paper_xAI_in_Cyber_2/6_Analysis_Results/xai_surfacebench/data/kddcup99_sa_score_stream.csv
calibrated_anchor,default,default,non_markovian,threshold_explain,9,5000,0.1359392512675565,1.20486585702709,62.63087763999988,0.029519455712232162,0.1348855636155042,0.016696714098684368,6501.371399090448,0.018619444444444556,0.0,0.0,0.0,0.17471199999999368,0.13140334518328523,0.0,0.0,9.3186,54.9088,calibrated:/Users/let/Documents/DO_A_PAPER_May_18/Papers/Paper_xAI_in_Cyber_2/6_Analysis_Results/xai_surfacebench/data/kddcup99_sa_score_stream.csv
calibrated_anchor,default,default,non_markovian,rate_limited,9,5000,0.13461462645304975,1.1921014358790736,61.821977560000064,0.3647667329643791,0.347212827077653,0.39379323763403673,3672.994068347659,0.21015277777777291,0.0,0.0,0.0,2.1037120000000127,0.13366713968153698,0.0,0.0,9.2512,54.4028,calibrated:/Users/let/Documents/DO_A_PAPER_May_18/Papers/Paper_xAI_in_Cyber_2/6_Analysis_Results/xai_surfacebench/data/kddcup99_sa_score_stream.csv
calibrated_anchor,default,default,non_markovian,fifo_explanation,9,5000,0.1399701482780795,1.3181096361174318,67.83506499999997,0.8238751736667735,0.7545340241684638,0.8764187239499597,157.45559485696168,1.8201805555555421,0.0,0.0,0.0,7.709,0.13269489869661766,0.0,0.4488,9.357,55.0722,calibrated:/Users/let/Documents/DO_A_PAPER_May_18/Papers/Paper_xAI_in_Cyber_2/6_Analysis_Results/xai_surfacebench/data/kddcup99_sa_score_stream.csv
calibrated_anchor,default,default,non_markovian,static_coarse_full,9,5000,0.13623001929269843,1.222586359232989,63.5540403599999,0.02808109150102881,0.1265485693114328,0.01584025873886225,6593.642579122927,0.0175111111111111,0.0,0.0,0.0,0.16602399999999373,0.13514492621485097,0.0,0.0,9.3376,54.8394,calibrated:/Users/let/Documents/DO_A_PAPER_May_18/Papers/Paper_xAI_in_Cyber_2/6_Analysis_Results/xai_surfacebench/data/kddcup99_sa_score_stream.csv
calibrated_anchor,default,default,non_markovian,static_offload,9,5000,0.1354786067551488,1.1799243096382626,61.33570712000002,0.028897134522993233,0.12834909453172413,0.016922185998627316,6495.3709823039735,0.018677777777777866,0.0009866163349347976,0.0,0.0,0.1639839999999935,0.13117138493526315,0.0,0.0,9.3248,54.9566,calibrated:/Users/let/Documents/DO_A_PAPER_May_18/Papers/Paper_xAI_in_Cyber_2/6_Analysis_Results/xai_surfacebench/data/kddcup99_sa_score_stream.csv
calibrated_anchor,default,default,non_markovian,budget_only_bexgov,9,5000,0.13833820222682292,1.2915604930086477,67.13785327999992,0.02922920675646863,0.12612468753902295,0.016433611289288014,6500.185425446964,0.017958333333333364,0.0,0.0,0.0,0.17246399999999326,0.13045149173914505,0.0,0.0,9.354,55.1638,calibrated:/Users/let/Documents/DO_A_PAPER_May_18/Papers/Paper_xAI_in_Cyber_2/6_Analysis_Results/xai_surfacebench/data/kddcup99_sa_score_stream.csv
calibrated_anchor,default,default,non_markovian,xai_gate,9,5000,0.13447073666940104,1.2483145798307116,64.61447517999976,0.5515542496463325,0.6166770658012736,0.5167049733376764,99.3721719463826,0.3991811111110989,0.07981281967569921,0.0,0.6148003047121559,3.420275999999835,0.11676237353021501,0.0,0.0,9.189,54.855,calibrated:/Users/let/Documents/DO_A_PAPER_May_18/Papers/Paper_xAI_in_Cyber_2/6_Analysis_Results/xai_surfacebench/data/kddcup99_sa_score_stream.csv
calibrated_anchor,default,default,rtt_uncertainty,never_explain,9,5000,0.0,0.014888461538461554,0.7742,0.0,0.0,0.0,3533.3002817718716,0.0,0.0,0.0,0.0,0.0,0.07770013637837625,0.0,0.0,7.278,45.0218,calibrated:/Users/let/Documents/DO_A_PAPER_May_18/Papers/Paper_xAI_in_Cyber_2/6_Analysis_Results/xai_surfacebench/data/kddcup99_sa_score_stream.csv
calibrated_anchor,default,default,rtt_uncertainty,always_explain,9,5000,0.0,0.016984397997643775,0.8748670000000005,1.0,1.0,0.8499999999999808,0.0,1.7264916666666277,0.0,0.0,0.0,7.3122,0.08584666102374383,0.0,0.4244,7.3122,44.894,calibrated:/Users/let/Documents/DO_A_PAPER_May_18/Papers/Paper_xAI_in_Cyber_2/6_Analysis_Results/xai_surfacebench/data/kddcup99_sa_score_stream.csv
calibrated_anchor,default,default,rtt_uncertainty,threshold_explain,9,5000,0.0,0.014902089633171973,0.7747698000000042,0.028364108801415936,0.12638100056966062,0.01598573639982309,3088.2815494667752,0.01364444444444405,0.0,0.0,0.0,0.1298079999999947,0.0722913350584351,0.0,0.0,7.2352,44.9828,calibrated:/Users/let/Documents/DO_A_PAPER_May_18/Papers/Paper_xAI_in_Cyber_2/6_Analysis_Results/xai_surfacebench/data/kddcup99_sa_score_stream.csv
calibrated_anchor,default,default,rtt_uncertainty,rate_limited,9,5000,0.0,0.015294529704471503,0.7932324400000041,0.4504706044714429,0.3958222446757202,0.2505133866961083,0.9673187577599031,0.20256944444443875,0.0,0.0,0.0,2.0333439999999983,0.0731762224670911,0.0,0.0,7.246,45.0128,calibrated:/Users/let/Documents/DO_A_PAPER_May_18/Papers/Paper_xAI_in_Cyber_2/6_Analysis_Results/xai_surfacebench/data/kddcup99_sa_score_stream.csv
calibrated_anchor,default,default,rtt_uncertainty,fifo_explanation,9,5000,0.0,0.01910764026374285,0.9843349999999979,0.9903510459905984,0.9778969185255345,0.851447343101394,0.04384445317779747,1.701227777777746,0.0,0.0,0.0,7.2052,0.07618210810635251,0.0,0.4082,7.2754,45.0692,calibrated:/Users/let/Documents/DO_A_PAPER_May_18/Papers/Paper_xAI_in_Cyber_2/6_Analysis_Results/xai_surfacebench/data/kddcup99_sa_score_stream.csv
calibrated_anchor,default,default,rtt_uncertainty,static_coarse_full,9,5000,0.0,0.01471757530676234,0.7651737600000049,0.02859044377967517,0.12622246809115042,0.016101764689738462,3228.145436880489,0.013802777777777412,0.0,0.0,0.0,0.13167999999999472,0.07842614954775518,0.0,0.0,7.2874,45.0496,calibrated:/Users/let/Documents/DO_A_PAPER_May_18/Papers/Paper_xAI_in_Cyber_2/6_Analysis_Results/xai_surfacebench/data/kddcup99_sa_score_stream.csv
calibrated_anchor,default,default,rtt_uncertainty,static_offload,9,5000,0.0,0.014476345948351371,0.752659360000004,0.028622256281132574,0.12758871004904174,0.017104984116051634,3178.5267854488293,0.014511111111110775,0.0009852756034813071,0.0,0.0,0.1272639999999951,0.07955107835446507,0.0,0.0,7.3076,45.1274,calibrated:/Users/let/Documents/DO_A_PAPER_May_18/Papers/Paper_xAI_in_Cyber_2/6_Analysis_Results/xai_surfacebench/data/kddcup99_sa_score_stream.csv
calibrated_anchor,default,default,rtt_uncertainty,budget_only_bexgov,9,5000,0.0,0.01518004263050648,0.789211360000006,0.028740825939314922,0.1272309357897652,0.01619290174170228,3204.54767923253,0.013933333333332937,0.0,0.0,0.0,0.13271999999999454,0.07942729695335671,0.0,0.0,7.3032,45.1054,calibrated:/Users/let/Documents/DO_A_PAPER_May_18/Papers/Paper_xAI_in_Cyber_2/6_Analysis_Results/xai_surfacebench/data/kddcup99_sa_score_stream.csv
calibrated_anchor,default,default,rtt_uncertainty,xai_gate,9,5000,0.0,0.01678699545573667,0.869383220000001,0.5770298044429687,0.6614790168957483,0.5394230456445486,0.2523457772586419,0.20015333333332724,0.009528557974627445,0.013544955958118663,0.8841615422968256,3.234995999999816,0.06847320382142885,0.0,0.0,7.2204,45.0512,calibrated:/Users/let/Documents/DO_A_PAPER_May_18/Papers/Paper_xAI_in_Cyber_2/6_Analysis_Results/xai_surfacebench/data/kddcup99_sa_score_stream.csv
calibrated_anchor,default,default,adversarial_explanation_flood,never_explain,10,5000,0.0,0.014680769230769214,0.7634,0.0,0.0,0.0,11880.15460505341,0.0,0.0,0.0,0.0,0.0,0.8073526574350263,0.0,0.0,12.1774,44.918,calibrated:/Users/let/Documents/DO_A_PAPER_May_18/Papers/Paper_xAI_in_Cyber_2/6_Analysis_Results/xai_surfacebench/data/kddcup99_sa_score_stream.csv
calibrated_anchor,default,default,adversarial_explanation_flood,always_explain,10,5000,0.0,0.020733963120745703,1.06087,1.0,1.0,0.8499999999999632,0.0,2.878855555555431,0.0,0.0,0.0,12.1928,0.804135686013389,0.0408,0.6522,12.1928,45.055,calibrated:/Users/let/Documents/DO_A_PAPER_May_18/Papers/Paper_xAI_in_Cyber_2/6_Analysis_Results/xai_surfacebench/data/kddcup99_sa_score_stream.csv
calibrated_anchor,default,default,adversarial_explanation_flood,threshold_explain,10,5000,0.0,0.015347960345470799,0.7977700000000035,0.04142035718993041,0.17830066298567557,0.023530380914722527,11036.031424770596,0.03476944444444566,0.0,0.0,0.0,0.32094399999998247,0.7946272946206441,0.0,0.0,12.1392,45.0946,calibrated:/Users/let/Documents/DO_A_PAPER_May_18/Papers/Paper_xAI_in_Cyber_2/6_Analysis_Results/xai_surfacebench/data/kddcup99_sa_score_stream.csv
calibrated_anchor,default,default,adversarial_explanation_flood,rate_limited,10,5000,0.0,0.016885099282204327,0.8752845200000052,0.3726295097132365,0.36486172481567675,0.3816315911193336,7205.69679308912,0.2822194444444439,0.0,0.0,0.0,2.8152400000000344,0.7923528331941747,0.0,0.0,12.1072,45.0328,calibrated:/Users/let/Documents/DO_A_PAPER_May_18/Papers/Paper_xAI_in_Cyber_2/6_Analysis_Results/xai_surfacebench/data/kddcup99_sa_score_stream.csv
calibrated_anchor,default,default,adversarial_explanation_flood,fifo_explanation,10,5000,0.0,0.019971477737781115,1.0258399999999903,0.8812740198261501,0.7598895625456233,0.8678088970260286,278.2802726599635,2.523036111110993,0.0,0.0,0.0,10.6858,0.7921181916535125,0.0,0.6046,12.1254,45.1064,calibrated:/Users/let/Documents/DO_A_PAPER_May_18/Papers/Paper_xAI_in_Cyber_2/6_Analysis_Results/xai_surfacebench/data/kddcup99_sa_score_stream.csv
calibrated_anchor,default,default,adversarial_explanation_flood,static_coarse_full,10,5000,0.0,0.015521443882071145,0.8067834800000019,0.04087447155006532,0.17418009264409015,0.023182707966639772,11068.473285505295,0.03409444444444565,0.0,0.0,0.0,0.3166239999999828,0.8061033345068793,0.0,0.0,12.1582,44.8782,calibrated:/Users/let/Documents/DO_A_PAPER_May_18/Papers/Paper_xAI_in_Cyber_2/6_Analysis_Results/xai_surfacebench/data/kddcup99_sa_score_stream.csv
calibrated_anchor,default,default,adversarial_explanation_flood,static_offload,10,5000,0.0,0.014267136715898736,0.7416013200000015,0.04174738090531761,0.17810263123161957,0.025091915398299986,10879.943580389603,0.03711111111111248,0.0021578704618831126,0.0,0.0,0.30491199999998286,0.8001236495291986,0.0,0.0,12.1416,44.9658,calibrated:/Users/let/Documents/DO_A_PAPER_May_18/Papers/Paper_xAI_in_Cyber_2/6_Analysis_Results/xai_surfacebench/data/kddcup99_sa_score_stream.csv
calibrated_anchor,default,default,adversarial_explanation_flood,budget_only_bexgov,10,5000,0.0,0.014580818433403375,0.7578924000000011,0.040815350095690865,0.179738850182009,0.02323384808288786,10974.608520489193,0.03455277777777907,0.0,0.0,0.0,0.3165519999999825,0.7962064872890258,0.0,0.0,12.1224,44.9926,calibrated:/Users/let/Documents/DO_A_PAPER_May_18/Papers/Paper_xAI_in_Cyber_2/6_Analysis_Results/xai_surfacebench/data/kddcup99_sa_score_stream.csv
calibrated_anchor,default,default,adversarial_explanation_flood,xai_gate,10,5000,0.0,0.016150491587439454,0.8325857000000016,0.6811585780936328,0.796562615661431,0.665947301134004,823.9994765751378,0.9370472222222601,0.03981470720085009,0.3949094290126019,0.4863935977685168,6.671415999999929,0.789246813510335,0.0004,0.0,12.0458,44.8822,calibrated:/Users/let/Documents/DO_A_PAPER_May_18/Papers/Paper_xAI_in_Cyber_2/6_Analysis_Results/xai_surfacebench/data/kddcup99_sa_score_stream.csv
calibrated_anchor,default,default,transient_overload,never_explain,10,5000,0.24558350845733767,1.0223038461538618,53.1598,0.0,0.0,0.0,8351.625027382905,0.0,0.0,0.0,0.0,0.0,0.20808984304400036,0.0,0.0,10.227,56.4362,calibrated:/Users/let/Documents/DO_A_PAPER_May_18/Papers/Paper_xAI_in_Cyber_2/6_Analysis_Results/xai_surfacebench/data/kddcup99_sa_score_stream.csv
calibrated_anchor,default,default,transient_overload,always_explain,10,5000,0.25002508557561615,1.052579186439772,53.290306999999984,1.0,1.0,0.8499999999999842,0.0,2.3946861111110667,0.0,0.0,0.0,10.1422,0.20294527193238499,0.198,0.5242,10.1422,56.2076,calibrated:/Users/let/Documents/DO_A_PAPER_May_18/Papers/Paper_xAI_in_Cyber_2/6_Analysis_Results/xai_surfacebench/data/kddcup99_sa_score_stream.csv
calibrated_anchor,default,default,transient_overload,threshold_explain,10,5000,0.24541093594447563,1.0247278194631628,53.255991159999915,0.02994573840819671,0.13128419312291442,0.01687300436835199,7818.1236872321215,0.020302777777778294,0.0,0.0,0.0,0.19333599999999382,0.21002455651316176,0.0,0.0,10.2098,56.2512,calibrated:/Users/let/Documents/DO_A_PAPER_May_18/Papers/Paper_xAI_in_Cyber_2/6_Analysis_Results/xai_surfacebench/data/kddcup99_sa_score_stream.csv
calibrated_anchor,default,default,transient_overload,rate_limited,10,5000,0.24660172176724715,1.0289264171961476,53.34474431999992,0.3049405989199847,0.30741775060218013,0.4932547864506623,8301.505544138134,0.19346111111110825,0.0,0.0,0.0,1.9362880000000462,0.2062319020802652,0.0,0.0,10.185,56.291,calibrated:/Users/let/Documents/DO_A_PAPER_May_18/Papers/Paper_xAI_in_Cyber_2/6_Analysis_Results/xai_surfacebench/data/kddcup99_sa_score_stream.csv
calibrated_anchor,default,default,transient_overload,fifo_explanation,10,5000,0.2485648337864825,1.0363885663308656,53.21092900000001,0.7159982734264637,0.6307022310729801,0.8926002589860234,5811.586612285391,1.7232805555555712,0.0,0.0,0.0,7.2986,0.21078656703476262,0.0,0.4464,10.1936,56.1266,calibrated:/Users/let/Documents/DO_A_PAPER_May_18/Papers/Paper_xAI_in_Cyber_2/6_Analysis_Results/xai_surfacebench/data/kddcup99_sa_score_stream.csv
calibrated_anchor,default,default,transient_overload,static_coarse_full,10,5000,0.24631103535460944,1.025964450123152,53.320377719999875,0.03010939485387609,0.1319640340488872,0.016967121982210943,7592.02003094121,0.020152777777778273,0.0,0.0,0.0,0.19182399999999392,0.19240730482048218,0.0,0.0,10.0736,56.3208,calibrated:/Users/let/Documents/DO_A_PAPER_May_18/Papers/Paper_xAI_in_Cyber_2/6_Analysis_Results/xai_surfacebench/data/kddcup99_sa_score_stream.csv
calibrated_anchor,default,default,transient_overload,static_offload,10,5000,0.24624886547322355,1.0240271462356751,53.221843319999884,0.029264619019492615,0.12855284049558527,0.01708978145304194,7766.924649636107,0.02048333333333379,0.0009450679267572357,0.0,0.0,0.18112799999999435,0.2029145632240632,0.0,0.0,10.158,56.2966,calibrated:/Users/let/Documents/DO_A_PAPER_May_18/Papers/Paper_xAI_in_Cyber_2/6_Analysis_Results/xai_surfacebench/data/kddcup99_sa_score_stream.csv
calibrated_anchor,default,default,transient_overload,budget_only_bexgov,10,5000,0.2449717347884992,1.025881100966329,53.316025239999874,0.030115639959812267,0.1318358137464108,0.016968735840507492,7778.056014697371,0.020302777777778277,0.0,0.0,0.0,0.1933359999999943,0.2069572247188316,0.0,0.0,10.1522,56.076,calibrated:/Users/let/Documents/DO_A_PAPER_May_18/Papers/Paper_xAI_in_Cyber_2/6_Analysis_Results/xai_surfacebench/data/kddcup99_sa_score_stream.csv
calibrated_anchor,default,default,transient_overload,xai_gate,10,5000,0.24881167824806696,1.0341637455232358,53.228422059999964,0.6761555888263237,0.7272596028720497,0.7684315038808848,955.3275185786115,0.9637122222223345,0.24140104802805248,0.1516488712028683,0.5920767503250463,4.151555999999822,0.20346991562292227,0.0124,0.0,10.1524,56.2396,calibrated:/Users/let/Documents/DO_A_PAPER_May_18/Papers/Paper_xAI_in_Cyber_2/6_Analysis_Results/xai_surfacebench/data/kddcup99_sa_score_stream.csv
calibrated_anchor,default,default,non_markovian,never_explain,10,5000,0.13444714883056716,1.1604153846153966,60.3416,0.0,0.0,0.0,6772.175389218715,0.0,0.0,0.0,0.0,0.0,0.1297481249793515,0.0,0.0,9.2322,54.4794,calibrated:/Users/let/Documents/DO_A_PAPER_May_18/Papers/Paper_xAI_in_Cyber_2/6_Analysis_Results/xai_surfacebench/data/kddcup99_sa_score_stream.csv
calibrated_anchor,default,default,non_markovian,always_explain,10,5000,0.14106311711764213,1.2606752362728915,64.4813539999999,1.0,1.0,0.8499999999999795,0.0,2.189599999999947,0.0,0.0,0.0,9.2736,0.1254478198817448,0.0946,0.5444,9.2736,54.9328,calibrated:/Users/let/Documents/DO_A_PAPER_May_18/Papers/Paper_xAI_in_Cyber_2/6_Analysis_Results/xai_surfacebench/data/kddcup99_sa_score_stream.csv
calibrated_anchor,default,default,non_markovian,threshold_explain,10,5000,0.13447828598835027,1.2176056085880425,63.29345700000002,0.029416928579170627,0.12684286200495307,0.016540587406524337,6226.713712592003,0.017836111111111094,0.0,0.0,0.0,0.1712319999999933,0.12605273788123617,0.0,0.0,9.227,54.6274,calibrated:/Users/let/Documents/DO_A_PAPER_May_18/Papers/Paper_xAI_in_Cyber_2/6_Analysis_Results/xai_surfacebench/data/kddcup99_sa_score_stream.csv
calibrated_anchor,default,default,non_markovian,rate_limited,10,5000,0.1338260427197125,1.2310104074530248,63.841476440000044,0.3671449374678843,0.3455913592231421,0.389585831762892,3777.610119592583,0.2132611111111058,0.0,0.0,0.0,2.136976000000026,0.12798400879274752,0.0,0.0,9.3392,55.197,calibrated:/Users/let/Documents/DO_A_PAPER_May_18/Papers/Paper_xAI_in_Cyber_2/6_Analysis_Results/xai_surfacebench/data/kddcup99_sa_score_stream.csv
calibrated_anchor,default,default,non_markovian,fifo_explanation,10,5000,0.13663993397398724,1.2291138720994237,63.25795399999988,0.8259123450323032,0.75542457406007,0.8761131482451312,143.2424635313052,1.7868888888888768,0.0,0.0,0.0,7.568,0.12288338100244722,0.0,0.444,9.1632,54.4028,calibrated:/Users/let/Documents/DO_A_PAPER_May_18/Papers/Paper_xAI_in_Cyber_2/6_Analysis_Results/xai_surfacebench/data/kddcup99_sa_score_stream.csv
calibrated_anchor,default,default,non_markovian,static_coarse_full,10,5000,0.13648145173026,1.2828357588757855,66.68572923999994,0.028972916084968225,0.13396772941494406,0.016399621985008286,6520.210982728983,0.018327777777777787,0.0,0.0,0.0,0.17149599999999324,0.12922863490400638,0.0,0.0,9.3118,54.9744,calibrated:/Users/let/Documents/DO_A_PAPER_May_18/Papers/Paper_xAI_in_Cyber_2/6_Analysis_Results/xai_surfacebench/data/kddcup99_sa_score_stream.csv
calibrated_anchor,default,default,non_markovian,static_offload,10,5000,0.1353581793748432,1.2212063473698274,63.48160715999977,0.02978620955315959,0.12867925315043577,0.017320022256462935,6524.206866487774,0.019005555555555664,0.0008774182502996063,0.0,0.0,0.16992799999999314,0.13450381846190806,0.0,0.0,9.3456,54.9174,calibrated:/Users/let/Documents/DO_A_PAPER_May_18/Papers/Paper_xAI_in_Cyber_2/6_Analysis_Results/xai_surfacebench/data/kddcup99_sa_score_stream.csv
calibrated_anchor,default,default,non_markovian,budget_only_bexgov,10,5000,0.13266124304613255,1.2014564139280424,62.45425811999992,0.02978875373360542,0.1268138762904995,0.01673412406389335,6452.259504567298,0.0180027777777778,0.0,0.0,0.0,0.17346399999999318,0.1265661822885582,0.0,0.0,9.2404,54.6818,calibrated:/Users/let/Documents/DO_A_PAPER_May_18/Papers/Paper_xAI_in_Cyber_2/6_Analysis_Results/xai_surfacebench/data/kddcup99_sa_score_stream.csv
calibrated_anchor,default,default,non_markovian,xai_gate,10,5000,0.13672159749087506,1.2597881981991843,65.1835961599999,0.5609451036024576,0.6241896113920289,0.5293300232138145,108.61770028770671,0.4067822222222118,0.0802811452153727,2.1494282520849452e-05,0.6454303155360674,3.5444359999998536,0.12983483778841798,0.0002,0.0,9.3048,54.9036,calibrated:/Users/let/Documents/DO_A_PAPER_May_18/Papers/Paper_xAI_in_Cyber_2/6_Analysis_Results/xai_surfacebench/data/kddcup99_sa_score_stream.csv
calibrated_anchor,default,default,rtt_uncertainty,never_explain,10,5000,0.0,0.015523076923076912,0.8072,0.0,0.0,0.0,3499.810929952655,0.0,0.0,0.0,0.0,0.0,0.0803144284977515,0.0,0.0,7.2894,44.9832,calibrated:/Users/let/Documents/DO_A_PAPER_May_18/Papers/Paper_xAI_in_Cyber_2/6_Analysis_Results/xai_surfacebench/data/kddcup99_sa_score_stream.csv
calibrated_anchor,default,default,rtt_uncertainty,always_explain,10,5000,0.0,0.016276144801601385,0.8381800000000011,1.0,1.0,0.8499999999999782,0.0,1.7081222222221784,0.0,0.0,0.0,7.2344,0.07406384640281427,0.0006,0.4142,7.2344,44.9036,calibrated:/Users/let/Documents/DO_A_PAPER_May_18/Papers/Paper_xAI_in_Cyber_2/6_Analysis_Results/xai_surfacebench/data/kddcup99_sa_score_stream.csv
calibrated_anchor,default,default,rtt_uncertainty,threshold_explain,10,5000,0.0,0.015317708952044921,0.7963825600000055,0.02803658502989122,0.123484269357498,0.015778671588749012,3179.3609613921317,0.013436111111110736,0.0,0.0,0.0,0.12853599999999504,0.074852351785476,0.0,0.0,7.2598,45.0282,calibrated:/Users/let/Documents/DO_A_PAPER_May_18/Papers/Paper_xAI_in_Cyber_2/6_Analysis_Results/xai_surfacebench/data/kddcup99_sa_score_stream.csv
calibrated_anchor,default,default,rtt_uncertainty,rate_limited,10,5000,0.0,0.01392950792289202,0.7224207600000037,0.45046949003195064,0.3957492237371125,0.25051217094393674,0.9833680840302881,0.20304722222221586,0.0,0.0,0.0,2.038160000000012,0.07772525069071579,0.0,0.0,7.2632,44.9292,calibrated:/Users/let/Documents/DO_A_PAPER_May_18/Papers/Paper_xAI_in_Cyber_2/6_Analysis_Results/xai_surfacebench/data/kddcup99_sa_score_stream.csv
calibrated_anchor,default,default,rtt_uncertainty,fifo_explanation,10,5000,0.0,0.017911809276986733,0.9227319999999992,0.9905541561712846,0.9784930835741944,0.8514168765742931,0.038462810838451204,1.7084527777777492,0.0,0.0,0.0,7.2358,0.07986967294057945,0.0,0.4146,7.3048,45.0968,calibrated:/Users/let/Documents/DO_A_PAPER_May_18/Papers/Paper_xAI_in_Cyber_2/6_Analysis_Results/xai_surfacebench/data/kddcup99_sa_score_stream.csv
calibrated_anchor,default,default,rtt_uncertainty,static_coarse_full,10,5000,0.0,0.01331614037192477,0.692323400000004,0.028867676102699802,0.1288781746936538,0.016279899056396763,3164.9622272415963,0.014038888888888499,0.0,0.0,0.0,0.13323199999999466,0.08272820421437155,0.0,0.0,7.2912,44.894,calibrated:/Users/let/Documents/DO_A_PAPER_May_18/Papers/Paper_xAI_in_Cyber_2/6_Analysis_Results/xai_surfacebench/data/kddcup99_sa_score_stream.csv
calibrated_anchor,default,default,rtt_uncertainty,static_offload,10,5000,0.0,0.013842777733070431,0.7197163600000044,0.028174625055139558,0.12339298170175692,0.016665698743666503,3179.120309213812,0.013949999999999635,0.0008270842523158359,0.0,0.0,0.12477599999999502,0.07772439468625092,0.0,0.0,7.2544,44.8748,calibrated:/Users/let/Documents/DO_A_PAPER_May_18/Papers/Paper_xAI_in_Cyber_2/6_Analysis_Results/xai_surfacebench/data/kddcup99_sa_score_stream.csv
calibrated_anchor,default,default,rtt_uncertainty,budget_only_bexgov,10,5000,0.0,0.013263487015629365,0.6895876400000034,0.027333425490738774,0.12291181191724682,0.015405031794304677,3030.9226447634182,0.01314722222222187,0.0,0.0,0.0,0.12507199999999505,0.07603174249016198,0.0,0.0,7.234,44.819,calibrated:/Users/let/Documents/DO_A_PAPER_May_18/Papers/Paper_xAI_in_Cyber_2/6_Analysis_Results/xai_surfacebench/data/kddcup99_sa_score_stream.csv
calibrated_anchor,default,default,rtt_uncertainty,xai_gate,10,5000,0.0,0.0156729282164484,0.8116484800000009,0.5769180175754607,0.6619819708010612,0.5393909023252398,0.29444860668974776,0.2023988888888824,0.009415424922220403,0.014191365100158289,0.8846678674744828,3.2828719999998204,0.08238880568577289,0.0,0.0,7.3284,45.1372,calibrated:/Users/let/Documents/DO_A_PAPER_May_18/Papers/Paper_xAI_in_Cyber_2/6_Analysis_Results/xai_surfacebench/data/kddcup99_sa_score_stream.csv
calibrated_anchor,default,default,adversarial_explanation_flood,never_explain,11,5000,0.0,0.014857692307692315,0.7726,0.0,0.0,0.0,11722.880434468512,0.0,0.0,0.0,0.0,0.0,0.7998938570509442,0.0,0.0,12.1414,44.9708,calibrated:/Users/let/Documents/DO_A_PAPER_May_18/Papers/Paper_xAI_in_Cyber_2/6_Analysis_Results/xai_surfacebench/data/kddcup99_sa_score_stream.csv
calibrated_anchor,default,default,adversarial_explanation_flood,always_explain,11,5000,0.0,0.021423749057895385,1.0963360000000024,1.0,1.0,0.8499999999999683,0.0,2.8927388888887813,0.0,0.0,0.0,12.2516,0.8089176112412901,0.0448,0.6512,12.2516,45.1526,calibrated:/Users/let/Documents/DO_A_PAPER_May_18/Papers/Paper_xAI_in_Cyber_2/6_Analysis_Results/xai_surfacebench/data/kddcup99_sa_score_stream.csv
calibrated_anchor,default,default,adversarial_explanation_flood,threshold_explain,11,5000,0.0,0.01534683862766216,0.7977038000000027,0.04157803307166656,0.17420468755165253,0.023552500040970814,11093.650778084608,0.03460000000000118,0.0,0.0,0.0,0.3228239999999816,0.8015089582401496,0.0,0.0,12.2038,45.1614,calibrated:/Users/let/Documents/DO_A_PAPER_May_18/Papers/Paper_xAI_in_Cyber_2/6_Analysis_Results/xai_surfacebench/data/kddcup99_sa_score_stream.csv
calibrated_anchor,default,default,adversarial_explanation_flood,rate_limited,11,5000,0.0,0.015498283151480012,0.8033672000000046,0.3701626269754087,0.36331248586550274,0.38572542133679,7436.03166493681,0.2822083333333324,0.0,0.0,0.0,2.815128000000041,0.8048508866240767,0.0,0.0,12.1874,45.0172,calibrated:/Users/let/Documents/DO_A_PAPER_May_18/Papers/Paper_xAI_in_Cyber_2/6_Analysis_Results/xai_surfacebench/data/kddcup99_sa_score_stream.csv
calibrated_anchor,default,default,adversarial_explanation_flood,fifo_explanation,11,5000,0.0,0.018334059279978946,0.9416429999999923,0.8789535017315804,0.7514656533440681,0.8681569747402094,427.4702413896356,2.5288444444443163,0.0,0.0,0.0,10.7104,0.8037693619440067,0.0,0.6046,12.1854,45.0368,calibrated:/Users/let/Documents/DO_A_PAPER_May_18/Papers/Paper_xAI_in_Cyber_2/6_Analysis_Results/xai_surfacebench/data/kddcup99_sa_score_stream.csv
calibrated_anchor,default,default,adversarial_explanation_flood,static_coarse_full,11,5000,0.0,0.01475631475935247,0.7669933600000013,0.041917154523540355,0.1755730752304642,0.023750840425706347,11058.529563045739,0.03490555555555684,0.0,0.0,0.0,0.3253519999999817,0.8069568773168088,0.0,0.0,12.1962,44.9972,calibrated:/Users/let/Documents/DO_A_PAPER_May_18/Papers/Paper_xAI_in_Cyber_2/6_Analysis_Results/xai_surfacebench/data/kddcup99_sa_score_stream.csv
calibrated_anchor,default,default,adversarial_explanation_flood,static_offload,11,5000,0.0,0.015035530386890974,0.7815326800000023,0.04207097970367715,0.1703657954261028,0.02480220519467727,11060.36167626891,0.03605555555555677,0.0016243621507211184,0.0,0.0,0.3111679999999828,0.8071864028845295,0.0,0.0,12.1894,44.9664,calibrated:/Users/let/Documents/DO_A_PAPER_May_18/Papers/Paper_xAI_in_Cyber_2/6_Analysis_Results/xai_surfacebench/data/kddcup99_sa_score_stream.csv
calibrated_anchor,default,default,adversarial_explanation_flood,budget_only_bexgov,11,5000,0.0,0.013631577690232675,0.7085207600000011,0.04138680461441872,0.1694316589360856,0.02338197864674575,10849.51060351988,0.033705555555556786,0.0,0.0,0.0,0.3176719999999827,0.7993520001308523,0.0,0.0,12.1012,44.8354,calibrated:/Users/let/Documents/DO_A_PAPER_May_18/Papers/Paper_xAI_in_Cyber_2/6_Analysis_Results/xai_surfacebench/data/kddcup99_sa_score_stream.csv
calibrated_anchor,default,default,adversarial_explanation_flood,xai_gate,11,5000,0.0,0.017118679163180356,0.8825057000000024,0.6816096314010267,0.793029136935106,0.6658205656798926,864.9214442049677,0.9465672222222618,0.04033973777521234,0.37961573348725985,0.49539045105961904,6.722599999999906,0.7936271290725221,0.001,0.0,12.127,45.0744,calibrated:/Users/let/Documents/DO_A_PAPER_May_18/Papers/Paper_xAI_in_Cyber_2/6_Analysis_Results/xai_surfacebench/data/kddcup99_sa_score_stream.csv
calibrated_anchor,default,default,transient_overload,never_explain,11,5000,0.24490327553536573,1.0252269230769389,53.3118,0.0,0.0,0.0,8320.263709441004,0.0,0.0,0.0,0.0,0.0,0.2110809373762219,0.0,0.0,10.1814,56.0458,calibrated:/Users/let/Documents/DO_A_PAPER_May_18/Papers/Paper_xAI_in_Cyber_2/6_Analysis_Results/xai_surfacebench/data/kddcup99_sa_score_stream.csv
calibrated_anchor,default,default,transient_overload,always_explain,11,5000,0.25031585143958046,1.0540822696809646,53.382278,1.0,1.0,0.8499999999999822,0.0,2.3661166666666174,0.0,0.0,0.0,10.0212,0.19176567126904165,0.1994,0.5242,10.0212,56.058,calibrated:/Users/let/Documents/DO_A_PAPER_May_18/Papers/Paper_xAI_in_Cyber_2/6_Analysis_Results/xai_surfacebench/data/kddcup99_sa_score_stream.csv
calibrated_anchor,default,default,transient_overload,threshold_explain,11,5000,0.24423426853063826,1.028783309445063,53.46626991999996,0.03036115823109455,0.1334046243971143,0.01711704603731904,7629.166328010231,0.02050277777777829,0.0,0.0,0.0,0.19479999999999428,0.2056613622608403,0.0,0.0,10.1396,56.0666,calibrated:/Users/let/Documents/DO_A_PAPER_May_18/Papers/Paper_xAI_in_Cyber_2/6_Analysis_Results/xai_surfacebench/data/kddcup99_sa_score_stream.csv
calibrated_anchor,default,default,transient_overload,rate_limited,11,5000,0.24527021426839385,1.0272202803076402,53.25577547999994,0.3037939549585185,0.31211415465832876,0.49562425918609226,8325.187747444432,0.19211944444444123,0.0,0.0,0.0,1.9186240000000354,0.20353595153520998,0.0,0.0,10.124,56.0792,calibrated:/Users/let/Documents/DO_A_PAPER_May_18/Papers/Paper_xAI_in_Cyber_2/6_Analysis_Results/xai_surfacebench/data/kddcup99_sa_score_stream.csv
calibrated_anchor,default,default,transient_overload,fifo_explanation,11,5000,0.2486921716102142,1.0400741470343955,53.40182500000001,0.7175094354535934,0.6276695655605651,0.8923735846819517,5739.015631475632,1.7146861111111298,0.0,0.0,0.0,7.2622,0.20090126326355628,0.0,0.4452,10.1214,56.1878,calibrated:/Users/let/Documents/DO_A_PAPER_May_18/Papers/Paper_xAI_in_Cyber_2/6_Analysis_Results/xai_surfacebench/data/kddcup99_sa_score_stream.csv
calibrated_anchor,default,default,transient_overload,static_coarse_full,11,5000,0.2455053551570857,1.0267242135901824,53.36039115999996,0.029595040180070517,0.13004892366306894,0.01667423539400163,7686.055030560933,0.01990000000000047,0.0,0.0,0.0,0.18955199999999428,0.199595926579909,0.0,0.0,10.1294,56.2934,calibrated:/Users/let/Documents/DO_A_PAPER_May_18/Papers/Paper_xAI_in_Cyber_2/6_Analysis_Results/xai_surfacebench/data/kddcup99_sa_score_stream.csv
calibrated_anchor,default,default,transient_overload,static_offload,11,5000,0.24635710857593612,1.0268860078281135,53.370302039999885,0.029700588130458717,0.12870660704025377,0.017284500683181846,7640.499807795401,0.020516666666667134,0.0008911067545891997,0.0,0.0,0.18304799999999405,0.19685588029308576,0.0,0.0,10.0998,56.2574,calibrated:/Users/let/Documents/DO_A_PAPER_May_18/Papers/Paper_xAI_in_Cyber_2/6_Analysis_Results/xai_surfacebench/data/kddcup99_sa_score_stream.csv
calibrated_anchor,default,default,transient_overload,budget_only_bexgov,11,5000,0.24444209400108913,1.0261578618505878,53.330790039999876,0.030290053331747942,0.13648315044501994,0.017119689129443505,7614.9352557803895,0.020605555555556068,0.0,0.0,0.0,0.19390399999999394,0.19921112977485445,0.0,0.0,10.0878,56.0802,calibrated:/Users/let/Documents/DO_A_PAPER_May_18/Papers/Paper_xAI_in_Cyber_2/6_Analysis_Results/xai_surfacebench/data/kddcup99_sa_score_stream.csv
calibrated_anchor,default,default,transient_overload,xai_gate,11,5000,0.24625272675987933,1.0341198399537401,53.22978284000001,0.6762964570346768,0.7280557982922538,0.7688580052079476,941.0115210258907,0.9629100000001067,0.24165548804545095,0.15156237670638364,0.5927365264736053,4.146199999999795,0.2066248684880727,0.0098,0.0,10.1384,56.0152,calibrated:/Users/let/Documents/DO_A_PAPER_May_18/Papers/Paper_xAI_in_Cyber_2/6_Analysis_Results/xai_surfacebench/data/kddcup99_sa_score_stream.csv
calibrated_anchor,default,default,non_markovian,never_explain,11,5000,0.13396391302112784,1.1758230769230928,61.1428,0.0,0.0,0.0,6851.777425355045,0.0,0.0,0.0,0.0,0.0,0.13176324866038946,0.0,0.0,9.2468,54.4684,calibrated:/Users/let/Documents/DO_A_PAPER_May_18/Papers/Paper_xAI_in_Cyber_2/6_Analysis_Results/xai_surfacebench/data/kddcup99_sa_score_stream.csv
calibrated_anchor,default,default,non_markovian,always_explain,11,5000,0.13770267251198545,1.2687188620956125,64.90177199999991,1.0,1.0,0.8499999999999779,0.0,2.183272222222165,0.0,0.0,0.0,9.2468,0.12887414130093822,0.0934,0.5422,9.2468,54.6078,calibrated:/Users/let/Documents/DO_A_PAPER_May_18/Papers/Paper_xAI_in_Cyber_2/6_Analysis_Results/xai_surfacebench/data/kddcup99_sa_score_stream.csv
calibrated_anchor,default,default,non_markovian,threshold_explain,11,5000,0.13730249300847708,1.2332686758791407,64.10763407999988,0.02914133333333414,0.13179249957926903,0.016459733333333344,6616.8783203675775,0.01836388888888898,0.0,0.0,0.0,0.1732399999999933,0.13351542125060467,0.0,0.0,9.375,55.1382,calibrated:/Users/let/Documents/DO_A_PAPER_May_18/Papers/Paper_xAI_in_Cyber_2/6_Analysis_Results/xai_surfacebench/data/kddcup99_sa_score_stream.csv
calibrated_anchor,default,default,non_markovian,rate_limited,11,5000,0.13807849916818601,1.2034695169679401,62.41175011999992,0.36417850904621873,0.34000136835125,0.39421322752463717,3728.830713102098,0.20974999999999527,0.0,0.0,0.0,2.104344000000018,0.12541757523028085,0.0,0.0,9.2746,54.9402,calibrated:/Users/let/Documents/DO_A_PAPER_May_18/Papers/Paper_xAI_in_Cyber_2/6_Analysis_Results/xai_surfacebench/data/kddcup99_sa_score_stream.csv
calibrated_anchor,default,default,non_markovian,fifo_explanation,11,5000,0.13475866016090585,1.3706073737351259,70.54494800000006,0.8314573079392253,0.7636853979114789,0.8752814038090924,142.67589995235653,1.834772222222205,0.0,0.0,0.0,7.7708,0.1284863720720777,0.0,0.4578,9.346,55.2126,calibrated:/Users/let/Documents/DO_A_PAPER_May_18/Papers/Paper_xAI_in_Cyber_2/6_Analysis_Results/xai_surfacebench/data/kddcup99_sa_score_stream.csv
calibrated_anchor,default,default,non_markovian,static_coarse_full,11,5000,0.13261223379629655,1.1997429290601362,62.36463403999995,0.02987409917639067,0.13087513048714064,0.016830387783116005,6454.1284801617985,0.018486111111111182,0.0,0.0,0.0,0.176127999999993,0.12422839506173378,0.0,0.0,9.3248,55.296,calibrated:/Users/let/Documents/DO_A_PAPER_May_18/Papers/Paper_xAI_in_Cyber_2/6_Analysis_Results/xai_surfacebench/data/kddcup99_sa_score_stream.csv
calibrated_anchor,default,default,non_markovian,static_offload,11,5000,0.1355455436012142,1.2049017105174584,62.63447952000001,0.029067172264356102,0.1216567875490088,0.01668234019501625,6287.381953400677,0.01780555555555553,0.0006067172264355363,0.0,0.0,0.16469599999999363,0.12628690175922985,0.0,0.0,9.23,54.6338,calibrated:/Users/let/Documents/DO_A_PAPER_May_18/Papers/Paper_xAI_in_Cyber_2/6_Analysis_Results/xai_surfacebench/data/kddcup99_sa_score_stream.csv
calibrated_anchor,default,default,non_markovian,budget_only_bexgov,11,5000,0.1370725821234254,1.2017847889832822,62.47061639999992,0.02953437715666055,0.13454251315258403,0.01670009489302969,6373.189445158339,0.01851111111111114,0.0,0.0,0.0,0.17389599999999328,0.12426896330996007,0.0,0.0,9.2736,54.9904,calibrated:/Users/let/Documents/DO_A_PAPER_May_18/Papers/Paper_xAI_in_Cyber_2/6_Analysis_Results/xai_surfacebench/data/kddcup99_sa_score_stream.csv
calibrated_anchor,default,default,non_markovian,xai_gate,11,5000,0.13919357216355652,1.2268365213031094,63.48472358000003,0.5583651777261542,0.6196847904108683,0.5245954901454425,109.75622693121142,0.4093822222222114,0.08133230054221534,0.0,0.6269042086238058,3.50484799999985,0.13056360332484562,0.0,0.0,9.2952,54.8116,calibrated:/Users/let/Documents/DO_A_PAPER_May_18/Papers/Paper_xAI_in_Cyber_2/6_Analysis_Results/xai_surfacebench/data/kddcup99_sa_score_stream.csv
calibrated_anchor,default,default,rtt_uncertainty,never_explain,11,5000,0.0,0.013438461538461538,0.6988,0.0,0.0,0.0,3532.6562234764597,0.0,0.0,0.0,0.0,0.0,0.07716476562187213,0.0,0.0,7.2612,44.9402,calibrated:/Users/let/Documents/DO_A_PAPER_May_18/Papers/Paper_xAI_in_Cyber_2/6_Analysis_Results/xai_surfacebench/data/kddcup99_sa_score_stream.csv
calibrated_anchor,default,default,rtt_uncertainty,always_explain,11,5000,0.0,0.018000488130025482,0.927314,1.0,1.0,0.8499999999999843,0.0,1.7082166666666352,0.0,0.0,0.0,7.2348,0.07323889756701485,0.0004,0.4174,7.2348,44.9406,calibrated:/Users/let/Documents/DO_A_PAPER_May_18/Papers/Paper_xAI_in_Cyber_2/6_Analysis_Results/xai_surfacebench/data/kddcup99_sa_score_stream.csv
calibrated_anchor,default,default,rtt_uncertainty,threshold_explain,11,5000,0.0,0.013330939761782047,0.6930908400000031,0.02878115961988769,0.1268011338075611,0.016208511224349274,3120.0622912996328,0.013841666666666277,0.0,0.0,0.0,0.13207199999999464,0.07748034907930035,0.0,0.0,7.261,44.9258,calibrated:/Users/let/Documents/DO_A_PAPER_May_18/Papers/Paper_xAI_in_Cyber_2/6_Analysis_Results/xai_surfacebench/data/kddcup99_sa_score_stream.csv
calibrated_anchor,default,default,rtt_uncertainty,rate_limited,11,5000,0.0,0.015369970282063704,0.7971401600000041,0.45054355285915326,0.39822098200980366,0.25059296675542875,1.004204513035566,0.20387222222221696,0.0,0.0,0.0,2.045096000000008,0.07780480155278058,0.0,0.0,7.2854,45.0632,calibrated:/Users/let/Documents/DO_A_PAPER_May_18/Papers/Paper_xAI_in_Cyber_2/6_Analysis_Results/xai_surfacebench/data/kddcup99_sa_score_stream.csv
calibrated_anchor,default,default,rtt_uncertainty,fifo_explanation,11,5000,0.0,0.019452966341072162,1.0022509999999962,0.9908655937364071,0.9806009034532143,0.8513701609395233,0.038860070225315284,1.7211555555555245,0.0,0.0,0.0,7.2896,0.08528504074539311,0.0,0.4158,7.3568,45.1912,calibrated:/Users/let/Documents/DO_A_PAPER_May_18/Papers/Paper_xAI_in_Cyber_2/6_Analysis_Results/xai_surfacebench/data/kddcup99_sa_score_stream.csv
calibrated_anchor,default,default,rtt_uncertainty,static_coarse_full,11,5000,0.0,0.014760098408041916,0.767374840000004,0.029356681977253572,0.13138214940066306,0.01656687445319336,3183.595966017639,0.014372222222221856,0.0,0.0,0.0,0.1360399999999943,0.0822374406930868,0.0,0.0,7.3152,45.0622,calibrated:/Users/let/Documents/DO_A_PAPER_May_18/Papers/Paper_xAI_in_Cyber_2/6_Analysis_Results/xai_surfacebench/data/kddcup99_sa_score_stream.csv
calibrated_anchor,default,default,rtt_uncertainty,static_offload,11,5000,0.0,0.015171491033484554,0.7887845200000032,0.029541701073493687,0.1316696290769909,0.017715003218373503,3159.906026173476,0.014983333333333074,0.0010734929810074319,0.0,0.0,0.13043999999999484,0.07648271938557749,0.0,0.0,7.266,44.9984,calibrated:/Users/let/Documents/DO_A_PAPER_May_18/Papers/Paper_xAI_in_Cyber_2/6_Analysis_Results/xai_surfacebench/data/kddcup99_sa_score_stream.csv
calibrated_anchor,default,default,rtt_uncertainty,budget_only_bexgov,11,5000,0.0,0.014339576668695179,0.7455465200000051,0.027493250316822454,0.1193666981083932,0.015444377100666706,3171.7062859943208,0.01305277777777742,0.0,0.0,0.0,0.12577599999999498,0.0771479231117338,0.0,0.0,7.2596,44.931,calibrated:/Users/let/Documents/DO_A_PAPER_May_18/Papers/Paper_xAI_in_Cyber_2/6_Analysis_Results/xai_surfacebench/data/kddcup99_sa_score_stream.csv
calibrated_anchor,default,default,rtt_uncertainty,xai_gate,11,5000,0.0,0.01606183412753882,0.8317687800000014,0.5761068660326517,0.6577902069438851,0.537429270723052,0.29107465715751096,0.2016055555555497,0.009427738991809136,0.015502171403441262,0.8766148095211918,3.2510839999998264,0.07929953217102836,0.0,0.0,7.2764,44.9452,calibrated:/Users/let/Documents/DO_A_PAPER_May_18/Papers/Paper_xAI_in_Cyber_2/6_Analysis_Results/xai_surfacebench/data/kddcup99_sa_score_stream.csv
calibrated_anchor,default,default,adversarial_explanation_flood,never_explain,12,5000,0.0,0.015269230769230754,0.794,0.0,0.0,0.0,12041.075389022231,0.0,0.0,0.0,0.0,0.0,0.8115646499751772,0.0,0.0,12.2598,45.1168,calibrated:/Users/let/Documents/DO_A_PAPER_May_18/Papers/Paper_xAI_in_Cyber_2/6_Analysis_Results/xai_surfacebench/data/kddcup99_sa_score_stream.csv
calibrated_anchor,default,default,adversarial_explanation_flood,always_explain,12,5000,0.0,0.02181017881628371,1.1163230000000006,1.0,1.0,0.8499999999999633,0.0,2.871536111110987,0.0,0.0,0.0,12.1618,0.7961521363810162,0.0416,0.6498,12.1618,45.1402,calibrated:/Users/let/Documents/DO_A_PAPER_May_18/Papers/Paper_xAI_in_Cyber_2/6_Analysis_Results/xai_surfacebench/data/kddcup99_sa_score_stream.csv
calibrated_anchor,default,default,adversarial_explanation_flood,threshold_explain,12,5000,0.0,0.016914393981346733,0.8791920400000035,0.04102213584557632,0.17320721004681325,0.023245931879570452,10947.766846455695,0.034027777777779065,0.0,0.0,0.0,0.31705599999998313,0.7958319283986164,0.0,0.0,12.1432,45.0792,calibrated:/Users/let/Documents/DO_A_PAPER_May_18/Papers/Paper_xAI_in_Cyber_2/6_Analysis_Results/xai_surfacebench/data/kddcup99_sa_score_stream.csv
calibrated_anchor,default,default,adversarial_explanation_flood,rate_limited,12,5000,0.0,0.015433503573684285,0.8000304800000048,0.3723804570371902,0.36304287145622754,0.3818951852585691,7265.458944698569,0.2819527777777768,0.0,0.0,0.0,2.8142080000000416,0.7961892814086218,0.0,0.0,12.1128,44.9574,calibrated:/Users/let/Documents/DO_A_PAPER_May_18/Papers/Paper_xAI_in_Cyber_2/6_Analysis_Results/xai_surfacebench/data/kddcup99_sa_score_stream.csv
calibrated_anchor,default,default,adversarial_explanation_flood,fifo_explanation,12,5000,0.0,0.020368641581811096,1.0461129999999894,0.8745930736638912,0.7457093910521223,0.8688110389503632,479.21296378448886,2.5246416666665397,0.0,0.0,0.0,10.6926,0.8116483216861956,0.0,0.6042,12.2258,44.9896,calibrated:/Users/let/Documents/DO_A_PAPER_May_18/Papers/Paper_xAI_in_Cyber_2/6_Analysis_Results/xai_surfacebench/data/kddcup99_sa_score_stream.csv
calibrated_anchor,default,default,adversarial_explanation_flood,static_coarse_full,12,5000,0.0,0.014158350005432266,0.7359227600000032,0.041948188919284354,0.17774843828271292,0.023799479252496612,11000.411506025313,0.03498333333333457,0.0,0.0,0.0,0.32447999999998156,0.8023267901641546,0.0,0.0,12.1364,44.8916,calibrated:/Users/let/Documents/DO_A_PAPER_May_18/Papers/Paper_xAI_in_Cyber_2/6_Analysis_Results/xai_surfacebench/data/kddcup99_sa_score_stream.csv
calibrated_anchor,default,default,adversarial_explanation_flood,static_offload,12,5000,0.0,0.015312695363389176,0.7959322000000019,0.042210398197338996,0.17071788322156212,0.02488313952532107,10970.779022734601,0.03608333333333466,0.001628316255201566,0.0,0.0,0.31144799999998285,0.7954112903106716,0.0,0.0,12.1598,45.1514,calibrated:/Users/let/Documents/DO_A_PAPER_May_18/Papers/Paper_xAI_in_Cyber_2/6_Analysis_Results/xai_surfacebench/data/kddcup99_sa_score_stream.csv
calibrated_anchor,default,default,adversarial_explanation_flood,budget_only_bexgov,12,5000,0.0,0.01489303549503704,0.774128040000001,0.041209949757021906,0.17557561673830033,0.023379458034758233,10959.435471162367,0.034372222222223456,0.0,0.0,0.0,0.3188719999999824,0.7965666798364577,0.0,0.0,12.141,45.0526,calibrated:/Users/let/Documents/DO_A_PAPER_May_18/Papers/Paper_xAI_in_Cyber_2/6_Analysis_Results/xai_surfacebench/data/kddcup99_sa_score_stream.csv
calibrated_anchor,default,default,adversarial_explanation_flood,xai_gate,12,5000,0.0,0.01403137605292809,0.7233523000000005,0.6810836726652026,0.7888823786963356,0.6661598581374009,882.6885749314761,0.9489383333333745,0.04162288191251806,0.37848088795481416,0.4970937869433863,6.73334399999991,0.8118587140515454,0.0004,0.0,12.1808,44.8188,calibrated:/Users/let/Documents/DO_A_PAPER_May_18/Papers/Paper_xAI_in_Cyber_2/6_Analysis_Results/xai_surfacebench/data/kddcup99_sa_score_stream.csv
calibrated_anchor,default,default,transient_overload,never_explain,12,5000,0.24584383948031968,1.023950000000015,53.2454,0.0,0.0,0.0,8280.050558939163,0.0,0.0,0.0,0.0,0.0,0.20769643527025927,0.0,0.0,10.1732,56.1576,calibrated:/Users/let/Documents/DO_A_PAPER_May_18/Papers/Paper_xAI_in_Cyber_2/6_Analysis_Results/xai_surfacebench/data/kddcup99_sa_score_stream.csv
calibrated_anchor,default,default,transient_overload,always_explain,12,5000,0.25052288058405775,1.0514250839935362,53.25538199999998,1.0,1.0,0.8499999999999861,0.0,2.3764111111110724,0.0,0.0,0.0,10.0648,0.19363760133965346,0.197,0.5256,10.0648,56.2136,calibrated:/Users/let/Documents/DO_A_PAPER_May_18/Papers/Paper_xAI_in_Cyber_2/6_Analysis_Results/xai_surfacebench/data/kddcup99_sa_score_stream.csv
calibrated_anchor,default,default,transient_overload,threshold_explain,12,5000,0.24475602789368253,1.0242886350257978,53.23286375999993,0.03044488383588795,0.1359224249864085,0.017193277310924387,7599.701273216088,0.02068333333333384,0.0,0.0,0.0,0.19523999999999408,0.20143340566877233,0.0,0.0,10.115,56.1274,calibrated:/Users/let/Documents/DO_A_PAPER_May_18/Papers/Paper_xAI_in_Cyber_2/6_Analysis_Results/xai_surfacebench/data/kddcup99_sa_score_stream.csv
calibrated_anchor,default,default,transient_overload,rate_limited,12,5000,0.24747681062036456,1.0260643239323168,53.19653804,0.30281893533263815,0.3027387443403472,0.4965618879943025,8327.369294716009,0.19044999999999748,0.0,0.0,0.0,1.9081440000000391,0.19815646357664485,0.0,0.0,10.1102,56.2542,calibrated:/Users/let/Documents/DO_A_PAPER_May_18/Papers/Paper_xAI_in_Cyber_2/6_Analysis_Results/xai_surfacebench/data/kddcup99_sa_score_stream.csv
calibrated_anchor,default,default,transient_overload,fifo_explanation,12,5000,0.2455028105316539,1.0381636801348206,53.30182899999995,0.7160345843977206,0.6316746155811418,0.8925948123403342,5810.667299874406,1.7207305555555743,0.0,0.0,0.0,7.2878,0.2100503850808797,0.0,0.4434,10.178,56.0748,calibrated:/Users/let/Documents/DO_A_PAPER_May_18/Papers/Paper_xAI_in_Cyber_2/6_Analysis_Results/xai_surfacebench/data/kddcup99_sa_score_stream.csv
calibrated_anchor,default,default,transient_overload,static_coarse_full,12,5000,0.24501435252412881,1.0246366268350502,53.251324919999924,0.029577381655059028,0.13761077176901856,0.0167620902687601,7758.3269619552775,0.02054722222222271,0.0,0.0,0.0,0.19138399999999398,0.2059736340081446,0.0,0.0,10.1652,56.1936,calibrated:/Users/let/Documents/DO_A_PAPER_May_18/Papers/Paper_xAI_in_Cyber_2/6_Analysis_Results/xai_surfacebench/data/kddcup99_sa_score_stream.csv
calibrated_anchor,default,default,transient_overload,static_offload,12,5000,0.2439680120134633,1.0252024460209221,53.281557279999916,0.030929090513059757,0.13302320478898624,0.01801924714362092,7565.122386328095,0.021416666666667136,0.0009504762281935011,0.0,0.0,0.190535999999994,0.19804899804757592,0.0,0.0,10.1002,56.2036,calibrated:/Users/let/Documents/DO_A_PAPER_May_18/Papers/Paper_xAI_in_Cyber_2/6_Analysis_Results/xai_surfacebench/data/kddcup99_sa_score_stream.csv
calibrated_anchor,default,default,transient_overload,budget_only_bexgov,12,5000,0.24488699476469553,1.0252517708624556,53.283122279999894,0.030485304843193152,0.13819629221584448,0.017243894265833528,7652.927429156044,0.020941666666667202,0.0,0.0,0.0,0.19646399999999406,0.2102625762363295,0.0,0.0,10.1462,55.8898,calibrated:/Users/let/Documents/DO_A_PAPER_May_18/Papers/Paper_xAI_in_Cyber_2/6_Analysis_Results/xai_surfacebench/data/kddcup99_sa_score_stream.csv
calibrated_anchor,default,default,transient_overload,xai_gate,12,5000,0.24671661299791842,1.036144895591783,53.34013734000001,0.6763176237624114,0.7268964347691532,0.7694732673267568,918.3270882559502,0.9625377777778831,0.24306930693069306,0.15112871287128712,0.5904950495049505,4.121919999999818,0.1979101804574599,0.0108,0.0,10.1,56.209,calibrated:/Users/let/Documents/DO_A_PAPER_May_18/Papers/Paper_xAI_in_Cyber_2/6_Analysis_Results/xai_surfacebench/data/kddcup99_sa_score_stream.csv
calibrated_anchor,default,default,non_markovian,never_explain,12,5000,0.13519582130664753,1.1771500000000101,61.2118,0.0,0.0,0.0,6697.674657365547,0.0,0.0,0.0,0.0,0.0,0.12716297197110826,0.0,0.0,9.2316,54.6008,calibrated:/Users/let/Documents/DO_A_PAPER_May_18/Papers/Paper_xAI_in_Cyber_2/6_Analysis_Results/xai_surfacebench/data/kddcup99_sa_score_stream.csv
calibrated_anchor,default,default,non_markovian,always_explain,12,5000,0.1399641928626385,1.3060785972498763,66.80246400000004,1.0,1.0,0.849999999999977,0.0,2.2155722222221623,0.0,0.0,0.0,9.3836,0.14052903647684878,0.098,0.5484,9.3836,54.8494,calibrated:/Users/let/Documents/DO_A_PAPER_May_18/Papers/Paper_xAI_in_Cyber_2/6_Analysis_Results/xai_surfacebench/data/kddcup99_sa_score_stream.csv
calibrated_anchor,default,default,non_markovian,threshold_explain,12,5000,0.13738863412953212,1.2521545854672995,65.08899916,0.030058707576277783,0.13428914095519454,0.016970560507370596,6544.861511547196,0.01881944444444453,0.0,0.0,0.0,0.17783199999999322,0.12863110675832035,0.0,0.0,9.3344,55.137,calibrated:/Users/let/Documents/DO_A_PAPER_May_18/Papers/Paper_xAI_in_Cyber_2/6_Analysis_Results/xai_surfacebench/data/kddcup99_sa_score_stream.csv
calibrated_anchor,default,default,non_markovian,rate_limited,12,5000,0.14256856628978778,1.2578764373821827,65.23300823999999,0.3609250736962738,0.34342525732181634,0.4000986151464383,4161.162518320951,0.21188611111110647,0.0,0.0,0.0,2.121736000000018,0.13989474473058783,0.0,0.0,9.4306,55.1548,calibrated:/Users/let/Documents/DO_A_PAPER_May_18/Papers/Paper_xAI_in_Cyber_2/6_Analysis_Results/xai_surfacebench/data/kddcup99_sa_score_stream.csv
calibrated_anchor,default,default,non_markovian,fifo_explanation,12,5000,0.13347675212796467,1.2702764969329525,65.380762,0.8311341638091931,0.7642660470461562,0.875329875428602,139.36022726100737,1.8084694444444394,0.0,0.0,0.0,7.6594,0.12801079098825108,0.0,0.4486,9.2156,54.4652,calibrated:/Users/let/Documents/DO_A_PAPER_May_18/Papers/Paper_xAI_in_Cyber_2/6_Analysis_Results/xai_surfacebench/data/kddcup99_sa_score_stream.csv
calibrated_anchor,default,default,non_markovian,static_coarse_full,12,5000,0.134128955673297,1.3242911674608013,68.84035979999999,0.029982887700535563,0.13698481246552088,0.016965775401069534,6670.248597101094,0.019013888888889028,0.0,0.0,0.0,0.1781359999999929,0.12795197699219618,0.0,0.0,9.35,55.2624,calibrated:/Users/let/Documents/DO_A_PAPER_May_18/Papers/Paper_xAI_in_Cyber_2/6_Analysis_Results/xai_surfacebench/data/kddcup99_sa_score_stream.csv
calibrated_anchor,default,default,non_markovian,static_offload,12,5000,0.13590160328086207,1.2516095207881826,65.06371579999995,0.02842788834324187,0.12473564554300277,0.016551434479193595,6370.537775190962,0.01807222222222226,0.0008615490652192642,0.0,0.0,0.1610479999999936,0.12732279048084094,0.0,0.0,9.2856,54.9124,calibrated:/Users/let/Documents/DO_A_PAPER_May_18/Papers/Paper_xAI_in_Cyber_2/6_Analysis_Results/xai_surfacebench/data/kddcup99_sa_score_stream.csv
calibrated_anchor,default,default,non_markovian,budget_only_bexgov,12,5000,0.13645278381329304,1.2456776140205177,64.75256611999997,0.029807323006017933,0.13744507775317485,0.016880040967865845,6661.422012474522,0.019025000000000132,0.0,0.0,0.0,0.17769599999999325,0.13333067327328618,0.0,0.0,9.3732,55.1366,calibrated:/Users/let/Documents/DO_A_PAPER_May_18/Papers/Paper_xAI_in_Cyber_2/6_Analysis_Results/xai_surfacebench/data/kddcup99_sa_score_stream.csv
calibrated_anchor,default,default,non_markovian,xai_gate,12,5000,0.13787204965324326,1.2388944421128565,64.10888207999999,0.556671464478307,0.6187263173555342,0.5222099293217805,108.47211261637402,0.40626944444443147,0.07991578766461148,0.0,0.6260070033727899,3.5050639999998587,0.13033490685159932,0.0,0.0,9.3098,54.9088,calibrated:/Users/let/Documents/DO_A_PAPER_May_18/Papers/Paper_xAI_in_Cyber_2/6_Analysis_Results/xai_surfacebench/data/kddcup99_sa_score_stream.csv
calibrated_anchor,default,default,rtt_uncertainty,never_explain,12,5000,0.0,0.013876923076923094,0.7216,0.0,0.0,0.0,3492.3347150432505,0.0,0.0,0.0,0.0,0.0,0.07771163138364567,0.0,0.0,7.2666,44.9508,calibrated:/Users/let/Documents/DO_A_PAPER_May_18/Papers/Paper_xAI_in_Cyber_2/6_Analysis_Results/xai_surfacebench/data/kddcup99_sa_score_stream.csv
calibrated_anchor,default,default,rtt_uncertainty,always_explain,12,5000,0.0,0.01851152236883108,0.9535739999999998,1.0,1.0,0.8499999999999837,0.0,1.7290416666666333,0.0,0.0,0.0,7.323,0.08310297243212639,0.0002,0.4158,7.323,45.0742,calibrated:/Users/let/Documents/DO_A_PAPER_May_18/Papers/Paper_xAI_in_Cyber_2/6_Analysis_Results/xai_surfacebench/data/kddcup99_sa_score_stream.csv
calibrated_anchor,default,default,rtt_uncertainty,threshold_explain,12,5000,0.0,0.0158498396541765,0.8240549200000038,0.029091631718883446,0.12627610210797113,0.016363785872872304,3217.9553584695636,0.013974999999999595,0.0,0.0,0.0,0.13396799999999442,0.08017604711170367,0.0,0.0,7.2966,45.0334,calibrated:/Users/let/Documents/DO_A_PAPER_May_18/Papers/Paper_xAI_in_Cyber_2/6_Analysis_Results/xai_surfacebench/data/kddcup99_sa_score_stream.csv
calibrated_anchor,default,default,rtt_uncertainty,rate_limited,12,5000,0.0,0.014975302644097207,0.7766096800000031,0.45035831591520825,0.3920494389709442,0.2503908900893076,1.308636396345788,0.20566111111110466,0.0,0.0,0.0,2.066440000000013,0.09075512563714305,0.0,0.0,7.3678,45.0318,calibrated:/Users/let/Documents/DO_A_PAPER_May_18/Papers/Paper_xAI_in_Cyber_2/6_Analysis_Results/xai_surfacebench/data/kddcup99_sa_score_stream.csv
calibrated_anchor,default,default,rtt_uncertainty,fifo_explanation,12,5000,0.0,0.018532710142438617,0.9546429999999989,0.9902279241162822,0.979263210008296,0.8514658113825402,0.04229132558579124,1.7130805555555204,0.0,0.0,0.0,7.2554,0.08117121224864832,0.0,0.4102,7.327,45.1794,calibrated:/Users/let/Documents/DO_A_PAPER_May_18/Papers/Paper_xAI_in_Cyber_2/6_Analysis_Results/xai_surfacebench/data/kddcup99_sa_score_stream.csv
calibrated_anchor,default,default,rtt_uncertainty,static_coarse_full,12,5000,0.0,0.01214927989702167,0.6316512400000028,0.028335819658545293,0.1236997660480043,0.0159373446046743,3073.475521587258,0.013499999999999623,0.0,0.0,0.0,0.1294559999999948,0.0768983613580363,0.0,0.0,7.2396,44.8176,calibrated:/Users/let/Documents/DO_A_PAPER_May_18/Papers/Paper_xAI_in_Cyber_2/6_Analysis_Results/xai_surfacebench/data/kddcup99_sa_score_stream.csv
calibrated_anchor,default,default,rtt_uncertainty,static_offload,12,5000,0.0,0.015141874514237565,0.7872446000000034,0.02735900290547755,0.11934535666888779,0.016079639204889917,3308.017827833124,0.01363888888888851,0.00073315773752953,0.0,0.0,0.12322399999999505,0.08936444619955997,0.0,0.0,7.3654,45.0746,calibrated:/Users/let/Documents/DO_A_PAPER_May_18/Papers/Paper_xAI_in_Cyber_2/6_Analysis_Results/xai_surfacebench/data/kddcup99_sa_score_stream.csv
calibrated_anchor,default,default,rtt_uncertainty,budget_only_bexgov,12,5000,0.0,0.015617243427593712,0.8119552400000047,0.028675094267965877,0.12625149996922796,0.01614627132897486,3297.493006844942,0.013991666666666265,0.0,0.0,0.0,0.13358399999999454,0.09027454285988923,0.0,0.0,7.3726,45.081,calibrated:/Users/let/Documents/DO_A_PAPER_May_18/Papers/Paper_xAI_in_Cyber_2/6_Analysis_Results/xai_surfacebench/data/kddcup99_sa_score_stream.csv
calibrated_anchor,default,default,rtt_uncertainty,xai_gate,12,5000,0.0,0.01528327081886738,0.791396000000001,0.5773113285329518,0.6611732083291852,0.5407490510515195,0.28058328876080263,0.20183666666666075,0.010141263123179244,0.014236244709503656,0.8862749409113395,3.2600479999998218,0.07891888686266757,0.0,0.0,7.2772,44.966,calibrated:/Users/let/Documents/DO_A_PAPER_May_18/Papers/Paper_xAI_in_Cyber_2/6_Analysis_Results/xai_surfacebench/data/kddcup99_sa_score_stream.csv
calibrated_anchor,default,default,adversarial_explanation_flood,never_explain,13,5000,0.0,0.01479615384615383,0.7694,0.0,0.0,0.0,11768.410727152306,0.0,0.0,0.0,0.0,0.0,0.7913868552462067,0.0,0.0,12.068,44.9112,calibrated:/Users/let/Documents/DO_A_PAPER_May_18/Papers/Paper_xAI_in_Cyber_2/6_Analysis_Results/xai_surfacebench/data/kddcup99_sa_score_stream.csv
calibrated_anchor,default,default,adversarial_explanation_flood,always_explain,13,5000,0.0,0.022908275932909738,1.1724630000000025,1.0,1.0,0.8499999999999625,0.0,2.8772972222220954,0.0,0.0,0.0,12.1862,0.8004656962691077,0.0438,0.651,12.1862,45.1224,calibrated:/Users/let/Documents/DO_A_PAPER_May_18/Papers/Paper_xAI_in_Cyber_2/6_Analysis_Results/xai_surfacebench/data/kddcup99_sa_score_stream.csv
calibrated_anchor,default,default,adversarial_explanation_flood,threshold_explain,13,5000,0.0,0.014218932778462055,0.7390814400000012,0.0416753571369456,0.17898091950355968,0.023674496366555733,10838.091303069425,0.03481388888889019,0.0,0.0,0.0,0.32139199999998264,0.7912850871535753,0.0,0.0,12.0822,44.9666,calibrated:/Users/let/Documents/DO_A_PAPER_May_18/Papers/Paper_xAI_in_Cyber_2/6_Analysis_Results/xai_surfacebench/data/kddcup99_sa_score_stream.csv
calibrated_anchor,default,default,adversarial_explanation_flood,rate_limited,13,5000,0.0,0.016077327861659805,0.8334123200000049,0.3700996323288123,0.35804105979302514,0.38535798700019686,7520.381413196725,0.2814388888888879,0.0,0.0,0.0,2.812616000000032,0.8008814635487298,0.0,0.0,12.1848,45.1068,calibrated:/Users/let/Documents/DO_A_PAPER_May_18/Papers/Paper_xAI_in_Cyber_2/6_Analysis_Results/xai_surfacebench/data/kddcup99_sa_score_stream.csv
calibrated_anchor,default,default,adversarial_explanation_flood,fifo_explanation,13,5000,0.0,0.01881278876152534,0.9662429999999933,0.8814638814638814,0.7502899931282646,0.867780417780364,270.20071698292554,2.5227055555554267,0.0,0.0,0.0,10.6844,0.7977148145511546,0.0,0.6068,12.1212,44.9504,calibrated:/Users/let/Documents/DO_A_PAPER_May_18/Papers/Paper_xAI_in_Cyber_2/6_Analysis_Results/xai_surfacebench/data/kddcup99_sa_score_stream.csv
calibrated_anchor,default,default,adversarial_explanation_flood,static_coarse_full,13,5000,0.0,0.013585380057473924,0.7061287200000019,0.0422895079320629,0.18134052141933865,0.024032584880483644,10933.247938656754,0.03556388888889035,0.0,0.0,0.0,0.327847999999982,0.8023803903578886,0.0,0.0,12.1406,44.9058,calibrated:/Users/let/Documents/DO_A_PAPER_May_18/Papers/Paper_xAI_in_Cyber_2/6_Analysis_Results/xai_surfacebench/data/kddcup99_sa_score_stream.csv
calibrated_anchor,default,default,adversarial_explanation_flood,static_offload,13,5000,0.0,0.014372046315696224,0.7470466400000015,0.04155415393712463,0.17374702401708655,0.024762327124601618,10995.497405044467,0.036388888888890164,0.0019053250550244735,0.0,0.0,0.30555199999998295,0.8034542360379853,0.0,0.0,12.1764,45.0114,calibrated:/Users/let/Documents/DO_A_PAPER_May_18/Papers/Paper_xAI_in_Cyber_2/6_Analysis_Results/xai_surfacebench/data/kddcup99_sa_score_stream.csv
calibrated_anchor,default,default,adversarial_explanation_flood,budget_only_bexgov,13,5000,0.0,0.015625972914720062,0.8122226400000022,0.041387118554748845,0.17231368740005762,0.02342440261515404,11040.328797861714,0.034130555555556816,0.0,0.0,0.0,0.31947199999998255,0.7962302326819646,0.0,0.0,12.1446,45.0744,calibrated:/Users/let/Documents/DO_A_PAPER_May_18/Papers/Paper_xAI_in_Cyber_2/6_Analysis_Results/xai_surfacebench/data/kddcup99_sa_score_stream.csv
calibrated_anchor,default,default,adversarial_explanation_flood,xai_gate,13,5000,0.0,0.016398961771390674,0.8456274600000019,0.6813455342611551,0.7929025110497026,0.6666305178197777,825.8009394090204,0.9391516666667069,0.04090410867904474,0.39279901683993756,0.48709602418042314,6.663823999999906,0.7884266395791897,0.0004,0.0,12.0428,44.8916,calibrated:/Users/let/Documents/DO_A_PAPER_May_18/Papers/Paper_xAI_in_Cyber_2/6_Analysis_Results/xai_surfacebench/data/kddcup99_sa_score_stream.csv
calibrated_anchor,default,default,transient_overload,never_explain,13,5000,0.24517182492005035,1.0254923076923237,53.3256,0.0,0.0,0.0,8038.664655079995,0.0,0.0,0.0,0.0,0.0,0.19824069155415636,0.0,0.0,10.0828,56.0978,calibrated:/Users/let/Documents/DO_A_PAPER_May_18/Papers/Paper_xAI_in_Cyber_2/6_Analysis_Results/xai_surfacebench/data/kddcup99_sa_score_stream.csv
calibrated_anchor,default,default,transient_overload,always_explain,13,5000,0.24932596820917347,1.0547016110863705,53.409546,1.0,1.0,0.8499999999999871,0.0,2.393269444444408,0.0,0.0,0.0,10.1362,0.20390858741883222,0.2006,0.525,10.1362,56.1294,calibrated:/Users/let/Documents/DO_A_PAPER_May_18/Papers/Paper_xAI_in_Cyber_2/6_Analysis_Results/xai_surfacebench/data/kddcup99_sa_score_stream.csv
calibrated_anchor,default,default,transient_overload,threshold_explain,13,5000,0.24513201449605326,1.0244204270549029,53.240647479999936,0.02994036217144959,0.1377394988632604,0.01695333636130257,7699.314987083673,0.02063611111111158,0.0,0.0,0.0,0.19283199999999376,0.20181034564596056,0.0,0.0,10.1278,56.1808,calibrated:/Users/let/Documents/DO_A_PAPER_May_18/Papers/Paper_xAI_in_Cyber_2/6_Analysis_Results/xai_surfacebench/data/kddcup99_sa_score_stream.csv
calibrated_anchor,default,default,transient_overload,rate_limited,13,5000,0.2466399509664198,1.0262329634610994,53.205363079999984,0.3038505531780681,0.30360207956921725,0.494868558581655,8312.323314811894,0.191713888888886,0.0,0.0,0.0,1.9206080000000434,0.20462493110591717,0.0,0.0,10.1414,56.1248,calibrated:/Users/let/Documents/DO_A_PAPER_May_18/Papers/Paper_xAI_in_Cyber_2/6_Analysis_Results/xai_surfacebench/data/kddcup99_sa_score_stream.csv
calibrated_anchor,default,default,transient_overload,fifo_explanation,13,5000,0.2480583129645403,1.0383117359644174,53.31074,0.7173498850935947,0.6257180948610415,0.8923975172359536,5769.22737669501,1.7246027777777968,0.0,0.0,0.0,7.3042,0.20932475349595459,0.0,0.448,10.1822,56.1316,calibrated:/Users/let/Documents/DO_A_PAPER_May_18/Papers/Paper_xAI_in_Cyber_2/6_Analysis_Results/xai_surfacebench/data/kddcup99_sa_score_stream.csv
calibrated_anchor,default,default,transient_overload,static_coarse_full,13,5000,0.24475467312210342,1.0238558351129283,53.211394239999926,0.02948692629749649,0.1320439105418748,0.016643297258867224,7736.667307110308,0.020002777777778237,0.0,0.0,0.0,0.18920799999999427,0.20352577243627334,0.0,0.0,10.1272,56.0974,calibrated:/Users/let/Documents/DO_A_PAPER_May_18/Papers/Paper_xAI_in_Cyber_2/6_Analysis_Results/xai_surfacebench/data/kddcup99_sa_score_stream.csv
calibrated_anchor,default,default,transient_overload,static_offload,13,5000,0.2459918463127136,1.0225985088015421,53.14661867999992,0.030184774428645592,0.12815247116834397,0.017466431655246167,7611.968900513598,0.020594444444444894,0.0007921733275240623,0.0,0.0,0.18647199999999417,0.19868485085876175,0.0,0.0,10.0988,56.166,calibrated:/Users/let/Documents/DO_A_PAPER_May_18/Papers/Paper_xAI_in_Cyber_2/6_Analysis_Results/xai_surfacebench/data/kddcup99_sa_score_stream.csv
calibrated_anchor,default,default,transient_overload,budget_only_bexgov,13,5000,0.24590580431413567,1.024145400318465,53.22328335999986,0.03170568033789983,0.14131428761830184,0.01792227529309598,7663.684274651918,0.02168055555555608,0.0,0.0,0.0,0.20391199999999396,0.20330358680228122,0.0,0.0,10.1332,56.141,calibrated:/Users/let/Documents/DO_A_PAPER_May_18/Papers/Paper_xAI_in_Cyber_2/6_Analysis_Results/xai_surfacebench/data/kddcup99_sa_score_stream.csv
calibrated_anchor,default,default,transient_overload,xai_gate,13,5000,0.2453544933431951,1.0366653012899445,53.35790445999999,0.6758592982594352,0.7265878161473611,0.7675820203528637,965.8619224721972,0.9640238888889924,0.24050135554595103,0.1515068170209422,0.5927075556952576,4.165255999999799,0.2067118039751188,0.0126,0.0,10.1804,56.2432,calibrated:/Users/let/Documents/DO_A_PAPER_May_18/Papers/Paper_xAI_in_Cyber_2/6_Analysis_Results/xai_surfacebench/data/kddcup99_sa_score_stream.csv
calibrated_anchor,default,default,non_markovian,never_explain,13,5000,0.1374219562955255,1.2717461538461663,66.1308,0.0,0.0,0.0,7142.167542842491,0.0,0.0,0.0,0.0,0.0,0.13401838362816787,0.0,0.0,9.4158,55.3536,calibrated:/Users/let/Documents/DO_A_PAPER_May_18/Papers/Paper_xAI_in_Cyber_2/6_Analysis_Results/xai_surfacebench/data/kddcup99_sa_score_stream.csv
calibrated_anchor,default,default,non_markovian,always_explain,13,5000,0.1393808201154887,1.2841213655957109,65.67762600000005,1.0,1.0,0.8499999999999807,0.0,2.193519444444395,0.0,0.0,0.0,9.2902,0.13176424725287972,0.097,0.5426,9.2902,54.724,calibrated:/Users/let/Documents/DO_A_PAPER_May_18/Papers/Paper_xAI_in_Cyber_2/6_Analysis_Results/xai_surfacebench/data/kddcup99_sa_score_stream.csv
calibrated_anchor,default,default,non_markovian,threshold_explain,13,5000,0.13837458024664392,1.2035633750347028,62.56392075999989,0.028782323427248995,0.13194176198578902,0.01627428277370386,6550.22727885783,0.018141666666666664,0.0,0.0,0.0,0.17044799999999308,0.13240532331024157,0.0,0.0,9.3276,54.9132,calibrated:/Users/let/Documents/DO_A_PAPER_May_18/Papers/Paper_xAI_in_Cyber_2/6_Analysis_Results/xai_surfacebench/data/kddcup99_sa_score_stream.csv
calibrated_anchor,default,default,non_markovian,rate_limited,13,5000,0.13565825716866972,1.2656991764064374,65.63969712,0.36557763843129565,0.3426000268240233,0.3920257200552662,3923.3584045131615,0.21375833333332792,0.0,0.0,0.0,2.143368000000022,0.13796477376767213,0.0,0.0,9.409,55.1218,calibrated:/Users/let/Documents/DO_A_PAPER_May_18/Papers/Paper_xAI_in_Cyber_2/6_Analysis_Results/xai_surfacebench/data/kddcup99_sa_score_stream.csv
calibrated_anchor,default,default,non_markovian,fifo_explanation,13,5000,0.13750246177485936,1.373705982676215,70.70314199999981,0.8239380119922304,0.7475443286215847,0.8764092982011427,162.50210081856264,1.842847222222202,0.0,0.0,0.0,7.805,0.13894509791191134,0.0,0.4594,9.4728,55.4478,calibrated:/Users/let/Documents/DO_A_PAPER_May_18/Papers/Paper_xAI_in_Cyber_2/6_Analysis_Results/xai_surfacebench/data/kddcup99_sa_score_stream.csv
calibrated_anchor,default,default,non_markovian,static_coarse_full,13,5000,0.1351292935055371,1.2661522073470608,65.81815576,0.029768939716011363,0.13239064376231863,0.016794915398350492,6712.280793426647,0.018719444444444473,0.0,0.0,0.0,0.17737599999999298,0.13239384409485488,0.0,0.0,9.4088,55.3918,calibrated:/Users/let/Documents/DO_A_PAPER_May_18/Papers/Paper_xAI_in_Cyber_2/6_Analysis_Results/xai_surfacebench/data/kddcup99_sa_score_stream.csv
calibrated_anchor,default,default,non_markovian,static_offload,13,5000,0.1371616740358858,1.2497186833442875,64.96432531999992,0.02853663185986983,0.12074309208363251,0.016412852392349565,6630.78848533007,0.01796666666666667,0.0006354182110859298,0.0,0.0,0.1652639999999936,0.1379327382523361,0.0,0.0,9.4426,55.3202,calibrated:/Users/let/Documents/DO_A_PAPER_May_18/Papers/Paper_xAI_in_Cyber_2/6_Analysis_Results/xai_surfacebench/data/kddcup99_sa_score_stream.csv
calibrated_anchor,default,default,non_markovian,budget_only_bexgov,13,5000,0.13731113835595765,1.1484791371916063,59.69937203999998,0.02898154997606801,0.13078484689294712,0.016363517688525318,6271.301899415192,0.017875000000000026,0.0,0.0,0.0,0.1688639999999932,0.12813300394068383,0.0,0.0,9.1924,54.3222,calibrated:/Users/let/Documents/DO_A_PAPER_May_18/Papers/Paper_xAI_in_Cyber_2/6_Analysis_Results/xai_surfacebench/data/kddcup99_sa_score_stream.csv
calibrated_anchor,default,default,non_markovian,xai_gate,13,5000,0.13702084069956022,1.258506064787235,65.13814679999996,0.5530903221613346,0.6164590568610661,0.5195855449877487,104.30573657163686,0.40679666666665265,0.08215438611694867,0.0,0.6145980024698312,3.436199999999847,0.12397664236420525,0.0,0.0,9.2314,54.7544,calibrated:/Users/let/Documents/DO_A_PAPER_May_18/Papers/Paper_xAI_in_Cyber_2/6_Analysis_Results/xai_surfacebench/data/kddcup99_sa_score_stream.csv
calibrated_anchor,default,default,rtt_uncertainty,never_explain,13,5000,0.0,0.01616538461538462,0.8406,0.0,0.0,0.0,3495.630223871699,0.0,0.0,0.0,0.0,0.0,0.08011216412877586,0.0,0.0,7.3032,45.0768,calibrated:/Users/let/Documents/DO_A_PAPER_May_18/Papers/Paper_xAI_in_Cyber_2/6_Analysis_Results/xai_surfacebench/data/kddcup99_sa_score_stream.csv
calibrated_anchor,default,default,rtt_uncertainty,always_explain,13,5000,0.0,0.017102019703723024,0.8806820000000002,1.0,1.0,0.8499999999999793,0.0,1.7375416666666244,0.0,0.0,0.0,7.359,0.0903433714857167,0.0,0.424,7.359,44.995,calibrated:/Users/let/Documents/DO_A_PAPER_May_18/Papers/Paper_xAI_in_Cyber_2/6_Analysis_Results/xai_surfacebench/data/kddcup99_sa_score_stream.csv
calibrated_anchor,default,default,rtt_uncertainty,threshold_explain,13,5000,0.0,0.01387469537630372,0.7213603600000055,0.029101346875690676,0.12512491700235884,0.016354327666151476,3054.14639858515,0.01381944444444406,0.0,0.0,0.0,0.13295199999999455,0.0741518137725743,0.0,0.0,7.2464,44.9744,calibrated:/Users/let/Documents/DO_A_PAPER_May_18/Papers/Paper_xAI_in_Cyber_2/6_Analysis_Results/xai_surfacebench/data/kddcup99_sa_score_stream.csv
calibrated_anchor,default,default,rtt_uncertainty,rate_limited,13,5000,0.0,0.015656815605741222,0.8118948400000029,0.4504802969108271,0.39599820850851164,0.25052396026634666,0.9865965853131041,0.20491111111110494,0.0,0.0,0.0,2.0566720000000123,0.08675762523113928,0.0,0.0,7.3288,44.9582,calibrated:/Users/let/Documents/DO_A_PAPER_May_18/Papers/Paper_xAI_in_Cyber_2/6_Analysis_Results/xai_surfacebench/data/kddcup99_sa_score_stream.csv
calibrated_anchor,default,default,rtt_uncertainty,fifo_explanation,13,5000,0.0,0.015908388394445028,0.8195890000000003,0.99079754601227,0.9777262461294384,0.8513803680981444,0.03732031625754957,1.6930583333333047,0.0,0.0,0.0,7.1706,0.07813386843763315,0.0,0.4138,7.2372,44.7514,calibrated:/Users/let/Documents/DO_A_PAPER_May_18/Papers/Paper_xAI_in_Cyber_2/6_Analysis_Results/xai_surfacebench/data/kddcup99_sa_score_stream.csv
calibrated_anchor,default,default,rtt_uncertainty,static_coarse_full,13,5000,0.0,0.013779307549077862,0.7164120800000041,0.02857162458836511,0.12809233338013185,0.016115532381997817,3108.719559370514,0.013899999999999626,0.0,0.0,0.0,0.13183199999999468,0.08118853595975306,0.0,0.0,7.288,44.9382,calibrated:/Users/let/Documents/DO_A_PAPER_May_18/Papers/Paper_xAI_in_Cyber_2/6_Analysis_Results/xai_surfacebench/data/kddcup99_sa_score_stream.csv
calibrated_anchor,default,default,rtt_uncertainty,static_offload,13,5000,0.0,0.014990664668378898,0.7793955600000041,0.02793925004093724,0.12466183048333263,0.016648230822971472,3215.995214587154,0.014149999999999614,0.0009278969488565035,0.0,0.0,0.12467999999999502,0.0871480832050151,0.0,0.0,7.3284,44.9396,calibrated:/Users/let/Documents/DO_A_PAPER_May_18/Papers/Paper_xAI_in_Cyber_2/6_Analysis_Results/xai_surfacebench/data/kddcup99_sa_score_stream.csv
calibrated_anchor,default,default,rtt_uncertainty,budget_only_bexgov,13,5000,0.0,0.01498011979442496,0.7788386400000038,0.0286429734278862,0.1258131940910962,0.01612400320079469,3140.5043847047327,0.013722222222221855,0.0,0.0,0.0,0.13114399999999465,0.0730824805760879,0.0,0.0,7.2482,45.0304,calibrated:/Users/let/Documents/DO_A_PAPER_May_18/Papers/Paper_xAI_in_Cyber_2/6_Analysis_Results/xai_surfacebench/data/kddcup99_sa_score_stream.csv
calibrated_anchor,default,default,rtt_uncertainty,xai_gate,13,5000,0.0,0.014469534528795328,0.7493484400000003,0.5770057892281957,0.6607576490891015,0.5393393600356589,0.26315967830133435,0.20186722222221584,0.00938348835295086,0.014788597141054134,0.8834746344006366,3.2662599999998028,0.08034324841047558,0.0,0.0,7.2894,44.982,calibrated:/Users/let/Documents/DO_A_PAPER_May_18/Papers/Paper_xAI_in_Cyber_2/6_Analysis_Results/xai_surfacebench/data/kddcup99_sa_score_stream.csv
calibrated_anchor,default,default,adversarial_explanation_flood,never_explain,14,5000,0.0,0.013296153846153836,0.6914,0.0,0.0,0.0,11699.614043446834,0.0,0.0,0.0,0.0,0.0,0.8089011548457976,0.0,0.0,12.1518,44.7852,calibrated:/Users/let/Documents/DO_A_PAPER_May_18/Papers/Paper_xAI_in_Cyber_2/6_Analysis_Results/xai_surfacebench/data/kddcup99_sa_score_stream.csv
calibrated_anchor,default,default,adversarial_explanation_flood,always_explain,14,5000,0.0,0.019604801311433624,1.0031260000000017,1.0,1.0,0.849999999999966,0.0,2.8799888888887737,0.0,0.0,0.0,12.1976,0.8070197270567014,0.045,0.6514,12.1976,45.0008,calibrated:/Users/let/Documents/DO_A_PAPER_May_18/Papers/Paper_xAI_in_Cyber_2/6_Analysis_Results/xai_surfacebench/data/kddcup99_sa_score_stream.csv
calibrated_anchor,default,default,adversarial_explanation_flood,threshold_explain,14,5000,0.0,0.01482578945873412,0.7705955600000027,0.04243590376108031,0.18092615361040304,0.02410331047412302,10931.698997238003,0.035658333333334645,0.0,0.0,0.0,0.3293519999999819,0.8048011682367826,0.0,0.0,12.1614,44.9224,calibrated:/Users/let/Documents/DO_A_PAPER_May_18/Papers/Paper_xAI_in_Cyber_2/6_Analysis_Results/xai_surfacebench/data/kddcup99_sa_score_stream.csv
calibrated_anchor,default,default,adversarial_explanation_flood,rate_limited,14,5000,0.0,0.015831497398560823,0.8206442400000046,0.3707357364761649,0.36144752175893535,0.38457517629074356,7580.266060034199,0.2819027777777779,0.0,0.0,0.0,2.8142560000000483,0.7999698215030631,0.0,0.0,12.1674,45.0652,calibrated:/Users/let/Documents/DO_A_PAPER_May_18/Papers/Paper_xAI_in_Cyber_2/6_Analysis_Results/xai_surfacebench/data/kddcup99_sa_score_stream.csv
calibrated_anchor,default,default,adversarial_explanation_flood,fifo_explanation,14,5000,0.0,0.019464810587659816,0.9997269999999908,0.8813559322033898,0.7555162634522212,0.8677966101694381,255.19868974498627,2.5193999999998695,0.0,0.0,0.0,10.6704,0.7926598495011452,0.0,0.6026,12.1068,45.0236,calibrated:/Users/let/Documents/DO_A_PAPER_May_18/Papers/Paper_xAI_in_Cyber_2/6_Analysis_Results/xai_surfacebench/data/kddcup99_sa_score_stream.csv
calibrated_anchor,default,default,adversarial_explanation_flood,static_coarse_full,14,5000,0.0,0.014735257637337011,0.7658972400000015,0.042167429865600216,0.17633688598736608,0.02389363706997732,10875.07860708491,0.034838888888890134,0.0,0.0,0.0,0.324679999999982,0.7905353905353913,0.0,0.0,12.0982,45.045,calibrated:/Users/let/Documents/DO_A_PAPER_May_18/Papers/Paper_xAI_in_Cyber_2/6_Analysis_Results/xai_surfacebench/data/kddcup99_sa_score_stream.csv
calibrated_anchor,default,default,adversarial_explanation_flood,static_offload,14,5000,0.0,0.015092872354766947,0.7845056000000026,0.04174793144208062,0.17901471347891032,0.0251436498555292,11088.257839362166,0.03739444444444575,0.002216312056737589,0.0,0.0,0.30565599999998355,0.8051048621544947,0.0,0.0,12.1824,44.9924,calibrated:/Users/let/Documents/DO_A_PAPER_May_18/Papers/Paper_xAI_in_Cyber_2/6_Analysis_Results/xai_surfacebench/data/kddcup99_sa_score_stream.csv
calibrated_anchor,default,default,adversarial_explanation_flood,budget_only_bexgov,14,5000,0.0,0.015757771478104504,0.8190582400000014,0.0411171630548154,0.17686764273605157,0.023349833617535523,10822.777973707669,0.03428888888889013,0.0,0.0,0.0,0.31692799999998267,0.7885182240659223,0.0,0.0,12.0806,45.0302,calibrated:/Users/let/Documents/DO_A_PAPER_May_18/Papers/Paper_xAI_in_Cyber_2/6_Analysis_Results/xai_surfacebench/data/kddcup99_sa_score_stream.csv
calibrated_anchor,default,default,adversarial_explanation_flood,xai_gate,14,5000,0.0,0.016714517997526324,0.8616920400000007,0.6813536651494738,0.7894049768599863,0.6657061636294999,888.8517350257166,0.9490488888889355,0.040932020967185366,0.37386003253528766,0.4996960086760767,6.739479999999891,0.806454102494456,0.0008,0.0,12.1714,44.9182,calibrated:/Users/let/Documents/DO_A_PAPER_May_18/Papers/Paper_xAI_in_Cyber_2/6_Analysis_Results/xai_surfacebench/data/kddcup99_sa_score_stream.csv
calibrated_anchor,default,default,transient_overload,never_explain,14,5000,0.24378951276367128,1.0237500000000148,53.235,0.0,0.0,0.0,8086.806877643649,0.0,0.0,0.0,0.0,0.0,0.20219944716340943,0.0,0.0,10.1032,56.0262,calibrated:/Users/let/Documents/DO_A_PAPER_May_18/Papers/Paper_xAI_in_Cyber_2/6_Analysis_Results/xai_surfacebench/data/kddcup99_sa_score_stream.csv
calibrated_anchor,default,default,transient_overload,always_explain,14,5000,0.25228903732725305,1.0518817245613168,53.25334500000002,1.0,1.0,0.8499999999999802,0.0,2.387508333333278,0.0,0.0,0.0,10.1118,0.2027075728543335,0.194,0.5274,10.1118,56.0502,calibrated:/Users/let/Documents/DO_A_PAPER_May_18/Papers/Paper_xAI_in_Cyber_2/6_Analysis_Results/xai_surfacebench/data/kddcup99_sa_score_stream.csv
calibrated_anchor,default,default,transient_overload,threshold_explain,14,5000,0.24479383698592308,1.0253498122325808,53.28814671999986,0.03029456223397977,0.13384749040366156,0.017087990771311522,7541.897010230075,0.02033888888888934,0.0,0.0,0.0,0.19287199999999377,0.19463343989944848,0.0,0.0,10.0556,56.1154,calibrated:/Users/let/Documents/DO_A_PAPER_May_18/Papers/Paper_xAI_in_Cyber_2/6_Analysis_Results/xai_surfacebench/data/kddcup99_sa_score_stream.csv
calibrated_anchor,default,default,transient_overload,rate_limited,14,5000,0.24626602629422656,1.0276157819470744,53.27669423999996,0.30513465696874953,0.3086600427703211,0.493022410064871,8272.289740249238,0.19348055555555185,0.0,0.0,0.0,1.9356560000000382,0.20829918884573395,0.0,0.0,10.174,56.134,calibrated:/Users/let/Documents/DO_A_PAPER_May_18/Papers/Paper_xAI_in_Cyber_2/6_Analysis_Results/xai_surfacebench/data/kddcup99_sa_score_stream.csv
calibrated_anchor,default,default,transient_overload,fifo_explanation,14,5000,0.2471542589322172,1.0372381376442814,53.254750999999956,0.7171973512034577,0.6330155814950128,0.8924203973194758,5714.774041297813,1.7082166666666845,0.0,0.0,0.0,7.2348,0.20211546390769897,0.0,0.444,10.0876,55.9436,calibrated:/Users/let/Documents/DO_A_PAPER_May_18/Papers/Paper_xAI_in_Cyber_2/6_Analysis_Results/xai_surfacebench/data/kddcup99_sa_score_stream.csv
calibrated_anchor,default,default,transient_overload,static_coarse_full,14,5000,0.24571855493800562,1.0245831120599367,53.24943407999987,0.029635885885886573,0.12925564949818547,0.016685435435435447,7697.334094863939,0.01984444444444491,0.0,0.0,0.0,0.18954399999999397,0.20222317229584874,0.0,0.0,10.1232,56.136,calibrated:/Users/let/Documents/DO_A_PAPER_May_18/Papers/Paper_xAI_in_Cyber_2/6_Analysis_Results/xai_surfacebench/data/kddcup99_sa_score_stream.csv
calibrated_anchor,default,default,transient_overload,static_offload,14,5000,0.2448121411922345,1.0261537538225534,53.33055595999988,0.030724930238081778,0.12920394100188526,0.017748619604583505,7639.523551165211,0.0209000000000005,0.0007718339963189455,0.0,0.0,0.19007999999999386,0.20057594571284,0.0,0.0,10.1058,56.1164,calibrated:/Users/let/Documents/DO_A_PAPER_May_18/Papers/Paper_xAI_in_Cyber_2/6_Analysis_Results/xai_surfacebench/data/kddcup99_sa_score_stream.csv
calibrated_anchor,default,default,transient_overload,budget_only_bexgov,14,5000,0.24590406160769362,1.0246780494795038,53.25458499999993,0.029766278123077018,0.1269335649260758,0.016723922238328807,7573.613871472738,0.019622222222222728,0.0,0.0,0.0,0.18895999999999374,0.19529278846267784,0.0,0.0,10.0718,56.1748,calibrated:/Users/let/Documents/DO_A_PAPER_May_18/Papers/Paper_xAI_in_Cyber_2/6_Analysis_Results/xai_surfacebench/data/kddcup99_sa_score_stream.csv
calibrated_anchor,default,default,transient_overload,xai_gate,14,5000,0.24832844682238936,1.0330949583743154,53.18072723999998,0.6765995086968972,0.7275793318661568,0.7696134949879506,911.6565753893444,0.9618700000001109,0.2427790324497801,0.15167003447046237,0.5908316494314355,4.124343999999806,0.1995394612552166,0.0086,0.0,10.0956,56.1082,calibrated:/Users/let/Documents/DO_A_PAPER_May_18/Papers/Paper_xAI_in_Cyber_2/6_Analysis_Results/xai_surfacebench/data/kddcup99_sa_score_stream.csv
calibrated_anchor,default,default,non_markovian,never_explain,14,5000,0.13543418638865176,1.2717076923077055,66.1288,0.0,0.0,0.0,7027.922724278453,0.0,0.0,0.0,0.0,0.0,0.12872114354214692,0.0,0.0,9.3216,55.057,calibrated:/Users/let/Documents/DO_A_PAPER_May_18/Papers/Paper_xAI_in_Cyber_2/6_Analysis_Results/xai_surfacebench/data/kddcup99_sa_score_stream.csv
calibrated_anchor,default,default,non_markovian,always_explain,14,5000,0.14122723981999225,1.1780249449813085,60.19997699999999,1.0,1.0,0.8499999999999744,0.0,2.2074027777777117,0.0,0.0,0.0,9.349,0.13371920289196026,0.095,0.5486,9.349,54.9754,calibrated:/Users/let/Documents/DO_A_PAPER_May_18/Papers/Paper_xAI_in_Cyber_2/6_Analysis_Results/xai_surfacebench/data/kddcup99_sa_score_stream.csv
calibrated_anchor,default,default,non_markovian,threshold_explain,14,5000,0.13841894786284656,1.25530886915033,65.25316187999975,0.029308112009851506,0.13261916189794143,0.016557331804768285,6584.9484466399845,0.018577777777777832,0.0,0.0,0.0,0.17511999999999342,0.13458828630271102,0.0,0.0,9.4206,55.354,calibrated:/Users/let/Documents/DO_A_PAPER_May_18/Papers/Paper_xAI_in_Cyber_2/6_Analysis_Results/xai_surfacebench/data/kddcup99_sa_score_stream.csv
calibrated_anchor,default,default,non_markovian,rate_limited,14,5000,0.13221430275182297,1.2086044181200946,62.67986108000004,0.3673713653808689,0.3469894265383745,0.38929291615169465,3671.439946036599,0.21084444444443973,0.0,0.0,0.0,2.1120640000000104,0.1248015335874697,0.0,0.0,9.2238,54.6692,calibrated:/Users/let/Documents/DO_A_PAPER_May_18/Papers/Paper_xAI_in_Cyber_2/6_Analysis_Results/xai_surfacebench/data/kddcup99_sa_score_stream.csv
calibrated_anchor,default,default,non_markovian,fifo_explanation,14,5000,0.14114141031984026,1.312223103770698,67.532687,0.8215719777872704,0.7459082645272326,0.8767642033318875,165.76600033058347,1.8164499999999895,0.0,0.0,0.0,7.6932,0.1354927582627612,0.0,0.4478,9.364,54.9776,calibrated:/Users/let/Documents/DO_A_PAPER_May_18/Papers/Paper_xAI_in_Cyber_2/6_Analysis_Results/xai_surfacebench/data/kddcup99_sa_score_stream.csv
calibrated_anchor,default,default,non_markovian,static_coarse_full,14,5000,0.13474453739743827,1.2360348319188668,64.25317483999987,0.028962783911501033,0.13176065308121981,0.016366150562923294,6335.695674479372,0.01791944444444449,0.0,0.0,0.0,0.1687599999999929,0.11887140690386255,0.0,0.0,9.1842,54.723,calibrated:/Users/let/Documents/DO_A_PAPER_May_18/Papers/Paper_xAI_in_Cyber_2/6_Analysis_Results/xai_surfacebench/data/kddcup99_sa_score_stream.csv
calibrated_anchor,default,default,non_markovian,static_offload,14,5000,0.1324589230667851,1.2150660870791274,63.16322520000004,0.02914884329986979,0.12607800630737884,0.016923614142295942,6295.847276083414,0.018177777777777796,0.0008293321693583588,0.0,0.0,0.16316799999999376,0.11832743904968424,0.0,0.0,9.164,54.6292,calibrated:/Users/let/Documents/DO_A_PAPER_May_18/Papers/Paper_xAI_in_Cyber_2/6_Analysis_Results/xai_surfacebench/data/kddcup99_sa_score_stream.csv
calibrated_anchor,default,default,non_markovian,budget_only_bexgov,14,5000,0.13538360764258953,1.2008180288599097,62.42091951999997,0.0291709956709964,0.1261580998965959,0.016403679653679663,6427.095400285151,0.017719444444444447,0.0,0.0,0.0,0.17005599999999374,0.12027293922519933,0.0,0.0,9.24,54.9866,calibrated:/Users/let/Documents/DO_A_PAPER_May_18/Papers/Paper_xAI_in_Cyber_2/6_Analysis_Results/xai_surfacebench/data/kddcup99_sa_score_stream.csv
calibrated_anchor,default,default,non_markovian,xai_gate,14,5000,0.1331621783873349,1.1628765602132278,60.189042739999984,0.5520144607789752,0.6123574401912788,0.5126265318158882,95.85959313198256,0.39197333333332185,0.07647611350182398,0.0,0.6086633609296839,3.417191999999851,0.1212799231889361,0.0,0.0,9.1558,54.4366,calibrated:/Users/let/Documents/DO_A_PAPER_May_18/Papers/Paper_xAI_in_Cyber_2/6_Analysis_Results/xai_surfacebench/data/kddcup99_sa_score_stream.csv
calibrated_anchor,default,default,rtt_uncertainty,never_explain,14,5000,0.0,0.012976923076923084,0.6748,0.0,0.0,0.0,3436.1033318707696,0.0,0.0,0.0,0.0,0.0,0.0697644768813177,0.0,0.0,7.216,44.9694,calibrated:/Users/let/Documents/DO_A_PAPER_May_18/Papers/Paper_xAI_in_Cyber_2/6_Analysis_Results/xai_surfacebench/data/kddcup99_sa_score_stream.csv
calibrated_anchor,default,default,rtt_uncertainty,always_explain,14,5000,0.0,0.01791525634990464,0.9226020000000006,1.0,1.0,0.8499999999999825,0.0,1.7217222222221868,0.0,0.0,0.0,7.292,0.07844137712763533,0.0,0.4206,7.292,45.0774,calibrated:/Users/let/Documents/DO_A_PAPER_May_18/Papers/Paper_xAI_in_Cyber_2/6_Analysis_Results/xai_surfacebench/data/kddcup99_sa_score_stream.csv
calibrated_anchor,default,default,rtt_uncertainty,threshold_explain,14,5000,0.0,0.013608802724221684,0.7075233600000038,0.028920827722664046,0.12905555428645962,0.016309873862980582,3106.1674039120103,0.014038888888888493,0.0,0.0,0.0,0.1332319999999946,0.08028113612242671,0.0,0.0,7.2778,44.913,calibrated:/Users/let/Documents/DO_A_PAPER_May_18/Papers/Paper_xAI_in_Cyber_2/6_Analysis_Results/xai_surfacebench/data/kddcup99_sa_score_stream.csv
calibrated_anchor,default,default,rtt_uncertainty,rate_limited,14,5000,0.0,0.01641068258233919,0.8510761600000039,0.45047243447540175,0.39667529588341316,0.2505833538739628,1.1461687638166187,0.20421388888888267,0.0,0.0,0.0,2.0493680000000114,0.08057957632686441,0.0,0.0,7.3026,45.0536,calibrated:/Users/let/Documents/DO_A_PAPER_May_18/Papers/Paper_xAI_in_Cyber_2/6_Analysis_Results/xai_surfacebench/data/kddcup99_sa_score_stream.csv
calibrated_anchor,default,default,rtt_uncertainty,fifo_explanation,14,5000,0.0,0.017325609175971864,0.8923709999999996,0.98918609718893,0.9714166150814791,0.8516220854216443,0.051807306113124535,1.714874999999968,0.0,0.0,0.0,7.263,0.08751645923220264,0.0,0.415,7.3424,45.0102,calibrated:/Users/let/Documents/DO_A_PAPER_May_18/Papers/Paper_xAI_in_Cyber_2/6_Analysis_Results/xai_surfacebench/data/kddcup99_sa_score_stream.csv
calibrated_anchor,default,default,rtt_uncertainty,static_coarse_full,14,5000,0.0,0.013606885220601503,0.7074322800000027,0.02911711514221585,0.1257010185776519,0.01636981421603552,3113.0869402918397,0.013955555555555145,0.0,0.0,0.0,0.1340479999999943,0.07991661081248336,0.0,0.0,7.2988,45.0578,calibrated:/Users/let/Documents/DO_A_PAPER_May_18/Papers/Paper_xAI_in_Cyber_2/6_Analysis_Results/xai_surfacebench/data/kddcup99_sa_score_stream.csv
calibrated_anchor,default,default,rtt_uncertainty,static_offload,14,5000,0.0,0.013868119179974084,0.721018200000005,0.02933939444490847,0.12563692487308098,0.017237803946776098,3026.241232102286,0.014272222222221813,0.0007784913948897601,0.0,0.0,0.1290799999999946,0.06927690695444366,0.0,0.0,7.1934,44.849,calibrated:/Users/let/Documents/DO_A_PAPER_May_18/Papers/Paper_xAI_in_Cyber_2/6_Analysis_Results/xai_surfacebench/data/kddcup99_sa_score_stream.csv
calibrated_anchor,default,default,rtt_uncertainty,budget_only_bexgov,14,5000,0.0,0.015287142542864075,0.7947957200000058,0.027107526292726263,0.1234201097836025,0.015293602103418062,3303.3966929983258,0.013230555555555183,0.0,0.0,0.0,0.12535999999999495,0.08215446901461543,0.0,0.0,7.3024,44.9868,calibrated:/Users/let/Documents/DO_A_PAPER_May_18/Papers/Paper_xAI_in_Cyber_2/6_Analysis_Results/xai_surfacebench/data/kddcup99_sa_score_stream.csv
calibrated_anchor,default,default,rtt_uncertainty,xai_gate,14,5000,0.0,0.016499491237767925,0.8544168200000019,0.5768369696305254,0.6562523335305381,0.5400402999653643,0.2513946838771832,0.2035488888888825,0.010854073018309396,0.013786865475276834,0.8814000657822607,3.260303999999813,0.08094495281013314,0.0,0.0,7.2968,45.0026,calibrated:/Users/let/Documents/DO_A_PAPER_May_18/Papers/Paper_xAI_in_Cyber_2/6_Analysis_Results/xai_surfacebench/data/kddcup99_sa_score_stream.csv
calibrated_anchor,default,default,adversarial_explanation_flood,never_explain,15,5000,0.0,0.014749999999999963,0.767,0.0,0.0,0.0,11845.901410520632,0.0,0.0,0.0,0.0,0.0,0.8019689203482228,0.0,0.0,12.1814,45.067,calibrated:/Users/let/Documents/DO_A_PAPER_May_18/Papers/Paper_xAI_in_Cyber_2/6_Analysis_Results/xai_surfacebench/data/kddcup99_sa_score_stream.csv
calibrated_anchor,default,default,adversarial_explanation_flood,always_explain,15,5000,0.0,0.02071453617952937,1.0601459999999996,1.0,1.0,0.8499999999999683,0.0,2.873661111111004,0.0,0.0,0.0,12.1708,0.8017841968597443,0.0412,0.6546,12.1708,45.0324,calibrated:/Users/let/Documents/DO_A_PAPER_May_18/Papers/Paper_xAI_in_Cyber_2/6_Analysis_Results/xai_surfacebench/data/kddcup99_sa_score_stream.csv
calibrated_anchor,default,default,adversarial_explanation_flood,threshold_explain,15,5000,0.0,0.013913615118275657,0.7231931600000027,0.04088412734843803,0.1727764895697663,0.023167153021410522,11042.519880974063,0.03406666666666793,0.0,0.0,0.0,0.31744799999998236,0.8032687535013427,0.0,0.0,12.1996,45.1018,calibrated:/Users/let/Documents/DO_A_PAPER_May_18/Papers/Paper_xAI_in_Cyber_2/6_Analysis_Results/xai_surfacebench/data/kddcup99_sa_score_stream.csv
calibrated_anchor,default,default,adversarial_explanation_flood,rate_limited,15,5000,0.0,0.014282714711118874,0.7403731200000023,0.37222616298252276,0.3673463974224089,0.3825503134279108,7337.557151165084,0.2826527777777772,0.0,0.0,0.0,2.816848000000039,0.799218814925625,0.0,0.0,12.124,44.9232,calibrated:/Users/let/Documents/DO_A_PAPER_May_18/Papers/Paper_xAI_in_Cyber_2/6_Analysis_Results/xai_surfacebench/data/kddcup99_sa_score_stream.csv
calibrated_anchor,default,default,adversarial_explanation_flood,fifo_explanation,15,5000,0.0,0.019654609826744444,1.0095259999999908,0.8805221708893017,0.7523488205556965,0.8679216743665523,258.2143185541534,2.529033333333207,0.0,0.0,0.0,10.7112,0.7965895429585903,0.0,0.6044,12.1646,45.1396,calibrated:/Users/let/Documents/DO_A_PAPER_May_18/Papers/Paper_xAI_in_Cyber_2/6_Analysis_Results/xai_surfacebench/data/kddcup99_sa_score_stream.csv
calibrated_anchor,default,default,adversarial_explanation_flood,static_coarse_full,15,5000,0.0,0.012737284816526579,0.6620442800000015,0.04180923618140509,0.17671209713964484,0.023711066491877254,10866.550445789137,0.034558333333334655,0.0,0.0,0.0,0.32102399999998227,0.7938059327192555,0.0,0.0,12.0526,44.7934,calibrated:/Users/let/Documents/DO_A_PAPER_May_18/Papers/Paper_xAI_in_Cyber_2/6_Analysis_Results/xai_surfacebench/data/kddcup99_sa_score_stream.csv
calibrated_anchor,default,default,adversarial_explanation_flood,static_offload,15,5000,0.0,0.01585572442090975,0.8241495200000021,0.041797702962488574,0.17244051701982913,0.024796996434498203,10997.443367818123,0.036250000000001247,0.001790966300257965,0.0,0.0,0.307847999999983,0.799921036638118,0.0,0.0,12.1722,45.0842,calibrated:/Users/let/Documents/DO_A_PAPER_May_18/Papers/Paper_xAI_in_Cyber_2/6_Analysis_Results/xai_surfacebench/data/kddcup99_sa_score_stream.csv
calibrated_anchor,default,default,adversarial_explanation_flood,budget_only_bexgov,15,5000,0.0,0.013754049409667922,0.7148730000000016,0.04202367296726709,0.18374352303336344,0.02392898109819957,10819.74499401976,0.035358333333334775,0.0,0.0,0.0,0.32356799999998226,0.7914034789911479,0.0,0.0,12.0306,44.7716,calibrated:/Users/let/Documents/DO_A_PAPER_May_18/Papers/Paper_xAI_in_Cyber_2/6_Analysis_Results/xai_surfacebench/data/kddcup99_sa_score_stream.csv
calibrated_anchor,default,default,adversarial_explanation_flood,xai_gate,15,5000,0.0,0.016838214036406497,0.868158860000001,0.6810347827514527,0.7868679524283754,0.6658769554012629,873.6931477182071,0.948718333333378,0.04149636414372712,0.37504308859014135,0.4995321810213227,6.736391999999883,0.8064717002112809,0.0004,0.0,12.1842,44.965,calibrated:/Users/let/Documents/DO_A_PAPER_May_18/Papers/Paper_xAI_in_Cyber_2/6_Analysis_Results/xai_surfacebench/data/kddcup99_sa_score_stream.csv
calibrated_anchor,default,default,transient_overload,never_explain,15,5000,0.2440975846930458,1.0230653846153996,53.1994,0.0,0.0,0.0,8277.2897701029,0.0,0.0,0.0,0.0,0.0,0.21320672872961777,0.0,0.0,10.1806,55.9432,calibrated:/Users/let/Documents/DO_A_PAPER_May_18/Papers/Paper_xAI_in_Cyber_2/6_Analysis_Results/xai_surfacebench/data/kddcup99_sa_score_stream.csv
calibrated_anchor,default,default,transient_overload,always_explain,15,5000,0.2519637150643937,1.0530788122433263,53.318796000000034,1.0,1.0,0.8499999999999803,0.0,2.403327777777722,0.0,0.0,0.0,10.1788,0.2087615858256573,0.2012,0.5268,10.1788,56.139,calibrated:/Users/let/Documents/DO_A_PAPER_May_18/Papers/Paper_xAI_in_Cyber_2/6_Analysis_Results/xai_surfacebench/data/kddcup99_sa_score_stream.csv
calibrated_anchor,default,default,transient_overload,threshold_explain,15,5000,0.24408560126582093,1.0242683510742145,53.23161755999991,0.03027703571781997,0.136406795098261,0.017111902641733463,7632.784856415537,0.020633333333333836,0.0,0.0,0.0,0.1941839999999939,0.20603986482616254,0.0,0.0,10.107,55.8688,calibrated:/Users/let/Documents/DO_A_PAPER_May_18/Papers/Paper_xAI_in_Cyber_2/6_Analysis_Results/xai_surfacebench/data/kddcup99_sa_score_stream.csv
calibrated_anchor,default,default,transient_overload,rate_limited,15,5000,0.24684294744047466,1.0275260226502596,53.27275711999995,0.3039618322117238,0.30115027205712275,0.49444455408418986,8290.35081418368,0.19136944444444207,0.0,0.0,0.0,1.9193440000000468,0.20429754855300186,0.0,0.0,10.1342,56.1002,calibrated:/Users/let/Documents/DO_A_PAPER_May_18/Papers/Paper_xAI_in_Cyber_2/6_Analysis_Results/xai_surfacebench/data/kddcup99_sa_score_stream.csv
calibrated_anchor,default,default,transient_overload,fifo_explanation,15,5000,0.24816738942508493,1.0381465427613963,53.301616,0.7175299670214657,0.62967166393098,0.8923705049467772,5732.724856235101,1.7158194444444659,0.0,0.0,0.0,7.267,0.20097664286722527,0.0,0.444,10.1278,56.2198,calibrated:/Users/let/Documents/DO_A_PAPER_May_18/Papers/Paper_xAI_in_Cyber_2/6_Analysis_Results/xai_surfacebench/data/kddcup99_sa_score_stream.csv
calibrated_anchor,default,default,transient_overload,static_coarse_full,15,5000,0.2455444915344762,1.0258437169617551,53.314814479999896,0.03011242450216342,0.13387302303879817,0.016993242569816824,7540.862610404307,0.020219444444445,0.0,0.0,0.0,0.1913919999999939,0.1911087684808579,0.0,0.0,10.0334,56.1572,calibrated:/Users/let/Documents/DO_A_PAPER_May_18/Papers/Paper_xAI_in_Cyber_2/6_Analysis_Results/xai_surfacebench/data/kddcup99_sa_score_stream.csv
calibrated_anchor,default,default,transient_overload,static_offload,15,5000,0.24564473547699192,1.0252709110193885,53.28479599999988,0.030801026504986322,0.13034405696927293,0.017835720022724155,7827.755336489755,0.02127777777777831,0.000822771171665328,0.0,0.0,0.19230399999999348,0.20914312784982014,0.0,0.0,10.2094,56.29,calibrated:/Users/let/Documents/DO_A_PAPER_May_18/Papers/Paper_xAI_in_Cyber_2/6_Analysis_Results/xai_surfacebench/data/kddcup99_sa_score_stream.csv
calibrated_anchor,default,default,transient_overload,budget_only_bexgov,15,5000,0.2457660336743371,1.0261475402180795,53.32815791999993,0.031228353274559816,0.14136937732495655,0.017673567380352664,7699.344179781945,0.02154444444444495,0.0,0.0,0.0,0.201711999999994,0.20337217012408582,0.0,0.0,10.1632,56.304,calibrated:/Users/let/Documents/DO_A_PAPER_May_18/Papers/Paper_xAI_in_Cyber_2/6_Analysis_Results/xai_surfacebench/data/kddcup99_sa_score_stream.csv
calibrated_anchor,default,default,transient_overload,xai_gate,15,5000,0.24774231151837084,1.0342313766276008,53.235147559999945,0.6759741821048851,0.7281971301341867,0.7681864406779976,937.6182649445765,0.9627994444445521,0.2411509657075286,0.1518131651556957,0.5921166732361056,4.150179999999801,0.20609226344344944,0.0106,0.0,10.148,56.093,calibrated:/Users/let/Documents/DO_A_PAPER_May_18/Papers/Paper_xAI_in_Cyber_2/6_Analysis_Results/xai_surfacebench/data/kddcup99_sa_score_stream.csv
calibrated_anchor,default,default,non_markovian,never_explain,15,5000,0.13800541240488282,1.2584038461538598,65.437,0.0,0.0,0.0,6929.207173277956,0.0,0.0,0.0,0.0,0.0,0.129645526278777,0.0,0.0,9.317,54.9848,calibrated:/Users/let/Documents/DO_A_PAPER_May_18/Papers/Paper_xAI_in_Cyber_2/6_Analysis_Results/xai_surfacebench/data/kddcup99_sa_score_stream.csv
calibrated_anchor,default,default,non_markovian,always_explain,15,5000,0.1394976837232736,1.2094304406817187,61.83054599999995,1.0,1.0,0.8499999999999784,0.0,2.1885611111110554,0.0,0.0,0.0,9.2692,0.12792394191724532,0.094,0.54,9.2692,54.7862,calibrated:/Users/let/Documents/DO_A_PAPER_May_18/Papers/Paper_xAI_in_Cyber_2/6_Analysis_Results/xai_surfacebench/data/kddcup99_sa_score_stream.csv
calibrated_anchor,default,default,non_markovian,threshold_explain,15,5000,0.13745977922630961,1.2136920224888341,63.090571319999874,0.028813449864382678,0.12409552085889922,0.016191286003358167,6502.812273131116,0.017536111111111106,0.0,0.0,0.0,0.16875999999999355,0.12713716041699064,0.0,0.0,9.2908,54.9522,calibrated:/Users/let/Documents/DO_A_PAPER_May_18/Papers/Paper_xAI_in_Cyber_2/6_Analysis_Results/xai_surfacebench/data/kddcup99_sa_score_stream.csv
calibrated_anchor,default,default,non_markovian,rate_limited,15,5000,0.1344317484506752,1.225332371997057,63.54661228000007,0.36593623804464115,0.33845460040607317,0.3910733262486718,3900.5097264431415,0.21360555555555077,0.0,0.0,0.0,2.144864000000014,0.13810636517128305,0.0,0.0,9.41,55.1208,calibrated:/Users/let/Documents/DO_A_PAPER_May_18/Papers/Paper_xAI_in_Cyber_2/6_Analysis_Results/xai_surfacebench/data/kddcup99_sa_score_stream.csv
calibrated_anchor,default,default,non_markovian,fifo_explanation,15,5000,0.1381195549319681,1.3637611304238968,70.19087599999975,0.8297170929305553,0.7621415277296787,0.8755424360603953,146.86591814254078,1.8184333333333298,0.0,0.0,0.0,7.7016,0.12175803564846044,0.0,0.4456,9.2822,55.1646,calibrated:/Users/let/Documents/DO_A_PAPER_May_18/Papers/Paper_xAI_in_Cyber_2/6_Analysis_Results/xai_surfacebench/data/kddcup99_sa_score_stream.csv
calibrated_anchor,default,default,non_markovian,static_coarse_full,15,5000,0.1362803622271722,1.1864079517425539,61.671434679999805,0.029792528438470266,0.13024502578200187,0.01677977421578767,6377.022197876637,0.018327777777777783,0.0,0.0,0.0,0.17480799999999308,0.1280955731435709,0.0,0.0,9.2832,54.8606,calibrated:/Users/let/Documents/DO_A_PAPER_May_18/Papers/Paper_xAI_in_Cyber_2/6_Analysis_Results/xai_surfacebench/data/kddcup99_sa_score_stream.csv
calibrated_anchor,default,default,non_markovian,static_offload,15,5000,0.13754840567469886,1.2052636465092186,62.65243243999999,0.02967202242142954,0.12757410868525543,0.017218715902526688,6562.093788639343,0.018855555555555643,0.0008343852292419931,0.0,0.0,0.1694719999999933,0.13438153380925866,0.0,0.0,9.3482,54.9386,calibrated:/Users/let/Documents/DO_A_PAPER_May_18/Papers/Paper_xAI_in_Cyber_2/6_Analysis_Results/xai_surfacebench/data/kddcup99_sa_score_stream.csv
calibrated_anchor,default,default,non_markovian,budget_only_bexgov,15,5000,0.13153381578995044,1.3650731403113316,70.96097887999966,0.029013692768507415,0.12704882482102361,0.01633290543431751,6607.434980820355,0.0179277777777778,0.0,0.0,0.0,0.17132799999999335,0.12862974352287493,0.0,0.0,9.348,55.2174,calibrated:/Users/let/Documents/DO_A_PAPER_May_18/Papers/Paper_xAI_in_Cyber_2/6_Analysis_Results/xai_surfacebench/data/kddcup99_sa_score_stream.csv
calibrated_anchor,default,default,non_markovian,xai_gate,15,5000,0.13889136096473445,1.2372901943844665,64.00409881999998,0.5645432057001665,0.629872848478005,0.5366482017886907,120.70947465627292,0.42079166666665746,0.08340909571431591,0.0,0.6567012706937015,3.6232719999998677,0.14118265871407254,0.0006,0.0,9.4594,55.2608,calibrated:/Users/let/Documents/DO_A_PAPER_May_18/Papers/Paper_xAI_in_Cyber_2/6_Analysis_Results/xai_surfacebench/data/kddcup99_sa_score_stream.csv
calibrated_anchor,default,default,rtt_uncertainty,never_explain,15,5000,0.0,0.013949999999999997,0.7254,0.0,0.0,0.0,3434.574219205314,0.0,0.0,0.0,0.0,0.0,0.07792115206387362,0.0,0.0,7.2576,44.8864,calibrated:/Users/let/Documents/DO_A_PAPER_May_18/Papers/Paper_xAI_in_Cyber_2/6_Analysis_Results/xai_surfacebench/data/kddcup99_sa_score_stream.csv
calibrated_anchor,default,default,rtt_uncertainty,always_explain,15,5000,0.0,0.01736965139778731,0.8944059999999996,1.0,1.0,0.8499999999999822,0.0,1.724461111111075,0.0,0.0,0.0,7.3036,0.08248629773560823,0.0002,0.419,7.3036,44.9804,calibrated:/Users/let/Documents/DO_A_PAPER_May_18/Papers/Paper_xAI_in_Cyber_2/6_Analysis_Results/xai_surfacebench/data/kddcup99_sa_score_stream.csv
calibrated_anchor,default,default,rtt_uncertainty,threshold_explain,15,5000,0.0,0.014967776039982826,0.7781913600000051,0.02744808339489514,0.12109872579236669,0.015442282962598164,3226.5577833714633,0.013222222222221849,0.0,0.0,0.0,0.12665599999999475,0.08123699262934236,0.0,0.0,7.3098,45.0706,calibrated:/Users/let/Documents/DO_A_PAPER_May_18/Papers/Paper_xAI_in_Cyber_2/6_Analysis_Results/xai_surfacebench/data/kddcup99_sa_score_stream.csv
calibrated_anchor,default,default,rtt_uncertainty,rate_limited,15,5000,0.0,0.013907647783258337,0.7212426400000025,0.4505102180022473,0.397124099773211,0.2505566014569863,1.0774728435137668,0.20503333333332777,0.0,0.0,0.0,2.057352000000009,0.08375913703782567,0.0,0.0,7.3302,45.0912,calibrated:/Users/let/Documents/DO_A_PAPER_May_18/Papers/Paper_xAI_in_Cyber_2/6_Analysis_Results/xai_surfacebench/data/kddcup99_sa_score_stream.csv
calibrated_anchor,default,default,rtt_uncertainty,fifo_explanation,15,5000,0.0,0.015582511292446304,0.802885,0.9914751565646812,0.9805615587818892,0.8512787265152821,0.03950811663139783,1.6970722222221912,0.0,0.0,0.0,7.1876,0.07753386337523271,0.0,0.4112,7.2494,44.8518,calibrated:/Users/let/Documents/DO_A_PAPER_May_18/Papers/Paper_xAI_in_Cyber_2/6_Analysis_Results/xai_surfacebench/data/kddcup99_sa_score_stream.csv
calibrated_anchor,default,default,rtt_uncertainty,static_coarse_full,15,5000,0.0,0.01397517403960061,0.7265735200000043,0.02842822664692069,0.12705402793588347,0.016027645219680774,3193.936669627931,0.01380833333333294,0.0,0.0,0.0,0.13118399999999455,0.07937212761705958,0.0,0.0,7.2924,45.041,calibrated:/Users/let/Documents/DO_A_PAPER_May_18/Papers/Paper_xAI_in_Cyber_2/6_Analysis_Results/xai_surfacebench/data/kddcup99_sa_score_stream.csv
calibrated_anchor,default,default,rtt_uncertainty,static_offload,15,5000,0.0,0.015617954794631461,0.8119862800000037,0.02870647442872749,0.12565925202029163,0.01701121423460065,3275.6145716244932,0.014449999999999654,0.0008705114254624592,0.0,0.0,0.12875999999999502,0.08585522914912347,0.0,0.0,7.352,45.138,calibrated:/Users/let/Documents/DO_A_PAPER_May_18/Papers/Paper_xAI_in_Cyber_2/6_Analysis_Results/xai_surfacebench/data/kddcup99_sa_score_stream.csv
calibrated_anchor,default,default,rtt_uncertainty,budget_only_bexgov,15,5000,0.0,0.014292675902553259,0.743094760000005,0.028540531661511347,0.12796297223551759,0.016097681167355663,3214.5498837472655,0.013916666666666258,0.0,0.0,0.0,0.13199999999999437,0.08059575210819125,0.0,0.0,7.3054,45.0702,calibrated:/Users/let/Documents/DO_A_PAPER_May_18/Papers/Paper_xAI_in_Cyber_2/6_Analysis_Results/xai_surfacebench/data/kddcup99_sa_score_stream.csv
calibrated_anchor,default,default,rtt_uncertainty,xai_gate,15,5000,0.0,0.015529368174811656,0.8041849600000012,0.5765451681242907,0.6585586499469647,0.5381785206387127,0.29637934541861893,0.20386333333332726,0.009288934760171655,0.013444510837090553,0.8811722527024825,3.2955279999998086,0.09206371805310609,0.0,0.0,7.3636,44.9522,calibrated:/Users/let/Documents/DO_A_PAPER_May_18/Papers/Paper_xAI_in_Cyber_2/6_Analysis_Results/xai_surfacebench/data/kddcup99_sa_score_stream.csv
calibrated_anchor,default,default,adversarial_explanation_flood,never_explain,16,5000,0.0,0.013026923076923075,0.6774,0.0,0.0,0.0,11759.522381154911,0.0,0.0,0.0,0.0,0.0,0.8027883712917763,0.0,0.0,12.1394,44.8912,calibrated:/Users/let/Documents/DO_A_PAPER_May_18/Papers/Paper_xAI_in_Cyber_2/6_Analysis_Results/xai_surfacebench/data/kddcup99_sa_score_stream.csv
calibrated_anchor,default,default,adversarial_explanation_flood,always_explain,16,5000,0.0,0.02135965647510221,1.092876,1.0,1.0,0.8499999999999626,0.0,2.8694583333332067,0.0,0.0,0.0,12.153,0.7969543597546087,0.0414,0.6538,12.153,45.0874,calibrated:/Users/let/Documents/DO_A_PAPER_May_18/Papers/Paper_xAI_in_Cyber_2/6_Analysis_Results/xai_surfacebench/data/kddcup99_sa_score_stream.csv
calibrated_anchor,default,default,adversarial_explanation_flood,threshold_explain,16,5000,0.0,0.01626092740522029,0.845209960000003,0.041367213815087095,0.17809819633638466,0.02349944956540311,11047.503418794879,0.034813888888890074,0.0,0.0,0.0,0.3213919999999823,0.7979111369104779,0.0,0.0,12.1722,45.1346,calibrated:/Users/let/Documents/DO_A_PAPER_May_18/Papers/Paper_xAI_in_Cyber_2/6_Analysis_Results/xai_surfacebench/data/kddcup99_sa_score_stream.csv
calibrated_anchor,default,default,adversarial_explanation_flood,rate_limited,16,5000,0.0,0.013887136193973587,0.719849720000003,0.3719449665314817,0.3649457941642115,0.3828172915224052,7135.216394677028,0.28231944444444435,0.0,0.0,0.0,2.8156960000000306,0.7997231605980075,0.0,0.0,12.1308,44.9358,calibrated:/Users/let/Documents/DO_A_PAPER_May_18/Papers/Paper_xAI_in_Cyber_2/6_Analysis_Results/xai_surfacebench/data/kddcup99_sa_score_stream.csv
calibrated_anchor,default,default,adversarial_explanation_flood,fifo_explanation,16,5000,0.0,0.022158175100938267,1.138046999999987,0.8829072665159342,0.7581846676902559,0.8675639100225538,261.0792097037301,2.5262944444443094,0.0,0.0,0.0,10.6996,0.7907002860723007,0.0,0.6046,12.1186,45.1168,calibrated:/Users/let/Documents/DO_A_PAPER_May_18/Papers/Paper_xAI_in_Cyber_2/6_Analysis_Results/xai_surfacebench/data/kddcup99_sa_score_stream.csv
calibrated_anchor,default,default,adversarial_explanation_flood,static_coarse_full,16,5000,0.0,0.014173529389206744,0.7366985600000014,0.042185321853218695,0.18450117536027785,0.0240254202542025,11004.061264051548,0.0360111111111126,0.0,0.0,0.0,0.3293199999999819,0.807269089696566,0.0,0.0,12.195,44.985,calibrated:/Users/let/Documents/DO_A_PAPER_May_18/Papers/Paper_xAI_in_Cyber_2/6_Analysis_Results/xai_surfacebench/data/kddcup99_sa_score_stream.csv
calibrated_anchor,default,default,adversarial_explanation_flood,static_offload,16,5000,0.0,0.015304121128200175,0.7954908800000016,0.04100285257308725,0.17168169254253773,0.024404504757036555,11010.823286662937,0.03567777777777893,0.001846752518673636,0.0,0.0,0.3004959999999833,0.8020579836751891,0.0,0.0,12.1294,44.8724,calibrated:/Users/let/Documents/DO_A_PAPER_May_18/Papers/Paper_xAI_in_Cyber_2/6_Analysis_Results/xai_surfacebench/data/kddcup99_sa_score_stream.csv
calibrated_anchor,default,default,adversarial_explanation_flood,budget_only_bexgov,16,5000,0.0,0.014859343102440112,0.7723645200000016,0.04114659522361597,0.17668128763918692,0.023362535132558617,11016.129275144223,0.03453333333333465,0.0,0.0,0.0,0.31939199999998247,0.8024960189608559,0.0,0.0,12.1682,45.005,calibrated:/Users/let/Documents/DO_A_PAPER_May_18/Papers/Paper_xAI_in_Cyber_2/6_Analysis_Results/xai_surfacebench/data/kddcup99_sa_score_stream.csv
calibrated_anchor,default,default,adversarial_explanation_flood,xai_gate,16,5000,0.0,0.018041493307554706,0.9300762600000011,0.6811555219414587,0.7897129183274328,0.666308511862684,879.8960575995075,0.9484127777778265,0.04192630834744578,0.3767777576823794,0.4979858930303678,6.723079999999881,0.8008231183750845,0.0002,0.0,12.1642,45.032,calibrated:/Users/let/Documents/DO_A_PAPER_May_18/Papers/Paper_xAI_in_Cyber_2/6_Analysis_Results/xai_surfacebench/data/kddcup99_sa_score_stream.csv
calibrated_anchor,default,default,transient_overload,never_explain,16,5000,0.24560966496450368,1.0240730769230932,53.2518,0.0,0.0,0.0,8193.366163956245,0.0,0.0,0.0,0.0,0.0,0.2029488342852377,0.0,0.0,10.1414,56.203,calibrated:/Users/let/Documents/DO_A_PAPER_May_18/Papers/Paper_xAI_in_Cyber_2/6_Analysis_Results/xai_surfacebench/data/kddcup99_sa_score_stream.csv
calibrated_anchor,default,default,transient_overload,always_explain,16,5000,0.25058000313207407,1.05161029799019,53.24816600000004,1.0,1.0,0.8499999999999795,0.0,2.3964333333332757,0.0,0.0,0.0,10.1496,0.20414003217494225,0.1968,0.5248,10.1496,56.1928,calibrated:/Users/let/Documents/DO_A_PAPER_May_18/Papers/Paper_xAI_in_Cyber_2/6_Analysis_Results/xai_surfacebench/data/kddcup99_sa_score_stream.csv
calibrated_anchor,default,default,transient_overload,threshold_explain,16,5000,0.24551184719724936,1.0243629977880642,53.23676343999996,0.030664598496600106,0.13661184260584686,0.017316947062800795,7614.111495834297,0.020711111111111645,0.0,0.0,0.0,0.1955199999999938,0.19351335955995919,0.0,0.0,10.0572,56.177,calibrated:/Users/let/Documents/DO_A_PAPER_May_18/Papers/Paper_xAI_in_Cyber_2/6_Analysis_Results/xai_surfacebench/data/kddcup99_sa_score_stream.csv
calibrated_anchor,default,default,transient_overload,rate_limited,16,5000,0.24575833799315652,1.0278842286498342,53.29086499999997,0.30360137795276104,0.30476532558226893,0.49537106299212574,8329.732036036285,0.19201111111110772,0.0,0.0,0.0,1.9227760000000418,0.2062110370684329,0.0,0.0,10.16,56.1538,calibrated:/Users/let/Documents/DO_A_PAPER_May_18/Papers/Paper_xAI_in_Cyber_2/6_Analysis_Results/xai_surfacebench/data/kddcup99_sa_score_stream.csv
calibrated_anchor,default,default,transient_overload,fifo_explanation,16,5000,0.24730876810898647,1.03824597780795,53.30711999999998,0.7192282498660156,0.6332312321776599,0.8921157625200898,5680.57471629374,1.711050000000018,0.0,0.0,0.0,7.2468,0.19520154302205883,0.0,0.4442,10.0758,56.2014,calibrated:/Users/let/Documents/DO_A_PAPER_May_18/Papers/Paper_xAI_in_Cyber_2/6_Analysis_Results/xai_surfacebench/data/kddcup99_sa_score_stream.csv
calibrated_anchor,default,default,transient_overload,static_coarse_full,16,5000,0.2450294794270755,1.025614262060565,53.300748039999945,0.03127596557139233,0.14173870076858783,0.01770330172739382,7573.849445893243,0.021377777777778297,0.0,0.0,0.0,0.20003199999999377,0.19434769912324068,0.0,0.0,10.0614,56.1612,calibrated:/Users/let/Documents/DO_A_PAPER_May_18/Papers/Paper_xAI_in_Cyber_2/6_Analysis_Results/xai_surfacebench/data/kddcup99_sa_score_stream.csv
calibrated_anchor,default,default,transient_overload,static_offload,16,5000,0.24729114454850437,1.0218339269045282,53.10604375999988,0.02997278160194141,0.12899564183734993,0.01741523835821779,7711.999876332325,0.020716666666667157,0.000867832981597996,0.0,0.0,0.18559199999999418,0.20320040248277182,0.0,0.0,10.1402,56.1846,calibrated:/Users/let/Documents/DO_A_PAPER_May_18/Papers/Paper_xAI_in_Cyber_2/6_Analysis_Results/xai_surfacebench/data/kddcup99_sa_score_stream.csv
calibrated_anchor,default,default,transient_overload,budget_only_bexgov,16,5000,0.24550653332573072,1.0266071623620294,53.35331787999985,0.031469443401632734,0.13585419550045882,0.017727371520025306,7653.744557791882,0.02112777777777832,0.0,0.0,0.0,0.20137599999999353,0.202087282020585,0.0,0.0,10.1222,56.1368,calibrated:/Users/let/Documents/DO_A_PAPER_May_18/Papers/Paper_xAI_in_Cyber_2/6_Analysis_Results/xai_surfacebench/data/kddcup99_sa_score_stream.csv
calibrated_anchor,default,default,transient_overload,xai_gate,16,5000,0.2487142168743201,1.0367643461158749,53.36557725999999,0.675833759691483,0.7275559694474452,0.7678830335708062,948.3949931490653,0.9632388888889968,0.24087921602581763,0.15150143649887834,0.5926640166870006,4.156555999999804,0.20394127416209917,0.0106,0.0,10.1636,56.2796,calibrated:/Users/let/Documents/DO_A_PAPER_May_18/Papers/Paper_xAI_in_Cyber_2/6_Analysis_Results/xai_surfacebench/data/kddcup99_sa_score_stream.csv
calibrated_anchor,default,default,non_markovian,never_explain,16,5000,0.13490170661636997,1.2319692307692431,64.0624,0.0,0.0,0.0,6899.3226320460635,0.0,0.0,0.0,0.0,0.0,0.12934528122576539,0.0,0.0,9.3048,54.9274,calibrated:/Users/let/Documents/DO_A_PAPER_May_18/Papers/Paper_xAI_in_Cyber_2/6_Analysis_Results/xai_surfacebench/data/kddcup99_sa_score_stream.csv
calibrated_anchor,default,default,non_markovian,always_explain,16,5000,0.13887771795819634,1.297508328919529,66.37173200000021,1.0,1.0,0.8499999999999784,0.0,2.1869083333332777,0.0,0.0,0.0,9.2622,0.12996790238225286,0.0968,0.5374,9.2622,54.6458,calibrated:/Users/let/Documents/DO_A_PAPER_May_18/Papers/Paper_xAI_in_Cyber_2/6_Analysis_Results/xai_surfacebench/data/kddcup99_sa_score_stream.csv
calibrated_anchor,default,default,non_markovian,threshold_explain,16,5000,0.13410021121596938,1.142654425921132,59.397886760000056,0.029138800510790142,0.1325927135487522,0.016468627578295793,6366.678203343491,0.018155555555555602,0.0,0.0,0.0,0.17086399999999313,0.12363977280603655,0.0,0.0,9.2406,54.8254,calibrated:/Users/let/Documents/DO_A_PAPER_May_18/Papers/Paper_xAI_in_Cyber_2/6_Analysis_Results/xai_surfacebench/data/kddcup99_sa_score_stream.csv
calibrated_anchor,default,default,non_markovian,rate_limited,16,5000,0.13216291019875173,1.2715311499391457,65.94279940000001,0.3702494623655986,0.3492798627279371,0.38454838709677425,3602.4111592382365,0.21429444444443987,0.0,0.0,0.0,2.146288000000018,0.12432902945016489,0.0,0.0,9.3,55.144,calibrated:/Users/let/Documents/DO_A_PAPER_May_18/Papers/Paper_xAI_in_Cyber_2/6_Analysis_Results/xai_surfacebench/data/kddcup99_sa_score_stream.csv
calibrated_anchor,default,default,non_markovian,fifo_explanation,16,5000,0.13700173509224128,1.300516903457704,66.929217,0.8259729654223884,0.7577426931950716,0.8761040551866205,150.41921465464426,1.8149861111111047,0.0,0.0,0.0,7.687,0.13079898081556363,0.0,0.449,9.3066,54.8674,calibrated:/Users/let/Documents/DO_A_PAPER_May_18/Papers/Paper_xAI_in_Cyber_2/6_Analysis_Results/xai_surfacebench/data/kddcup99_sa_score_stream.csv
calibrated_anchor,default,default,non_markovian,static_coarse_full,16,5000,0.13508833670374132,1.2836443603650163,66.72688111999986,0.02931918318929076,0.12819389658841232,0.016506736146415867,6739.8973342482,0.01830833333333337,0.0,0.0,0.0,0.17488799999999297,0.1365015166835133,0.0,0.0,9.4416,55.384,calibrated:/Users/let/Documents/DO_A_PAPER_May_18/Papers/Paper_xAI_in_Cyber_2/6_Analysis_Results/xai_surfacebench/data/kddcup99_sa_score_stream.csv
calibrated_anchor,default,default,non_markovian,static_offload,16,5000,0.13739697430893372,1.1919112135142544,61.95788987999961,0.029870814942405687,0.12538910851938717,0.01720120572720422,6392.781366354107,0.018550000000000094,0.0006889869738400258,0.0,0.0,0.17008799999999363,0.1273824434670312,0.0,0.0,9.289,54.9296,calibrated:/Users/let/Documents/DO_A_PAPER_May_18/Papers/Paper_xAI_in_Cyber_2/6_Analysis_Results/xai_surfacebench/data/kddcup99_sa_score_stream.csv
calibrated_anchor,default,default,non_markovian,budget_only_bexgov,16,5000,0.1360733984878413,1.2713106068495785,66.0855424,0.02975156881286082,0.13108259753123683,0.016769105131952216,6532.357224735681,0.018416666666666706,0.0,0.0,0.0,0.17515199999999284,0.13252504749075267,0.0,0.0,9.3064,54.7826,calibrated:/Users/let/Documents/DO_A_PAPER_May_18/Papers/Paper_xAI_in_Cyber_2/6_Analysis_Results/xai_surfacebench/data/kddcup99_sa_score_stream.csv
calibrated_anchor,default,default,non_markovian,xai_gate,16,5000,0.1374459657471489,1.3256592599958281,68.59312361999991,0.5626700868528748,0.6250809546479104,0.5337018903269657,117.76076722625032,0.417993888888879,0.08346815395095368,0.0,0.6481607629427792,3.5794079999998574,0.13418054031476245,0.0,0.0,9.3952,55.2246,calibrated:/Users/let/Documents/DO_A_PAPER_May_18/Papers/Paper_xAI_in_Cyber_2/6_Analysis_Results/xai_surfacebench/data/kddcup99_sa_score_stream.csv
calibrated_anchor,default,default,rtt_uncertainty,never_explain,16,5000,0.0,0.015088461538461547,0.7846,0.0,0.0,0.0,3419.583136899057,0.0,0.0,0.0,0.0,0.0,0.07033258687899213,0.0,0.0,7.2268,45.0128,calibrated:/Users/let/Documents/DO_A_PAPER_May_18/Papers/Paper_xAI_in_Cyber_2/6_Analysis_Results/xai_surfacebench/data/kddcup99_sa_score_stream.csv
calibrated_anchor,default,default,rtt_uncertainty,always_explain,16,5000,0.0,0.016901571402484293,0.8702510000000013,1.0,1.0,0.8499999999999808,0.0,1.7243194444444054,0.0,0.0,0.0,7.303,0.082459939496075,0.0004,0.4162,7.303,44.9778,calibrated:/Users/let/Documents/DO_A_PAPER_May_18/Papers/Paper_xAI_in_Cyber_2/6_Analysis_Results/xai_surfacebench/data/kddcup99_sa_score_stream.csv
calibrated_anchor,default,default,rtt_uncertainty,threshold_explain,16,5000,0.0,0.013807422644574973,0.717870840000003,0.02862415645227994,0.12444197241489077,0.016096956342101645,3126.7154310772667,0.01366666666666629,0.0,0.0,0.0,0.13113599999999467,0.0790800252047914,0.0,0.0,7.261,44.8592,calibrated:/Users/let/Documents/DO_A_PAPER_May_18/Papers/Paper_xAI_in_Cyber_2/6_Analysis_Results/xai_surfacebench/data/kddcup99_sa_score_stream.csv
calibrated_anchor,default,default,rtt_uncertainty,rate_limited,16,5000,0.0,0.015830270404192392,0.820933000000004,0.450282423302701,0.3907825269110365,0.2504111751024477,1.035103601262187,0.20150277777777184,0.0,0.0,0.0,2.025352000000003,0.06904890878037429,0.0,0.0,7.2232,45.0444,calibrated:/Users/let/Documents/DO_A_PAPER_May_18/Papers/Paper_xAI_in_Cyber_2/6_Analysis_Results/xai_surfacebench/data/kddcup99_sa_score_stream.csv
calibrated_anchor,default,default,rtt_uncertainty,fifo_explanation,16,5000,0.0,0.01695312038436346,0.8731780000000006,0.9908118486012069,0.9804600160066032,0.8513782227098036,0.03953236756772737,1.7059027777777471,0.0,0.0,0.0,7.225,0.07810176026872506,0.0,0.4154,7.292,45.0916,calibrated:/Users/let/Documents/DO_A_PAPER_May_18/Papers/Paper_xAI_in_Cyber_2/6_Analysis_Results/xai_surfacebench/data/kddcup99_sa_score_stream.csv
calibrated_anchor,default,default,rtt_uncertainty,static_coarse_full,16,5000,0.0,0.01357709032303961,0.7058943600000043,0.028383082531590702,0.12306241233000816,0.015954005975385804,3182.2110802269035,0.013586111111110728,0.0,0.0,0.0,0.1305999999999946,0.08171334285091758,0.0,0.0,7.2966,44.9694,calibrated:/Users/let/Documents/DO_A_PAPER_May_18/Papers/Paper_xAI_in_Cyber_2/6_Analysis_Results/xai_surfacebench/data/kddcup99_sa_score_stream.csv
calibrated_anchor,default,default,rtt_uncertainty,static_offload,16,5000,0.0,0.01502157810566691,0.7809788000000045,0.029182735701978196,0.12084149307358247,0.016874559267081164,3161.386430062982,0.0140611111111107,0.0005470309893055442,0.0,0.0,0.13117599999999463,0.08490901969162867,0.0,0.0,7.3122,44.9328,calibrated:/Users/let/Documents/DO_A_PAPER_May_18/Papers/Paper_xAI_in_Cyber_2/6_Analysis_Results/xai_surfacebench/data/kddcup99_sa_score_stream.csv
calibrated_anchor,default,default,rtt_uncertainty,budget_only_bexgov,16,5000,0.0,0.013927711857530122,0.7241236000000049,0.0285598616676737,0.12998010471084365,0.016133282099138172,3156.2419061108803,0.013997222222221823,0.0,0.0,0.0,0.1319839999999946,0.08232071853690637,0.0,0.0,7.2868,44.8838,calibrated:/Users/let/Documents/DO_A_PAPER_May_18/Papers/Paper_xAI_in_Cyber_2/6_Analysis_Results/xai_surfacebench/data/kddcup99_sa_score_stream.csv
calibrated_anchor,default,default,rtt_uncertainty,xai_gate,16,5000,0.0,0.015442773299519295,0.7996814000000008,0.5762186350409053,0.6575433801859148,0.537156102553921,0.2998940494605714,0.20080111111110552,0.008675122165486191,0.014385329160489761,0.8796464064130017,3.2602959999998142,0.08185167530193693,0.0,0.0,7.2852,44.8934,calibrated:/Users/let/Documents/DO_A_PAPER_May_18/Papers/Paper_xAI_in_Cyber_2/6_Analysis_Results/xai_surfacebench/data/kddcup99_sa_score_stream.csv
calibrated_anchor,default,default,adversarial_explanation_flood,never_explain,17,5000,0.0,0.014046153846153842,0.7304,0.0,0.0,0.0,11624.824126833491,0.0,0.0,0.0,0.0,0.0,0.7910895485373222,0.0,0.0,12.061,44.8926,calibrated:/Users/let/Documents/DO_A_PAPER_May_18/Papers/Paper_xAI_in_Cyber_2/6_Analysis_Results/xai_surfacebench/data/kddcup99_sa_score_stream.csv
calibrated_anchor,default,default,adversarial_explanation_flood,always_explain,17,5000,0.0,0.020612887814769866,1.0548340000000014,1.0,1.0,0.8499999999999631,0.0,2.880224999999875,0.0,0.0,0.0,12.1986,0.8052182714975111,0.0464,0.6538,12.1986,45.0494,calibrated:/Users/let/Documents/DO_A_PAPER_May_18/Papers/Paper_xAI_in_Cyber_2/6_Analysis_Results/xai_surfacebench/data/kddcup99_sa_score_stream.csv
calibrated_anchor,default,default,adversarial_explanation_flood,threshold_explain,17,5000,0.0,0.014035709325754396,0.7295379200000025,0.042040166342123805,0.18316953548181672,0.02392900755800519,10913.97953583626,0.03556666666666798,0.0,0.0,0.0,0.325943999999982,0.7993348773680193,0.0,0.0,12.1196,44.904,calibrated:/Users/let/Documents/DO_A_PAPER_May_18/Papers/Paper_xAI_in_Cyber_2/6_Analysis_Results/xai_surfacebench/data/kddcup99_sa_score_stream.csv
calibrated_anchor,default,default,adversarial_explanation_flood,rate_limited,17,5000,0.0,0.016412975583625727,0.8507933600000057,0.3743862968680057,0.36552074402986856,0.3786660359508037,7250.90363186274,0.28213611111111137,0.0,0.0,0.0,2.8149520000000416,0.7881198609250022,0.0,0.0,12.0498,44.9254,calibrated:/Users/let/Documents/DO_A_PAPER_May_18/Papers/Paper_xAI_in_Cyber_2/6_Analysis_Results/xai_surfacebench/data/kddcup99_sa_score_stream.csv
calibrated_anchor,default,default,adversarial_explanation_flood,fifo_explanation,17,5000,0.0,0.018831622960653407,0.967188999999992,0.8782754043557347,0.7500160380922518,0.8682586893465863,401.2989437815785,2.5308749999998743,0.0,0.0,0.0,10.719,0.8082656970903817,0.0,0.6044,12.2046,44.9956,calibrated:/Users/let/Documents/DO_A_PAPER_May_18/Papers/Paper_xAI_in_Cyber_2/6_Analysis_Results/xai_surfacebench/data/kddcup99_sa_score_stream.csv
calibrated_anchor,default,default,adversarial_explanation_flood,static_coarse_full,17,5000,0.0,0.015268983448531361,0.7936287200000023,0.042265632685182394,0.17983449110040042,0.023997442371380774,11088.322878399886,0.03555833333333472,0.0,0.0,0.0,0.3288959999999814,0.8056246299585588,0.0,0.0,12.1988,45.04,calibrated:/Users/let/Documents/DO_A_PAPER_May_18/Papers/Paper_xAI_in_Cyber_2/6_Analysis_Results/xai_surfacebench/data/kddcup99_sa_score_stream.csv
calibrated_anchor,default,default,adversarial_explanation_flood,static_offload,17,5000,0.0,0.01367729269328006,0.7109347200000012,0.041466381964445596,0.1693328108268973,0.024478928725129887,10871.866956866983,0.035327777777779,0.0016386930181745954,0.0,0.0,0.30383199999998306,0.7934879412917231,0.0,0.0,12.0828,44.9136,calibrated:/Users/let/Documents/DO_A_PAPER_May_18/Papers/Paper_xAI_in_Cyber_2/6_Analysis_Results/xai_surfacebench/data/kddcup99_sa_score_stream.csv
calibrated_anchor,default,default,adversarial_explanation_flood,budget_only_bexgov,17,5000,0.0,0.014771491387307838,0.7677765600000017,0.041698190789473906,0.177502042001378,0.023664473684210492,10982.255816919189,0.034891666666667945,0.0,0.0,0.0,0.32327999999998275,0.79857179200464,0.0,0.0,12.16,45.0728,calibrated:/Users/let/Documents/DO_A_PAPER_May_18/Papers/Paper_xAI_in_Cyber_2/6_Analysis_Results/xai_surfacebench/data/kddcup99_sa_score_stream.csv
calibrated_anchor,default,default,adversarial_explanation_flood,xai_gate,17,5000,0.0,0.016420756387760714,0.8466018200000012,0.6809646186752263,0.7873125542673519,0.6658706548892235,909.5979605393177,0.953521666666708,0.04165101964177837,0.3740591375904126,0.5003183829412052,6.770227999999869,0.8184355344161316,0.0,0.0,12.2494,44.9082,calibrated:/Users/let/Documents/DO_A_PAPER_May_18/Papers/Paper_xAI_in_Cyber_2/6_Analysis_Results/xai_surfacebench/data/kddcup99_sa_score_stream.csv
calibrated_anchor,default,default,transient_overload,never_explain,17,5000,0.24528953637856066,1.0223653846153995,53.163,0.0,0.0,0.0,8104.305297825222,0.0,0.0,0.0,0.0,0.0,0.1990271036391047,0.0,0.0,10.101,56.1622,calibrated:/Users/let/Documents/DO_A_PAPER_May_18/Papers/Paper_xAI_in_Cyber_2/6_Analysis_Results/xai_surfacebench/data/kddcup99_sa_score_stream.csv
calibrated_anchor,default,default,transient_overload,always_explain,17,5000,0.25306864210328245,1.0509504964448633,53.201588999999956,1.0,1.0,0.8499999999999811,0.0,2.4041777777777242,0.0,0.0,0.0,10.1824,0.2049051035465268,0.2012,0.526,10.1824,56.3386,calibrated:/Users/let/Documents/DO_A_PAPER_May_18/Papers/Paper_xAI_in_Cyber_2/6_Analysis_Results/xai_surfacebench/data/kddcup99_sa_score_stream.csv
calibrated_anchor,default,default,transient_overload,threshold_explain,17,5000,0.24625130881844493,1.0264117442465328,53.343720519999906,0.030518749629747363,0.13563582755354303,0.017228135305384976,7719.709324759627,0.02071944444444496,0.0,0.0,0.0,0.19587999999999364,0.20284696663614543,0.0,0.0,10.1282,56.1346,calibrated:/Users/let/Documents/DO_A_PAPER_May_18/Papers/Paper_xAI_in_Cyber_2/6_Analysis_Results/xai_surfacebench/data/kddcup99_sa_score_stream.csv
calibrated_anchor,default,default,transient_overload,rate_limited,17,5000,0.24559196805794353,1.0273755326599698,53.26442387999997,0.30474736696504934,0.30672166271263024,0.4935562273993713,8257.180030439526,0.1921083333333305,0.0,0.0,0.0,1.9229280000000402,0.20489844896734333,0.0,0.0,10.1214,56.0014,calibrated:/Users/let/Documents/DO_A_PAPER_May_18/Papers/Paper_xAI_in_Cyber_2/6_Analysis_Results/xai_surfacebench/data/kddcup99_sa_score_stream.csv
calibrated_anchor,default,default,transient_overload,fifo_explanation,17,5000,0.2471678001709228,1.0371152266083963,53.24856399999998,0.7182953623245779,0.6293896320058727,0.8922556956513057,5684.142900717421,1.7136472222222416,0.0,0.0,0.0,7.2578,0.19928310307173747,0.0,0.4448,10.1042,56.168,calibrated:/Users/let/Documents/DO_A_PAPER_May_18/Papers/Paper_xAI_in_Cyber_2/6_Analysis_Results/xai_surfacebench/data/kddcup99_sa_score_stream.csv
calibrated_anchor,default,default,transient_overload,static_coarse_full,17,5000,0.2428004127590454,1.0255411242011918,53.29886463999995,0.030511086805210953,0.1357654654175957,0.01722581286666005,7614.1045080960885,0.020580555555556056,0.0,0.0,0.0,0.19447999999999382,0.19905191798232247,0.0,0.0,10.057,55.9164,calibrated:/Users/let/Documents/DO_A_PAPER_May_18/Papers/Paper_xAI_in_Cyber_2/6_Analysis_Results/xai_surfacebench/data/kddcup99_sa_score_stream.csv
calibrated_anchor,default,default,transient_overload,static_offload,17,5000,0.2446694417826322,1.0252011993354604,53.2825942399999,0.029718751862077862,0.12097919385526923,0.01692990644924226,7571.095378720045,0.019538888888889355,0.000476691759191213,0.0,0.0,0.18427999999999375,0.20012681340789573,0.0,0.0,10.0694,55.9352,calibrated:/Users/let/Documents/DO_A_PAPER_May_18/Papers/Paper_xAI_in_Cyber_2/6_Analysis_Results/xai_surfacebench/data/kddcup99_sa_score_stream.csv
calibrated_anchor,default,default,transient_overload,budget_only_bexgov,17,5000,0.2452518601876244,1.0238653925528869,53.209225479999915,0.03129894466910014,0.13672395824671166,0.017649669592662013,7677.654844196994,0.021158333333333848,0.0,0.0,0.0,0.20085599999999398,0.2073773986191203,0.0,0.0,10.139,55.9836,calibrated:/Users/let/Documents/DO_A_PAPER_May_18/Papers/Paper_xAI_in_Cyber_2/6_Analysis_Results/xai_surfacebench/data/kddcup99_sa_score_stream.csv
calibrated_anchor,default,default,transient_overload,xai_gate,17,5000,0.2467468564358199,1.0360515452203007,53.33365134,0.6763223360777434,0.7286462230704847,0.7687914865051858,930.4014769412788,0.9633088888889871,0.24193962368457422,0.1520859246974274,0.5905940887283065,4.14045599999981,0.20401075429850946,0.0098,0.0,10.1298,56.0892,calibrated:/Users/let/Documents/DO_A_PAPER_May_18/Papers/Paper_xAI_in_Cyber_2/6_Analysis_Results/xai_surfacebench/data/kddcup99_sa_score_stream.csv
calibrated_anchor,default,default,non_markovian,never_explain,17,5000,0.1341364700391602,1.2321000000000117,64.0692,0.0,0.0,0.0,6794.227587674075,0.0,0.0,0.0,0.0,0.0,0.12516924453130884,0.0,0.0,9.2576,54.8516,calibrated:/Users/let/Documents/DO_A_PAPER_May_18/Papers/Paper_xAI_in_Cyber_2/6_Analysis_Results/xai_surfacebench/data/kddcup99_sa_score_stream.csv
calibrated_anchor,default,default,non_markovian,always_explain,17,5000,0.1420043783470838,1.2665205162677562,64.75581599999991,1.0,1.0,0.8499999999999763,0.0,2.2167055555554938,0.0,0.0,0.0,9.3884,0.1323877068557877,0.1004,0.5378,9.3884,55.272,calibrated:/Users/let/Documents/DO_A_PAPER_May_18/Papers/Paper_xAI_in_Cyber_2/6_Analysis_Results/xai_surfacebench/data/kddcup99_sa_score_stream.csv
calibrated_anchor,default,default,non_markovian,threshold_explain,17,5000,0.13732304969050219,1.202147975966182,62.49024127999988,0.02907428890607624,0.1292783715223204,0.01639275586491365,6493.781654613315,0.018033333333333377,0.0,0.0,0.0,0.17128799999999336,0.1279318704724801,0.0,0.0,9.3096,55.0246,calibrated:/Users/let/Documents/DO_A_PAPER_May_18/Papers/Paper_xAI_in_Cyber_2/6_Analysis_Results/xai_surfacebench/data/kddcup99_sa_score_stream.csv
calibrated_anchor,default,default,non_markovian,rate_limited,17,5000,0.1364667218561076,1.3059287489272986,67.72745524000014,0.3649036201222444,0.3421917213793445,0.3931561738684447,3991.151774899675,0.21223611111110582,0.0,0.0,0.0,2.1280240000000186,0.13269066681190012,0.0,0.0,9.3588,55.083,calibrated:/Users/let/Documents/DO_A_PAPER_May_18/Papers/Paper_xAI_in_Cyber_2/6_Analysis_Results/xai_surfacebench/data/kddcup99_sa_score_stream.csv
calibrated_anchor,default,default,non_markovian,fifo_explanation,17,5000,0.13827927901863307,1.326237994930385,68.26292299999999,0.827264539372105,0.7601580844478302,0.8759103190941597,150.56201302722678,1.8216916666666536,0.0,0.0,0.0,7.7154,0.12429117000346857,0.0,0.4488,9.3264,55.3024,calibrated:/Users/let/Documents/DO_A_PAPER_May_18/Papers/Paper_xAI_in_Cyber_2/6_Analysis_Results/xai_surfacebench/data/kddcup99_sa_score_stream.csv
calibrated_anchor,default,default,non_markovian,static_coarse_full,17,5000,0.13378319697395274,1.2920055499706184,67.16099711999951,0.02985995296130081,0.13127285872645977,0.016828094932649144,6512.674699543714,0.01856666666666673,0.0,0.0,0.0,0.17666399999999294,0.13732113090136,0.0,0.0,9.354,54.8306,calibrated:/Users/let/Documents/DO_A_PAPER_May_18/Papers/Paper_xAI_in_Cyber_2/6_Analysis_Results/xai_surfacebench/data/kddcup99_sa_score_stream.csv
calibrated_anchor,default,default,non_markovian,static_offload,17,5000,0.13576206081463724,1.2376978987102596,64.33918795999982,0.029436634832064358,0.12899589189544847,0.017184676467432127,6500.758332847977,0.018888888888888976,0.0009443073291125657,0.0,0.0,0.16716799999999324,0.13487044404744286,0.0,0.0,9.319,54.7434,calibrated:/Users/let/Documents/DO_A_PAPER_May_18/Papers/Paper_xAI_in_Cyber_2/6_Analysis_Results/xai_surfacebench/data/kddcup99_sa_score_stream.csv
calibrated_anchor,default,default,non_markovian,budget_only_bexgov,17,5000,0.1372774662906016,1.1835376045874206,61.52181803999995,0.02996529574064576,0.13120698715940665,0.016882221072598735,6376.931815825648,0.018452777777777797,0.0,0.0,0.0,0.17579199999999318,0.12557547083977805,0.0,0.0,9.2784,54.955,calibrated:/Users/let/Documents/DO_A_PAPER_May_18/Papers/Paper_xAI_in_Cyber_2/6_Analysis_Results/xai_surfacebench/data/kddcup99_sa_score_stream.csv
calibrated_anchor,default,default,non_markovian,xai_gate,17,5000,0.13764630600554711,1.2939339309084645,66.96041904,0.5590757326379422,0.620876276651146,0.5264732915802653,112.02821243844812,0.41402722222221056,0.08229485069362803,0.0,0.6297800483081462,3.530971999999841,0.1292958406052136,0.0,0.0,9.3566,55.2356,calibrated:/Users/let/Documents/DO_A_PAPER_May_18/Papers/Paper_xAI_in_Cyber_2/6_Analysis_Results/xai_surfacebench/data/kddcup99_sa_score_stream.csv
calibrated_anchor,default,default,rtt_uncertainty,never_explain,17,5000,0.0,0.01307307692307693,0.6798,0.0,0.0,0.0,3591.8556209362782,0.0,0.0,0.0,0.0,0.0,0.0839069288564045,0.0,0.0,7.3272,45.0666,calibrated:/Users/let/Documents/DO_A_PAPER_May_18/Papers/Paper_xAI_in_Cyber_2/6_Analysis_Results/xai_surfacebench/data/kddcup99_sa_score_stream.csv
calibrated_anchor,default,default,rtt_uncertainty,always_explain,17,5000,0.0,0.0185640075975471,0.9562599999999991,1.0,1.0,0.8499999999999782,0.0,1.7365027777777333,0.0,0.0,0.0,7.3546,0.08636920245380542,0.0002,0.4288,7.3546,45.1326,calibrated:/Users/let/Documents/DO_A_PAPER_May_18/Papers/Paper_xAI_in_Cyber_2/6_Analysis_Results/xai_surfacebench/data/kddcup99_sa_score_stream.csv
calibrated_anchor,default,default,rtt_uncertainty,threshold_explain,17,5000,0.0,0.014134775435790831,0.7348989600000048,0.029290875621617807,0.13130747051802388,0.01653158227326429,3179.052282322681,0.014277777777777393,0.0,0.0,0.0,0.1350879999999946,0.08197851917251686,0.0,0.0,7.2794,44.8524,calibrated:/Users/let/Documents/DO_A_PAPER_May_18/Papers/Paper_xAI_in_Cyber_2/6_Analysis_Results/xai_surfacebench/data/kddcup99_sa_score_stream.csv
calibrated_anchor,default,default,rtt_uncertainty,rate_limited,17,5000,0.0,0.016581610520217595,0.8599940000000049,0.4504363407561501,0.3946444101384697,0.2504760080976091,1.185901222472812,0.20428611111110506,0.0,0.0,0.0,2.05120000000001,0.08012912853016219,0.0,0.0,7.3108,45.123,calibrated:/Users/let/Documents/DO_A_PAPER_May_18/Papers/Paper_xAI_in_Cyber_2/6_Analysis_Results/xai_surfacebench/data/kddcup99_sa_score_stream.csv
calibrated_anchor,default,default,rtt_uncertainty,fifo_explanation,17,5000,0.0,0.015586009370914342,0.8028670000000001,0.9922132951793968,0.9825515707565846,0.85116800572307,0.034388181174906635,1.702880555555515,0.0,0.0,0.0,7.2122,0.08003696802741178,0.0,0.4142,7.2688,44.8676,calibrated:/Users/let/Documents/DO_A_PAPER_May_18/Papers/Paper_xAI_in_Cyber_2/6_Analysis_Results/xai_surfacebench/data/kddcup99_sa_score_stream.csv
calibrated_anchor,default,default,rtt_uncertainty,static_coarse_full,17,5000,0.0,0.013494952603099455,0.7016151200000029,0.02884140655000338,0.12880680285610954,0.016265291568380063,3196.0150026041215,0.014027777777777386,0.0,0.0,0.0,0.13311999999999477,0.08323157053424746,0.0,0.0,7.2916,44.8756,calibrated:/Users/let/Documents/DO_A_PAPER_May_18/Papers/Paper_xAI_in_Cyber_2/6_Analysis_Results/xai_surfacebench/data/kddcup99_sa_score_stream.csv
calibrated_anchor,default,default,rtt_uncertainty,static_offload,17,5000,0.0,0.014436290998501812,0.7505640800000043,0.028558454425363915,0.1264865813623794,0.017003953084759875,3121.912971024356,0.014322222222221844,0.0009357111404667548,0.0,0.0,0.12641599999999498,0.07515046070267895,0.0,0.0,7.2672,45.0616,calibrated:/Users/let/Documents/DO_A_PAPER_May_18/Papers/Paper_xAI_in_Cyber_2/6_Analysis_Results/xai_surfacebench/data/kddcup99_sa_score_stream.csv
calibrated_anchor,default,default,rtt_uncertainty,budget_only_bexgov,17,5000,0.0,0.014207481142801019,0.7386531600000036,0.02943830671625539,0.12907526553689286,0.016580070006563124,3214.108966114819,0.01426666666666625,0.0,0.0,0.0,0.13607999999999415,0.08240427065434863,0.0,0.0,7.3136,45.0454,calibrated:/Users/let/Documents/DO_A_PAPER_May_18/Papers/Paper_xAI_in_Cyber_2/6_Analysis_Results/xai_surfacebench/data/kddcup99_sa_score_stream.csv
calibrated_anchor,default,default,rtt_uncertainty,xai_gate,17,5000,0.0,0.015109029177888473,0.782409500000002,0.5762445379069276,0.6597771480207277,0.538204076501097,0.2960681647800975,0.20236611111110517,0.009777146602578108,0.012999781516277037,0.881035612846843,3.272063999999821,0.08472085827323461,0.0,0.0,7.3232,45.0082,calibrated:/Users/let/Documents/DO_A_PAPER_May_18/Papers/Paper_xAI_in_Cyber_2/6_Analysis_Results/xai_surfacebench/data/kddcup99_sa_score_stream.csv
calibrated_anchor,default,default,adversarial_explanation_flood,never_explain,18,5000,0.0,0.01494615384615385,0.7772,0.0,0.0,0.0,11851.42543602723,0.0,0.0,0.0,0.0,0.0,0.8015736557061663,0.0,0.0,12.165,45.0162,calibrated:/Users/let/Documents/DO_A_PAPER_May_18/Papers/Paper_xAI_in_Cyber_2/6_Analysis_Results/xai_surfacebench/data/kddcup99_sa_score_stream.csv
calibrated_anchor,default,default,adversarial_explanation_flood,always_explain,18,5000,0.0,0.01985464942101954,1.0160399999999994,1.0,1.0,0.8499999999999656,0.0,2.8689861111109947,0.0,0.0,0.0,12.151,0.8021184643358181,0.042,0.6508,12.151,44.9508,calibrated:/Users/let/Documents/DO_A_PAPER_May_18/Papers/Paper_xAI_in_Cyber_2/6_Analysis_Results/xai_surfacebench/data/kddcup99_sa_score_stream.csv
calibrated_anchor,default,default,adversarial_explanation_flood,threshold_explain,18,5000,0.0,0.015713611004240746,0.8167781600000024,0.04192385895888819,0.17353818905971655,0.023724232555832885,10910.987299439692,0.034413888888890104,0.0,0.0,0.0,0.3223279999999815,0.7938202413782902,0.0,0.0,12.0986,44.964,calibrated:/Users/let/Documents/DO_A_PAPER_May_18/Papers/Paper_xAI_in_Cyber_2/6_Analysis_Results/xai_surfacebench/data/kddcup99_sa_score_stream.csv
calibrated_anchor,default,default,adversarial_explanation_flood,rate_limited,18,5000,0.0,0.017016866272998223,0.8821162000000089,0.36969776394463866,0.36760363715086714,0.3869178474895562,7582.824240595181,0.28294444444444417,0.0,0.0,0.0,2.817856000000048,0.8027555921747178,0.0,0.0,12.209,45.1494,calibrated:/Users/let/Documents/DO_A_PAPER_May_18/Papers/Paper_xAI_in_Cyber_2/6_Analysis_Results/xai_surfacebench/data/kddcup99_sa_score_stream.csv
calibrated_anchor,default,default,adversarial_explanation_flood,fifo_explanation,18,5000,0.0,0.01844393272698496,0.9473399999999932,0.8823655665439416,0.7576463223386206,0.8676451650183562,213.6151737733989,2.5237444444443162,0.0,0.0,0.0,10.6888,0.7999890043432765,0.0,0.6042,12.1138,44.8662,calibrated:/Users/let/Documents/DO_A_PAPER_May_18/Papers/Paper_xAI_in_Cyber_2/6_Analysis_Results/xai_surfacebench/data/kddcup99_sa_score_stream.csv
calibrated_anchor,default,default,adversarial_explanation_flood,static_coarse_full,18,5000,0.0,0.01519013243126196,0.7895443200000023,0.04149172269805548,0.17966884483102147,0.023588255601768846,10996.653290478405,0.03503055555555682,0.0,0.0,0.0,0.32247199999998205,0.8004362792542408,0.0,0.0,12.1658,45.0476,calibrated:/Users/let/Documents/DO_A_PAPER_May_18/Papers/Paper_xAI_in_Cyber_2/6_Analysis_Results/xai_surfacebench/data/kddcup99_sa_score_stream.csv
calibrated_anchor,default,default,adversarial_explanation_flood,static_offload,18,5000,0.0,0.01434793527292329,0.7457960400000032,0.04143864527983377,0.17504990324762984,0.024784062505172826,10848.474018849862,0.03628333333333467,0.0020029464832563605,0.0,0.0,0.30184799999998324,0.7909584923112485,0.0,0.0,12.0822,44.9748,calibrated:/Users/let/Documents/DO_A_PAPER_May_18/Papers/Paper_xAI_in_Cyber_2/6_Analysis_Results/xai_surfacebench/data/kddcup99_sa_score_stream.csv
calibrated_anchor,default,default,adversarial_explanation_flood,budget_only_bexgov,18,5000,0.0,0.014557226433102326,0.7566635600000015,0.042049851006733606,0.17531468197348696,0.023816697123853713,10925.777520521027,0.03481111111111246,0.0,0.0,0.0,0.3249519999999822,0.7973528393505396,0.0,0.0,12.1482,45.0596,calibrated:/Users/let/Documents/DO_A_PAPER_May_18/Papers/Paper_xAI_in_Cyber_2/6_Analysis_Results/xai_surfacebench/data/kddcup99_sa_score_stream.csv
calibrated_anchor,default,default,adversarial_explanation_flood,xai_gate,18,5000,0.0,0.016187070973117224,0.834639640000001,0.6813163419274664,0.7928316677950965,0.6653570491373163,901.6938833510602,0.9501188888889315,0.04051039821557436,0.3724824509610969,0.5008036475759365,6.755623999999897,0.8052619424064309,0.0002,0.0,12.1944,45.0328,calibrated:/Users/let/Documents/DO_A_PAPER_May_18/Papers/Paper_xAI_in_Cyber_2/6_Analysis_Results/xai_surfacebench/data/kddcup99_sa_score_stream.csv
calibrated_anchor,default,default,transient_overload,never_explain,18,5000,0.24594063354603465,1.0254538461538611,53.3236,0.0,0.0,0.0,8209.153506938192,0.0,0.0,0.0,0.0,0.0,0.2053232300212693,0.0,0.0,10.1548,56.1664,calibrated:/Users/let/Documents/DO_A_PAPER_May_18/Papers/Paper_xAI_in_Cyber_2/6_Analysis_Results/xai_surfacebench/data/kddcup99_sa_score_stream.csv
calibrated_anchor,default,default,transient_overload,always_explain,18,5000,0.25152346761501093,1.0530997554695158,53.31891300000004,1.0,1.0,0.8499999999999832,0.0,2.3969999999999527,0.0,0.0,0.0,10.152,0.2022467519087099,0.1998,0.527,10.152,56.2946,calibrated:/Users/let/Documents/DO_A_PAPER_May_18/Papers/Paper_xAI_in_Cyber_2/6_Analysis_Results/xai_surfacebench/data/kddcup99_sa_score_stream.csv
calibrated_anchor,default,default,transient_overload,threshold_explain,18,5000,0.2441716811385649,1.0259036473314995,53.31828335999992,0.029043937282914316,0.12664156005722896,0.01634353107400068,7804.281189596724,0.01952777777777819,0.0,0.0,0.0,0.18690399999999407,0.20996483530051524,0.0,0.0,10.1918,56.1548,calibrated:/Users/let/Documents/DO_A_PAPER_May_18/Papers/Paper_xAI_in_Cyber_2/6_Analysis_Results/xai_surfacebench/data/kddcup99_sa_score_stream.csv
calibrated_anchor,default,default,transient_overload,rate_limited,18,5000,0.24627705624624252,1.028128848760786,53.303507920000015,0.3058650590960436,0.30847098418792845,0.49175625111361837,8207.352069616669,0.19251388888888601,0.0,0.0,0.0,1.926464000000045,0.19852933325265543,0.0,0.0,10.1022,56.1922,calibrated:/Users/let/Documents/DO_A_PAPER_May_18/Papers/Paper_xAI_in_Cyber_2/6_Analysis_Results/xai_surfacebench/data/kddcup99_sa_score_stream.csv
calibrated_anchor,default,default,transient_overload,fifo_explanation,18,5000,0.24762601620221733,1.0380913845069413,53.29883599999997,0.7155887556516611,0.6255301643595714,0.8926616866522402,5808.547012669359,1.718983333333351,0.0,0.0,0.0,7.2804,0.20869107571604584,0.0,0.4446,10.174,56.1158,calibrated:/Users/let/Documents/DO_A_PAPER_May_18/Papers/Paper_xAI_in_Cyber_2/6_Analysis_Results/xai_surfacebench/data/kddcup99_sa_score_stream.csv
calibrated_anchor,default,default,transient_overload,static_coarse_full,18,5000,0.24537899758449594,1.0240108800628942,53.21781139999994,0.03104146500464299,0.13788056964935588,0.017530273996957797,7620.634698539552,0.021108333333333847,0.0,0.0,0.0,0.19924799999999387,0.20054120523702568,0.0,0.0,10.1242,56.2202,calibrated:/Users/let/Documents/DO_A_PAPER_May_18/Papers/Paper_xAI_in_Cyber_2/6_Analysis_Results/xai_surfacebench/data/kddcup99_sa_score_stream.csv
calibrated_anchor,default,default,transient_overload,static_offload,18,5000,0.24467084802056874,1.0250469787627132,53.27464043999994,0.02973063640848618,0.12982833815740996,0.017350567340897877,7672.95705896298,0.020733333333333805,0.0009472126295017267,0.0,0.0,0.1836479999999937,0.2065260739391639,0.0,0.0,10.135,56.001,calibrated:/Users/let/Documents/DO_A_PAPER_May_18/Papers/Paper_xAI_in_Cyber_2/6_Analysis_Results/xai_surfacebench/data/kddcup99_sa_score_stream.csv
calibrated_anchor,default,default,transient_overload,budget_only_bexgov,18,5000,0.24611146695095695,1.0248853669047409,53.26371127999992,0.030740740740741387,0.13515700505475414,0.01733784048598865,7814.698788944814,0.02093611111111162,0.0,0.0,0.0,0.198615999999994,0.2089552238805965,0.0,0.0,10.206,56.28,calibrated:/Users/let/Documents/DO_A_PAPER_May_18/Papers/Paper_xAI_in_Cyber_2/6_Analysis_Results/xai_surfacebench/data/kddcup99_sa_score_stream.csv
calibrated_anchor,default,default,transient_overload,xai_gate,18,5000,0.24875676406234445,1.035975175607673,53.31691143999996,0.676026496565292,0.7265517309666373,0.7681858684985542,994.1403890955781,0.9652472222223223,0.24080471050049068,0.15103042198233563,0.5944062806673209,4.169887999999815,0.20649399239399635,0.0124,0.0,10.19,56.3064,calibrated:/Users/let/Documents/DO_A_PAPER_May_18/Papers/Paper_xAI_in_Cyber_2/6_Analysis_Results/xai_surfacebench/data/kddcup99_sa_score_stream.csv
calibrated_anchor,default,default,non_markovian,never_explain,18,5000,0.13413262584170837,1.288707692307703,67.0128,0.0,0.0,0.0,7058.018713728197,0.0,0.0,0.0,0.0,0.0,0.13193853666508093,0.0,0.0,9.4204,55.4824,calibrated:/Users/let/Documents/DO_A_PAPER_May_18/Papers/Paper_xAI_in_Cyber_2/6_Analysis_Results/xai_surfacebench/data/kddcup99_sa_score_stream.csv
calibrated_anchor,default,default,non_markovian,always_explain,18,5000,0.14013905300853907,1.383983560076629,70.81970199999995,1.0,1.0,0.8499999999999772,0.0,2.2295972222221625,0.0,0.0,0.0,9.443,0.13745457348765955,0.098,0.5602,9.443,55.3458,calibrated:/Users/let/Documents/DO_A_PAPER_May_18/Papers/Paper_xAI_in_Cyber_2/6_Analysis_Results/xai_surfacebench/data/kddcup99_sa_score_stream.csv
calibrated_anchor,default,default,non_markovian,threshold_explain,18,5000,0.1362992145583474,1.315909296073103,68.40541191999986,0.029066709429122053,0.13262958743439576,0.016431473166559775,6607.1754797180365,0.018352777777777853,0.0,0.0,0.0,0.17257599999999323,0.12805484705414072,0.0,0.0,9.354,55.281,calibrated:/Users/let/Documents/DO_A_PAPER_May_18/Papers/Paper_xAI_in_Cyber_2/6_Analysis_Results/xai_surfacebench/data/kddcup99_sa_score_stream.csv
calibrated_anchor,default,default,non_markovian,rate_limited,18,5000,0.13781057908146666,1.2739306383770566,66.06858295999986,0.36445955695128934,0.34064527497969505,0.3937903157358684,3931.7318549142637,0.21337777777777245,0.0,0.0,0.0,2.1403600000000127,0.13386311744991386,0.0,0.0,9.4256,55.4188,calibrated:/Users/let/Documents/DO_A_PAPER_May_18/Papers/Paper_xAI_in_Cyber_2/6_Analysis_Results/xai_surfacebench/data/kddcup99_sa_score_stream.csv
calibrated_anchor,default,default,non_markovian,fifo_explanation,18,5000,0.13709916738025457,1.3098766694227573,67.41501599999971,0.8245401124169648,0.7603506145241617,0.8763189831374326,156.6930705111171,1.828774999999988,0.0,0.0,0.0,7.7454,0.14096234080930015,0.0,0.448,9.3936,54.887,calibrated:/Users/let/Documents/DO_A_PAPER_May_18/Papers/Paper_xAI_in_Cyber_2/6_Analysis_Results/xai_surfacebench/data/kddcup99_sa_score_stream.csv
calibrated_anchor,default,default,non_markovian,static_coarse_full,18,5000,0.13667573649739678,1.2520061215803862,65.08130735999985,0.030378978313664574,0.1359694901311189,0.017159473392697383,6556.855139713483,0.019175000000000112,0.0,0.0,0.0,0.1808639999999926,0.13553100261857787,0.0,0.0,9.3884,55.119,calibrated:/Users/let/Documents/DO_A_PAPER_May_18/Papers/Paper_xAI_in_Cyber_2/6_Analysis_Results/xai_surfacebench/data/kddcup99_sa_score_stream.csv
calibrated_anchor,default,default,non_markovian,static_offload,18,5000,0.13782099503976597,1.175692405461082,61.11521191999983,0.030164697840344326,0.12806583263623056,0.017453698758891762,6570.890724882251,0.019077777777777864,0.0007903787409480272,0.0,0.0,0.17276799999999295,0.13908973558800763,0.0,0.0,9.3626,54.7958,calibrated:/Users/let/Documents/DO_A_PAPER_May_18/Papers/Paper_xAI_in_Cyber_2/6_Analysis_Results/xai_surfacebench/data/kddcup99_sa_score_stream.csv
calibrated_anchor,default,default,non_markovian,budget_only_bexgov,18,5000,0.13448915981380094,1.2262904766431082,63.745757879999864,0.028919473414259607,0.12577848620839835,0.01626773807488461,6559.615707317742,0.017822222222222253,0.0,0.0,0.0,0.17081599999999333,0.13357244172792648,0.0,0.0,9.3584,55.0378,calibrated:/Users/let/Documents/DO_A_PAPER_May_18/Papers/Paper_xAI_in_Cyber_2/6_Analysis_Results/xai_surfacebench/data/kddcup99_sa_score_stream.csv
calibrated_anchor,default,default,non_markovian,xai_gate,18,5000,0.13585241703712866,1.2143830031100689,62.83798731999998,0.558282962899288,0.6217488354706348,0.5256510898069636,109.93053449555869,0.40465499999999,0.07959674992476677,0.0,0.63847212071708,3.524891999999855,0.12829019967355504,0.0,0.0,9.3044,54.9764,calibrated:/Users/let/Documents/DO_A_PAPER_May_18/Papers/Paper_xAI_in_Cyber_2/6_Analysis_Results/xai_surfacebench/data/kddcup99_sa_score_stream.csv
calibrated_anchor,default,default,rtt_uncertainty,never_explain,18,5000,0.0,0.014711538461538463,0.765,0.0,0.0,0.0,3574.147257272645,0.0,0.0,0.0,0.0,0.0,0.0866059887261641,0.0,0.0,7.3386,45.0246,calibrated:/Users/let/Documents/DO_A_PAPER_May_18/Papers/Paper_xAI_in_Cyber_2/6_Analysis_Results/xai_surfacebench/data/kddcup99_sa_score_stream.csv
calibrated_anchor,default,default,rtt_uncertainty,always_explain,18,5000,0.0,0.0178526546011638,0.9195480000000014,1.0,1.0,0.8499999999999783,0.0,1.7192194444444007,0.0,0.0,0.0,7.2814,0.07745692110773006,0.0,0.4224,7.2814,45.053,calibrated:/Users/let/Documents/DO_A_PAPER_May_18/Papers/Paper_xAI_in_Cyber_2/6_Analysis_Results/xai_surfacebench/data/kddcup99_sa_score_stream.csv
calibrated_anchor,default,default,rtt_uncertainty,threshold_explain,18,5000,0.0,0.01447724657557682,0.7526892800000035,0.029107820908570045,0.12435188701083116,0.016347966235965808,3204.636007251462,0.013922222222221815,0.0,0.0,0.0,0.13426399999999442,0.0813740868419579,0.0,0.0,7.3214,45.1364,calibrated:/Users/let/Documents/DO_A_PAPER_May_18/Papers/Paper_xAI_in_Cyber_2/6_Analysis_Results/xai_surfacebench/data/kddcup99_sa_score_stream.csv
calibrated_anchor,default,default,rtt_uncertainty,rate_limited,18,5000,0.0,0.014645320178187425,0.7595087200000051,0.450529369706313,0.39759715725062444,0.2505774942250579,1.1315973779230761,0.2034805555555497,0.0,0.0,0.0,2.0414240000000095,0.08131093041685111,0.0,0.0,7.2728,44.8394,calibrated:/Users/let/Documents/DO_A_PAPER_May_18/Papers/Paper_xAI_in_Cyber_2/6_Analysis_Results/xai_surfacebench/data/kddcup99_sa_score_stream.csv
calibrated_anchor,default,default,rtt_uncertainty,fifo_explanation,18,5000,0.0,0.017258196917176314,0.8890409999999996,0.9916077738515902,0.9809565651689023,0.8512588339222453,0.03636066829505905,1.6962222222221908,0.0,0.0,0.0,7.184,0.07765263076474471,0.0,0.4064,7.2448,44.8184,calibrated:/Users/let/Documents/DO_A_PAPER_May_18/Papers/Paper_xAI_in_Cyber_2/6_Analysis_Results/xai_surfacebench/data/kddcup99_sa_score_stream.csv
calibrated_anchor,default,default,rtt_uncertainty,static_coarse_full,18,5000,0.0,0.014790023676264181,0.7689387600000057,0.02877724468814321,0.13117093765274837,0.016261823166552444,3251.572815608365,0.014144444444444062,0.0,0.0,0.0,0.13319199999999476,0.07819619771413477,0.0,0.0,7.295,45.1062,calibrated:/Users/let/Documents/DO_A_PAPER_May_18/Papers/Paper_xAI_in_Cyber_2/6_Analysis_Results/xai_surfacebench/data/kddcup99_sa_score_stream.csv
calibrated_anchor,default,default,rtt_uncertainty,static_offload,18,5000,0.0,0.014184317197690314,0.7374591200000042,0.02832098765432163,0.11953819317107697,0.016464768132608432,3147.795407770825,0.013722222222221818,0.0006035665294924555,0.0,0.0,0.12670399999999446,0.07944828198920417,0.0,0.0,7.29,45.023,calibrated:/Users/let/Documents/DO_A_PAPER_May_18/Papers/Paper_xAI_in_Cyber_2/6_Analysis_Results/xai_surfacebench/data/kddcup99_sa_score_stream.csv
calibrated_anchor,default,default,rtt_uncertainty,budget_only_bexgov,18,5000,0.0,0.014342928348782829,0.7457185600000037,0.02710146128560041,0.12291006237525903,0.015284108173807362,3148.017053047858,0.013088888888888536,0.0,0.0,0.0,0.12420799999999524,0.07578263253380091,0.0,0.0,7.2402,44.8678,calibrated:/Users/let/Documents/DO_A_PAPER_May_18/Papers/Paper_xAI_in_Cyber_2/6_Analysis_Results/xai_surfacebench/data/kddcup99_sa_score_stream.csv
calibrated_anchor,default,default,rtt_uncertainty,xai_gate,18,5000,0.0,0.015276051456202106,0.7910492600000002,0.5767816563997274,0.659282286723712,0.5394436390788836,0.2712922247983512,0.20337222222221535,0.010321697467488022,0.013278576317590692,0.8815879534565366,3.266259999999813,0.0840820251631682,0.0,0.0,7.305,44.9228,calibrated:/Users/let/Documents/DO_A_PAPER_May_18/Papers/Paper_xAI_in_Cyber_2/6_Analysis_Results/xai_surfacebench/data/kddcup99_sa_score_stream.csv
calibrated_anchor,default,default,adversarial_explanation_flood,never_explain,19,5000,0.0,0.014576923076923091,0.758,0.0,0.0,0.0,11766.500861473112,0.0,0.0,0.0,0.0,0.0,0.7960740351907369,0.0,0.0,12.1124,44.9588,calibrated:/Users/let/Documents/DO_A_PAPER_May_18/Papers/Paper_xAI_in_Cyber_2/6_Analysis_Results/xai_surfacebench/data/kddcup99_sa_score_stream.csv
calibrated_anchor,default,default,adversarial_explanation_flood,always_explain,19,5000,0.0,0.020595545250333733,1.0542680000000002,1.0,1.0,0.8499999999999628,0.0,2.8746055555554295,0.0,0.0,0.0,12.1748,0.8032733466637043,0.0426,0.6492,12.1748,45.01,calibrated:/Users/let/Documents/DO_A_PAPER_May_18/Papers/Paper_xAI_in_Cyber_2/6_Analysis_Results/xai_surfacebench/data/kddcup99_sa_score_stream.csv
calibrated_anchor,default,default,adversarial_explanation_flood,threshold_explain,19,5000,0.0,0.0159540201467446,0.8292490000000027,0.041518898549779235,0.1768626577168825,0.02356079019918107,11253.512636270158,0.03501388888889023,0.0,0.0,0.0,0.3245119999999822,0.8129658957990455,0.0,0.0,12.2602,45.0834,calibrated:/Users/let/Documents/DO_A_PAPER_May_18/Papers/Paper_xAI_in_Cyber_2/6_Analysis_Results/xai_surfacebench/data/kddcup99_sa_score_stream.csv
calibrated_anchor,default,default,adversarial_explanation_flood,rate_limited,19,5000,0.0,0.016651151204393578,0.8631547200000071,0.3684386738526941,0.3627558679298637,0.38863547280744676,7688.805195013127,0.2823138888888893,0.0,0.0,0.0,2.8156400000000548,0.804302567661348,0.0,0.0,12.246,45.2474,calibrated:/Users/let/Documents/DO_A_PAPER_May_18/Papers/Paper_xAI_in_Cyber_2/6_Analysis_Results/xai_surfacebench/data/kddcup99_sa_score_stream.csv
calibrated_anchor,default,default,adversarial_explanation_flood,fifo_explanation,19,5000,0.0,0.020743463587100195,1.0654319999999886,0.877171439330681,0.7499358767678215,0.8684242841003423,451.10181403594277,2.529930555555415,0.0,0.0,0.0,10.715,0.8042600708091636,0.0,0.605,12.2154,45.1354,calibrated:/Users/let/Documents/DO_A_PAPER_May_18/Papers/Paper_xAI_in_Cyber_2/6_Analysis_Results/xai_surfacebench/data/kddcup99_sa_score_stream.csv
calibrated_anchor,default,default,adversarial_explanation_flood,static_coarse_full,19,5000,0.0,0.014326484359850735,0.7446580800000026,0.04233629364545222,0.17613637670642418,0.02397934895021093,10984.414370234146,0.03515277777777913,0.0,0.0,0.0,0.3281199999999815,0.8054617016988566,0.0,0.0,12.1834,44.9872,calibrated:/Users/let/Documents/DO_A_PAPER_May_18/Papers/Paper_xAI_in_Cyber_2/6_Analysis_Results/xai_surfacebench/data/kddcup99_sa_score_stream.csv
calibrated_anchor,default,default,adversarial_explanation_flood,static_offload,19,5000,0.0,0.016184830756248797,0.841284400000003,0.042017538097740774,0.17365336219652408,0.024961573830793424,10980.186207062598,0.036566666666667955,0.0018392012611665792,0.0,0.0,0.3094559999999823,0.8036124969826735,0.0,0.0,12.1792,45.0178,calibrated:/Users/let/Documents/DO_A_PAPER_May_18/Papers/Paper_xAI_in_Cyber_2/6_Analysis_Results/xai_surfacebench/data/kddcup99_sa_score_stream.csv
calibrated_anchor,default,default,adversarial_explanation_flood,budget_only_bexgov,19,5000,0.0,0.014049635694009877,0.7302884400000023,0.041329569883650524,0.1674663912723772,0.023323268293483405,11051.840023968562,0.03370833333333445,0.0,0.0,0.0,0.31907999999998243,0.801465425622333,0.0,0.0,12.1874,45.1018,calibrated:/Users/let/Documents/DO_A_PAPER_May_18/Papers/Paper_xAI_in_Cyber_2/6_Analysis_Results/xai_surfacebench/data/kddcup99_sa_score_stream.csv
calibrated_anchor,default,default,adversarial_explanation_flood,xai_gate,19,5000,0.0,0.01827111296641305,0.9419620400000022,0.6819242902208457,0.7882206610992752,0.6655712736593156,882.6105925402394,0.9524055555556055,0.04076301261829653,0.36504337539432175,0.504255389064143,6.752795999999874,0.8000576714060743,0.0008,0.0,12.1728,45.083,calibrated:/Users/let/Documents/DO_A_PAPER_May_18/Papers/Paper_xAI_in_Cyber_2/6_Analysis_Results/xai_surfacebench/data/kddcup99_sa_score_stream.csv
calibrated_anchor,default,default,transient_overload,never_explain,19,5000,0.24638006870645648,1.0232692307692461,53.21,0.0,0.0,0.0,8231.700467763914,0.0,0.0,0.0,0.0,0.0,0.20565680780147533,0.0,0.0,10.1392,56.0646,calibrated:/Users/let/Documents/DO_A_PAPER_May_18/Papers/Paper_xAI_in_Cyber_2/6_Analysis_Results/xai_surfacebench/data/kddcup99_sa_score_stream.csv
calibrated_anchor,default,default,transient_overload,always_explain,19,5000,0.2510954658449334,1.0524086840640023,53.283818000000004,1.0,1.0,0.8499999999999835,0.0,2.394497222222176,0.0,0.0,0.0,10.1414,0.2056603526842471,0.201,0.5244,10.1414,56.0766,calibrated:/Users/let/Documents/DO_A_PAPER_May_18/Papers/Paper_xAI_in_Cyber_2/6_Analysis_Results/xai_surfacebench/data/kddcup99_sa_score_stream.csv
calibrated_anchor,default,default,transient_overload,threshold_explain,19,5000,0.24420613375811828,1.0244824070849166,53.24263735999989,0.030566785650897026,0.13752256212417505,0.01727769341511036,7672.208123749757,0.020913888888889415,0.0,0.0,0.0,0.19673599999999386,0.20468073834121148,0.0,0.0,10.1414,56.1222,calibrated:/Users/let/Documents/DO_A_PAPER_May_18/Papers/Paper_xAI_in_Cyber_2/6_Analysis_Results/xai_surfacebench/data/kddcup99_sa_score_stream.csv
calibrated_anchor,default,default,transient_overload,rate_limited,19,5000,0.24484484908206997,1.0257073164396258,53.17857039999997,0.3046331395002727,0.2995824140292407,0.49324131224323714,8208.102438183989,0.1906166666666634,0.0,0.0,0.0,1.9125840000000456,0.1993221129700642,0.0,0.0,10.0774,56.0172,calibrated:/Users/let/Documents/DO_A_PAPER_May_18/Papers/Paper_xAI_in_Cyber_2/6_Analysis_Results/xai_surfacebench/data/kddcup99_sa_score_stream.csv
calibrated_anchor,default,default,transient_overload,fifo_explanation,19,5000,0.24818424106107545,1.03586541584304,53.18448699999999,0.7167705809936062,0.6374521766310542,0.892484412850949,5679.009890414723,1.7046277777777956,0.0,0.0,0.0,7.2196,0.1986885401976688,0.0,0.444,10.0724,56.019,calibrated:/Users/let/Documents/DO_A_PAPER_May_18/Papers/Paper_xAI_in_Cyber_2/6_Analysis_Results/xai_surfacebench/data/kddcup99_sa_score_stream.csv
calibrated_anchor,default,default,transient_overload,static_coarse_full,19,5000,0.24589304924356806,1.0261105721187576,53.3275381199999,0.03041286224692406,0.13637462293057429,0.017182413656212796,7631.104811242539,0.020625000000000535,0.0,0.0,0.0,0.19437599999999386,0.19529332493448615,0.0,0.0,10.076,56.1982,calibrated:/Users/let/Documents/DO_A_PAPER_May_18/Papers/Paper_xAI_in_Cyber_2/6_Analysis_Results/xai_surfacebench/data/kddcup99_sa_score_stream.csv
calibrated_anchor,default,default,transient_overload,static_offload,19,5000,0.24498654510576934,1.0251643329941633,53.28019159999994,0.030449389352200203,0.13319315007988114,0.017820639500415,7601.133785487991,0.021333333333333843,0.0010276273665072526,0.0,0.0,0.18758399999999392,0.20282057407453813,0.0,0.0,10.1204,56.0926,calibrated:/Users/let/Documents/DO_A_PAPER_May_18/Papers/Paper_xAI_in_Cyber_2/6_Analysis_Results/xai_surfacebench/data/kddcup99_sa_score_stream.csv
calibrated_anchor,default,default,transient_overload,budget_only_bexgov,19,5000,0.24643150603418248,1.0242400634958793,53.229763439999914,0.03032478598993187,0.13630329585498005,0.017135497267331403,7848.612361857219,0.020855555555556005,0.0,0.0,0.0,0.1964239999999942,0.21263300920597894,0.0,0.0,10.2098,56.1302,calibrated:/Users/let/Documents/DO_A_PAPER_May_18/Papers/Paper_xAI_in_Cyber_2/6_Analysis_Results/xai_surfacebench/data/kddcup99_sa_score_stream.csv
calibrated_anchor,default,default,transient_overload,xai_gate,19,5000,0.24700177451577404,1.0362862495514353,53.34108646,0.6765335656168069,0.72910709818555,0.7698954724526605,938.0434841297947,0.9631855555556607,0.24302654762140438,0.15184210005345158,0.5909963771702335,4.126403999999821,0.19922557088032433,0.0106,0.0,10.1026,56.1618,calibrated:/Users/let/Documents/DO_A_PAPER_May_18/Papers/Paper_xAI_in_Cyber_2/6_Analysis_Results/xai_surfacebench/data/kddcup99_sa_score_stream.csv
calibrated_anchor,default,default,non_markovian,never_explain,19,5000,0.1359225806451613,1.103623076923087,57.3884,0.0,0.0,0.0,6661.8101594034415,0.0,0.0,0.0,0.0,0.0,0.12095852534562179,0.0,0.0,9.1218,54.25,calibrated:/Users/let/Documents/DO_A_PAPER_May_18/Papers/Paper_xAI_in_Cyber_2/6_Analysis_Results/xai_surfacebench/data/kddcup99_sa_score_stream.csv
calibrated_anchor,default,default,non_markovian,always_explain,19,5000,0.13953165866381032,1.2979000049922704,66.38298000000012,1.0,1.0,0.849999999999979,0.0,2.2003666666666124,0.0,0.0,0.0,9.3192,0.1394991397999341,0.0998,0.5384,9.3192,54.5222,calibrated:/Users/let/Documents/DO_A_PAPER_May_18/Papers/Paper_xAI_in_Cyber_2/6_Analysis_Results/xai_surfacebench/data/kddcup99_sa_score_stream.csv
calibrated_anchor,default,default,non_markovian,threshold_explain,19,5000,0.13479178267166642,1.2553118360888906,65.25415847999977,0.029443990890732536,0.13273919733552889,0.016629785588450147,6524.6681562188205,0.01841944444444453,0.0,0.0,0.0,0.17379999999999304,0.12637678423856302,0.0,0.0,9.3092,55.0982,calibrated:/Users/let/Documents/DO_A_PAPER_May_18/Papers/Paper_xAI_in_Cyber_2/6_Analysis_Results/xai_surfacebench/data/kddcup99_sa_score_stream.csv
calibrated_anchor,default,default,non_markovian,rate_limited,19,5000,0.1352480618133207,1.2413296097126876,64.37651587999997,0.3656156732327173,0.3473279153152047,0.3923541826554107,3769.888085730264,0.21358055555555003,0.0,0.0,0.0,2.1382640000000093,0.1328095284669477,0.0,0.0,9.3816,55.2114,calibrated:/Users/let/Documents/DO_A_PAPER_May_18/Papers/Paper_xAI_in_Cyber_2/6_Analysis_Results/xai_surfacebench/data/kddcup99_sa_score_stream.csv
calibrated_anchor,default,default,non_markovian,fifo_explanation,19,5000,0.13846911290439276,1.2307960185467175,63.33692300000001,0.8245276566641019,0.7578552992810508,0.8763208515003649,154.40958448784008,1.8217388888888821,0.0,0.0,0.0,7.7156,0.1277423460164573,0.0,0.4506,9.3576,55.3176,calibrated:/Users/let/Documents/DO_A_PAPER_May_18/Papers/Paper_xAI_in_Cyber_2/6_Analysis_Results/xai_surfacebench/data/kddcup99_sa_score_stream.csv
calibrated_anchor,default,default,non_markovian,static_coarse_full,19,5000,0.13359404932159233,1.1479600883426078,59.672975,0.02846289033198384,0.12709251145900147,0.016046207591247145,6596.265328883974,0.01768611111111112,0.0,0.0,0.0,0.16806399999999383,0.12908260677028327,0.0,0.0,9.3318,55.0996,calibrated:/Users/let/Documents/DO_A_PAPER_May_18/Papers/Paper_xAI_in_Cyber_2/6_Analysis_Results/xai_surfacebench/data/kddcup99_sa_score_stream.csv
calibrated_anchor,default,default,non_markovian,static_offload,19,5000,0.13560310049854163,1.222419378257101,63.54432192000003,0.029374693947072258,0.13027515078652968,0.017218590985543656,6567.625152112016,0.019166666666666766,0.0010219506482999426,0.0,0.0,0.16785599999999343,0.1402968913684457,0.0,0.0,9.3938,54.9202,calibrated:/Users/let/Documents/DO_A_PAPER_May_18/Papers/Paper_xAI_in_Cyber_2/6_Analysis_Results/xai_surfacebench/data/kddcup99_sa_score_stream.csv
calibrated_anchor,default,default,non_markovian,budget_only_bexgov,19,5000,0.13302805954178354,1.159275846583447,60.26273819999997,0.02835172905371917,0.1238978459759001,0.015948117588612663,6456.371252631894,0.017286111111111065,0.0,0.0,0.0,0.16568799999999334,0.1310544651451404,0.0,0.0,9.2594,54.5768,calibrated:/Users/let/Documents/DO_A_PAPER_May_18/Papers/Paper_xAI_in_Cyber_2/6_Analysis_Results/xai_surfacebench/data/kddcup99_sa_score_stream.csv
calibrated_anchor,default,default,non_markovian,xai_gate,19,5000,0.13772669487812364,1.2493797637234045,64.64757956000004,0.5608006876544706,0.6238940417028942,0.5311391425808446,106.44695666931176,0.411722777777767,0.08266895884817879,0.0,0.6446115826797034,3.5345319999998415,0.13271798766387932,0.0,0.0,9.307,54.7768,calibrated:/Users/let/Documents/DO_A_PAPER_May_18/Papers/Paper_xAI_in_Cyber_2/6_Analysis_Results/xai_surfacebench/data/kddcup99_sa_score_stream.csv
calibrated_anchor,default,default,rtt_uncertainty,never_explain,19,5000,0.0,0.014980769230769235,0.779,0.0,0.0,0.0,3474.40444221282,0.0,0.0,0.0,0.0,0.0,0.07253155027593472,0.0,0.0,7.2374,44.9864,calibrated:/Users/let/Documents/DO_A_PAPER_May_18/Papers/Paper_xAI_in_Cyber_2/6_Analysis_Results/xai_surfacebench/data/kddcup99_sa_score_stream.csv
calibrated_anchor,default,default,rtt_uncertainty,always_explain,19,5000,0.0,0.018944400818371704,0.9755779999999995,1.0,1.0,0.8499999999999795,0.0,1.7290888888888474,0.0,0.0,0.0,7.3232,0.08163515491492634,0.0006,0.4202,7.3232,45.1366,calibrated:/Users/let/Documents/DO_A_PAPER_May_18/Papers/Paper_xAI_in_Cyber_2/6_Analysis_Results/xai_surfacebench/data/kddcup99_sa_score_stream.csv
calibrated_anchor,default,default,rtt_uncertainty,threshold_explain,19,5000,0.0,0.013626741411578996,0.7084633200000033,0.028430485899860882,0.1296026072486508,0.016061004686343836,3180.4651805946005,0.013958333333332936,0.0,0.0,0.0,0.13159199999999455,0.08501822042025209,0.0,0.0,7.2978,44.8398,calibrated:/Users/let/Documents/DO_A_PAPER_May_18/Papers/Paper_xAI_in_Cyber_2/6_Analysis_Results/xai_surfacebench/data/kddcup99_sa_score_stream.csv
calibrated_anchor,default,default,rtt_uncertainty,rate_limited,19,5000,0.0,0.01473919778020431,0.7644095600000038,0.45069248665664124,0.402849062647105,0.2507554399890518,1.1475547075522687,0.20488888888888246,0.0,0.0,0.0,2.052584000000007,0.08273025243455145,0.0,0.0,7.307,44.9912,calibrated:/Users/let/Documents/DO_A_PAPER_May_18/Papers/Paper_xAI_in_Cyber_2/6_Analysis_Results/xai_surfacebench/data/kddcup99_sa_score_stream.csv
calibrated_anchor,default,default,rtt_uncertainty,fifo_explanation,19,5000,0.0,0.01630923696696465,0.8401339999999992,0.9902904609968093,0.9766343741939953,0.8514564308504601,0.04236656282664627,1.7001416666666298,0.0,0.0,0.0,7.2006,0.07640153365605329,0.0,0.4158,7.2712,45.034,calibrated:/Users/let/Documents/DO_A_PAPER_May_18/Papers/Paper_xAI_in_Cyber_2/6_Analysis_Results/xai_surfacebench/data/kddcup99_sa_score_stream.csv
calibrated_anchor,default,default,rtt_uncertainty,static_coarse_full,19,5000,0.0,0.01458266935465334,0.7581671600000036,0.02781861732881859,0.1222237341232906,0.015649348861540163,3152.5198284794287,0.013311111111110744,0.0,0.0,0.0,0.1275519999999951,0.07719752476789199,0.0,0.0,7.2642,44.9574,calibrated:/Users/let/Documents/DO_A_PAPER_May_18/Papers/Paper_xAI_in_Cyber_2/6_Analysis_Results/xai_surfacebench/data/kddcup99_sa_score_stream.csv
calibrated_anchor,default,default,rtt_uncertainty,static_offload,19,5000,0.0,0.013095676436645885,0.6808534400000023,0.028881629515757776,0.1247313179604545,0.017011437274388464,3179.76780905856,0.01427777777777739,0.0007960909190732403,0.0,0.0,0.12860799999999478,0.08028920007354179,0.0,0.0,7.2856,44.9608,calibrated:/Users/let/Documents/DO_A_PAPER_May_18/Papers/Paper_xAI_in_Cyber_2/6_Analysis_Results/xai_surfacebench/data/kddcup99_sa_score_stream.csv
calibrated_anchor,default,default,rtt_uncertainty,budget_only_bexgov,19,5000,0.0,0.017048536500369242,0.8863708800000062,0.02822366802438485,0.1289952973179116,0.015945436155381222,3293.238247658908,0.013897222222221851,0.0,0.0,0.0,0.13097599999999487,0.08140626270240547,0.0,0.0,7.3162,45.103,calibrated:/Users/let/Documents/DO_A_PAPER_May_18/Papers/Paper_xAI_in_Cyber_2/6_Analysis_Results/xai_surfacebench/data/kddcup99_sa_score_stream.csv
calibrated_anchor,default,default,rtt_uncertainty,xai_gate,19,5000,0.0,0.014602899258646374,0.7562222400000012,0.5773192050795758,0.6619907311033082,0.5405627088093817,0.2812822395604764,0.20169833333332668,0.009977735631236084,0.013221186883263241,0.8870289436793931,3.2606719999998144,0.07969746746974105,0.0,0.0,7.2762,44.9274,calibrated:/Users/let/Documents/DO_A_PAPER_May_18/Papers/Paper_xAI_in_Cyber_2/6_Analysis_Results/xai_surfacebench/data/kddcup99_sa_score_stream.csv
calibrated_anchor,default,default,adversarial_explanation_flood,never_explain,20,5000,0.0,0.014169230769230762,0.7368,0.0,0.0,0.0,11907.01982143194,0.0,0.0,0.0,0.0,0.0,0.8020940733103399,0.0,0.0,12.165,45.0032,calibrated:/Users/let/Documents/DO_A_PAPER_May_18/Papers/Paper_xAI_in_Cyber_2/6_Analysis_Results/xai_surfacebench/data/kddcup99_sa_score_stream.csv
calibrated_anchor,default,default,adversarial_explanation_flood,always_explain,20,5000,0.0,0.019589107306662298,1.0024830000000002,1.0,1.0,0.849999999999965,0.0,2.8636027777776603,0.0,0.0,0.0,12.1282,0.7961556859800598,0.0436,0.6546,12.1282,45.0154,calibrated:/Users/let/Documents/DO_A_PAPER_May_18/Papers/Paper_xAI_in_Cyber_2/6_Analysis_Results/xai_surfacebench/data/kddcup99_sa_score_stream.csv
calibrated_anchor,default,default,adversarial_explanation_flood,threshold_explain,20,5000,0.0,0.015726736639967865,0.8174434800000027,0.041896449606791696,0.18534149438899988,0.02388618340956201,10978.01306277069,0.03583333333333473,0.0,0.0,0.0,0.326423999999982,0.7976564394678827,0.0,0.0,12.1564,45.0824,calibrated:/Users/let/Documents/DO_A_PAPER_May_18/Papers/Paper_xAI_in_Cyber_2/6_Analysis_Results/xai_surfacebench/data/kddcup99_sa_score_stream.csv
calibrated_anchor,default,default,adversarial_explanation_flood,rate_limited,20,5000,0.0,0.015062094246037992,0.7807492400000038,0.371549495248925,0.365550461183356,0.3835482436638503,7350.073588700941,0.2824444444444436,0.0,0.0,0.0,2.8161280000000457,0.8019229057242101,0.0,0.0,12.1446,44.932,calibrated:/Users/let/Documents/DO_A_PAPER_May_18/Papers/Paper_xAI_in_Cyber_2/6_Analysis_Results/xai_surfacebench/data/kddcup99_sa_score_stream.csv
calibrated_anchor,default,default,adversarial_explanation_flood,fifo_explanation,20,5000,0.0,0.018366165022341147,0.9433159999999924,0.8832932990971589,0.7533584826638786,0.8675060051353735,151.67677547805172,2.517888888888759,0.0,0.0,0.0,10.664,0.7908849252969736,0.0,0.6032,12.073,44.9424,calibrated:/Users/let/Documents/DO_A_PAPER_May_18/Papers/Paper_xAI_in_Cyber_2/6_Analysis_Results/xai_surfacebench/data/kddcup99_sa_score_stream.csv
calibrated_anchor,default,default,adversarial_explanation_flood,static_coarse_full,20,5000,0.0,0.013044559836161247,0.6780559600000005,0.04165756100791378,0.17567004048084112,0.02361593986954073,10844.981111652696,0.034447222222223496,0.0,0.0,0.0,0.32045599999998237,0.7917912572974535,0.0,0.0,12.0804,44.9472,calibrated:/Users/let/Documents/DO_A_PAPER_May_18/Papers/Paper_xAI_in_Cyber_2/6_Analysis_Results/xai_surfacebench/data/kddcup99_sa_score_stream.csv
calibrated_anchor,default,default,adversarial_explanation_flood,static_offload,20,5000,0.0,0.01540519956518701,0.8007408000000024,0.04248326431739729,0.17399450048310075,0.025186179354141695,11017.296850241044,0.03693333333333469,0.0018004157323600178,0.0,0.0,0.31420799999998256,0.8058751461249405,0.0,0.0,12.2194,45.1098,calibrated:/Users/let/Documents/DO_A_PAPER_May_18/Papers/Paper_xAI_in_Cyber_2/6_Analysis_Results/xai_surfacebench/data/kddcup99_sa_score_stream.csv
calibrated_anchor,default,default,adversarial_explanation_flood,budget_only_bexgov,20,5000,0.0,0.013660400106670028,0.7100211200000008,0.04222402944124085,0.17755721994983528,0.023941544679382892,10958.783936725136,0.03521666666666795,0.0,0.0,0.0,0.32738399999998236,0.801841005670437,0.0,0.0,12.1734,45.0406,calibrated:/Users/let/Documents/DO_A_PAPER_May_18/Papers/Paper_xAI_in_Cyber_2/6_Analysis_Results/xai_surfacebench/data/kddcup99_sa_score_stream.csv
calibrated_anchor,default,default,adversarial_explanation_flood,xai_gate,20,5000,0.0,0.018616513117593558,0.9596109200000008,0.6808603595483737,0.7907772253102604,0.6647986758656866,880.7682069264382,0.9474911111111536,0.040002622048147356,0.37393684141525046,0.5010406253584831,6.757951999999886,0.8118143084071967,0.0004,0.0,12.2042,44.906,calibrated:/Users/let/Documents/DO_A_PAPER_May_18/Papers/Paper_xAI_in_Cyber_2/6_Analysis_Results/xai_surfacebench/data/kddcup99_sa_score_stream.csv
calibrated_anchor,default,default,transient_overload,never_explain,20,5000,0.24433566833044137,1.0238384615384764,53.2396,0.0,0.0,0.0,8151.90903292749,0.0,0.0,0.0,0.0,0.0,0.20377312682533089,0.0,0.0,10.1148,56.0172,calibrated:/Users/let/Documents/DO_A_PAPER_May_18/Papers/Paper_xAI_in_Cyber_2/6_Analysis_Results/xai_surfacebench/data/kddcup99_sa_score_stream.csv
calibrated_anchor,default,default,transient_overload,always_explain,20,5000,0.2508490700440933,1.051405328473085,53.24137100000001,1.0,1.0,0.8499999999999804,0.0,2.392088888888834,0.0,0.0,0.0,10.1312,0.20280470807244133,0.1998,0.525,10.1312,56.1532,calibrated:/Users/let/Documents/DO_A_PAPER_May_18/Papers/Paper_xAI_in_Cyber_2/6_Analysis_Results/xai_surfacebench/data/kddcup99_sa_score_stream.csv
calibrated_anchor,default,default,transient_overload,threshold_explain,20,5000,0.24691958241601933,1.0242214942090673,53.22864351999993,0.031245311327832658,0.1348147471463642,0.01759683341888105,7666.293583902189,0.020969444444444922,0.0,0.0,0.0,0.2000559999999936,0.1991099117013515,0.0,0.0,10.1308,56.324,calibrated:/Users/let/Documents/DO_A_PAPER_May_18/Papers/Paper_xAI_in_Cyber_2/6_Analysis_Results/xai_surfacebench/data/kddcup99_sa_score_stream.csv
calibrated_anchor,default,default,transient_overload,rate_limited,20,5000,0.24663540837469128,1.029239698063239,53.360801520000024,0.30349883569483876,0.31252370969220944,0.49614397916091046,8351.073719933356,0.19217222222221964,0.0,0.0,0.0,1.9188800000000357,0.20268381192431129,0.0,0.0,10.1348,56.1788,calibrated:/Users/let/Documents/DO_A_PAPER_May_18/Papers/Paper_xAI_in_Cyber_2/6_Analysis_Results/xai_surfacebench/data/kddcup99_sa_score_stream.csv
calibrated_anchor,default,default,transient_overload,fifo_explanation,20,5000,0.2482319238735186,1.0375496518508909,53.27106599999997,0.714599667379425,0.6282865721310432,0.8928100498930753,5792.601165635205,1.7043916666666787,0.0,0.0,0.0,7.2186,0.19826622919083303,0.0,0.442,10.1016,56.2012,calibrated:/Users/let/Documents/DO_A_PAPER_May_18/Papers/Paper_xAI_in_Cyber_2/6_Analysis_Results/xai_surfacebench/data/kddcup99_sa_score_stream.csv
calibrated_anchor,default,default,transient_overload,static_coarse_full,20,5000,0.24443142289949665,1.0262523824565148,53.335194239999915,0.03067200127393679,0.1357479031978651,0.01730960627413513,7599.14516279906,0.020627777777778324,0.0,0.0,0.0,0.19523199999999358,0.19581827789599693,0.0,0.0,10.0476,56.0152,calibrated:/Users/let/Documents/DO_A_PAPER_May_18/Papers/Paper_xAI_in_Cyber_2/6_Analysis_Results/xai_surfacebench/data/kddcup99_sa_score_stream.csv
calibrated_anchor,default,default,transient_overload,static_offload,20,5000,0.24417459954151827,1.0263437329060379,53.3419407599999,0.030000000000000672,0.1334501749769626,0.01763923426090389,7731.701382628236,0.021255555555556076,0.0011051904479968423,0.0,0.0,0.184687999999994,0.20057576457626047,0.0,0.0,10.134,56.273,calibrated:/Users/let/Documents/DO_A_PAPER_May_18/Papers/Paper_xAI_in_Cyber_2/6_Analysis_Results/xai_surfacebench/data/kddcup99_sa_score_stream.csv
calibrated_anchor,default,default,transient_overload,budget_only_bexgov,20,5000,0.2461120733926635,1.025593877794323,53.30217003999989,0.03006600725485208,0.13499637730768924,0.01698348827528793,7641.513540260309,0.020400000000000484,0.0,0.0,0.0,0.19238399999999378,0.19778292988973134,0.0,0.0,10.0898,56.1582,calibrated:/Users/let/Documents/DO_A_PAPER_May_18/Papers/Paper_xAI_in_Cyber_2/6_Analysis_Results/xai_surfacebench/data/kddcup99_sa_score_stream.csv
calibrated_anchor,default,default,transient_overload,xai_gate,20,5000,0.24835174529209292,1.0347523284172107,53.2606914,0.676513266998375,0.7273079612525954,0.7693948906262613,950.093310181071,0.9638600000001031,0.2423991155334439,0.15120824449182657,0.5921582563373609,4.140083999999799,0.20300109013957868,0.0098,0.0,10.1304,56.1396,calibrated:/Users/let/Documents/DO_A_PAPER_May_18/Papers/Paper_xAI_in_Cyber_2/6_Analysis_Results/xai_surfacebench/data/kddcup99_sa_score_stream.csv
calibrated_anchor,default,default,non_markovian,never_explain,20,5000,0.13414271950857318,1.2143500000000145,63.1462,0.0,0.0,0.0,7089.69082569435,0.0,0.0,0.0,0.0,0.0,0.12961527595673683,0.0,0.0,9.3564,55.2188,calibrated:/Users/let/Documents/DO_A_PAPER_May_18/Papers/Paper_xAI_in_Cyber_2/6_Analysis_Results/xai_surfacebench/data/kddcup99_sa_score_stream.csv
calibrated_anchor,default,default,non_markovian,always_explain,20,5000,0.14203841947000412,1.3378495339867136,68.44592900000006,1.0,1.0,0.8499999999999791,0.0,2.2024916666666123,0.0,0.0,0.0,9.3282,0.1224419809328543,0.0984,0.5384,9.3282,55.4042,calibrated:/Users/let/Documents/DO_A_PAPER_May_18/Papers/Paper_xAI_in_Cyber_2/6_Analysis_Results/xai_surfacebench/data/kddcup99_sa_score_stream.csv
calibrated_anchor,default,default,non_markovian,threshold_explain,20,5000,0.13422838451833116,1.2132289601601394,63.06599644000002,0.029432030394746126,0.13367578587382006,0.016635542104020448,6500.235379434667,0.018497222222222245,0.0,0.0,0.0,0.17403199999999303,0.13253644697594513,0.0,0.0,9.3174,54.8468,calibrated:/Users/let/Documents/DO_A_PAPER_May_18/Papers/Paper_xAI_in_Cyber_2/6_Analysis_Results/xai_surfacebench/data/kddcup99_sa_score_stream.csv
calibrated_anchor,default,default,non_markovian,rate_limited,20,5000,0.13841713578899448,1.2689581208472023,65.80951615999983,0.3636873661670308,0.33683859765036256,0.3948286937901498,3864.4730206302515,0.2107277777777733,0.0,0.0,0.0,2.115856000000016,0.13263604668788953,0.0,0.0,9.34,54.975,calibrated:/Users/let/Documents/DO_A_PAPER_May_18/Papers/Paper_xAI_in_Cyber_2/6_Analysis_Results/xai_surfacebench/data/kddcup99_sa_score_stream.csv
calibrated_anchor,default,default,non_markovian,fifo_explanation,20,5000,0.13737134143449767,1.2469929720231514,64.17178999999996,0.8284067108587222,0.7592400495788598,0.8757389933711667,147.4618222085273,1.8117277777777696,0.0,0.0,0.0,7.6732,0.1263560207259442,0.0,0.4528,9.2626,54.8234,calibrated:/Users/let/Documents/DO_A_PAPER_May_18/Papers/Paper_xAI_in_Cyber_2/6_Analysis_Results/xai_surfacebench/data/kddcup99_sa_score_stream.csv
calibrated_anchor,default,default,non_markovian,static_coarse_full,20,5000,0.1364067103957509,1.2434087037371586,64.63576323999976,0.028916389978871918,0.12439877533796959,0.01624876029494201,6355.156344727275,0.017569444444444384,0.0,0.0,0.0,0.16909599999999345,0.12805471242898214,0.0,0.0,9.2764,54.8224,calibrated:/Users/let/Documents/DO_A_PAPER_May_18/Papers/Paper_xAI_in_Cyber_2/6_Analysis_Results/xai_surfacebench/data/kddcup99_sa_score_stream.csv
calibrated_anchor,default,default,non_markovian,static_offload,20,5000,0.1351664415507984,1.1786535329502852,61.269271479999865,0.02971057294743137,0.13006016794662192,0.017352934742184592,6226.575993113473,0.018722222222222324,0.0009625691846601474,0.0,0.0,0.16548799999999367,0.120944603840206,0.0,0.0,9.1422,54.372,calibrated:/Users/let/Documents/DO_A_PAPER_May_18/Papers/Paper_xAI_in_Cyber_2/6_Analysis_Results/xai_surfacebench/data/kddcup99_sa_score_stream.csv
calibrated_anchor,default,default,non_markovian,budget_only_bexgov,20,5000,0.13894154347463228,1.2679658455240752,65.91147007999986,0.029647870771992862,0.13070040784093098,0.016710113031772836,6653.029004226216,0.018455555555555576,0.0,0.0,0.0,0.1755439999999931,0.1321571729575033,0.0,0.0,9.3602,55.1172,calibrated:/Users/let/Documents/DO_A_PAPER_May_18/Papers/Paper_xAI_in_Cyber_2/6_Analysis_Results/xai_surfacebench/data/kddcup99_sa_score_stream.csv
calibrated_anchor,default,default,non_markovian,xai_gate,20,5000,0.1358291067362188,1.1402606651759235,59.00275616000015,0.5570499064657078,0.6192005483843223,0.5245722149353764,106.81837660510865,0.4025788888888777,0.07904186466553421,0.0,0.638914571999914,3.5190159999998483,0.1278443469551609,0.0,0.0,9.3014,54.9804,calibrated:/Users/let/Documents/DO_A_PAPER_May_18/Papers/Paper_xAI_in_Cyber_2/6_Analysis_Results/xai_surfacebench/data/kddcup99_sa_score_stream.csv
calibrated_anchor,default,default,rtt_uncertainty,never_explain,20,5000,0.0,0.01451538461538461,0.7548,0.0,0.0,0.0,3527.110399964212,0.0,0.0,0.0,0.0,0.0,0.07976568690616648,0.0,0.0,7.2902,45.011,calibrated:/Users/let/Documents/DO_A_PAPER_May_18/Papers/Paper_xAI_in_Cyber_2/6_Analysis_Results/xai_surfacebench/data/kddcup99_sa_score_stream.csv
calibrated_anchor,default,default,rtt_uncertainty,always_explain,20,5000,0.0,0.018803243096917718,0.9684619999999988,1.0,1.0,0.8499999999999822,0.0,1.7164805555555196,0.0,0.0,0.0,7.2698,0.07714145167694819,0.0002,0.4156,7.2698,44.9944,calibrated:/Users/let/Documents/DO_A_PAPER_May_18/Papers/Paper_xAI_in_Cyber_2/6_Analysis_Results/xai_surfacebench/data/kddcup99_sa_score_stream.csv
calibrated_anchor,default,default,rtt_uncertainty,threshold_explain,20,5000,0.0,0.013536714663419375,0.7037878400000037,0.028749622221612297,0.13050724013117124,0.016238975739758778,3219.955504921031,0.014069444444444051,0.0,0.0,0.0,0.13271199999999478,0.07930266556355403,0.0,0.0,7.2794,44.9636,calibrated:/Users/let/Documents/DO_A_PAPER_May_18/Papers/Paper_xAI_in_Cyber_2/6_Analysis_Results/xai_surfacebench/data/kddcup99_sa_score_stream.csv
calibrated_anchor,default,default,rtt_uncertainty,rate_limited,20,5000,0.0,0.016385373393729873,0.8497265200000047,0.45054292686940667,0.3980776141660593,0.2505922838575229,1.0754283653602705,0.20410555555554874,0.0,0.0,0.0,2.047448000000014,0.08026049002575375,0.0,0.0,7.2938,45.0126,calibrated:/Users/let/Documents/DO_A_PAPER_May_18/Papers/Paper_xAI_in_Cyber_2/6_Analysis_Results/xai_surfacebench/data/kddcup99_sa_score_stream.csv
calibrated_anchor,default,default,rtt_uncertainty,fifo_explanation,20,5000,0.0,0.01792298268459207,0.923401999999999,0.991334200836125,0.9808957396254361,0.8512998698745671,0.04090564149327543,1.6908388888888615,0.0,0.0,0.0,7.1612,0.06979795601326266,0.0,0.409,7.2238,45.0166,calibrated:/Users/let/Documents/DO_A_PAPER_May_18/Papers/Paper_xAI_in_Cyber_2/6_Analysis_Results/xai_surfacebench/data/kddcup99_sa_score_stream.csv
calibrated_anchor,default,default,rtt_uncertainty,static_coarse_full,20,5000,0.0,0.013734276051931144,0.7140595600000034,0.028166194574572985,0.1223714543547924,0.01583233467698007,3329.6079462984126,0.013569444444444061,0.0,0.0,0.0,0.13043199999999475,0.08512766859806331,0.0,0.0,7.3432,45.1142,calibrated:/Users/let/Documents/DO_A_PAPER_May_18/Papers/Paper_xAI_in_Cyber_2/6_Analysis_Results/xai_surfacebench/data/kddcup99_sa_score_stream.csv
calibrated_anchor,default,default,rtt_uncertainty,static_offload,20,5000,0.0,0.01480900493850949,0.7699429600000041,0.02839179351422962,0.12451082141076053,0.016801068425161474,3114.937552314505,0.0140888888888885,0.0008548422678138098,0.0,0.0,0.12564799999999487,0.07125607610809936,0.0,0.0,7.2528,45.1358,calibrated:/Users/let/Documents/DO_A_PAPER_May_18/Papers/Paper_xAI_in_Cyber_2/6_Analysis_Results/xai_surfacebench/data/kddcup99_sa_score_stream.csv
calibrated_anchor,default,default,rtt_uncertainty,budget_only_bexgov,20,5000,0.0,0.014836552178814603,0.7713614400000057,0.02824518563738337,0.12547713073735314,0.015912370275819977,3050.555438636826,0.013508333333332942,0.0,0.0,0.0,0.12871199999999475,0.06892803170182082,0.0,0.0,7.2076,44.9522,calibrated:/Users/let/Documents/DO_A_PAPER_May_18/Papers/Paper_xAI_in_Cyber_2/6_Analysis_Results/xai_surfacebench/data/kddcup99_sa_score_stream.csv
calibrated_anchor,default,default,rtt_uncertainty,xai_gate,20,5000,0.0,0.015343664636460044,0.7946234600000024,0.5769334440293318,0.6588128731235869,0.5392620953183294,0.27550428770496205,0.20075611111110478,0.009713574097135741,0.013864674138646742,0.882496194824962,3.235943999999826,0.07573937545492337,0.0,0.0,7.227,44.7878,calibrated:/Users/let/Documents/DO_A_PAPER_May_18/Papers/Paper_xAI_in_Cyber_2/6_Analysis_Results/xai_surfacebench/data/kddcup99_sa_score_stream.csv
