stage,variant,ablation,regime,policy,seed,slots,packet_drop_rate,mean_packet_delay,mean_packet_queue,explanation_coverage,high_risk_explanation_coverage,mean_explanation_delay,mean_explanation_debt,exposure_use,offload_rate,audit_rate,redaction_rate,local_compute_load,attacker_trigger_gain,budget_violation_rate,exposure_budget_violation_rate,alerts_per_slot,packets_per_slot,calibration_status
demand_sweep,attack_1.00,default,adversarial_explanation_flood,never_explain,1,5000,0.0,0.014034615384615387,0.7298,0.0,0.0,0.0,19948.193187599158,0.0,0.0,0.0,0.0,0.0,0.7929077510011622,0.0,0.0,12.106,45.0144,synthetic_default
demand_sweep,attack_1.00,default,adversarial_explanation_flood,always_explain,1,5000,0.0,0.02181010530534408,1.1163390000000006,1.0,1.0,0.8499999999999852,0.0,2.87427499999995,0.0,0.0,0.0,12.1734,0.7991247788670024,0.0406,0.6528,12.1734,45.1086,synthetic_default
demand_sweep,attack_1.00,default,adversarial_explanation_flood,threshold_explain,1,5000,0.0,0.018095140440822416,0.9330780399999998,0.5779989121835435,0.8838343964014252,0.4532931170886053,3645.7872587733546,1.382874999999995,0.0,0.0,0.0,6.421968000000097,0.79747319210584,0.0,0.277,12.1344,45.0054,synthetic_default
demand_sweep,attack_1.00,default,adversarial_explanation_flood,rate_limited,1,5000,0.0,0.01807656982792785,0.9322833999999998,0.6148310583288225,0.876573231058173,0.6515645789188304,5028.67020907784,1.4088611111111013,0.0,0.0,0.0,6.709024000000112,0.7977976027002911,0.0,0.291,12.1758,45.1508,synthetic_default
demand_sweep,attack_1.00,default,adversarial_explanation_flood,fifo_explanation,1,5000,0.0,0.01789007744976629,0.9188009999999931,0.8798238117152061,0.7668560718123288,0.8680264282426997,2282.4992961999947,2.527899999999945,0.0,0.0,0.0,10.7064,0.80374718368315,0.0,0.604,12.1688,44.976,synthetic_default
demand_sweep,attack_1.00,default,adversarial_explanation_flood,static_coarse_full,1,5000,0.0,0.015629631225358907,0.8059709600000002,0.5779265285996039,0.883448719649974,0.45310568704799126,3733.115930128902,1.3855888888888828,0.0,0.0,0.0,6.436904000000109,0.8080022822908517,0.0002,0.2838,12.168,44.8672,synthetic_default
demand_sweep,attack_1.00,default,adversarial_explanation_flood,static_offload,1,5000,0.0,0.01643899038635499,0.8527046399999999,0.5342144342144389,0.7519114548055783,0.6933128733129424,3096.4055766378947,1.613444444444441,0.4505989505989506,0.0,0.0,1.8443679999998406,0.7945449457914568,0.0,0.3826,12.1212,45.0298,synthetic_default
demand_sweep,attack_1.00,default,adversarial_explanation_flood,budget_only_bexgov,1,5000,0.0,0.01680223062078569,0.867638580000001,0.5099548998876896,0.773773904900313,0.42257814048767744,5273.659112872228,0.9166683333333616,0.0,0.14103284213308664,0.13629154827198836,5.322483999999899,0.7934291495936534,0.0,0.0,12.1064,45.0028,synthetic_default
demand_sweep,attack_1.00,default,adversarial_explanation_flood,xai_gate,1,5000,0.0,0.01755672739543036,0.9045955600000001,0.6871418749693965,0.8001551823430462,0.6579371081536819,1615.9983271195497,0.9962800000002424,0.04393589680629901,0.13241336410810456,0.6358100476354172,6.887743999999165,0.809513653772675,0.0,0.0,12.2178,45.0132,synthetic_default
demand_sweep,attack_1.00,default,adversarial_explanation_flood,never_explain,2,5000,0.0,0.014546153846153837,0.7564,0.0,0.0,0.0,20067.440231999037,0.0,0.0,0.0,0.0,0.0,0.8000172506610259,0.0,0.0,12.104,44.8292,synthetic_default
demand_sweep,attack_1.00,default,adversarial_explanation_flood,always_explain,2,5000,0.0,0.017764305362013223,0.9090719999999992,1.0,1.0,0.849999999999981,0.0,2.848161111111047,0.0,0.0,0.0,12.0628,0.7919316431288812,0.0388,0.6472,12.0628,44.8782,synthetic_default
demand_sweep,attack_1.00,default,adversarial_explanation_flood,threshold_explain,2,5000,0.0,0.01803550897668203,0.9298607599999996,0.5784652655012106,0.8844459356436262,0.4538965822038861,3717.3312347244696,1.3952916666666644,0.0,0.0,0.0,6.475368000000119,0.8035284115063108,0.0,0.282,12.2184,45.1648,synthetic_default
demand_sweep,attack_1.00,default,adversarial_explanation_flood,rate_limited,2,5000,0.0,0.01824754652050532,0.9410032400000002,0.6152105892567558,0.8757418107637354,0.6548793473453033,5135.530736982301,1.4184833333333209,0.0,0.0,0.0,6.741984000000102,0.7985854219794348,0.0,0.2934,12.2086,45.2526,synthetic_default
demand_sweep,attack_1.00,default,adversarial_explanation_flood,fifo_explanation,2,5000,0.0,0.02014047761628654,1.0344039999999897,0.8806188070083338,0.7670967647884502,0.8679071789487206,2295.803936933327,2.534841666666594,0.0,0.0,0.0,10.7358,0.8018593239628125,0.0,0.6076,12.1912,45.106,synthetic_default
demand_sweep,attack_1.00,default,adversarial_explanation_flood,static_coarse_full,2,5000,0.0,0.01804731805948018,0.9304966000000015,0.5765216536722784,0.8841380304985279,0.4523586450894294,3743.4696453511515,1.3895999999999975,0.0,0.0,0.0,6.4491840000001055,0.8075101733879855,0.0,0.2774,12.2104,45.0358,synthetic_default
demand_sweep,attack_1.00,default,adversarial_explanation_flood,static_offload,2,5000,0.0,0.01382338362274972,0.7170748000000008,0.5342341744868545,0.7521600634128042,0.6939887919886588,3010.885987717887,1.6077111111111098,0.45135457770998444,0.0,0.0,1.831983999999853,0.7953400456916615,0.0,0.3782,12.0628,44.793,synthetic_default
demand_sweep,attack_1.00,default,adversarial_explanation_flood,budget_only_bexgov,2,5000,0.0,0.018969452257596178,0.9793479000000012,0.5101561030346312,0.7736774620066486,0.42302189732842654,5273.39468666472,0.9173950000000328,0.0,0.1405422352766456,0.13829804788699857,5.331799999999912,0.7912146215087033,0.0,0.0,12.1202,45.1098,synthetic_default
demand_sweep,attack_1.00,default,adversarial_explanation_flood,xai_gate,2,5000,0.0,0.01770373054392743,0.9126089800000012,0.6871588945038847,0.7999709806739193,0.6606179322151141,1533.5132072937686,0.9941700000002411,0.04814735559908479,0.1284917120705832,0.6394791855278102,6.814699999999258,0.7966041044704366,0.0,0.0,12.1502,45.0858,synthetic_default
demand_sweep,attack_1.00,default,adversarial_explanation_flood,never_explain,3,5000,0.0,0.015146153846153846,0.7876,0.0,0.0,0.0,20193.636548599094,0.0,0.0,0.0,0.0,0.0,0.8037798653417427,0.0,0.0,12.1602,44.9434,synthetic_default
demand_sweep,attack_1.00,default,adversarial_explanation_flood,always_explain,3,5000,0.0,0.018564750103417852,0.9499030000000006,1.0,1.0,0.8499999999999851,0.0,2.860486111111061,0.0,0.0,0.0,12.115,0.8003840026630502,0.04,0.653,12.115,44.8608,synthetic_default
demand_sweep,attack_1.00,default,adversarial_explanation_flood,threshold_explain,3,5000,0.0,0.015969112286911974,0.8231748800000007,0.5787368906304026,0.8847542092193997,0.4541826503564422,3644.4124114222473,1.3884055555555561,0.0,0.0,0.0,6.442112000000096,0.8040117200320123,0.0,0.2782,12.1478,44.8918,synthetic_default
demand_sweep,attack_1.00,default,adversarial_explanation_flood,rate_limited,3,5000,0.0,0.014221837674579376,0.7335361999999989,0.615890764876252,0.8762850134432412,0.6508590047393249,5009.906302113407,1.4085694444444299,0.0,0.0,0.0,6.708016000000097,0.8084341813344493,0.0,0.2892,12.1536,44.8034,synthetic_default
demand_sweep,attack_1.00,default,adversarial_explanation_flood,fifo_explanation,3,5000,0.0,0.018714070190628176,0.9611889999999925,0.8819557395633102,0.7705561452539418,0.8677066390654843,2146.938722911112,2.5349833333332707,0.0,0.0,0.0,10.7364,0.8015130258741574,0.0,0.6064,12.1734,45.0488,synthetic_default
demand_sweep,attack_1.00,default,adversarial_explanation_flood,static_coarse_full,3,5000,0.0,0.0162092404713517,0.8357055600000007,0.5773925925925916,0.8837076412318482,0.45281563786008033,3680.6618731644744,1.3831861111111068,0.0,0.0,0.0,6.423448000000121,0.8029969816494904,0.0,0.277,12.15,44.9252,synthetic_default
demand_sweep,attack_1.00,default,adversarial_explanation_flood,static_offload,3,5000,0.0,0.013857258730641666,0.718860279999999,0.5304013761467957,0.7512918455033745,0.6881156618611395,3210.854023420111,1.6126333333333331,0.4471002621231979,0.0,0.0,1.845695999999845,0.8057114796095703,0.0,0.3804,12.208,45.0718,synthetic_default
demand_sweep,attack_1.00,default,adversarial_explanation_flood,budget_only_bexgov,3,5000,0.0,0.017503009587553298,0.9035877800000004,0.5099137280630118,0.7733769757853647,0.4241602427423331,5375.563746454504,0.9190938888889306,0.0,0.14203706741020175,0.14413646055437102,5.364711999999921,0.8060850581045786,0.0,0.0,12.194,45.0108,synthetic_default
demand_sweep,attack_1.00,default,adversarial_explanation_flood,xai_gate,3,5000,0.0,0.01679209223404954,0.865311740000001,0.6864115693556948,0.7985325463414824,0.6599391430955274,1574.8176633004332,0.9968700000002442,0.04809658579678375,0.13094050092430515,0.6380159340389681,6.845087999999214,0.8085178774833905,0.0002,0.0,12.2254,45.066,synthetic_default
demand_sweep,attack_1.00,default,adversarial_explanation_flood,never_explain,4,5000,0.0,0.014803846153846164,0.7698,0.0,0.0,0.0,20131.509095999165,0.0,0.0,0.0,0.0,0.0,0.8060573699979212,0.0,0.0,12.1768,44.948,synthetic_default
demand_sweep,attack_1.00,default,adversarial_explanation_flood,always_explain,4,5000,0.0,0.02004431968755934,1.0260170000000008,1.0,1.0,0.8499999999999847,0.0,2.856094444444393,0.0,0.0,0.0,12.0964,0.7920353654543895,0.0336,0.6504,12.0964,45.0006,synthetic_default
demand_sweep,attack_1.00,default,adversarial_explanation_flood,threshold_explain,4,5000,0.0,0.017715190527613525,0.9131663599999996,0.5776150696420045,0.8839719994771934,0.4530537238328559,3670.0586314800307,1.3855666666666613,0.0,0.0,0.0,6.433368000000104,0.799855564040181,0.0,0.278,12.1622,45.0488,synthetic_default
demand_sweep,attack_1.00,default,adversarial_explanation_flood,rate_limited,4,5000,0.0,0.018143727349602557,0.9357834799999993,0.6201486504322606,0.879345515319542,0.6529375371213507,4962.397777700058,1.4209277777777694,0.0,0.0,0.0,6.7506160000000905,0.7985890103042328,0.0,0.2946,12.1224,44.933,synthetic_default
demand_sweep,attack_1.00,default,adversarial_explanation_flood,fifo_explanation,4,5000,0.0,0.01857987646761601,0.9542899999999912,0.8813458191762659,0.7694275080673928,0.8677981271235421,2061.464971866657,2.5110888888888354,0.0,0.0,0.0,10.6352,0.7928591698498926,0.0,0.6024,12.067,44.8706,synthetic_default
demand_sweep,attack_1.00,default,adversarial_explanation_flood,static_coarse_full,4,5000,0.0,0.016620908875900422,0.8570226799999997,0.5781297382820212,0.8855542893850934,0.4540946997165238,3702.713586808905,1.3883027777777643,0.0,0.0,0.0,6.434728000000107,0.7965139173868878,0.0,0.281,12.1352,45.0324,synthetic_default
demand_sweep,attack_1.00,default,adversarial_explanation_flood,static_offload,4,5000,0.0,0.016728221395424188,0.8677393599999997,0.5352280020405863,0.7525952396525699,0.6956492833281903,3026.784741591214,1.6239333333333288,0.4526140833017921,0.0,0.0,1.8471359999998462,0.7942358398365454,0.0,0.3826,12.1534,45.1572,synthetic_default
demand_sweep,attack_1.00,default,adversarial_explanation_flood,budget_only_bexgov,4,5000,0.0,0.015999779328154964,0.8260888199999994,0.5093147906946359,0.7742958944957586,0.4232395759484285,5379.904651994937,0.9180338888889281,0.0,0.14124610489176134,0.14015794766952994,5.3345119999998944,0.7998456927505322,0.0,0.0,12.1306,44.932,synthetic_default
demand_sweep,attack_1.00,default,adversarial_explanation_flood,xai_gate,4,5000,0.0,0.017665048546467055,0.9103821000000016,0.6870372945325434,0.8023916141682358,0.6599725215606517,1434.2584149506617,0.9916722222224538,0.04858386717650759,0.12798993560775354,0.6349671417457086,6.770443999999207,0.792967741361045,0.0,0.0,12.0822,44.9244,synthetic_default
demand_sweep,attack_1.00,default,adversarial_explanation_flood,never_explain,5,5000,0.0,0.01571923076923078,0.8174,0.0,0.0,0.0,20135.395456599006,0.0,0.0,0.0,0.0,0.0,0.7993422414660001,0.0,0.0,12.1678,45.0824,synthetic_default
demand_sweep,attack_1.00,default,adversarial_explanation_flood,always_explain,5,5000,0.0,0.01915005062222349,0.9800860000000008,1.0,1.0,0.8499999999999859,0.0,2.866105555555508,0.0,0.0,0.0,12.1388,0.7985405785828059,0.0444,0.6484,12.1388,44.995,synthetic_default
demand_sweep,attack_1.00,default,adversarial_explanation_flood,threshold_explain,5,5000,0.0,0.016723768132353715,0.8622361999999993,0.57717791209513,0.8839729351853759,0.4527733066158572,3705.8494894222604,1.3866305555555458,0.0,0.0,0.0,6.437192000000143,0.8078914861269508,0.0,0.2828,12.1768,44.9024,synthetic_default
demand_sweep,attack_1.00,default,adversarial_explanation_flood,rate_limited,5,5000,0.0,0.018784639866013,0.9688415599999969,0.6135630510526282,0.8760998706162432,0.6544157819835337,5215.220209466791,1.414819444444435,0.0,0.0,0.0,6.72961600000012,0.8100529547005682,0.0,0.293,12.2266,45.0322,synthetic_default
demand_sweep,attack_1.00,default,adversarial_explanation_flood,fifo_explanation,5,5000,0.0,0.0178144237637775,0.9149609999999937,0.8821319094235143,0.7701458234054501,0.8676802135864534,2072.2507097111015,2.5276166666666158,0.0,0.0,0.0,10.7052,0.7969083155650281,0.0,0.6056,12.1356,45.024,synthetic_default
demand_sweep,attack_1.00,default,adversarial_explanation_flood,static_coarse_full,5,5000,0.0,0.017047106782987768,0.8788695199999996,0.578245862029292,0.8847802195272743,0.4538708723023028,3633.004418657793,1.3900416666666588,0.0,0.0,0.0,6.448392000000118,0.80242074654745,0.0,0.282,12.1678,45.0054,synthetic_default
demand_sweep,attack_1.00,default,adversarial_explanation_flood,static_offload,5,5000,0.0,0.015117027859613196,0.7841699999999998,0.5360719346228677,0.7532990549168391,0.6979310969783528,3043.6644494912143,1.6281722222222226,0.4546742676376578,0.0,0.0,1.841287999999851,0.7953644254931449,0.0,0.3876,12.1388,45.0746,synthetic_default
demand_sweep,attack_1.00,default,adversarial_explanation_flood,budget_only_bexgov,5,5000,0.0,0.017625608796002522,0.9101323200000002,0.5108481805952327,0.7733437309754584,0.4245742691209789,5316.150874814516,0.9199061111111457,0.0,0.1383994487646422,0.14665157331758374,5.372267999999902,0.8062611957879404,0.0,0.0,12.1908,44.9946,synthetic_default
demand_sweep,attack_1.00,default,adversarial_explanation_flood,xai_gate,5,5000,0.0,0.01630777156776039,0.8406474200000006,0.6871395562257144,0.8000577269846103,0.6584077873553873,1607.8585248390975,0.9961488888891371,0.04452492543672774,0.1350332666907017,0.6337222641014716,6.874683999999156,0.8090803846319141,0.0004,0.0,12.2044,44.9746,synthetic_default
demand_sweep,attack_1.00,default,adversarial_explanation_flood,never_explain,6,5000,0.0,0.01426153846153845,0.7416,0.0,0.0,0.0,19780.59677639911,0.0,0.0,0.0,0.0,0.0,0.7876968930528558,0.0,0.0,12.044,44.9144,synthetic_default
demand_sweep,attack_1.00,default,adversarial_explanation_flood,always_explain,6,5000,0.0,0.023379637757515333,1.1966720000000017,1.0,1.0,0.8499999999999845,0.0,2.8833888888888364,0.0,0.0,0.0,12.212,0.80228044853347,0.043,0.6504,12.212,45.1724,synthetic_default
demand_sweep,attack_1.00,default,adversarial_explanation_flood,threshold_explain,6,5000,0.0,0.014517598183425736,0.7483701200000009,0.577038855678906,0.8843784696856871,0.4528189253103825,3683.4221458889074,1.3875944444444386,0.0,0.0,0.0,6.43890400000011,0.8097089225319036,0.0,0.279,12.1784,44.8632,synthetic_default
demand_sweep,attack_1.00,default,adversarial_explanation_flood,rate_limited,6,5000,0.0,0.016318894349927057,0.8414425599999998,0.6193470294649274,0.87723609925492,0.6468586778092702,4798.417222562268,1.402944444444438,0.0,0.0,0.0,6.688576000000106,0.7923582041646053,0.0,0.287,12.0618,44.8638,synthetic_default
demand_sweep,attack_1.00,default,adversarial_explanation_flood,fifo_explanation,6,5000,0.0,0.020414413552451823,1.0485289999999898,0.8777153373426665,0.7625860290806962,0.8683426993985813,2370.917955777761,2.522422222222165,0.0,0.0,0.0,10.6832,0.8013106252996867,0.0,0.6054,12.1716,45.0472,synthetic_default
demand_sweep,attack_1.00,default,adversarial_explanation_flood,static_coarse_full,6,5000,0.0,0.017007340794916528,0.8770060399999997,0.5775045193097786,0.8843694936945093,0.45314954806901625,3690.6253011422546,1.387505555555543,0.0,0.0,0.0,6.439112000000112,0.8087993555502027,0.0,0.2818,12.17,44.8548,synthetic_default
demand_sweep,attack_1.00,default,adversarial_explanation_flood,static_offload,6,5000,0.0,0.014146261790081018,0.7338225600000006,0.5332296126655421,0.7519210604115941,0.6923394404063207,2981.3243199490003,1.6021500000000022,0.45011450761724586,0.0,0.0,1.828727999999857,0.7865100083161813,0.0,0.3758,12.0516,44.9726,synthetic_default
demand_sweep,attack_1.00,default,adversarial_explanation_flood,budget_only_bexgov,6,5000,0.0,0.014914856361587502,0.7701263400000012,0.5085470593087803,0.7738536478063154,0.4213742472985266,5286.698690748271,0.917165000000032,0.0,0.13712777365338613,0.13780417388435207,5.319139999999922,0.8030680266645243,0.0,0.0,12.123,44.8236,synthetic_default
demand_sweep,attack_1.00,default,adversarial_explanation_flood,xai_gate,6,5000,0.0,0.017523212267936357,0.9030911199999999,0.6873744397575396,0.8017861464618051,0.6576595043501239,1518.3522915999902,0.9941566666668993,0.04453928288953335,0.1274881360400738,0.6348536778275771,6.84172399999924,0.7964543352840692,0.0008,0.0,12.1376,45.0428,synthetic_default
demand_sweep,attack_1.00,default,adversarial_explanation_flood,never_explain,7,5000,0.0,0.014342307692307694,0.7458,0.0,0.0,0.0,19914.212711399112,0.0,0.0,0.0,0.0,0.0,0.7859642255592709,0.0,0.0,12.0454,44.9632,synthetic_default
demand_sweep,attack_1.00,default,adversarial_explanation_flood,always_explain,7,5000,0.0,0.02095989995504779,1.072799000000002,1.0,1.0,0.8499999999999792,0.0,2.8592583333332633,0.0,0.0,0.0,12.1098,0.7942198792770812,0.043,0.6488,12.1098,44.9956,synthetic_default
demand_sweep,attack_1.00,default,adversarial_explanation_flood,threshold_explain,7,5000,0.0,0.018740427600397673,0.9662248000000007,0.577419222433833,0.8839636055113813,0.45290848492808694,3711.8870024933717,1.3873666666666662,0.0,0.0,0.0,6.441576000000102,0.7996903402711282,0.0,0.2812,12.1816,45.1248,synthetic_default
demand_sweep,attack_1.00,default,adversarial_explanation_flood,rate_limited,7,5000,0.0,0.017921426739711664,0.9242075599999986,0.6150717507175089,0.8760466696335313,0.6534317343173315,5053.339104691197,1.4144444444444326,0.0,0.0,0.0,6.728320000000092,0.8019895028016188,0.0,0.292,12.195,45.1168,synthetic_default
demand_sweep,attack_1.00,default,adversarial_explanation_flood,fifo_explanation,7,5000,0.0,0.021627387286325322,1.1108699999999883,0.8808656489055204,0.7693666015683963,0.8678701526641446,2306.1842151333194,2.5121749999999348,0.0,0.0,0.0,10.6398,0.7869501216814963,0.0,0.604,12.0788,45.063,synthetic_default
demand_sweep,attack_1.00,default,adversarial_explanation_flood,static_coarse_full,7,5000,0.0,0.018857757931515076,0.9722434399999998,0.5808538354989764,0.883983885613666,0.455459732207635,3617.0527121511263,1.3885444444444395,0.0,0.0,0.0,6.449584000000111,0.7943869927359295,0.0,0.2792,12.1288,45.062,synthetic_default
demand_sweep,attack_1.00,default,adversarial_explanation_flood,static_offload,7,5000,0.0,0.015224124982477065,0.789723200000001,0.532021743057498,0.7520756868990254,0.6911073522408852,3110.4570121667766,1.6164000000000076,0.4494769513737211,0.0,0.0,1.8419519999998455,0.808190947909796,0.0,0.385,12.1786,44.9016,synthetic_default
demand_sweep,attack_1.00,default,adversarial_explanation_flood,budget_only_bexgov,7,5000,0.0,0.017808126564559563,0.9195375600000014,0.5097199823353623,0.7727190432027735,0.42343348762655814,5386.461979566077,0.9194794444444833,0.0,0.1393218731088176,0.1451119579973503,5.373159999999923,0.8086000130159785,0.0,0.0,12.2278,45.0728,synthetic_default
demand_sweep,attack_1.00,default,adversarial_explanation_flood,xai_gate,7,5000,0.0,0.018808861658663356,0.9691536800000009,0.6872751052909559,0.8001428710712988,0.6591494472229563,1554.3360242053286,0.9947033333335799,0.045785075019742036,0.13472295340879178,0.632814556462227,6.8387999999992255,0.7992880876791795,0.0002,0.0,12.1568,45.043,synthetic_default
demand_sweep,attack_1.00,default,adversarial_explanation_flood,never_explain,8,5000,0.0,0.014319230769230773,0.7446,0.0,0.0,0.0,20260.308821399038,0.0,0.0,0.0,0.0,0.0,0.8061350057080223,0.0,0.0,12.1822,44.966,synthetic_default
demand_sweep,attack_1.00,default,adversarial_explanation_flood,always_explain,8,5000,0.0,0.02055471418249189,1.0517670000000026,1.0,1.0,0.8499999999999862,0.0,2.866152777777731,0.0,0.0,0.0,12.139,0.8062375383150318,0.0402,0.6474,12.139,44.804,synthetic_default
demand_sweep,attack_1.00,default,adversarial_explanation_flood,threshold_explain,8,5000,0.0,0.01702909092163564,0.8781147600000004,0.5792650983493111,0.8843391612046383,0.4544405456162853,3686.3045604222684,1.3876999999999864,0.0,0.0,0.0,6.4416240000001075,0.7963263820456157,0.0,0.279,12.1404,45.0564,synthetic_default
demand_sweep,attack_1.00,default,adversarial_explanation_flood,rate_limited,8,5000,0.0,0.01688112744145342,0.8705745999999995,0.6145741046471758,0.8762432870610433,0.6563095607826349,5265.2482429756465,1.4216361111110964,0.0,0.0,0.0,6.753064000000096,0.8106400295967466,0.0,0.2986,12.2354,45.05,synthetic_default
demand_sweep,attack_1.00,default,adversarial_explanation_flood,fifo_explanation,8,5000,0.0,0.01938623294270514,0.9957239999999924,0.8775009807767752,0.7615703542798403,0.8683748528834627,2300.341481844432,2.534983333333273,0.0,0.0,0.0,10.7364,0.8054645582844895,0.0,0.6062,12.2352,45.1784,synthetic_default
demand_sweep,attack_1.00,default,adversarial_explanation_flood,static_coarse_full,8,5000,0.0,0.01629018975701778,0.8400150400000006,0.5783178554962776,0.8850213560967799,0.4540184746097577,3646.6694852133514,1.3884249999999945,0.0,0.0,0.0,6.439272000000104,0.7997626276320986,0.0002,0.2812,12.1464,44.9926,synthetic_default
demand_sweep,attack_1.00,default,adversarial_explanation_flood,static_offload,8,5000,0.0,0.014732074616812535,0.7642407599999992,0.5331864892460767,0.7519821250362103,0.6924480418959209,3096.997960186784,1.6148611111111126,0.4502651427818583,0.0,0.0,1.84175199999984,0.7991703703703732,0.0,0.3832,12.1444,45.0,synthetic_default
demand_sweep,attack_1.00,default,adversarial_explanation_flood,budget_only_bexgov,8,5000,0.0,0.018038321317776596,0.9315006400000004,0.5103462039618263,0.7736014341324349,0.4233279453726785,5274.63494464828,0.9177088888889201,0.0,0.14009797291725082,0.13961965396097578,5.33686799999991,0.7964467516459548,0.0,0.0,12.1258,44.9992,synthetic_default
demand_sweep,attack_1.00,default,adversarial_explanation_flood,xai_gate,8,5000,0.0,0.01816409928271641,0.9361192600000009,0.6863931116000515,0.800455408436143,0.6593292182421162,1537.7090511897704,0.9944016666668972,0.04795285156121745,0.12803296450733823,0.6378500837245953,6.822331999999199,0.8057902444519573,0.0,0.0,12.1828,44.9768,synthetic_default
demand_sweep,attack_1.00,default,adversarial_explanation_flood,never_explain,9,5000,0.0,0.01544230769230774,0.803,0.0,0.0,0.0,19961.173815599086,0.0,0.0,0.0,0.0,0.0,0.793762602261529,0.0,0.0,12.1164,45.0316,synthetic_default
demand_sweep,attack_1.00,default,adversarial_explanation_flood,always_explain,9,5000,0.0,0.020772057841673023,1.062728000000001,1.0,1.0,0.8499999999999804,0.0,2.8691749999999336,0.0,0.0,0.0,12.1518,0.8017801620027509,0.0446,0.6504,12.1518,44.9622,synthetic_default
demand_sweep,attack_1.00,default,adversarial_explanation_flood,threshold_explain,9,5000,0.0,0.018419498036337245,0.9496892799999996,0.5783973479274471,0.884389191636061,0.453849142705971,3575.0805245822453,1.3812166666666632,0.0,0.0,0.0,6.409944000000117,0.7894607592951746,0.0,0.2744,12.0962,45.0646,synthetic_default
demand_sweep,attack_1.00,default,adversarial_explanation_flood,rate_limited,9,5000,0.0,0.017795828977409424,0.9178081199999988,0.6194188918170869,0.8777102866989387,0.647449157177657,4765.950467988936,1.4045416666666604,0.0,0.0,0.0,6.6939120000000765,0.7889961304096476,0.0,0.285,12.0666,44.966,synthetic_default
demand_sweep,attack_1.00,default,adversarial_explanation_flood,fifo_explanation,9,5000,0.0,0.01779709001494839,0.9140319999999933,0.8809688924113335,0.7671420418599347,0.8678546661382804,2085.8752831111024,2.5195416666666106,0.0,0.0,0.0,10.671,0.799575689504554,0.0,0.6026,12.1128,44.8728,synthetic_default
demand_sweep,attack_1.00,default,adversarial_explanation_flood,static_coarse_full,9,5000,0.0,0.0190742613352094,0.9835624000000005,0.5790029190098437,0.8842035544081956,0.45421854643204307,3629.5560680089375,1.3854694444444362,0.0,0.0,0.0,6.431560000000114,0.7981383128571464,0.0,0.278,12.1274,44.9628,synthetic_default
demand_sweep,attack_1.00,default,adversarial_explanation_flood,static_offload,9,5000,0.0,0.014348768659307325,0.7443269599999999,0.532203906700737,0.7514360963055394,0.6905482568203117,3097.469439813439,1.6084611111111113,0.4487266133684991,0.0,0.0,1.840071999999848,0.7982407386822596,0.0,0.3784,12.133,44.981,synthetic_default
demand_sweep,attack_1.00,default,adversarial_explanation_flood,budget_only_bexgov,9,5000,0.0,0.015691138473236003,0.8102117400000013,0.5087560362506064,0.7741976233442607,0.4215386650790503,5279.234185330974,0.9158322222222529,0.0,0.14273665409803532,0.1327644373883707,5.305891999999916,0.7989361322337667,0.0,0.0,12.0936,44.8176,synthetic_default
demand_sweep,attack_1.00,default,adversarial_explanation_flood,xai_gate,9,5000,0.0,0.01577327638555026,0.812735540000001,0.6873394992772672,0.7998334062129877,0.6586908595084809,1570.8383847195503,0.9953444444446927,0.044946773557629126,0.13357537127086344,0.6339860691286634,6.857291999999219,0.8047457888424892,0.0,0.0,12.1744,44.9718,synthetic_default
demand_sweep,attack_1.00,default,adversarial_explanation_flood,never_explain,10,5000,0.0,0.013434615384615399,0.6986,0.0,0.0,0.0,20076.639969999083,0.0,0.0,0.0,0.0,0.0,0.8032271739549337,0.0,0.0,12.1654,44.9764,synthetic_default
demand_sweep,attack_1.00,default,adversarial_explanation_flood,always_explain,10,5000,0.0,0.020446090108098218,1.0463380000000007,1.0,1.0,0.8499999999999849,0.0,2.8740388888888377,0.0,0.0,0.0,12.1724,0.8029819618856326,0.0406,0.6548,12.1724,45.0084,synthetic_default
demand_sweep,attack_1.00,default,adversarial_explanation_flood,threshold_explain,10,5000,0.0,0.018514202943099436,0.9546464400000001,0.5814801723004065,0.8851321468981512,0.45632973826120743,3612.7612153600285,1.396897222222211,0.0,0.0,0.0,6.481616000000135,0.7996411014310063,0.0,0.286,12.1648,45.0638,synthetic_default
demand_sweep,attack_1.00,default,adversarial_explanation_flood,rate_limited,10,5000,0.0,0.01690833573154086,0.8719426399999979,0.6185048714501538,0.8769294672943158,0.6449360155355192,4735.347518033353,1.3963138888888813,0.0,0.0,0.0,6.6656240000001095,0.7868073596925165,0.0,0.2806,12.0498,44.9584,synthetic_default
demand_sweep,attack_1.00,default,adversarial_explanation_flood,fifo_explanation,10,5000,0.0,0.02047125667725935,1.0513919999999897,0.8812288380543397,0.769392077754635,0.8678156742918232,2330.8905605777754,2.51949444444437,0.0,0.0,0.0,10.6708,0.7946278248085199,0.0,0.6072,12.109,44.9824,synthetic_default
demand_sweep,attack_1.00,default,adversarial_explanation_flood,static_coarse_full,10,5000,0.0,0.01682222112105728,0.8671669600000014,0.5822766427934915,0.885635475734474,0.4571867058318734,3546.402934000015,1.395277777777778,0.0,0.0,0.0,6.469984000000119,0.7998639661875719,0.0006,0.2844,12.1196,44.8908,synthetic_default
demand_sweep,attack_1.00,default,adversarial_explanation_flood,static_offload,10,5000,0.0,0.015094142900819367,0.7830247999999997,0.5341152540148665,0.7526257353473657,0.6944564557668687,3117.0971264179047,1.6265111111111061,0.45196108987713457,0.0,0.0,1.8477759999998533,0.806404392667236,0.0,0.3888,12.1922,44.9962,synthetic_default
demand_sweep,attack_1.00,default,adversarial_explanation_flood,budget_only_bexgov,10,5000,0.0,0.01655299169294281,0.854752120000001,0.5094291775781734,0.7750161381836955,0.4224732323399753,5242.818876142504,0.9157277777778062,0.0,0.14403155766234627,0.1330924520171048,5.303775999999915,0.7925737757277314,0.0,0.0,12.0668,44.877,synthetic_default
demand_sweep,attack_1.00,default,adversarial_explanation_flood,xai_gate,10,5000,0.0,0.016645581137748305,0.8578562000000014,0.6870514113737617,0.8005233708328764,0.6607482678220132,1490.5644923293282,0.992251666666901,0.0491293635176029,0.13114943859242967,0.6344649678368859,6.772363999999315,0.7904239129791182,0.0,0.0,12.0946,45.0344,synthetic_default
demand_sweep,attack_1.00,default,adversarial_explanation_flood,never_explain,11,5000,0.0,0.014307692307692318,0.744,0.0,0.0,0.0,19841.24046099904,0.0,0.0,0.0,0.0,0.0,0.7917314728406606,0.0,0.0,12.0958,45.006,synthetic_default
demand_sweep,attack_1.00,default,adversarial_explanation_flood,always_explain,11,5000,0.0,0.020646328392754886,1.0563020000000003,1.0,1.0,0.8499999999999818,0.0,2.8745111111110493,0.0,0.0,0.0,12.1744,0.8006217812761569,0.0446,0.6534,12.1744,45.0748,synthetic_default
demand_sweep,attack_1.00,default,adversarial_explanation_flood,threshold_explain,11,5000,0.0,0.015046701923613886,0.7757032000000004,0.580070275341091,0.8854631038705328,0.4555150507726976,3672.1913942577944,1.3941666666666654,0.0,0.0,0.0,6.463752000000092,0.8084761249959085,0.0,0.2848,12.1522,44.7972,synthetic_default
demand_sweep,attack_1.00,default,adversarial_explanation_flood,rate_limited,11,5000,0.0,0.018329831246726543,0.9452955999999978,0.6163300245279647,0.8763589247364482,0.650985233838702,5055.104842557854,1.409611111111105,0.0,0.0,0.0,6.711616000000118,0.7997351370088206,0.0,0.2934,12.1494,45.0044,synthetic_default
demand_sweep,attack_1.00,default,adversarial_explanation_flood,fifo_explanation,11,5000,0.0,0.01719450081950673,0.8831439999999949,0.8829393713195653,0.7698264360785968,0.8675590943020435,1852.0005682444398,2.5135444444443764,0.0,0.0,0.0,10.6456,0.7919644728218023,0.0,0.6008,12.057,44.8558,synthetic_default
demand_sweep,attack_1.00,default,adversarial_explanation_flood,static_coarse_full,11,5000,0.0,0.019511042298833766,1.0058677200000006,0.5791823331417777,0.8850899248515958,0.4546728511616416,3662.090274493371,1.3942861111111025,0.0,0.0,0.0,6.466888000000092,0.8078145198034408,0.0,0.2816,12.181,44.9198,synthetic_default
demand_sweep,attack_1.00,default,adversarial_explanation_flood,static_offload,11,5000,0.0,0.014352159656042937,0.7445353999999993,0.5324861596256568,0.7516052591039876,0.6908483819944014,3096.184530906764,1.6098277777777765,0.4488894747248402,0.0,0.0,1.8422319999998407,0.7980337523867012,0.0,0.3792,12.1384,45.0062,synthetic_default
demand_sweep,attack_1.00,default,adversarial_explanation_flood,budget_only_bexgov,11,5000,0.0,0.01741331726318246,0.8990577000000011,0.5091470409387768,0.773407540703757,0.42253931993360727,5342.753426785604,0.9180105555555967,0.0,0.14069715844659555,0.13977681726297106,5.343143999999916,0.8001857966177914,0.0,0.0,12.1694,45.0672,synthetic_default
demand_sweep,attack_1.00,default,adversarial_explanation_flood,xai_gate,11,5000,0.0,0.01808296010703364,0.9319546800000015,0.687653483806128,0.8024577728908888,0.659063340427996,1491.8097119648876,0.9925150000002296,0.04535630021943936,0.12752231516771437,0.63846953422759,6.830647999999171,0.7984599635020264,0.0004,0.0,12.1218,44.934,synthetic_default
demand_sweep,attack_1.00,default,adversarial_explanation_flood,never_explain,12,5000,0.0,0.013973076923076934,0.7266,0.0,0.0,0.0,20190.14677239903,0.0,0.0,0.0,0.0,0.0,0.802035048385038,0.0,0.0,12.1526,44.9588,synthetic_default
demand_sweep,attack_1.00,default,adversarial_explanation_flood,always_explain,12,5000,0.0,0.018549394122014347,0.9490069999999998,1.0,1.0,0.8499999999999832,0.0,2.858077777777721,0.0,0.0,0.0,12.1048,0.7994618620761451,0.0406,0.6458,12.1048,44.846,synthetic_default
demand_sweep,attack_1.00,default,adversarial_explanation_flood,threshold_explain,12,5000,0.0,0.019033389356930202,0.9814415200000011,0.577516641316256,0.8843347604048779,0.4531434505994092,3769.9723699466945,1.3941027777777628,0.0,0.0,0.0,6.470008000000111,0.8042669971671415,0.0,0.285,12.2286,45.184,synthetic_default
demand_sweep,attack_1.00,default,adversarial_explanation_flood,rate_limited,12,5000,0.0,0.017197857432915024,0.8869795199999986,0.6160309558738721,0.8764600467054225,0.6493530255328149,4912.633240173396,1.4045583333333291,0.0,0.0,0.0,6.694080000000133,0.7982680402592468,0.0,0.2844,12.1334,44.9818,synthetic_default
demand_sweep,attack_1.00,default,adversarial_explanation_flood,fifo_explanation,12,5000,0.0,0.01993575185330529,1.0239489999999913,0.8821495342565477,0.7708872561297799,0.8676775698614971,2053.440106977776,2.517794444444385,0.0,0.0,0.0,10.6636,0.794257520973229,0.0,0.6012,12.0882,44.9144,synthetic_default
demand_sweep,attack_1.00,default,adversarial_explanation_flood,static_coarse_full,12,5000,0.0,0.017939179358076648,0.9248028800000003,0.5787813169033643,0.8841120022517263,0.45396313062805155,3708.9539625644716,1.3969555555555533,0.0,0.0,0.0,6.4863440000001,0.8092923271623023,0.0,0.2804,12.2378,45.0924,synthetic_default
demand_sweep,attack_1.00,default,adversarial_explanation_flood,static_offload,12,5000,0.0,0.01576237638558424,0.8176459200000005,0.5317338676699137,0.7510463020690948,0.6890506256645798,3189.373020091215,1.6167500000000004,0.44732150159483114,0.0,0.0,1.8576239999998407,0.809139952000894,0.0,0.3826,12.227,45.0564,synthetic_default
demand_sweep,attack_1.00,default,adversarial_explanation_flood,budget_only_bexgov,12,5000,0.0,0.016721055487286626,0.8632937000000002,0.5101761074800555,0.7739262174627312,0.42303013798111994,5309.278702245611,0.9174594444444768,0.0,0.1401432626922823,0.13849277084571202,5.33133599999989,0.7983170829437676,0.0,0.0,12.1176,44.922,synthetic_default
demand_sweep,attack_1.00,default,adversarial_explanation_flood,xai_gate,12,5000,0.0,0.016191483914296832,0.834504620000001,0.6872594463428854,0.8006642419113732,0.6604907641261888,1509.2621542742208,0.9923727777780101,0.047689793492794536,0.1340563561630268,0.6343617425180343,6.799415999999203,0.7986345234861065,0.0004,0.0,12.1158,44.9074,synthetic_default
demand_sweep,attack_1.00,default,adversarial_explanation_flood,never_explain,13,5000,0.0,0.014657692307692287,0.7622,0.0,0.0,0.0,20190.324636998994,0.0,0.0,0.0,0.0,0.0,0.8054191897427205,0.0,0.0,12.1914,45.0178,synthetic_default
demand_sweep,attack_1.00,default,adversarial_explanation_flood,always_explain,13,5000,0.0,0.021111859955571136,1.0805510000000014,1.0,1.0,0.8499999999999792,0.0,2.871488888888819,0.0,0.0,0.0,12.1616,0.8022551900639983,0.0422,0.6528,12.1616,44.9866,synthetic_default
demand_sweep,attack_1.00,default,adversarial_explanation_flood,threshold_explain,13,5000,0.0,0.01668253631004748,0.8600706000000022,0.579160892232559,0.8830947255237488,0.45386062165907376,3661.55427443556,1.381816666666656,0.0,0.0,0.0,6.423168000000101,0.7975648707922416,0.0,0.2742,12.1224,44.9586,synthetic_default
demand_sweep,attack_1.00,default,adversarial_explanation_flood,rate_limited,13,5000,0.0,0.01700226779012908,0.8767600000000004,0.618024683221013,0.8771965982538865,0.6518578325561349,4913.392095453383,1.4146944444444283,0.0,0.0,0.0,6.72918400000011,0.8007616792549983,0.0,0.2916,12.1378,44.9358,synthetic_default
demand_sweep,attack_1.00,default,adversarial_explanation_flood,fifo_explanation,13,5000,0.0,0.01797110159295586,0.9230089999999945,0.8785842515275788,0.7645657728239691,0.8682123622708391,2380.2862275777707,2.5190694444443817,0.0,0.0,0.0,10.669,0.8049907248858448,0.0,0.605,12.1434,44.8512,synthetic_default
demand_sweep,attack_1.00,default,adversarial_explanation_flood,static_coarse_full,13,5000,0.0,0.016131270456106427,0.8317865200000013,0.5764840182648394,0.8823181796023125,0.45155861068526,3683.816978368928,1.3751194444444401,0.0,0.0,0.0,6.395680000000135,0.8004549886252843,0.0,0.271,12.1326,44.9242,synthetic_default
demand_sweep,attack_1.00,default,adversarial_explanation_flood,static_offload,13,5000,0.0,0.01612338191996125,0.83639136,0.5352644048833537,0.7523471366225546,0.6955539833493081,3052.975311004546,1.623900000000008,0.45248280627858767,0.0,0.0,1.848383999999852,0.7949819772326865,0.0,0.3858,12.1556,45.1466,synthetic_default
demand_sweep,attack_1.00,default,adversarial_explanation_flood,budget_only_bexgov,13,5000,0.0,0.01692228387540827,0.8736198400000001,0.5091987670804158,0.7741090938246743,0.4225362211343544,5314.197152445172,0.9170894444444778,0.0,0.1423132077337685,0.13730241144571362,5.3290319999999305,0.7985432360082163,0.0,0.0,12.1338,44.9764,synthetic_default
demand_sweep,attack_1.00,default,adversarial_explanation_flood,xai_gate,13,5000,0.0,0.016931397050577165,0.8726066200000013,0.6869001239158311,0.8010351734537225,0.6612472532011625,1444.4493400075473,0.9917311111113395,0.04994630318050392,0.12720363486162742,0.6392399834779017,6.769987999999242,0.793325362998385,0.0004,0.0,12.105,45.0002,synthetic_default
demand_sweep,attack_1.00,default,adversarial_explanation_flood,never_explain,14,5000,0.0,0.013769230769230785,0.716,0.0,0.0,0.0,19892.760346799056,0.0,0.0,0.0,0.0,0.0,0.7956682100209633,0.0,0.0,12.0886,44.8806,synthetic_default
demand_sweep,attack_1.00,default,adversarial_explanation_flood,always_explain,14,5000,0.0,0.018257816674624016,0.9343340000000009,1.0,1.0,0.8499999999999851,0.0,2.8662472222221718,0.0,0.0,0.0,12.1394,0.8030132900826394,0.0394,0.653,12.1394,44.8856,synthetic_default
demand_sweep,attack_1.00,default,adversarial_explanation_flood,threshold_explain,14,5000,0.0,0.01765757161657294,0.9102702000000018,0.5805801352157484,0.8842856679986991,0.45534897593955126,3541.2254878977956,1.3818583333333367,0.0,0.0,0.0,6.416688000000118,0.7888203176409896,0.0,0.2738,12.0696,44.9816,synthetic_default
demand_sweep,attack_1.00,default,adversarial_explanation_flood,rate_limited,14,5000,0.0,0.019436471625784622,1.002334239999999,0.6151867512332674,0.8763306973466178,0.6543389547175253,5061.9017052356485,1.4170472222222144,0.0,0.0,0.0,6.737168000000085,0.803334648514215,0.0,0.2948,12.2034,45.1142,synthetic_default
demand_sweep,attack_1.00,default,adversarial_explanation_flood,fifo_explanation,14,5000,0.0,0.016384912281346187,0.8415399999999948,0.88336212050754,0.7728351359700117,0.8674956819238501,2044.4014331999979,2.5117027777777157,0.0,0.0,0.0,10.6378,0.7847890396665862,0.0,0.6024,12.0424,44.9816,synthetic_default
demand_sweep,attack_1.00,default,adversarial_explanation_flood,static_coarse_full,14,5000,0.0,0.01582714891275711,0.8160526400000002,0.5761333069293829,0.8831061225232476,0.4516428206016774,3660.0706936978168,1.3753638888888788,0.0,0.0,0.0,6.39041600000011,0.7997861534349193,0.0002,0.2756,12.1194,44.892,synthetic_default
demand_sweep,attack_1.00,default,adversarial_explanation_flood,static_offload,14,5000,0.0,0.013681772426618253,0.7097207999999999,0.5323239576111757,0.7509245922825222,0.6894564392064307,3089.1582373401006,1.6028055555555576,0.44741012181836187,0.0,0.0,1.8448399999998382,0.8002068178576509,0.0,0.375,12.1164,44.8704,synthetic_default
demand_sweep,attack_1.00,default,adversarial_explanation_flood,budget_only_bexgov,14,5000,0.0,0.01688317891452604,0.8717058600000017,0.5103789463283166,0.7735439599757308,0.42334612407568945,5333.417460541161,0.917501666666701,0.0,0.14192783386307867,0.13894698703908037,5.342059999999886,0.8004610788652446,0.0,0.0,12.1442,44.967,synthetic_default
demand_sweep,attack_1.00,default,adversarial_explanation_flood,xai_gate,14,5000,0.0,0.016927763230565707,0.8724397200000003,0.686561171391616,0.8001069020525422,0.6598484873356505,1547.2099512817697,0.9944661111113468,0.048211559611943726,0.1265779149362268,0.6403585088396067,6.823875999999208,0.8004382951118125,0.0,0.0,12.1838,45.1142,synthetic_default
demand_sweep,attack_1.00,default,adversarial_explanation_flood,never_explain,15,5000,0.0,0.015634615384615396,0.813,0.0,0.0,0.0,20079.893206199016,0.0,0.0,0.0,0.0,0.0,0.7975727247633688,0.0,0.0,12.1128,44.9228,synthetic_default
demand_sweep,attack_1.00,default,adversarial_explanation_flood,always_explain,15,5000,0.0,0.01906246078370437,0.9755180000000019,1.0,1.0,0.8499999999999781,0.0,2.8587861111110375,0.0,0.0,0.0,12.1078,0.7959911415293475,0.0424,0.6528,12.1078,44.9438,synthetic_default
demand_sweep,attack_1.00,default,adversarial_explanation_flood,threshold_explain,15,5000,0.0,0.01719674255112253,0.8867316800000008,0.5750411238320824,0.8835474488980029,0.4510305632320015,3763.15241343114,1.3789305555555518,0.0,0.0,0.0,6.402632000000116,0.7982792817177033,0.0,0.2724,12.1584,45.0742,synthetic_default
demand_sweep,attack_1.00,default,adversarial_explanation_flood,rate_limited,15,5000,0.0,0.016502352439847285,0.8510795199999991,0.6190186530208048,0.8787356678028827,0.6511026741498713,4884.621758364501,1.4141527777777636,0.0,0.0,0.0,6.72731200000009,0.7985040175397176,0.0,0.2946,12.116,44.9114,synthetic_default
demand_sweep,attack_1.00,default,adversarial_explanation_flood,fifo_explanation,15,5000,0.0,0.019575179538618828,1.0053879999999906,0.8769091656391287,0.7621492489429973,0.8684636251541067,2388.484477888873,2.51873888888882,0.0,0.0,0.0,10.6676,0.800621669627001,0.0,0.605,12.165,45.04,synthetic_default
demand_sweep,attack_1.00,default,adversarial_explanation_flood,static_coarse_full,15,5000,0.0,0.016755790284896814,0.8638396799999994,0.5759874187048485,0.8837375592141552,0.4518208475992285,3818.5827338889135,1.387249999999992,0.0,0.0,0.0,6.440400000000118,0.8091237117221208,0.0,0.2786,12.2086,44.989,synthetic_default
demand_sweep,attack_1.00,default,adversarial_explanation_flood,static_offload,15,5000,0.0,0.015126842019502155,0.7846931599999993,0.5328289159011127,0.7509063488900375,0.690057396381459,3078.879945695663,1.6054611111111141,0.4477742408998697,0.0,0.0,1.8483759999998426,0.7968813671839743,0.0,0.3828,12.1262,44.9898,synthetic_default
demand_sweep,attack_1.00,default,adversarial_explanation_flood,budget_only_bexgov,15,5000,0.0,0.018107159653109287,0.9348716000000018,0.5102330783781847,0.7736125025692037,0.42355045645201206,5315.599954231838,0.9191200000000361,0.0,0.13647503906571265,0.14443622008388848,5.353143999999888,0.7994299363340074,0.0,0.0,12.159,45.0476,synthetic_default
demand_sweep,attack_1.00,default,adversarial_explanation_flood,xai_gate,15,5000,0.0,0.016514193869670606,0.8511347800000006,0.6866978459917957,0.8010162170742536,0.6606478492852993,1502.300327426662,0.9940394444446766,0.04950266780844477,0.12723140768065344,0.6386107634543179,6.7927719999992275,0.8027951578306713,0.0,0.0,12.1448,44.911,synthetic_default
demand_sweep,attack_1.00,default,adversarial_explanation_flood,never_explain,16,5000,0.0,0.014188461538461516,0.7378,0.0,0.0,0.0,20119.153224199086,0.0,0.0,0.0,0.0,0.0,0.7951600742416252,0.0,0.0,12.119,45.0062,synthetic_default
demand_sweep,attack_1.00,default,adversarial_explanation_flood,always_explain,16,5000,0.0,0.02021549226991634,1.0344890000000015,1.0,1.0,0.8499999999999868,0.0,2.8856083333332885,0.0,0.0,0.0,12.2214,0.8061066604007026,0.0444,0.6542,12.2214,45.1114,synthetic_default
demand_sweep,attack_1.00,default,adversarial_explanation_flood,threshold_explain,16,5000,0.0,0.017758777234821003,0.9156199600000009,0.5750508813971061,0.8831164076872321,0.45086744575386206,3703.8546564355843,1.3807611111111064,0.0,0.0,0.0,6.414184000000134,0.8032672861457775,0.0,0.273,12.1852,45.0486,synthetic_default
demand_sweep,attack_1.00,default,adversarial_explanation_flood,rate_limited,16,5000,0.0,0.01717343460455989,0.8857424799999984,0.6180282062728373,0.8776843458669925,0.6484822181439285,5072.6270885645245,1.4052083333333163,0.0,0.0,0.0,6.696216000000104,0.795832201344137,0.0,0.2914,12.0966,44.9062,synthetic_default
demand_sweep,attack_1.00,default,adversarial_explanation_flood,fifo_explanation,16,5000,0.0,0.01908002700283547,0.9799569999999916,0.8782526053614734,0.7634497576979511,0.8682621091957616,2386.7478897333253,2.531016666666616,0.0,0.0,0.0,10.7196,0.8099182499892512,0.0,0.6034,12.2056,44.9582,synthetic_default
demand_sweep,attack_1.00,default,adversarial_explanation_flood,static_coarse_full,16,5000,0.0,0.017342592611311384,0.8942301999999998,0.5771923445608703,0.8839764012711745,0.45275509866789904,3681.452170053357,1.3778444444444415,0.0,0.0,0.0,6.396928000000123,0.7938067920724554,0.0,0.274,12.1012,44.974,synthetic_default
demand_sweep,attack_1.00,default,adversarial_explanation_flood,static_offload,16,5000,0.0,0.015183206254566673,0.7876023199999992,0.5325369775983624,0.7511208049426318,0.6901955593793048,2967.032016820086,1.6011555555555603,0.4481155487905761,0.0,0.0,1.8387679999998527,0.7955824903821826,0.0,0.3716,12.0884,44.882,synthetic_default
demand_sweep,attack_1.00,default,adversarial_explanation_flood,budget_only_bexgov,16,5000,0.0,0.018544193719493802,0.9573793600000008,0.5099579762689804,0.7735546089091557,0.422770270270269,5302.114190201616,0.9178633333333643,0.0,0.13862887277521424,0.13970006591957812,5.336707999999857,0.797901953899878,0.0,0.0,12.136,45.0006,synthetic_default
demand_sweep,attack_1.00,default,adversarial_explanation_flood,xai_gate,16,5000,0.0,0.01856037442485346,0.9565192600000011,0.6864324297941058,0.7977986483087566,0.6595486642152942,1656.7451662946505,0.9997505555558149,0.04695584263447333,0.13097523673163905,0.6401028277634961,6.892815999999184,0.8085729334945899,0.0,0.0,12.2924,45.3116,synthetic_default
demand_sweep,attack_1.00,default,adversarial_explanation_flood,never_explain,17,5000,0.0,0.015507692307692307,0.8064,0.0,0.0,0.0,19798.948765599103,0.0,0.0,0.0,0.0,0.0,0.7818936423185685,0.0,0.0,12.0644,45.137,synthetic_default
demand_sweep,attack_1.00,default,adversarial_explanation_flood,always_explain,17,5000,0.0,0.020887234637147766,1.0688740000000023,1.0,1.0,0.8499999999999857,0.0,2.867474999999952,0.0,0.0,0.0,12.1446,0.799767926768,0.0418,0.6512,12.1446,44.9858,synthetic_default
demand_sweep,attack_1.00,default,adversarial_explanation_flood,threshold_explain,17,5000,0.0,0.01913020243327835,0.9864504,0.577714596518987,0.8841185092393441,0.45319340058016605,3668.5874593867043,1.3830805555555516,0.0,0.0,0.0,6.420728000000133,0.793957457377541,0.0,0.2772,12.1344,45.0936,synthetic_default
demand_sweep,attack_1.00,default,adversarial_explanation_flood,rate_limited,17,5000,0.0,0.016786348873956077,0.8656885999999994,0.616538334978617,0.876769952648197,0.6517670286278313,5095.917225364515,1.412111111111107,0.0,0.0,0.0,6.720256000000096,0.8039596290574573,0.0,0.2908,12.156,44.9234,synthetic_default
demand_sweep,attack_1.00,default,adversarial_explanation_flood,fifo_explanation,17,5000,0.0,0.018171765029984088,0.9332549999999945,0.8816567073271108,0.770246189604711,0.867751493900907,2170.824310444438,2.529127777777706,0.0,0.0,0.0,10.7116,0.7972192760176982,0.0,0.6052,12.1494,45.0674,synthetic_default
demand_sweep,attack_1.00,default,adversarial_explanation_flood,static_coarse_full,17,5000,0.0,0.017845109233719403,0.9200790400000011,0.5795643770443065,0.8857366460486849,0.4552375524498601,3594.74744084891,1.3886055555555508,0.0,0.0,0.0,6.435848000000113,0.8037894059330728,0.0,0.2788,12.1068,44.7458,synthetic_default
demand_sweep,attack_1.00,default,adversarial_explanation_flood,static_offload,17,5000,0.0,0.017081858975497233,0.8861324399999994,0.5340913204442646,0.7514423655913137,0.6923445495681413,3094.0485733845553,1.6150888888888892,0.4495763060468943,0.0,0.0,1.8535519999998535,0.7977285466869568,0.0,0.3782,12.155,45.0754,synthetic_default
demand_sweep,attack_1.00,default,adversarial_explanation_flood,budget_only_bexgov,17,5000,0.0,0.015360791312768216,0.793014880000001,0.5089556769884921,0.7730184755300729,0.42211145571801595,5402.581367867358,0.9185550000000386,0.0,0.13680894008762862,0.14222419140451928,5.349071999999909,0.8060254193209924,0.0,0.0,12.1878,44.9894,synthetic_default
demand_sweep,attack_1.00,default,adversarial_explanation_flood,xai_gate,17,5000,0.0,0.017761912116682287,0.915594840000003,0.68824718990021,0.8018157643681346,0.658146322971956,1554.5629768995532,0.9949111111113538,0.04275307380426542,0.1344397929920559,0.6322971948445792,6.867939999999135,0.8029325809475847,0.0,0.0,12.1348,44.8706,synthetic_default
demand_sweep,attack_1.00,default,adversarial_explanation_flood,never_explain,18,5000,0.0,0.01446153846153847,0.752,0.0,0.0,0.0,20247.582437799098,0.0,0.0,0.0,0.0,0.0,0.8034728638097242,0.0,0.0,12.1808,45.0272,synthetic_default
demand_sweep,attack_1.00,default,adversarial_explanation_flood,always_explain,18,5000,0.0,0.020397428547932688,1.0439220000000005,1.0,1.0,0.8499999999999799,0.0,2.8750777777777095,0.0,0.0,0.0,12.1768,0.7973720179843451,0.042,0.6524,12.1768,45.1652,synthetic_default
demand_sweep,attack_1.00,default,adversarial_explanation_flood,threshold_explain,18,5000,0.0,0.017189443479061695,0.8862028800000006,0.5792402174091519,0.8847353831445617,0.4545682195109908,3730.6094156311387,1.3932055555555516,0.0,0.0,0.0,6.464552000000099,0.8038295723313533,0.0,0.2806,12.1798,45.0146,synthetic_default
demand_sweep,attack_1.00,default,adversarial_explanation_flood,rate_limited,18,5000,0.0,0.017301469468079738,0.8922224399999994,0.6158766527059233,0.8765115281238164,0.6529687115052878,5075.21265466673,1.4141916666666592,0.0,0.0,0.0,6.727152000000104,0.7988831767417137,0.0,0.2926,12.177,45.128,synthetic_default
demand_sweep,attack_1.00,default,adversarial_explanation_flood,fifo_explanation,18,5000,0.0,0.01946386847219785,0.9996649999999914,0.8774765039132856,0.7625890070043624,0.8683785244129889,2348.2938869555405,2.5306861111110575,0.0,0.0,0.0,10.7182,0.810090735710572,0.0,0.604,12.2148,44.9878,synthetic_default
demand_sweep,attack_1.00,default,adversarial_explanation_flood,static_coarse_full,18,5000,0.0,0.019935587240377094,1.0276857200000014,0.5759958949096866,0.8838170764555038,0.45189819376025914,3779.0082383111226,1.3845305555555485,0.0,0.0,0.0,6.426512000000113,0.8011383549307234,0.0,0.2786,12.18,45.0826,synthetic_default
demand_sweep,attack_1.00,default,adversarial_explanation_flood,static_offload,18,5000,0.0,0.015310941637327193,0.7942803599999996,0.5324049939402034,0.7515566032789652,0.6907600484784732,3005.333549415673,1.5974611111111074,0.4488403366925108,0.0,0.0,1.827927999999843,0.7889829916970721,0.0,0.3696,12.0466,44.8918,synthetic_default
demand_sweep,attack_1.00,default,adversarial_explanation_flood,budget_only_bexgov,18,5000,0.0,0.016201234559708233,0.8364189600000009,0.51036768207573,0.7734165882866231,0.42402085557106683,5385.9575267584905,0.9189088888889243,0.0,0.14132523195664667,0.14285245094014287,5.360299999999899,0.8026858968950683,0.0,0.0,12.179,45.0402,synthetic_default
demand_sweep,attack_1.00,default,adversarial_explanation_flood,xai_gate,18,5000,0.0,0.01684248984686761,0.8680925800000018,0.6869006339014702,0.7991794663374971,0.6604559150407575,1558.1693653368818,0.9953005555557954,0.04870338355149419,0.13262533959002223,0.6338519799127357,6.802847999999199,0.8024073645412333,0.0,0.0,12.147,44.9288,synthetic_default
demand_sweep,attack_1.00,default,adversarial_explanation_flood,never_explain,19,5000,0.0,0.01426153846153847,0.7416,0.0,0.0,0.0,20110.659552999095,0.0,0.0,0.0,0.0,0.0,0.7971800514199721,0.0,0.0,12.128,44.989,synthetic_default
demand_sweep,attack_1.00,default,adversarial_explanation_flood,always_explain,19,5000,0.0,0.018879669049250213,0.9661680000000012,1.0,1.0,0.8499999999999842,0.0,2.8560472222221693,0.0,0.0,0.0,12.0962,0.79435830796708,0.0422,0.651,12.0962,44.9416,synthetic_default
demand_sweep,attack_1.00,default,adversarial_explanation_flood,threshold_explain,19,5000,0.0,0.019570250561019686,1.009130840000001,0.5753881798227778,0.8837101371342541,0.4514120803186689,3849.9891859422482,1.3967416666666577,0.0,0.0,0.0,6.483360000000133,0.8167908039458069,0.0,0.2836,12.301,45.1382,synthetic_default
demand_sweep,attack_1.00,default,adversarial_explanation_flood,rate_limited,19,5000,0.0,0.015634385842867856,0.8063409999999993,0.6201092715231826,0.8780576075739063,0.6492607615893927,4810.166057146708,1.410730555555548,0.0,0.0,0.0,6.715448000000093,0.7962878700011007,0.0,0.2944,12.08,44.8332,synthetic_default
demand_sweep,attack_1.00,default,adversarial_explanation_flood,fifo_explanation,19,5000,0.0,0.019829033970867032,1.0183889999999893,0.8781565034643549,0.7637389781799927,0.8682765244803272,2313.35594639998,2.525680555555501,0.0,0.0,0.0,10.697,0.802963495806077,0.0,0.6028,12.1812,45.0414,synthetic_default
demand_sweep,attack_1.00,default,adversarial_explanation_flood,static_coarse_full,19,5000,0.0,0.017436524263643362,0.898958600000001,0.5801484887438609,0.8854361944937009,0.4555127064174786,3633.4991130711405,1.3919916666666612,0.0,0.0,0.0,6.4548000000001124,0.8016060000089029,0.0,0.2806,12.1356,44.9066,synthetic_default
demand_sweep,attack_1.00,default,adversarial_explanation_flood,static_offload,19,5000,0.0,0.01570440825067959,0.8146859199999994,0.5343676064668799,0.7523062086552492,0.6942473383281418,3055.4823551245536,1.623038888888892,0.4515641430073607,0.0,0.0,1.8486799999998453,0.7995946299556922,0.0,0.3816,12.1728,45.0946,synthetic_default
demand_sweep,attack_1.00,default,adversarial_explanation_flood,budget_only_bexgov,19,5000,0.0,0.016794926087561158,0.8671617600000014,0.5092839352428662,0.7731844585514017,0.4231115225798012,5367.506764060718,0.9195755555555956,0.0,0.13762535229730616,0.14509733237202596,5.36328799999989,0.8066391650643727,0.0,0.0,12.2056,45.0398,synthetic_default
demand_sweep,attack_1.00,default,adversarial_explanation_flood,xai_gate,19,5000,0.0,0.018489780060207954,0.9529963999999994,0.6872168893288061,0.800866831674744,0.6605800758700361,1497.0454776337726,0.992602777778,0.04797954807850899,0.13000164934850733,0.6380339765792512,6.803071999999203,0.7936861537369182,0.0004,0.0,12.126,45.0692,synthetic_default
demand_sweep,attack_1.00,default,adversarial_explanation_flood,never_explain,20,5000,0.0,0.015288461538461534,0.795,0.0,0.0,0.0,20135.59495039903,0.0,0.0,0.0,0.0,0.0,0.7984671028184027,0.0,0.0,12.1478,45.0302,synthetic_default
demand_sweep,attack_1.00,default,adversarial_explanation_flood,always_explain,20,5000,0.0,0.022388794709598606,1.1458690000000027,1.0,1.0,0.8499999999999869,0.0,2.8816888888888443,0.0,0.0,0.0,12.2048,0.8046615889858413,0.042,0.6522,12.2048,45.0862,synthetic_default
demand_sweep,attack_1.00,default,adversarial_explanation_flood,threshold_explain,20,5000,0.0,0.017154906710401086,0.8844224800000009,0.5784457912679692,0.8840078816036631,0.453671832540058,3666.527453964486,1.3852194444444286,0.0,0.0,0.0,6.432352000000107,0.7978429674372463,0.0002,0.2802,12.1438,45.031,synthetic_default
demand_sweep,attack_1.00,default,adversarial_explanation_flood,rate_limited,20,5000,0.0,0.016060447291809072,0.8283442000000001,0.6169243407541306,0.8768655484575074,0.6536137353158515,5032.011086315611,1.4178611111110928,0.0,0.0,0.0,6.740128000000055,0.8033352739964472,0.0,0.2942,12.173,45.0018,synthetic_default
demand_sweep,attack_1.00,default,adversarial_explanation_flood,fifo_explanation,20,5000,0.0,0.0173790441350264,0.892596999999993,0.8840502978160159,0.7748751849522242,0.8673924553275756,1918.9449997333306,2.523177777777704,0.0,0.0,0.0,10.6864,0.7950431386525265,0.0,0.6048,12.088,44.894,synthetic_default
demand_sweep,attack_1.00,default,adversarial_explanation_flood,static_coarse_full,20,5000,0.0,0.015422195622209221,0.7951033200000003,0.5788759976960419,0.8842399313098872,0.45412079321977966,3703.802198431144,1.3881027777777775,0.0,0.0,0.0,6.4437520000000825,0.8086274789938437,0.0,0.2768,12.153,44.7964,synthetic_default
demand_sweep,attack_1.00,default,adversarial_explanation_flood,static_offload,20,5000,0.0,0.014573926485907905,0.7559994000000004,0.5349232220273391,0.7522583330927849,0.6945439653176009,2997.0958219067766,1.6119500000000004,0.4515504517324685,0.0,0.0,1.839863999999846,0.7955928733675315,0.0,0.3804,12.0868,44.8758,synthetic_default
demand_sweep,attack_1.00,default,adversarial_explanation_flood,budget_only_bexgov,20,5000,0.0,0.01715785616180436,0.8858568599999996,0.5086993536957738,0.7732774316005679,0.42224828581739665,5426.4203851700295,0.917983888888923,0.0,0.141055083494636,0.1400872674781011,5.3475239999999165,0.802228469900282,0.0,0.0,12.1924,45.1012,synthetic_default
demand_sweep,attack_1.00,default,adversarial_explanation_flood,xai_gate,20,5000,0.0,0.016893350611579316,0.8705942400000014,0.6865224179870775,0.8002307393813365,0.660311123529033,1516.8258679306634,0.9947072222224621,0.04912563276576162,0.12849253829465518,0.6379758069817895,6.806371999999229,0.8103080207380291,0.0004,0.0,12.1688,44.813,synthetic_default
demand_sweep,attack_1.15,default,adversarial_explanation_flood,never_explain,1,5000,0.0,0.03588461538461548,1.866,0.0,0.0,0.0,25858.343695598018,0.0,0.0,0.0,0.0,0.0,1.0605827839062374,0.0,0.0,14.486,46.867,synthetic_default
demand_sweep,attack_1.15,default,adversarial_explanation_flood,always_explain,1,5000,0.0,0.05034113896853192,2.5704380000000033,1.0,1.0,0.8500000000000016,0.0,3.4484027777777846,0.0,0.0,0.0,14.605,1.0746504842508386,0.1562,0.7074,14.605,46.9316,synthetic_default
demand_sweep,attack_1.15,default,adversarial_explanation_flood,threshold_explain,1,5000,0.0,0.03775367810797471,1.9437717600000026,0.5930253673031419,0.8896840290789322,0.4666393826005589,5884.046769306635,1.713363888888885,0.0,0.0,0.0,7.923416000000014,1.067463026166097,0.0004,0.4158,14.5384,46.88,synthetic_default
demand_sweep,attack_1.15,default,adversarial_explanation_flood,rate_limited,1,5000,0.0,0.034672095578612366,1.7870842000000033,0.5601086417029725,0.8560077669927314,0.7556058015772329,10703.033580822736,1.6509444444444248,0.0,0.0,0.0,7.545663999999885,1.0685072536924443,0.0,0.389,14.5064,46.7532,synthetic_default
demand_sweep,attack_1.15,default,adversarial_explanation_flood,fifo_explanation,1,5000,0.0,0.045232197397488065,2.3226329999999527,0.7863824084456965,0.6061119670652768,0.8820426387331384,9207.504736422132,2.7155138888888697,0.0,0.0,0.0,11.501,1.0716226284671735,0.0,0.6316,14.6252,47.0652,synthetic_default
demand_sweep,attack_1.15,default,adversarial_explanation_flood,static_coarse_full,1,5000,0.0,0.04018011983047282,2.0688031200000014,0.5919396747274511,0.8898102391696932,0.4658828138962602,5866.74062843555,1.7121750000000004,0.0,0.0,0.0,7.915848000000024,1.0706195148751267,0.0008,0.419,14.5478,46.8388,synthetic_default
demand_sweep,attack_1.15,default,adversarial_explanation_flood,static_offload,1,5000,0.0,0.033705692040146354,1.7478112000000037,0.5464171034937053,0.7558435288458414,0.713520871641525,5072.498684882304,2.0004444444444505,0.4658588797101847,0.0,0.0,2.2394079999997722,1.0766083071171306,0.0,0.4998,14.5748,46.7904,synthetic_default
demand_sweep,attack_1.15,default,adversarial_explanation_flood,budget_only_bexgov,1,5000,0.0,0.040230756488982895,2.075552499999998,0.5043475995942601,0.7480206129886579,0.4294580922874471,8340.06665481649,0.9630761111112315,0.0,0.12199435198640089,0.2555589065884353,6.273299999999781,1.0725032353563755,0.0,0.0,14.5892,46.9294,synthetic_default
demand_sweep,attack_1.15,default,adversarial_explanation_flood,xai_gate,1,5000,0.0,0.04114237121750363,2.121993499999999,0.5302635190777335,0.6020486386010843,0.5642187757342837,5250.0730897896765,1.0000022222224303,0.05367828712599506,0.11758166346417788,0.44444139445511943,6.193067999999532,1.0701657183852955,0.0006,0.2444,14.572,46.927,synthetic_default
demand_sweep,attack_1.15,default,adversarial_explanation_flood,never_explain,2,5000,0.0,0.033003846153846265,1.7162,0.0,0.0,0.0,26254.00207139793,0.0,0.0,0.0,0.0,0.0,1.0765153097396727,0.0,0.0,14.6152,46.9222,synthetic_default
demand_sweep,attack_1.15,default,adversarial_explanation_flood,always_explain,2,5000,0.0,0.04824649555307659,2.4637890000000016,1.0,1.0,0.8500000000000016,0.0,3.4325361111111174,0.0,0.0,0.0,14.5378,1.0717704917565483,0.149,0.7102,14.5378,46.7806,synthetic_default
demand_sweep,attack_1.15,default,adversarial_explanation_flood,threshold_explain,2,5000,0.0,0.042468834619448226,2.1866439600000014,0.589908370140737,0.8883056568602357,0.46381786507914763,5946.373973071097,1.706097222222225,0.0,0.0,0.0,7.897640000000021,1.0717828922034633,0.0002,0.4136,14.5804,46.9174,synthetic_default
demand_sweep,attack_1.15,default,adversarial_explanation_flood,rate_limited,2,5000,0.0,0.03594672535621267,1.852856600000002,0.5588408226065698,0.8552091872378065,0.7572898492986961,10980.292840773878,1.6550277777777527,0.0,0.0,0.0,7.559775999999892,1.0761459830698032,0.0,0.3964,14.5586,46.7488,synthetic_default
demand_sweep,attack_1.15,default,adversarial_explanation_flood,fifo_explanation,2,5000,0.0,0.04400604617993816,2.2596559999999575,0.790110526170723,0.6122893002027289,0.8814834210743819,8799.10970922213,2.7073444444444235,0.0,0.0,0.0,11.4664,1.0657220860485035,0.0,0.6326,14.5124,46.8356,synthetic_default
demand_sweep,attack_1.15,default,adversarial_explanation_flood,static_coarse_full,2,5000,0.0,0.040344302051542026,2.0770637600000015,0.5897648294253351,0.8896559461268807,0.46430160418940497,5766.101106648872,1.6984194444444327,0.0,0.0,0.0,7.84950400000002,1.0631696578108292,0.0008,0.4124,14.4746,46.7714,synthetic_default
demand_sweep,attack_1.15,default,adversarial_explanation_flood,static_offload,2,5000,0.0,0.03650041746792389,1.8928060400000024,0.5470976830702762,0.7564844049217713,0.7152373006538317,5206.945656857834,2.012588888888894,0.4673797084005799,0.0,0.0,2.244079999999773,1.0683821615688385,0.0,0.4976,14.6228,47.1312,synthetic_default
demand_sweep,attack_1.15,default,adversarial_explanation_flood,budget_only_bexgov,2,5000,0.0,0.042146933447997775,2.174479819999999,0.505552754473737,0.7488588341722064,0.4305099805761043,8217.105868722687,0.9629533333334566,0.0,0.12038682481299334,0.2568500227300905,6.262127999999757,1.0601607465177305,0.0,0.0,14.5182,46.9808,synthetic_default
demand_sweep,attack_1.15,default,adversarial_explanation_flood,xai_gate,2,5000,0.0,0.0367951425205202,1.8982364599999995,0.531106083943061,0.6030388543390127,0.5642575224159717,5210.1138952825795,1.000030555555773,0.05328950987403047,0.11698938335441994,0.44528026844160845,6.1971599999995854,1.071981968890066,0.0008,0.2426,14.5432,46.7932,synthetic_default
demand_sweep,attack_1.15,default,adversarial_explanation_flood,never_explain,3,5000,0.0,0.03331153846153859,1.7322,0.0,0.0,0.0,26119.08324819805,0.0,0.0,0.0,0.0,0.0,1.0728799929529633,0.0,0.0,14.5898,46.9228,synthetic_default
demand_sweep,attack_1.15,default,adversarial_explanation_flood,always_explain,3,5000,0.0,0.046737863599368726,2.3868170000000006,1.0,1.0,0.8500000000000026,0.0,3.424130555555566,0.0,0.0,0.0,14.5022,1.0663967934386962,0.1486,0.7054,14.5022,46.7874,synthetic_default
demand_sweep,attack_1.15,default,adversarial_explanation_flood,threshold_explain,3,5000,0.0,0.04378695500561122,2.2543102800000017,0.594066205194982,0.8903312337465842,0.4676917277773972,5840.86278265777,1.7245972222222181,0.0,0.0,0.0,7.970408000000027,1.0706410600274552,0.0012,0.418,14.591,46.9774,synthetic_default
demand_sweep,attack_1.15,default,adversarial_explanation_flood,rate_limited,3,5000,0.0,0.04496306328217848,2.317738839999998,0.5567590311986875,0.8532642918516188,0.7583661740558241,11064.15543358498,1.655652777777757,0.0,0.0,0.0,7.561935999999898,1.0711643922968976,0.0,0.3984,14.616,47.046,synthetic_default
demand_sweep,attack_1.15,default,adversarial_explanation_flood,fifo_explanation,3,5000,0.0,0.04317225931586456,2.216795999999959,0.7863403295275859,0.6025893994939774,0.882048950570857,9070.241452711029,2.715702777777766,0.0,0.0,0.0,11.5018,1.0765543989960111,0.0,0.6316,14.627,46.9592,synthetic_default
demand_sweep,attack_1.15,default,adversarial_explanation_flood,static_coarse_full,3,5000,0.0,0.03859215361760793,1.986754840000005,0.591222055616139,0.8901661180851024,0.46553230643402527,6006.148402235533,1.7265611111111183,0.0,0.0,0.0,7.977784000000036,1.091056145826654,0.001,0.4216,14.672,46.777,synthetic_default
demand_sweep,attack_1.15,default,adversarial_explanation_flood,static_offload,3,5000,0.0,0.03689653465526522,1.9132639200000068,0.5440238246418043,0.755083516616341,0.7094143223919112,5129.103518322266,1.9763944444444501,0.4627032548380863,0.0,0.0,2.2229679999997884,1.0671954071201566,0.0,0.4906,14.4892,46.7274,synthetic_default
demand_sweep,attack_1.15,default,adversarial_explanation_flood,budget_only_bexgov,3,5000,0.0,0.03931694134244512,2.028254279999997,0.502812237882477,0.7484313704011135,0.42776486765211624,8331.012500209821,0.9613311111112297,0.0,0.1215125472671021,0.2514403575111722,6.237779999999766,1.0675812639751867,0.0,0.0,14.545,46.8986,synthetic_default
demand_sweep,attack_1.15,default,adversarial_explanation_flood,xai_gate,3,5000,0.0,0.03693835188122466,1.90506042,0.5343684732593545,0.6079656761094372,0.5653559915135143,5112.790769815011,1.0000466666668821,0.05257212134571405,0.11725401592593614,0.44994902598297193,6.231259999999572,1.0678181450429722,0.0002,0.2374,14.5172,46.8036,synthetic_default
demand_sweep,attack_1.15,default,adversarial_explanation_flood,never_explain,4,5000,0.0,0.03163846153846157,1.6452,0.0,0.0,0.0,26330.041122797957,0.0,0.0,0.0,0.0,0.0,1.0728772627214629,0.0,0.0,14.5488,46.791,synthetic_default
demand_sweep,attack_1.15,default,adversarial_explanation_flood,always_explain,4,5000,0.0,0.04859757905781478,2.4819470000000035,1.0,1.0,0.8499999999999992,0.0,3.4530777777777746,0.0,0.0,0.0,14.6248,1.0821480943635335,0.1526,0.7074,14.6248,46.826,synthetic_default
demand_sweep,attack_1.15,default,adversarial_explanation_flood,threshold_explain,4,5000,0.0,0.03895523099020237,2.0054715599999997,0.5952935027782358,0.8912397443564987,0.46895458546514746,5836.982845608892,1.7248638888888972,0.0,0.0,0.0,7.965368000000015,1.0730919744242202,0.0004,0.4198,14.5416,46.763,synthetic_default
demand_sweep,attack_1.15,default,adversarial_explanation_flood,rate_limited,4,5000,0.0,0.04022671823703372,2.0734519599999994,0.5582959364321316,0.855067969304792,0.7575610358598515,10879.519588118239,1.6551527777777764,0.0,0.0,0.0,7.560207999999916,1.073891289127213,0.0,0.3974,14.5734,46.8472,synthetic_default
demand_sweep,attack_1.15,default,adversarial_explanation_flood,fifo_explanation,4,5000,0.0,0.044676663078910515,2.294154999999956,0.7864002967807532,0.6044807680569004,0.8820399554828828,9034.672220177656,2.702763888888876,0.0,0.0,0.0,11.447,1.0701797800428703,0.0,0.63,14.5562,46.8758,synthetic_default
demand_sweep,attack_1.15,default,adversarial_explanation_flood,static_coarse_full,4,5000,0.0,0.04135094511248548,2.1291046399999987,0.5922650978874017,0.8902311454650879,0.4663048888397294,5757.427309151115,1.7048583333333283,0.0,0.0,0.0,7.87852800000001,1.0589198129186337,0.0006,0.4182,14.4656,46.8388,synthetic_default
demand_sweep,attack_1.15,default,adversarial_explanation_flood,static_offload,4,5000,0.0,0.034103831583921655,1.7684108400000016,0.5460050134239222,0.7561000984060517,0.7132248917868076,5210.114822944512,2.0033944444444516,0.4657826968385294,0.0,0.0,2.2401039999997723,1.0727907178135223,0.0,0.4996,14.6008,46.9602,synthetic_default
demand_sweep,attack_1.15,default,adversarial_explanation_flood,budget_only_bexgov,4,5000,0.0,0.04370870715408886,2.25500362,0.5035123802738207,0.747693312771869,0.4283396593540607,8454.616070030255,0.9621077777778994,0.0,0.12219953685306732,0.2530728017648913,6.2626679999997314,1.0717808958062753,0.0,0.0,14.5958,46.967,synthetic_default
demand_sweep,attack_1.15,default,adversarial_explanation_flood,xai_gate,4,5000,0.0,0.041207071396971856,2.1271248199999993,0.5314671405155,0.6035980120831022,0.5652212901359576,5218.16941502301,1.000033888889103,0.054465060539691725,0.11752551758337121,0.44541785473228923,6.178839999999558,1.0621570031018908,0.0002,0.242,14.5194,46.9392,synthetic_default
demand_sweep,attack_1.15,default,adversarial_explanation_flood,never_explain,5,5000,0.0,0.035753846153846296,1.8592,0.0,0.0,0.0,25985.428007197963,0.0,0.0,0.0,0.0,0.0,1.0655934026329321,0.0,0.0,14.5576,46.9844,synthetic_default
demand_sweep,attack_1.15,default,adversarial_explanation_flood,always_explain,5,5000,0.0,0.05214276233636749,2.6630190000000007,1.0,1.0,0.849999999999999,0.0,3.4408944444444405,0.0,0.0,0.0,14.5732,1.0711571204020371,0.1542,0.7108,14.5732,46.9084,synthetic_default
demand_sweep,attack_1.15,default,adversarial_explanation_flood,threshold_explain,5,5000,0.0,0.03924817338742036,2.0209552,0.5914218355782871,0.8898466674196632,0.4655742903230218,5835.890627777765,1.7066833333333244,0.0,0.0,0.0,7.8883680000000185,1.06394463746589,0.0002,0.4148,14.5066,46.8572,synthetic_default
demand_sweep,attack_1.15,default,adversarial_explanation_flood,rate_limited,5,5000,0.0,0.037338457695297755,1.924543840000001,0.5601180879941603,0.8559026954368647,0.756099375800914,10857.118373060513,1.6527361111111085,0.0,0.0,0.0,7.551855999999914,1.0644043641701093,0.0,0.3952,14.5146,46.8726,synthetic_default
demand_sweep,attack_1.15,default,adversarial_explanation_flood,fifo_explanation,5,5000,0.0,0.0417191048076697,2.142185999999961,0.7888297067041028,0.6077189882069375,0.8816755439943793,8677.959754533209,2.7064944444444317,0.0,0.0,0.0,11.4628,1.06876227897838,0.0,0.6302,14.5314,46.828,synthetic_default
demand_sweep,attack_1.15,default,adversarial_explanation_flood,static_coarse_full,5,5000,0.0,0.0466116286769688,2.400266159999992,0.5937236598256574,0.8900897787947804,0.46736975770471234,5861.890153751117,1.7205527777777705,0.0,0.0,0.0,7.952824000000008,1.0608071789474924,0.0006,0.4202,14.569,47.1304,synthetic_default
demand_sweep,attack_1.15,default,adversarial_explanation_flood,static_offload,5,5000,0.0,0.03681742610144788,1.9091314400000077,0.5474233811171565,0.7563210123980079,0.7154142637447739,5180.885896862268,2.004994444444452,0.46737518536826494,0.0,0.0,2.2382799999997838,1.0709423145825858,0.0,0.5026,14.5656,46.8888,synthetic_default
demand_sweep,attack_1.15,default,adversarial_explanation_flood,budget_only_bexgov,5,5000,0.0,0.042662505467710714,2.200736159999997,0.5054937679770318,0.7482083849545746,0.43109505547185467,8334.522686369819,0.9648177777779019,0.0,0.12013422818791947,0.261210793042049,6.297799999999763,1.0742950493642986,0.0,0.0,14.602,46.93,synthetic_default
demand_sweep,attack_1.15,default,adversarial_explanation_flood,xai_gate,5,5000,0.0,0.03466863233310967,1.7877474799999986,0.533342750048284,0.6054760603149735,0.5661209106192987,5142.8676339434305,1.0000777777779934,0.0537579582724692,0.11885731609844831,0.4475925364495769,6.2048519999995575,1.0711691462413966,0.0,0.2396,14.5132,46.715,synthetic_default
demand_sweep,attack_1.15,default,adversarial_explanation_flood,never_explain,6,5000,0.0,0.030896153846153906,1.6066,0.0,0.0,0.0,25993.57907839791,0.0,0.0,0.0,0.0,0.0,1.0750746509275504,0.0,0.0,14.5448,46.7286,synthetic_default
demand_sweep,attack_1.15,default,adversarial_explanation_flood,always_explain,6,5000,0.0,0.05088735670660734,2.5986660000000033,1.0,1.0,0.850000000000007,0.0,3.435086111111139,0.0,0.0,0.0,14.5486,1.0680224533513027,0.1482,0.7076,14.5486,46.9002,synthetic_default
demand_sweep,attack_1.15,default,adversarial_explanation_flood,threshold_explain,6,5000,0.0,0.04208443172289355,2.1669150400000023,0.5911449921988332,0.889229452909082,0.46510209947170794,5971.244976484411,1.7162194444444363,0.0,0.0,0.0,7.937848000000023,1.0755322624170915,0.0006,0.4194,14.6132,46.938,synthetic_default
demand_sweep,attack_1.15,default,adversarial_explanation_flood,rate_limited,6,5000,0.0,0.0408047201112685,2.1031854000000014,0.5571964819026224,0.8525556686896786,0.7578431103926283,11059.244925882733,1.6544444444444368,0.0,0.0,0.0,7.557759999999896,1.0732308277841467,0.0,0.397,14.5988,46.9438,synthetic_default
demand_sweep,attack_1.15,default,adversarial_explanation_flood,fifo_explanation,6,5000,0.0,0.04530987064818698,2.3265569999999562,0.7904895837641835,0.6121733026000368,0.881426562435365,8796.212933844336,2.7074861111110855,0.0,0.0,0.0,11.467,1.0664897367847526,0.0,0.6316,14.5062,46.7982,synthetic_default
demand_sweep,attack_1.15,default,adversarial_explanation_flood,static_coarse_full,6,5000,0.0,0.039701474520440545,2.044280960000002,0.5938659414760035,0.8904671208656628,0.46760229212048965,5683.7956521733195,1.7037555555555615,0.0,0.0,0.0,7.872656000000033,1.0530196534195904,0.0002,0.4098,14.4146,46.8078,synthetic_default
demand_sweep,attack_1.15,default,adversarial_explanation_flood,static_offload,6,5000,0.0,0.035875171664426934,1.8603460000000003,0.5476325874644609,0.7565569285258824,0.7160940096977269,5106.8980050333785,2.0065111111111187,0.46801554923696104,0.0,0.0,2.2356159999997676,1.074891732325539,0.0,0.5,14.5602,46.7822,synthetic_default
demand_sweep,attack_1.15,default,adversarial_explanation_flood,budget_only_bexgov,6,5000,0.0,0.039092268370005664,2.016895339999994,0.502905038601128,0.7476672440085573,0.4284747797146556,8478.93488353069,0.9640605555556854,0.0,0.12041356357585181,0.2573723981777014,6.288163999999766,1.0865244230424373,0.0,0.0,14.6628,46.8492,synthetic_default
demand_sweep,attack_1.15,default,adversarial_explanation_flood,xai_gate,6,5000,0.0,0.038206862900790145,1.9709060400000016,0.5338335057590676,0.6070565301408539,0.5652843644389256,5110.381517081675,1.000023888889104,0.053010552451893234,0.11781502172563625,0.4486930133112628,6.214899999999567,1.0675935828876977,0.0,0.2382,14.499,46.75,synthetic_default
demand_sweep,attack_1.15,default,adversarial_explanation_flood,never_explain,7,5000,0.0,0.030073076923076918,1.5638,0.0,0.0,0.0,26152.409574597983,0.0,0.0,0.0,0.0,0.0,1.0689253150321116,0.0,0.0,14.5516,46.8894,synthetic_default
demand_sweep,attack_1.15,default,adversarial_explanation_flood,always_explain,7,5000,0.0,0.05100640510595302,2.605026999999996,1.0,1.0,0.8500000000000029,0.0,3.434141666666678,0.0,0.0,0.0,14.5446,1.0675773070575296,0.1522,0.7102,14.5446,46.8974,synthetic_default
demand_sweep,attack_1.15,default,adversarial_explanation_flood,threshold_explain,7,5000,0.0,0.040800174374238364,2.100887399999999,0.5906759699264594,0.8888584266097629,0.46459511647333956,5880.926387986661,1.712608333333325,0.0,0.0,0.0,7.924080000000063,1.074165601477063,0.0008,0.417,14.6042,46.94,synthetic_default
demand_sweep,attack_1.15,default,adversarial_explanation_flood,rate_limited,7,5000,0.0,0.03828987385063211,1.9737551200000039,0.5597543064992117,0.8543953534622362,0.7590117356392834,10924.507797091603,1.662694444444431,0.0,0.0,0.0,7.586271999999925,1.0723376839482364,0.0,0.3982,14.571,46.8746,synthetic_default
demand_sweep,attack_1.15,default,adversarial_explanation_flood,fifo_explanation,7,5000,0.0,0.04311819605875466,2.213991999999955,0.7914058838126223,0.6131300699527761,0.8812891174280948,8679.916683244332,2.71088611111108,0.0,0.0,0.0,11.4814,1.0637697982548224,0.0,0.6316,14.5076,46.8644,synthetic_default
demand_sweep,attack_1.15,default,adversarial_explanation_flood,static_coarse_full,7,5000,0.0,0.041367614857219175,2.130143560000002,0.5899784512339062,0.8885323877089467,0.46395111037909215,5828.480576666654,1.7059444444444418,0.0,0.0,0.0,7.895272000000017,1.0722196624515776,0.0008,0.4118,14.5716,46.8792,synthetic_default
demand_sweep,attack_1.15,default,adversarial_explanation_flood,static_offload,7,5000,0.0,0.03207473943922514,1.6632620800000009,0.5469397590361451,0.7553517032110398,0.7129145611016086,5090.742600862267,1.990788888888896,0.46483993115318417,0.0,0.0,2.2423999999997677,1.0712569428104932,0.0,0.4978,14.525,46.751,synthetic_default
demand_sweep,attack_1.15,default,adversarial_explanation_flood,budget_only_bexgov,7,5000,0.0,0.038678222809875595,1.995471100000002,0.5039335546342755,0.7483380272171444,0.4285209570116119,8423.134936732487,0.9615305555556761,0.0,0.12060439938843817,0.25236566989435405,6.239967999999751,1.0603217576629596,0.0,0.0,14.5202,46.9836,synthetic_default
demand_sweep,attack_1.15,default,adversarial_explanation_flood,xai_gate,7,5000,0.0,0.03925106206565837,2.0252654400000005,0.5304020986243775,0.6038525299724392,0.5638047893801895,5267.7022642754455,1.000012222222434,0.05464134730580151,0.11663614205648659,0.44394717635880415,6.166627999999547,1.073365367868964,0.0002,0.2474,14.5238,46.6996,synthetic_default
demand_sweep,attack_1.15,default,adversarial_explanation_flood,never_explain,8,5000,0.0,0.03361538461538474,1.748,0.0,0.0,0.0,26368.003121397953,0.0,0.0,0.0,0.0,0.0,1.0739099874331712,0.0,0.0,14.6052,46.949,synthetic_default
demand_sweep,attack_1.15,default,adversarial_explanation_flood,always_explain,8,5000,0.0,0.04883117560506632,2.4940580000000017,1.0,1.0,0.8500000000000012,0.0,3.4224305555555605,0.0,0.0,0.0,14.495,1.064047412571676,0.1412,0.7072,14.495,46.8174,synthetic_default
demand_sweep,attack_1.15,default,adversarial_explanation_flood,threshold_explain,8,5000,0.0,0.03521771876288324,1.8130653600000037,0.5930351875986006,0.8902586469867138,0.4669737293367148,5876.666761977774,1.7209972222222143,0.0,0.0,0.0,7.951784000000041,1.0763014802851782,0.0008,0.4222,14.579,46.8108,synthetic_default
demand_sweep,attack_1.15,default,adversarial_explanation_flood,rate_limited,8,5000,0.0,0.04207991579002716,2.168892,0.5578423881900307,0.8541178691573752,0.7620269053401354,11108.063766142786,1.6706944444444272,0.0,0.0,0.0,7.6139199999998946,1.0779183960445389,0.0,0.4006,14.6588,47.0304,synthetic_default
demand_sweep,attack_1.15,default,adversarial_explanation_flood,fifo_explanation,8,5000,0.0,0.044447247888503794,2.2823759999999536,0.788553653030887,0.6078328446914029,0.8817169520453555,9012.82305179994,2.7053611111110762,0.0,0.0,0.0,11.458,1.0623484861387835,0.0,0.6312,14.5304,46.9704,synthetic_default
demand_sweep,attack_1.15,default,adversarial_explanation_flood,static_coarse_full,8,5000,0.0,0.04194171116831753,2.159438999999997,0.5925422048415102,0.8895529200304448,0.4662072099363828,5862.559891968879,1.7098722222222282,0.0,0.0,0.0,7.908368000000027,1.0646177420890957,0.0,0.4128,14.5244,46.8994,synthetic_default
demand_sweep,attack_1.15,default,adversarial_explanation_flood,static_offload,8,5000,0.0,0.03776719762939719,1.9583731600000058,0.5481458666995188,0.7572192181957456,0.7179458749127926,5192.677957713374,2.0197000000000025,0.4697959016056835,0.0,0.0,2.237615999999768,1.0721081025885444,0.0,0.5046,14.6106,47.0072,synthetic_default
demand_sweep,attack_1.15,default,adversarial_explanation_flood,budget_only_bexgov,8,5000,0.0,0.03913077639357339,2.018800899999998,0.5060351864108046,0.7488055182399778,0.43080603353187813,8173.781326927588,0.962808333333457,0.0,0.12111184645929848,0.2562182881094198,6.261099999999755,1.0653538934688842,0.0,0.0,14.5056,46.822,synthetic_default
demand_sweep,attack_1.15,default,adversarial_explanation_flood,xai_gate,8,5000,0.0,0.041415173700178366,2.1368642400000004,0.5293168885659546,0.6013413766310999,0.5631883561174259,5300.782013355468,1.0000272222224365,0.053516337359970384,0.11728894434465453,0.44317231355664943,6.18973199999957,1.068040520902008,0.0002,0.2446,14.5862,47.021,synthetic_default
demand_sweep,attack_1.15,default,adversarial_explanation_flood,never_explain,9,5000,0.0,0.031334615384615384,1.6294,0.0,0.0,0.0,26112.377119998004,0.0,0.0,0.0,0.0,0.0,1.0694581399948522,0.0,0.0,14.5438,46.8522,synthetic_default
demand_sweep,attack_1.15,default,adversarial_explanation_flood,always_explain,9,5000,0.0,0.04764330185905689,2.432903000000004,1.0,1.0,0.8500000000000073,0.0,3.424555555555585,0.0,0.0,0.0,14.504,1.0707516325872106,0.151,0.7084,14.504,46.6948,synthetic_default
demand_sweep,attack_1.15,default,adversarial_explanation_flood,threshold_explain,9,5000,0.0,0.04648297877537133,2.392981760000002,0.5927053319063702,0.8907695800820323,0.4668594440328173,5905.562145115534,1.7209888888888862,0.0,0.0,0.0,7.94866400000002,1.0659129466088975,0.0004,0.42,14.5764,47.0378,synthetic_default
demand_sweep,attack_1.15,default,adversarial_explanation_flood,rate_limited,9,5000,0.0,0.03915384064673869,2.0180413199999996,0.5591914139262599,0.8544646349476845,0.7573911968008323,10735.938433322739,1.6559444444444256,0.0,0.0,0.0,7.562943999999899,1.0721902101406875,0.0,0.394,14.5538,46.8226,synthetic_default
demand_sweep,attack_1.15,default,adversarial_explanation_flood,fifo_explanation,9,5000,0.0,0.04345762943784908,2.2315189999999627,0.7890893056455058,0.6090604688053888,0.8816366041531667,8790.767544155458,2.704180555555529,0.0,0.0,0.0,11.453,1.067143496007906,0.0,0.6304,14.5142,46.8092,synthetic_default
demand_sweep,attack_1.15,default,adversarial_explanation_flood,static_coarse_full,9,5000,0.0,0.04292157992317019,2.2100200800000005,0.593048662099892,0.8899187059522772,0.4667999781232507,5952.698795800007,1.725152777777784,0.0,0.0,0.0,7.974904000000009,1.0772570221069149,0.0004,0.417,14.6274,46.9446,synthetic_default
demand_sweep,attack_1.15,default,adversarial_explanation_flood,static_offload,9,5000,0.0,0.03508939242362419,1.8196187200000022,0.5482030473666794,0.7560099229794289,0.7155299768135766,5032.086523088977,1.9942888888888932,0.4670144639505355,0.0,0.0,2.2359679999997697,1.0605662461980745,0.0,0.5016,14.4912,46.8842,synthetic_default
demand_sweep,attack_1.15,default,adversarial_explanation_flood,budget_only_bexgov,9,5000,0.0,0.036507784613449556,1.8835362399999998,0.5048786809308906,0.748706180977849,0.4299602955773698,8312.19569980315,0.9623044444445614,0.0,0.12200838204477776,0.25443917503032976,6.249783999999763,1.0624014625831473,0.0,0.0,14.5072,46.8942,synthetic_default
demand_sweep,attack_1.15,default,adversarial_explanation_flood,xai_gate,9,5000,0.0,0.04638698288062552,2.393390660000001,0.5250839148425287,0.5936428578304036,0.5632058337543862,5394.3871274487865,1.0000166666668857,0.0557156317852217,0.11790410902784416,0.4378456622376381,6.13801999999955,1.0748315221163978,0.0004,0.2506,14.6458,47.0586,synthetic_default
demand_sweep,attack_1.15,default,adversarial_explanation_flood,never_explain,10,5000,0.0,0.03238461538461543,1.684,0.0,0.0,0.0,25891.572021798198,0.0,0.0,0.0,0.0,0.0,1.0658626862955058,0.0,0.0,14.5282,46.8834,synthetic_default
demand_sweep,attack_1.15,default,adversarial_explanation_flood,always_explain,10,5000,0.0,0.046616158237735024,2.380891000000004,1.0,1.0,0.8499999999999951,0.0,3.4017944444444246,0.0,0.0,0.0,14.4076,1.0565480778563834,0.143,0.705,14.4076,46.7048,synthetic_default
demand_sweep,attack_1.15,default,adversarial_explanation_flood,threshold_explain,10,5000,0.0,0.042220035557994126,2.1739104000000005,0.5926877362107698,0.8905933871480978,0.4668004053239849,5912.182785382224,1.7239944444444406,0.0,0.0,0.0,7.96350400000003,1.0740197978748056,0.001,0.4178,14.6056,46.9478,synthetic_default
demand_sweep,attack_1.15,default,adversarial_explanation_flood,rate_limited,10,5000,0.0,0.034906352716121934,1.799272200000003,0.5618071221956195,0.856607345055638,0.7541555367943155,10538.477784318326,1.6484027777777586,0.0,0.0,0.0,7.536879999999931,1.0701945902116088,0.0,0.3952,14.4506,46.5354,synthetic_default
demand_sweep,attack_1.15,default,adversarial_explanation_flood,fifo_explanation,10,5000,0.0,0.04798010036889633,2.4636019999999497,0.7826808273386187,0.5976249470959774,0.8825978758992016,9166.294709288799,2.7179222222222075,0.0,0.0,0.0,11.5112,1.0833545813572645,0.0,0.6316,14.7074,47.0632,synthetic_default
demand_sweep,attack_1.15,default,adversarial_explanation_flood,static_coarse_full,10,5000,0.0,0.03995368037541242,2.057057639999998,0.5901081555903275,0.8882108352949671,0.46387767987043343,5977.038665128893,1.7048055555555583,0.0,0.0,0.0,7.89372800000001,1.0745739546405861,0.0008,0.416,14.5716,46.826,synthetic_default
demand_sweep,attack_1.15,default,adversarial_explanation_flood,static_offload,10,5000,0.0,0.03385720158508735,1.7556757199999977,0.5454167184200678,0.7557667743702201,0.7120704122331828,5120.919455117829,1.984883333333341,0.46484218661587934,0.0,0.0,2.223527999999773,1.0674336192285998,0.0,0.4976,14.4918,46.7304,synthetic_default
demand_sweep,attack_1.15,default,adversarial_explanation_flood,budget_only_bexgov,10,5000,0.0,0.04244521743645114,2.190160599999993,0.5038683871675164,0.7480009593550333,0.4290074244541251,8349.026256456447,0.9634238888890161,0.0,0.11964055779293718,0.256828580038903,6.274043999999746,1.0681976576178451,0.0002,0.0,14.6004,47.0632,synthetic_default
demand_sweep,attack_1.15,default,adversarial_explanation_flood,xai_gate,10,5000,0.0,0.04127190747072324,2.129480619999999,0.5334906389794559,0.604574755157062,0.5661784116639977,5192.626536573669,1.0000211111113275,0.05362566963052963,0.11826917766609599,0.44752029601811455,6.199107999999567,1.0652409466780761,0.0002,0.2408,14.4856,46.76,synthetic_default
demand_sweep,attack_1.15,default,adversarial_explanation_flood,never_explain,11,5000,0.0,0.033880769230769284,1.7618,0.0,0.0,0.0,26135.695753598033,0.0,0.0,0.0,0.0,0.0,1.0673062566920168,0.0,0.0,14.5386,46.8842,synthetic_default
demand_sweep,attack_1.15,default,adversarial_explanation_flood,always_explain,11,5000,0.0,0.05049850048968202,2.5790210000000027,1.0,1.0,0.8500000000000048,0.0,3.4420277777777972,0.0,0.0,0.0,14.578,1.068664095381619,0.1532,0.7082,14.578,46.9804,synthetic_default
demand_sweep,attack_1.15,default,adversarial_explanation_flood,threshold_explain,11,5000,0.0,0.042397617987977546,2.1831265199999956,0.5918074196434707,0.8895974915788013,0.46573129602862984,5859.330333835524,1.7091722222222205,0.0,0.0,0.0,7.902968000000034,1.0678023995559545,0.0006,0.4122,14.529,46.842,synthetic_default
demand_sweep,attack_1.15,default,adversarial_explanation_flood,rate_limited,11,5000,0.0,0.03776772360819915,1.9466375599999988,0.5618870758799387,0.8558588758368416,0.7579166781510961,10652.117926698305,1.662022222222212,0.0,0.0,0.0,7.583911999999868,1.0640298104137345,0.0,0.397,14.5124,46.874,synthetic_default
demand_sweep,attack_1.15,default,adversarial_explanation_flood,fifo_explanation,11,5000,0.0,0.04338608934553099,2.2278159999999616,0.7856351475194573,0.6019094371265591,0.8821547278720755,9210.014004822124,2.712302777777768,0.0,0.0,0.0,11.4874,1.081720981221257,0.0,0.6314,14.6218,46.826,synthetic_default
demand_sweep,attack_1.15,default,adversarial_explanation_flood,static_coarse_full,11,5000,0.0,0.04339263239751331,2.234606480000001,0.5904427111941112,0.8893096334143873,0.4645920300999663,5899.9042679866425,1.708869444444441,0.0,0.0,0.0,7.902952000000054,1.0644795498196307,0.0006,0.414,14.5648,47.033,synthetic_default
demand_sweep,attack_1.15,default,adversarial_explanation_flood,static_offload,11,5000,0.0,0.035941546216628324,1.863775040000002,0.546265221977179,0.7563497170173242,0.7143153021109303,5136.764329417846,2.007088888888897,0.4668575264030245,0.0,0.0,2.236159999999765,1.0720034172460298,0.0,0.5046,14.6006,46.9774,synthetic_default
demand_sweep,attack_1.15,default,adversarial_explanation_flood,budget_only_bexgov,11,5000,0.0,0.0426966928852729,2.20316026,0.503618912193428,0.7477110001064103,0.4288263283108672,8393.946473874694,0.9631922222223412,0.0,0.12174245946019853,0.2556810413191501,6.279359999999806,1.0792431052471465,0.0,0.0,14.6276,46.9004,synthetic_default
demand_sweep,attack_1.15,default,adversarial_explanation_flood,xai_gate,11,5000,0.0,0.038448493990395086,1.9834947400000016,0.5268063768195967,0.5971086715291891,0.5635244001152432,5321.664211839886,1.0000344444446585,0.05619503628805444,0.11550439709695565,0.4401487192854889,6.127811999999572,1.0731367395929414,0.0006,0.25,14.5778,46.8784,synthetic_default
demand_sweep,attack_1.15,default,adversarial_explanation_flood,never_explain,12,5000,0.0,0.03349230769230771,1.7416,0.0,0.0,0.0,25963.20072339804,0.0,0.0,0.0,0.0,0.0,1.0573880716761592,0.0,0.0,14.4886,46.9482,synthetic_default
demand_sweep,attack_1.15,default,adversarial_explanation_flood,always_explain,12,5000,0.0,0.04938633578288392,2.522185000000003,1.0,1.0,0.8500000000000029,0.0,3.422194444444456,0.0,0.0,0.0,14.494,1.0654049655789573,0.1444,0.7094,14.494,46.7834,synthetic_default
demand_sweep,attack_1.15,default,adversarial_explanation_flood,threshold_explain,12,5000,0.0,0.0409364361258044,2.1078365599999995,0.5924891965539077,0.8896055394382522,0.4661955354931041,5896.25295643553,1.7109194444444424,0.0,0.0,0.0,7.912576000000037,1.068780944734376,0.0002,0.413,14.5324,46.8308,synthetic_default
demand_sweep,attack_1.15,default,adversarial_explanation_flood,rate_limited,12,5000,0.0,0.038485121713220084,1.9836008800000036,0.5612451126163341,0.8563146550784149,0.7580703783247946,10843.54058861161,1.6616111111110947,0.0,0.0,0.0,7.582527999999868,1.0647339987805355,0.0,0.4014,14.5272,46.9058,synthetic_default
demand_sweep,attack_1.15,default,adversarial_explanation_flood,fifo_explanation,12,5000,0.0,0.04370854837186122,2.2444199999999617,0.7880184331797235,0.606975433498837,0.8817972350230338,8831.763462288789,2.705124999999978,0.0,0.0,0.0,11.457,1.0715606735457488,0.0,0.63,14.539,46.7892,synthetic_default
demand_sweep,attack_1.15,default,adversarial_explanation_flood,static_coarse_full,12,5000,0.0,0.04362616144318127,2.246575440000006,0.5931526331777627,0.889835519503542,0.46679462041920927,5765.714580368872,1.7078388888888845,0.0,0.0,0.0,7.896704000000037,1.0566514878505608,0.0008,0.4144,14.4844,46.9514,synthetic_default
demand_sweep,attack_1.15,default,adversarial_explanation_flood,static_offload,12,5000,0.0,0.034306553143119346,1.7789279200000023,0.5460993788819902,0.7563378025186039,0.7139944789510599,5074.187082693378,1.9909000000000068,0.4665976535541753,0.0,0.0,2.2192319999997707,1.0622958519245946,0.0,0.5002,14.49,46.841,synthetic_default
demand_sweep,attack_1.15,default,adversarial_explanation_flood,budget_only_bexgov,12,5000,0.0,0.034767366746722844,1.7937200200000032,0.5032865731463344,0.7495755995647602,0.428194319673832,8285.507530936919,0.9601622222223412,0.0,0.12350217676732776,0.24885633335636792,6.214487999999778,1.0641482090080152,0.0,0.0,14.471,46.7376,synthetic_default
demand_sweep,attack_1.15,default,adversarial_explanation_flood,xai_gate,12,5000,0.0,0.037204544192606256,1.9185732799999997,0.5297717662291673,0.600118026201145,0.5637492596520707,5273.236638842984,1.0000033333335512,0.05457225107092189,0.11687166843431909,0.4421702180410738,6.15893199999954,1.0682012736639859,0.0004,0.2466,14.5202,46.8046,synthetic_default
demand_sweep,attack_1.15,default,adversarial_explanation_flood,never_explain,13,5000,0.0,0.039188461538461714,2.0378,0.0,0.0,0.0,26035.918399197977,0.0,0.0,0.0,0.0,0.0,1.0710316008068328,0.0,0.0,14.6004,46.9988,synthetic_default
demand_sweep,attack_1.15,default,adversarial_explanation_flood,always_explain,13,5000,0.0,0.04637109739243717,2.3681789999999987,1.0,1.0,0.85,0.0,3.4355583333333333,0.0,0.0,0.0,14.5506,1.0752714856619612,0.1508,0.7096,14.5506,46.7428,synthetic_default
demand_sweep,attack_1.15,default,adversarial_explanation_flood,threshold_explain,13,5000,0.0,0.04156626412636436,2.1400638000000014,0.5921869624451254,0.8890715091675521,0.465795340388344,5857.116696213323,1.708766666666656,0.0,0.0,0.0,7.906056000000029,1.0671223797210514,0.0004,0.4148,14.5334,46.8716,synthetic_default
demand_sweep,attack_1.15,default,adversarial_explanation_flood,rate_limited,13,5000,0.0,0.04197122827920158,2.1632184399999996,0.55906538472074,0.8538910719504387,0.7601487385980744,11031.67999028055,1.6656833333333223,0.0,0.0,0.0,7.596527999999895,1.071380849642336,0.0,0.4,14.6028,46.9986,synthetic_default
demand_sweep,attack_1.15,default,adversarial_explanation_flood,fifo_explanation,13,5000,0.0,0.0420302678114962,2.1580969999999633,0.7877941981390257,0.606549804465107,0.8818308702791359,9039.089461911,2.71867777777774,0.0,0.0,0.0,11.5144,1.0784716919152149,0.0,0.633,14.616,46.8806,synthetic_default
demand_sweep,attack_1.15,default,adversarial_explanation_flood,static_coarse_full,13,5000,0.0,0.040902759133387125,2.1060279200000007,0.5929926093119924,0.8909470776848429,0.46716167302054823,5911.357159471102,1.7172083333333379,0.0,0.0,0.0,7.929600000000032,1.0683068742403172,0.0008,0.4166,14.5318,46.8396,synthetic_default
demand_sweep,attack_1.15,default,adversarial_explanation_flood,static_offload,13,5000,0.0,0.032632734150085704,1.6922156,0.5465894403959894,0.7562881541705835,0.7145129932628146,5133.2137030467275,1.9999388888888943,0.4668774920940465,0.0,0.0,2.2306159999997734,1.072513760003884,0.0,0.504,14.546,46.7902,synthetic_default
demand_sweep,attack_1.15,default,adversarial_explanation_flood,budget_only_bexgov,13,5000,0.0,0.04123521485117235,2.1274145800000017,0.5045617579156108,0.7485185614039479,0.42977338940193466,8257.88081243337,0.9624083333334541,0.0,0.12340589270008795,0.25443876429199647,6.2623719999997345,1.0707376832256306,0.0,0.0,14.5536,46.8548,synthetic_default
demand_sweep,attack_1.15,default,adversarial_explanation_flood,xai_gate,13,5000,0.0,0.03650015235596367,1.8834233800000002,0.5327915023850063,0.6050915324686604,0.5654689955609464,5166.088881062993,1.0000372222224403,0.053599492679698914,0.1156910860514489,0.4483581019603518,6.1998279999995844,1.0712478655907485,0.0002,0.2406,14.5076,46.6952,synthetic_default
demand_sweep,attack_1.15,default,adversarial_explanation_flood,never_explain,14,5000,0.0,0.033373076923077095,1.7354,0.0,0.0,0.0,26242.33169519803,0.0,0.0,0.0,0.0,0.0,1.0703352200990204,0.0,0.0,14.594,46.994,synthetic_default
demand_sweep,attack_1.15,default,adversarial_explanation_flood,always_explain,14,5000,0.0,0.04580053417575142,2.338978000000004,1.0,1.0,0.8500000000000029,0.0,3.4269638888889005,0.0,0.0,0.0,14.5142,1.0648408569383996,0.1472,0.706,14.5142,46.8614,synthetic_default
demand_sweep,attack_1.15,default,adversarial_explanation_flood,threshold_explain,14,5000,0.0,0.03777404111454314,1.9446227200000001,0.5953026147124085,0.8916644025434147,0.46910862703477385,5776.8625759599745,1.7224277777777726,0.0,0.0,0.0,7.951024000000031,1.0673422836194977,0.0012,0.418,14.5102,46.7918,synthetic_default
demand_sweep,attack_1.15,default,adversarial_explanation_flood,rate_limited,14,5000,0.0,0.03863191127580924,1.99136816,0.5589480986921636,0.855436113109474,0.7574122156280896,10953.263343533827,1.6556055555555356,0.0,0.0,0.0,7.5617359999998905,1.0651179416908865,0.0,0.397,14.5584,46.9978,synthetic_default
demand_sweep,attack_1.15,default,adversarial_explanation_flood,fifo_explanation,14,5000,0.0,0.04898037807981216,2.5150369999999502,0.7852025049908388,0.6022304037452153,0.8822196242513627,9081.03799744432,2.7117361111110827,0.0,0.0,0.0,11.485,1.0758540822235076,0.0,0.6316,14.6268,46.9744,synthetic_default
demand_sweep,attack_1.15,default,adversarial_explanation_flood,static_coarse_full,14,5000,0.0,0.040825007570394034,2.101985120000002,0.5936436601522771,0.8908964656563644,0.46761977405788574,5827.72035664,1.7210583333333334,0.0,0.0,0.0,7.948536000000036,1.0736383572652994,0.0004,0.4204,14.5524,46.7854,synthetic_default
demand_sweep,attack_1.15,default,adversarial_explanation_flood,static_offload,14,5000,0.0,0.03304619579098389,1.7135686400000032,0.5460244816938706,0.7562114481496789,0.7136391707102455,5084.649942426742,1.9922666666666722,0.4662411777679753,0.0,0.0,2.223503999999786,1.0638964637735575,0.0,0.4944,14.5088,46.8654,synthetic_default
demand_sweep,attack_1.15,default,adversarial_explanation_flood,budget_only_bexgov,14,5000,0.0,0.03739892193828419,1.9295964199999984,0.5033463777668316,0.7484376241317524,0.4284595210633281,8278.23881978978,0.9623277777778987,0.0,0.12058548909759982,0.254215411654858,6.2539599999997355,1.0763625166786412,0.0,0.0,14.5656,46.7664,synthetic_default
demand_sweep,attack_1.15,default,adversarial_explanation_flood,xai_gate,14,5000,0.0,0.037748538874285434,1.9472572800000016,0.5354881204423046,0.6105686979789897,0.5671482142610033,4992.147997978554,1.0000183333335537,0.054658419472234904,0.12015165981706727,0.44912615716717175,6.195799999999524,1.0594257477376652,0.0002,0.232,14.4534,46.7878,synthetic_default
demand_sweep,attack_1.15,default,adversarial_explanation_flood,never_explain,15,5000,0.0,0.032053846153846245,1.6668,0.0,0.0,0.0,25911.116383998098,0.0,0.0,0.0,0.0,0.0,1.058784503901418,0.0,0.0,14.43,46.7266,synthetic_default
demand_sweep,attack_1.15,default,adversarial_explanation_flood,always_explain,15,5000,0.0,0.04479812247565981,2.2881080000000042,1.0,1.0,0.8500000000000048,0.0,3.423375000000019,0.0,0.0,0.0,14.499,1.06223837990757,0.1444,0.7072,14.499,46.8714,synthetic_default
demand_sweep,attack_1.15,default,adversarial_explanation_flood,threshold_explain,15,5000,0.0,0.04269692509568343,2.1984106800000003,0.5938282697039206,0.8900537063937709,0.46746883034307274,5777.819492057763,1.7092111111111041,0.0,0.0,0.0,7.900048000000004,1.0559294892288573,0.0006,0.4154,14.4692,46.9186,synthetic_default
demand_sweep,attack_1.15,default,adversarial_explanation_flood,rate_limited,15,5000,0.0,0.04146284037193867,2.1371317999999957,0.5598418060476232,0.8561437501796192,0.7587212655516165,10886.616758629365,1.661777777777754,0.0,0.0,0.0,7.583103999999937,1.0697740847640382,0.0,0.397,14.5644,46.9114,synthetic_default
demand_sweep,attack_1.15,default,adversarial_explanation_flood,fifo_explanation,15,5000,0.0,0.04659549924773756,2.3925909999999555,0.7880701947106803,0.6072640084144355,0.8817894707933893,8877.78704891105,2.7101777777777674,0.0,0.0,0.0,11.4784,1.067393402600358,0.0,0.631,14.5652,46.968,synthetic_default
demand_sweep,attack_1.15,default,adversarial_explanation_flood,static_coarse_full,15,5000,0.0,0.039995544879442256,2.0591707200000013,0.5904519109847448,0.8890153473618757,0.46450462026354317,6023.551364982194,1.7158666666666564,0.0,0.0,0.0,7.937328000000004,1.077274521329008,0.0008,0.4144,14.6312,46.9564,synthetic_default
demand_sweep,attack_1.15,default,adversarial_explanation_flood,static_offload,15,5000,0.0,0.03465895010650503,1.7972483199999973,0.5454757129512612,0.7557047366409938,0.712119484587127,5131.097834580045,1.9942277777777806,0.46486070663223256,0.0,0.0,2.234295999999763,1.0699705553257077,0.0,0.5012,14.5592,46.8902,synthetic_default
demand_sweep,attack_1.15,default,adversarial_explanation_flood,budget_only_bexgov,15,5000,0.0,0.039432710423183116,2.0340714399999955,0.5033450593372727,0.748000070951711,0.42861532775777716,8319.733149868045,0.963451666666792,0.0,0.11956417591743433,0.25659416619899533,6.273011999999731,1.0781987824998578,0.0,0.0,14.6114,46.872,synthetic_default
demand_sweep,attack_1.15,default,adversarial_explanation_flood,xai_gate,15,5000,0.0,0.03687985189927204,1.902249259999999,0.5302092090442536,0.6016512694762512,0.5638178246655112,5239.138224780327,1.0000383333335574,0.053943789664551225,0.1163630868979917,0.4451358553806423,6.186095999999546,1.0724406220908853,0.0006,0.2424,14.5596,46.8356,synthetic_default
demand_sweep,attack_1.15,default,adversarial_explanation_flood,never_explain,16,5000,0.0,0.033326923076923184,1.733,0.0,0.0,0.0,26080.77058159792,0.0,0.0,0.0,0.0,0.0,1.0657393289970223,0.0,0.0,14.5106,46.8294,synthetic_default
demand_sweep,attack_1.15,default,adversarial_explanation_flood,always_explain,16,5000,0.0,0.05270884772212359,2.6920059999999952,1.0,1.0,0.85,0.0,3.4452861111111113,0.0,0.0,0.0,14.5918,1.0735883859269197,0.1554,0.7104,14.5918,46.9132,synthetic_default
demand_sweep,attack_1.15,default,adversarial_explanation_flood,threshold_explain,16,5000,0.0,0.04366459855028525,2.248346599999998,0.5903846153846144,0.8886535910114975,0.4641792680254199,5955.824154053328,1.7098444444444365,0.0,0.0,0.0,7.915264000000008,1.0720835781246034,0.0004,0.4156,14.6016,46.9788,synthetic_default
demand_sweep,attack_1.15,default,adversarial_explanation_flood,rate_limited,16,5000,0.0,0.04593674025279842,2.3680394400000013,0.5582289262556356,0.8553546333709752,0.7566106165512675,10963.33356849384,1.6516111111111007,0.0,0.0,0.0,7.547967999999903,1.0664986032567985,0.0,0.3972,14.5584,46.9664,synthetic_default
demand_sweep,attack_1.15,default,adversarial_explanation_flood,fifo_explanation,16,5000,0.0,0.04465488659129773,2.2929799999999574,0.7889847470494858,0.6086639799421658,0.881652287942573,8671.092971711023,2.699127777777767,0.0,0.0,0.0,11.4316,1.0632018431972297,0.0,0.6286,14.489,46.8172,synthetic_default
demand_sweep,attack_1.15,default,adversarial_explanation_flood,static_coarse_full,16,5000,0.0,0.0384079563329429,1.977463799999999,0.5941482910694592,0.8898215053333585,0.4675330760749718,5771.446447839996,1.713577777777775,0.0,0.0,0.0,7.924192000000038,1.0670597954590728,0.0004,0.4194,14.512,46.804,synthetic_default
demand_sweep,attack_1.15,default,adversarial_explanation_flood,static_offload,16,5000,0.0,0.0371708590496878,1.927438039999999,0.5490000000000026,0.7567699627930784,0.7178777017784407,5158.5339882467115,2.019766666666674,0.4691792065663475,0.0,0.0,2.2504319999997695,1.0755164302253104,0.0,0.4998,14.62,46.9602,synthetic_default
demand_sweep,attack_1.15,default,adversarial_explanation_flood,budget_only_bexgov,16,5000,0.0,0.044176335508820455,2.27905035999999,0.5038991911077296,0.7485033056806858,0.42853408903318124,8345.314876830238,0.9613633333334545,0.0,0.1222280305948385,0.2517195839982391,6.244867999999717,1.0637915199211814,0.0,0.0,14.5384,46.9634,synthetic_default
demand_sweep,attack_1.15,default,adversarial_explanation_flood,xai_gate,16,5000,0.0,0.039049576450020364,2.015690340000001,0.5249235666179941,0.5942457502063843,0.5624133550088111,5455.751415468325,1.0000022222224354,0.05449379106842803,0.11656944577259873,0.4376852775235311,6.149543999999546,1.0779062258272827,0.0008,0.2528,14.6402,46.971,synthetic_default
demand_sweep,attack_1.15,default,adversarial_explanation_flood,never_explain,17,5000,0.0,0.031103846153846256,1.6174,0.0,0.0,0.0,26203.708484798055,0.0,0.0,0.0,0.0,0.0,1.0676739731857792,0.0,0.0,14.574,46.99,synthetic_default
demand_sweep,attack_1.15,default,adversarial_explanation_flood,always_explain,17,5000,0.0,0.05239430911199906,2.6756110000000013,1.0,1.0,0.8499999999999989,0.0,3.443633333333329,0.0,0.0,0.0,14.5848,1.071401485294051,0.1546,0.7118,14.5848,46.9402,synthetic_default
demand_sweep,attack_1.15,default,adversarial_explanation_flood,threshold_explain,17,5000,0.0,0.042860860398259086,2.2066294400000004,0.5937080353731103,0.8904277046465884,0.467476390632674,5968.0049575066505,1.7317194444444475,0.0,0.0,0.0,8.001904000000007,1.0753340951992594,0.0006,0.4224,14.6552,47.0774,synthetic_default
demand_sweep,attack_1.15,default,adversarial_explanation_flood,rate_limited,17,5000,0.0,0.041339784791588355,2.130931520000001,0.5599213605180323,0.8557471773936789,0.7578123925924881,10973.363372271633,1.6586111111110986,0.0,0.0,0.0,7.5721599999999265,1.0663803046573617,0.0,0.4014,14.5474,46.9336,synthetic_default
demand_sweep,attack_1.15,default,adversarial_explanation_flood,fifo_explanation,17,5000,0.0,0.048690187504838105,2.5001809999999574,0.7839477495695898,0.6005321883013592,0.8824078375645542,9327.644726711023,2.7093277777777485,0.0,0.0,0.0,11.4748,1.076896772390151,0.0,0.6308,14.6372,46.9842,synthetic_default
demand_sweep,attack_1.15,default,adversarial_explanation_flood,static_coarse_full,17,5000,0.0,0.04119543191533041,2.1212400399999987,0.5912116638078913,0.8899521975605399,0.4654408233276159,5924.38440841332,1.7143972222222315,0.0,0.0,0.0,7.923344000000035,1.0685377886018332,0.0002,0.4158,14.575,46.9736,synthetic_default
demand_sweep,attack_1.15,default,adversarial_explanation_flood,static_offload,17,5000,0.0,0.03578962640275164,1.8559132000000005,0.5462115900185633,0.7561095772087595,0.7136940950024638,5112.664262948947,1.9975000000000032,0.4661854677940469,0.0,0.0,2.2313759999997824,1.0673718498053733,0.0,0.5002,14.547,46.9098,synthetic_default
demand_sweep,attack_1.15,default,adversarial_explanation_flood,budget_only_bexgov,17,5000,0.0,0.03692112133366454,1.9050843200000003,0.5033243112615219,0.749117746480217,0.42782503624939844,8174.595363098694,0.9603550000001164,0.0,0.12142511910515777,0.24938203410895532,6.217663999999784,1.0610267707212695,0.0,0.0,14.483,46.8472,synthetic_default
demand_sweep,attack_1.15,default,adversarial_explanation_flood,xai_gate,17,5000,0.0,0.04060872086410774,2.0948987599999978,0.5318069235326209,0.6035995513567248,0.5644553882605768,5211.733663714105,1.0000311111113294,0.05361398481947295,0.11791770556389734,0.445456173460251,6.192347999999558,1.0654491860463504,0.0004,0.244,14.5186,46.8618,synthetic_default
demand_sweep,attack_1.15,default,adversarial_explanation_flood,never_explain,18,5000,0.0,0.03451923076923085,1.795,0.0,0.0,0.0,26277.87602259793,0.0,0.0,0.0,0.0,0.0,1.0582408958832668,0.0,0.0,14.5566,47.149,synthetic_default
demand_sweep,attack_1.15,default,adversarial_explanation_flood,always_explain,18,5000,0.0,0.05515431345932519,2.817269000000003,1.0,1.0,0.8499999999999998,0.0,3.4386277777777767,0.0,0.0,0.0,14.5636,1.0661633057250959,0.1534,0.707,14.5636,46.9908,synthetic_default
demand_sweep,attack_1.15,default,adversarial_explanation_flood,threshold_explain,18,5000,0.0,0.04175439555982028,2.150046600000002,0.5913349074735055,0.8894679607646603,0.4653169787491046,5927.302374191086,1.7121194444444372,0.0,0.0,0.0,7.9174960000000265,1.0726969046409707,0.0004,0.4168,14.5688,46.8594,synthetic_default
demand_sweep,attack_1.15,default,adversarial_explanation_flood,rate_limited,18,5000,0.0,0.04370785842966999,2.2528623599999995,0.5608695652173912,0.8557965446883058,0.759795654920484,10733.24967435607,1.6672777777777585,0.0,0.0,0.0,7.602111999999895,1.0683993750887697,0.0,0.399,14.5636,46.94,synthetic_default
demand_sweep,attack_1.15,default,adversarial_explanation_flood,fifo_explanation,18,5000,0.0,0.043896327742981515,2.2540149999999586,0.78961164378837,0.608221747981605,0.8815582534317331,8660.992299222095,2.70276388888886,0.0,0.0,0.0,11.447,1.0631952271976877,0.0,0.6304,14.497,46.8432,synthetic_default
demand_sweep,attack_1.15,default,adversarial_explanation_flood,static_coarse_full,18,5000,0.0,0.04174778210296809,2.1494164800000006,0.5942455751000032,0.8904305459563098,0.46786330757849576,5874.883219408886,1.7263499999999952,0.0,0.0,0.0,7.977864000000039,1.075613334698192,0.0006,0.4206,14.5992,46.8912,synthetic_default
demand_sweep,attack_1.15,default,adversarial_explanation_flood,static_offload,18,5000,0.0,0.03489617971261291,1.8096090399999987,0.5454178785051845,0.7559585011195834,0.7125144048730183,5146.951993133395,1.9983777777777876,0.4653459913296384,0.0,0.0,2.2338879999997756,1.0694873269027418,0.0,0.5002,14.5784,46.963,synthetic_default
demand_sweep,attack_1.15,default,adversarial_explanation_flood,budget_only_bexgov,18,5000,0.0,0.037146458257419156,1.916469839999998,0.5030858176238902,0.7479245669672279,0.42798525865848397,8326.927789363559,0.9626438888890132,0.0,0.11980765015344147,0.2543155414291977,6.261639999999739,1.075057070323711,0.0,0.0,14.5984,46.9012,synthetic_default
demand_sweep,attack_1.15,default,adversarial_explanation_flood,xai_gate,18,5000,0.0,0.04252945223757112,2.194312279999996,0.5339001048045093,0.6070720171888692,0.5649260852777318,5110.260119297675,1.0000338888891058,0.053312372441943846,0.1184979866512218,0.4484941254343869,6.2129679999995515,1.0648975111373131,0.0006,0.2378,14.5032,46.8246,synthetic_default
demand_sweep,attack_1.15,default,adversarial_explanation_flood,never_explain,19,5000,0.0,0.03028846153846165,1.575,0.0,0.0,0.0,25936.852044398023,0.0,0.0,0.0,0.0,0.0,1.0652173913043366,0.0,0.0,14.5122,46.8464,synthetic_default
demand_sweep,attack_1.15,default,adversarial_explanation_flood,always_explain,19,5000,0.0,0.047583964129828536,2.4298110000000004,1.0,1.0,0.8500000000000046,0.0,3.44061111111113,0.0,0.0,0.0,14.572,1.0784926221499513,0.148,0.71,14.572,46.739,synthetic_default
demand_sweep,attack_1.15,default,adversarial_explanation_flood,threshold_explain,19,5000,0.0,0.044607910547714104,2.2969116400000007,0.5934219187098908,0.8900865058629086,0.4671137074214221,5894.680207333299,1.7213833333333302,0.0,0.0,0.0,7.9570560000000174,1.0751060687547516,0.0006,0.422,14.5848,46.8564,synthetic_default
demand_sweep,attack_1.15,default,adversarial_explanation_flood,rate_limited,19,5000,0.0,0.04126562791791818,2.127098359999998,0.5597305142102531,0.854524558199567,0.7570996230775514,10955.063518678344,1.655736111111098,0.0,0.0,0.0,7.56222399999989,1.0648243618257225,0.0,0.397,14.5388,46.9412,synthetic_default
demand_sweep,attack_1.15,default,adversarial_explanation_flood,fifo_explanation,19,5000,0.0,0.04320927285069652,2.2187019999999573,0.7869571174133443,0.603942477239365,0.8819564323879916,9152.015876888829,2.712444444444415,0.0,0.0,0.0,11.488,1.0757614538008693,0.0,0.6316,14.598,46.884,synthetic_default
demand_sweep,attack_1.15,default,adversarial_explanation_flood,static_coarse_full,19,5000,0.0,0.04108106645425171,2.1151458399999945,0.5929893488192874,0.89003005109624,0.46672950955028053,5855.9958256044265,1.7137138888888763,0.0,0.0,0.0,7.922528000000023,1.0731041073810164,0.0002,0.4142,14.5336,46.737,synthetic_default
demand_sweep,attack_1.15,default,adversarial_explanation_flood,static_offload,19,5000,0.0,0.03733772256692813,1.9361672800000007,0.5441356754977835,0.755179629908821,0.7097881355932778,5261.175104022279,1.9906833333333411,0.46305742965278923,0.0,0.0,2.236583999999765,1.070880899642181,0.0,0.4988,14.5848,46.952,synthetic_default
demand_sweep,attack_1.15,default,adversarial_explanation_flood,budget_only_bexgov,19,5000,0.0,0.036490722683142664,1.8824880599999996,0.5050901666301673,0.7482458585303686,0.43056415807937076,8309.218616301328,0.9642383333334571,0.0,0.12043685595264196,0.2596196009647007,6.289003999999751,1.0794793322961032,0.0,0.0,14.5952,46.7912,synthetic_default
demand_sweep,attack_1.15,default,adversarial_explanation_flood,xai_gate,19,5000,0.0,0.04174038191585144,2.1525836999999988,0.532820918957683,0.6049594460335211,0.5660595834940184,5190.612430934113,1.0000311111113207,0.05403283565643766,0.11561346482287477,0.44928654068646356,6.199807999999575,1.0637891753683557,0.0006,0.2418,14.5208,46.9066,synthetic_default
demand_sweep,attack_1.15,default,adversarial_explanation_flood,never_explain,20,5000,0.0,0.03350769230769244,1.7424,0.0,0.0,0.0,26060.798344997926,0.0,0.0,0.0,0.0,0.0,1.0657677889829191,0.0,0.0,14.5152,46.8436,synthetic_default
demand_sweep,attack_1.15,default,adversarial_explanation_flood,always_explain,20,5000,0.0,0.043642034603698455,2.228635000000002,1.0,1.0,0.8500000000000062,0.0,3.434850000000025,0.0,0.0,0.0,14.5476,1.0721040239634538,0.153,0.7074,14.5476,46.8046,synthetic_default
demand_sweep,attack_1.15,default,adversarial_explanation_flood,threshold_explain,20,5000,0.0,0.03967993195403784,2.0428717599999993,0.5924124057923085,0.8895299967310814,0.4660783422202007,5841.126677226635,1.7082555555555559,0.0,0.0,0.0,7.901456000000001,1.0632456910888064,0.001,0.4172,14.5158,46.9028,synthetic_default
demand_sweep,attack_1.15,default,adversarial_explanation_flood,rate_limited,20,5000,0.0,0.039404361596762326,2.0309570800000007,0.5580051703620624,0.8535989549720293,0.7600623726216958,11030.937249549437,1.6637777777777663,0.0,0.0,0.0,7.5900159999999,1.084142228759902,0.0,0.395,14.6218,46.7716,synthetic_default
demand_sweep,attack_1.15,default,adversarial_explanation_flood,fifo_explanation,20,5000,0.0,0.04463278471330912,2.2918219999999545,0.7887740232602898,0.6077614574021629,0.8816838965109502,8856.494538666502,2.709469444444417,0.0,0.0,0.0,11.4754,1.0645780205402007,0.0,0.6312,14.5484,46.9778,synthetic_default
demand_sweep,attack_1.15,default,adversarial_explanation_flood,static_coarse_full,20,5000,0.0,0.04252094079137923,2.1893913600000006,0.5909473858098618,0.8897917462606029,0.4651902480658567,5901.10898341779,1.7077861111111126,0.0,0.0,0.0,7.893688000000022,1.064490826000954,0.0008,0.4138,14.5284,46.9152,synthetic_default
demand_sweep,attack_1.15,default,adversarial_explanation_flood,static_offload,20,5000,0.0,0.037839496327737074,1.9622043200000003,0.5459981834945709,0.7563847892990213,0.7139473213426214,5087.983084811163,1.9968055555555593,0.46660795133967276,0.0,0.0,2.224903999999764,1.066972444444446,0.0,0.501,14.5334,46.875,synthetic_default
demand_sweep,attack_1.15,default,adversarial_explanation_flood,budget_only_bexgov,20,5000,0.0,0.03774873759344175,1.9476546799999992,0.5033692292900441,0.7480670571020398,0.42806958504457326,8267.533431648022,0.9619661111112321,0.0,0.12073678282488359,0.2525033309066934,6.248843999999742,1.0704786931495072,0.0,0.0,14.5606,46.8832,synthetic_default
demand_sweep,attack_1.15,default,adversarial_explanation_flood,xai_gate,20,5000,0.0,0.037020539361167844,1.9098282599999998,0.5307997297931242,0.6004803112412389,0.5663763320788017,5248.689931766993,1.0000044444446634,0.05670209686091236,0.11529288501040848,0.44642044749576076,6.1419319999995485,1.0690924027452149,0.0002,0.2452,14.5074,46.7432,synthetic_default
demand_sweep,attack_1.35,default,adversarial_explanation_flood,never_explain,1,5000,0.0,0.09665769230769312,5.0262,0.0,0.0,0.0,34669.55154519686,0.0,0.0,0.0,0.0,0.0,1.4389808503732597,0.0,0.0,18.0348,49.296,synthetic_default
demand_sweep,attack_1.35,default,adversarial_explanation_flood,always_explain,1,5000,0.0,0.24252662125123106,12.355698999999928,1.0,1.0,0.8500000000000111,0.0,4.259963888888945,0.0,0.0,0.0,18.0422,1.4352786191332325,0.4456,0.7648,18.0422,49.3912,synthetic_default
demand_sweep,attack_1.35,default,adversarial_explanation_flood,threshold_explain,1,5000,0.0,0.18634234036607292,9.577952560000016,0.6083558145989453,0.8953199343182385,0.48024368581737714,8965.985964861999,2.1944111111111253,0.0,0.0,0.0,10.107592000000006,1.4220448431216806,0.008,0.5486,18.015,49.5862,synthetic_default
demand_sweep,attack_1.35,default,adversarial_explanation_flood,rate_limited,1,5000,0.0,0.14590223923857676,7.515229759999957,0.4989811227803046,0.8075308665005849,0.849654029603422,19581.14579442748,1.9494444444444303,0.0,0.0,0.0,8.577279999999824,1.416425873618822,0.0,0.4888,17.8628,49.2816,synthetic_default
demand_sweep,attack_1.35,default,adversarial_explanation_flood,fifo_explanation,1,5000,0.0,0.19210703864606665,9.863248000000093,0.661577693147146,0.4137716168857723,0.9007633460279298,20560.575721866495,2.805519444444413,0.0,0.0,0.0,11.8822,1.420219431934878,0.0,0.6438,17.9604,49.4732,synthetic_default
demand_sweep,attack_1.35,default,adversarial_explanation_flood,static_coarse_full,1,5000,0.0,0.16534855702056267,8.498394520000003,0.6100482439639733,0.8962294365001204,0.4819024276893817,9060.82881074647,2.2112750000000143,0.0,0.0,0.0,10.176840000000007,1.441963049278884,0.0094,0.5512,18.0748,49.345,synthetic_default
demand_sweep,attack_1.35,default,adversarial_explanation_flood,static_offload,1,5000,0.0,0.12139649546525957,6.292189559999991,0.563435472724434,0.7610380128777731,0.7415726642441999,7936.184619757547,2.565827777777794,0.4869919967897987,0.0,0.0,2.7952239999997124,1.4208424404328261,0.0,0.6122,17.9428,49.412,synthetic_default
demand_sweep,attack_1.35,default,adversarial_explanation_flood,budget_only_bexgov,1,5000,0.0,0.15088441759375007,7.7773051800000434,0.4994839853682913,0.724486814919337,0.4358282776464297,12706.445379411913,1.0255805555557336,0.0,0.10372708212517286,0.3648681803988045,7.556999999999479,1.4195815895065498,0.0,0.0836,17.9336,49.4124,synthetic_default
demand_sweep,attack_1.35,default,adversarial_explanation_flood,xai_gate,1,5000,0.0,0.1576825998414299,8.136519759999999,0.39722187192338887,0.4406526085030977,0.4899849555857897,12990.266127781055,1.0000705555557143,0.06532151904335225,0.08786601621699355,0.31360966382371486,5.463731999999681,1.4400672105593428,0.0026,0.4398,18.0798,49.397,synthetic_default
demand_sweep,attack_1.35,default,adversarial_explanation_flood,never_explain,2,5000,0.0,0.11773846153846179,6.1224,0.0,0.0,0.0,34710.875626796864,0.0,0.0,0.0,0.0,0.0,1.4336437388055483,0.0,0.0,18.0168,49.3548,synthetic_default
demand_sweep,attack_1.35,default,adversarial_explanation_flood,always_explain,2,5000,0.0,0.2489792634000856,12.685061999999899,1.0,1.0,0.8500000000000064,0.0,4.22997777777781,0.0,0.0,0.0,17.9152,1.4203221025697141,0.4276,0.7664,17.9152,49.3466,synthetic_default
demand_sweep,attack_1.35,default,adversarial_explanation_flood,threshold_explain,2,5000,0.0,0.19853142437343424,10.204630880000012,0.608718602111397,0.8960636421268724,0.48082426007435164,9089.846256386454,2.212919444444458,0.0,0.0,0.0,10.185136000000018,1.4418271076183373,0.01,0.549,18.1302,49.499,synthetic_default
demand_sweep,attack_1.35,default,adversarial_explanation_flood,rate_limited,2,5000,0.0,0.17698169138062114,9.116331479999989,0.49498899104900373,0.805558633717788,0.8535001825604952,20257.24118786756,1.9624444444444233,0.0,0.0,0.0,8.622207999999818,1.4333940463545942,0.0,0.4896,18.0762,49.5226,synthetic_default
demand_sweep,attack_1.35,default,adversarial_explanation_flood,fifo_explanation,2,5000,0.0,0.19500887416506812,10.012489000000084,0.6563444942282649,0.4044788195809001,0.9015483258657636,21364.05384024426,2.808494444444431,0.0,0.0,0.0,11.8948,1.437777015529683,0.0,0.6436,18.1228,49.561,synthetic_default
demand_sweep,attack_1.35,default,adversarial_explanation_flood,static_coarse_full,2,5000,0.0,0.15474913743754357,7.953093040000025,0.6097718149165441,0.8961098224551598,0.48157227528995916,8902.208800710909,2.198150000000014,0.0,0.0,0.0,10.119336000000002,1.4258339841194698,0.0098,0.5432,17.9854,49.4274,synthetic_default
demand_sweep,attack_1.35,default,adversarial_explanation_flood,static_offload,2,5000,0.0,0.14522838194213963,7.5274348400000175,0.5624664953286452,0.7611915605723053,0.7405275813764081,8044.432243519801,2.5894500000000047,0.4864161307757641,0.0,0.0,2.8179119999997195,1.4395881770429693,0.0,0.6124,18.1318,49.5488,synthetic_default
demand_sweep,attack_1.35,default,adversarial_explanation_flood,budget_only_bexgov,2,5000,0.0,0.15007793124079996,7.73614252000001,0.5002942519518847,0.7245703054711098,0.4369736153340726,12689.860429094986,1.0272172222224067,0.0,0.10287680844665709,0.3686057001570383,7.582387999999536,1.425836467384256,0.0,0.0886,17.9574,49.3504,synthetic_default
demand_sweep,attack_1.35,default,adversarial_explanation_flood,xai_gate,2,5000,0.0,0.1422433838435092,7.34935792000001,0.39970970392912936,0.4438288404842009,0.4898124292028494,12795.909318380674,1.000074444444599,0.0631899251493681,0.08761077671412389,0.3158496768318415,5.511479999999706,1.4253638880808488,0.004,0.4356,18.0092,49.5024,synthetic_default
demand_sweep,attack_1.35,default,adversarial_explanation_flood,never_explain,3,5000,0.0,0.10981153846153882,5.7102,0.0,0.0,0.0,34874.403980796764,0.0,0.0,0.0,0.0,0.0,1.430480727423972,0.0,0.0,17.9998,49.3724,synthetic_default
demand_sweep,attack_1.35,default,adversarial_explanation_flood,always_explain,3,5000,0.0,0.2223359291006694,11.327961999999927,1.0,1.0,0.8500000000000099,0.0,4.229788888888938,0.0,0.0,0.0,17.9144,1.4244884922600605,0.4296,0.765,17.9144,49.2596,synthetic_default
demand_sweep,attack_1.35,default,adversarial_explanation_flood,threshold_explain,3,5000,0.0,0.15807448535671834,8.12373804,0.6115383757375671,0.8965634447362633,0.48311824478824,8823.631148506505,2.1994027777777867,0.0,0.0,0.0,10.12119999999998,1.42512524209865,0.008,0.5468,17.9306,49.2912,synthetic_default
demand_sweep,attack_1.35,default,adversarial_explanation_flood,rate_limited,3,5000,0.0,0.15331984607430185,7.897585079999954,0.4989251392407885,0.807339922386883,0.8517562756018898,19826.565708296363,1.9596111111110937,0.0,0.0,0.0,8.612415999999808,1.4199183483847344,0.0,0.492,17.9186,49.3642,synthetic_default
demand_sweep,attack_1.35,default,adversarial_explanation_flood,fifo_explanation,3,5000,0.0,0.1718487784952816,8.823078,0.6599586859465583,0.412486209500513,0.9010061971080195,20749.794720066435,2.8061333333333325,0.0,0.0,0.0,11.8848,1.428955833855997,0.0,0.6434,18.0084,49.427,synthetic_default
demand_sweep,attack_1.35,default,adversarial_explanation_flood,static_coarse_full,3,5000,0.0,0.18109678993204342,9.307624119999991,0.6110524633880252,0.8965766768017555,0.48278768912054354,9048.034825853128,2.2250944444444563,0.0,0.0,0.0,10.238031999999981,1.443124379957816,0.0092,0.5502,18.1498,49.5262,synthetic_default
demand_sweep,attack_1.35,default,adversarial_explanation_flood,static_offload,3,5000,0.0,0.1334103528792888,6.914929960000017,0.5609685759745402,0.7612046554758456,0.7391158401839036,8047.583346677557,2.5807000000000038,0.48575753557853796,0.0,0.0,2.800991999999722,1.4399081233217927,0.0,0.6122,18.1008,49.4576,synthetic_default
demand_sweep,attack_1.35,default,adversarial_explanation_flood,budget_only_bexgov,3,5000,0.0,0.1600589748057195,8.249174619999984,0.49912751826929375,0.7244560219160302,0.4359521112369788,12807.440265663827,1.0273038888890726,0.0,0.10249661269185491,0.368017147553364,7.585727999999534,1.4382991859879493,0.0,0.0894,18.0084,49.2376,synthetic_default
demand_sweep,attack_1.35,default,adversarial_explanation_flood,xai_gate,3,5000,0.0,0.1362745688667328,7.035226720000003,0.39886983035815854,0.44367786805818044,0.48936611597737917,12921.655329616242,1.0000494444445882,0.06321099900210667,0.08693868499833685,0.3152788557489744,5.506943999999694,1.4364876108968003,0.005,0.4376,18.038,49.3552,synthetic_default
demand_sweep,attack_1.35,default,adversarial_explanation_flood,never_explain,4,5000,0.0,0.12208461538461582,6.3484,0.0,0.0,0.0,34952.14898619684,0.0,0.0,0.0,0.0,0.0,1.4313620861344258,0.0,0.0,18.0436,49.4746,synthetic_default
demand_sweep,attack_1.35,default,adversarial_explanation_flood,always_explain,4,5000,0.0,0.25195770243021043,12.835090999999933,1.0,1.0,0.8500000000000051,0.0,4.264591666666692,0.0,0.0,0.0,18.0618,1.442245830950153,0.4408,0.765,18.0618,49.3038,synthetic_default
demand_sweep,attack_1.35,default,adversarial_explanation_flood,threshold_explain,4,5000,0.0,0.16739826770817512,8.603847080000016,0.6115087126600299,0.8974019967647563,0.48350040007112627,8871.322220159795,2.2117388888889074,0.0,0.0,0.0,10.167440000000006,1.428128120024824,0.0088,0.5476,17.9968,49.412,synthetic_default
demand_sweep,attack_1.35,default,adversarial_explanation_flood,rate_limited,4,5000,0.0,0.14988405143458333,7.720363359999955,0.4970673505798392,0.8063432352706481,0.8504014272970581,19780.97387140534,1.950277777777761,0.0,0.0,0.0,8.580159999999811,1.4235348802015007,0.0,0.488,17.936,49.3384,synthetic_default
demand_sweep,attack_1.35,default,adversarial_explanation_flood,fifo_explanation,4,5000,0.0,0.14946393469117397,7.673851000000014,0.6640345382963493,0.4157349892410119,0.9003948192555495,20436.812814777593,2.8035833333333233,0.0,0.0,0.0,11.874,1.4198627513867614,0.0,0.6434,17.8816,49.2634,synthetic_default
demand_sweep,attack_1.35,default,adversarial_explanation_flood,static_coarse_full,4,5000,0.0,0.18587842815423203,9.553347800000015,0.6116080234942104,0.8969151477827121,0.4833318557100948,8904.964157502025,2.2156277777778146,0.0,0.0,0.0,10.191735999999988,1.4321250198780153,0.0086,0.5452,18.047,49.4684,synthetic_default
demand_sweep,attack_1.35,default,adversarial_explanation_flood,static_offload,4,5000,0.0,0.14065042494011176,7.290317800000008,0.561812912252647,0.7610567461816368,0.7398056721523055,7971.536876170924,2.569811111111122,0.48600839496302217,0.0,0.0,2.7947199999997197,1.4252952036228348,0.0,0.6108,18.0108,49.5082,synthetic_default
demand_sweep,attack_1.35,default,adversarial_explanation_flood,budget_only_bexgov,4,5000,0.0,0.12316226304865592,6.347658979999997,0.49997284090786676,0.724159797008859,0.4365985463207231,12796.370760812768,1.0277066666668548,0.0,0.10110083369508353,0.3692634765864138,7.583335999999544,1.4319177531538907,0.0,0.0904,17.9682,49.2566,synthetic_default
demand_sweep,attack_1.35,default,adversarial_explanation_flood,xai_gate,4,5000,0.0,0.15562724761041188,8.03712775999998,0.39955550376242915,0.4452377047649169,0.48860280570908415,12859.929508263775,1.0000472222223746,0.06257352777962753,0.08784488690595103,0.3153648087722803,5.521079999999723,1.4286875270391084,0.0034,0.4342,18.0204,49.4654,synthetic_default
demand_sweep,attack_1.35,default,adversarial_explanation_flood,never_explain,5,5000,0.0,0.11141538461538507,5.7936,0.0,0.0,0.0,34736.60965679696,0.0,0.0,0.0,0.0,0.0,1.4301832309975993,0.0,0.0,17.9766,49.3148,synthetic_default
demand_sweep,attack_1.35,default,adversarial_explanation_flood,always_explain,5,5000,0.0,0.23271555967376104,11.855280999999911,1.0,1.0,0.8500000000000069,0.0,4.279088888888923,0.0,0.0,0.0,18.1232,1.442680597731079,0.4474,0.7646,18.1232,49.4626,synthetic_default
demand_sweep,attack_1.35,default,adversarial_explanation_flood,threshold_explain,5,5000,0.0,0.18294175724518746,9.403054479999977,0.6107385999425292,0.8958547696171084,0.4822064056939513,9019.795876208696,2.2138361111111267,0.0,0.0,0.0,10.194927999999967,1.4365463096483486,0.0072,0.5492,18.0964,49.5138,synthetic_default
demand_sweep,attack_1.35,default,adversarial_explanation_flood,rate_limited,5,5000,0.0,0.15204953829348772,7.832323519999962,0.49472456993475594,0.8041871142524731,0.8524208823952947,20052.891111354293,1.956736111111103,0.0,0.0,0.0,8.602479999999845,1.4357682381779169,0.0,0.4896,18.0554,49.4174,synthetic_default
demand_sweep,attack_1.35,default,adversarial_explanation_flood,fifo_explanation,5,5000,0.0,0.15842057234123177,8.133813000000018,0.6595291218488795,0.4093200918963023,0.901070631722673,20973.51690724422,2.805708333333319,0.0,0.0,0.0,11.883,1.4372111143125053,0.0,0.6438,18.0174,49.2842,synthetic_default
demand_sweep,attack_1.35,default,adversarial_explanation_flood,static_coarse_full,5,5000,0.0,0.17064862066703534,8.770483840000006,0.6089817674603976,0.8961027223657445,0.4810423654699855,9020.785504764262,2.2062194444444563,0.0,0.0,0.0,10.154031999999985,1.4306194604543037,0.006,0.5458,18.0666,49.5528,synthetic_default
demand_sweep,attack_1.35,default,adversarial_explanation_flood,static_offload,5,5000,0.0,0.12067029910389297,6.254661800000007,0.5599029775844755,0.7605751009698385,0.7367487453998399,8041.364459055357,2.547700000000011,0.48374038139846104,0.0,0.0,2.7777599999997213,1.4227539474110817,0.0,0.6062,17.934,49.3488,synthetic_default
demand_sweep,attack_1.35,default,adversarial_explanation_flood,budget_only_bexgov,5,5000,0.0,0.16392642997977883,8.448655379999998,0.49967507984390325,0.7235895525628531,0.43593805447125444,12915.390288474486,1.027765555555738,0.0,0.10106902058197303,0.3686014017033357,7.599243999999545,1.4284533206223027,0.0,0.0914,18.0352,49.5108,synthetic_default
demand_sweep,attack_1.35,default,adversarial_explanation_flood,xai_gate,5,5000,0.0,0.12604750442989968,6.509329160000004,0.3983533206242512,0.4427230117971613,0.4884740202163499,13030.408194200205,1.0000805555557097,0.06291009044156766,0.08818052846249334,0.3132425962050009,5.505207999999707,1.442285230134984,0.006,0.4402,18.0448,49.2566,synthetic_default
demand_sweep,attack_1.35,default,adversarial_explanation_flood,never_explain,6,5000,0.0,0.12556923076923093,6.5296,0.0,0.0,0.0,34874.288204196935,0.0,0.0,0.0,0.0,0.0,1.4249721221132159,0.0,0.0,18.006,49.5016,synthetic_default
demand_sweep,attack_1.35,default,adversarial_explanation_flood,always_explain,6,5000,0.0,0.2403555764881417,12.246550999999931,1.0,1.0,0.8500000000000049,0.0,4.268700000000025,0.0,0.0,0.0,18.0792,1.4416074807248869,0.4482,0.7638,18.0792,49.3642,synthetic_default
demand_sweep,attack_1.35,default,adversarial_explanation_flood,threshold_explain,6,5000,0.0,0.17272705996207896,8.878564280000004,0.6085069386576015,0.8960494773046782,0.48071953157117225,8976.415307542033,2.197002777777793,0.0,0.0,0.0,10.110256000000021,1.4307266009852189,0.0078,0.5432,18.0006,49.3696,synthetic_default
demand_sweep,attack_1.35,default,adversarial_explanation_flood,rate_limited,6,5000,0.0,0.15286256192476785,7.873891959999955,0.49672684850841486,0.8075772785641167,0.8525281928781764,20039.28512956088,1.9601944444444304,0.0,0.0,0.0,8.614431999999786,1.4290585626979406,0.0,0.4914,18.001,49.4046,synthetic_default
demand_sweep,attack_1.35,default,adversarial_explanation_flood,fifo_explanation,6,5000,0.0,0.21070462337035764,10.818296000000256,0.6569922302412714,0.4063748719526608,0.9014511654638077,21213.070121444303,2.8070777777777622,0.0,0.0,0.0,11.8888,1.4382875745130441,0.0,0.644,18.0958,49.4768,synthetic_default
demand_sweep,attack_1.35,default,adversarial_explanation_flood,static_coarse_full,6,5000,0.0,0.17510406239113385,9.000227240000013,0.6074917122171335,0.8948929392802609,0.4793914161852954,9065.022788884216,2.1923472222222387,0.0,0.0,0.0,10.102519999999986,1.4340239265310237,0.0084,0.5442,18.0386,49.4068,synthetic_default
demand_sweep,attack_1.35,default,adversarial_explanation_flood,static_offload,6,5000,0.0,0.1194510411309577,6.191353719999995,0.5614164022047776,0.7608972181517003,0.7391543900674131,7950.576609542035,2.560311111111125,0.4855186236846501,0.0,0.0,2.7860799999997186,1.4233764551592274,0.0,0.6092,17.961,49.4104,synthetic_default
demand_sweep,attack_1.35,default,adversarial_explanation_flood,budget_only_bexgov,6,5000,0.0,0.1682779937434881,8.673460620000014,0.5001279417154791,0.7243677364335032,0.43663497739918516,12795.631564546084,1.0271711111112933,0.0,0.10426361324285603,0.3674659321864484,7.594931999999502,1.427995523736334,0.0002,0.0878,18.0082,49.446,synthetic_default
demand_sweep,attack_1.35,default,adversarial_explanation_flood,xai_gate,6,5000,0.0,0.17142469941598476,8.860201060000009,0.40154491939263004,0.4471053303513597,0.49144591611478916,12671.88274641665,1.0000211111112691,0.06382812674203403,0.08794345218186278,0.3179922848797021,5.5095999999997,1.4171524201437453,0.002,0.4324,17.9388,49.4764,synthetic_default
demand_sweep,attack_1.35,default,adversarial_explanation_flood,never_explain,7,5000,0.0,0.11550769230769271,6.0064,0.0,0.0,0.0,34939.64743419699,0.0,0.0,0.0,0.0,0.0,1.4358570308775187,0.0,0.0,18.0858,49.4988,synthetic_default
demand_sweep,attack_1.35,default,adversarial_explanation_flood,always_explain,7,5000,0.0,0.1998188762126316,10.179226999999928,1.0,1.0,0.85000000000001,0.0,4.246080555555605,0.0,0.0,0.0,17.9834,1.431960576690309,0.4408,0.763,17.9834,49.2974,synthetic_default
demand_sweep,attack_1.35,default,adversarial_explanation_flood,threshold_explain,7,5000,0.0,0.14846788410608977,7.631756520000016,0.6079366486750094,0.8961579327426543,0.48030633845744913,9088.683786408734,2.2008055555555694,0.0,0.0,0.0,10.12678399999999,1.4337887903885997,0.0062,0.546,18.0454,49.4302,synthetic_default
demand_sweep,attack_1.35,default,adversarial_explanation_flood,rate_limited,7,5000,0.0,0.16023323554370494,8.25336063999996,0.4951814969482807,0.8044177203876053,0.8529193482282317,20079.074060023093,1.959861111111099,0.0,0.0,0.0,8.613279999999824,1.4363795837128421,0.0,0.4892,18.0554,49.405,synthetic_default
demand_sweep,attack_1.35,default,adversarial_explanation_flood,fifo_explanation,7,5000,0.0,0.17943077523239337,9.21258200000011,0.6587748674843088,0.40939323495244584,0.9011837698773582,20943.97845086658,2.805330555555547,0.0,0.0,0.0,11.8814,1.4328312708574344,0.0,0.6438,18.0356,49.4228,synthetic_default
demand_sweep,attack_1.35,default,adversarial_explanation_flood,static_coarse_full,7,5000,0.0,0.15877069675163477,8.160028760000007,0.6072867022809393,0.8951830644900665,0.4794377452175671,9014.41993941761,2.194633333333344,0.0,0.0,0.0,10.107624000000005,1.4365616573566604,0.009,0.5426,18.0452,49.3734,synthetic_default
demand_sweep,attack_1.35,default,adversarial_explanation_flood,static_offload,7,5000,0.0,0.14859528569331418,7.702207399999998,0.561948878594989,0.7608293312495578,0.739451461325733,7971.776059739779,2.567066666666677,0.485520045322758,0.0,0.0,2.798735999999714,1.4302872739347752,0.0,0.6088,18.0042,49.3884,synthetic_default
demand_sweep,attack_1.35,default,adversarial_explanation_flood,budget_only_bexgov,7,5000,0.0,0.1270353706003305,6.546985420000017,0.4992643913741316,0.7241401586527487,0.43548052931741243,12874.94742080517,1.0256500000001805,0.0,0.10350204954553556,0.3645072179647122,7.560559999999519,1.4268276694469129,0.0002,0.0836,17.9552,49.3242,synthetic_default
demand_sweep,attack_1.35,default,adversarial_explanation_flood,xai_gate,7,5000,0.0,0.13944222492550032,7.198697379999998,0.3976717878331979,0.44460635859230613,0.4877282387319549,12975.022969370868,1.000072777777931,0.06391127246967147,0.08805233330381652,0.31310324980076154,5.487199999999658,1.4318380640906532,0.0036,0.4388,18.0688,49.534,synthetic_default
demand_sweep,attack_1.35,default,adversarial_explanation_flood,never_explain,8,5000,0.0,0.10339230769230844,5.3764,0.0,0.0,0.0,34636.78972399685,0.0,0.0,0.0,0.0,0.0,1.4256299718148218,0.0,0.0,17.9264,49.2694,synthetic_default
demand_sweep,attack_1.35,default,adversarial_explanation_flood,always_explain,8,5000,0.0,0.2164399684070024,11.026488999999941,1.0,1.0,0.8500000000000005,0.0,4.233236111111114,0.0,0.0,0.0,17.929,1.4251843675772768,0.4262,0.763,17.929,49.2856,synthetic_default
demand_sweep,attack_1.35,default,adversarial_explanation_flood,threshold_explain,8,5000,0.0,0.16282764159684976,8.368204120000001,0.6107673418593534,0.8971267543385785,0.482786475405284,8881.067786666477,2.2080638888888924,0.0,0.0,0.0,10.15385600000001,1.432362674709767,0.0104,0.5476,17.9998,49.3342,synthetic_default
demand_sweep,attack_1.35,default,adversarial_explanation_flood,rate_limited,8,5000,0.0,0.14670761254888545,7.556813399999963,0.49794766546947267,0.8063443749157843,0.8511611305686315,19537.128378305282,1.955277777777771,0.0,0.0,0.0,8.597439999999805,1.4193507038471678,0.0,0.4872,17.9308,49.4094,synthetic_default
demand_sweep,attack_1.35,default,adversarial_explanation_flood,fifo_explanation,8,5000,0.0,0.2261843306257522,11.61306400000024,0.6549239920687376,0.40343302471156756,0.9017614011896906,21526.11948959998,2.80754999999998,0.0,0.0,0.0,11.8908,1.438778676402431,0.0,0.6438,18.156,49.6314,synthetic_default
demand_sweep,attack_1.35,default,adversarial_explanation_flood,static_coarse_full,8,5000,0.0,0.14914581785009512,7.665933440000005,0.6104716097821999,0.8963060486694213,0.4822246249191905,8927.93555431538,2.196519444444456,0.0,0.0,0.0,10.109248000000038,1.4275632907967268,0.0076,0.5454,17.9428,49.2752,synthetic_default
demand_sweep,attack_1.35,default,adversarial_explanation_flood,static_offload,8,5000,0.0,0.13793592799103416,7.14957240000001,0.5627470991502634,0.7613953986837162,0.7414598540146445,7977.911304270917,2.5786444444444534,0.4872983826237437,0.0,0.0,2.7987519999997232,1.433376118383677,0.0,0.6126,18.0292,49.3942,synthetic_default
demand_sweep,attack_1.35,default,adversarial_explanation_flood,budget_only_bexgov,8,5000,0.0,0.18045222765097332,9.301008700000002,0.4990380472203551,0.7243770056668122,0.4357345134708913,12734.393618682132,1.0279455555557413,0.0,0.10058192479399418,0.36873375830131266,7.586031999999496,1.4287590795929304,0.0,0.0916,18.0092,49.4332,synthetic_default
demand_sweep,attack_1.35,default,adversarial_explanation_flood,xai_gate,8,5000,0.0,0.14329423482064543,7.399316779999988,0.40210890117733716,0.4459309081740973,0.492653630039243,12668.79916316203,1.000016111111269,0.06290135569033178,0.08873305387085266,0.31797404566535853,5.530119999999686,1.4261308924881324,0.003,0.4312,17.9392,49.2944,synthetic_default
demand_sweep,attack_1.35,default,adversarial_explanation_flood,never_explain,9,5000,0.0,0.11717307692307724,6.093,0.0,0.0,0.0,35181.28127719694,0.0,0.0,0.0,0.0,0.0,1.4462089819085624,0.0,0.0,18.17,49.5188,synthetic_default
demand_sweep,attack_1.35,default,adversarial_explanation_flood,always_explain,9,5000,0.0,0.24479654929855615,12.471511999999914,1.0,1.0,0.8500000000000083,0.0,4.251558333333374,0.0,0.0,0.0,18.0066,1.430601393843919,0.429,0.7636,18.0066,49.3886,synthetic_default
demand_sweep,attack_1.35,default,adversarial_explanation_flood,threshold_explain,9,5000,0.0,0.17067332595122067,8.772427000000034,0.6101696419655831,0.896514473989303,0.4821038266523166,8992.594245946504,2.2068944444444436,0.0,0.0,0.0,10.15393599999999,1.427516031985863,0.008,0.5458,18.0262,49.5052,synthetic_default
demand_sweep,attack_1.35,default,adversarial_explanation_flood,rate_limited,9,5000,0.0,0.1501448828221087,7.73384479999994,0.49754127522374636,0.8083446908337101,0.8529568069375751,19820.894701031895,1.9634861111110986,0.0,0.0,0.0,8.625807999999823,1.4261526551596684,0.0,0.4902,17.989,49.4308,synthetic_default
demand_sweep,attack_1.35,default,adversarial_explanation_flood,fifo_explanation,9,5000,0.0,0.18757118407333018,9.630568000000197,0.6619602161921212,0.4117778236852569,0.9007059675711879,20772.32410579984,2.8050472222222163,0.0,0.0,0.0,11.8802,1.4160208283692368,0.0,0.6436,17.947,49.5222,synthetic_default
demand_sweep,attack_1.35,default,adversarial_explanation_flood,static_coarse_full,9,5000,0.0,0.2022143119023919,10.393605480000005,0.6120340127769361,0.8972888127964445,0.48379687551899586,8980.678601026491,2.220608333333353,0.0,0.0,0.0,10.21130399999998,1.4310277073475408,0.007,0.5496,18.0638,49.5368,synthetic_default
demand_sweep,attack_1.35,default,adversarial_explanation_flood,static_offload,9,5000,0.0,0.14431176651240046,7.480238279999994,0.5618047281271217,0.7611643866727115,0.7398500050110159,7937.291237453118,2.5628611111111117,0.48606393995746244,0.0,0.0,2.7864399999997014,1.4242743279814833,0.0,0.607,17.9606,49.391,synthetic_default
demand_sweep,attack_1.35,default,adversarial_explanation_flood,budget_only_bexgov,9,5000,0.0,0.17472904643213338,9.006024660000014,0.5000912196902287,0.7236184456532325,0.4369362346723255,12937.954789869256,1.0295450000001873,0.0,0.10181223117833726,0.3716566601430767,7.630523999999519,1.4323572007761682,0.0004,0.0976,18.0882,49.5766,synthetic_default
demand_sweep,attack_1.35,default,adversarial_explanation_flood,xai_gate,9,5000,0.0,0.1337446136540912,6.903414159999997,0.40083288752176205,0.44467822104384586,0.4916431501047629,12738.675058101126,1.0000372222223826,0.06467611787258705,0.08851589318354064,0.31689403058267573,5.489219999999704,1.4210926811893296,0.0042,0.4336,17.9448,49.4124,synthetic_default
demand_sweep,attack_1.35,default,adversarial_explanation_flood,never_explain,10,5000,0.0,0.10437692307692369,5.4276,0.0,0.0,0.0,34872.97344439707,0.0,0.0,0.0,0.0,0.0,1.4332808773666064,0.0,0.0,17.9982,49.3112,synthetic_default
demand_sweep,attack_1.35,default,adversarial_explanation_flood,always_explain,10,5000,0.0,0.2474728998976617,12.608692999999938,1.0,1.0,0.8499999999999992,0.0,4.244427777777774,0.0,0.0,0.0,17.9764,1.4275570752207258,0.44,0.765,17.9764,49.3676,synthetic_default
demand_sweep,attack_1.35,default,adversarial_explanation_flood,threshold_explain,10,5000,0.0,0.16391809884693329,8.424852120000008,0.6116658684102083,0.8961883233527851,0.48302721126321174,8834.121840324262,2.200913888888886,0.0,0.0,0.0,10.133119999999982,1.4237638410254605,0.0086,0.5466,17.9558,49.3882,synthetic_default
demand_sweep,attack_1.35,default,adversarial_explanation_flood,rate_limited,10,5000,0.0,0.142370517518449,7.333202999999944,0.49706562333273835,0.8068765194687152,0.8526142628490182,19708.63190244314,1.9611111111110933,0.0,0.0,0.0,8.617599999999811,1.4283549196400922,0.0,0.4876,17.9936,49.3986,synthetic_default
demand_sweep,attack_1.35,default,adversarial_explanation_flood,fifo_explanation,10,5000,0.0,0.1846318148005754,9.479469000000075,0.6626562447732569,0.41389054250933527,0.9006015632840129,20688.745497133106,2.806369444444437,0.0,0.0,0.0,11.8858,1.421378044170854,0.0,0.6444,17.9366,49.384,synthetic_default
demand_sweep,attack_1.35,default,adversarial_explanation_flood,static_coarse_full,10,5000,0.0,0.135148257166738,6.944619960000027,0.6125061027029437,0.8971628267619904,0.4841252052727372,8916.15466553757,2.2170444444444635,0.0,0.0,0.0,10.196079999999988,1.436916620699351,0.0096,0.5458,18.0248,49.3104,synthetic_default
demand_sweep,attack_1.35,default,adversarial_explanation_flood,static_offload,10,5000,0.0,0.1170608389672539,6.067464959999997,0.5613652755739481,0.7610290125368979,0.7391413765937355,8045.78974561757,2.56933333333334,0.48553611255978074,0.0,0.0,2.795183999999709,1.441717907764668,0.0,0.612,18.0242,49.2118,synthetic_default
demand_sweep,attack_1.35,default,adversarial_explanation_flood,budget_only_bexgov,10,5000,0.0,0.14290960304037761,7.364551279999991,0.5018861154272231,0.724850207071641,0.43801238556210126,12665.24942494926,1.0263100000001826,0.0,0.10440537005779184,0.36749795995931095,7.573959999999516,1.4234666579977833,0.0,0.0868,17.8918,49.2182,synthetic_default
demand_sweep,attack_1.35,default,adversarial_explanation_flood,xai_gate,10,5000,0.0,0.12771416462526397,6.593710379999996,0.40169676657910397,0.4472659982089148,0.48967276087827744,12706.140854129104,1.0000122222223795,0.06188482608114729,0.08956486883712644,0.31668373936667704,5.544911999999708,1.428165114795232,0.0028,0.4344,17.9624,49.3168,synthetic_default
demand_sweep,attack_1.35,default,adversarial_explanation_flood,never_explain,11,5000,0.0,0.10506538461538528,5.4634,0.0,0.0,0.0,34977.535100196816,0.0,0.0,0.0,0.0,0.0,1.4266653705008898,0.0,0.0,17.973,49.3764,synthetic_default
demand_sweep,attack_1.35,default,adversarial_explanation_flood,always_explain,11,5000,0.0,0.21747516088313237,11.079858999999914,1.0,1.0,0.8500000000000039,0.0,4.239563888888908,0.0,0.0,0.0,17.9558,1.4269973345444185,0.4412,0.7664,17.9558,49.3224,synthetic_default
demand_sweep,attack_1.35,default,adversarial_explanation_flood,threshold_explain,11,5000,0.0,0.143508838018514,7.3756709200000214,0.6113725972009704,0.8965604404747319,0.4829880153243056,8797.076201435375,2.1958222222222505,0.0,0.0,0.0,10.104703999999977,1.424481218807467,0.0086,0.5446,17.9062,49.2372,synthetic_default
demand_sweep,attack_1.35,default,adversarial_explanation_flood,rate_limited,11,5000,0.0,0.17774852592567872,9.15629239999996,0.49542007583316594,0.8063839354193518,0.8525776624758896,20052.617662509725,1.9585277777777637,0.0,0.0,0.0,8.608671999999823,1.4305676255765007,0.0,0.4884,18.0396,49.4798,synthetic_default
demand_sweep,attack_1.35,default,adversarial_explanation_flood,fifo_explanation,11,5000,0.0,0.1733705673963522,8.9012750000001,0.6609186445206394,0.4106543950182139,0.9008622033219036,20689.584392644265,2.8035361111110957,0.0,0.0,0.0,11.8738,1.420401559028746,0.0,0.644,17.9656,49.4838,synthetic_default
demand_sweep,attack_1.35,default,adversarial_explanation_flood,static_coarse_full,11,5000,0.0,0.1946599252918548,10.00557148000001,0.6113684478879187,0.8969227065590551,0.48313936088850545,8977.423484737532,2.214333333333343,0.0,0.0,0.0,10.185864000000048,1.4291893682072123,0.0082,0.55,18.0438,49.5194,synthetic_default
demand_sweep,attack_1.35,default,adversarial_explanation_flood,static_offload,11,5000,0.0,0.13713696753488364,7.108056960000008,0.5598687338958469,0.7608773629797622,0.7370684640649788,8129.026558406418,2.5707166666666823,0.4841253165536842,0.0,0.0,2.7980399999997165,1.43689609498901,0.0,0.6084,18.0854,49.4766,synthetic_default
demand_sweep,attack_1.35,default,adversarial_explanation_flood,budget_only_bexgov,11,5000,0.0,0.12867564825126968,6.632070860000006,0.5009061341385321,0.7241230276946177,0.4375913016450953,12791.291051662105,1.0286127777779623,0.0,0.10256865661701041,0.37098994294340965,7.613803999999592,1.4321110143695068,0.0,0.0918,18.0172,49.387,synthetic_default
demand_sweep,attack_1.35,default,adversarial_explanation_flood,xai_gate,11,5000,0.0,0.13088430838589196,6.762637019999996,0.40012056887194003,0.4440248912257273,0.48796820356821446,12851.78009312647,1.000101666666817,0.0620829771407636,0.08821733482841695,0.3155551608140064,5.5337479999996715,1.4359525644666173,0.0032,0.4384,18.0146,49.302,synthetic_default
demand_sweep,attack_1.35,default,adversarial_explanation_flood,never_explain,12,5000,0.0,0.11943461538461601,6.2106,0.0,0.0,0.0,34976.35686119679,0.0,0.0,0.0,0.0,0.0,1.4281274281274259,0.0,0.0,18.0,49.4208,synthetic_default
demand_sweep,attack_1.35,default,adversarial_explanation_flood,always_explain,12,5000,0.0,0.2479349100513102,12.632287999999939,1.0,1.0,0.850000000000006,0.0,4.238761111111141,0.0,0.0,0.0,17.9524,1.424483059923313,0.4326,0.765,17.9524,49.3642,synthetic_default
demand_sweep,attack_1.35,default,adversarial_explanation_flood,threshold_explain,12,5000,0.0,0.18280507833263096,9.395648639999969,0.6098094369830126,0.8953384452444065,0.48135339766966484,8984.819656515325,2.196052777777796,0.0,0.0,0.0,10.116136000000017,1.427441772596016,0.0104,0.5496,17.9888,49.404,synthetic_default
demand_sweep,attack_1.35,default,adversarial_explanation_flood,rate_limited,12,5000,0.0,0.168188866215073,8.663518920000012,0.4956872611747969,0.806961632862995,0.8515395894428182,19880.439158767545,1.9538194444444266,0.0,0.0,0.0,8.592399999999822,1.4257807921296397,0.0,0.4876,18.0048,49.4818,synthetic_default
demand_sweep,attack_1.35,default,adversarial_explanation_flood,fifo_explanation,12,5000,0.0,0.20745320443145698,10.651261000000098,0.6582886753177731,0.40854088464277544,0.9012566987023382,20930.492401066498,2.8075499999999805,0.0,0.0,0.0,11.8908,1.4287896390000525,0.0,0.644,18.0632,49.5808,synthetic_default
demand_sweep,attack_1.35,default,adversarial_explanation_flood,static_coarse_full,12,5000,0.0,0.14312157390173247,7.355637920000011,0.6086963799491147,0.8953529779404658,0.4805305093067919,8871.51156811088,2.184544444444461,0.0,0.0,0.0,10.061680000000042,1.4260735494577963,0.0062,0.5408,17.9224,49.2494,synthetic_default
demand_sweep,attack_1.35,default,adversarial_explanation_flood,static_offload,12,5000,0.0,0.12021047547512219,6.230850680000006,0.5613088691130849,0.7609914359344565,0.7391137552911853,8034.286664701964,2.566094444444451,0.4855403348554033,0.0,0.0,2.791047999999707,1.429835395112474,0.0,0.6106,18.0018,49.391,synthetic_default
demand_sweep,attack_1.35,default,adversarial_explanation_flood,budget_only_bexgov,12,5000,0.0,0.1351090188355665,6.965120300000025,0.5010531752996898,0.7239933419859171,0.4373437899203552,12843.453285368778,1.0281494444446275,0.0,0.10218499716739056,0.3699721182364507,7.607531999999477,1.4321239309831482,0.0,0.0916,18.0046,49.3522,synthetic_default
demand_sweep,attack_1.35,default,adversarial_explanation_flood,xai_gate,12,5000,0.0,0.16101240265131303,8.31005574,0.3988108606944996,0.4416755723527007,0.49308586931142107,12921.641111220664,1.0000094444445946,0.06754578102936434,0.08818199001545492,0.3153359499216135,5.429871999999703,1.42940165122276,0.0034,0.4392,17.9878,49.3614,synthetic_default
demand_sweep,attack_1.35,default,adversarial_explanation_flood,never_explain,13,5000,0.0,0.10791153846153875,5.6114,0.0,0.0,0.0,35103.34931479697,0.0,0.0,0.0,0.0,0.0,1.4444210247555178,0.0,0.0,18.0916,49.3412,synthetic_default
demand_sweep,attack_1.35,default,adversarial_explanation_flood,always_explain,13,5000,0.0,0.27938597536669574,14.235071999999988,1.0,1.0,0.8500000000000106,0.0,4.258688888888942,0.0,0.0,0.0,18.0368,1.4342343217754236,0.4454,0.7638,18.0368,49.3976,synthetic_default
demand_sweep,attack_1.35,default,adversarial_explanation_flood,threshold_explain,13,5000,0.0,0.17257467096654228,8.870980880000019,0.6100286181976099,0.8959313259244704,0.48176786967028085,8910.196819519842,2.1959666666666817,0.0,0.0,0.0,10.10947199999997,1.4200702820985476,0.007,0.5428,17.9606,49.4768,synthetic_default
demand_sweep,attack_1.35,default,adversarial_explanation_flood,rate_limited,13,5000,0.0,0.19539775619780705,10.065297719999958,0.49521659751037267,0.8045385291404002,0.8537029045643197,20186.280404689736,1.9637777777777685,0.0,0.0,0.0,8.62681599999982,1.4340483981739576,0.0,0.492,18.075,49.506,synthetic_default
demand_sweep,attack_1.35,default,adversarial_explanation_flood,fifo_explanation,13,5000,0.0,0.18519712894236173,9.50858700000005,0.6595662019358849,0.4099816414579112,0.9010650697096229,20777.67755051091,2.805897222222221,0.0,0.0,0.0,11.8838,1.4240467330206625,0.0,0.6434,18.0176,49.5524,synthetic_default
demand_sweep,attack_1.35,default,adversarial_explanation_flood,static_coarse_full,13,5000,0.0,0.1378703200685045,7.086519400000019,0.608189500983726,0.895877586872439,0.480352351994278,8897.707530910866,2.1812777777777876,0.0,0.0,0.0,10.040895999999993,1.4256228375578917,0.0082,0.5454,17.8912,49.1728,synthetic_default
demand_sweep,attack_1.35,default,adversarial_explanation_flood,static_offload,13,5000,0.0,0.11691132374982745,6.059941480000009,0.5618964672884689,0.7614943004948187,0.7406855063108403,7916.2812659020365,2.567750000000019,0.48695545711550875,0.0,0.0,2.7823919999997115,1.4238745410350346,0.0,0.609,17.9692,49.4228,synthetic_default
demand_sweep,attack_1.35,default,adversarial_explanation_flood,budget_only_bexgov,13,5000,0.0,0.12562854768335494,6.4762296600000075,0.5001225610573293,0.7247076072746698,0.4359417555922684,12645.192106801247,1.0251850000001816,0.0,0.10336205741840425,0.3642898602491405,7.555223999999562,1.427987386867322,0.0,0.0834,17.9176,49.1974,synthetic_default
demand_sweep,attack_1.35,default,adversarial_explanation_flood,xai_gate,13,5000,0.0,0.14208081406236947,7.334500719999997,0.40020497625074736,0.4444759283401935,0.4910237714742275,12802.661086251743,1.0000394444445926,0.06269143694233587,0.08791672215563547,0.31674213166422516,5.528403999999708,1.4334440573604472,0.0038,0.435,18.0216,49.372,synthetic_default
demand_sweep,attack_1.35,default,adversarial_explanation_flood,never_explain,14,5000,0.0,0.10683461538461633,5.5554,0.0,0.0,0.0,34971.22043179681,0.0,0.0,0.0,0.0,0.0,1.4308190377360472,0.0,0.0,17.9902,49.3392,synthetic_default
demand_sweep,attack_1.35,default,adversarial_explanation_flood,always_explain,14,5000,0.0,0.2623939068431616,13.367241999999928,1.0,1.0,0.8500000000000022,0.0,4.254580555555567,0.0,0.0,0.0,18.0194,1.433058288674022,0.4464,0.7658,18.0194,49.3738,synthetic_default
demand_sweep,attack_1.35,default,adversarial_explanation_flood,threshold_explain,14,5000,0.0,0.1511641660035893,7.768583240000027,0.6102326945855893,0.8970279515146687,0.4823403407392652,9075.412442519817,2.214066666666683,0.0,0.0,0.0,10.182071999999998,1.4356625453486598,0.0102,0.5476,18.0666,49.4502,synthetic_default
demand_sweep,attack_1.35,default,adversarial_explanation_flood,rate_limited,14,5000,0.0,0.15231869192978897,7.845750959999958,0.49831103641705937,0.8090807169256274,0.8530518208529971,19687.668125032,1.9650694444444352,0.0,0.0,0.0,8.631279999999826,1.4272189556917994,0.0,0.4902,17.9696,49.3558,synthetic_default
demand_sweep,attack_1.35,default,adversarial_explanation_flood,fifo_explanation,14,5000,0.0,0.1705055404506494,8.754309000000047,0.6599464605062926,0.41021438820408984,0.90100803092406,20863.258611888672,2.80561388888889,0.0,0.0,0.0,11.8826,1.4343628952118261,0.0,0.6438,18.0054,49.309,synthetic_default
demand_sweep,attack_1.35,default,adversarial_explanation_flood,static_coarse_full,14,5000,0.0,0.14055086463063154,7.223362280000042,0.612338428652543,0.8969124455286304,0.48388461495641405,8830.714620017616,2.207836111111116,0.0,0.0,0.0,10.156527999999984,1.4321861676705891,0.0092,0.5512,17.9642,49.2402,synthetic_default
demand_sweep,attack_1.35,default,adversarial_explanation_flood,static_offload,14,5000,0.0,0.13148229921303395,6.815148480000005,0.5616358449516027,0.761008431865046,0.7394384379718077,8081.808433381967,2.5693611111111205,0.4857028683065447,0.0,0.0,2.795991999999706,1.4271031184751108,0.0,0.61,18.0176,49.49,synthetic_default
demand_sweep,attack_1.35,default,adversarial_explanation_flood,budget_only_bexgov,14,5000,0.0,0.14051596652759973,7.241019340000003,0.5005585011980221,0.7244607243301706,0.437651410950395,12849.24173070877,1.0296622222224048,0.0,0.10111811163368534,0.37299227970538645,7.6199359999995275,1.436487859721948,0.0002,0.0972,18.0304,49.3344,synthetic_default
demand_sweep,attack_1.35,default,adversarial_explanation_flood,xai_gate,14,5000,0.0,0.14617512930567575,7.546343039999998,0.39845342453626414,0.4431893835069888,0.48925288882985574,12855.106838493108,1.0000677777779292,0.06379775977332093,0.08810377650861115,0.3149931376455483,5.500491999999696,1.4356828015690235,0.0044,0.4352,18.0696,49.458,synthetic_default
demand_sweep,attack_1.35,default,adversarial_explanation_flood,never_explain,15,5000,0.0,0.1198269230769232,6.231,0.0,0.0,0.0,35032.66635079682,0.0,0.0,0.0,0.0,0.0,1.4464631076248153,0.0,0.0,18.1142,49.3616,synthetic_default
demand_sweep,attack_1.35,default,adversarial_explanation_flood,always_explain,15,5000,0.0,0.2734617180519838,13.931894999999935,1.0,1.0,0.8500000000000036,0.0,4.261427777777796,0.0,0.0,0.0,18.0484,1.4259678184650655,0.4482,0.767,18.0484,49.5978,synthetic_default
demand_sweep,attack_1.35,default,adversarial_explanation_flood,threshold_explain,15,5000,0.0,0.1845910946620777,9.48779560000002,0.6117737989323834,0.8967507761800301,0.4833963523131686,8774.5152911376,2.2077833333333348,0.0,0.0,0.0,10.157375999999978,1.4252526192431558,0.0072,0.5428,17.984,49.4354,synthetic_default
demand_sweep,attack_1.35,default,adversarial_explanation_flood,rate_limited,15,5000,0.0,0.14196008242221483,7.312118839999964,0.49931536658854975,0.8083433086623623,0.8523133578841695,19734.605516525316,1.9629027777777637,0.0,0.0,0.0,8.623791999999803,1.4202598518026344,0.0,0.4916,17.922,49.3666,synthetic_default
demand_sweep,attack_1.35,default,adversarial_explanation_flood,fifo_explanation,15,5000,0.0,0.1986062837362874,10.197073000000044,0.6568430132259919,0.4051151430802359,0.9014735480160981,21160.43552477762,2.804858333333314,0.0,0.0,0.0,11.8794,1.4344235042959377,0.0,0.6434,18.0856,49.5274,synthetic_default
demand_sweep,attack_1.35,default,adversarial_explanation_flood,static_coarse_full,15,5000,0.0,0.15945617303989776,8.195407039999994,0.6101461517088085,0.8955046719496145,0.4816287857738272,8950.406911990909,2.1981250000000174,0.0,0.0,0.0,10.12543199999998,1.4309650505713716,0.01,0.5466,17.995,49.3494,synthetic_default
demand_sweep,attack_1.35,default,adversarial_explanation_flood,static_offload,15,5000,0.0,0.11474742427131958,5.947580360000014,0.5625527096673394,0.7613082092047777,0.7412202985208225,7863.9214949731,2.5634166666666736,0.4871488811048392,0.0,0.0,2.7820079999997254,1.4181165870896448,0.0,0.6078,17.9284,49.428,synthetic_default
demand_sweep,attack_1.35,default,adversarial_explanation_flood,budget_only_bexgov,15,5000,0.0,0.147879563118469,7.621646100000011,0.49938384836611316,0.7242244134323221,0.4360224963634948,12905.895021157607,1.027836111111297,0.0,0.10167778900498561,0.36841403968509534,7.5901279999995195,1.4296405408613633,0.0,0.0922,18.0118,49.4224,synthetic_default
demand_sweep,attack_1.35,default,adversarial_explanation_flood,xai_gate,15,5000,0.0,0.13249504542596363,6.841233599999994,0.4007086745593989,0.44612780031321725,0.48978280220758325,12715.252397158449,1.0000405555557135,0.06400213637172868,0.08820322236069077,0.31689513975431727,5.503939999999685,1.4255378868845257,0.0036,0.4342,17.9744,49.4032,synthetic_default
demand_sweep,attack_1.35,default,adversarial_explanation_flood,never_explain,16,5000,0.0,0.12441538461538426,6.4696,0.0,0.0,0.0,35038.499190196926,0.0,0.0,0.0,0.0,0.0,1.424448007064211,0.0,0.0,18.0112,49.5266,synthetic_default
demand_sweep,attack_1.35,default,adversarial_explanation_flood,always_explain,16,5000,0.0,0.1994298522623723,10.15860599999994,1.0,1.0,0.850000000000005,0.0,4.24948055555558,0.0,0.0,0.0,17.9978,1.4332564059924886,0.4362,0.7642,17.9978,49.3106,synthetic_default
demand_sweep,attack_1.35,default,adversarial_explanation_flood,threshold_explain,16,5000,0.0,0.16029028118016764,8.238815280000013,0.6102868916534502,0.8961654368058405,0.4819958457105874,8809.286647466492,2.190863888888903,0.0,0.0,0.0,10.085359999999998,1.4144913702682023,0.0064,0.5438,17.9092,49.4492,synthetic_default
demand_sweep,attack_1.35,default,adversarial_explanation_flood,rate_limited,16,5000,0.0,0.1658873193263456,8.544137599999978,0.4969105996486284,0.8058094337072336,0.8565218832524879,20167.35225155647,1.980194444444425,0.0,0.0,0.0,8.683551999999779,1.4372791709755202,0.0,0.494,18.1006,49.5104,synthetic_default
demand_sweep,attack_1.35,default,adversarial_explanation_flood,fifo_explanation,16,5000,0.0,0.22504948070515288,11.554745000000262,0.6590579188227863,0.4078130198648679,0.9011413121765851,20942.387672710942,2.8086833333333283,0.0,0.0,0.0,11.8956,1.4256816324775299,0.0,0.6442,18.0494,49.6064,synthetic_default
demand_sweep,attack_1.35,default,adversarial_explanation_flood,static_coarse_full,16,5000,0.0,0.16844637522853895,8.658451080000011,0.6111840342887767,0.8968935102719968,0.4829828556121109,8785.617003146495,2.198166666666684,0.0,0.0,0.0,10.111775999999997,1.4176776079045639,0.0088,0.5444,17.9184,49.4094,synthetic_default
demand_sweep,attack_1.35,default,adversarial_explanation_flood,static_offload,16,5000,0.0,0.12784809794237198,6.626603399999987,0.561698886030668,0.7609700435569502,0.7395268114422445,8119.434857079741,2.5836222222222243,0.4857634940437418,0.0,0.0,2.811439999999687,1.442360091517377,0.0,0.6138,18.1154,49.4478,synthetic_default
demand_sweep,attack_1.35,default,adversarial_explanation_flood,budget_only_bexgov,16,5000,0.0,0.1480734169054565,7.633995440000022,0.4981567829587037,0.7240708390840958,0.43424554732839565,12804.26809725899,1.025845000000183,0.0,0.10122740310853179,0.36418517777333065,7.558007999999523,1.4284100159156377,0.0,0.0852,17.9892,49.3854,synthetic_default
demand_sweep,attack_1.35,default,adversarial_explanation_flood,xai_gate,16,5000,0.0,0.14174582276888834,7.319234960000002,0.3979660078613965,0.44349233686827216,0.4874711841886719,12987.37236252557,1.0000255555557056,0.06352211703482256,0.08739412057797707,0.31387920057576263,5.495867999999707,1.4347045479358949,0.0036,0.4404,18.063,49.4598,synthetic_default
demand_sweep,attack_1.35,default,adversarial_explanation_flood,never_explain,17,5000,0.0,0.11114230769230853,5.7794,0.0,0.0,0.0,35077.25614019684,0.0,0.0,0.0,0.0,0.0,1.4269390941866038,0.0,0.0,17.9668,49.3538,synthetic_default
demand_sweep,attack_1.35,default,adversarial_explanation_flood,always_explain,17,5000,0.0,0.2670984636357466,13.607558999999979,1.0,1.0,0.8500000000000043,0.0,4.26293888888891,0.0,0.0,0.0,18.0548,1.4311121165115512,0.4442,0.7662,18.0548,49.5104,synthetic_default
demand_sweep,attack_1.35,default,adversarial_explanation_flood,threshold_explain,17,5000,0.0,0.1541686043961766,7.922316360000007,0.611443317316249,0.8969549690038368,0.4832120928990945,8958.124345417598,2.2070166666666893,0.0,0.0,0.0,10.151855999999938,1.4314018206305597,0.01,0.5468,17.9808,49.3016,synthetic_default
demand_sweep,attack_1.35,default,adversarial_explanation_flood,rate_limited,17,5000,0.0,0.15309572727995138,7.885550439999966,0.4974139760327894,0.808053953378346,0.8496900791833754,19783.477671369732,1.9473194444444335,0.0,0.0,0.0,8.56993599999981,1.418773392114987,0.0,0.4876,17.9078,49.3578,synthetic_default
demand_sweep,attack_1.35,default,adversarial_explanation_flood,fifo_explanation,17,5000,0.0,0.19648583815936693,10.08814600000019,0.6560036168359302,0.4053172071622782,0.9015994574746092,21371.857830822122,2.8092972222221926,0.0,0.0,0.0,11.8982,1.4417115971002152,0.0,0.6442,18.1374,49.521,synthetic_default
demand_sweep,attack_1.35,default,adversarial_explanation_flood,static_coarse_full,17,5000,0.0,0.15753296815081672,8.09622104000001,0.6117172233078689,0.8963959398155421,0.48323025848285883,8846.558396759781,2.2098194444444514,0.0,0.0,0.0,10.16989600000001,1.430208147824351,0.0106,0.5466,18.0128,49.4136,synthetic_default
demand_sweep,attack_1.35,default,adversarial_explanation_flood,static_offload,17,5000,0.0,0.11755287934629932,6.092963800000002,0.5627277885321386,0.7608218766862211,0.7403300847740949,7950.388514859797,2.566105555555558,0.48602674498809606,0.0,0.0,2.7996079999997057,1.4233551846714385,0.0,0.6084,17.9772,49.4554,synthetic_default
demand_sweep,attack_1.35,default,adversarial_explanation_flood,budget_only_bexgov,17,5000,0.0,0.13895611552035844,7.161748160000032,0.499264967134524,0.7241918032322247,0.43560801208029665,12870.983349113196,1.0268838888890772,0.0,0.10312666548232369,0.3661063243915438,7.5836359999994984,1.4349485847456154,0.0,0.0894,18.0128,49.3174,synthetic_default
demand_sweep,attack_1.35,default,adversarial_explanation_flood,xai_gate,17,5000,0.0,0.14567881662124715,7.51815272,0.39992132013496845,0.44451674891541343,0.49106511896306504,12865.778980413561,1.0000388888890324,0.062333540482954544,0.08807927911931818,0.31559614701704547,5.52927199999967,1.4354561683024776,0.004,0.436,18.0224,49.3334,synthetic_default
demand_sweep,attack_1.35,default,adversarial_explanation_flood,never_explain,18,5000,0.0,0.11706923076923131,6.0876,0.0,0.0,0.0,34701.37480079689,0.0,0.0,0.0,0.0,0.0,1.422983254764103,0.0,0.0,17.9482,49.3832,synthetic_default
demand_sweep,attack_1.35,default,adversarial_explanation_flood,always_explain,18,5000,0.0,0.22606317159044576,11.516245999999942,1.0,1.0,0.8499999999999983,0.0,4.260955555555547,0.0,0.0,0.0,18.0464,1.4365065542274698,0.449,0.766,18.0464,49.3778,synthetic_default
demand_sweep,attack_1.35,default,adversarial_explanation_flood,threshold_explain,18,5000,0.0,0.1808854289824535,9.297730159999986,0.6111412652170551,0.8967422360986999,0.4828948680173285,9061.47562886648,2.2142388888889184,0.0,0.0,0.0,10.187119999999979,1.4347532936877228,0.0088,0.5516,18.0554,49.438,synthetic_default
demand_sweep,attack_1.35,default,adversarial_explanation_flood,rate_limited,18,5000,0.0,0.1533940865395079,7.901049919999954,0.4965693010061602,0.8061953914084413,0.8541819954789274,19913.794796218666,1.968111111111093,0.0,0.0,0.0,8.64179199999982,1.4324266045649128,0.0,0.4918,18.0488,49.4672,synthetic_default
demand_sweep,attack_1.35,default,adversarial_explanation_flood,fifo_explanation,18,5000,0.0,0.1630989957559284,8.373897000000024,0.6588360563005358,0.41065764396350124,0.9011745915549172,20824.895124466515,2.8049999999999744,0.0,0.0,0.0,11.88,1.439010534175202,0.0,0.6436,18.0318,49.2872,synthetic_default
demand_sweep,attack_1.35,default,adversarial_explanation_flood,static_coarse_full,18,5000,0.0,0.15068839968229444,7.745688520000001,0.6091475282210985,0.8958971659410201,0.48103820274704107,9006.39723419097,2.1951694444444576,0.0,0.0,0.0,10.106679999999947,1.4323406764782725,0.0078,0.5484,17.983,49.2886,synthetic_default
demand_sweep,attack_1.35,default,adversarial_explanation_flood,static_offload,18,5000,0.0,0.11533800983536842,5.978176399999997,0.5634553499597702,0.7614070018315592,0.7423522839010034,7872.9835168975815,2.563088888888899,0.48786537945829983,0.0,0.0,2.7823999999997255,1.4206131863049394,0.0,0.609,17.8992,49.2966,synthetic_default
demand_sweep,attack_1.35,default,adversarial_explanation_flood,budget_only_bexgov,18,5000,0.0,0.15750636108081978,8.117360960000015,0.4996123068738901,0.7238270783552144,0.43624232482876263,12934.541105709708,1.0276555555557405,0.0,0.10367299891383858,0.3679427216101789,7.602895999999493,1.4340966694588655,0.0,0.0906,18.0452,49.4234,synthetic_default
demand_sweep,attack_1.35,default,adversarial_explanation_flood,xai_gate,18,5000,0.0,0.145170058849341,7.493402359999998,0.39798221917143556,0.44168682226060296,0.48931024556586294,13036.584238121533,1.0000250000001545,0.06516684750116251,0.0869666304997675,0.31520559775027124,5.4726679999997,1.434233753493479,0.0048,0.4398,18.0644,49.4732,synthetic_default
demand_sweep,attack_1.35,default,adversarial_explanation_flood,never_explain,19,5000,0.0,0.12005384615384627,6.2428,0.0,0.0,0.0,34865.68964879691,0.0,0.0,0.0,0.0,0.0,1.4293042663484985,0.0,0.0,18.019,49.449,synthetic_default
demand_sweep,attack_1.35,default,adversarial_explanation_flood,always_explain,19,5000,0.0,0.2441208185622776,12.437995999999925,1.0,1.0,0.8500000000000036,0.0,4.233425000000018,0.0,0.0,0.0,17.9298,1.4234240809673255,0.4324,0.7626,17.9298,49.3236,synthetic_default
demand_sweep,attack_1.35,default,adversarial_explanation_flood,threshold_explain,19,5000,0.0,0.19461963355003767,10.004620840000007,0.6094331749546553,0.8956312082841226,0.48114867195585015,8965.404280510931,2.1938500000000123,0.0,0.0,0.0,10.103591999999974,1.431155494778249,0.0112,0.5442,17.9738,49.2874,synthetic_default
demand_sweep,attack_1.35,default,adversarial_explanation_flood,rate_limited,19,5000,0.0,0.15320565773255687,7.891242999999963,0.4961573838072629,0.8053826202073519,0.8536869168199678,20070.243159352074,1.9650694444444288,0.0,0.0,0.0,8.631279999999807,1.433701471202994,0.0,0.49,18.0476,49.438,synthetic_default
demand_sweep,attack_1.35,default,adversarial_explanation_flood,fifo_explanation,19,5000,0.0,0.20092077613112147,10.31586500000014,0.6590709903593339,0.40813040853287547,0.9011393514461038,20932.3158388221,2.8053777777777795,0.0,0.0,0.0,11.8816,1.4310314602802245,0.0,0.6436,18.0278,49.438,synthetic_default
demand_sweep,attack_1.35,default,adversarial_explanation_flood,static_coarse_full,19,5000,0.0,0.162661137229994,8.361224000000025,0.6101054755878645,0.8969949783782833,0.4822843381016634,8822.289357608686,2.1982972222222337,0.0,0.0,0.0,10.108399999999978,1.420256006519565,0.0078,0.5436,17.9378,49.4102,synthetic_default
demand_sweep,attack_1.35,default,adversarial_explanation_flood,static_offload,19,5000,0.0,0.13546462220383662,7.021388879999995,0.5624987512903298,0.7616158016712912,0.7415350804169476,7965.796160428694,2.5778222222222307,0.4875406524369263,0.0,0.0,2.792575999999707,1.4265513897866828,0.0,0.6142,18.0186,49.504,synthetic_default
demand_sweep,attack_1.35,default,adversarial_explanation_flood,budget_only_bexgov,19,5000,0.0,0.1485642127089499,7.656579500000006,0.49990138946153184,0.724739545666246,0.43634049048993695,12668.021348159893,1.0265855555557377,0.0,0.10225411434365494,0.36738832495793733,7.571667999999577,1.4282886824436303,0.0,0.0878,17.9494,49.2786,synthetic_default
demand_sweep,attack_1.35,default,adversarial_explanation_flood,xai_gate,19,5000,0.0,0.14509158663890456,7.487121020000002,0.4006059323921372,0.44502111680975803,0.4915897652874875,12769.969030680255,1.0000638888890414,0.06526967443103371,0.08867411927136686,0.3165835300405291,5.480611999999693,1.4270233752195685,0.0042,0.4344,17.9624,49.34,synthetic_default
demand_sweep,attack_1.35,default,adversarial_explanation_flood,never_explain,20,5000,0.0,0.1237115384615382,6.433,0.0,0.0,0.0,34708.6307481969,0.0,0.0,0.0,0.0,0.0,1.4265289003604322,0.0,0.0,18.022,49.5138,synthetic_default
demand_sweep,attack_1.35,default,adversarial_explanation_flood,always_explain,20,5000,0.0,0.24159887876125166,12.308652999999888,1.0,1.0,0.8500000000000101,0.0,4.2664805555556065,0.0,0.0,0.0,18.0698,1.4356802120022225,0.4492,0.7662,18.0698,49.4586,synthetic_default
demand_sweep,attack_1.35,default,adversarial_explanation_flood,threshold_explain,20,5000,0.0,0.18639301707175612,9.579149840000024,0.611767213695657,0.8971150341307232,0.4835780568290035,9030.425643066466,2.2192361111111194,0.0,0.0,0.0,10.205199999999973,1.4329075354505965,0.0098,0.551,18.0612,49.4914,synthetic_default
demand_sweep,attack_1.35,default,adversarial_explanation_flood,rate_limited,20,5000,0.0,0.14472090576386704,7.45415967999993,0.4959740532881699,0.8038759481693438,0.854255637100259,20153.450104943113,1.9676111111110994,0.0,0.0,0.0,8.6400639999998,1.435834175935284,0.0,0.4908,18.0678,49.45,synthetic_default
demand_sweep,attack_1.35,default,adversarial_explanation_flood,fifo_explanation,20,5000,0.0,0.16637694320819785,8.542120000000063,0.659231076404295,0.40910709957066976,0.9011153385393579,20859.58401311095,2.806463888888883,0.0,0.0,0.0,11.8862,1.436626151729659,0.0,0.6432,18.0304,49.3316,synthetic_default
demand_sweep,attack_1.35,default,adversarial_explanation_flood,static_coarse_full,20,5000,0.0,0.1367786031164598,7.029520080000018,0.6129603407329792,0.8972338719130529,0.48449085172094924,8858.897259906496,2.2080500000000245,0.0,0.0,0.0,10.15454399999999,1.427458272098129,0.0088,0.5478,17.9378,49.2636,synthetic_default
demand_sweep,attack_1.35,default,adversarial_explanation_flood,static_offload,20,5000,0.0,0.12430869981362684,6.442928239999998,0.5632173219978721,0.7616127115788472,0.7423680481757432,8000.935290606433,2.5875555555555634,0.48803356358483885,0.0,0.0,2.804623999999706,1.4318190995356326,0.0,0.6128,18.0672,49.53,synthetic_default
demand_sweep,attack_1.35,default,adversarial_explanation_flood,budget_only_bexgov,20,5000,0.0,0.16009302595425182,8.253314979999987,0.49805955533798973,0.7246509197241422,0.434644359379524,12746.31597405502,1.0259500000001847,0.0,0.1026417109919213,0.36435359312754545,7.554643999999555,1.4269872906302892,0.0,0.0858,17.9732,49.3704,synthetic_default
demand_sweep,attack_1.35,default,adversarial_explanation_flood,xai_gate,20,5000,0.0,0.14491203785628898,7.484318140000003,0.3990844617092378,0.4447088081731014,0.4898005549389549,12833.531354478877,1.0000011111112643,0.06615982241953385,0.08776914539400665,0.316315205327414,5.461911999999681,1.4304810922868008,0.0036,0.4356,18.02,49.4278,synthetic_default
demand_sweep,attack_1.60,default,adversarial_explanation_flood,never_explain,1,5000,0.010863822103962749,3.6360538461538368,189.0748,0.0,0.0,0.0,47006.77957199661,0.0,0.0,0.0,0.0,0.0,1.87041084608318,0.0,0.0,22.654,52.615,synthetic_default
demand_sweep,attack_1.60,default,adversarial_explanation_flood,always_explain,1,5000,0.03509227700199486,4.481366727864137,227.40062799999978,1.0,1.0,0.850000000000002,0.0,5.371575000000012,0.0,0.0,0.0,22.7502,1.8815047021943685,0.815,0.815,22.7502,52.635,synthetic_default
demand_sweep,attack_1.60,default,adversarial_explanation_flood,threshold_explain,1,5000,0.019660023306015642,4.224143096364346,216.56589803999984,0.6318959107806699,0.904201625704584,0.5014967250840859,12824.99598497291,2.8946611111111165,0.0,0.0,0.0,13.24580799999992,1.8777198311268979,0.0854,0.6592,22.596,52.347,synthetic_default
demand_sweep,attack_1.60,default,adversarial_explanation_flood,rate_limited,1,5000,0.02125630490288493,4.188396111437176,215.60187864000116,0.42445596128929763,0.71282448334654,0.9161796980353775,33959.68121399304,2.2215277777777684,0.0,0.0,0.0,9.517599999999865,1.8738715462476003,0.0,0.5504,22.6914,52.6384,synthetic_default
demand_sweep,attack_1.60,default,adversarial_explanation_flood,fifo_explanation,1,5000,0.02211104006820064,4.294793494351895,220.49796999999933,0.52701561840439,0.2439250939429735,0.9209476572393442,38483.875490534585,2.8299333333333085,0.0,0.0,0.0,11.9856,1.8851540616246543,0.0,0.6466,22.7424,52.5504,synthetic_default
demand_sweep,attack_1.60,default,adversarial_explanation_flood,static_coarse_full,1,5000,0.024910672261242404,4.312577839495319,221.09088724000026,0.6327798886630713,0.9040949376171671,0.5020760802332802,12797.205572772911,2.9019472222222356,0.0,0.0,0.0,13.283095999999944,1.8674734206978987,0.0918,0.6544,22.634,52.6224,synthetic_default
demand_sweep,attack_1.60,default,adversarial_explanation_flood,static_offload,1,5000,0.016244396455206166,4.006372109590634,207.53649248000025,0.5820659883364545,0.767323540936823,0.7742118351692807,11799.593398106123,3.42101111111111,0.5123202746011454,0.0,0.0,3.5915679999997074,1.889525652946718,0.0,0.7056,22.8404,52.697,synthetic_default
demand_sweep,attack_1.60,default,adversarial_explanation_flood,budget_only_bexgov,1,5000,0.021456683051723085,4.278237259292163,220.2502743799998,0.4934188972092612,0.7020724853643373,0.44107285512373406,19503.92273026787,1.1170800000002044,0.0,0.08506641149669479,0.46767212999622515,9.40413199999977,1.884757592333727,0.0014,0.2938,22.7822,52.6496,synthetic_default
demand_sweep,attack_1.60,default,adversarial_explanation_flood,xai_gate,1,5000,0.011976100628930824,3.8528138262558103,199.4097464399999,0.29666992101607376,0.3214939710604703,0.4555870142663613,24429.18329498588,1.0000661111112068,0.09901138142734005,0.06904498038594825,0.23697820465459918,4.270027999999798,1.8908696332063193,0.0054,0.5726,22.7388,52.4382,synthetic_default
demand_sweep,attack_1.60,default,adversarial_explanation_flood,never_explain,2,5000,0.007221153552563281,3.587030769230776,186.5256,0.0,0.0,0.0,46790.157921996586,0.0,0.0,0.0,0.0,0.0,1.8737290464413285,0.0,0.0,22.5882,52.4016,synthetic_default
demand_sweep,attack_1.60,default,adversarial_explanation_flood,always_explain,2,5000,0.03304888448945413,4.464658679777,226.56261800000067,1.0,1.0,0.8500000000000011,0.0,5.361327777777785,0.0,0.0,0.0,22.7068,1.8816467423030998,0.8074,0.8114,22.7068,52.532,synthetic_default
demand_sweep,attack_1.60,default,adversarial_explanation_flood,threshold_explain,2,5000,0.026172809048468564,4.283425978742486,219.58205631999945,0.6326337977346127,0.9038029126515936,0.5018508576608637,12829.062815559542,2.9114194444444568,0.0,0.0,0.0,13.329999999999936,1.8750395364431154,0.0968,0.656,22.7246,52.694,synthetic_default
demand_sweep,attack_1.60,default,adversarial_explanation_flood,rate_limited,2,5000,0.020501519622756623,4.254168505822346,218.98875080000138,0.42521415829167764,0.714433756368986,0.915929844393027,33277.92246960188,2.2208611111110965,0.0,0.0,0.0,9.515295999999866,1.8707534732785658,0.0,0.55,22.6468,52.592,synthetic_default
demand_sweep,attack_1.60,default,adversarial_explanation_flood,fifo_explanation,2,5000,0.024037801209395047,4.283660221925856,219.92593099999937,0.5278519027363119,0.2451761951265679,0.9208222145895563,38272.59320337909,2.830311111111087,0.0,0.0,0.0,11.9872,1.875277279771502,0.0,0.6468,22.7094,52.6544,synthetic_default
demand_sweep,attack_1.60,default,adversarial_explanation_flood,static_coarse_full,2,5000,0.027140837732071408,4.312368747823289,221.0611095999999,0.6317789769237513,0.9038663819846827,0.5012591032727912,12911.364270235086,2.9175305555555577,0.0,0.0,0.0,13.355167999999932,1.8811734012862478,0.0936,0.6572,22.794,52.7424,synthetic_default
demand_sweep,attack_1.60,default,adversarial_explanation_flood,static_offload,2,5000,0.01325449913946722,3.9004214092937697,202.05312019999988,0.5822700029043908,0.7677383026521317,0.7752751692029048,11739.095807072794,3.4093444444444447,0.5133998116545357,0.0,0.0,3.5663679999997098,1.884206304481376,0.0,0.7086,22.7242,52.5256,synthetic_default
demand_sweep,attack_1.60,default,adversarial_explanation_flood,budget_only_bexgov,2,5000,0.018741755910669677,4.181540847607956,215.2772337400003,0.4939673639946381,0.7025154508602476,0.442104590374932,19418.971615196224,1.1167672222224243,0.0,0.08536316592173353,0.4692461629331852,9.385243999999723,1.8800042654317188,0.0012,0.295,22.6866,52.5152,synthetic_default
demand_sweep,attack_1.60,default,adversarial_explanation_flood,xai_gate,2,5000,0.013601633133300843,3.750573164805753,194.07809902,0.297199487926558,0.3209417394620749,0.45601032975764544,24314.12838086508,1.0000938888889859,0.10207919480863462,0.06901514148236437,0.23839668035138833,4.210843999999809,1.8752132326063102,0.0066,0.5718,22.653,52.5248,synthetic_default
demand_sweep,attack_1.60,default,adversarial_explanation_flood,never_explain,3,5000,0.013623833556415867,3.8314192307691957,199.2338,0.0,0.0,0.0,47288.472131796545,0.0,0.0,0.0,0.0,0.0,1.88733257750697,0.0,0.0,22.8442,52.7458,synthetic_default
demand_sweep,attack_1.60,default,adversarial_explanation_flood,always_explain,3,5000,0.030319551814312198,4.469529843225289,226.81772100000003,1.0,1.0,0.8500000000000005,0.0,5.355047222222225,0.0,0.0,0.0,22.6802,1.8861274949575932,0.8128,0.8146,22.6802,52.389,synthetic_default
demand_sweep,attack_1.60,default,adversarial_explanation_flood,threshold_explain,3,5000,0.02215183588523862,4.2799953622699345,219.41997423999993,0.6321360741323129,0.9041757326330436,0.501632907255111,12800.481142248436,2.900747222222246,0.0,0.0,0.0,13.27541599999998,1.8766077257232312,0.0926,0.654,22.6406,52.4706,synthetic_default
demand_sweep,attack_1.60,default,adversarial_explanation_flood,rate_limited,3,5000,0.022247007246074563,4.264085277747016,219.4976123600009,0.4232018622628236,0.7116012474455466,0.9166514406184101,33972.0442406908,2.2230277777777703,0.0,0.0,0.0,9.522783999999888,1.8807162314846804,0.0,0.5514,22.768,52.6906,synthetic_default
demand_sweep,attack_1.60,default,adversarial_explanation_flood,fifo_explanation,3,5000,0.02284286991081394,4.233188529816437,217.33394299999918,0.5270403319385351,0.24493550995354849,0.9209439502092176,38132.184178690186,2.8311611111110975,0.0,0.0,0.0,11.9908,1.884261636272584,0.0,0.6468,22.7512,52.587,synthetic_default
demand_sweep,attack_1.60,default,adversarial_explanation_flood,static_coarse_full,3,5000,0.02359106422493188,4.309875305269953,220.9488269600004,0.6335472883305319,0.9045255605254494,0.5028633990975854,12667.256658004033,2.90426111111111,0.0,0.0,0.0,13.28792799999991,1.8677190685685012,0.0922,0.6538,22.606,52.5528,synthetic_default
demand_sweep,attack_1.60,default,adversarial_explanation_flood,static_offload,3,5000,0.016979526459753626,4.052575224177608,209.93339835999998,0.5816438452479273,0.767269425851426,0.7735223497565746,11719.996750095088,3.405222222222217,0.5118032729254188,0.0,0.0,3.5770879999997005,1.8777629820162014,0.0,0.7086,22.7564,52.7178,synthetic_default
demand_sweep,attack_1.60,default,adversarial_explanation_flood,budget_only_bexgov,3,5000,0.022912441781081688,4.289885124331645,220.8425370999998,0.4936342760984444,0.70232030593381,0.4418871661831611,19609.998535320763,1.1180238888890908,0.0,0.08726785103902819,0.4688992699194545,9.426779999999809,1.8849528433083012,0.0034,0.2996,22.8194,52.732,synthetic_default
demand_sweep,attack_1.60,default,adversarial_explanation_flood,xai_gate,3,5000,0.014366599938346075,4.030704995444616,208.65022899999985,0.29783589662141424,0.32225377940687744,0.4550120443656174,24317.1367334166,1.000092777777872,0.09921380734309236,0.06877200412949679,0.23878726914965898,4.277111999999821,1.875432433769599,0.0046,0.5696,22.6662,52.5514,synthetic_default
demand_sweep,attack_1.60,default,adversarial_explanation_flood,never_explain,4,5000,0.00839275981537453,3.441688461538472,178.9678,0.0,0.0,0.0,46854.38465539653,0.0,0.0,0.0,0.0,0.0,1.8819207553737982,0.0,0.0,22.6838,52.4738,synthetic_default
demand_sweep,attack_1.60,default,adversarial_explanation_flood,always_explain,4,5000,0.035090563400078274,4.485840792569645,227.64976100000018,1.0,1.0,0.8499999999999994,0.0,5.351174999999996,0.0,0.0,0.0,22.6638,1.8698417039898736,0.8002,0.8132,22.6638,52.6482,synthetic_default
demand_sweep,attack_1.60,default,adversarial_explanation_flood,threshold_explain,4,5000,0.022371295396424337,4.236294391988463,217.16289303999991,0.6327977473711995,0.9041035820405552,0.5021382374939519,12851.422379261821,2.9148555555555635,0.0,0.0,0.0,13.340623999999984,1.8875092263345348,0.0894,0.6568,22.729,52.4766,synthetic_default
demand_sweep,attack_1.60,default,adversarial_explanation_flood,rate_limited,4,5000,0.019937348572472455,4.2289885592435175,217.68356724000103,0.4256809887339335,0.7150725840053885,0.9174244962005677,33624.12652807312,2.231444444444435,0.0,0.0,0.0,9.551871999999893,1.8773259471195831,0.0,0.552,22.6876,52.5664,synthetic_default
demand_sweep,attack_1.60,default,adversarial_explanation_flood,fifo_explanation,4,5000,0.023067232482707464,4.288025730490125,220.14943599999938,0.5266024261482919,0.2446330597594445,0.9210096360777593,38294.04703557898,2.8309722222222065,0.0,0.0,0.0,11.99,1.8859406628311781,0.0,0.647,22.7686,52.5966,synthetic_default
demand_sweep,attack_1.60,default,adversarial_explanation_flood,static_coarse_full,4,5000,0.023449742633061765,4.238148562050835,217.27265843999976,0.6309598356029062,0.9040829651976425,0.5007730367600373,12836.872402523995,2.9009666666666662,0.0,0.0,0.0,13.274039999999939,1.8778395390745994,0.0938,0.6544,22.6768,52.532,synthetic_default
demand_sweep,attack_1.60,default,adversarial_explanation_flood,static_offload,4,5000,0.016034994686503698,4.109588401435182,212.88558216000033,0.5833753016012266,0.7680409303638133,0.7770184689625128,11618.665815746135,3.4280222222222245,0.5146830445273086,0.0,0.0,3.581455999999679,1.8838368503618197,0.0,0.7082,22.795,52.696,synthetic_default
demand_sweep,attack_1.60,default,adversarial_explanation_flood,budget_only_bexgov,4,5000,0.023235300230990626,4.254559486360752,219.04329111999968,0.4924054346964487,0.7024433444275923,0.4405016168398017,19428.878365789227,1.1152677777779811,0.0,0.08573215969266827,0.465967064048003,9.359327999999797,1.8698221485547064,0.0028,0.2938,22.6986,52.7294,synthetic_default
demand_sweep,attack_1.60,default,adversarial_explanation_flood,xai_gate,4,5000,0.016340652015375497,3.96791981259294,205.37370256000008,0.29607475482638773,0.31834225456490345,0.45744622921641126,24373.389930660567,1.0000716666667606,0.10477482795992633,0.06891295345005331,0.23878545435320864,4.1494599999997925,1.873815564907797,0.0042,0.5722,22.6982,52.6552,synthetic_default
demand_sweep,attack_1.60,default,adversarial_explanation_flood,never_explain,5,5000,0.01015858038594996,3.647865384615381,189.689,0.0,0.0,0.0,47316.485839396366,0.0,0.0,0.0,0.0,0.0,1.888486434934364,0.0,0.0,22.7756,52.5664,synthetic_default
demand_sweep,attack_1.60,default,adversarial_explanation_flood,always_explain,5,5000,0.03255018321157327,4.466070936896892,226.64141199999983,1.0,1.0,0.8500000000000006,0.0,5.356322222222227,0.0,0.0,0.0,22.6856,1.880294154243066,0.8076,0.8158,22.6856,52.5076,synthetic_default
demand_sweep,attack_1.60,default,adversarial_explanation_flood,threshold_explain,5,5000,0.022370973617228857,4.290539971943212,219.95776407999955,0.6318275606659126,0.9036161801441573,0.5011220548814899,12854.120683732894,2.901008333333331,0.0,0.0,0.0,13.285223999999982,1.880817749056304,0.0898,0.6548,22.6816,52.4888,synthetic_default
demand_sweep,attack_1.60,default,adversarial_explanation_flood,rate_limited,5,5000,0.023453927719796135,4.229924724504009,217.73435784000145,0.42351033484003897,0.7119914890761936,0.9174424013692006,33947.71748508652,2.228736111111099,0.0,0.0,0.0,9.54251199999987,1.8795570028951043,0.0,0.5514,22.787,52.7558,synthetic_default
demand_sweep,attack_1.60,default,adversarial_explanation_flood,fifo_explanation,5,5000,0.025295387381781866,4.296226960283856,220.56974799999912,0.527200478250167,0.244970737236558,0.9209199282624811,38033.26130942365,2.8318222222222125,0.0,0.0,0.0,11.9936,1.8767502646024594,0.0,0.6468,22.7496,52.7206,synthetic_default
demand_sweep,attack_1.60,default,adversarial_explanation_flood,static_coarse_full,5,5000,0.025244511653001258,4.291411437683708,219.97718835999962,0.6345953439246582,0.9050698317583024,0.5038608458390187,12718.876265981798,2.926350000000007,0.0,0.0,0.0,13.38362399999995,1.8778518253962266,0.0946,0.6572,22.723,52.6388,synthetic_default
demand_sweep,attack_1.60,default,adversarial_explanation_flood,static_offload,5,5000,0.010744928288464309,3.891390012808788,201.5870022799996,0.5802527988124326,0.766602424264544,0.7705854753342462,11621.269013037325,3.3726833333333337,0.5093441015083103,0.0,0.0,3.5606159999996985,1.8794783135258375,0.0,0.7028,22.6346,52.4044,synthetic_default
demand_sweep,attack_1.60,default,adversarial_explanation_flood,budget_only_bexgov,5,5000,0.022150190177574944,4.246889498971069,218.63342129999958,0.4930228010173123,0.7022230403306168,0.441337367359468,19649.86440596747,1.1179461111113145,0.0,0.08578444269052003,0.46891168990616505,9.413567999999763,1.8856884731891381,0.0014,0.2998,22.806,52.6876,synthetic_default
demand_sweep,attack_1.60,default,adversarial_explanation_flood,xai_gate,5,5000,0.01572726298915892,3.9917814101487163,206.6069716199995,0.29490392758841144,0.3172214100328634,0.45905824334815143,24597.152250643296,1.000017222222316,0.10687063307219988,0.06910332415837392,0.23495835979956242,4.081191999999823,1.870492064818547,0.0058,0.5756,22.6704,52.6516,synthetic_default
demand_sweep,attack_1.60,default,adversarial_explanation_flood,never_explain,6,5000,0.011544483120278465,3.7915615384615142,197.1612,0.0,0.0,0.0,47232.857740796644,0.0,0.0,0.0,0.0,0.0,1.878470058317757,0.0,0.0,22.7246,52.6312,synthetic_default
demand_sweep,attack_1.60,default,adversarial_explanation_flood,always_explain,6,5000,0.03192075343692717,4.43777625125746,225.20085900000058,1.0,1.0,0.850000000000004,0.0,5.358636111111136,0.0,0.0,0.0,22.6954,1.8833725271974866,0.8052,0.814,22.6954,52.4742,synthetic_default
demand_sweep,attack_1.60,default,adversarial_explanation_flood,threshold_explain,6,5000,0.0227592701530865,4.181262744524449,214.33316651999996,0.6338027673133122,0.904772372471404,0.5031757208745572,12790.523612999528,2.9218666666666757,0.0,0.0,0.0,13.36492800000002,1.8857579013408734,0.0962,0.652,22.7224,52.4932,synthetic_default
demand_sweep,attack_1.60,default,adversarial_explanation_flood,rate_limited,6,5000,0.02201503553854601,4.215665085450968,217.00504832000126,0.4244137061877017,0.7137187368158175,0.9161817973507718,33661.005312486544,2.221486111111096,0.0,0.0,0.0,9.517455999999875,1.8721169228277033,0.0,0.5502,22.6934,52.6752,synthetic_default
demand_sweep,attack_1.60,default,adversarial_explanation_flood,fifo_explanation,6,5000,0.025737609174652294,4.299330620518652,220.73024599999903,0.525530870258991,0.24198328397060673,0.9211703694611554,38667.49108564562,2.8305472222221977,0.0,0.0,0.0,11.9882,1.8837151680869235,0.0,0.6468,22.8116,52.7366,synthetic_default
demand_sweep,attack_1.60,default,adversarial_explanation_flood,static_coarse_full,6,5000,0.02366611438791434,4.275787687923308,219.19545348000028,0.6312306920497444,0.9035306857057939,0.5007397530342659,12893.50593960842,2.9048861111111286,0.0,0.0,0.0,13.30002399999993,1.8823775638342375,0.0856,0.6566,22.7238,52.558,synthetic_default
demand_sweep,attack_1.60,default,adversarial_explanation_flood,static_offload,6,5000,0.014176187089486652,3.831372445175051,198.47590388000003,0.5816450277584115,0.7668181392687831,0.7725148500869616,11727.122748586122,3.3850000000000002,0.5106576404028279,0.0,0.0,3.5723039999997,1.8726963396251763,0.0,0.7062,22.6598,52.5866,synthetic_default
demand_sweep,attack_1.60,default,adversarial_explanation_flood,budget_only_bexgov,6,5000,0.021914614446988594,4.257262975949382,219.1587767199998,0.49503322886217693,0.7023855485109289,0.4429086886670696,19498.126299734053,1.1190316666668647,0.0,0.0850781778117236,0.47148989965498167,9.437275999999724,1.883549966014685,0.001,0.2996,22.7814,52.6698,synthetic_default
demand_sweep,attack_1.60,default,adversarial_explanation_flood,xai_gate,6,5000,0.014065380691335465,3.7756932594984907,195.41564064000022,0.29853810621518145,0.3227967164007041,0.45546470240145265,24452.361117528475,1.0000377777778675,0.09685311288342474,0.06906723898854474,0.23816715684975667,4.328487999999815,1.8735343383584522,0.0068,0.5742,22.6446,52.536,synthetic_default
demand_sweep,attack_1.60,default,adversarial_explanation_flood,never_explain,7,5000,0.008847635486562797,3.6234846153845988,188.4212,0.0,0.0,0.0,46773.14412599649,0.0,0.0,0.0,0.0,0.0,1.8786695269702927,0.0,0.0,22.6646,52.4886,synthetic_default
demand_sweep,attack_1.60,default,adversarial_explanation_flood,always_explain,7,5000,0.030001470183906694,4.402229620663215,223.42183499999973,1.0,1.0,0.8500000000000026,0.0,5.336394444444461,0.0,0.0,0.0,22.6012,1.8768762346999024,0.8012,0.8136,22.6012,52.3744,synthetic_default
demand_sweep,attack_1.60,default,adversarial_explanation_flood,threshold_explain,7,5000,0.022925314566005557,4.314092997819043,221.15037107999981,0.6339561901071038,0.9046444564918006,0.5032298125704625,12875.736207288424,2.9197083333333462,0.0,0.0,0.0,13.35724799999987,1.8825315581553617,0.0942,0.656,22.7072,52.5168,synthetic_default
demand_sweep,attack_1.60,default,adversarial_explanation_flood,rate_limited,7,5000,0.019673577724664246,4.25696225540419,219.13461528000124,0.4223003994206191,0.7108770578799941,0.916026862134049,33774.885564721975,2.217652777777768,0.0,0.0,0.0,9.504207999999892,1.8903486737609172,0.0,0.5486,22.783,52.5496,synthetic_default
demand_sweep,attack_1.60,default,adversarial_explanation_flood,fifo_explanation,7,5000,0.02114581547312825,4.233342744340825,217.34170299999923,0.5294159198269393,0.24715579934755766,0.9205876120259614,37758.58513244568,2.831397222222205,0.0,0.0,0.0,11.9918,1.8768106278536543,0.0,0.647,22.651,52.491,synthetic_default
demand_sweep,attack_1.60,default,adversarial_explanation_flood,static_coarse_full,7,5000,0.025035636474210365,4.26709055405122,218.76100515999994,0.6308334067871331,0.903317642828941,0.500272807404144,12808.623074723997,2.8967000000000187,0.0,0.0,0.0,13.26746399999997,1.8748083672254086,0.089,0.653,22.69,52.618,synthetic_default
demand_sweep,attack_1.60,default,adversarial_explanation_flood,static_offload,7,5000,0.01221742055932331,3.9888378229666785,206.63529176000006,0.5823006429875488,0.7677328293382906,0.7751468110816337,11524.622204655047,3.4012333333333373,0.5132346066662551,0.0,0.0,3.5606399999997143,1.8798547080189971,0.0,0.707,22.6754,52.492,synthetic_default
demand_sweep,attack_1.60,default,adversarial_explanation_flood,budget_only_bexgov,7,5000,0.019023943120237325,4.073555783013791,209.71949315999964,0.49399478588669893,0.7024567512365252,0.4417230354594952,19455.592713376736,1.1165800000001975,0.0,0.0856805650971481,0.46776409660201873,9.38772399999982,1.8825274478367393,0.002,0.2974,22.7076,52.5178,synthetic_default
demand_sweep,attack_1.60,default,adversarial_explanation_flood,xai_gate,7,5000,0.014223093760706537,3.9579886277224636,204.86704037999976,0.2958105619344002,0.31887085370247575,0.4589913026620718,24489.273871203237,1.0000805555556553,0.10448260973009173,0.06867989038005692,0.23803565291717702,4.149731999999824,1.880023348179726,0.0052,0.5726,22.6966,52.538,synthetic_default
demand_sweep,attack_1.60,default,adversarial_explanation_flood,never_explain,8,5000,0.007884297457552699,3.4370076923077,178.7244,0.0,0.0,0.0,46564.225224796595,0.0,0.0,0.0,0.0,0.0,1.8798366887732425,0.0,0.0,22.628,52.3826,synthetic_default
demand_sweep,attack_1.60,default,adversarial_explanation_flood,always_explain,8,5000,0.03284714949943455,4.435794052713502,225.1151310000004,1.0,1.0,0.8500000000000013,0.0,5.343572222222231,0.0,0.0,0.0,22.6316,1.8727267649899852,0.8074,0.8134,22.6316,52.5206,synthetic_default
demand_sweep,attack_1.60,default,adversarial_explanation_flood,threshold_explain,8,5000,0.021912440621878655,4.144201992288721,212.4458954400002,0.6331419177985589,0.9041523679695672,0.5023948242884727,12830.417862079556,2.9112916666666715,0.0,0.0,0.0,13.324847999999973,1.8835210304661563,0.0882,0.657,22.6906,52.4604,synthetic_default
demand_sweep,attack_1.60,default,adversarial_explanation_flood,rate_limited,8,5000,0.021212763111901713,4.247620362408852,218.6482584800016,0.4247451429578396,0.7143810058867501,0.9166782677650982,33736.062540464125,2.2252361111110943,0.0,0.0,0.0,9.530415999999887,1.8747903970171769,0.0,0.5504,22.699,52.6392,synthetic_default
demand_sweep,attack_1.60,default,adversarial_explanation_flood,fifo_explanation,8,5000,0.026617663774485007,4.3192719090200935,221.75324499999908,0.5250672107747411,0.24305487461872918,0.9212399183837879,38521.811839045586,2.8313972222221984,0.0,0.0,0.0,11.9918,1.8844264261988735,0.0,0.647,22.8386,52.786,synthetic_default
demand_sweep,attack_1.60,default,adversarial_explanation_flood,static_coarse_full,8,5000,0.023540002816590508,4.22981561158698,216.82712340000006,0.6324791507386194,0.9041116641163385,0.5018999411211623,12953.344639483994,2.917377777777795,0.0,0.0,0.0,13.35169599999992,1.8874619855440282,0.0944,0.6536,22.7586,52.5458,synthetic_default
demand_sweep,attack_1.60,default,adversarial_explanation_flood,static_offload,8,5000,0.013872730316091385,4.029897511776207,208.75818144000002,0.5813599387248383,0.7666460468739013,0.7720344936876274,11712.409746452791,3.391327777777787,0.510291761308612,0.0,0.0,3.5806479999997,1.8806963217140233,0.0,0.7046,22.7172,52.5734,synthetic_default
demand_sweep,attack_1.60,default,adversarial_explanation_flood,budget_only_bexgov,8,5000,0.018477045033788702,4.183273446579002,215.37237957999943,0.4937101927694196,0.7025782739005729,0.4414745445558537,19238.466780408206,1.1154844444446446,0.0,0.08507802570258438,0.46742162123993786,9.365479999999804,1.8772052792105098,0.0016,0.2926,22.6592,52.5028,synthetic_default
demand_sweep,attack_1.60,default,adversarial_explanation_flood,xai_gate,8,5000,0.012064264902177647,3.7127899414365717,192.13309455999996,0.29697174311278335,0.31982339711954105,0.460058496092883,24357.8538250588,1.0000650000000932,0.10584164461632403,0.06905370843989769,0.2395153939415393,4.131823999999826,1.8729898427469056,0.0058,0.5728,22.5998,52.442,synthetic_default
demand_sweep,attack_1.60,default,adversarial_explanation_flood,never_explain,9,5000,0.00836598417514064,3.5112846153846187,182.5868,0.0,0.0,0.0,47206.701613796475,0.0,0.0,0.0,0.0,0.0,1.8904507086630211,0.0,0.0,22.7512,52.4744,synthetic_default
demand_sweep,attack_1.60,default,adversarial_explanation_flood,always_explain,9,5000,0.035941495581134,4.483960193660905,227.51366700000008,1.0,1.0,0.8500000000000023,0.0,5.389141666666681,0.0,0.0,0.0,22.8246,1.888283171865035,0.8094,0.8144,22.8246,52.6832,synthetic_default
demand_sweep,attack_1.60,default,adversarial_explanation_flood,threshold_explain,9,5000,0.02287036822620701,4.24667240036563,217.6982576399995,0.6348849557522124,0.9051320062500018,0.5041000000000025,12613.38979203958,2.9119611111111277,0.0,0.0,0.0,13.317519999999986,1.8692291676188364,0.096,0.6542,22.6,52.5112,synthetic_default
demand_sweep,attack_1.60,default,adversarial_explanation_flood,rate_limited,9,5000,0.023440217770431516,4.269259367909525,219.76101128000133,0.4231961975317294,0.7123436149833005,0.9170566859189312,33963.49964704421,2.2257361111110887,0.0,0.0,0.0,9.532143999999866,1.8794932844006942,0.0,0.5516,22.7852,52.7528,synthetic_default
demand_sweep,attack_1.60,default,adversarial_explanation_flood,fifo_explanation,9,5000,0.01878375281671263,4.249100918633507,218.1511309999993,0.5310537272445409,0.2487371089377215,0.9203419409133202,37646.99141082343,2.8308777777777667,0.0,0.0,0.0,11.9896,1.8742568333142433,0.0,0.6466,22.577,52.366,synthetic_default
demand_sweep,attack_1.60,default,adversarial_explanation_flood,static_coarse_full,9,5000,0.02534998347120005,4.262941549168581,218.52435120000018,0.6332262515820575,0.9041049198415014,0.5024306532133328,12855.271556457312,2.919550000000009,0.0,0.0,0.0,13.363655999999915,1.8821160917050759,0.097,0.6544,22.7552,52.6354,synthetic_default
demand_sweep,attack_1.60,default,adversarial_explanation_flood,static_offload,9,5000,0.012760406234411076,3.9772587093320464,206.03165328000014,0.5805570462123141,0.7665806236005551,0.7709971760607602,11787.729647623895,3.3893444444444425,0.5096198678642749,0.0,0.0,3.5780799999996744,1.885706270840712,0.0,0.7076,22.7342,52.5214,synthetic_default
demand_sweep,attack_1.60,default,adversarial_explanation_flood,budget_only_bexgov,9,5000,0.01777051435543523,4.1124185682782555,211.7191367600002,0.49419448744110833,0.702333528965054,0.4421836522901555,19393.949534470106,1.117108333333535,0.0,0.08630303243509463,0.46903363118272007,9.405887999999784,1.8902530471142964,0.0022,0.2956,22.7408,52.454,synthetic_default
demand_sweep,attack_1.60,default,adversarial_explanation_flood,xai_gate,9,5000,0.01823819372055205,3.956955939445809,204.80995173999992,0.2956013730620103,0.320048669806282,0.4560686882165977,24667.857783075695,1.0000511111111978,0.10080241602725054,0.06834582901690868,0.237292153178937,4.225967999999834,1.8784530456548127,0.0058,0.575,22.7812,52.7626,synthetic_default
demand_sweep,attack_1.60,default,adversarial_explanation_flood,never_explain,10,5000,0.010080453430207125,3.6730192307692313,190.997,0.0,0.0,0.0,47127.240431996666,0.0,0.0,0.0,0.0,0.0,1.8822742517323863,0.0,0.0,22.7312,52.577,synthetic_default
demand_sweep,attack_1.60,default,adversarial_explanation_flood,always_explain,10,5000,0.034536349330637234,4.485494181734916,227.62561200000047,1.0,1.0,0.8499999999999983,0.0,5.356369444444433,0.0,0.0,0.0,22.6858,1.874319930871775,0.8132,0.8138,22.6858,52.6172,synthetic_default
demand_sweep,attack_1.60,default,adversarial_explanation_flood,threshold_explain,10,5000,0.025878206788143003,4.271856528438108,218.98605491999993,0.6335639315079366,0.9039344034331982,0.5026208877882848,12824.704904666241,2.9122833333333453,0.0,0.0,0.0,13.332911999999874,1.8723233259040146,0.092,0.6534,22.6946,52.6742,synthetic_default
demand_sweep,attack_1.60,default,adversarial_explanation_flood,rate_limited,10,5000,0.0179730679058706,4.109201424875378,211.52560464000138,0.42512008830021913,0.7139172577252743,0.9159046357615898,33712.11810593751,2.2205694444444357,0.0,0.0,0.0,9.514287999999874,1.878175046412962,0.0,0.5508,22.65,52.4638,synthetic_default
demand_sweep,attack_1.60,default,adversarial_explanation_flood,fifo_explanation,10,5000,0.02029474679610561,4.247730624167163,218.08083199999913,0.5289311616580493,0.24550402317939576,0.9206603257512948,37666.4414280458,2.830877777777754,0.0,0.0,0.0,11.9896,1.8810704939264853,0.0,0.6468,22.6676,52.4518,synthetic_default
demand_sweep,attack_1.60,default,adversarial_explanation_flood,static_coarse_full,10,5000,0.02517249628579791,4.334788885416512,222.22104603999992,0.6321040430839199,0.903877025159304,0.5015301490485075,12810.979344750649,2.9059666666666804,0.0,0.0,0.0,13.30180799999994,1.8739121789099125,0.0908,0.6538,22.6906,52.6358,synthetic_default
demand_sweep,attack_1.60,default,adversarial_explanation_flood,static_offload,10,5000,0.014605439120618464,4.092858836731795,212.01793231999966,0.5837747965691643,0.7674035080010457,0.7763300637783368,11672.009375237265,3.414333333333334,0.5136485594897735,0.0,0.0,3.5870879999997096,1.880466043822108,0.0,0.7084,22.735,52.6188,synthetic_default
demand_sweep,attack_1.60,default,adversarial_explanation_flood,budget_only_bexgov,10,5000,0.01944378313372228,4.216328414557339,217.06868039999966,0.49380483453597035,0.7026468205038805,0.4416671818559175,19408.941932688253,1.115381111111304,0.0,0.08563328534713452,0.46737085677444423,9.362723999999757,1.8727500149058125,0.0018,0.2944,22.6454,52.5522,synthetic_default
demand_sweep,attack_1.60,default,adversarial_explanation_flood,xai_gate,10,5000,0.017120130772033136,4.059698255121571,210.15507998,0.29489805038336464,0.3178784049527345,0.4559096604600193,24925.099389149924,1.0000783333334262,0.10057393209200438,0.06857393209200438,0.236092004381161,4.223551999999824,1.8872815406256,0.007,0.5774,22.825,52.7024,synthetic_default
demand_sweep,attack_1.60,default,adversarial_explanation_flood,never_explain,11,5000,0.009961303873037132,3.7453730769230575,194.7594,0.0,0.0,0.0,46831.83886939653,0.0,0.0,0.0,0.0,0.0,1.87079349255692,0.0,0.0,22.6348,52.5634,synthetic_default
demand_sweep,attack_1.60,default,adversarial_explanation_flood,always_explain,11,5000,0.03561088790831559,4.522461732778949,229.48156500000044,1.0,1.0,0.8499999999999968,0.0,5.377430555555535,0.0,0.0,0.0,22.775,1.8828603037414537,0.81,0.815,22.775,52.6676,synthetic_default
demand_sweep,attack_1.60,default,adversarial_explanation_flood,threshold_explain,11,5000,0.02362335469727649,4.196642071877772,215.13416220000062,0.6332934960927161,0.9044019644175065,0.5026098537635177,12789.778044621828,2.911336111111111,0.0,0.0,0.0,13.321983999999933,1.8767234511141306,0.0966,0.658,22.6756,52.5496,synthetic_default
demand_sweep,attack_1.60,default,adversarial_explanation_flood,rate_limited,11,5000,0.0205500509528955,4.231330993436842,217.8137854800012,0.4240683298231391,0.7157795253289687,0.9158628468703469,33536.43452563527,2.2189027777777666,0.0,0.0,0.0,9.508527999999888,1.8766585040635548,0.0,0.5494,22.6958,52.5976,synthetic_default
demand_sweep,attack_1.60,default,adversarial_explanation_flood,fifo_explanation,11,5000,0.020024909878120407,4.210241745420345,216.15556899999953,0.5308084563900988,0.24789337893511595,0.9203787315414861,37910.55385086801,2.8313499999999916,0.0,0.0,0.0,11.9916,1.8726086707738037,0.0,0.6468,22.5912,52.429,synthetic_default
demand_sweep,attack_1.60,default,adversarial_explanation_flood,static_coarse_full,11,5000,0.02160769028320782,4.140941625480929,212.29116528000046,0.6300294384656718,0.9029126651420949,0.49947953850357574,12943.187186346204,2.8910944444444593,0.0,0.0,0.0,13.24683999999997,1.88501954801183,0.0904,0.654,22.6914,52.435,synthetic_default
demand_sweep,attack_1.60,default,adversarial_explanation_flood,static_offload,11,5000,0.013241799080811656,3.8109179462904286,197.4179952800001,0.580522591517481,0.7668905838787224,0.7715075128596776,11658.763621177208,3.3824277777777882,0.5102215477461421,0.0,0.0,3.561687999999717,1.8771026655446494,0.0,0.7042,22.6678,52.5246,synthetic_default
demand_sweep,attack_1.60,default,adversarial_explanation_flood,budget_only_bexgov,11,5000,0.02162315255782153,4.296518343863464,221.18987185999913,0.49428223011803407,0.7021197200105335,0.442326621923938,19476.864136077584,1.1188466666668702,0.0,0.08495854717726016,0.47090406632451637,9.43142399999978,1.8859519197903656,0.0024,0.2988,22.797,52.662,synthetic_default
demand_sweep,attack_1.60,default,adversarial_explanation_flood,xai_gate,11,5000,0.017115363097745834,3.809713083336178,197.14255853999998,0.2951019527742192,0.31668583545877854,0.4596239721082546,24699.929319055627,1.0000333333334186,0.10553608846472153,0.0688841541793594,0.2374319874628022,4.120935999999825,1.8740130084880358,0.006,0.5774,22.7164,52.6938,synthetic_default
demand_sweep,attack_1.60,default,adversarial_explanation_flood,never_explain,12,5000,0.007811844403927282,3.3389730769230876,173.6266,0.0,0.0,0.0,46790.545162396615,0.0,0.0,0.0,0.0,0.0,1.881863653817296,0.0,0.0,22.6658,52.4332,synthetic_default
demand_sweep,attack_1.60,default,adversarial_explanation_flood,always_explain,12,5000,0.03395106837037861,4.4076234791755,223.65578700000034,1.0,1.0,0.8500000000000008,0.0,5.369025000000005,0.0,0.0,0.0,22.7394,1.8834017430205021,0.8064,0.8124,22.7394,52.5754,synthetic_default
demand_sweep,attack_1.60,default,adversarial_explanation_flood,threshold_explain,12,5000,0.027959569703422785,4.366555658593767,223.8313737600002,0.6341557745216102,0.9047193743678904,0.5033937785122244,12895.476440421755,2.926644444444463,0.0,0.0,0.0,13.38879999999991,1.8738728839141525,0.0866,0.658,22.7534,52.7822,synthetic_default
demand_sweep,attack_1.60,default,adversarial_explanation_flood,rate_limited,12,5000,0.02056550260525647,4.210544685283354,216.74446388000146,0.42416021583114316,0.7116263306996319,0.9156883144363526,33724.285951359605,2.217861111111103,0.0,0.0,0.0,9.504927999999877,1.8758478175433244,0.0,0.5494,22.6844,52.586,synthetic_default
demand_sweep,attack_1.60,default,adversarial_explanation_flood,fifo_explanation,12,5000,0.022385299981735742,4.204613667628418,215.86651999999913,0.5286866816558656,0.24554294644398084,0.9206969977516151,37879.04649391226,2.8314916666666337,0.0,0.0,0.0,11.9922,1.8769176914647505,0.0,0.647,22.683,52.5632,synthetic_default
demand_sweep,attack_1.60,default,adversarial_explanation_flood,static_coarse_full,12,5000,0.023709888428871503,4.233751175371898,217.0385562799999,0.6316686024003105,0.9041613032634,0.5013462147608521,12880.199569132868,2.9112333333333495,0.0,0.0,0.0,13.320671999999945,1.8831927912569566,0.0882,0.658,22.7304,52.5584,synthetic_default
demand_sweep,attack_1.60,default,adversarial_explanation_flood,static_offload,12,5000,0.014831519570018346,3.8913848486162186,201.58657167999976,0.5825047877081625,0.7678363378845814,0.7756863852582927,11580.526497552813,3.4019777777777738,0.5137188798969209,0.0,0.0,3.5570559999997227,1.871384351840935,0.0,0.7054,22.6622,52.6162,synthetic_default
demand_sweep,attack_1.60,default,adversarial_explanation_flood,budget_only_bexgov,12,5000,0.021625578674244302,4.245850875011954,218.58355909999995,0.4934114326909929,0.7023101645820052,0.44165670277113495,19469.916572138136,1.1171850000002026,0.0,0.08560451540301027,0.46903572935715293,9.398803999999757,1.880714404205178,0.0026,0.296,22.7488,52.6462,synthetic_default
demand_sweep,attack_1.60,default,adversarial_explanation_flood,xai_gate,12,5000,0.01355956233391454,3.924072475788071,203.1093281799998,0.2945993172379937,0.3151810292801786,0.45920347363975333,24685.471596879204,1.0000588888889805,0.1074382346730485,0.06888329696628423,0.23769092700781305,4.079327999999812,1.8846773722775954,0.0048,0.5764,22.7312,52.5332,synthetic_default
demand_sweep,attack_1.60,default,adversarial_explanation_flood,never_explain,13,5000,0.0081067264847708,3.4117615384615556,177.4116,0.0,0.0,0.0,47109.394645596665,0.0,0.0,0.0,0.0,0.0,1.8870373761419335,0.0,0.0,22.7032,52.4256,synthetic_default
demand_sweep,attack_1.60,default,adversarial_explanation_flood,always_explain,13,5000,0.03584994380913336,4.491978532012782,227.91086700000068,1.0,1.0,0.8499999999999975,0.0,5.399719444444429,0.0,0.0,0.0,22.8694,1.8942599257875514,0.8186,0.8146,22.8694,52.6776,synthetic_default
demand_sweep,attack_1.60,default,adversarial_explanation_flood,threshold_explain,13,5000,0.026463430499314988,4.318759226435411,221.3863011200001,0.6322305815015111,0.9044898951217368,0.5018527459793566,12823.137350648462,2.9213055555555756,0.0,0.0,0.0,13.364791999999909,1.8820130979895082,0.095,0.6572,22.7824,52.7002,synthetic_default
demand_sweep,attack_1.60,default,adversarial_explanation_flood,rate_limited,13,5000,0.019017239632337233,4.225843087295017,217.53212776000072,0.4245287181840638,0.7158134098268586,0.9155399442228276,33620.22363101096,2.2173611111111007,0.0,0.0,0.0,9.503199999999877,1.8774113760191153,0.0,0.5498,22.6616,52.5046,synthetic_default
demand_sweep,attack_1.60,default,adversarial_explanation_flood,fifo_explanation,13,5000,0.022642584900492427,4.29700249551752,220.61072299999898,0.5278457826232453,0.245604804648681,0.920823132606518,37842.6146994455,2.83045277777776,0.0,0.0,0.0,11.9878,1.8795670784898437,0.0,0.6468,22.7108,52.5792,synthetic_default
demand_sweep,attack_1.60,default,adversarial_explanation_flood,static_coarse_full,13,5000,0.027849096269126156,4.3952034691818005,225.32050655999984,0.6308952205074089,0.9035243244046548,0.5004603614298918,12879.682188337278,2.905616666666682,0.0,0.0,0.0,13.303799999999937,1.8726137336778965,0.0962,0.655,22.743,52.7812,synthetic_default
demand_sweep,attack_1.60,default,adversarial_explanation_flood,static_offload,13,5000,0.013583702920033013,3.8817977925166707,201.08696424000001,0.5802295333497942,0.7662689519118433,0.770024249585584,11688.584869775035,3.376394444444446,0.5087210327678036,0.0,0.0,3.573207999999673,1.8771312917584826,0.0,0.7054,22.6808,52.5542,synthetic_default
demand_sweep,attack_1.60,default,adversarial_explanation_flood,budget_only_bexgov,13,5000,0.021216450415468265,4.190483079214257,215.73948751999978,0.4943636923077314,0.7023956952266538,0.4421942857142892,19396.29489556208,1.117397777777974,0.0,0.08647912087912088,0.4686681318681319,9.410407999999807,1.8812385146233774,0.0016,0.2954,22.75,52.6394,synthetic_default
demand_sweep,attack_1.60,default,adversarial_explanation_flood,xai_gate,13,5000,0.016386127791134457,3.8149296165635684,197.42580436000014,0.2946845272080607,0.31711613056669036,0.456737318283629,24654.031527835636,1.000013888888983,0.10428213799464184,0.06875137248012649,0.23671658834380077,4.143655999999807,1.882637203478566,0.0072,0.5762,22.769,52.6578,synthetic_default
demand_sweep,attack_1.60,default,adversarial_explanation_flood,never_explain,14,5000,0.01238786194538407,4.009242307692278,208.4806,0.0,0.0,0.0,47115.35478739636,0.0,0.0,0.0,0.0,0.0,1.8755936720538484,0.0,0.0,22.7232,52.6806,synthetic_default
demand_sweep,attack_1.60,default,adversarial_explanation_flood,always_explain,14,5000,0.030810589613372717,4.421091176777821,224.37911700000038,1.0,1.0,0.8499999999999959,0.0,5.33365555555553,0.0,0.0,0.0,22.5896,1.8730408859144814,0.801,0.8136,22.5896,52.4174,synthetic_default
demand_sweep,attack_1.60,default,adversarial_explanation_flood,threshold_explain,14,5000,0.024988310784869065,4.233884159112136,217.04007583999905,0.6322840944051343,0.9035938767189294,0.5015180415769348,12881.448393363984,2.912700000000008,0.0,0.0,0.0,13.337663999999947,1.8830863075891777,0.095,0.6592,22.753,52.6126,synthetic_default
demand_sweep,attack_1.60,default,adversarial_explanation_flood,rate_limited,14,5000,0.023762020960070136,4.262744080196766,219.42870636000112,0.4234415390296646,0.7138361783967796,0.9164049448713664,33808.943737137684,2.2216944444444313,0.0,0.0,0.0,9.51817599999987,1.8738668738668784,0.0,0.5494,22.7468,52.767,synthetic_default
demand_sweep,attack_1.60,default,adversarial_explanation_flood,fifo_explanation,14,5000,0.023207370714070627,4.292564781889105,220.38254499999903,0.5270885719812199,0.2454780600564156,0.9209367142028131,38309.69866062351,2.8309722222222042,0.0,0.0,0.0,11.99,1.8826431367480088,0.0,0.6468,22.7476,52.6082,synthetic_default
demand_sweep,attack_1.60,default,adversarial_explanation_flood,static_coarse_full,14,5000,0.02552667193459663,4.310054165564627,220.93912020000033,0.6324303466661975,0.9035674756536927,0.5016000315709197,12954.874650417287,2.919675000000018,0.0,0.0,0.0,13.37071199999997,1.8879653127073701,0.096,0.6578,22.8058,52.6456,synthetic_default
demand_sweep,attack_1.60,default,adversarial_explanation_flood,static_offload,14,5000,0.013702176941169283,3.9527239522685247,204.76342904000015,0.581077717463259,0.7668357349496204,0.7720601968313021,11652.748734126128,3.3832888888888877,0.5104991394148021,0.0,0.0,3.5656159999996957,1.8745518621980986,0.0,0.7048,22.659,52.5508,synthetic_default
demand_sweep,attack_1.60,default,adversarial_explanation_flood,budget_only_bexgov,14,5000,0.01762687091568717,3.9673948093600915,204.25915432000036,0.4929079291111029,0.7027519175305029,0.4408732260114372,19378.063779723834,1.1150711111113116,0.0,0.08527501235613924,0.466444256160418,9.35363199999981,1.8816126288001116,0.002,0.293,22.6608,52.4262,synthetic_default
demand_sweep,attack_1.60,default,adversarial_explanation_flood,xai_gate,14,5000,0.013136070695179422,3.9299497878441767,203.44926414,0.29688765173271764,0.32090980159987886,0.4556300981307564,24424.399103483254,1.0000022222223184,0.10040344602808267,0.06908793009284545,0.23769841968957559,4.243427999999793,1.883329079024736,0.005,0.5712,22.7044,52.4958,synthetic_default
demand_sweep,attack_1.60,default,adversarial_explanation_flood,never_explain,15,5000,0.010597856074645438,3.6463538461538234,189.6104,0.0,0.0,0.0,47217.7759045966,0.0,0.0,0.0,0.0,0.0,1.879597953744887,0.0,0.0,22.7018,52.5578,synthetic_default
demand_sweep,attack_1.60,default,adversarial_explanation_flood,always_explain,15,5000,0.03303735097118628,4.389642074527465,222.76275700000025,1.0,1.0,0.849999999999999,0.0,5.352874999999994,0.0,0.0,0.0,22.671,1.8775745667645403,0.8116,0.8152,22.671,52.5234,synthetic_default
demand_sweep,attack_1.60,default,adversarial_explanation_flood,threshold_explain,15,5000,0.024729735770735214,4.240322007710998,217.3686981600006,0.6323784577249998,0.9039645281283659,0.50173864125801,12913.55255579948,2.915150000000003,0.0,0.0,0.0,13.344143999999899,1.8830931537086344,0.0914,0.6576,22.7534,52.6134,synthetic_default
demand_sweep,attack_1.60,default,adversarial_explanation_flood,rate_limited,15,5000,0.01851788501402297,4.196789338897828,216.03602168000097,0.4250927463519757,0.7147441162575917,0.9156909161572985,33379.318762926494,2.2191111111110984,0.0,0.0,0.0,9.509247999999875,1.875970410112593,0.0,0.5496,22.6424,52.4864,synthetic_default
demand_sweep,attack_1.60,default,adversarial_explanation_flood,fifo_explanation,15,5000,0.02154211035449271,4.217054046363746,216.50587399999912,0.528469045037421,0.2454134418082737,0.9207296432443904,38041.812497823346,2.830924999999974,0.0,0.0,0.0,11.9898,1.8802004783449786,0.0,0.6468,22.6878,52.5144,synthetic_default
demand_sweep,attack_1.60,default,adversarial_explanation_flood,static_coarse_full,15,5000,0.02493355098131623,4.260471883258962,218.39761347999945,0.6352161871328522,0.9046167373211733,0.5041482174043442,12805.77957166628,2.9202388888888957,0.0,0.0,0.0,13.362319999999917,1.8725986510385697,0.092,0.6572,22.6748,52.6232,synthetic_default
demand_sweep,attack_1.60,default,adversarial_explanation_flood,static_offload,15,5000,0.01473932692746262,4.039096196319469,209.2306639600001,0.5846608278576167,0.7676094315245666,0.7776672581608928,11660.462916999497,3.425272222222228,0.5146087353736954,0.0,0.0,3.5959759999996996,1.8845676290676474,0.0,0.7048,22.7672,52.6184,synthetic_default
demand_sweep,attack_1.60,default,adversarial_explanation_flood,budget_only_bexgov,15,5000,0.022117866064310408,4.285500202506653,220.6332332799998,0.49201055919753717,0.7024824990220415,0.44021734348189634,19447.741336126557,1.1159566666668623,0.0,0.08442078402041445,0.4669101148312728,9.366591999999756,1.8762512179998216,0.003,0.2942,22.729,52.682,synthetic_default
demand_sweep,attack_1.60,default,adversarial_explanation_flood,xai_gate,15,5000,0.016455563359161155,4.045152134359835,209.41928131999998,0.29600429154356167,0.3195816612704652,0.45676340227944007,24442.850427394875,1.0000244444445356,0.10215280709159984,0.06877022653721683,0.23786407766990292,4.202095999999826,1.8779360011540867,0.0058,0.5722,22.7424,52.6822,synthetic_default
demand_sweep,attack_1.60,default,adversarial_explanation_flood,never_explain,16,5000,0.012458588380838896,3.9835576923076434,207.145,0.0,0.0,0.0,46760.469535996584,0.0,0.0,0.0,0.0,0.0,1.8695864467154646,0.0,0.0,22.6852,52.7026,synthetic_default
demand_sweep,attack_1.60,default,adversarial_explanation_flood,always_explain,16,5000,0.033510445602952944,4.439292076379994,225.31150100000022,1.0,1.0,0.8499999999999965,0.0,5.324588888888868,0.0,0.0,0.0,22.5512,1.8604842903712746,0.804,0.8118,22.5512,52.558,synthetic_default
demand_sweep,attack_1.60,default,adversarial_explanation_flood,threshold_explain,16,5000,0.02182275718501461,4.223573225967427,216.52726508000032,0.6319845661551527,0.9044391301644108,0.5016901209249712,12741.208488626247,2.90050833333335,0.0,0.0,0.0,13.268591999999972,1.8754800812357209,0.093,0.6592,22.6256,52.4564,synthetic_default
demand_sweep,attack_1.60,default,adversarial_explanation_flood,rate_limited,16,5000,0.018940782522918784,4.177366909239372,215.0351810800014,0.42442100435679797,0.7146946197979864,0.9157991286402216,33451.37698435087,2.2189444444444315,0.0,0.0,0.0,9.508671999999885,1.8789754253932087,0.0,0.549,22.6772,52.5122,synthetic_default
demand_sweep,attack_1.60,default,adversarial_explanation_flood,fifo_explanation,16,5000,0.022462254099919563,4.204326267473288,215.8530529999995,0.5271337602026457,0.24458643625294743,0.9209299359696048,38165.290057378996,2.8301694444444196,0.0,0.0,0.0,11.9866,1.8841114620194621,0.0,0.647,22.7392,52.562,synthetic_default
demand_sweep,attack_1.60,default,adversarial_explanation_flood,static_coarse_full,16,5000,0.021319003585870158,4.235767373515471,217.1414661599998,0.633559691482226,0.904679089748271,0.5029311835927837,12754.59579865733,2.9124444444444406,0.0,0.0,0.0,13.323495999999908,1.8818188754100933,0.0936,0.6562,22.6632,52.428,synthetic_default
demand_sweep,attack_1.60,default,adversarial_explanation_flood,static_offload,16,5000,0.014152835096632847,3.899799481308082,202.01718220000035,0.5830738682892035,0.7673614330737918,0.7753941726029768,11577.478770866179,3.406972222222217,0.5130275520177516,0.0,0.0,3.5794159999997035,1.8792615184911976,0.0,0.706,22.7134,52.5908,synthetic_default
demand_sweep,attack_1.60,default,adversarial_explanation_flood,budget_only_bexgov,16,5000,0.017176742225088058,4.087004096788156,210.4135457200002,0.4948566713148836,0.7029045502826582,0.44295050571020156,19255.807361410512,1.116618888889081,0.0,0.08647379662153813,0.4697368188798475,9.389999999999777,1.8820812968424643,0.0022,0.2944,22.6612,52.4186,synthetic_default
demand_sweep,attack_1.60,default,adversarial_explanation_flood,xai_gate,16,5000,0.012870426717696924,3.8180957773356523,197.6035284,0.3012424036020544,0.32881284468388067,0.4505307526957795,24135.836593651642,1.0000238888889827,0.0891222234999602,0.06894477518200394,0.23900678478862775,4.511291999999808,1.872917365537285,0.007,0.5686,22.6094,52.4656,synthetic_default
demand_sweep,attack_1.60,default,adversarial_explanation_flood,never_explain,17,5000,0.009596096090380684,3.7105576923076864,192.949,0.0,0.0,0.0,47105.72965119675,0.0,0.0,0.0,0.0,0.0,1.8775092528799178,0.0,0.0,22.6786,52.5422,synthetic_default
demand_sweep,attack_1.60,default,adversarial_explanation_flood,always_explain,17,5000,0.0371207237815005,4.483597160033329,227.5210250000004,1.0,1.0,0.8499999999999994,0.0,5.362272222222218,0.0,0.0,0.0,22.7108,1.8705044882441135,0.809,0.8134,22.7108,52.7452,synthetic_default
demand_sweep,attack_1.60,default,adversarial_explanation_flood,threshold_explain,17,5000,0.02486256818864355,4.251549865361159,217.9467462800002,0.6324618391168868,0.9042046110038785,0.5019102448986793,12931.057741421748,2.912622222222236,0.0,0.0,0.0,13.329151999999922,1.8789197778428188,0.0968,0.6596,22.7196,52.6114,synthetic_default
demand_sweep,attack_1.60,default,adversarial_explanation_flood,rate_limited,17,5000,0.020978737991001212,4.2656031285351395,219.5758808800012,0.4234061162240792,0.7115260000591562,0.9165053664196612,33700.110582408604,2.222319444444436,0.0,0.0,0.0,9.52033599999987,1.8822358020187204,0.0,0.5518,22.7526,52.6272,synthetic_default
demand_sweep,attack_1.60,default,adversarial_explanation_flood,fifo_explanation,17,5000,0.021263734379761805,4.194346002407081,215.34010499999937,0.5290177389462536,0.24677860087854336,0.9206473391580701,38191.334856890186,2.8306416666666476,0.0,0.0,0.0,11.9886,1.8779335568424318,0.0,0.6468,22.662,52.496,synthetic_default
demand_sweep,attack_1.60,default,adversarial_explanation_flood,static_coarse_full,17,5000,0.020702119473738467,4.183530956899154,214.47739983999952,0.6328464213963941,0.9037066649525168,0.5019528104008314,12750.718319501771,2.895305555555575,0.0,0.0,0.0,13.258375999999926,1.8751000321884113,0.0872,0.653,22.5982,52.3998,synthetic_default
demand_sweep,attack_1.60,default,adversarial_explanation_flood,static_offload,17,5000,0.013795573682548471,4.006830043257424,207.56526536000047,0.5817381539545537,0.7674251764874219,0.7739689096353991,11675.939404012752,3.4003722222222326,0.512251189008279,0.0,0.0,3.5667439999997055,1.879858365958114,0.0,0.7068,22.708,52.5674,synthetic_default
demand_sweep,attack_1.60,default,adversarial_explanation_flood,budget_only_bexgov,17,5000,0.01751982076802806,4.153659342583448,213.84607369999932,0.493452625636265,0.7026123262333396,0.44143724142797736,19440.22875614296,1.1156677777779793,0.0,0.08534530666972469,0.4676481744484532,9.368179999999777,1.8820246857084735,0.0018,0.2958,22.6726,52.446,synthetic_default
demand_sweep,attack_1.60,default,adversarial_explanation_flood,xai_gate,17,5000,0.014058912810988344,4.024510834949478,208.32385652000008,0.295989881272434,0.3193363390602087,0.4580175931883655,24556.691808284966,1.0001044444445404,0.10580592844614069,0.06898892052215455,0.23890950437626154,4.127775999999813,1.878593548010596,0.0058,0.5756,22.6906,52.5502,synthetic_default
demand_sweep,attack_1.60,default,adversarial_explanation_flood,never_explain,18,5000,0.005992165854590618,3.3391961538461628,173.6382,0.0,0.0,0.0,46965.10076259648,0.0,0.0,0.0,0.0,0.0,1.88255788032229,0.0,0.0,22.6288,52.335,synthetic_default
demand_sweep,attack_1.60,default,adversarial_explanation_flood,always_explain,18,5000,0.03149963391474797,4.408085081033542,223.6931340000002,1.0,1.0,0.849999999999998,0.0,5.359533333333321,0.0,0.0,0.0,22.6992,1.8853619286591425,0.8126,0.8132,22.6992,52.4468,synthetic_default
demand_sweep,attack_1.60,default,adversarial_explanation_flood,threshold_explain,18,5000,0.026957799160291736,4.301477959165123,220.51478428,0.6333947867507607,0.9041376640482293,0.5025457592731475,12806.91530105287,2.9095277777778006,0.0,0.0,0.0,13.318383999999963,1.8664115430176693,0.0892,0.657,22.673,52.7326,synthetic_default
demand_sweep,attack_1.60,default,adversarial_explanation_flood,rate_limited,18,5000,0.02130841646974831,4.313699548650918,222.04373644000128,0.42544315618832684,0.7163397827948484,0.9174830842965872,33563.63106867076,2.231527777777767,0.0,0.0,0.0,9.552159999999892,1.8747343813713555,0.0,0.5534,22.7008,52.6444,synthetic_default
demand_sweep,attack_1.60,default,adversarial_explanation_flood,fifo_explanation,18,5000,0.02159417447630019,4.262705238126975,218.84971999999922,0.5277870714398916,0.24518339894141364,0.9208319392840173,38111.894567401214,2.830736111111098,0.0,0.0,0.0,11.989,1.8833892479014556,0.0,0.6468,22.7156,52.5206,synthetic_default
demand_sweep,attack_1.60,default,adversarial_explanation_flood,static_coarse_full,18,5000,0.024961910119192403,4.275242070787208,219.15927407999993,0.6318814534909263,0.9040530286120781,0.5014332791423181,12892.270516528484,2.9147750000000054,0.0,0.0,0.0,13.339535999999963,1.8833971864104342,0.0902,0.655,22.759,52.6208,synthetic_default
demand_sweep,attack_1.60,default,adversarial_explanation_flood,static_offload,18,5000,0.013013408863356878,3.7466705009097017,194.0879182,0.5825561693640864,0.7673085968460123,0.7747007536313965,11667.48176691722,3.3964555555555536,0.5125664060431705,0.0,0.0,3.568447999999676,1.8759782292828553,0.0,0.7086,22.6636,52.5354,synthetic_default
demand_sweep,attack_1.60,default,adversarial_explanation_flood,budget_only_bexgov,18,5000,0.019128278886676574,4.186446133301958,215.53312251999984,0.49516958806132094,0.7026750718386692,0.4426151264956512,19202.40485459761,1.1165111111113046,0.0,0.08438341648637909,0.4694865115457636,9.385731999999752,1.8741692776443273,0.0026,0.2936,22.649,52.5346,synthetic_default
demand_sweep,attack_1.60,default,adversarial_explanation_flood,xai_gate,18,5000,0.012324110876866589,3.8130808537905643,197.33727686000015,0.29517797896372927,0.3162102812543511,0.4607478293096113,24618.33571581041,1.0000188888889796,0.10788154736693492,0.06889735987575886,0.23784060426373005,4.07172799999981,1.8802671658235113,0.006,0.5756,22.6656,52.4618,synthetic_default
demand_sweep,attack_1.60,default,adversarial_explanation_flood,never_explain,19,5000,0.008553554011216777,3.490942307692296,181.529,0.0,0.0,0.0,47143.86734139646,0.0,0.0,0.0,0.0,0.0,1.8894629358692998,0.0,0.0,22.7514,52.4928,synthetic_default
demand_sweep,attack_1.60,default,adversarial_explanation_flood,always_explain,19,5000,0.03269016192420188,4.423352281049953,224.49451800000006,1.0,1.0,0.8499999999999949,0.0,5.3327583333333015,0.0,0.0,0.0,22.5858,1.8670332683402413,0.799,0.8116,22.5858,52.5184,synthetic_default
demand_sweep,attack_1.60,default,adversarial_explanation_flood,threshold_explain,19,5000,0.023140951604795377,4.290211531045769,219.93522812000015,0.6329039534084614,0.903633512549799,0.5019577609980888,12857.776329826213,2.9079888888888923,0.0,0.0,0.0,13.317775999999922,1.8814975043287085,0.0894,0.6578,22.6994,52.5176,synthetic_default
demand_sweep,attack_1.60,default,adversarial_explanation_flood,rate_limited,19,5000,0.0179889641605895,4.0815113991760485,210.09631344000107,0.4243537840049983,0.7129494968742812,0.916867183580788,33686.11892424419,2.2259861111110966,0.0,0.0,0.0,9.533007999999887,1.8877646846530847,0.0,0.5512,22.7246,52.4618,synthetic_default
demand_sweep,attack_1.60,default,adversarial_explanation_flood,fifo_explanation,19,5000,0.01915730101164299,4.155840977458551,213.3635639999996,0.5298954124709356,0.24815379266436616,0.9205156881293649,37354.07955751234,2.830358333333325,0.0,0.0,0.0,11.9874,1.8786918623146853,0.0,0.6468,22.6222,52.39,synthetic_default
demand_sweep,attack_1.60,default,adversarial_explanation_flood,static_coarse_full,19,5000,0.023573001712654616,4.268698922684234,218.82974252000042,0.6338618611719803,0.9052592851695987,0.5034132678306397,12780.18462431512,2.9134805555555783,0.0,0.0,0.0,13.320415999999948,1.871576276562013,0.0956,0.66,22.6352,52.55,synthetic_default
demand_sweep,attack_1.60,default,adversarial_explanation_flood,static_offload,19,5000,0.014706444244269352,4.022573342487408,208.37651943999936,0.5837109488027036,0.7679330265689658,0.777296863628812,11718.2246624062,3.431249999999994,0.5147875036168664,0.0,0.0,3.587591999999719,1.8898441548240283,0.0,0.7088,22.8098,52.6206,synthetic_default
demand_sweep,attack_1.60,default,adversarial_explanation_flood,budget_only_bexgov,19,5000,0.01826560923377077,4.128315738666077,212.5436321199995,0.49312577163219296,0.7028017893214679,0.440866079932271,19404.709485282994,1.115353888889086,0.0,0.08495890507601679,0.4664802991287171,9.36193999999973,1.8806885444134567,0.0022,0.2944,22.6792,52.4856,synthetic_default
demand_sweep,attack_1.60,default,adversarial_explanation_flood,xai_gate,19,5000,0.012604985271223165,3.697816495827845,191.3286552600002,0.29915103442782537,0.32375537688569717,0.4576598117934474,24330.126909830415,1.0000511111112127,0.09974238896610335,0.06928054815378759,0.23982613468365188,4.277867999999807,1.873536025723221,0.004,0.5692,22.5922,52.4144,synthetic_default
demand_sweep,attack_1.60,default,adversarial_explanation_flood,never_explain,20,5000,0.009203038221558574,3.686223076923065,191.6836,0.0,0.0,0.0,47089.97685499655,0.0,0.0,0.0,0.0,0.0,1.8868437692840963,0.0,0.0,22.7358,52.5044,synthetic_default
demand_sweep,attack_1.60,default,adversarial_explanation_flood,always_explain,20,5000,0.03503396708156658,4.473722176098451,227.0123549999998,1.0,1.0,0.8499999999999931,0.0,5.3714333333332895,0.0,0.0,0.0,22.7496,1.881198802413416,0.8058,0.8136,22.7496,52.6392,synthetic_default
demand_sweep,attack_1.60,default,adversarial_explanation_flood,threshold_explain,20,5000,0.024432966656777067,4.128209285411753,211.60305052000015,0.6343288171929646,0.9048334512541856,0.5036137909220318,12828.111306377288,2.929766666666662,0.0,0.0,0.0,13.400399999999957,1.8860944382317388,0.096,0.6572,22.7628,52.5804,synthetic_default
demand_sweep,attack_1.60,default,adversarial_explanation_flood,rate_limited,20,5000,0.020999331815538837,4.196101867263629,215.99885180000138,0.42362110522704327,0.712965389593959,0.9163320959200552,33811.506289001816,2.2214444444444323,0.0,0.0,0.0,9.517311999999881,1.880465423291187,0.0,0.5504,22.7356,52.6202,synthetic_default
demand_sweep,attack_1.60,default,adversarial_explanation_flood,fifo_explanation,20,5000,0.022492018493501978,4.251494552089292,218.2743359999991,0.5274116052728841,0.24413729996396566,0.9208882592090732,38076.7067981791,2.830216666666635,0.0,0.0,0.0,11.9868,1.8828047210436551,0.0,0.6466,22.7276,52.559,synthetic_default
demand_sweep,attack_1.60,default,adversarial_explanation_flood,static_coarse_full,20,5000,0.025472597280736076,4.280582148743873,219.42445604000082,0.632685844163821,0.904225483035416,0.5020618149588012,12953.95249307507,2.9224055555555717,0.0,0.0,0.0,13.374775999999946,1.885985673022244,0.0916,0.6566,22.7906,52.6466,synthetic_default
demand_sweep,attack_1.60,default,adversarial_explanation_flood,static_offload,20,5000,0.014610874086127358,3.8155175027403248,197.65656331999983,0.58170789850082,0.7675268603650544,0.7741805724779943,11612.321401699459,3.393311111111111,0.5125108156310149,0.0,0.0,3.555231999999712,1.8707100737941365,0.0,0.7052,22.6524,52.6058,synthetic_default
demand_sweep,attack_1.60,default,adversarial_explanation_flood,budget_only_bexgov,20,5000,0.01975722074265711,4.25046941432209,218.82939105999964,0.4929568000566216,0.7028067972052816,0.441035525454897,19381.43017185009,1.1137372222224178,0.0,0.08749624232993228,0.46489894077911975,9.337619999999744,1.8687160756861014,0.0022,0.2916,22.6204,52.568,synthetic_default
demand_sweep,attack_1.60,default,adversarial_explanation_flood,xai_gate,20,5000,0.015615326672316748,4.00224630261003,207.18529674000004,0.29589130645176914,0.3181593258365623,0.45681837777914425,24556.96007285312,1.0000283333334334,0.10403047712895591,0.06871431210902788,0.2385380832138238,4.164167999999809,1.879743187279967,0.0064,0.5716,22.7318,52.6246,synthetic_default
demand_sweep,attack_2.00,default,adversarial_explanation_flood,never_explain,1,5000,0.0926578059189423,4.557449999999731,236.9874,0.0,0.0,0.0,69301.81515079607,0.0,0.0,0.0,0.0,0.0,2.605292274506518,0.0,0.0,31.0208,57.3616,synthetic_default
demand_sweep,attack_2.00,default,adversarial_explanation_flood,always_explain,1,5000,0.12696213947519208,4.738600945382853,238.28991600000006,1.0,1.0,0.8499999999999991,0.0,7.338805555555547,0.0,0.0,0.0,31.082,2.5937725824820546,0.9914,0.8636,31.082,57.659,synthetic_default
demand_sweep,attack_2.00,default,adversarial_explanation_flood,threshold_explain,1,5000,0.11643391775161833,4.670721529641592,237.88128735999987,0.6673921285140584,0.915604295511117,0.5332083534136568,18409.17312927919,4.276513888888891,0.0,0.0,0.0,19.41183200000017,2.596286898770144,0.6186,0.7662,31.125,57.6984,synthetic_default
demand_sweep,attack_2.00,default,adversarial_explanation_flood,rate_limited,1,5000,0.1076340729907727,4.619436872496658,237.67764600000308,0.3197434122390374,0.5463986386606662,0.9511066669230615,61542.80495165088,2.352236111111111,0.0,0.0,0.0,9.96932799999999,2.6043485342583867,0.0,0.5752,31.2018,57.7114,synthetic_default
demand_sweep,attack_2.00,default,adversarial_explanation_flood,fifo_explanation,1,5000,0.1075125394245043,4.625947253603152,237.4961319999991,0.3862147096309075,0.12063513647478992,0.9420677935553697,68818.28405399734,2.8333333333332984,0.0,0.0,0.0,12.0,2.597506472334524,0.0,0.6472,31.0708,57.5784,synthetic_default
demand_sweep,attack_2.00,default,adversarial_explanation_flood,static_coarse_full,1,5000,0.11293482124837294,4.661122477479326,237.42520335999984,0.666661066670112,0.9152384862609991,0.5324637184838671,18314.99471630146,4.245197222222237,0.0,0.0,0.0,19.276664000000167,2.5901575835183337,0.6102,0.7656,30.9524,57.4764,synthetic_default
demand_sweep,attack_2.00,default,adversarial_explanation_flood,static_offload,1,5000,0.10335870606613769,4.590254522124714,237.43163107999987,0.6134436417856705,0.7762205285774998,0.8277503631245466,17777.261341174668,5.004949999999999,0.5533503862616811,0.0,0.0,4.990151999999545,2.5929675800684153,0.0,0.8002,31.1188,57.7402,synthetic_default
demand_sweep,attack_2.00,default,adversarial_explanation_flood,budget_only_bexgov,1,5000,0.10982746367793157,4.639840685650564,238.05785651999983,0.4841199881886392,0.6782453139308718,0.44711198983194594,32483.87538829673,1.2787855555556993,0.0,0.06963577306749175,0.575573557920684,12.581599999999913,2.6003018316745212,0.0436,0.4986,31.1564,57.6922,synthetic_default
demand_sweep,attack_2.00,default,adversarial_explanation_flood,xai_gate,1,5000,0.09947819950999984,4.581378721576249,237.20922638,0.20902222250784547,0.22264642542951635,0.4079670711017422,47166.99529782529,1.0000294444444844,0.07495115932342811,0.05009382551025654,0.15799958871009204,4.019451999999897,2.605103878878441,0.041,0.6998,31.1216,57.551,synthetic_default
demand_sweep,attack_2.00,default,adversarial_explanation_flood,never_explain,2,5000,0.09467253891057352,4.551526923076616,236.6794,0.0,0.0,0.0,69332.94763419624,0.0,0.0,0.0,0.0,0.0,2.607278613853576,0.0,0.0,31.1078,57.4908,synthetic_default
demand_sweep,attack_2.00,default,adversarial_explanation_flood,always_explain,2,5000,0.12671030304292327,4.735171460916152,238.09533500000006,1.0,1.0,0.8499999999999985,0.0,7.358449999999987,0.0,0.0,0.0,31.1652,2.604867841639,0.9906,0.862,31.1652,57.6354,synthetic_default
demand_sweep,attack_2.00,default,adversarial_explanation_flood,threshold_explain,2,5000,0.11235080683915431,4.666516977856534,237.67087868000004,0.6679569511920449,0.9153902321080386,0.5335285222483181,18345.844802279214,4.27166944444444,0.0,0.0,0.0,19.395568000000193,2.6077352555396955,0.612,0.7668,31.081,57.434,synthetic_default
demand_sweep,attack_2.00,default,adversarial_explanation_flood,rate_limited,2,5000,0.10864923131245778,4.620147927620164,237.71327224000302,0.3191987589559876,0.5460092197356937,0.9513037359263042,61830.712583690954,2.3533194444444425,0.0,0.0,0.0,9.973071999999986,2.60763298704026,0.0,0.5754,31.264,57.7738,synthetic_default
demand_sweep,attack_2.00,default,adversarial_explanation_flood,fifo_explanation,2,5000,0.10738832802967975,4.6263669389154645,237.51772799999875,0.3866338452021162,0.12126491044270803,0.9420049232196913,68965.85633375288,2.833286111111074,0.0,0.0,0.0,11.9998,2.5940460143870165,0.0,0.6472,31.0366,57.5704,synthetic_default
demand_sweep,attack_2.00,default,adversarial_explanation_flood,static_coarse_full,2,5000,0.11589732197052426,4.664267397140118,237.54482691999985,0.6671427379339985,0.9161180619374827,0.5333146114295617,18421.1040472526,4.285058333333338,0.0,0.0,0.0,19.437240000000163,2.602361817818148,0.6168,0.7674,31.1578,57.6618,synthetic_default
demand_sweep,attack_2.00,default,adversarial_explanation_flood,static_offload,2,5000,0.10328239911595463,4.591500751177806,237.4983499600005,0.6126595306710556,0.776121558238056,0.8265922190201801,17745.66531565242,4.993333333333325,0.552529333058872,0.0,0.0,4.980767999999552,2.590129084927699,0.0,0.8014,31.0912,57.7346,synthetic_default
demand_sweep,attack_2.00,default,adversarial_explanation_flood,budget_only_bexgov,2,5000,0.10834355927494929,4.630583465673634,237.58203315999992,0.4846206772496449,0.6785014381321505,0.44745886842392546,32397.92037931937,1.2793427777779156,0.0,0.06867575919156618,0.5765423136471389,12.584647999999865,2.6034678334143604,0.048,0.5024,31.1318,57.596,synthetic_default
demand_sweep,attack_2.00,default,adversarial_explanation_flood,xai_gate,2,5000,0.10071141982592277,4.581318210948709,237.20280264,0.20874516953178693,0.2226266107680334,0.40550365254008747,47509.10119345216,1.0000261111111486,0.07394307429613177,0.05035241555507055,0.1573480889961613,4.042887999999903,2.6042126499808087,0.0442,0.7046,31.1564,57.6296,synthetic_default
demand_sweep,attack_2.00,default,adversarial_explanation_flood,never_explain,3,5000,0.09340467929155694,4.553423076922793,236.778,0.0,0.0,0.0,69222.69681319578,0.0,0.0,0.0,0.0,0.0,2.6035747297818324,0.0,0.0,31.0324,57.4104,synthetic_default
demand_sweep,attack_2.00,default,adversarial_explanation_flood,always_explain,3,5000,0.12884995621155698,4.737899118700676,238.23023400000002,1.0,1.0,0.8499999999999988,0.0,7.3618027777777675,0.0,0.0,0.0,31.1794,2.597621693222424,0.9914,0.8642,31.1794,57.7778,synthetic_default
demand_sweep,attack_2.00,default,adversarial_explanation_flood,threshold_explain,3,5000,0.11295532790735663,4.668649701902813,237.79525367999995,0.6667207049253225,0.9155979111692599,0.5327294584786358,18448.49484855031,4.259872222222213,0.0,0.0,0.0,19.333784000000286,2.598844283296735,0.607,0.7674,31.0274,57.4766,synthetic_default
demand_sweep,attack_2.00,default,adversarial_explanation_flood,rate_limited,3,5000,0.10291132394287189,4.6110799230343495,237.2467511200029,0.32094243868552574,0.5489291114330993,0.9510333249715378,61296.43860741066,2.3532777777777754,0.0,0.0,0.0,9.972927999999987,2.6109940110581267,0.0,0.5752,31.0938,57.4058,synthetic_default
demand_sweep,attack_2.00,default,adversarial_explanation_flood,fifo_explanation,3,5000,0.1080856854243809,4.621857187378,237.28614799999903,0.38509922723421736,0.12031273981998651,0.9422351159148729,69517.07533759707,2.83333333333329,0.0,0.0,0.0,12.0,2.6056100741584154,0.0,0.6472,31.1608,57.6154,synthetic_default
demand_sweep,attack_2.00,default,adversarial_explanation_flood,static_coarse_full,3,5000,0.11308601976946016,4.6617502024259,237.43037927999995,0.6675295867513177,0.9157666044103003,0.5334079172729965,18398.03880469265,4.270277777777768,0.0,0.0,0.0,19.379608000000218,2.602388664859746,0.6168,0.7632,31.0612,57.4826,synthetic_default
demand_sweep,attack_2.00,default,adversarial_explanation_flood,static_offload,3,5000,0.10094086577199869,4.587493075380101,237.29260623999977,0.612733653134151,0.7761292860097555,0.8267775023341247,17750.23536034367,4.989755555555552,0.552693087794984,0.0,0.0,4.975327999999558,2.5959221286803165,0.0,0.7986,31.061,57.5856,synthetic_default
demand_sweep,attack_2.00,default,adversarial_explanation_flood,budget_only_bexgov,3,5000,0.10570149716864798,4.633447173802071,237.73890413999982,0.4861919941032487,0.6793854031395108,0.4488497423396995,31914.015889244693,1.276468333333471,0.0,0.07032800770717892,0.5766806111430807,12.543051999999935,2.5908133722455595,0.0444,0.4946,30.9322,57.4284,synthetic_default
demand_sweep,attack_2.00,default,adversarial_explanation_flood,xai_gate,3,5000,0.09928185550025025,4.580685153324065,237.173041,0.20943470363166083,0.2237374087562117,0.4063795524522358,46996.27183152663,1.0000477777778143,0.07481674246035325,0.05026216456462646,0.1579944088736586,4.025427999999904,2.5974547207237215,0.0392,0.7002,31.0492,57.5392,synthetic_default
demand_sweep,attack_2.00,default,adversarial_explanation_flood,never_explain,4,5000,0.0975169926480788,4.558107692307384,237.0216,0.0,0.0,0.0,69629.10850979632,0.0,0.0,0.0,0.0,0.0,2.614578998474138,0.0,0.0,31.269,57.672,synthetic_default
demand_sweep,attack_2.00,default,adversarial_explanation_flood,always_explain,4,5000,0.12449408716218732,4.732295042903563,237.9943629999999,1.0,1.0,0.8499999999999992,0.0,7.317980555555549,0.0,0.0,0.0,30.9938,2.5933590715685173,0.9892,0.8636,30.9938,57.502,synthetic_default
demand_sweep,attack_2.00,default,adversarial_explanation_flood,threshold_explain,4,5000,0.11741780912512474,4.670803594823785,237.88028160000016,0.6671326091280657,0.9152225342306191,0.5328250421882729,18487.237035217044,4.277755555555545,0.0,0.0,0.0,19.425176000000203,2.597535147462961,0.6176,0.7672,31.1698,57.7614,synthetic_default
demand_sweep,attack_2.00,default,adversarial_explanation_flood,rate_limited,4,5000,0.10481391466386168,4.614336417585913,237.414798320003,0.3214976156721224,0.5497360745814751,0.9508957339863383,61147.43660837076,2.3527777777777747,0.0,0.0,0.0,9.971199999999984,2.596637915349922,0.0,0.5752,31.036,57.5278,synthetic_default
demand_sweep,attack_2.00,default,adversarial_explanation_flood,fifo_explanation,4,5000,0.10800275993750867,4.6286858195157725,237.6368699999988,0.3862724773536437,0.12186916628390218,0.9420591283969562,69107.15263108612,2.8331916666666443,0.0,0.0,0.0,11.9994,2.594815714864319,0.0,0.6472,31.0646,57.61,synthetic_default
demand_sweep,attack_2.00,default,adversarial_explanation_flood,static_coarse_full,4,5000,0.11427936639194972,4.670233911772109,237.87340823999975,0.6683566998320196,0.9160803876729737,0.5341649437911866,18255.257731199225,4.262849999999989,0.0,0.0,0.0,19.341720000000226,2.585210716254591,0.6062,0.7646,30.956,57.5624,synthetic_default
demand_sweep,attack_2.00,default,adversarial_explanation_flood,static_offload,4,5000,0.10108358172676227,4.589620644027171,237.40476207999984,0.612958775439208,0.7763916329540265,0.8276243855614245,17696.797282636984,4.993211111111109,0.5535133324314051,0.0,0.0,4.966863999999562,2.593324629146057,0.0,0.7998,31.0446,57.5968,synthetic_default
demand_sweep,attack_2.00,default,adversarial_explanation_flood,budget_only_bexgov,4,5000,0.10811251159220397,4.633507123903792,237.7338708599997,0.4853627916554193,0.6785999993648818,0.447688313192541,32207.15809760381,1.2777261111112534,0.0,0.06964982047025212,0.5751837123405789,12.572963999999928,2.598498136563997,0.0426,0.498,31.0812,57.5818,synthetic_default
demand_sweep,attack_2.00,default,adversarial_explanation_flood,xai_gate,4,5000,0.10099186989331244,4.5854694713506206,237.41569216000013,0.20957296931844327,0.22455127288469406,0.4074298316216473,47338.584834550355,1.000092222222263,0.0742925211680242,0.05070023502140948,0.15801165448633334,4.04361599999989,2.592216728828738,0.0426,0.7016,31.061,57.645,synthetic_default
demand_sweep,attack_2.00,default,adversarial_explanation_flood,never_explain,5,5000,0.09605304748639251,4.561030769230477,237.1736,0.0,0.0,0.0,69227.18483839612,0.0,0.0,0.0,0.0,0.0,2.5967992738042778,0.0,0.0,31.0648,57.5786,synthetic_default
demand_sweep,attack_2.00,default,adversarial_explanation_flood,always_explain,5,5000,0.12487533075337162,4.734708156203185,238.08780300000018,1.0,1.0,0.8500000000000039,0.0,7.3437166666667,0.0,0.0,0.0,31.1028,2.604855337776988,0.9916,0.8646,31.1028,57.5202,synthetic_default
demand_sweep,attack_2.00,default,adversarial_explanation_flood,threshold_explain,5,5000,0.11135968389642587,4.668829656274779,237.80407803999978,0.6684770176220854,0.9157915856195707,0.5341388312686993,18229.88786889251,4.26052222222223,0.0,0.0,0.0,19.336472000000203,2.59628818829566,0.6186,0.7664,30.9498,57.3736,synthetic_default
demand_sweep,attack_2.00,default,adversarial_explanation_flood,rate_limited,5,5000,0.10668270583826588,4.6153613251698244,237.4679841600032,0.32038589256925565,0.5480219958963748,0.9509952405726724,61732.16809347059,2.3521111111111117,0.0,0.0,0.0,9.968895999999988,2.601007507736711,0.0,0.5748,31.1382,57.6472,synthetic_default
demand_sweep,attack_2.00,default,adversarial_explanation_flood,fifo_explanation,5,5000,0.10695679074568855,4.625486560186723,237.47247999999882,0.38594640490923826,0.11960823732161506,0.9421080392636255,68920.74770659748,2.83333333333331,0.0,0.0,0.0,12.0,2.602497569747383,0.0,0.6472,31.0924,57.5386,synthetic_default
demand_sweep,attack_2.00,default,adversarial_explanation_flood,static_coarse_full,5,5000,0.11152046831322154,4.651313383613822,236.90047764000022,0.6676680641151965,0.9154067361032504,0.5333098278626767,18317.050506105898,4.266691666666666,0.0,0.0,0.0,19.372440000000203,2.6082704198646316,0.6154,0.765,31.0566,57.3804,synthetic_default
demand_sweep,attack_2.00,default,adversarial_explanation_flood,static_offload,5,5000,0.10312894541725266,4.581797944873604,236.99818123999992,0.6121703579706403,0.7760606761474164,0.8258963430337446,17737.915251541424,4.984699999999981,0.5520473860417203,0.0,0.0,4.972943999999569,2.5875723831763935,0.0,0.7988,31.064,57.7252,synthetic_default
demand_sweep,attack_2.00,default,adversarial_explanation_flood,budget_only_bexgov,5,5000,0.10982974156310067,4.63375461181404,237.75128144000027,0.4851373736072802,0.6789546228650376,0.4477065756424309,32076.343918855793,1.2770233333334782,0.0,0.07063180266632318,0.5747278933470729,12.559563999999922,2.588419161192288,0.0424,0.496,31.054,57.693,synthetic_default
demand_sweep,attack_2.00,default,adversarial_explanation_flood,xai_gate,5,5000,0.10099497528058703,4.58143132087854,237.20441887999996,0.20981866268557342,0.22301338730724235,0.4093001332037746,47144.91457492561,1.000143333333373,0.07413079709911777,0.05080404887999434,0.15859614802993546,4.055587999999893,2.594312511203244,0.045,0.7002,31.0802,57.647,synthetic_default
demand_sweep,attack_2.00,default,adversarial_explanation_flood,never_explain,6,5000,0.09563525159855435,4.562026923076626,237.2254,0.0,0.0,0.0,69200.39281539619,0.0,0.0,0.0,0.0,0.0,2.5942915392456833,0.0,0.0,31.0288,57.552,synthetic_default
demand_sweep,attack_2.00,default,adversarial_explanation_flood,always_explain,6,5000,0.12623783138218989,4.735026127686566,238.09270500000008,1.0,1.0,0.8499999999999984,0.0,7.353822222222209,0.0,0.0,0.0,31.1456,2.6043642692811497,0.9922,0.8638,31.1456,57.6072,synthetic_default
demand_sweep,attack_2.00,default,adversarial_explanation_flood,threshold_explain,6,5000,0.11415477375408296,4.668897849616858,237.78241715999977,0.6683786460208847,0.9161054296196033,0.5342266191676514,18451.15861795478,4.283963888888872,0.0,0.0,0.0,19.435592000000177,2.6030675841616233,0.619,0.7698,31.1024,57.548,synthetic_default
demand_sweep,attack_2.00,default,adversarial_explanation_flood,rate_limited,6,5000,0.10768589309971448,4.622397145858678,237.82977384000304,0.321479020731165,0.5500430919231533,0.9508677187985325,60875.98851061086,2.352486111111111,0.0,0.0,0.0,9.970191999999988,2.5849897886575577,0.0,0.5746,31.0354,57.7136,synthetic_default
demand_sweep,attack_2.00,default,adversarial_explanation_flood,fifo_explanation,6,5000,0.10914214190613337,4.633179275418506,237.86742399999886,0.3866976024748647,0.12161310304595636,0.9419953596287753,68904.9747615976,2.833333333333302,0.0,0.0,0.0,12.0,2.586486186619318,0.0,0.6472,31.032,57.6832,synthetic_default
demand_sweep,attack_2.00,default,adversarial_explanation_flood,static_coarse_full,6,5000,0.11717960136457278,4.674424744722585,238.06908015999994,0.6665315416439481,0.915108329565676,0.5323289823931225,18527.020664634783,4.27514166666664,0.0,0.0,0.0,19.414008000000184,2.5997252382519096,0.6134,0.7674,31.181,57.747,synthetic_default
demand_sweep,attack_2.00,default,adversarial_explanation_flood,static_offload,6,5000,0.10273464167371442,4.579359649353101,236.86814392000008,0.6128051716279385,0.7762848822314994,0.8270620710906285,17840.490388161543,5.006855555555542,0.5529713108176642,0.0,0.0,4.988239999999564,2.599507350460532,0.0,0.8004,31.1546,57.7016,synthetic_default
demand_sweep,attack_2.00,default,adversarial_explanation_flood,budget_only_bexgov,6,5000,0.1089770756487967,4.630165410036817,237.56496378000028,0.48331010944739106,0.6782080556524802,0.4463566726971769,32562.20150161059,1.2780761111112624,0.0,0.06994110627814773,0.5740726484211607,12.568115999999899,2.6058531439655486,0.0444,0.4976,31.1748,57.6374,synthetic_default
demand_sweep,attack_2.00,default,adversarial_explanation_flood,xai_gate,6,5000,0.10056249926241144,4.584336837083284,237.35955151999997,0.20905410090789345,0.2219574677881976,0.40875181385075576,47364.62156711309,1.0001188888889243,0.07458939555429996,0.04992102525907567,0.15819346885313265,4.032139999999894,2.6039675900696837,0.04,0.7008,31.1492,57.6202,synthetic_default
demand_sweep,attack_2.00,default,adversarial_explanation_flood,never_explain,7,5000,0.09527683332985684,4.560384615384322,237.14,0.0,0.0,0.0,69365.27958179617,0.0,0.0,0.0,0.0,0.0,2.6094829524253127,0.0,0.0,31.1476,57.5292,synthetic_default
demand_sweep,attack_2.00,default,adversarial_explanation_flood,always_explain,7,5000,0.12791054577715127,4.736803777195467,238.1627340000001,1.0,1.0,0.8500000000000009,0.0,7.373466666666674,0.0,0.0,0.0,31.2288,2.6074174957807807,0.992,0.8644,31.2288,57.7122,synthetic_default
demand_sweep,attack_2.00,default,adversarial_explanation_flood,threshold_explain,7,5000,0.11449493958491072,4.673648850418588,238.01573295999998,0.6673579778506967,0.9159898275811432,0.5334091724774415,18472.0070556259,4.291694444444444,0.0,0.0,0.0,19.47073600000017,2.613834441580205,0.6234,0.7664,31.2064,57.5684,synthetic_default
demand_sweep,attack_2.00,default,adversarial_explanation_flood,rate_limited,7,5000,0.1055135180199684,4.617732557310669,237.59152112000328,0.32129324122286923,0.5484920737192007,0.9506624735783876,61121.307548970755,2.350277777777776,0.0,0.0,0.0,9.962559999999984,2.593596757852078,0.0,0.5748,31.0352,57.575,synthetic_default
demand_sweep,attack_2.00,default,adversarial_explanation_flood,fifo_explanation,7,5000,0.10366877374386237,4.627203917844196,237.5606969999989,0.3879538327244512,0.12242297683706146,0.9418069250913383,68640.84267104186,2.8332861111110783,0.0,0.0,0.0,11.9998,2.596799382296127,0.0,0.6472,30.931,57.3306,synthetic_default
demand_sweep,attack_2.00,default,adversarial_explanation_flood,static_coarse_full,7,5000,0.1155838890777993,4.669434439918093,237.80424292000066,0.6690644267427911,0.9158635674689674,0.534603737921191,18399.7030985948,4.286008333333331,0.0,0.0,0.0,19.452336000000262,2.5979625401627997,0.6196,0.767,31.1082,57.6404,synthetic_default
demand_sweep,attack_2.00,default,adversarial_explanation_flood,static_offload,7,5000,0.09964502580654093,4.5860112353029665,237.2173494000002,0.6119044089687496,0.7759199934460963,0.8253389704887248,17811.322548023745,4.9758777777777885,0.5515819052468082,0.0,0.0,4.968495999999565,2.5976359074952518,0.0,0.7994,31.0322,57.5048,synthetic_default
demand_sweep,attack_2.00,default,adversarial_explanation_flood,budget_only_bexgov,7,5000,0.11126127414330204,4.635190589858551,237.7960403599997,0.4854785565020814,0.6784905053215152,0.44832855107009717,32559.002367932724,1.28293888888903,0.0,0.06936305366146689,0.5785558630121229,12.666843999999893,2.6109611168801212,0.0494,0.5036,31.2962,57.78,synthetic_default
demand_sweep,attack_2.00,default,adversarial_explanation_flood,xai_gate,7,5000,0.09749173060647325,4.577459869446742,237.00163610000004,0.20923938440149623,0.22308206916749965,0.40744311635481006,47389.23047236066,1.0000283333333762,0.07395034789940848,0.05043736845154189,0.1574011495806541,4.045503999999909,2.60735444188646,0.0412,0.702,31.0722,57.4238,synthetic_default
demand_sweep,attack_2.00,default,adversarial_explanation_flood,never_explain,8,5000,0.0972320991851361,4.560523076922768,237.1472,0.0,0.0,0.0,69318.47564319633,0.0,0.0,0.0,0.0,0.0,2.599716468529985,0.0,0.0,31.1306,57.6538,synthetic_default
demand_sweep,attack_2.00,default,adversarial_explanation_flood,always_explain,8,5000,0.1263928240411299,4.738363567067735,238.24989499999964,1.0,1.0,0.8499999999999968,0.0,7.364399999999971,0.0,0.0,0.0,31.1904,2.6090851971548856,0.993,0.8638,31.1904,57.6146,synthetic_default
demand_sweep,attack_2.00,default,adversarial_explanation_flood,threshold_explain,8,5000,0.1134518164522394,4.669111444989385,237.79464860000013,0.6683502084191014,0.9159625587367302,0.5341160842939502,18368.451393203675,4.28062222222223,0.0,0.0,0.0,19.4242640000002,2.604638894975607,0.6156,0.7672,31.0912,57.5022,synthetic_default
demand_sweep,attack_2.00,default,adversarial_explanation_flood,rate_limited,8,5000,0.10599823351120338,4.6129887023102025,237.3458508800032,0.32122383926846554,0.5498881903455157,0.9508802884924982,60965.00751977074,2.3522361111111088,0.0,0.0,0.0,9.969327999999983,2.5943139984746972,0.0,0.5748,31.058,57.6058,synthetic_default
demand_sweep,attack_2.00,default,adversarial_explanation_flood,fifo_explanation,8,5000,0.10606556122271259,4.620383404752369,237.21048399999887,0.38643858202802966,0.12139704268669323,0.9420342126957988,68799.2074417976,2.833333333333306,0.0,0.0,0.0,12.0,2.6012515685196647,0.0,0.6472,31.0528,57.4852,synthetic_default
demand_sweep,attack_2.00,default,adversarial_explanation_flood,static_coarse_full,8,5000,0.11514274526684087,4.673742589341467,238.0452307600005,0.6670808173145019,0.9158291734923837,0.5330872033887403,18413.759620594752,4.268983333333341,0.0,0.0,0.0,19.372080000000167,2.5948633568689576,0.6224,0.7648,31.0676,57.6148,synthetic_default
demand_sweep,attack_2.00,default,adversarial_explanation_flood,static_offload,8,5000,0.10571825486754992,4.592053100116665,237.52300104000008,0.6139847148962417,0.7764630896100478,0.8288922470771016,17741.552541308163,5.020461111111097,0.5543063951026066,0.0,0.0,4.996551999999554,2.5890668398579506,0.0,0.7994,31.1676,57.8936,synthetic_default
demand_sweep,attack_2.00,default,adversarial_explanation_flood,budget_only_bexgov,8,5000,0.10980422636773604,4.6328677726170575,237.70693042000005,0.4853835889303765,0.6789095668582127,0.4477631231184771,32061.287329765397,1.276941111111248,0.0,0.06956880491468281,0.5751867824427727,12.553827999999935,2.5852883158664706,0.04,0.4962,31.0254,57.6902,synthetic_default
demand_sweep,attack_2.00,default,adversarial_explanation_flood,xai_gate,8,5000,0.09847148254580113,4.583356199738288,237.31013712000004,0.20958642978789838,0.22329166921554472,0.4077561671053295,46955.803320181134,1.000051111111155,0.0748696908706198,0.05054962068431646,0.15782886927801001,4.0234399999998764,2.595349257926937,0.0418,0.701,31.0032,57.4876,synthetic_default
demand_sweep,attack_2.00,default,adversarial_explanation_flood,never_explain,9,5000,0.09485565217391305,4.559780769230471,237.1086,0.0,0.0,0.0,69269.54259799595,0.0,0.0,0.0,0.0,0.0,2.6002318840579606,0.0,0.0,31.052,57.5,synthetic_default
demand_sweep,attack_2.00,default,adversarial_explanation_flood,always_explain,9,5000,0.12542819513076725,4.730380465162977,237.87835900000016,1.0,1.0,0.8500000000000014,0.0,7.335830555555567,0.0,0.0,0.0,31.0694,2.5989194924579797,0.9928,0.8634,31.0694,57.5532,synthetic_default
demand_sweep,attack_2.00,default,adversarial_explanation_flood,threshold_explain,9,5000,0.11479994791232566,4.665023064583182,237.60651200000015,0.6680273799304184,0.9157528561265326,0.5337795534786465,18275.229558848176,4.2626638888889,0.0,0.0,0.0,19.34619200000028,2.586664629459872,0.6104,0.765,30.9862,57.5952,synthetic_default
demand_sweep,attack_2.00,default,adversarial_explanation_flood,rate_limited,9,5000,0.10548830358569078,4.608974972713998,237.14025952000264,0.32069453376205775,0.5469169772265413,0.9508424437299031,61360.09109803076,2.3511111111111105,0.0,0.0,0.0,9.965439999999989,2.601212601233452,0.0,0.5744,31.1,57.5732,synthetic_default
demand_sweep,attack_2.00,default,adversarial_explanation_flood,fifo_explanation,9,5000,0.10595980403072938,4.627148422282569,237.5577999999991,0.3859166162831084,0.1211580461639014,0.9421125075575397,69194.54737879708,2.8333333333333033,0.0,0.0,0.0,12.0,2.606549010874807,0.0,0.6472,31.0948,57.4784,synthetic_default
demand_sweep,attack_2.00,default,adversarial_explanation_flood,static_coarse_full,9,5000,0.11718908651331576,4.674272923665749,238.0453149199999,0.667281061736142,0.9154406142496087,0.5330928250862711,18599.29650681697,4.291022222222243,0.0,0.0,0.0,19.478864000000154,2.6068170613574737,0.6298,0.7686,31.2394,57.7414,synthetic_default
demand_sweep,attack_2.00,default,adversarial_explanation_flood,static_offload,9,5000,0.10149378867974264,4.58283464827555,237.04935763999964,0.6141658954187853,0.7766932518853444,0.8296906010591844,17696.593250205875,5.01836666666666,0.5550992338937735,0.0,0.0,4.982303999999592,2.6003790311103976,0.0,0.7992,31.1184,57.6206,synthetic_default
demand_sweep,attack_2.00,default,adversarial_explanation_flood,budget_only_bexgov,9,5000,0.10987019693760412,4.633929065767847,237.7477924400001,0.4849227738528505,0.678359105771048,0.4477586129452408,32359.084616051354,1.280525555555702,0.0,0.06810146238794669,0.5777555328828742,12.607003999999897,2.601590476553637,0.0478,0.5016,31.1682,57.6934,synthetic_default
demand_sweep,attack_2.00,default,adversarial_explanation_flood,xai_gate,9,5000,0.09916900370927872,4.578525317132515,237.05910838000003,0.20889128633903423,0.22179657934361965,0.40764039532240265,47435.39293749214,1.0000250000000337,0.07435734422460683,0.05061616609192081,0.15748678726697105,4.034079999999908,2.608950938096418,0.0416,0.7026,31.1442,57.5314,synthetic_default
demand_sweep,attack_2.00,default,adversarial_explanation_flood,never_explain,10,5000,0.09577351252936026,4.562188461538155,237.2338,0.0,0.0,0.0,69199.32651299635,0.0,0.0,0.0,0.0,0.0,2.602034718072014,0.0,0.0,31.1004,57.5608,synthetic_default
demand_sweep,attack_2.00,default,adversarial_explanation_flood,always_explain,10,5000,0.12795716716276398,4.726845670567297,237.66990500000026,1.0,1.0,0.8500000000000022,0.0,7.363502777777796,0.0,0.0,0.0,31.1866,2.602218164135367,0.9908,0.8638,31.1866,57.7174,synthetic_default
demand_sweep,attack_2.00,default,adversarial_explanation_flood,threshold_explain,10,5000,0.11091697503845167,4.6642419916340385,237.56688412000048,0.6677554563171939,0.9159631432155685,0.5336723499270767,18313.48101019026,4.263691666666663,0.0,0.0,0.0,19.346064000000155,2.6029915260247183,0.6128,0.769,30.9916,57.3442,synthetic_default
demand_sweep,attack_2.00,default,adversarial_explanation_flood,rate_limited,10,5000,0.10366361687018232,4.610970041607994,237.24237236000317,0.3214906796266693,0.5506667903204586,0.9507953900892071,61148.200415041996,2.35181944444444,0.0,0.0,0.0,9.96788799999999,2.600347169040706,0.0,0.5748,31.0288,57.4552,synthetic_default
demand_sweep,attack_2.00,default,adversarial_explanation_flood,fifo_explanation,10,5000,0.11086394717900232,4.633209349434876,237.8689679999989,0.3848423429201837,0.11969587500716317,0.9422736485619808,69275.80853479732,2.833333333333311,0.0,0.0,0.0,12.0,2.5967923518446665,0.0,0.6472,31.1816,57.7952,synthetic_default
demand_sweep,attack_2.00,default,adversarial_explanation_flood,static_coarse_full,10,5000,0.11528369111374101,4.665231019314115,237.60652151999986,0.6680245251788812,0.9156606389712558,0.5337121382890317,18358.288045905916,4.270747222222209,0.0,0.0,0.0,19.385720000000177,2.592705328932375,0.6084,0.7642,31.0538,57.6238,synthetic_default
demand_sweep,attack_2.00,default,adversarial_explanation_flood,static_offload,10,5000,0.10248913458771458,4.586471854823445,237.23614136000023,0.613603184922465,0.7761215983128049,0.8276358966766932,17682.651851234747,4.996038888888898,0.5531195890754842,0.0,0.0,4.988503999999547,2.5908779399205066,0.0,0.8012,31.0714,57.6858,synthetic_default
demand_sweep,attack_2.00,default,adversarial_explanation_flood,budget_only_bexgov,10,5000,0.10729116558146955,4.628448473973694,237.48677889999993,0.4842723501442094,0.6787164829995684,0.44718353021632473,32262.989160083376,1.2760250000001394,0.0,0.0702327111787818,0.5742746727398241,12.524615999999856,2.5921930711942536,0.0416,0.498,30.9998,57.5318,synthetic_default
demand_sweep,attack_2.00,default,adversarial_explanation_flood,xai_gate,10,5000,0.10263232547106096,4.582680307880569,237.27496381999998,0.20895255940502452,0.2234767146505247,0.40687128217303825,47325.54430483055,1.000140000000037,0.07437258160770549,0.05046298375867092,0.1577417429750316,4.036951999999898,2.5978062748113007,0.043,0.701,31.1674,57.7526,synthetic_default
demand_sweep,attack_2.00,default,adversarial_explanation_flood,never_explain,11,5000,0.09661540597771374,4.564326923076615,237.345,0.0,0.0,0.0,69631.254556996,0.0,0.0,0.0,0.0,0.0,2.6072713807986503,0.0,0.0,31.1744,57.614,synthetic_default
demand_sweep,attack_2.00,default,adversarial_explanation_flood,always_explain,11,5000,0.12584035787843253,4.729394811602518,237.82045200000005,1.0,1.0,0.8499999999999988,0.0,7.343338888888878,0.0,0.0,0.0,31.1012,2.6006886196001946,0.99,0.8622,31.1012,57.5838,synthetic_default
demand_sweep,attack_2.00,default,adversarial_explanation_flood,threshold_explain,11,5000,0.1145733115642476,4.670048422679428,237.84035116000004,0.6679857757428839,0.9164926776905671,0.5341288928615058,18374.023339719224,4.285347222222228,0.0,0.0,0.0,19.432424000000147,2.601370989219674,0.6174,0.7676,31.1018,57.574,synthetic_default
demand_sweep,attack_2.00,default,adversarial_explanation_flood,rate_limited,11,5000,0.1059894134924797,4.603683411780621,236.8678106400029,0.3215520409544868,0.5483634099069756,0.9507462975260954,61248.197833410835,2.351444444444445,0.0,0.0,0.0,9.966591999999984,2.5899180748101194,0.0,0.575,31.0198,57.6054,synthetic_default
demand_sweep,attack_2.00,default,adversarial_explanation_flood,fifo_explanation,11,5000,0.10705852097183725,4.626141332294245,237.50609599999888,0.38643858202802966,0.12143844727856702,0.9420342126958043,68800.63639019748,2.833333333333303,0.0,0.0,0.0,12.0,2.5972841505556503,0.0,0.6472,31.0528,57.5486,synthetic_default
demand_sweep,attack_2.00,default,adversarial_explanation_flood,static_coarse_full,11,5000,0.11462593168888313,4.660993207016847,237.39556696000025,0.6661751083894034,0.9158106449148901,0.5324245133733875,18419.310752470385,4.267605555555544,0.0,0.0,0.0,19.36316000000022,2.599589697992722,0.6098,0.767,31.0916,57.5836,synthetic_default
demand_sweep,attack_2.00,default,adversarial_explanation_flood,static_offload,11,5000,0.10311448804875437,4.587081348656079,237.26864891999946,0.6137473716699778,0.7763984036391361,0.8284827382215503,17749.067369025834,5.007483333333335,0.5539908820257592,0.0,0.0,4.985591999999572,2.5920604508871325,0.0,0.8002,31.1034,57.7262,synthetic_default
demand_sweep,attack_2.00,default,adversarial_explanation_flood,budget_only_bexgov,11,5000,0.10736966020683028,4.632659939239976,237.6975120400003,0.48496369990201377,0.6787879341336508,0.44768981791922585,32140.057701382328,1.2773083333334796,0.0,0.06947954815082272,0.575591891473668,12.547743999999858,2.594241186524145,0.0476,0.4994,31.0192,57.535,synthetic_default
demand_sweep,attack_2.00,default,adversarial_explanation_flood,xai_gate,11,5000,0.10252712165555453,4.582652239562227,237.27267258000006,0.20916729837725884,0.22315429313876436,0.40699136590818524,47225.38394487503,1.0000838888889263,0.07450758695121482,0.050320566355308294,0.1581503514023975,4.035643999999899,2.594239039455072,0.0364,0.6988,31.1324,57.745,synthetic_default
demand_sweep,attack_2.00,default,adversarial_explanation_flood,never_explain,12,5000,0.0952682265410423,4.5593615384612605,237.0868,0.0,0.0,0.0,69283.43888939598,0.0,0.0,0.0,0.0,0.0,2.596611387314731,0.0,0.0,31.0348,57.526,synthetic_default
demand_sweep,attack_2.00,default,adversarial_explanation_flood,always_explain,12,5000,0.12775258975327816,4.734766172918658,238.09208699999988,1.0,1.0,0.8499999999999973,0.0,7.3430083333333105,0.0,0.0,0.0,31.0998,2.5927649796735985,0.991,0.865,31.0998,57.7082,synthetic_default
demand_sweep,attack_2.00,default,adversarial_explanation_flood,threshold_explain,12,5000,0.11908351823818487,4.660365912100406,237.34046823999992,0.6682312903329387,0.9158979620909287,0.5340154750056186,18359.676703261506,4.287438888888896,0.0,0.0,0.0,19.4554400000002,2.588306179393431,0.6216,0.7682,31.147,57.8676,synthetic_default
demand_sweep,attack_2.00,default,adversarial_explanation_flood,rate_limited,12,5000,0.10484452787684856,4.616276815475107,237.51522352000313,0.3207909139435721,0.5476687212956121,0.9509244908065415,61440.58327615075,2.352027777777776,0.0,0.0,0.0,9.968607999999985,2.6036079881896725,0.0,0.575,31.0982,57.5316,synthetic_default
demand_sweep,attack_2.00,default,adversarial_explanation_flood,fifo_explanation,12,5000,0.1093962938442159,4.6261888493194085,237.50876999999926,0.38594899902218105,0.12095458646150009,0.9421076501466865,69012.24706699721,2.8330972222221793,0.0,0.0,0.0,11.999,2.592184212441878,0.0,0.6472,31.0896,57.6986,synthetic_default
demand_sweep,attack_2.00,default,adversarial_explanation_flood,static_coarse_full,12,5000,0.1167342432999978,4.668112551842175,237.74712292000027,0.6678425811596443,0.9156612827776559,0.5336217651900999,18396.48405676363,4.276838888888873,0.0,0.0,0.0,19.410968000000178,2.592185236778449,0.6134,0.7662,31.0992,57.7164,synthetic_default
demand_sweep,attack_2.00,default,adversarial_explanation_flood,static_offload,12,5000,0.10009768208237145,4.589865974760718,237.4195956000002,0.6114274654021078,0.7759310714746481,0.8248273815284379,17760.952273561492,4.96771111111112,0.5513016548920933,0.0,0.0,4.95745599999958,2.5919380405461725,0.0,0.7994,30.999,57.5344,synthetic_default
demand_sweep,attack_2.00,default,adversarial_explanation_flood,budget_only_bexgov,12,5000,0.10676819122624484,4.628784973085932,237.49093541999994,0.48432646399220153,0.6785345411632575,0.44737692698192466,32378.09097033478,1.2789838888890281,0.0,0.07006213894190298,0.5755595396449019,12.57569199999991,2.6089205519861034,0.0412,0.4998,31.1238,57.4942,synthetic_default
demand_sweep,attack_2.00,default,adversarial_explanation_flood,xai_gate,12,5000,0.10214019854125876,4.579219000770313,237.09798684,0.2091048203465761,0.2237580811993128,0.40755875882829595,47217.80160457053,1.0001394444444773,0.07468514015926311,0.050178174005891966,0.15784158594162068,4.026079999999908,2.591205973562494,0.0412,0.7026,31.0932,57.721,synthetic_default
demand_sweep,attack_2.00,default,adversarial_explanation_flood,never_explain,13,5000,0.09778919524210687,4.56103076923049,237.1736,0.0,0.0,0.0,69725.62321819634,0.0,0.0,0.0,0.0,0.0,2.5967092741474094,0.0,0.0,31.1238,57.6894,synthetic_default
demand_sweep,attack_2.00,default,adversarial_explanation_flood,always_explain,13,5000,0.1280371249393683,4.716536754091954,237.16056900000004,1.0,1.0,0.8499999999999944,0.0,7.352972222222173,0.0,0.0,0.0,31.142,2.596655348439705,0.992,0.8626,31.142,57.724,synthetic_default
demand_sweep,attack_2.00,default,adversarial_explanation_flood,threshold_explain,13,5000,0.11357824224129502,4.661321558975337,237.39701576000024,0.6695866420873495,0.9163094866922895,0.5352404862579291,18231.219919768177,4.2824388888888905,0.0,0.0,0.0,19.426568000000184,2.5969414961444155,0.6112,0.766,31.0288,57.5096,synthetic_default
demand_sweep,attack_2.00,default,adversarial_explanation_flood,rate_limited,13,5000,0.10373454144199752,4.608864064356678,237.13436280000303,0.32214312936419215,0.5512309997749713,0.9506469178546739,61005.38609339061,2.35136111111111,0.0,0.0,0.0,9.96630399999998,2.5925568810096515,0.0,0.5748,30.9622,57.4562,synthetic_default
demand_sweep,attack_2.00,default,adversarial_explanation_flood,fifo_explanation,13,5000,0.10509336240495484,4.630425321386572,237.72603599999863,0.38615256887996446,0.12193555314220506,0.9420771146680136,69178.04481999739,2.8333333333332935,0.0,0.0,0.0,12.0,2.6079231784665597,0.0,0.6472,31.0758,57.4214,synthetic_default
demand_sweep,attack_2.00,default,adversarial_explanation_flood,static_coarse_full,13,5000,0.1136310838346254,4.661692346706412,237.42676747999988,0.6671967717437476,0.9157182151344614,0.5331382177657071,18453.2538912481,4.270058333333325,0.0,0.0,0.0,19.37877600000019,2.6018405832377067,0.6084,0.7666,31.0756,57.518,synthetic_default
demand_sweep,attack_2.00,default,adversarial_explanation_flood,static_offload,13,5000,0.10133960591269811,4.583921948613195,237.10976219999966,0.6123696407879501,0.7764016699427835,0.826839577700535,17739.770550881432,4.992255555555556,0.5529934337582078,0.0,0.0,4.965679999999557,2.5951093182622764,0.0,0.7998,31.068,57.6116,synthetic_default
demand_sweep,attack_2.00,default,adversarial_explanation_flood,budget_only_bexgov,13,5000,0.10836036732100077,4.6326346889055925,237.67957866000006,0.4855572182759543,0.6782967906649822,0.4483050956313977,32354.480188279183,1.280355000000147,0.0,0.06841915967681854,0.5783098482999576,12.610363999999871,2.6045008224036503,0.0486,0.5012,31.1404,57.5954,synthetic_default
demand_sweep,attack_2.00,default,adversarial_explanation_flood,xai_gate,13,5000,0.10232340771943439,4.585405987991232,237.42010506000003,0.20839823894850862,0.22312508792096886,0.40671022231349657,47450.310547018606,1.0000477777778176,0.07471633208399651,0.050662319659085076,0.15672331467885198,4.014935999999905,2.598430524859642,0.041,0.7018,31.1632,57.7348,synthetic_default
demand_sweep,attack_2.00,default,adversarial_explanation_flood,never_explain,14,5000,0.09846429920010531,4.562861538461225,237.2688,0.0,0.0,0.0,69588.4711217961,0.0,0.0,0.0,0.0,0.0,2.59618886614034,0.0,0.0,31.1426,57.7326,synthetic_default
demand_sweep,attack_2.00,default,adversarial_explanation_flood,always_explain,14,5000,0.12520152573593454,4.733639148174043,238.05565000000013,1.0,1.0,0.8499999999999955,0.0,7.324213888888851,0.0,0.0,0.0,31.0202,2.5936699915429884,0.9872,0.8638,31.0202,57.546,synthetic_default
demand_sweep,attack_2.00,default,adversarial_explanation_flood,threshold_explain,14,5000,0.11597756922479309,4.675311797386034,238.1092462800002,0.6685516709015465,0.9162234996987293,0.5343919462223801,18310.215539665878,4.284000000000015,0.0,0.0,0.0,19.434576000000185,2.594302018016009,0.6194,0.7628,31.091,57.6672,synthetic_default
demand_sweep,attack_2.00,default,adversarial_explanation_flood,rate_limited,14,5000,0.10582087315256711,4.617400498520604,237.57378448000307,0.3209554824716656,0.5480579246107282,0.9508112526306981,61560.71137333077,2.351194444444443,0.0,0.0,0.0,9.965727999999988,2.5970894914249874,0.0,0.5746,31.0754,57.5936,synthetic_default
demand_sweep,attack_2.00,default,adversarial_explanation_flood,fifo_explanation,14,5000,0.10967655640337705,4.6295698480714105,237.68211599999898,0.38472883029611293,0.12055469962336712,0.9422906754555928,69612.37608119729,2.8333333333333033,0.0,0.0,0.0,12.0,2.6027657072628556,0.0,0.6472,31.1908,57.7164,synthetic_default
demand_sweep,attack_2.00,default,adversarial_explanation_flood,static_coarse_full,14,5000,0.11382068478767234,4.6704177014077715,237.85370888000008,0.6692452890861139,0.9162570691508803,0.5349337577979318,18297.258947181428,4.289177777777806,0.0,0.0,0.0,19.458616000000138,2.6040358526121037,0.6222,0.7666,31.098,57.5244,synthetic_default
demand_sweep,attack_2.00,default,adversarial_explanation_flood,static_offload,14,5000,0.09941912700428215,4.5905743610151895,237.44958348000026,0.6123174037043956,0.7757563808799788,0.8253833476041248,17833.14094508808,4.980605555555553,0.551371604787258,0.0,0.0,4.984471999999525,2.6024959963633902,0.0,0.8006,31.0658,57.4894,synthetic_default
demand_sweep,attack_2.00,default,adversarial_explanation_flood,budget_only_bexgov,14,5000,0.10498112822836377,4.627474376134323,237.43829613999958,0.4845515145257853,0.678851203871765,0.44702095943626324,32151.603619970065,1.2755216666668048,0.0,0.0697185189009202,0.5736161480582838,12.522035999999915,2.600803968724225,0.041,0.4974,30.9932,57.382,synthetic_default
demand_sweep,attack_2.00,default,adversarial_explanation_flood,xai_gate,14,5000,0.09946778777484698,4.580471304590227,237.16133122000005,0.20956838518080095,0.22326343245316763,0.40673576798448663,47094.01983931671,1.0000127777778154,0.07456629152682132,0.05031855750462214,0.15813851614690363,4.034739999999889,2.596419589622053,0.04,0.6996,31.0462,57.5502,synthetic_default
demand_sweep,attack_2.00,default,adversarial_explanation_flood,never_explain,15,5000,0.09381855408765173,4.561273076922791,237.1862,0.0,0.0,0.0,69531.27832499641,0.0,0.0,0.0,0.0,0.0,2.6063077305216478,0.0,0.0,31.07,57.4364,synthetic_default
demand_sweep,attack_2.00,default,adversarial_explanation_flood,always_explain,15,5000,0.12640564423480924,4.741407790105555,238.44200799999996,1.0,1.0,0.8499999999999981,0.0,7.329738888888872,0.0,0.0,0.0,31.0436,2.5915501919937536,0.994,0.8636,31.0436,57.6234,synthetic_default
demand_sweep,attack_2.00,default,adversarial_explanation_flood,threshold_explain,15,5000,0.1122635115322599,4.671336697395593,237.92391876000022,0.6689665643676296,0.9164319541171497,0.5348286221935056,18159.353204110375,4.2698333333333265,0.0,0.0,0.0,19.365744000000188,2.5933475186690425,0.61,0.7618,30.955,57.4302,synthetic_default
demand_sweep,attack_2.00,default,adversarial_explanation_flood,rate_limited,15,5000,0.10434240913817695,4.617037179665141,237.55460784000294,0.32177542659914155,0.5496384844254727,0.9507473952453142,60822.027396211015,2.3517777777777775,0.0,0.0,0.0,9.967743999999982,2.59435634690681,0.0,0.575,31.001,57.4994,synthetic_default
demand_sweep,attack_2.00,default,adversarial_explanation_flood,fifo_explanation,15,5000,0.106677838698572,4.622759252044926,237.33245999999895,0.38651575373792946,0.12121370125674734,0.9420226369393134,69049.35466559714,2.833333333333317,0.0,0.0,0.0,12.0,2.598066450411369,0.0,0.6472,31.0466,57.5246,synthetic_default
demand_sweep,attack_2.00,default,adversarial_explanation_flood,static_coarse_full,15,5000,0.11289270806869735,4.663852722362648,237.53367771999984,0.6677987259507095,0.9155332851530917,0.5335358085065304,18426.366783270325,4.273255555555542,0.0,0.0,0.0,19.396928000000102,2.605654062770079,0.6106,0.7658,31.082,57.469,synthetic_default
demand_sweep,attack_2.00,default,adversarial_explanation_flood,static_offload,15,5000,0.10218282995047087,4.592728287855342,237.56411467999993,0.6126633272460732,0.7764055957241491,0.8273290851102243,17664.420436903605,5.001038888888888,0.5533642840608041,0.0,0.0,4.972375999999575,2.5959618381683023,0.0,0.8008,31.1032,57.6632,synthetic_default
demand_sweep,attack_2.00,default,adversarial_explanation_flood,budget_only_bexgov,15,5000,0.1071766206311449,4.635184333330633,237.82523612000014,0.4855202724054259,0.6792057754173174,0.44802628609017114,31992.51198537474,1.2772133333334703,0.0,0.0694104976686895,0.5759529997484893,12.555191999999964,2.5943635461722785,0.0426,0.4982,31.0126,57.5208,synthetic_default
demand_sweep,attack_2.00,default,adversarial_explanation_flood,xai_gate,15,5000,0.09716145730989259,4.580066314602582,237.14090430000002,0.20970218364267693,0.22286314737349905,0.40911764326527345,47241.508626586925,1.0000516666667036,0.07513123782744967,0.05041209322722524,0.15822703176793798,4.019911999999898,2.601628678870149,0.0428,0.7018,31.0124,57.4044,synthetic_default
demand_sweep,attack_2.00,default,adversarial_explanation_flood,never_explain,16,5000,0.09626190294283114,4.556442307692012,236.935,0.0,0.0,0.0,69474.06637199635,0.0,0.0,0.0,0.0,0.0,2.6107850559464336,0.0,0.0,31.1922,57.5908,synthetic_default
demand_sweep,attack_2.00,default,adversarial_explanation_flood,always_explain,16,5000,0.12563739421059386,4.735351224353264,238.10739000000027,1.0,1.0,0.8499999999999995,0.0,7.355474999999996,0.0,0.0,0.0,31.1526,2.60767937297627,0.9914,0.8648,31.1526,57.5672,synthetic_default
demand_sweep,attack_2.00,default,adversarial_explanation_flood,threshold_explain,16,5000,0.11427897803675444,4.666669395611633,237.68119748000026,0.6680219674032098,0.9157063261168049,0.5337705340462504,18230.711066932534,4.270769444444422,0.0,0.0,0.0,19.38318400000016,2.5957966034165194,0.616,0.765,31.046,57.5598,synthetic_default
demand_sweep,attack_2.00,default,adversarial_explanation_flood,rate_limited,16,5000,0.10495434264221759,4.617267961422665,237.5669415200031,0.32139814259842864,0.5493314889059936,0.9507434117669793,61124.134354971015,2.351194444444445,0.0,0.0,0.0,9.96572799999999,2.5957063702282284,0.0,0.5746,31.0326,57.5364,synthetic_default
demand_sweep,attack_2.00,default,adversarial_explanation_flood,fifo_explanation,16,5000,0.10717450301094704,4.632537904168037,237.83449599999884,0.38532428249407563,0.12084782832062164,0.942201357625893,69471.64480979725,2.833333333333325,0.0,0.0,0.0,12.0,2.6071855066722756,0.0,0.6472,31.1426,57.5566,synthetic_default
demand_sweep,attack_2.00,default,adversarial_explanation_flood,static_coarse_full,16,5000,0.11773296896525423,4.670109788197813,237.84017735999984,0.6689000597828523,0.9159326168485461,0.5344969562170959,18367.283961750338,4.2860138888888955,0.0,0.0,0.0,19.451288000000165,2.589752465080425,0.622,0.7676,31.1126,57.7804,synthetic_default
demand_sweep,attack_2.00,default,adversarial_explanation_flood,static_offload,16,5000,0.1004549366842272,4.588827900352458,237.36248860000012,0.6110898439765644,0.7756196275277186,0.8236477646952732,17824.685593221348,4.964866666666652,0.5501743260573955,0.0,0.0,4.970495999999532,2.5948207558971967,0.0,0.8004,31.0338,57.5528,synthetic_default
demand_sweep,attack_2.00,default,adversarial_explanation_flood,budget_only_bexgov,16,5000,0.11087596803124816,4.628503261552336,237.47251652000003,0.48424946264157465,0.6783679187607221,0.4475182060248312,32605.41934107316,1.279494444444588,0.0,0.07070674665554522,0.5760161688749158,12.59360399999992,2.597985100641082,0.0488,0.5022,31.171,57.7564,synthetic_default
demand_sweep,attack_2.00,default,adversarial_explanation_flood,xai_gate,16,5000,0.10137300000346776,4.583589602811765,237.32108857999992,0.20854627979434584,0.22317436202816215,0.40755054940827923,47443.259474448634,1.000075000000036,0.07424384239611247,0.05054940828023028,0.15709743182080443,4.033535999999895,2.6062416699322246,0.0446,0.7026,31.1972,57.6726,synthetic_default
demand_sweep,attack_2.00,default,adversarial_explanation_flood,never_explain,17,5000,0.09570438734875704,4.5635807692304695,237.3062,0.0,0.0,0.0,69320.31540379618,0.0,0.0,0.0,0.0,0.0,2.6051362952975983,0.0,0.0,31.1248,57.5564,synthetic_default
demand_sweep,attack_2.00,default,adversarial_explanation_flood,always_explain,17,5000,0.12592849402988404,4.736237389009075,238.15569799999972,1.0,1.0,0.8499999999999994,0.0,7.353869444444439,0.0,0.0,0.0,31.1458,2.6056642610227727,0.99,0.8648,31.1458,57.5868,synthetic_default
demand_sweep,attack_2.00,default,adversarial_explanation_flood,threshold_explain,17,5000,0.1122861123977418,4.668363202408359,237.75680768000032,0.6677053196003551,0.9161546388560444,0.5337477015263137,18307.11493157257,4.281455555555552,0.0,0.0,0.0,19.421624000000165,2.61118753504375,0.6184,0.7678,31.1076,57.4282,synthetic_default
demand_sweep,attack_2.00,default,adversarial_explanation_flood,rate_limited,17,5000,0.10883284682395468,4.6204337356345535,237.72810568000287,0.3201410944928876,0.5476511298360738,0.951142422667513,61356.9281954708,2.353152777777776,0.0,0.0,0.0,9.972495999999987,2.596108386489417,0.0,0.5754,31.1706,57.7858,synthetic_default
demand_sweep,attack_2.00,default,adversarial_explanation_flood,fifo_explanation,17,5000,0.10863335808002447,4.632384729255678,237.8266319999989,0.38396805385791904,0.11892387100619625,0.9424047919213159,69362.69796259739,2.833333333333319,0.0,0.0,0.0,12.0,2.614011716518532,0.0,0.6472,31.2526,57.6508,synthetic_default
demand_sweep,attack_2.00,default,adversarial_explanation_flood,static_coarse_full,17,5000,0.1130268284875218,4.66241316387866,237.46681311999984,0.6674299697340454,0.9156550273839547,0.5332745186425417,18342.071119585933,4.268211111111113,0.0,0.0,0.0,19.37257600000019,2.6022306039982075,0.6064,0.7662,31.058,57.4792,synthetic_default
demand_sweep,attack_2.00,default,adversarial_explanation_flood,static_offload,17,5000,0.10044437409651945,4.585348744846515,237.18036603999965,0.6119982623805384,0.7758573516239101,0.8252180712424055,17759.946947228083,4.981883333333318,0.5513852688483445,0.0,0.0,4.979927999999522,2.5996747470254564,0.0,0.799,31.077,57.5552,synthetic_default
demand_sweep,attack_2.00,default,adversarial_explanation_flood,budget_only_bexgov,17,5000,0.10617000428152203,4.624169227061147,237.25886774,0.4859632364797486,0.6789620232136662,0.4480863620239278,32000.53931857101,1.2770383333334716,0.0,0.0696958947402367,0.5751555999871005,12.55777199999993,2.5979871043798086,0.0424,0.4972,31.009,57.4562,synthetic_default
demand_sweep,attack_2.00,default,adversarial_explanation_flood,xai_gate,17,5000,0.09998705841081727,4.57032513176022,236.63529754000004,0.20962883558028358,0.22292245958191034,0.406711991862067,47151.85480400952,1.0000027777778144,0.07477369593489654,0.05037277397921737,0.15868968980569398,4.0333599999999,2.596553077534922,0.0412,0.7008,31.0644,57.5818,synthetic_default
demand_sweep,attack_2.00,default,adversarial_explanation_flood,never_explain,18,5000,0.0946473424573659,4.563953846153536,237.3256,0.0,0.0,0.0,69121.9291557962,0.0,0.0,0.0,0.0,0.0,2.595110038059321,0.0,0.0,31.002,57.4892,synthetic_default
demand_sweep,attack_2.00,default,adversarial_explanation_flood,always_explain,18,5000,0.12629636958197246,4.735046363383553,238.10301799999988,1.0,1.0,0.8500000000000031,0.0,7.345794444444471,0.0,0.0,0.0,31.1116,2.600054617113192,0.9912,0.8628,31.1116,57.6132,synthetic_default
demand_sweep,attack_2.00,default,adversarial_explanation_flood,threshold_explain,18,5000,0.11531308394996567,4.669479874354635,237.81525063999976,0.6675688011468489,0.916115759447654,0.5336349376755776,18458.421593697007,4.281036111111106,0.0,0.0,0.0,19.419880000000187,2.599306779951228,0.6178,0.7668,31.1114,57.6248,synthetic_default
demand_sweep,attack_2.00,default,adversarial_explanation_flood,rate_limited,18,5000,0.1062577172449166,4.620409625676414,237.72798164000324,0.3206050419087776,0.5467461419313366,0.9509397336350068,61340.97789356157,2.351902777777779,0.0,0.0,0.0,9.968175999999984,2.599946316427635,0.0,0.575,31.1152,57.6216,synthetic_default
demand_sweep,attack_2.00,default,adversarial_explanation_flood,fifo_explanation,18,5000,0.10861821562885753,4.631935488897283,237.80356799999907,0.3850794547274921,0.11954109059541353,0.9422380817908833,69256.73720019756,2.833333333333308,0.0,0.0,0.0,12.0,2.6038061403386994,0.0,0.6472,31.1624,57.6472,synthetic_default
demand_sweep,attack_2.00,default,adversarial_explanation_flood,static_coarse_full,18,5000,0.11708741057911791,4.670956647166624,237.86129956000033,0.6695078669536688,0.9160331683604754,0.5349669434194319,18333.539982181537,4.304316666666638,0.0,0.0,0.0,19.535040000000237,2.60503424408394,0.6274,0.7696,31.2192,57.7326,synthetic_default
demand_sweep,attack_2.00,default,adversarial_explanation_flood,static_offload,18,5000,0.10236003703421148,4.59639739286454,237.74783351999992,0.6128673168227916,0.7761219566720932,0.8267346336455912,17852.42779974599,5.006922222222222,0.552559989734377,0.0,0.0,4.997359999999519,2.603091270144004,0.0,0.7994,31.172,57.6764,synthetic_default
demand_sweep,attack_2.00,default,adversarial_explanation_flood,budget_only_bexgov,18,5000,0.10909105354825697,4.626742009915945,237.39014066000018,0.4847694961287876,0.6787839900258582,0.44751218005238846,32237.354649412762,1.2778738888890262,0.0,0.06918655914324513,0.5758638665954421,12.564247999999939,2.5938696254559597,0.0452,0.4996,31.0754,57.6452,synthetic_default
demand_sweep,attack_2.00,default,adversarial_explanation_flood,xai_gate,18,5000,0.10277698369828665,4.579744746967501,237.12560127999996,0.20818052548648325,0.2221622289808181,0.4071112335225009,47763.70269576348,1.0000450000000367,0.0741663570797197,0.050121059171673435,0.15703744507500544,4.030559999999897,2.603874369237722,0.0444,0.703,31.2244,57.7608,synthetic_default
demand_sweep,attack_2.00,default,adversarial_explanation_flood,never_explain,19,5000,0.09228526184347292,4.555715384615106,236.8972,0.0,0.0,0.0,69065.72355699603,0.0,0.0,0.0,0.0,0.0,2.602908519301391,0.0,0.0,30.9884,57.3396,synthetic_default
demand_sweep,attack_2.00,default,adversarial_explanation_flood,always_explain,19,5000,0.12789011122275906,4.733950103304792,238.06275199999976,1.0,1.0,0.8499999999999983,0.0,7.332241666666652,0.0,0.0,0.0,31.0542,2.5866394095838627,0.991,0.8642,31.0542,57.722,synthetic_default
demand_sweep,attack_2.00,default,adversarial_explanation_flood,threshold_explain,19,5000,0.11479247636709607,4.670514349069787,237.86228067999986,0.6680141083050108,0.9158592621890648,0.5338197786101121,18430.39054552367,4.2833805555555315,0.0,0.0,0.0,19.437992000000204,2.6037544076551304,0.6178,0.768,31.1306,57.5892,synthetic_default
demand_sweep,attack_2.00,default,adversarial_explanation_flood,rate_limited,19,5000,0.10524652345839774,4.618253642131508,237.61586640000314,0.32240149390677275,0.5498458759809343,0.9508018764296146,60853.837462810436,2.353194444444441,0.0,0.0,0.0,9.972639999999984,2.5851176452873528,0.0,0.5752,30.9524,57.5572,synthetic_default
demand_sweep,attack_2.00,default,adversarial_explanation_flood,fifo_explanation,19,5000,0.10870138339646507,4.628381301129471,237.62109599999897,0.3862271401811405,0.12078415351563153,0.9420659289728355,69033.70905699761,2.8333333333332913,0.0,0.0,0.0,12.0,2.592598759522136,0.0,0.6472,31.0698,57.6552,synthetic_default
demand_sweep,attack_2.00,default,adversarial_explanation_flood,static_coarse_full,19,5000,0.11478724848063829,4.669283449355342,237.8021646000001,0.667675265612352,0.9157931035706869,0.5334938141548554,18402.338641332582,4.280877777777749,0.0,0.0,0.0,19.429048000000247,2.604283151010017,0.6222,0.767,31.1356,57.59,synthetic_default
demand_sweep,attack_2.00,default,adversarial_explanation_flood,static_offload,19,5000,0.10106044038850853,4.58633643398648,237.23123388000005,0.6129120154415308,0.7761612627763188,0.8270163101174256,17679.695542297053,4.995049999999994,0.5528518578092327,0.0,0.0,4.9806479999995625,2.598138251386986,0.0,0.7994,31.085,57.5946,synthetic_default
demand_sweep,attack_2.00,default,adversarial_explanation_flood,budget_only_bexgov,19,5000,0.10693216332776832,4.623858315402161,237.23455462000013,0.4848221257577498,0.6784587542057364,0.44770272526456295,32394.561805597634,1.2788877777779242,0.0,0.0699617281413747,0.5762675947806432,12.592527999999936,2.610832869597476,0.0456,0.4998,31.1456,57.504,synthetic_default
demand_sweep,attack_2.00,default,adversarial_explanation_flood,xai_gate,19,5000,0.10221317830800192,4.591077763398415,237.71383922,0.20858978972803993,0.2228189222260029,0.4076176032080601,47353.686497751776,1.0000650000000333,0.07504112899079739,0.05037658732198859,0.15697779034496942,4.006959999999905,2.594037807056729,0.043,0.7032,31.1216,57.7282,synthetic_default
demand_sweep,attack_2.00,default,adversarial_explanation_flood,never_explain,20,5000,0.09650809962574383,4.563442307692009,237.299,0.0,0.0,0.0,69462.83292259605,0.0,0.0,0.0,0.0,0.0,2.603552309070331,0.0,0.0,31.1388,57.6076,synthetic_default
demand_sweep,attack_2.00,default,adversarial_explanation_flood,always_explain,20,5000,0.12447910180369957,4.731695776385172,237.94114100000007,1.0,1.0,0.8499999999999984,0.0,7.339608333333319,0.0,0.0,0.0,31.0854,2.6045431617762103,0.991,0.864,31.0854,57.493,synthetic_default
demand_sweep,attack_2.00,default,adversarial_explanation_flood,threshold_explain,20,5000,0.11594102235047667,4.66243020276338,237.44431335999994,0.6685193157867673,0.9164935446076459,0.5345110651313422,18297.415981914757,4.291122222222223,0.0,0.0,0.0,19.46055200000018,2.5984590981191857,0.618,0.7668,31.1248,57.6632,synthetic_default
demand_sweep,attack_2.00,default,adversarial_explanation_flood,rate_limited,20,5000,0.10392884530391976,4.609483616457848,237.16694008000292,0.32168082786562635,0.5491757767920717,0.9506338668782783,61028.26263563083,2.3505694444444414,0.0,0.0,0.0,9.96356799999998,2.596014713405256,0.0,0.5748,31.0002,57.4714,synthetic_default
demand_sweep,attack_2.00,default,adversarial_explanation_flood,fifo_explanation,20,5000,0.11058649229629361,4.6290704324111,237.65647599999917,0.3845143263629431,0.11968050554826787,0.9423228510455655,69491.89780739743,2.833333333333304,0.0,0.0,0.0,12.0,2.6009696986480195,0.0,0.6472,31.2082,57.7774,synthetic_default
demand_sweep,attack_2.00,default,adversarial_explanation_flood,static_coarse_full,20,5000,0.11405898309326447,4.664675517858265,237.55832004000013,0.6685244048880407,0.9161412021682083,0.5343530665844726,18394.303998945954,4.29100555555559,0.0,0.0,0.0,19.467104000000163,2.608600745231075,0.623,0.7694,31.1454,57.5392,synthetic_default
demand_sweep,attack_2.00,default,adversarial_explanation_flood,static_offload,20,5000,0.10119910352825165,4.593281833645719,237.59118632000013,0.6120771162653287,0.7761771009476651,0.8261350658693402,17755.01500956588,4.998583333333319,0.5523775267042207,0.0,0.0,4.978775999999561,2.6036405132086546,0.0,0.7992,31.1374,57.6036,synthetic_default
demand_sweep,attack_2.00,default,adversarial_explanation_flood,budget_only_bexgov,20,5000,0.10779222531844322,4.628701697056649,237.4960332599999,0.4853632856350404,0.6789347489706737,0.44802679965419784,32106.021130661018,1.276066666666811,0.0,0.07123133895046516,0.5748119379104786,12.545527999999884,2.5904278113266233,0.0412,0.4958,31.0004,57.5612,synthetic_default
demand_sweep,attack_2.00,default,adversarial_explanation_flood,xai_gate,20,5000,0.10172843895488912,4.579527804122306,237.11486897999998,0.20825318971597623,0.22201667213565088,0.4058174007822015,47324.55492582508,1.0000466666667032,0.07436045393344874,0.050182727447586076,0.1567416810925178,4.023455999999898,2.6045717534414714,0.042,0.7026,31.194,57.6934,synthetic_default
