stage,variant,ablation,regime,policy,seed_count,ci95_alerts_per_slot,ci95_attacker_trigger_gain,ci95_audit_rate,ci95_budget_violation_rate,ci95_explanation_coverage,ci95_exposure_budget_violation_rate,ci95_exposure_use,ci95_high_risk_explanation_coverage,ci95_local_compute_load,ci95_mean_explanation_debt,ci95_mean_explanation_delay,ci95_mean_packet_delay,ci95_mean_packet_queue,ci95_offload_rate,ci95_packet_drop_rate,ci95_packets_per_slot,ci95_redaction_rate,mean_alerts_per_slot,mean_attacker_trigger_gain,mean_audit_rate,mean_budget_violation_rate,mean_explanation_coverage,mean_exposure_budget_violation_rate,mean_exposure_use,mean_high_risk_explanation_coverage,mean_local_compute_load,mean_mean_explanation_debt,mean_mean_explanation_delay,mean_mean_packet_delay,mean_mean_packet_queue,mean_offload_rate,mean_packet_drop_rate,mean_packets_per_slot,mean_redaction_rate
frontier,budget_10.0_exposure_10000,default,adversarial_explanation_flood,always_explain,20,0.01874650819954982,0.0019828005480652393,0.0,0.002395339643645768,0.0,0.0008547109379014727,0.007967265984811723,0.0,0.01874650819954982,0.0,2.0248164099704223e-15,0.0005366087833485831,0.027463830496698156,0.0,0.0,0.04245240719031874,0.0,12.142489999999999,0.7997280224669596,0.0,0.66912,1.0,0.80663,5.160558249999903,1.0,12.142489999999999,0.0,0.849999999999984,0.020291415801865307,1.038413100000001,0.0,0.0,44.97895,0.0
frontier,budget_10.0_exposure_10000,default,adversarial_explanation_flood,budget_only_bexgov,20,0.019905428441508208,0.002668975932568541,0.000640200307609847,0.00045079999999999995,0.0005417354610695034,0.0023634698399198012,0.0008406673611255677,0.00019917604223106542,0.008799469689934116,42.83618310275474,0.0005557159500912572,0.0004624777733212469,0.023908825589146577,0.0,0.0,0.04394133166130071,0.001398966698120699,12.16677,0.8011556954636342,0.0787515594252186,0.00513,0.466263796599448,0.21155,1.0755624999998428,0.7049476403152213,4.75443639999938,8430.651851418686,0.41097871524433105,0.01691126598714841,0.8739318560000024,0.0,0.0,45.033249999999995,0.40141531064338504
frontier,budget_10.0_exposure_10000,default,adversarial_explanation_flood,fifo_explanation,20,0.020283236974304418,0.002744804601834138,0.0,0.0034381251133047577,0.0009131662067790279,0.0005121132358334318,0.005954164162887709,0.0017026950766462722,0.01400979803032593,57.94772728691144,0.00013697493101668868,0.0006101250884578555,0.03133810285674642,0.0,0.0,0.03105412285657995,0.0,12.15397,0.7996619931583815,0.0,0.66875,0.8801886846860956,0.78037,4.54653524999988,0.7670226927287023,10.69773,5298.229974619897,0.8679716972970624,0.01922152774868946,0.9872254999999914,0.0,0.0,45.023160000000004,0.0
frontier,budget_10.0_exposure_10000,default,adversarial_explanation_flood,never_explain,20,0.02313102940909051,0.0029813441348797744,0.0,0.0,0.0,0.0,0.0,0.0,0.0,53.03918825306034,0.0,0.00040287951920481855,0.020949734998650556,0.0,0.0,0.03157360369395868,0.0,12.16183,0.8006560745158581,0.0,0.0,0.0,0.0,0.0,0.0,0.0,20133.512887969053,0.0,0.014528461538461537,0.75548,0.0,0.0,45.02736,0.0
frontier,budget_10.0_exposure_10000,default,adversarial_explanation_flood,rate_limited,20,0.01914918310617144,0.0028127149999451705,0.0,0.0009160055113601147,0.0008372213740961392,0.0008433755684590846,0.005089535928505614,0.00043139250400613864,0.009776221623694894,55.70543479342307,0.0010634344849526016,0.0004889947311010063,0.025225381169754674,0.0,0.0,0.05010356694141265,0.0,12.14521,0.7990618152352068,0.0,0.02819,0.6167218399057195,0.60631,2.538818749999982,0.876655241308667,6.7144768000001065,7561.361055191264,0.6510783986931178,0.017862533317303052,0.9212195459999988,0.0,0.0,45.005849999999995,0.0
frontier,budget_10.0_exposure_10000,default,adversarial_explanation_flood,static_coarse_full,20,0.019779830801468955,0.002362811978781005,0.0,0.0010952026450315986,0.0007371316925353722,0.0016120674688767014,0.005343518843615962,0.00027673553992917045,0.013322181697596544,33.283403102980884,0.0006125659074116911,0.0005486196389802858,0.02828586359994471,0.0,0.0,0.04315668305199723,0.0,12.14133,0.7995164864842844,0.0,0.07626,0.5784995094930626,0.5998300000000001,2.4965979999999908,0.884601964711657,6.435826400000108,6063.185220857953,0.45398287447631835,0.017019910900026462,0.8775432600000006,0.0,0.0,44.979969999999994,0.0
frontier,budget_10.0_exposure_10000,default,adversarial_explanation_flood,static_offload,20,0.023128602766453926,0.0029860255775939377,0.0,0.0,0.0005705955266081181,0.0011422560538826584,0.006735268118751224,0.00021601064615655013,0.004179290642895864,34.377965154224306,0.0009047423313680918,0.00048512906574230504,0.02516780273501302,0.0006982661499857874,0.0,0.038191892363638826,0.0,12.142610000000001,0.7995023257621581,0.0,0.0,0.534157967099125,0.6562300000000001,2.911482499999999,0.75211842547159,1.8449691999998463,3768.9010691471035,0.6936856551497387,0.01534479086617754,0.7959940900000001,0.45105821475397184,0.0,44.98505,0.0
frontier,budget_10.0_exposure_10000,default,adversarial_explanation_flood,threshold_explain,20,0.022208759731430754,0.0024731736194502233,0.0,0.0018738040250278374,0.000965515183621207,0.0016131018723336444,0.007386679941257915,0.0004175965973307927,0.017223365648335445,27.561290707263126,0.0008631285694307285,0.0006525708873389185,0.03366035051729804,0.0,0.0,0.04470208222716496,0.0,12.15498,0.7991807908255768,0.0,0.07628,0.5783310930653454,0.6002799999999999,2.49853174999999,0.8845482283832448,6.441011200000109,6080.097306549954,0.4538391603086973,0.01748791826907616,0.9016735120000007,0.0,0.0,45.038889999999995,0.0
frontier,budget_10.0_exposure_10000,default,adversarial_explanation_flood,xai_gate,20,0.02042444934051241,0.0024848814193147205,0.0002581793552529875,0.0009083806806909927,0.0007844628436480594,0.0017222426016526714,1.4313774970409534e-05,0.0010322718412205255,0.0068840926293896754,53.41450343219913,0.0008977050419058289,0.0004758785595075014,0.024680419639047626,0.0003319874574024866,0.0,0.0463680814218712,0.0009766941774843338,12.1294,0.7972415114553791,0.07233225370901494,0.027229999999999997,0.3336355328183977,0.5257,1.0000426499999353,0.3728244630977048,3.05753159999973,9221.226763502718,0.43122719492810085,0.01577653077448591,0.816867077,0.056109518130197676,0.0,44.99267,0.2701293817175494
frontier,budget_10.0_exposure_10000,default,bursty,always_explain,20,0.023342775848282468,0.0025972092896105934,0.0,0.0009692539246896624,0.0,0.0016528470263855546,0.009920679735518929,0.0,0.023342775848282468,0.0,1.173691275495008e-15,0.002294922449564048,0.11798090189099857,0.0,0.0004956115685914778,0.04573461090145365,0.0,8.73558,0.1469679962217793,0.0,0.22144,1.0,0.73158,3.712621499999736,1.0,8.73558,0.0,0.8499999999999395,1.2605058186300986,64.40935414999998,0.0,0.16483568065444648,50.77476,0.0
frontier,budget_10.0_exposure_10000,default,bursty,budget_only_bexgov,20,0.016177010716250457,0.0018427231430158985,0.0005547157829963801,0.0004672084714444652,0.0007349964021086642,0.0,0.0007124339046178682,0.00029731895388874786,0.007185191273797126,30.892002609021226,0.0007736369852980614,0.002365001225620129,0.12258089203898144,0.0,0.0004971558090580333,0.027570618224785057,0.001943070177543966,8.73787,0.14681365520359432,0.07914826220665029,0.013619999999999998,0.37528497737134875,0.0,0.9039940500000281,0.7293940248736692,2.810385599999968,3842.442320467316,0.3005589285517504,1.2391074839262166,64.05565096099994,0.0,0.16176265333831835,50.79499,0.06808998729657774
frontier,budget_10.0_exposure_10000,default,bursty,fifo_explanation,20,0.01694474367335754,0.0018759323173327246,0.0,0.0007983621338979611,0.00109556562156486,0.0004223884368433278,0.004507768511103803,0.001769515164205232,0.010606514143775286,50.02989331882987,0.00016433484323489557,0.0022870361636610414,0.11829705585605424,0.0,0.0005727377554892805,0.04844423780245773,0.0,8.72358,0.1446138019849737,0.0,0.22025999999999998,0.7816786115668435,0.65624,2.8980664999998735,0.5669305746326848,6.818980000000001,3679.002137299992,0.8827482082649066,1.2534529705206494,64.49581600000009,0.0,0.16313838946498155,50.80943,0.0
frontier,budget_10.0_exposure_10000,default,bursty,never_explain,20,0.01667664197903294,0.0023941558926758753,0.0,0.0,0.0,0.0,0.0,0.0,0.0,48.79451964995216,0.0,0.002397633190671065,0.12467692591489132,0.0,0.0004402117549087608,0.053053866222329424,0.0,8.73841,0.1479746186864091,0.0,0.0,0.0,0.0,0.0,0.0,0.0,10191.199335480002,0.0,1.2259948076923202,63.751729999999995,0.0,0.15990027345492358,50.74705,0.0
frontier,budget_10.0_exposure_10000,default,bursty,rate_limited,20,0.02255635759771048,0.0024407671624400405,0.0,0.0004718377151878431,0.0007259063868141733,0.0033426355954860715,0.004382864076872967,0.0008402684944819297,0.009425309897964867,51.20217607457786,0.0015898476303724941,0.0037943663533433355,0.1964251674734866,0.0,0.0004034666853761398,0.04687672609324449,0.0,8.74156,0.14830497754122546,0.0,0.013430000000000001,0.5005842797200565,0.21617000000000003,1.274179000000116,0.7945492098626408,3.6711056000001294,4276.682234524013,0.6012424903057465,1.241055706423035,64.109258776,0.0,0.16230115527188468,50.75035,0.0
frontier,budget_10.0_exposure_10000,default,bursty,static_coarse_full,20,0.02537674836140146,0.002881770653191828,0.0,0.0008583108797608184,0.0009009604948577454,0.003481675990850262,0.005031716314200362,0.0005225429038281027,0.012611613456137304,35.44695323071417,0.0007318335690528352,0.0035051428799746866,0.18125067892949567,0.0,0.0005022016545644818,0.04278682669912608,0.0,8.74363,0.14780966301275691,0.0,0.06822,0.42732428953979945,0.1807,1.2175492500000975,0.8139546722047777,3.2905680000000586,2981.291288564,0.32348627921132606,1.24074197560992,64.05780035800004,0.0,0.16263156832540784,50.78426,0.0
frontier,budget_10.0_exposure_10000,default,bursty,static_offload,20,0.020131685379285266,0.0026659468592534845,0.0,0.0,0.0008132434208906939,0.003217468112139038,0.005180521671882017,0.0005983085535379322,0.0023380875822880715,33.857790787936075,0.0014136487063203618,0.0028976323387038447,0.15052856679331553,0.0011299398111764907,0.0005271942611827186,0.0414467858796771,0.0,8.7372,0.14715555750647244,0.0,0.0,0.3981893248388781,0.288,1.4065350000000358,0.6963965922030977,1.1447543999999608,1977.0882434740531,0.47804471798511844,1.2329891645728592,63.96316955400001,0.291850484554508,0.1610149259517215,50.776120000000006,0.0
frontier,budget_10.0_exposure_10000,default,bursty,threshold_explain,20,0.021275329227015347,0.0022671658622579454,0.0,0.0015685414854503998,0.0010865252672198206,0.003865096564464021,0.0056733409049681775,0.0006611730795415249,0.014500800507783141,26.819754305020926,0.0009005429737148565,0.00350548721767112,0.18133690920619286,0.0,0.0005186756593260576,0.04940900257061616,0.0,8.73476,0.14738720533675337,0.0,0.06754,0.42735084772882415,0.1773,1.214494500000097,0.8132318217959955,3.2851776000000577,2977.908624853996,0.3233017164095313,1.2398868943078352,64.01442139999999,0.0,0.16243978587161234,50.75146,0.0
frontier,budget_10.0_exposure_10000,default,bursty,xai_gate,20,0.02074290277326323,0.0021558117105202252,0.0005322488607918314,0.0008222046614214481,0.0017295695663927053,0.002968471263479783,2.6774095017496693e-05,0.002181831073512617,0.005932512472445522,28.0306030676442,0.001578383448577068,0.003213618372727267,0.16670865640177635,0.000324293531819913,0.0005594790832378995,0.05127654381940316,0.0024179855609815807,8.744580000000001,0.14745877185159345,0.08563332814780965,0.04845,0.4865084162220473,0.2399,1.0000715499999182,0.561321447598407,2.6358887999996847,1486.6136684976186,0.5540210989676113,1.2391974109489012,64.13345406199998,0.15374255212848942,0.16220268892196127,50.80535,0.43724045581307297
frontier,budget_10.0_exposure_10000,default,poisson,always_explain,20,0.01553372583062588,0.0014744710291823208,0.0,0.0015611443549019108,0.0,0.0014316476220370055,0.006601833478015199,0.0,0.01553372583062588,0.0,1.0748250841471682e-15,0.00041524627997286735,0.02139751454547199,0.0,0.0,0.028399716544026395,0.0,6.75176,0.002261301623862366,0.0,0.08331,1.0,0.65273,2.8694979999998704,1.0,6.75176,0.0,0.8499999999999617,0.017639165596692312,0.90906865,0.0,0.0,45.00339,0.0
frontier,budget_10.0_exposure_10000,default,poisson,budget_only_bexgov,20,0.016518384301008028,0.0014867901666494308,0.0005457401399502853,0.0,0.0009358590878074828,0.0,0.0032797252494966424,0.000965169775968381,0.008585376325226891,26.780812547756724,0.0008549103651819218,0.00027404354018135767,0.014219165426896446,0.0,0.0,0.03104541366721392,0.0,6.760250000000001,0.003455276955027997,0.07018970729534645,0.0,0.3651585100133624,0.0,0.6978862500000332,0.7380770704192345,2.0760404000000654,902.9181469576233,0.276775920615932,0.015268745601608163,0.7917998759999996,0.0,0.0,44.99235,0.0
frontier,budget_10.0_exposure_10000,default,poisson,fifo_explanation,20,0.01798462866853979,0.001480157405040083,0.0,0.001669879075357192,0.0002517711507692361,0.0013755249455351514,0.007310720363330377,0.0006430641849577284,0.017201694972543258,0.00937495619600213,3.7765672615192264e-05,0.00042273496659447283,0.021797959293116936,0.0,0.0,0.04293606730639079,0.0,6.747920000000001,0.0017642378659919245,0.0,0.08175,0.9944767933043016,0.64949,2.852021999999876,0.9848600012208306,6.710640000000001,0.13963845000000003,0.8508284810043172,0.01739768739623033,0.8967628499999993,0.0,0.0,45.004239999999996,0.0
frontier,budget_10.0_exposure_10000,default,poisson,never_explain,20,0.01654730966054924,0.0011635224686440233,0.0,0.0,0.0,0.0,0.0,0.0,0.0,41.593135305194544,0.0,0.00044298779502728125,0.02303536534141865,0.0,0.0,0.02941375804404598,0.0,6.738989999999999,0.0016294870722749488,0.0,0.0,0.0,0.0,0.0,0.0,0.0,5449.169913870266,0.0,0.01450211538461538,0.7541100000000001,0.0,0.0,44.9851,0.0
frontier,budget_10.0_exposure_10000,default,poisson,rate_limited,20,0.016777865123335647,0.0013400148536242737,0.0,5.9653455363810264e-05,0.0006090014213084621,0.0,0.0035802282967766627,0.0008971874622597397,0.009125082961320863,0.05273394734756499,0.0006643651868819883,0.00043370659941234166,0.022453784476856233,0.0,0.0,0.03221282949176058,0.0,6.751040000000001,0.0025284362004040495,0.0,0.00012000000000000002,0.5866678577060509,0.0,0.9666295000000783,0.8097616481548938,3.098120000000138,1.3510756350000017,0.3990922084066151,0.01559288045112622,0.8075043479999989,0.0,0.0,44.97154,0.0
frontier,budget_10.0_exposure_10000,default,poisson,static_coarse_full,20,0.01733671272039408,0.001454240185849366,0.0,3.211177845883771e-05,0.0010326730658507277,0.0,0.0038787557939793005,0.0008973081734546792,0.009184248530963841,27.35708336953081,0.0008652978084529824,0.0004931528205468414,0.025562353633645306,0.0,0.0,0.03819343951601056,0.0,6.756959999999999,0.002605480318207021,0.0,3.0000000000000004e-05,0.38504768517122284,0.0,0.8186167500000441,0.7854319276823906,2.256180000000055,625.8874580400006,0.28742857340325584,0.015365355951316564,0.7965927019999987,0.0,0.0,45.011399999999995,0.0
frontier,budget_10.0_exposure_10000,default,poisson,static_offload,20,0.010844208377504393,0.0009100696552767358,0.0,0.0,0.000919448579709381,0.0,0.003313549156627952,0.000744965733116702,0.002920096027019479,3.7129574457999763,0.001434664667680171,0.00040428898483529187,0.020997671811871406,0.0011264711161569619,0.0,0.03379433311460752,0.0,6.75577,0.0018992057021245845,0.0,0.0,0.3599697812650984,0.0,0.9454310000000158,0.6745839573002318,0.8379351999999963,19.31131799499987,0.41987167548568627,0.014937262072383484,0.7758797539999995,0.24987325417245457,0.0,45.01247,0.0
frontier,budget_10.0_exposure_10000,default,poisson,threshold_explain,20,0.018724420072869074,0.0013447484340569494,0.0,2.6979290303178063e-05,0.0007875602072155689,0.0,0.0031000758890849683,0.0007686975333949622,0.0074501975166555165,29.960275546425038,0.0007039389000786701,0.0004368804397348045,0.02264054383069709,0.0,0.0,0.04777133066502732,0.0,6.74426,0.0017393636762080944,0.0,2e-05,0.38557165256793546,0.0,0.819120500000043,0.7861137576650056,2.2561168000000564,594.1710088800002,0.2879507174376519,0.015698289087684555,0.8138695439999989,0.0,0.0,45.00901,0.0
frontier,budget_10.0_exposure_10000,default,poisson,xai_gate,20,0.012325211369085341,0.0011746417738682507,0.0004214280162911389,0.0,0.0004335570653700295,0.0,0.0015510686892588265,0.0003743413494194368,0.00814900753759113,0.5209243209710809,0.0009616227167486094,0.00040939204604085235,0.021213697151966616,0.0003303566546952806,0.0,0.032580730767417694,0.003632616686037023,6.76597,0.0025832776268125746,0.01885378525160831,0.0,0.6156712397336941,0.0,0.8369015999999021,0.7366879670680179,2.6923087999998074,4.6202013800000135,0.6233506942317762,0.01597977324021854,0.8281199790000006,0.14774220690747822,0.0,45.02699,0.6015320639707854
frontier,budget_10.0_exposure_18000,default,adversarial_explanation_flood,always_explain,20,0.01832844087319223,0.0023197539662092224,0.0,0.0028860555576955345,0.0,0.0010740916710852695,0.0043275485395039,0.0,0.01832844087319223,0.0,9.935550197621437e-16,0.00047493662196845023,0.02433366526935056,0.0,0.0,0.02978884401566221,0.0,12.1313,0.7976323086233617,0.0,0.66658,1.0,0.65059,2.86433472222216,1.0,12.1313,0.0,0.8499999999999815,0.020433404607475295,1.0457177000000006,0.0,0.0,44.9899,0.0
frontier,budget_10.0_exposure_18000,default,adversarial_explanation_flood,budget_only_bexgov,20,0.025161445282060074,0.0035374344226992956,0.0005966546216754653,0.0007207954436446913,0.0005843593199732597,0.0,0.00045802750601501365,0.0003775580002930505,0.009051160380277484,39.88032525833351,0.0004931461741634532,0.00044145687733183116,0.02280513895784889,0.0,0.0,0.029228102346525026,0.0014871821547191954,12.133669999999999,0.7971234828787936,0.14189328287851394,0.00872,0.49901042417962954,0.0,0.9164251666666974,0.7700248077417676,5.262636999999911,7690.759560735253,0.417082255471652,0.01669472317087507,0.8622441680000008,0.0,0.0,45.01145,0.13460494960582686
frontier,budget_10.0_exposure_18000,default,adversarial_explanation_flood,fifo_explanation,20,0.018500111589080197,0.002403656927368307,0.0,0.0026869802012864296,0.000831621669285411,0.000766513138555987,0.0025882868658922455,0.001679980973404622,0.010962156137894507,57.45756780403243,0.00012474325039226033,0.0006757888593136534,0.03471170934180014,0.0,0.0,0.03864561144075108,0.0,12.13498,0.799824712504778,0.0,0.66654,0.8803926380481156,0.6036900000000001,2.522490694444381,0.7673269777385177,10.68349,5294.151932249895,0.8679411042927603,0.01873532167796301,0.9622590499999921,0.0,0.0,44.94877,0.0
frontier,budget_10.0_exposure_18000,default,adversarial_explanation_flood,never_explain,20,0.024344955780396815,0.0028141776351866604,0.0,0.0,0.0,0.0,0.0,0.0,0.0,60.736738264196724,0.0,0.0005409963674423313,0.02813181110700127,0.0,0.0,0.05295414933647297,0.0,12.14944,0.7992081336261756,0.0,0.0,0.0,0.0,0.0,0.0,0.0,20121.126393629056,0.0,0.014670384615384618,0.7628600000000001,0.0,0.0,45.01771,0.0
frontier,budget_10.0_exposure_18000,default,adversarial_explanation_flood,rate_limited,20,0.02094798758127531,0.002695172760676923,0.0,0.0010905033738696328,0.0007800507606394522,0.0016370091830112499,0.002270965771084907,0.00034927486690285533,0.007846099860073596,53.21222667267587,0.0010662617173829564,0.0005347822473608588,0.027587336502386275,0.0,0.0,0.029352882355947817,0.0,12.13205,0.7980322026944593,0.0,0.02772,0.6173495387798137,0.29141,1.4102366666666544,0.8770238286805723,6.713754000000101,7542.561137538263,0.6506349609605666,0.017374140072361113,0.8960341159999989,0.0,0.0,44.982659999999996,0.0
frontier,budget_10.0_exposure_18000,default,adversarial_explanation_flood,static_coarse_full,20,0.02063710953240872,0.0024722617790496337,0.0,0.0014710243448556159,0.0005207984265677231,0.0013389978184801998,0.002356172637150404,0.00033338260962322523,0.010401118319962337,28.66124431140677,0.00047669444606764685,0.0004842781941882944,0.024976907743420727,0.0,0.0,0.044441974152844586,0.0,12.1524,0.7996999715980577,0.0,0.07676000000000001,0.5789803561652586,0.27995000000000003,1.389070416666662,0.884559169096409,6.446288400000114,6074.234568717952,0.4543126972762372,0.017731129788498327,0.9142070640000004,0.0,0.0,45.01639,0.0
frontier,budget_10.0_exposure_18000,default,adversarial_explanation_flood,static_offload,20,0.01922873144372078,0.0021180739170069277,0.0,0.0,0.0005916765686063905,0.0018671182839648352,0.0033197907728708897,0.00026872422503550935,0.0043028144115431245,25.756080648554438,0.0009628818031024939,0.00043776685263772737,0.022709545162610416,0.0007765849427988303,0.0,0.050500685853894015,0.0,12.145529999999999,0.7996575318614225,0.0,0.0,0.5337161472246337,0.38279,1.616501944444444,0.7520558161343978,1.8439563999998474,3780.7000430791036,0.6930996139943232,0.015391771179213174,0.7984404220000001,0.4506711855839852,0.0,44.992020000000004,0.0
frontier,budget_10.0_exposure_18000,default,adversarial_explanation_flood,threshold_explain,20,0.019381419248233427,0.002440395464030713,0.0,0.0016181077864039382,0.0006127876072780241,0.0017019242583183986,0.002546362616859035,0.0003809408796078804,0.011320348717248288,25.09503499719788,0.0005737709999095675,0.0003226716595148031,0.016650022607428594,0.0,0.0,0.03407237396267865,0.0,12.13396,0.7972396936498282,0.0,0.07712,0.5787107655751934,0.27938999999999997,1.386708611111105,0.8846326865898918,6.4343632000001065,6063.383150277952,0.45415564732917596,0.017369473252986167,0.8955709100000006,0.0,0.0,45.0096,0.0
frontier,budget_10.0_exposure_18000,default,adversarial_explanation_flood,xai_gate,20,0.01923624449702884,0.0024771335229808148,0.00021402881783905633,0.002222746248272737,0.001342452177431614,0.0021394499716171516,7.682679823148342e-06,0.0018175841213060144,0.0080616669290699,39.55706588297377,0.001049370150604551,0.0004968032973130939,0.025606265359752,0.0006595400018083835,0.0,0.03855232102388147,0.0017921285327576494,12.16024,0.8008496730385766,0.13025959287393504,0.06015,0.5900872735177505,0.16684000000000002,1.0000235277780625,0.6561590721893787,5.465128599999441,4118.56574666702,0.6277048995136699,0.01677350106885462,0.8659218780000005,0.09650087836500393,0.0,45.01669,0.4651163579480532
frontier,budget_10.0_exposure_18000,default,bursty,always_explain,20,0.014523433637799975,0.00185146251298845,0.0,0.0006733421684325697,0.0,0.0015860518767648972,0.003429144053367071,0.0,0.014523433637799975,0.0,1.4419946059588844e-15,0.002744820979785876,0.14168584027312828,0.0,0.0004758728756604752,0.04004291108519505,0.0,8.7497,0.14836826325597716,0.0,0.22115999999999997,1.0,0.51688,2.0659013888887388,1.0,8.7497,0.0,0.8499999999999381,1.2626858060895645,64.51741769999998,0.0,0.1651899527265641,50.795030000000004,0.0
frontier,budget_10.0_exposure_18000,default,bursty,budget_only_bexgov,20,0.011481662249361894,0.0018344230646793846,0.0005625031054360229,0.0007419168573080778,0.0005722891683833869,0.0,0.0014962922062312257,0.00047649553064763614,0.005720961626650692,22.040207909095855,0.0005580837196553976,0.0030141567599222775,0.15645696414722807,0.0,0.0004739681938922548,0.04185517473192538,0.0,8.75283,0.1482420020221325,0.0891463077691755,0.01476,0.37953298349577713,0.0,0.5543901944444863,0.7456808739005927,2.873476400000116,3843.16398597832,0.297458234126573,1.2400218391141524,64.094648067,0.0,0.16215433929103826,50.818920000000006,0.0
frontier,budget_10.0_exposure_18000,default,bursty,fifo_explanation,20,0.017078418784443813,0.002253027780530627,0.0,0.0012020511032135204,0.0010138785694783724,0.0019944156374078195,0.0036016918028848152,0.0016782493484059913,0.015254224106335739,42.73321897940942,0.00015208178542142604,0.003387959870203664,0.17485931596992688,0.0,0.0005224271641273488,0.041035900636547384,0.0,8.75492,0.14842393961468098,0.0,0.22216,0.7812291734988108,0.38237,1.6149031944443748,0.5656009737801784,6.839589999999999,3721.184842919988,0.8828156239751115,1.252781302821274,64.46061165000008,0.0,0.1628093486910572,50.8229,0.0
frontier,budget_10.0_exposure_18000,default,bursty,never_explain,20,0.016060303047806066,0.0018248142403778274,0.0,0.0,0.0,0.0,0.0,0.0,0.0,43.34143688870284,0.0,0.003138083667587198,0.16318035071453263,0.0,0.0005305800645931412,0.05477244534321774,0.0,8.75407,0.1494227069059518,0.0,0.0,0.0,0.0,0.0,0.0,0.0,10238.105095019982,0.0,1.2295507692307819,63.93664,0.0,0.16010493698798978,50.773759999999996,0.0
frontier,budget_10.0_exposure_18000,default,bursty,rate_limited,20,0.02166514238980505,0.0026554806271310233,0.0,0.00041998821036084484,0.0005683714017607095,0.0,0.0017822327099179338,0.0007656782572404297,0.008114152704332675,45.32943592594703,0.0009137673422417633,0.0028669803374901915,0.14859650403460128,0.0,0.0004479153780560118,0.04198970465606007,0.0,8.73279,0.14746649059518097,0.0,0.01346,0.501313437877792,0.0,0.7089313888889544,0.7952582622528661,3.674362400000124,4279.356662320008,0.6013985054996628,1.238268678796183,63.96535259200001,0.0,0.16197340225879964,50.736630000000005,0.0
frontier,budget_10.0_exposure_18000,default,bursty,static_coarse_full,20,0.021553300729513503,0.0024370916656065397,0.0,0.0013458057386992336,0.0009148242110784045,0.0,0.0026762662112385887,0.0006264782388241795,0.012191764620832409,34.15121959069152,0.0007701666830589122,0.0029350196688347234,0.15227128335446524,0.0,0.0004609565858882158,0.056768490785571904,0.0,8.73985,0.1484571598412803,0.0,0.06871000000000001,0.42764121248740067,0.0,0.6760037500000532,0.8136190560159132,3.2902464000000586,2980.505364754,0.32360624159356655,1.240019454421288,64.02043634600001,0.0,0.16230375581906448,50.73382,0.0
frontier,budget_10.0_exposure_18000,default,bursty,static_offload,20,0.01847210261397041,0.0020276953545769437,0.0,0.0,0.0007939557242005354,0.0,0.0022119302593545747,0.0005474912532417946,0.003254403682198452,28.428731956596717,0.001306616086512172,0.002576845103006918,0.1338879589921865,0.001033908692387211,0.0005138995252703116,0.0401325908546577,0.0,8.73509,0.14569560680405153,0.0,0.0,0.3982798048602719,0.0,0.7815808333333538,0.6964252170428196,1.1444075999999597,1970.2763663010562,0.4782392620191477,1.233171371941744,63.97287122600003,0.29201443609482236,0.16139413832563873,50.828359999999996,0.0
frontier,budget_10.0_exposure_18000,default,bursty,threshold_explain,20,0.020704391579108302,0.002093132818645476,0.0,0.001297462654162874,0.00103237931156238,0.0,0.002380026893297599,0.0007224599146482411,0.01051537269821316,34.02240839361969,0.0008822949187353807,0.0027711134621861188,0.14346408552639894,0.0,0.00039655079225104235,0.04286597544602162,0.0,8.74253,0.1477228328226142,0.0,0.06901,0.4277256597625227,0.0,0.6762884722222763,0.8136442468081114,3.2917640000000574,2980.3582519899974,0.32366108845739067,1.2398829518216197,64.01305036600002,0.0,0.1625992169263112,50.781690000000005,0.0
frontier,budget_10.0_exposure_18000,default,bursty,xai_gate,20,0.018650574244637484,0.002348274158790457,0.0006413282010909579,0.0007339711395444717,0.0002859708636031943,0.0,0.0007315715833072798,0.00047389429963709935,0.009438356271721097,6.312021181845756,0.000496127635237148,0.0024214672962475465,0.12586022911504036,0.0005818923437397964,0.0006282363799370807,0.054533787876276434,0.0017332122809080317,8.72509,0.14554286592128843,0.16587196815631994,0.05266,0.6639494457055091,0.0,0.9351069444445386,0.7705461106521335,3.273733599999898,305.05316325640626,0.7591963785692177,1.239317234005708,64.08442446299999,0.27745939224432614,0.16186858961341674,50.77713,0.40987052404974184
frontier,budget_10.0_exposure_18000,default,poisson,always_explain,20,0.012806652125072792,0.0009129441138819092,0.0,0.0018725519294324137,0.0,0.0017553594227843771,0.0030237928628632457,0.0,0.012806652125072792,0.0,1.0527447042504713e-15,0.00045086979072921714,0.023241451535316655,0.0,0.0,0.034214605995377644,0.0,6.74085,0.0009566928815051612,0.0,0.08136,1.0,0.37182,1.5915895833332605,1.0,6.74085,0.0,0.8499999999999611,0.01784433510237183,0.91964165,0.0,0.0,44.99593,0.0
frontier,budget_10.0_exposure_18000,default,poisson,budget_only_bexgov,20,0.019299049467511945,0.0012165107251127937,0.0006501414378653013,0.0,0.0008383621246270549,0.0,0.0017394895516221573,0.0007564988026081269,0.00788875233515289,32.491736265176634,0.0006645384000769557,0.0003492234635993946,0.018109600964731448,0.0,0.0,0.0478011414698325,0.0,6.75346,0.0018911647523080055,0.06998226714631359,0.0,0.36543532892981767,0.0,0.38794566666668495,0.7384130070206762,2.076113000000066,889.1421060832226,0.27701110558110564,0.015875927785539815,0.8232835039999997,0.0,0.0,45.03063,0.0
frontier,budget_10.0_exposure_18000,default,poisson,fifo_explanation,20,0.019723903313919402,0.00150024289938557,0.0,0.0018735882061743957,0.0002829935279672846,0.0019282749290765728,0.004461457719735057,0.0007691279053953964,0.01889558563652813,0.009098471885020788,4.2449029195159385e-05,0.00048576341071098736,0.02502617482390973,0.0,0.0,0.039450384410534466,0.0,6.7401,0.0020028848677373424,0.0,0.08068,0.9946160372761085,0.36729,1.5828416666665954,0.985125199328885,6.703799999999999,0.131609,0.8508075944085449,0.01707386624099456,0.8800851499999995,0.0,0.0,44.979910000000004,0.0
frontier,budget_10.0_exposure_18000,default,poisson,never_explain,20,0.01321227629967477,0.0011620765892561154,0.0,0.0,0.0,0.0,0.0,0.0,0.0,31.364779184906954,0.0,0.0005669513703188692,0.02948147125658134,0.0,0.0,0.044102134399810256,0.0,6.7487200000000005,0.0021915552915086844,0.0,0.0,0.0,0.0,0.0,0.0,0.0,5472.74127746027,0.0,0.014340384615384616,0.7457,0.0,0.0,44.97743,0.0
frontier,budget_10.0_exposure_18000,default,poisson,rate_limited,20,0.01791588974572716,0.001931583254804762,0.0,7.670536933103526e-05,0.0004608203033177891,0.0,0.002005298853117442,0.0005843620344859927,0.009806425655235282,0.06687521124529201,0.0005026541226096145,0.0003597808943949718,0.018632926164307863,0.0,0.0,0.037833510261337855,0.0,6.75994,0.0030169050154297272,0.0,0.00017,0.5881314725309599,0.0,0.5414830555555995,0.8113922894753254,3.115185200000137,1.4016556280000017,0.40069805184134316,0.015507537756911549,0.803068889999999,0.0,0.0,44.994,0.0
frontier,budget_10.0_exposure_18000,default,poisson,static_coarse_full,20,0.019397683937494907,0.001594390957753558,0.0,1.96e-05,0.0009254229025202918,0.0,0.0018634963476189884,0.0008556706280731769,0.008032072943574031,27.336152587538802,0.0008077488979018564,0.0005417011988867517,0.028080135700017536,0.0,0.0,0.044489900210130336,0.0,6.759510000000001,0.003418969564766705,0.0,1e-05,0.38485646503649906,0.0,0.45462375000002436,0.785232710200294,2.255665200000058,624.5923004060012,0.28726040206579617,0.015301578249714249,0.7932958939999987,0.0,0.0,44.965410000000006,0.0
frontier,budget_10.0_exposure_18000,default,poisson,static_offload,20,0.018098492177730442,0.0013427107858377187,0.0,0.0,0.0011165734773878942,0.0,0.0029239174962916543,0.0006588072715353602,0.003360511905537294,4.66609504612445,0.0016803305743555428,0.0003207591683000649,0.016661015539568134,0.0012262221978923099,0.0,0.04240679762103681,0.0,6.75929,0.0028966877252117108,0.0,0.0,0.3600644825634971,0.0,0.5256105555555644,0.6745854797716877,0.8386927999999967,18.99061000799982,0.4199507837738582,0.01499662615930734,0.7789600959999995,0.24990336378123645,0.0,45.00113,0.0
frontier,budget_10.0_exposure_18000,default,poisson,threshold_explain,20,0.009315698001477793,0.0008382245803068724,0.0,3.8941251297712286e-05,0.0007690683296955782,0.0,0.0013554470758532099,0.0006130155513614741,0.0060405743963328935,20.19934417563507,0.0006236079951635048,0.0004267497451184804,0.022132378319586567,0.0,0.0,0.041726620742764516,0.0,6.74786,0.0009329517967129886,0.0,5e-05,0.3850922710599457,0.0,0.45493333333335784,0.7861765624861874,2.254935600000056,606.840805492,0.28763907962794727,0.015370648439374102,0.7968855299999988,0.0,0.0,44.99735,0.0
frontier,budget_10.0_exposure_18000,default,poisson,xai_gate,20,0.011991372265091298,0.0010358462501588246,0.00014483052603035727,0.0,0.0002538971622139658,0.0,0.0011453427787773435,0.0003090639316041872,0.0052551942540905085,0.08477377802958666,0.0006549876297802198,0.0003654710324021187,0.018945142668504722,0.0004732282458703608,0.0,0.04688289552796745,0.001461740240940296,6.755750000000001,0.0018608988303636998,0.00041256143176409836,0.0,0.6471822743640824,0.0,0.6622124166666273,0.774126552394072,2.3932995999998146,1.1713741722000024,0.7089767454951142,0.01575566217011249,0.8168530410000001,0.2658231836636894,0.0,45.00086,0.4670949102963721
frontier,budget_10.0_exposure_26000,default,adversarial_explanation_flood,always_explain,20,0.019698482937258795,0.002372095719748123,0.0,0.0029683316299334143,0.0,0.0013405145155184943,0.003219944326282248,0.0,0.019698482937258795,0.0,1.1994724557522866e-15,0.0005943358125252185,0.030406522427667896,0.0,0.0,0.04747829956038101,0.0,12.16112,0.8017637053668005,0.0,0.66971,1.0,0.49718,1.9878753846153436,1.0,12.16112,0.0,0.8499999999999824,0.020426272352867397,1.045319200000001,0.0,0.0,44.99712,0.0
frontier,budget_10.0_exposure_26000,default,adversarial_explanation_flood,budget_only_bexgov,20,0.019081083861082943,0.002236405707634917,0.0006988601900350709,0.0006045475106487322,0.0006499161178973222,0.0,0.001641618554846916,0.0003624250422756062,0.010683407146054064,27.44735584895918,0.000615621887354486,0.00044988881649643645,0.02322705273294735,0.0,0.0,0.03445502050970535,0.0,12.15432,0.800059691348085,0.17419658343523586,0.009819999999999999,0.514227287983878,0.0,0.7452055576923455,0.8023548755134886,5.519860400000196,7655.456795794407,0.41917393982041906,0.017147607999979428,0.8853446729999996,0.0,0.0,45.01447,0.0
frontier,budget_10.0_exposure_26000,default,adversarial_explanation_flood,fifo_explanation,20,0.023440404079685746,0.003081023102775974,0.0,0.003269689513667848,0.0010002178343579758,0.0007536381429614069,0.0023617028022873705,0.001797935221627412,0.014448064202223743,70.12841554987227,0.00015003267515394003,0.0005256700347015251,0.02700381813934058,0.0,0.0,0.03494963745011866,0.0,12.15017,0.8002523847383338,0.0,0.6688500000000001,0.8801230195396285,0.42817,1.7479857692307257,0.7666061527927757,10.69356,5323.458191579895,0.8679815470690325,0.019188464071572858,0.9855400999999915,0.0,0.0,44.994299999999996,0.0
frontier,budget_10.0_exposure_26000,default,adversarial_explanation_flood,never_explain,20,0.018456566916668846,0.002120422471340851,0.0,0.0,0.0,0.0,0.0,0.0,0.0,57.6566231624642,0.0,0.0005016457500679091,0.02608557900353131,0.0,0.0,0.0477533091175007,0.0,12.15414,0.799941486719392,0.0,0.0,0.0,0.0,0.0,0.0,0.0,20107.742834689063,0.0,0.01476269230769231,0.76766,0.0,0.0,45.01682,0.0
frontier,budget_10.0_exposure_26000,default,adversarial_explanation_flood,rate_limited,20,0.02308064356869767,0.003127966855008847,0.0,0.0010417542896479957,0.0008908940850258437,0.0,0.0017344131810337895,0.000396500662979099,0.008654006901821859,65.40496905335652,0.0011607369750670177,0.0004739958895488986,0.024454627823016186,0.0,0.0,0.03973730447288181,0.0,12.13017,0.7992797558074392,0.0,0.02705,0.6169582314738173,0.0,0.9747835576923007,0.8768364926055104,6.706058800000105,7536.333484958263,0.650066783992697,0.016871710559572692,0.8701092279999993,0.0,0.0,44.94456,0.0
frontier,budget_10.0_exposure_26000,default,adversarial_explanation_flood,static_coarse_full,20,0.020705188919739582,0.0024462466445852094,0.0,0.0017822675184630443,0.0007816468471224512,0.0,0.002416788340338373,0.00030385637145226546,0.01539210046154098,34.91363647344352,0.0006670970822214958,0.0005424769856380948,0.027969135001518264,0.0,0.0,0.03947959110277241,0.0,12.15646,0.8000417334027496,0.0,0.07664,0.5782624870580058,0.0,0.9610379807692265,0.8845523892793494,6.441228800000116,6083.772062637958,0.4537974671049265,0.01744238117127009,0.8993063620000001,0.0,0.0,45.02285,0.0
frontier,budget_10.0_exposure_26000,default,adversarial_explanation_flood,static_offload,20,0.020735863465071905,0.002648456909910867,0.0,0.0,0.0005365849466012247,0.0023040368326734248,0.00283748319888419,0.0001756440736972318,0.004010096204955066,22.85066954004848,0.0008584585228755892,0.0003825880310943472,0.019844526917118337,0.0006549010773965038,0.0,0.04418322170483928,0.0,12.15445,0.8007490558825981,0.0,0.0,0.533286824364314,0.10605,1.1180690384615384,0.7517252303050281,1.8463635999998462,3799.7401681041024,0.6920830946912975,0.015524742078724221,0.8053243980000001,0.44978708717165833,0.0,44.99778,0.0
frontier,budget_10.0_exposure_26000,default,adversarial_explanation_flood,threshold_explain,20,0.020324002756191707,0.0026472382143257326,0.0,0.0016349390563243436,0.0006647454057140424,0.0,0.002319217445273404,0.0003106770667117709,0.014762356717579297,29.305519385282622,0.0005639942490878781,0.00047378660423940566,0.024432381104752172,0.0,0.0,0.03369733009458124,0.0,12.12586,0.7979228035023651,0.0,0.07574,0.5785251225208865,0.0,0.958362115384611,0.8842764446760114,6.425769600000112,6052.922861643956,0.45386420355137436,0.016947022074274155,0.8738186740000004,0.0,0.0,44.962469999999996,0.0
frontier,budget_10.0_exposure_26000,default,adversarial_explanation_flood,xai_gate,20,0.023848818989627124,0.0031401546435469614,0.000400682652032539,0.0017796052430392062,0.0003509344361564929,0.0,0.0006112311669514229,0.0007267491067059262,0.010449816047006132,30.087121178678256,0.00035440318054969655,0.0004412776268962237,0.022770751117961358,0.0006878389246395813,0.0,0.040047730118736455,0.0010425201403088552,12.15305,0.7999438107321609,0.18854403717793308,0.08435000000000001,0.7352313259297262,0.0,0.9655886346156288,0.8130464281351453,6.744718399999347,2413.9614922377114,0.7550380317721683,0.017829168804282904,0.9191320300000013,0.14171689343810487,0.0,45.0127,0.4676553133039542
frontier,budget_10.0_exposure_26000,default,bursty,always_explain,20,0.019167841704600643,0.0023429958960889054,0.0,0.000996764192142175,0.0,0.0017893776865891534,0.0031332048940208627,0.0,0.019167841704600643,0.0,1.1891432264955498e-15,0.0022675991457450258,0.11632859939225133,0.0,0.00047266801401614754,0.04199488743409237,0.0,8.73349,0.14664455001582052,0.0,0.22099000000000002,1.0,0.2996,1.4275897115383587,1.0,8.73349,0.0,0.8499999999999387,1.2599936091976012,64.38140910000003,0.0,0.16525191658870222,50.77709,0.0
frontier,budget_10.0_exposure_26000,default,bursty,budget_only_bexgov,20,0.01480804184901242,0.0019247415001962308,0.0007194496427018873,0.0007032319913685743,0.0007272397888421357,0.0,0.000949995939005388,0.0007097760740103026,0.005075119131152847,26.744441680938575,0.000604849149446813,0.0028672786527752466,0.14864719125077344,0.0,0.0005550472858885645,0.04439007754949904,0.0,8.72141,0.14604354401579694,0.08911461549363715,0.013989999999999999,0.3787525331285104,0.0,0.3808211730769517,0.7450545091708066,2.8547690000001116,3806.6163072599265,0.2966499395502346,1.2384148929374947,64.013660853,0.0,0.16211152420839442,50.73353,0.0
frontier,budget_10.0_exposure_26000,default,bursty,fifo_explanation,20,0.014117887368419138,0.0017195784573072535,0.0,0.0007273297319286268,0.0009006952734319591,0.0016880392387557072,0.0017206300750871426,0.0017383450208450463,0.01052620751818006,39.95168616123724,0.0001351042910149128,0.0033550292075928325,0.17270405606577838,0.0,0.00041486251256320856,0.039195575308176536,0.0,8.7515,0.14819449110062005,0.0,0.22166000000000002,0.780703455809648,0.10463,1.11681826923072,0.5660598155632514,6.832299999999999,3776.7508949199932,0.8828944816284852,1.2519130694259506,64.41565820000008,0.0,0.16316431060045042,50.81314,0.0
frontier,budget_10.0_exposure_26000,default,bursty,never_explain,20,0.018905861068601527,0.002123898482172326,0.0,0.0,0.0,0.0,0.0,0.0,0.0,52.05110684463379,0.0,0.002923186173945895,0.15200568104519224,0.0,0.0004738260154076734,0.03893982108909285,0.0,8.74343,0.14863118471419084,0.0,0.0,0.0,0.0,0.0,0.0,0.0,10221.136312969993,0.0,1.2274473076923202,63.82726,0.0,0.16015851258176794,50.74687,0.0
frontier,budget_10.0_exposure_26000,default,bursty,rate_limited,20,0.01861729815300532,0.0021255984817337673,0.0,0.0003857608749362471,0.0006964071464669692,0.0,0.001389252698719717,0.000702399196545942,0.008170945444134412,45.865526749152004,0.001007374468683301,0.002888125221709557,0.1494753947644171,0.0,0.00041186084849661076,0.04013297777402657,0.0,8.746739999999999,0.14834851623342188,0.0,0.013600000000000001,0.4996909762931777,0.0,0.48911836538465947,0.7937097732322097,3.66558800000013,4325.302143345011,0.6014298664403034,1.2422050987464983,64.16969175000001,0.0,0.162285616352679,50.7786,0.0
frontier,budget_10.0_exposure_26000,default,bursty,static_coarse_full,20,0.017001051036487826,0.0022117083490185313,0.0,0.0013374945186311689,0.0006095815062182189,0.0,0.0013831747655359869,0.0006069075035449877,0.008494112759681552,27.16738737230099,0.0005464685059154606,0.0032597511612420917,0.1681538075961087,0.0,0.0005071518808686979,0.034942946553790495,0.0,8.733270000000001,0.14692431225071542,0.0,0.06777999999999999,0.4272391215520024,0.0,0.4673173076923452,0.8136262314477947,3.285002000000058,2959.852346222,0.32333228973399447,1.2412999396506659,64.08771019800001,0.0,0.16196676357947534,50.76347,0.0
frontier,budget_10.0_exposure_26000,default,bursty,static_offload,20,0.017171055453812235,0.0016978617336265995,0.0,0.0,0.0007683100160293676,0.0,0.001345156852890716,0.0004325809128798427,0.0034807948691035393,27.653920388602998,0.0011164587914514591,0.0031816710529323595,0.16504124930215563,0.0008367442910340439,0.0004458378641166799,0.04532274613912478,0.0,8.73772,0.1465070523978858,0.0,0.0,0.39817954987405274,0.0,0.5410484615384752,0.6963699732018843,1.144662399999958,1990.5987289850527,0.47806985386707257,1.2339452387774803,64.01320733200001,0.29188521912038085,0.16137112076243315,50.80766,0.0
frontier,budget_10.0_exposure_26000,default,bursty,threshold_explain,20,0.014771311325175587,0.0018191865022717756,0.0,0.001725854701452679,0.0010573734551973925,0.0,0.002102114882936467,0.0007294314072610344,0.013119117377097776,21.86470622100274,0.0009088071371035715,0.0025453563536362448,0.13122654738903533,0.0,0.0003766775219908956,0.023053703143564034,0.0,8.72786,0.14556169816768444,0.0,0.06682,0.4277988727269664,0.0,0.46788057692311513,0.8139253384970002,3.2880420000000576,2946.445584973999,0.32382133585895706,1.2442687030291242,64.24217461799999,0.0,0.16244415659578737,50.7923,0.0
frontier,budget_10.0_exposure_26000,default,bursty,xai_gate,20,0.017321658639190066,0.0022505898913468673,0.0028375116633552354,0.000659691308990724,0.0005938395117894401,0.0,0.001650816412218305,0.00029236194257868604,0.014192518488451577,1.9956095268384366,0.0007084700835581308,0.002627293633154893,0.1366858182582238,0.0009464095544432751,0.000694337087812244,0.040662011065703406,0.0015827970612774086,8.73969,0.1476408379144183,0.10292794194019243,0.02366,0.6831797037184724,0.0,0.8162682692308401,0.8009425427231932,2.770703999999985,72.12392624300095,0.832787139645321,1.2386879282474361,64.13935301400004,0.4001420254545214,0.16177631594266,50.76909,0.2891210335174369
frontier,budget_10.0_exposure_26000,default,poisson,always_explain,20,0.014436917699899939,0.0010812511218383294,0.0,0.0013915999999999998,0.0,0.00204491136135273,0.002359880777868419,0.0,0.014436917699899939,0.0,1.395890080073257e-15,0.0005628160312531938,0.028981458833776827,0.0,0.0,0.04152261296473227,0.0,6.754099999999999,0.0018499541588771762,0.0,0.08119,1.0,0.09431,1.1040355769230266,1.0,6.754099999999999,0.0,0.8499999999999611,0.01751240902013145,0.9025649000000001,0.0,0.0,45.01352,0.0
frontier,budget_10.0_exposure_26000,default,poisson,budget_only_bexgov,20,0.018919951220811734,0.0017232311380713592,0.0006735434796466442,0.0,0.0009692778899489094,0.0,0.001208320648643269,0.000702852972961859,0.008835962697537766,22.239309747660208,0.000826810524994061,0.0004195193173157456,0.021748431287387168,0.0,0.0,0.039980941554854,0.0,6.76507,0.0032582860776114277,0.07015070998636377,0.0,0.36460459674393164,0.0,0.26816417307693585,0.7378896151781116,2.074280800000065,916.1095286448248,0.2763572157704892,0.015389882955278567,0.7980760309999997,0.0,0.0,45.031240000000004,0.0
frontier,budget_10.0_exposure_26000,default,poisson,fifo_explanation,20,0.01994083039795481,0.0014673566844035572,0.0,0.0015215285914950269,0.0003395421156693621,0.0025846979927419394,0.003169963454246564,0.0009143872416053582,0.019392717602451176,0.011487149576035895,5.093131735027388e-05,0.0005480997656762701,0.028249383284422995,0.0,0.0,0.03657483168231225,0.0,6.75059,0.0021386912441165307,0.0,0.08131000000000001,0.9945113301264719,0.08868000000000001,1.0974039423076438,0.984851539884294,6.71353,0.1401194,0.8508233004809911,0.01738304753653372,0.8960047999999995,0.0,0.0,45.008300000000006,0.0
frontier,budget_10.0_exposure_26000,default,poisson,never_explain,20,0.01685126066788006,0.001096660518377626,0.0,0.0,0.0,0.0,0.0,0.0,0.0,39.15306577836016,0.0,0.0005035926913975453,0.02618681995267245,0.0,0.0,0.05071034547163584,0.0,6.745489999999999,0.0014104911662722874,0.0,0.0,0.0,0.0,0.0,0.0,0.0,5454.163449630263,0.0,0.01433,0.74516,0.0,0.0,44.9983,0.0
frontier,budget_10.0_exposure_26000,default,poisson,rate_limited,20,0.01870882480002133,0.0014547531505417076,0.0,6.654283938700097e-05,0.00046356438612903534,0.0,0.0014862614623803868,0.0006720372886445796,0.010492103414150036,0.04651278108426588,0.0005104219730108728,0.0004738710136210262,0.024542211419530696,0.0,0.0,0.04129673194349213,0.0,6.75077,0.002268629132397082,0.0,8.999999999999999e-05,0.5875916671289647,0.0,0.37341000000002955,0.8104958601251789,3.106195200000138,1.3332432130000018,0.40010918061990075,0.01598233292928038,0.8276852619999989,0.0,0.0,45.011790000000005,0.0
frontier,budget_10.0_exposure_26000,default,poisson,static_coarse_full,20,0.013729619049110022,0.0009167113098046371,0.0,0.0,0.000908307121869254,0.0,0.0012089191204728217,0.0008564573957081861,0.00742374954952848,26.90465291980362,0.0007766772405022253,0.00030510219113627935,0.015818847950604446,0.0,0.0,0.03280482598065468,0.0,6.7362899999999994,0.001278771684990132,0.0,0.0,0.3851501093375532,0.0,0.31421230769232444,0.785812202900691,2.250624800000056,599.6115058039987,0.2875925489295654,0.015448777916088337,0.8009451259999988,0.0,0.0,44.97935,0.0
frontier,budget_10.0_exposure_26000,default,poisson,static_offload,20,0.01440264241574404,0.0011151590248378045,0.0,0.0,0.000879533659824459,0.0,0.0014652274974755347,0.0007999513109308104,0.0022306333065802235,4.427528107798392,0.0015699922403712328,0.00031894990735247577,0.016570030619868868,0.001263872845070046,0.0,0.04200571532481598,0.0,6.76097,0.0019814310682683247,0.0,0.0,0.3598958359971732,0.0,0.36435615384616016,0.675000176117339,0.8370367999999967,18.01419436799985,0.42022965468094736,0.015061459817282866,0.7823356679999997,0.25032673133116384,0.0,45.03434,0.0
frontier,budget_10.0_exposure_26000,default,poisson,threshold_explain,20,0.01290187772380441,0.0003700459667466004,0.0,2.6979290303178063e-05,0.0008685043133273817,0.0,0.0012644455031660079,0.0007807092473427074,0.0078772838508388,21.057909457676494,0.0007137739294289207,0.0003569503259730018,0.018505635254801377,0.0,0.0,0.02968016919514835,0.0,6.740349999999999,0.0006141130548354634,0.0,2e-05,0.385019628429052,0.0,0.31435807692309364,0.7858685074259364,2.2514224000000556,596.6750607179996,0.28751673848883985,0.015528102680149897,0.8050509559999988,0.0,0.0,45.0113,0.0
frontier,budget_10.0_exposure_26000,default,poisson,xai_gate,20,0.018079119157630146,0.001164397320958572,0.0,0.0,0.0004361026945221876,0.0,0.0008706061861285083,0.0002381312384882411,0.007043629095073923,0.007985197072622506,0.0011334393219235835,0.00028245736697992215,0.014644756605203315,0.0010321053605304063,0.0,0.039346911422853834,0.0015334284968677421,6.73495,0.001294856895003571,0.0,0.0,0.6768315488134583,0.0,0.5715771730768955,0.7958308054022897,2.1096283999998784,0.23570464720000017,0.7995237969754181,0.015278419350309356,0.7924041170000005,0.37724594545608336,0.0,45.003859999999996,0.3854467359934702
frontier,budget_14.0_exposure_10000,default,adversarial_explanation_flood,always_explain,20,0.02047461522877321,0.0025081113189465046,0.0,0.0027383056705311717,0.0,0.000640517494727998,0.008701711472231543,0.0,0.02047461522877321,0.0,1.1069232828862056e-15,0.0005931988173484797,0.030369828566552688,0.0,0.0,0.041100383386712146,0.0,12.15098,0.8004821937869829,0.0,0.24188,1.0,0.8070700000000001,5.164166499999895,1.0,12.15098,0.0,0.8499999999999825,0.020184922731794015,1.0329820500000007,0.0,0.0,44.99157,0.0
frontier,budget_14.0_exposure_10000,default,adversarial_explanation_flood,budget_only_bexgov,20,0.01611095841796095,0.0024658946404500456,0.0005617198870974725,4.1211546670167185e-05,0.00033703891725076987,0.0018063536495848264,0.0006302085826303921,0.0001592044468210126,0.006928205721352338,28.444467070834484,0.00037868875186715444,0.000408077193854336,0.02109761488588053,0.0,0.0,0.033119695167170685,0.0009979725809135256,12.153929999999999,0.800296306750296,0.0783471062310614,6.000000000000001e-05,0.47248342960952516,0.21551,1.0770667999998413,0.7070368119277268,4.794585999999386,6938.4552767036585,0.4147647825975892,0.016668429936017966,0.8613298390000024,0.0,0.0,45.007220000000004,0.40485636781245554
frontier,budget_14.0_exposure_10000,default,adversarial_explanation_flood,fifo_explanation,20,0.017176727131668346,0.002270612278810861,0.0,0.0,0.0007841825610581404,0.0005208819969406184,0.00443878969825879,0.0015423796267920258,0.01044421105473215,51.46005527466626,0.00011762738415884153,0.0003866726689736339,0.019863394462029355,0.0,0.0,0.03408285763890224,0.0,12.15607,0.8015361290784349,0.0,0.0,0.8795711637529434,0.7800900000000001,4.544133999999888,0.7658920081786226,10.69208,3708.3847576599483,0.8680643254370362,0.01856239745625222,0.9533556499999923,0.0,0.0,44.98411,0.0
frontier,budget_14.0_exposure_10000,default,adversarial_explanation_flood,never_explain,20,0.015680067052488283,0.0020082748666900014,0.0,0.0,0.0,0.0,0.0,0.0,0.0,51.778715369162015,0.0,0.00034247290549719185,0.01780859108585399,0.0,0.0,0.03178342086666182,0.0,12.17004,0.801915326339669,0.0,0.0,0.0,0.0,0.0,0.0,0.0,20136.585558579063,0.0,0.014971153846153842,0.7785,0.0,0.0,45.02632,0.0
frontier,budget_14.0_exposure_10000,default,adversarial_explanation_flood,rate_limited,20,0.02528412155009538,0.00374261135699875,0.0,9.963685642318678e-05,0.0008808059542333595,0.0015552078189103853,0.0059710359735082996,0.00047181736526405346,0.011458552783801436,71.8873111951512,0.0014100528288429365,0.0006470948927006033,0.03337524504484196,0.0,0.0,0.04521301446647069,0.0,12.15826,0.7999390179793162,0.0,0.00023,0.6163211460112956,0.6058399999999999,2.5409479999999784,0.8766934742762867,6.718576000000094,5945.169415833187,0.6517225594128704,0.017459578543752408,0.9004278659999991,0.0,0.0,45.03223,0.0
frontier,budget_14.0_exposure_10000,default,adversarial_explanation_flood,static_coarse_full,20,0.01897017184928964,0.002652352604651763,0.0,0.00021560000000000004,0.0008708204126396847,0.001192933523537231,0.005173305072152145,0.0003691597326344243,0.012014242071455126,31.092379260306114,0.0007577403141386675,0.0005004563875185673,0.02578682659450324,0.0,0.0,0.03181997324687099,0.0,12.15686,0.802475319109084,0.0,0.00281,0.5782487097720016,0.60056,2.4989179999999913,0.8845847769404376,6.441504400000109,4577.697870666092,0.45380303921587267,0.017109105288842137,0.8821128700000006,0.0,0.0,44.9636,0.0
frontier,budget_14.0_exposure_10000,default,adversarial_explanation_flood,static_offload,20,0.02266432166732555,0.0026740573941248045,0.0,0.0,0.0005867089080259158,0.0012484786227961423,0.0060992765033923676,0.00021144004465113492,0.004637425996166575,24.14425318385569,0.0008843387307225599,0.0006019942832726508,0.031230621736386098,0.0006696347300815761,0.0,0.05273421969433663,0.0,12.16223,0.8016177294953607,0.0,0.0,0.5335497416059919,0.65587,2.9100649999999986,0.75175814075147,1.8486471999998462,3340.945366678102,0.6923899428154039,0.015320078316529595,0.7947075200000001,0.4499697951146594,0.0,45.00486,0.0
frontier,budget_14.0_exposure_10000,default,adversarial_explanation_flood,threshold_explain,20,0.017690815171483205,0.002489819196290309,0.0,0.00028844578073019655,0.0009586870367266578,0.0013509415476855987,0.0052147132047354995,0.00039903283331286745,0.011685171951637392,39.040498380831224,0.0008365690492826029,0.0006040256531916147,0.03116654459135749,0.0,0.0,0.041378704149433426,0.0,12.13765,0.7991591511996974,0.0,0.00285,0.5784776697609649,0.59824,2.49481174999999,0.8843948814562663,6.4324888000001055,4541.259248178091,0.4538943938741573,0.017124549998823457,0.8829117500000002,0.0,0.0,44.97534,0.0
frontier,budget_14.0_exposure_10000,default,adversarial_explanation_flood,xai_gate,20,0.022299804713046233,0.0033799678897634077,0.0002694145073483645,0.0002218854137659915,0.0012526489999197161,0.0024540445772985534,1.3251016056268994e-05,0.0016900283742857928,0.008880220014953918,70.5362590777856,0.0008939254956886542,0.0003273813979350644,0.016918742911683084,0.00042159377411650907,0.0,0.0324702094754074,0.0016761054089116205,12.15728,0.799219163595267,0.07479738849480447,0.00135,0.36814140494326636,0.46812,1.0000493999999258,0.42340945021667975,3.593696799999743,7313.582654536383,0.43994250137417906,0.016349856750722837,0.8459923230000003,0.03401970340373468,0.0,45.04658,0.32671521254242425
frontier,budget_14.0_exposure_10000,default,bursty,always_explain,20,0.014933179349425394,0.001809774178822135,0.0,0.0005571911133911825,0.0,0.0008758348270139325,0.006346601223505331,0.0,0.014933179349425394,0.0,1.3705306687847368e-15,0.0026624594537123275,0.13771510774506399,0.0,0.00035785339339617354,0.04305590514364956,0.0,8.730830000000001,0.1459322032516333,0.0,0.18935,1.0,0.73061,3.710602749999738,1.0,8.730830000000001,0.0,0.8499999999999399,1.262184605114634,64.49291049999998,0.0,0.16500746262394247,50.79321,0.0
frontier,budget_14.0_exposure_10000,default,bursty,budget_only_bexgov,20,0.026456597481038305,0.003326209571839779,0.0005754929266695395,0.0001252593435951775,0.0005233308257248395,0.0,0.0008353882651296038,0.0004922120817681226,0.008227402365773004,41.14637672527945,0.000634269391714091,0.002580009834825081,0.13409746816647947,0.0,0.00045136043659584464,0.029441196813630995,0.0021680170585407425,8.73985,0.14779963280526048,0.07770383579978671,0.00032,0.3908079008214522,0.0,0.9072596500000243,0.7370138752473313,2.890419199999956,2901.3089490031666,0.3098697434930127,1.2397305469684938,64.06884198499995,0.0,0.16193045001014372,50.76287,0.07720653147495068
frontier,budget_14.0_exposure_10000,default,bursty,fifo_explanation,20,0.02243835133750398,0.002581812869261284,0.0,0.0,0.0012571534558312092,0.0009210353716277556,0.006882609123189463,0.002134971467163991,0.016194374407507275,47.43876670207461,0.0001885730183747702,0.0035221469763413254,0.1812172527871804,0.0,0.0004694412736866766,0.03556335410373094,0.0,8.72868,0.1462491904383385,0.0,0.0,0.7822408722272447,0.65618,2.901844749999873,0.568260871754204,6.82787,2331.137189039976,0.8826638691658466,1.2512939174541988,64.38357295000012,0.0,0.1630487190947157,50.76649,0.0
frontier,budget_14.0_exposure_10000,default,bursty,never_explain,20,0.018084888969872995,0.0023830834058832045,0.0,0.0,0.0,0.0,0.0,0.0,0.0,45.30901796824847,0.0,0.003415553987084932,0.17760880732841808,0.0,0.0005776920288583938,0.04002528735213588,0.0,8.72115,0.1454815636620576,0.0,0.0,0.0,0.0,0.0,0.0,0.0,10146.728932839998,0.0,1.2273911538461666,63.82433999999999,0.0,0.16020041173284177,50.7569,0.0
frontier,budget_14.0_exposure_10000,default,bursty,rate_limited,20,0.017392300395410974,0.0022335148938040575,0.0,0.00020757306386452276,0.0006200550084584021,0.0027419176309176107,0.003773886402336599,0.0007415150079884329,0.008947457768685455,44.45171644356785,0.0011308771710722908,0.00310318719597832,0.1606863901452474,0.0,0.00048107593901258473,0.04137376647561771,0.0,8.74076,0.1476283605474431,0.0,0.00247,0.5004135841056149,0.21505000000000002,1.2739192500001177,0.7943368376379303,3.6698856000001294,3421.936001938011,0.6015335318798043,1.2430234150748611,64.211443478,0.0,0.16216186061928523,50.775850000000005,0.0
frontier,budget_14.0_exposure_10000,default,bursty,static_coarse_full,20,0.013891339394783089,0.0014792044573939515,0.0,0.00049329000758068,0.000779699241468034,0.003164429751904258,0.0039533013882547706,0.0008144344360473477,0.008787786630207921,22.900290362179135,0.0007184653686910826,0.0028765280364724277,0.14874148183744634,0.0,0.00047167635985569567,0.03294336571307302,0.0,8.73856,0.1467033673577643,0.0,0.00855,0.42766222318622465,0.17761,1.216399250000098,0.8135542833793388,3.2895652000000575,2257.5954445220455,0.3235919993763693,1.2393873501374666,63.987957358,0.0,0.1625196114899549,50.8039,0.0
frontier,budget_14.0_exposure_10000,default,bursty,static_offload,20,0.01741667304842659,0.0018400258871398023,0.0,0.0,0.0006878155128171705,0.003115751140660354,0.0047428354379256375,0.00044360240912897974,0.003550944564605738,28.716756386200327,0.00108613419559709,0.002602304842374656,0.1352254506660275,0.0008328589465086039,0.0005491422490406696,0.04349041768685189,0.0,8.73596,0.14641864995759013,0.0,0.0,0.3981755998338967,0.28971,1.4048680000000358,0.6961042449523255,1.1460055999999574,1677.6331524700659,0.4776674902382835,1.2341508308886886,64.02339113400004,0.29143048143625,0.161604182279038,50.80137,0.0
frontier,budget_14.0_exposure_10000,default,bursty,threshold_explain,20,0.016771124869533183,0.0020651748442507773,0.0,0.0007325234769005879,0.0011051550454986212,0.0032893227253613993,0.004647908704589358,0.0008252482493779661,0.010789949880914607,28.979589005433567,0.0009711052109124407,0.0031257094246579563,0.16173643773962537,0.0,0.0005804662777047639,0.03213625719326327,0.0,8.726,0.14572971938540583,0.0,0.00809,0.427515291423984,0.17986,1.2163020000000972,0.8141938511402967,3.2861916000000577,2236.378444932046,0.32370379933537785,1.2416225270203167,64.105742038,0.0,0.1623150602385432,50.77404,0.0
frontier,budget_14.0_exposure_10000,default,bursty,xai_gate,20,0.02195847220378075,0.00257093469431892,0.0006222167519586349,0.00031998242056976224,0.0021191533647771476,0.0039835942078268426,1.9422213408799473e-05,0.0026805996641430106,0.007225670119228431,27.462850456858888,0.0017797176841539378,0.0031359955067359188,0.16244076174141184,0.0004163869630588496,0.0005191162100108284,0.041922538390302015,0.0032287044469439816,8.72872,0.14608411707533722,0.07362465362633339,0.00424,0.5169163164624457,0.17269,1.0000712499999003,0.6068300327008548,2.840939399999648,862.1631601250241,0.5766175247517485,1.2375654793609399,64.03083661199999,0.15298600618471409,0.16158983004917488,50.77409,0.5075305716936733
frontier,budget_14.0_exposure_10000,default,poisson,always_explain,20,0.016969148498563964,0.0013959030264679118,0.0,0.0003991557406115536,0.0,0.0013047430753338326,0.007211888111889508,0.0,0.016969148498563964,0.0,1.20439695120313e-15,0.00041634890476064166,0.021465575417699303,0.0,0.0,0.05202158326039171,0.0,6.75073,0.0022915587195438845,0.0,0.004,1.0,0.6518200000000001,2.8690602499998734,1.0,6.75073,0.0,0.8499999999999626,0.017616913042700043,0.9079687,0.0,0.0,45.02024,0.0
frontier,budget_14.0_exposure_10000,default,poisson,budget_only_bexgov,20,0.015108575873254735,0.0009183639480323992,0.0006880366362439709,0.0,0.001145369071806516,0.0,0.003659476341649635,0.0007967640617364734,0.009348819208126134,22.269092436028433,0.0009286445131815437,0.0006360763763283755,0.03299116145235861,0.0,0.0,0.04057175057640084,0.0,6.74101,0.0010884705532350548,0.06994815989258295,0.0,0.36593364941878925,0.0,0.6978597000000333,0.7384996619411914,2.074938600000065,358.61953588919744,0.27734548729863906,0.015186975513106138,0.7875652699999994,0.0,0.0,44.98599,0.0
frontier,budget_14.0_exposure_10000,default,poisson,fifo_explanation,20,0.016228398202501264,0.0011201016508400078,0.0,0.0,0.00025170474318146667,0.0011288038196063557,0.00654033441961431,0.0007533360964893334,0.015389022163798949,0.005239872314394705,3.775571147690855e-05,0.0006215018394149356,0.03202376989235948,0.0,0.0,0.05185743901436379,0.0,6.74667,0.0011851345174211602,0.0,0.0,0.9946625238396688,0.6489,2.8520262499998714,0.9852839585587556,6.710649999999999,0.07247172000000006,0.8508006214240108,0.017905962990769034,0.9229964499999991,0.0,0.0,45.02291,0.0
frontier,budget_14.0_exposure_10000,default,poisson,never_explain,20,0.017763007565161932,0.0012576697555741374,0.0,0.0,0.0,0.0,0.0,0.0,0.0,48.489591117720245,0.0,0.0004917443532471751,0.025570706368853117,0.0,0.0,0.04995005481048585,0.0,6.760160000000001,0.002780388953447355,0.0,0.0,0.0,0.0,0.0,0.0,0.0,5484.689477350266,0.0,0.014246923076923079,0.74084,0.0,0.0,44.99639,0.0
frontier,budget_14.0_exposure_10000,default,poisson,rate_limited,20,0.017192413238647467,0.00118032841580534,0.0,0.0,0.000619214931870058,0.0,0.0037621525782958933,0.000788972589229638,0.009595273279843277,0.0162741078304819,0.0006724588801048192,0.0003827027629703723,0.019818386042884516,0.0,0.0,0.037857725321163084,0.0,6.7524500000000005,0.0024666730380943137,0.0,0.0,0.5876339330337916,0.0,0.9713042500000778,0.8109660434445407,3.107338400000136,0.4376997040000005,0.40016263124959917,0.015898953007671687,0.8233247699999986,0.0,0.0,44.99393,0.0
frontier,budget_14.0_exposure_10000,default,poisson,static_coarse_full,20,0.01711269821266935,0.0010023519806007912,0.0,0.0,0.0009691085816351756,0.0,0.0027059052899470705,0.0006974176847262724,0.007126580552110305,15.780824166048525,0.0007814985156926954,0.00047894031737519434,0.024832068470477465,0.0,0.0,0.03367075479359723,0.0,6.73956,0.0017858655979646199,0.0,0.0,0.3856554951807126,0.0,0.8190792500000427,0.7862166134714836,2.255458000000057,61.64823052799882,0.28806286244075796,0.01514835733580496,0.7853537819999988,0.0,0.0,44.98124,0.0
frontier,budget_14.0_exposure_10000,default,poisson,static_offload,20,0.015468829010218278,0.0008177117023415117,0.0,0.0,0.0008581083064481005,0.0,0.004457718339691595,0.000806332535240283,0.002646301136672601,0.8086363227455529,0.001539912522849774,0.0003674616675283139,0.01908782702600544,0.0012503357775278836,0.0,0.029123098001197834,0.0,6.743550000000001,0.0011887647883456532,0.0,0.0,0.3593719349116181,0.0,0.9429515000000162,0.6746314270487026,0.8342403999999979,6.6995162950000005,0.4194312705962032,0.01470817323624744,0.7639816859999997,0.24975022232422844,0.0,45.025420000000004,0.0
frontier,budget_14.0_exposure_10000,default,poisson,threshold_explain,20,0.011991594831468621,0.0012963675625211912,0.0,0.0,0.0009922796106482698,0.0,0.003316865228408988,0.0008578154712326779,0.008075561312959117,12.600062021717289,0.0007998773707875004,0.0004724867292930627,0.024485648720379196,0.0,0.0,0.03802093996911092,0.0,6.7483900000000006,0.0017290297606330606,0.0,0.0,0.3855708376402808,0.0,0.8199182500000438,0.786211830807665,2.2578656000000557,71.8486081339981,0.2879899828985796,0.015303652779788169,0.7933778599999989,0.0,0.0,44.98253,0.0
frontier,budget_14.0_exposure_10000,default,poisson,xai_gate,20,0.01664145523899814,0.0009814834142844288,0.00045295651541713943,0.0,0.0003203350062708955,0.0,0.0014089730131251065,0.00041466477027882746,0.007110783448901205,0.033976836400581745,0.0006383644373763136,0.00031272035309629255,0.016201533646948357,0.0004166258809752593,0.0,0.03362050042409121,0.0011505638058609882,6.731579999999999,0.0009506399234243124,0.017768123223987298,0.0,0.6234507770288352,0.0,0.8254892999998926,0.7386635243688027,2.7542177999997803,0.7461734874000008,0.6410057876517223,0.01586281811945432,0.8220263930000004,0.14695478800230924,0.0,44.99993,0.6644410800078353
frontier,budget_14.0_exposure_18000,default,adversarial_explanation_flood,always_explain,20,0.018442030639647184,0.0027046992869068785,0.0,0.0026907963196206833,0.0,0.0005984802859172299,0.004354368345470615,0.0,0.018442030639647184,0.0,1.393254173330905e-15,0.0005152349626400169,0.02637474324386973,0.0,0.0,0.037134656010510546,0.0,12.17158,0.8030427978825708,0.0,0.24479,1.0,0.65215,2.8738452777777157,1.0,12.17158,0.0,0.8499999999999815,0.0203379923305835,1.0408150500000006,0.0,0.0,45.00392,0.0
frontier,budget_14.0_exposure_18000,default,adversarial_explanation_flood,budget_only_bexgov,20,0.028272961472198432,0.003314034054707409,0.000650101349628902,5.2438314638299195e-05,0.0005654436275924567,0.0,0.0005993603125866824,0.00038180679771073167,0.011487303571706216,45.12728148137846,0.0005805081907348602,0.0005075363610538452,0.026199581871756094,0.0,0.0,0.03739528720320926,0.001969892424093336,12.14673,0.8009303445128415,0.1410368973990708,8e-05,0.5090412451076878,0.0,0.9178346111111445,0.7734137833142248,5.3359807999999065,6131.256759431563,0.42275179526838114,0.016855298834406503,0.8703431670000009,0.0,0.0,44.9645,0.13966134478951184
frontier,budget_14.0_exposure_18000,default,adversarial_explanation_flood,fifo_explanation,20,0.024910847203831375,0.0034276669144352235,0.0,0.0,0.001152160890060211,0.0004580965561285596,0.0026057315425149267,0.0020782949803202382,0.011036039474185778,78.55899057685795,0.00017282413350896769,0.0005472926815612254,0.02811031051578486,0.0,0.0,0.036488632927154416,0.0,12.14434,0.8010561665777003,0.0,0.0,0.8802774094037616,0.6039100000000001,2.524089166666603,0.767415511163929,10.69026,3686.2427534099443,0.8679583885894127,0.01864265897988082,0.9574953499999925,0.0,0.0,44.95267,0.0
frontier,budget_14.0_exposure_18000,default,adversarial_explanation_flood,never_explain,20,0.022721368213806277,0.003081270754084748,0.0,0.0,0.0,0.0,0.0,0.0,0.0,64.54704395154636,0.0,0.000396374857806299,0.020611492605927664,0.0,0.0,0.040372984021235785,0.0,12.16476,0.8018293712682079,0.0,0.0,0.0,0.0,0.0,0.0,0.0,20177.627352349038,0.0,0.014759423076923073,0.76749,0.0,0.0,45.00895,0.0
frontier,budget_14.0_exposure_18000,default,adversarial_explanation_flood,rate_limited,20,0.01601588162819712,0.0025217581722936765,0.0,0.00011516783176601098,0.0007401675782515474,0.001798709282264719,0.0031358742713078844,0.00046078185949538237,0.010839585872744974,62.3633575616305,0.0010572602168909609,0.0004075074346041119,0.02102255769521298,0.0,0.0,0.0314004389005868,0.0,12.15579,0.7990036032218729,0.0,0.00028,0.6165426267782278,0.29252,1.4121180555555424,0.8768688633363839,6.7202156000001025,5946.286807691182,0.6517810451081509,0.01801242292573479,0.928988635999999,0.0,0.0,45.04646,0.0
frontier,budget_14.0_exposure_18000,default,adversarial_explanation_flood,static_coarse_full,20,0.018033252988503418,0.002338966621350046,0.0,0.00028134885631075245,0.0008303325797498581,0.0024256159196116927,0.0028597387024603977,0.00035434431891588115,0.012866698472309852,26.233893380911116,0.0007028634433145666,0.0005519204045815816,0.028463774298323082,0.0,0.0,0.050832458448556425,0.0,12.15235,0.8005383708308329,0.0,0.00295,0.5783554473592178,0.27965,1.3876538888888827,0.8845028032823411,6.439503200000114,4561.928188200093,0.4538343088111884,0.017476094878035527,0.9010609160000005,0.0,0.0,44.99533,0.0
frontier,budget_14.0_exposure_18000,default,adversarial_explanation_flood,static_offload,20,0.02216376887178953,0.0029514122993605876,0.0,0.0,0.0005687977932680908,0.002041309158874584,0.004177281084784734,0.0002440638491732242,0.004401121883199083,23.382844899280812,0.0009240839141179786,0.0003846218974437657,0.019950471863927233,0.0007343451106174051,0.0,0.0379003015123685,0.0,12.137989999999999,0.7998172843972766,0.0,0.0,0.5333061875979598,0.37977,1.613543055555556,0.7518945897811589,1.8426955999998476,3325.877081631102,0.6923317047417661,0.014935432776973682,0.7747619520000001,0.4500573743289813,0.0,44.96009,0.0
frontier,budget_14.0_exposure_18000,default,adversarial_explanation_flood,threshold_explain,20,0.018461328936369707,0.0026836127709356245,0.0,0.0004016553012878475,0.0007590821843375698,0.0016865113815210402,0.0030106327084937065,0.0003704573592574701,0.01253630639948682,27.543963463088026,0.0006801050158635829,0.00048021448799854063,0.024760340271087804,0.0,0.0,0.041956803845057226,0.0,12.17319,0.8030035356364025,0.0,0.00241,0.5777662607592061,0.27881999999999996,1.3882631944444381,0.8842765197455483,6.443202400000109,4586.060710238089,0.4533226977062455,0.01717571297432354,0.8855740640000003,0.0,0.0,45.01087,0.0
frontier,budget_14.0_exposure_18000,default,adversarial_explanation_flood,xai_gate,20,0.017149481844804026,0.0024919977558758317,0.0002526229639437909,0.00034885218103163166,0.001475420651208268,0.002400988421024711,8.06536390151463e-06,0.0019074046328746866,0.012021827491949395,22.99428481835293,0.0007889370019672231,0.0004200278883979308,0.021650530114852996,0.0005394332985391796,0.0,0.03269345184254896,0.0019071866414164167,12.14022,0.7990432696830005,0.13879552989590774,0.00239,0.643990408941016,0.07698,1.0000272222224997,0.734404643627947,6.238908799999387,2428.9708913081568,0.644786328080141,0.0173754353339747,0.8962416910000008,0.06672439819658257,0.0,44.98774,0.5512119417694011
frontier,budget_14.0_exposure_18000,default,bursty,always_explain,20,0.02270029845776435,0.002361864776898284,0.0,0.0007749080706088541,0.0,0.0016069987036971157,0.005359792691414584,0.0,0.02270029845776435,0.0,1.2409839622736762e-15,0.0031021288619181497,0.1589404276678255,0.0,0.0005059616663582943,0.05480749750286282,0.0,8.72867,0.1466567610048052,0.0,0.18929,1.0,0.5151399999999999,2.0609359722220777,1.0,8.72867,0.0,0.8499999999999405,1.2613999684874506,64.45506335000002,0.0,0.1647248539642262,50.74835,0.0
frontier,budget_14.0_exposure_18000,default,bursty,budget_only_bexgov,20,0.013731301450642679,0.0014896508695926296,0.0005807695912778557,0.00012157323112558861,0.0008570536887530546,0.0,0.0017665151694928707,0.0006775109715636065,0.007179236833321659,32.02941018320556,0.0007549786198814619,0.003873775130177322,0.20091405825398972,0.0,0.00044626855330230186,0.04390532261165703,0.0,8.73616,0.14672229318436777,0.08930174268240412,0.00057,0.3984073027150081,0.0,0.5629381666667086,0.7567664619477867,2.9694364000001174,2837.9355783735837,0.3078674380045972,1.241368418419564,64.14099095400002,0.0,0.162284850484611,50.789159999999995,0.0
frontier,budget_14.0_exposure_18000,default,bursty,fifo_explanation,20,0.016603893822328474,0.0019519443882177344,0.0,0.0,0.0012140022445509871,0.00136443387450427,0.0021963274136463746,0.0018627297722649443,0.00930209257544263,49.84990163658241,0.00018210033668238784,0.004646820502909772,0.2396224095841598,0.0,0.0004003802907132462,0.029319462291902812,0.0,8.73635,0.14686819909701074,0.0,0.0,0.7824423502538689,0.38262,1.613965833333263,0.5687419890484192,6.8356200000000005,2359.4070021099924,0.8826336474618521,1.2516069483044812,64.3995666000001,0.0,0.16294165979182446,50.78376,0.0
frontier,budget_14.0_exposure_18000,default,bursty,never_explain,20,0.022864362248796965,0.0023738044577169336,0.0,0.0,0.0,0.0,0.0,0.0,0.0,58.22317051918038,0.0,0.0024374970033382557,0.12674984417359014,0.0,0.0005754289301181859,0.044354708830754645,0.0,8.72909,0.14587024622607792,0.0,0.0,0.0,0.0,0.0,0.0,0.0,10166.699195190004,0.0,1.22753307692309,63.83172,0.0,0.16041394988630622,50.78557,0.0
frontier,budget_14.0_exposure_18000,default,bursty,rate_limited,20,0.01840125775541055,0.0022178458163863283,0.0,0.00025673676873609787,0.0009019164532403628,0.0,0.002585138321131949,0.0007332080721766755,0.01031241781643003,46.02261685929545,0.0012795447315831587,0.00358292199800895,0.18545830189482548,0.0,0.0005661218708682018,0.04282600118029591,0.0,8.73609,0.14640084732596523,0.0,0.0025,0.5007349690398994,0.0,0.7073686111111767,0.794361410437663,3.669318400000131,3399.4778964040124,0.6008410166163497,1.2404727798742268,64.079675386,0.0,0.16242389579196978,50.803000000000004,0.0
frontier,budget_14.0_exposure_18000,default,bursty,static_coarse_full,20,0.016511066058858832,0.002279229004791307,0.0,0.0006499184790984821,0.0008416866298821106,0.0,0.0017171532870975078,0.0006825995080077179,0.007835052769025373,26.025879132979103,0.0007152275700696503,0.0035442374489332066,0.18436779973681094,0.0,0.0005053295550311271,0.04087542314177242,0.0,8.7346,0.1473050547906872,0.0,0.00813,0.42723875775949216,0.0,0.6742823611111646,0.8130494786456808,3.2836864000000565,2245.544653696046,0.32317227555481215,1.2412063812374108,64.08330356199998,0.0,0.16205666057429627,50.75443,0.0
frontier,budget_14.0_exposure_18000,default,bursty,static_offload,20,0.019720507382177798,0.0020107033714734392,0.0,0.0,0.0007028691630470578,0.0,0.0034539450131843424,0.0004660822181727877,0.003258074641843518,24.342048761254386,0.0011541811659524623,0.0033168344901799824,0.17218744137746494,0.0008998838762870768,0.0004792516301880791,0.05339956129376307,0.0,8.72935,0.14610324428722182,0.0,0.0,0.39811717588282053,0.0,0.7804050000000197,0.6962573829071621,1.143854399999959,1674.7512095490615,0.47787687039087956,1.2354241474811594,64.09011959200002,0.2917052972353339,0.16102700773185083,50.776869999999995,0.0
frontier,budget_14.0_exposure_18000,default,bursty,threshold_explain,20,0.02325776309993354,0.002807377555923652,0.0,0.0005879312240479546,0.0007582124056771886,0.0,0.002758735943601062,0.0004357768752478253,0.012813968327888546,23.134679831026997,0.0006151230809359633,0.003119497087585621,0.1616486863971284,0.0,0.0005714319137310835,0.041086809733948466,0.0,8.74181,0.14706482211969704,0.0,0.00928,0.42792923985603115,0.0,0.6770420833333876,0.8139973015958463,3.294144000000057,2250.8504172320454,0.32390644511832617,1.2414276091272676,64.092104084,0.0,0.162696682989793,50.806779999999996,0.0
frontier,budget_14.0_exposure_18000,default,bursty,xai_gate,20,0.022542886442185297,0.0025515634260169394,0.0009170602571011974,0.0009060740250925242,0.000387714693529919,0.0,0.0011840395674786767,0.00047703531179680685,0.013825913119647322,5.9788843916363525,0.00038487759479720487,0.003505727356792513,0.1818019033384759,0.0007506035514558267,0.0005062434872727861,0.051351231428559276,0.0016748392330294985,8.72132,0.14519820722112006,0.14485207797031116,0.008060000000000001,0.650126972763667,0.0,0.9117227777777652,0.7790224143728306,3.184528200000011,151.52446383620523,0.7457461290058418,1.2386983365793947,64.07311656200001,0.27498555319109624,0.16187510063101382,50.77028,0.42190483111411475
frontier,budget_14.0_exposure_18000,default,poisson,always_explain,20,0.01987642439601566,0.0017504383989332432,0.0,0.00048701999094384954,0.0,0.0025256996596045053,0.004693044649059497,0.0,0.01987642439601566,0.0,1.3158421030292715e-15,0.0004863329116814972,0.025057605027102327,0.0,0.0,0.0536795226584784,0.0,6.75076,0.0024001796068163993,0.0,0.00397,1.0,0.37224,1.593929444444371,1.0,6.75076,0.0,0.8499999999999608,0.01748683628228382,0.9012643499999999,0.0,0.0,44.9906,0.0
frontier,budget_14.0_exposure_18000,default,poisson,budget_only_bexgov,20,0.017302827439406976,0.0013615961295780252,0.000546997302906299,0.0,0.0006103723774923541,0.0,0.0013259650049150264,0.0007102492104626781,0.006600319642245901,27.93513367077185,0.0005184930975337178,0.00038092656647466624,0.019769384781697128,0.0,0.0,0.031967320757759675,0.0,6.75333,0.002217751380429467,0.06951952636167448,0.0,0.3653557799138237,0.0,0.38792516666668514,0.7383859546753102,2.075589800000068,372.852047331997,0.27687303939277974,0.015607755647488097,0.8093402260000001,0.0,0.0,45.02992,0.0
frontier,budget_14.0_exposure_18000,default,poisson,fifo_explanation,20,0.01374725009638775,0.0009922446396292669,0.0,0.0,0.0002586809560971791,0.001750283985378855,0.0031942925254798845,0.0006837768907118687,0.01352876834320886,0.006426196638295102,3.880214341418427e-05,0.00042218082028343756,0.021747783686800883,0.0,0.0,0.034123723244131696,0.0,6.74959,0.0013766177778331556,0.0,0.0,0.9946089373984748,0.36918,1.585061111111038,0.985190604771755,6.7132000000000005,0.07602940000000005,0.850808659390189,0.017654212874234403,0.909995449999999,0.0,0.0,45.01925,0.0
frontier,budget_14.0_exposure_18000,default,poisson,never_explain,20,0.014684613856615205,0.0012068543024703836,0.0,0.0,0.0,0.0,0.0,0.0,0.0,39.42995517531744,0.0,0.00041672084404592363,0.021669483890388096,0.0,0.0,0.043024971267735766,0.0,6.75029,0.002100669800632238,0.0,0.0,0.0,0.0,0.0,0.0,0.0,5466.257257880263,0.0,0.014335769230769232,0.74546,0.0,0.0,44.9994,0.0
frontier,budget_14.0_exposure_18000,default,poisson,rate_limited,20,0.015360977990794866,0.001553330382678371,0.0,0.0,0.0005877751003360937,0.0,0.0019734394307264497,0.0007570636448434103,0.00890854165648124,0.01468508366947675,0.0006438328918341781,0.0004162314761713789,0.021541519574132313,0.0,0.0,0.033426089503985096,0.0,6.76296,0.0023252896410896006,0.0,0.0,0.5872306846279481,0.0,0.5394166666667098,0.8106143387681428,3.1085976000001394,0.45144295800000034,0.399717286148379,0.016038258436220563,0.8305642639999986,0.0,0.0,45.06209,0.0
frontier,budget_14.0_exposure_18000,default,poisson,static_coarse_full,20,0.018253524799913365,0.0016915744816335962,0.0,0.0,0.000865897996454675,0.0,0.002080480677201286,0.0007965760183920456,0.00964805209658234,17.941272193975887,0.0007182936877087108,0.0005757717389024852,0.029853022853216896,0.0,0.0,0.03480793874651355,0.0,6.762449999999999,0.0028541023514145115,0.0,0.0,0.385058905479151,0.0,0.456150277777802,0.7862649964054812,2.260219600000056,91.2533462699972,0.2876811893633557,0.015884234147339124,0.8235261819999989,0.0,0.0,45.04296,0.0
frontier,budget_14.0_exposure_18000,default,poisson,static_offload,20,0.016873634973313557,0.0013561161154829085,0.0,0.0,0.0008117370883544885,0.0,0.002353067987640467,0.0006951377660969793,0.0025397856175046686,0.5703851418997455,0.0013746615008057704,0.0004000056200763247,0.020775077492604915,0.0010919119063017137,0.0,0.03439829389588025,0.0,6.749809999999999,0.002092243030392216,0.0,0.0,0.3603230597192907,0.0,0.525214722222231,0.6746029981845293,0.8381611999999963,6.403924122000009,0.42023501616936454,0.015126596233318404,0.7857200059999996,0.2500631119858562,0.0,44.99875,0.0
frontier,budget_14.0_exposure_18000,default,poisson,threshold_explain,20,0.014640209125915071,0.0010877246525226592,0.0,0.0,0.001037819258891332,0.0,0.002001820106573687,0.0008409835284920798,0.008720277155128306,15.480293909310326,0.000876387405188131,0.0003823068777388884,0.01982005242689589,0.0,0.0,0.039628103101447126,0.0,6.738079999999999,0.0014984688341309282,0.0,0.0,0.385439918072034,0.0,0.45441125000002414,0.7859653968627691,2.253109200000057,69.7658489779981,0.28783018502948254,0.015156308102699342,0.7857949319999991,0.0,0.0,44.957080000000005,0.0
frontier,budget_14.0_exposure_18000,default,poisson,xai_gate,20,0.016008542697079273,0.001351254399278741,2.897522322748507e-06,0.0,0.0003204606224948116,0.0,0.0012008225193150949,0.00042673859991653325,0.007114358635912254,0.022789371103942614,0.0007587028995222731,0.0004666397813210774,0.02419930509498433,0.0006490294452023387,0.0,0.04391859142396601,0.0013286916529909154,6.74815,0.0019144434335648497,1.4783277156880137e-06,0.0,0.6571177853323847,0.0,0.6539038611110611,0.7754193757841947,2.4929625999997787,0.3748043672000005,0.7321501292844796,0.015346590426846357,0.7955554690000002,0.26392050739928913,0.0,44.97271,0.5533669709052557
frontier,budget_14.0_exposure_26000,default,adversarial_explanation_flood,always_explain,20,0.021866403645487024,0.0026959517788228524,0.0,0.002854313144772496,0.0,0.0010575495608642718,0.003574315980512058,0.0,0.021866403645487024,0.0,1.2451940976642478e-15,0.0005408886251789636,0.02767563767768787,0.0,0.0,0.03780162915553543,0.0,12.162279999999999,0.8016734255410846,0.0,0.24224,1.0,0.49734999999999996,1.9880649999999591,1.0,12.162279999999999,0.0,0.8499999999999824,0.020123172578651753,1.0297675500000005,0.0,0.0,45.003609999999995,0.0
frontier,budget_14.0_exposure_26000,default,adversarial_explanation_flood,budget_only_bexgov,20,0.019624030857786797,0.003287265582047299,0.00043529461816771664,4.1211546670167185e-05,0.0008037023869658487,0.0,0.0018568981497885451,0.0003836084203630998,0.012387031570414292,26.22388911773888,0.0007226721486691526,0.0005161372695856358,0.02664894104585979,0.0,0.0,0.03336468564581751,0.0,12.14529,0.7997122250168153,0.17423594829842895,6.000000000000001e-05,0.5288089020454683,0.0,0.7527001923077311,0.8083544504106633,5.627487800000219,6004.415516116557,0.4273797474066397,0.016924072095545653,0.873545631,0.0,0.0,44.989889999999995,0.0
frontier,budget_14.0_exposure_26000,default,adversarial_explanation_flood,fifo_explanation,20,0.020805242687260077,0.0024853902313514776,0.0,0.0,0.0007437689773358415,0.0010729333564431771,0.002177839082337447,0.001492210283516222,0.013323250856659382,65.30934986401383,0.00011156534660064938,0.00059572576720815,0.030595180516638516,0.0,0.0,0.05251609295917643,0.0,12.15959,0.801782195184467,0.0,0.0,0.879894419527569,0.42788000000000004,1.748891346153804,0.7666894022354429,10.6991,3711.4975554399452,0.868015837070843,0.018571867777836322,0.9538673499999926,0.0,0.0,44.99101,0.0
frontier,budget_14.0_exposure_26000,default,adversarial_explanation_flood,never_explain,20,0.01627061912968144,0.002181187187954215,0.0,0.0,0.0,0.0,0.0,0.0,0.0,49.0323657474574,0.0,0.0003965501836072787,0.02062060954757847,0.0,0.0,0.033413186324091224,0.0,12.141549999999999,0.7984430225676685,0.0,0.0,0.0,0.0,0.0,0.0,0.0,20110.66466963906,0.0,0.01472173076923077,0.7655299999999999,0.0,0.0,45.00766,0.0
frontier,budget_14.0_exposure_26000,default,adversarial_explanation_flood,rate_limited,20,0.02604172376524377,0.0029821259806488403,0.0,9.892406444498623e-05,0.001112604783477409,0.0,0.0019606033707979093,0.0005207383893414907,0.009782793448252523,68.81330712428864,0.0012505341184802698,0.0005469577868383273,0.028204402148560483,0.0,0.0,0.044985482511677215,0.0,12.15471,0.8002407176326045,0.0,0.00026,0.616292819298175,0.0,0.9766166346153768,0.8766497462835734,6.715222400000097,5934.924481752178,0.651394167079647,0.01732555708671909,0.8935447919999995,0.0,0.0,45.01133,0.0
frontier,budget_14.0_exposure_26000,default,adversarial_explanation_flood,static_coarse_full,20,0.02001556022466942,0.002727180445681243,0.0,0.00036207686302336704,0.0008450577100968689,0.0,0.002651716799512333,0.0004775457365663517,0.015910462669605257,29.29578477941889,0.0007803914655789379,0.000614544735425067,0.03167930482220887,0.0,0.0,0.04372532316137116,0.0,12.14959,0.8008528333947178,0.0,0.00294,0.5790520380860046,0.0,0.9619008653846108,0.8847229953663824,6.44667160000011,4549.962426162093,0.45443618498894045,0.017190695168904004,0.8863230580000006,0.0,0.0,44.977230000000006,0.0
frontier,budget_14.0_exposure_26000,default,adversarial_explanation_flood,static_offload,20,0.022672907886587556,0.003442895711877234,0.0,0.0,0.0006576366627663919,0.0021005908642444796,0.002638504762399256,0.00017625402362497173,0.004714923511651234,27.39180620267101,0.0009604162999702977,0.00038471514428056985,0.019959329645848574,0.0007002499944690512,0.0,0.043146221328823266,0.0,12.150839999999999,0.8009705676696391,0.0,0.0,0.5339075680454657,0.10705,1.1197146153846158,0.7519986519263375,1.8461935999998471,3322.937359124102,0.6932095367337856,0.015129785259281847,0.7848327660000002,0.45067525131012215,0.0,44.97898,0.0
frontier,budget_14.0_exposure_26000,default,adversarial_explanation_flood,threshold_explain,20,0.021167180451971274,0.0026205330719405646,0.0,0.00031188676757675,0.000808924552464303,0.0,0.0025067888724265484,0.0003839395751177347,0.01568359594008604,23.011549545862064,0.0007231485609929902,0.0006061321641521846,0.03126325633313115,0.0,0.0,0.04309928162068272,0.0,12.13434,0.7979368873854636,0.0,0.00293,0.5787890914505429,0.0,0.960002499999996,0.8845713021648207,6.434860000000112,4546.455808370095,0.45417870570471025,0.017538318387828426,0.9043275460000005,0.0,0.0,44.99357,0.0
frontier,budget_14.0_exposure_26000,default,adversarial_explanation_flood,xai_gate,20,0.0215925096143133,0.0027528656957806295,0.00048460638621260487,0.0004182273468870855,0.0003086515190255185,0.0,0.0006383387855714043,0.000728043142200406,0.010512614429033767,19.11080440955348,0.0004868164278784591,0.00034629569117247374,0.017857404840334844,0.0008907497217384,0.0,0.029233450576027938,0.0009831695487617267,12.13884,0.7994481426762406,0.20186858096108065,0.0036699999999999997,0.7371263878717752,0.0,0.941322615384796,0.844059572249534,7.117938799999239,1192.8294981690065,0.7320304627971792,0.01727702752672351,0.8902740570000006,0.10057577082645644,0.0,44.97241,0.4623946973607619
frontier,budget_14.0_exposure_26000,default,bursty,always_explain,20,0.01689535557383493,0.0023344685057303826,0.0,0.0007201640222528268,0.0,0.0009601999791710061,0.0027617408149542585,0.0,0.01689535557383493,0.0,1.4394864113132003e-15,0.0029219648543935568,0.15258583344998633,0.0,0.0005738241469339605,0.048961881948350376,0.0,8.73392,0.14672429129719006,0.0,0.18843000000000001,1.0,0.2984,1.4276599999998967,1.0,8.73392,0.0,0.8499999999999386,1.2627345430613328,64.5222899,0.0,0.1650255229863227,50.77622,0.0
frontier,budget_14.0_exposure_26000,default,bursty,budget_only_bexgov,20,0.01976877414914744,0.0024148186164540727,0.0006332115934398173,0.00013459634780373968,0.0010032952928971444,0.0,0.0014355678637121194,0.0005752795122684468,0.011054168149835376,33.25583100039459,0.0007854641675917531,0.003555875272303319,0.18448952539244898,0.0,0.0004059034872092957,0.04012093996264697,0.0,8.72896,0.14604451055492715,0.08954964736467214,0.00047999999999999996,0.39831211398790106,0.0,0.38925869230772187,0.7567394801695733,2.9662892000001184,2854.4602156415826,0.30783552783889834,1.2415163568439767,64.14929917799996,0.0,0.1620299010206266,50.77731,0.0
frontier,budget_14.0_exposure_26000,default,bursty,fifo_explanation,20,0.015135835382158151,0.002108099816252583,0.0,0.0,0.0010905315668860557,0.002398389106748198,0.0025443769711390673,0.001807421482679047,0.01556560029403571,39.393024676960046,0.00016357973503295303,0.002258533644377164,0.11623841842480824,0.0,0.0005627000966168344,0.04808036710815286,0.0,8.72355,0.14540455143515008,0.0,0.0,0.7820629997090884,0.10321,1.1151950961537973,0.5683446191937394,6.822369999999999,2348.11185350998,0.8826905500435693,1.2487363950540857,64.25190680000009,0.0,0.1634679075733026,50.77436,0.0
frontier,budget_14.0_exposure_26000,default,bursty,never_explain,20,0.022082465792712492,0.0028526140716779802,0.0,0.0,0.0,0.0,0.0,0.0,0.0,57.42968819340295,0.0,0.002812321780225051,0.1462407325717002,0.0,0.0005630451083873367,0.05637809948365996,0.0,8.72831,0.1466173525619979,0.0,0.0,0.0,0.0,0.0,0.0,0.0,10182.768049470003,0.0,1.2283661538461668,63.87504,0.0,0.16004822178035205,50.7483,0.0
frontier,budget_14.0_exposure_26000,default,bursty,rate_limited,20,0.02064745051880043,0.0023793657128907794,0.0,0.0002949955075483086,0.0006962298512175691,0.0,0.0018772217213635814,0.0008709306501561739,0.010635370465439808,49.593599188395274,0.0013927852471478758,0.0026823581944748582,0.13976645332780457,0.0,0.0004674463143959596,0.04072955655039174,0.0,8.73325,0.14707981730852215,0.0,0.00256,0.5009296015843034,0.0,0.4901005769231218,0.7949754782450487,3.670656800000129,3386.320694239006,0.6011905553001337,1.240277434358195,64.06948721600001,0.0,0.1623234992041546,50.75634,0.0
frontier,budget_14.0_exposure_26000,default,bursty,static_coarse_full,20,0.020139434839715784,0.002297159737549161,0.0,0.000731971233257011,0.0008460708995338194,0.0,0.001707915364566902,0.000719591726322678,0.01039634375929542,31.952061040099345,0.0007436422422504777,0.0021884953630522323,0.11286817945365782,0.0,0.0005980068008977466,0.04128544018609952,0.0,8.73945,0.14699548006137875,0.0,0.008490000000000001,0.42703646569522735,0.0,0.4673444230769602,0.8134886042605729,3.2855072000000582,2264.9397391900466,0.3231562226632264,1.2407709824889896,64.06150413000003,0.0,0.16195655824513375,50.79611,0.0
frontier,budget_14.0_exposure_26000,default,bursty,static_offload,20,0.011318518809548506,0.00174788714757611,0.0,0.0,0.0007203787070740626,0.0,0.0019222150716355368,0.0006131194326101249,0.0019577693565240987,18.339723520204533,0.0013227510135160566,0.002343788135787872,0.1216582439002274,0.0010901673800918846,0.00043427034236233943,0.04232404441324972,0.0,8.7336,0.14673468968009779,0.0,0.0,0.398339529289481,0.0,0.5410386538461678,0.6964658511659622,1.1445195999999578,1668.5717131660651,0.4782757960802875,1.231695273563759,63.89607053200003,0.2920182472569711,0.16153056891775047,50.773900000000005,0.0
frontier,budget_14.0_exposure_26000,default,bursty,threshold_explain,20,0.016293244775221014,0.0020870289845419552,0.0,0.0005937317132918041,0.0009624559260257072,0.0,0.0018310625258636242,0.0006708724516621586,0.011543276769204521,30.16977697320214,0.0008248176634583414,0.0022667105577389426,0.11742590650245403,0.0,0.0004051637385623848,0.043951619077057254,0.0,8.74955,0.14768644218024227,0.0,0.008150000000000001,0.42776174460657457,0.0,0.4686269230769609,0.8136170927266841,3.2947412000000575,2277.8852802780443,0.3236896420690452,1.2437747309821252,64.21567346800003,0.0,0.1632019668894336,50.824349999999995,0.0
frontier,budget_14.0_exposure_26000,default,bursty,xai_gate,20,0.01758749185074442,0.00197745816254846,0.001700179232575046,0.00015833980780852964,0.0005305627123015838,0.0,0.0011318548290725763,0.0003028700120063447,0.011720299425461548,1.1203621523242882,0.0006001884892945038,0.0030843819468186723,0.15975418392335014,0.0007715904019047696,0.0006120418141616954,0.03710230654994775,0.0012640030238786782,8.74765,0.1484316438680135,0.0356355192639446,0.0006000000000000001,0.6592503392392777,0.0,0.7773530192308389,0.7918435440078567,2.608813399999865,40.495131417800124,0.8096601786627021,1.236529953505882,64.062225464,0.39612376526695475,0.16133155189824946,50.7802,0.3500062619066231
frontier,budget_14.0_exposure_26000,default,poisson,always_explain,20,0.014597145233229684,0.0011134044338496941,0.0,0.0003074797520077327,0.0,0.0021320468445530038,0.00238607181696987,0.0,0.014597145233229684,0.0,1.1188479997034581e-15,0.0005220865057609704,0.02689275468004938,0.0,0.0,0.04132519369448061,0.0,6.741960000000001,0.0015546357133115474,0.0,0.00418,1.0,0.09290000000000001,1.1020511538461035,1.0,6.741960000000001,0.0,0.8499999999999612,0.017096294976241985,0.8811229500000003,0.0,0.0,44.99534,0.0
frontier,budget_14.0_exposure_26000,default,poisson,budget_only_bexgov,20,0.016089944488210144,0.001461462789098135,0.0006258360828097708,0.0,0.0009199545273522261,0.0,0.001064070785702693,0.0007003867993417001,0.007356387652910842,27.371601074600456,0.0007655242188283341,0.0005718320922856521,0.029657305804535204,0.0,0.0,0.04533475540080171,0.0,6.74104,0.0021090415774374207,0.06968975910133007,0.0,0.36502887438524156,0.0,0.26776436538462833,0.7382461608344861,2.069832400000065,346.9954489555976,0.2766496150485241,0.01509747204814397,0.7829182019999997,0.0,0.0,44.94793,0.0
frontier,budget_14.0_exposure_26000,default,poisson,fifo_explanation,20,0.01627245133773481,0.0014348971219393493,0.0,0.0,0.000220201170695823,0.002251329768451479,0.0026053158979249653,0.0005795064891727474,0.015938403140247522,0.004685168584472108,3.30301756039135e-05,0.00039963357379212865,0.02058542362849815,0.0,0.0,0.044538023471848945,0.0,6.76196,0.0023084900504923957,0.0,0.0,0.9944267168254942,0.0906,1.0991595192307204,0.98469368060706,6.72427,0.0782397400000001,0.8508359924761375,0.01796242948933548,0.9258762499999988,0.0,0.0,45.02145,0.0
frontier,budget_14.0_exposure_26000,default,poisson,never_explain,20,0.017526876526967935,0.0009533217083178103,0.0,0.0,0.0,0.0,0.0,0.0,0.0,47.56608500746064,0.0,0.00035462323015551144,0.01844040796808665,0.0,0.0,0.047793401993338445,0.0,6.75326,0.0017040419139532914,0.0,0.0,0.0,0.0,0.0,0.0,0.0,5489.347010920262,0.0,0.014538076923076926,0.75598,0.0,0.0,45.03389,0.0
frontier,budget_14.0_exposure_26000,default,poisson,rate_limited,20,0.017296305788961457,0.0011966813644100542,0.0,0.0,0.0004904810057854414,0.0,0.0013520297183974039,0.0008592557013672335,0.009409233144305936,0.011712178962190291,0.0005394087349093654,0.000528871836876731,0.027394819426607073,0.0,0.0,0.04166728446306894,0.0,6.7532700000000006,0.0026747289519043703,0.0,0.0,0.5876808874758217,0.0,0.3737022115384919,0.8112151201778687,3.1081176000001376,0.4446835380000003,0.4002028176852358,0.015909212436298236,0.8238790999999986,0.0,0.0,44.9759,0.0
frontier,budget_14.0_exposure_26000,default,poisson,static_coarse_full,20,0.014306089331690731,0.001462141840651505,0.0,0.0,0.0008163575452238874,0.0,0.0010764542319814964,0.0008272547516663803,0.006624138875064617,20.62380943920158,0.000715701761652223,0.00041428123152874866,0.021485136508326515,0.0,0.0,0.03430425544128648,0.0,6.75398,0.002119130580342121,0.0,0.0,0.3851814621453216,0.0,0.31534288461540133,0.7862655389720926,2.2575916000000573,81.72072734799778,0.28771763919868726,0.0156630012436125,0.8120253979999988,0.0,0.0,45.01169,0.0
frontier,budget_14.0_exposure_26000,default,poisson,static_offload,20,0.017297582262452628,0.0012901965249675865,0.0,0.0,0.0011223033757751378,0.0,0.0017378602748383952,0.0005635163417206379,0.003969779368230368,0.5526439256236414,0.001466219736767304,0.0003655778960972671,0.018991167727443248,0.0010097205967155617,0.0,0.038511697646463734,0.0,6.75905,0.0025807319581714226,0.0,0.0,0.36053031168032357,0.0,0.364924230769237,0.6751726555382054,0.8382327999999966,6.4715169830000105,0.4209884124116843,0.015329236705151572,0.7962437179999996,0.2507884031949111,0.0,45.02464,0.0
frontier,budget_14.0_exposure_26000,default,poisson,threshold_explain,20,0.013738805322765247,0.0012824627844492996,0.0,0.0,0.001119566827064212,0.0,0.001375562760892233,0.0010296105476673072,0.008300321339419353,18.74327865024092,0.001000960062056385,0.00047773110454279544,0.024764915694870097,0.0,0.0,0.04340381248653525,0.0,6.75241,0.0018572386274431584,0.0,0.0,0.3850246333360185,0.0,0.31489019230770887,0.7858352923604872,2.2553612000000576,79.35062045999761,0.28751023726111613,0.015371544244664404,0.796925689999999,0.0,0.0,44.99317,0.0
frontier,budget_14.0_exposure_26000,default,poisson,xai_gate,20,0.013258718553306357,0.000848530913934647,0.0,0.0,0.0004044984084853611,0.0,0.0006348587612963214,0.00026668942629967755,0.005354292866234134,0.0032761433687582644,0.000995847419675416,0.0004394965660477794,0.022796171814948776,0.000896192025444562,0.0,0.048518138579384945,0.0012288562642977915,6.74949,0.0012614806438053683,0.0,0.0,0.6880616642919211,0.0,0.5692849807691949,0.7989013610695024,2.221795799999841,0.10466886400000001,0.8257750451664659,0.01548422393750402,0.8029722990000006,0.37673542314474023,0.0,45.01693,0.47605488541457436
frontier,budget_18.0_exposure_10000,default,adversarial_explanation_flood,always_explain,20,0.021295590482835466,0.002969057214752099,0.0,0.0011962762539603773,0.0,0.0007595840191218245,0.00905062595520268,0.0,0.021295590482835466,0.0,1.3153211556053263e-15,0.00043794067878674556,0.022433897590953888,0.0,0.0,0.0470602822721752,0.0,12.14934,0.7990319934422645,0.0,0.04129,1.0,0.80632,5.163469499999899,1.0,12.14934,0.0,0.8499999999999834,0.020439314176950524,1.045999800000001,0.0,0.0,45.02185,0.0
frontier,budget_18.0_exposure_10000,default,adversarial_explanation_flood,budget_only_bexgov,20,0.022229768750555236,0.0028148272824503533,0.0005234515625656221,0.0,0.0003848806142382295,0.0025107133328996357,0.0010385823870371238,0.00018597129266860975,0.01034280981731994,32.87727094456802,0.00045645598263154425,0.0005327499102121957,0.027516270922260406,0.0,0.0,0.029138113710432494,0.0014994793927966268,12.15043,0.8002951880505789,0.0777333967148803,0.0,0.4727447634372209,0.21603,1.0772004999998408,0.7073233144985225,4.795441799999373,6212.561778291397,0.4148833128390086,0.01666852411571241,0.8612904800000022,0.0,0.0,44.99416,0.4052487515126536
frontier,budget_18.0_exposure_10000,default,adversarial_explanation_flood,fifo_explanation,20,0.02392224764021973,0.0028129796379436625,0.0,0.0,0.0008545900399339589,0.0005117972871732468,0.0058143739178636,0.0014558343530019732,0.013680879806734617,64.93193053403436,0.0001281885059902619,0.0003760828814064241,0.01931317272057058,0.0,0.0,0.04026555110986358,0.0,12.13454,0.7978961599597879,0.0,0.0,0.8808512211857685,0.77995,4.542671999999883,0.7682793280249964,10.68864,2170.794986938882,0.8678723168221115,0.01901671752616614,0.9767026999999919,0.0,0.0,44.99526,0.0
frontier,budget_18.0_exposure_10000,default,adversarial_explanation_flood,never_explain,20,0.024846793255511063,0.0031280047519144606,0.0,0.0,0.0,0.0,0.0,0.0,0.0,75.45806372259102,0.0,0.00044463794398030045,0.023121173086975814,0.0,0.0,0.03571254295239045,0.0,12.156870000000001,0.8001953116324614,0.0,0.0,0.0,0.0,0.0,0.0,0.0,20113.82390374906,0.0,0.014516153846153842,0.75484,0.0,0.0,45.0205,0.0
frontier,budget_18.0_exposure_10000,default,adversarial_explanation_flood,rate_limited,20,0.02766885199299977,0.0036509785925488325,0.0,0.0,0.0008619220534272832,0.0014337926885307393,0.006686301619825232,0.0003432604118328954,0.012839917168691154,63.853501521105436,0.0015999445643172462,0.0003928751422533154,0.020255437732069136,0.0,0.0,0.04617506301671827,0.0,12.1436,0.7987471777399369,0.0,0.0,0.6168440225298498,0.60685,2.5392424999999825,0.8768337986456449,6.715207600000097,4974.287236062841,0.6511086051110474,0.017554939764752163,0.9053724619999992,0.0,0.0,45.007619999999996,0.0
frontier,budget_18.0_exposure_10000,default,adversarial_explanation_flood,static_coarse_full,20,0.021548373314792982,0.002486473702681354,0.0,2.6979290303178063e-05,0.0006053230527257915,0.0018951977960930083,0.00566117801407652,0.00029971500629935257,0.014045193721042177,33.17252232318833,0.0005440449119053382,0.0005409091721341352,0.02788406146535872,0.0,0.0,0.05160604932790043,0.0,12.14563,0.8003415175495652,0.0,2e-05,0.5785544953210411,0.5999399999999999,2.49700599999999,0.8844902286951342,6.437862800000114,3669.421057046915,0.4539708119513485,0.017192386445759135,0.8864494820000001,0.0,0.0,44.97529,0.0
frontier,budget_18.0_exposure_10000,default,adversarial_explanation_flood,static_offload,20,0.023882662753950807,0.0031129584149831913,0.0,0.0,0.0007850874988226633,0.0015522603444145856,0.009419656334438996,0.0002714490893102061,0.004125820669751107,27.62100391370175,0.0012764142772652982,0.0006356629786809875,0.03297342238809706,0.0009683245539315453,0.0,0.05181430201877336,0.0,12.16297,0.8017401392244585,0.0,0.0,0.5336425647607183,0.65583,2.9109855000000016,0.7517855272315365,1.8488651999998484,3072.216584208666,0.6925485186845398,0.015250349982906511,0.7910868240000001,0.45009139448948154,0.0,45.00458,0.0
frontier,budget_18.0_exposure_10000,default,adversarial_explanation_flood,threshold_explain,20,0.020481297132236235,0.002650946149702867,0.0,4.8220109367030896e-05,0.0007310362010246062,0.0016676982056904556,0.006439153213436632,0.00033361518146345635,0.01588094778810312,19.79157027320824,0.0006397645239157921,0.00033586946166519574,0.01731986981863715,0.0,0.0,0.04464486642253857,0.0,12.142430000000001,0.7987024193712013,0.0,5e-05,0.579131136582823,0.59985,2.497259999999988,0.8842688605487924,6.440692800000113,3650.827540094918,0.45430094385421665,0.017511534576721884,0.9028927840000003,0.0,0.0,45.00444,0.0
frontier,budget_18.0_exposure_10000,default,adversarial_explanation_flood,xai_gate,20,0.02153513586363605,0.002444365679494944,0.0007085569279636855,4.289433774434938e-05,0.001329702191967487,0.0027779208643194005,1.2228710342186087e-05,0.001702986242548274,0.008747396271348927,68.43566712161875,0.0008952420533745918,0.000373034124926717,0.01933285797214206,0.00030799674653575167,0.0,0.0451152939916109,0.0016580153719053527,12.143260000000001,0.7991385152269157,0.07010203268304774,7e-05,0.39953761941742855,0.41215999999999997,1.0000552999999033,0.46697974549533267,3.9440509999996833,5791.6709773965395,0.45575559286210077,0.016278575228338137,0.8417866740000003,0.027136934794716815,0.0,44.996539999999996,0.38874903438561353
frontier,budget_18.0_exposure_10000,default,bursty,always_explain,20,0.02137290568606114,0.0028801583405702064,0.0,0.0015465708049542531,0.0,0.0013953145383936282,0.009083484916572532,0.0,0.02137290568606114,0.0,1.2190510850429168e-15,0.0031192137570633482,0.16264712422132363,0.0,0.0004278186054368077,0.03733301776401729,0.0,8.74614,0.14837418885105183,0.0,0.14831,1.0,0.73217,3.7171094999997294,1.0,8.74614,0.0,0.8499999999999381,1.2611351725398507,64.43851205000001,0.0,0.16544545952325673,50.77415,0.0
frontier,budget_18.0_exposure_10000,default,bursty,budget_only_bexgov,20,0.012469514032990485,0.0018870753669099902,0.0005870680026289913,0.0,0.0005414296049154727,0.0,0.0005669231261826966,0.0004031351787321237,0.005067727978845238,25.21492255781978,0.0006465451630076399,0.0029177769319138173,0.15122378229840375,0.0,0.000540622225173255,0.03204523782129181,0.0016281634831898783,8.739230000000001,0.14759272044613408,0.07731877065579193,0.0,0.39433385854955244,0.0,0.9081294000000236,0.7387625419348571,2.9092569999999496,2413.343205793434,0.3121663249620937,1.2384951409027465,63.99887249199999,0.0,0.16227198182723723,50.76861,0.07996105087411776
frontier,budget_18.0_exposure_10000,default,bursty,fifo_explanation,20,0.011933114248307461,0.0015276362969768498,0.0,0.0,0.0011258259488550186,0.0005288942586586725,0.00412361968655447,0.0018223802778418747,0.009702634556600958,38.40253225675176,0.00016887389232861415,0.003436371686075367,0.17739602333048118,0.0,0.00038839516537867217,0.03291012027728304,0.0,8.7143,0.14409879169528128,0.0,0.0,0.7828021044815504,0.65595,2.89915449999987,0.5688555393113921,6.821540000000001,1344.7850586055533,0.8825796843277004,1.2506448582178409,64.3509081000001,0.0,0.1629734068900754,50.77829,0.0
frontier,budget_18.0_exposure_10000,default,bursty,never_explain,20,0.016040858288888613,0.0020593870093651386,0.0,0.0,0.0,0.0,0.0,0.0,0.0,51.084149835826906,0.0,0.0027201024231682364,0.1414453260047478,0.0,0.0006507338050908588,0.043539764546325785,0.0,8.73811,0.14665874879627175,0.0,0.0,0.0,0.0,0.0,0.0,0.0,10207.567158379994,0.0,1.228338461538474,63.873599999999996,0.0,0.16105248677823927,50.80339,0.0
frontier,budget_18.0_exposure_10000,default,bursty,rate_limited,20,0.015035916559603854,0.0017756444224969283,0.0,8.472146313532049e-05,0.0005383138196228819,0.0020900922346809682,0.002591383294808053,0.00037012933228549694,0.006401707331357606,37.30756984791531,0.001045342058514578,0.0024121561051811255,0.12453786548035804,0.0,0.0004984694471246238,0.048067937125434404,0.0,8.72347,0.14484820140135288,0.0,0.00015000000000000001,0.5008282296928825,0.21349,1.2720755000001156,0.7948100029673363,3.6652048000001316,2884.8561468476114,0.6009991338770734,1.2429825864357054,64.21036819599998,0.0,0.16216572772224352,50.79845,0.0
frontier,budget_18.0_exposure_10000,default,bursty,static_coarse_full,20,0.015129465458258308,0.002120274607208441,0.0,8.2912255458787e-05,0.0008637200060627964,0.0032816640644007036,0.004030512018806698,0.0007504584684681449,0.009365217769731376,24.32953549246268,0.0007755805314691593,0.00303406469486075,0.15669220894555422,0.0,0.0005279198419738518,0.023237731791658726,0.0,8.7409,0.14703491638791405,0.0,0.00030000000000000003,0.4280149264364962,0.17845,1.2180142500000977,0.813646219945527,3.293503200000059,1819.0044869304559,0.32388971869293476,1.2389452351724455,63.96498989800001,0.0,0.16288105440316086,50.802949999999996,0.0
frontier,budget_18.0_exposure_10000,default,bursty,static_offload,20,0.01695125685139901,0.0021438630152177812,0.0,0.0,0.0005758938342603915,0.002820293073236781,0.004432539543851806,0.00043520150466566236,0.002248139471305733,23.538199952055525,0.0009485125814918073,0.0021350762509223377,0.11081099637061569,0.0007676875267030436,0.0004922287371102545,0.04356581769463381,0.0,8.749649999999999,0.14819941006824372,0.0,0.0,0.39907398952500894,0.29302,1.4136365000000368,0.6969412253947849,1.1469819999999578,1532.9272609014038,0.4795981654429677,1.2320622599994446,63.914667148000035,0.2930572653234452,0.16105241249958988,50.80221,0.0
frontier,budget_18.0_exposure_10000,default,bursty,threshold_explain,20,0.01711855281045131,0.001964640470218839,0.0,0.00010253707930099699,0.0008235544661576158,0.0030896588549547024,0.0035429264247002616,0.0004111200308497388,0.009244015980437151,21.35586127739099,0.0006433945190702198,0.0029384326919292968,0.15274392133950415,0.0,0.00040530664868686917,0.04222747730202016,0.0,8.73308,0.14581532406570105,0.0,0.0004,0.4276467395077216,0.17807,1.2156347500000977,0.813552960794142,3.2874368000000564,1787.7256454437897,0.3235846241991919,1.2409075683796833,64.06711431200002,0.0,0.16226134888353155,50.81142,0.0
frontier,budget_18.0_exposure_10000,default,bursty,xai_gate,20,0.013975552323441921,0.001684246210050645,0.0006646291331894047,2.6979290303178063e-05,0.0015660046868804023,0.002836673483983809,2.0238102111031553e-05,0.001917010516349287,0.008107084381808597,12.987876730827887,0.0012322796437625925,0.0028156686981324532,0.1460908478300968,0.0003576145105789413,0.00035035433088698213,0.04048295501290454,0.002646498771246611,8.72697,0.14520851222827907,0.060379443083764806,2e-05,0.5407340348425891,0.11609,1.000057649999882,0.6427564236798791,2.998288199999656,502.3080994575598,0.5920320873674215,1.2404118784875227,64.16522660499999,0.1522431174028374,0.16204314129154235,50.80283,0.5590024341395641
frontier,budget_18.0_exposure_10000,default,poisson,always_explain,20,0.017673309183118664,0.0015689853929049362,0.0,3.8941251297712286e-05,0.0,0.0013673056532735027,0.0075111564028256085,0.0,0.017673309183118664,0.0,8.695554650330912e-16,0.0004106631612375124,0.02116392542543135,0.0,0.0,0.042340673129024994,0.0,6.75612,0.002290920485595671,0.0,5e-05,1.0,0.65204,2.8713509999998683,1.0,6.75612,0.0,0.8499999999999611,0.0177549446416958,0.9150269000000002,0.0,0.0,45.02733,0.0
frontier,budget_18.0_exposure_10000,default,poisson,budget_only_bexgov,20,0.014876525718905716,0.0013473951793210003,0.0005258575976775326,0.0,0.0009525782831224188,0.0,0.003236237255034429,0.0007269919489596758,0.008380887877943603,15.717267422405525,0.0008033576033660256,0.00040133368328595253,0.020807677085256604,0.0,0.0,0.04912561960405254,0.0,6.756740000000001,0.002315261191312745,0.0695016110754113,0.0,0.365119414707961,0.0,0.6986417500000338,0.7385761264157095,2.0758812000000644,109.46173423724413,0.2767642503290874,0.015275063878490092,0.7921080519999998,0.0,0.0,45.01437,0.0
frontier,budget_18.0_exposure_10000,default,poisson,fifo_explanation,20,0.01404799726052001,0.000889111426655049,0.0,0.0,0.000304581208698706,0.0014383051897797535,0.005548285214467744,0.0007952633570933315,0.01305478873993026,0.005161789324545931,4.568718130509043e-05,0.0005838618784333804,0.0301111883962298,0.0,0.0,0.041920116485977356,0.0,6.7339,0.0009268723482872999,0.0,0.0,0.9943599734559114,0.6490199999999999,2.845761749999871,0.9845134599925833,6.6959100000000005,0.048026612222222195,0.8508460039815743,0.017260392132936227,0.8897144499999996,0.0,0.0,44.98752,0.0
frontier,budget_18.0_exposure_10000,default,poisson,never_explain,20,0.015975575137064674,0.000984667652191216,0.0,0.0,0.0,0.0,0.0,0.0,0.0,35.52297264753463,0.0,0.0003809247053909746,0.01980808468033085,0.0,0.0,0.045797760065106365,0.0,6.744339999999999,0.0011461218198072554,0.0,0.0,0.0,0.0,0.0,0.0,0.0,5446.3578870102665,0.0,0.014703269230769225,0.76457,0.0,0.0,45.01596,0.0
frontier,budget_18.0_exposure_10000,default,poisson,rate_limited,20,0.01520361340402169,0.0011566240272252038,0.0,0.0,0.0006624967926634018,0.0,0.003360614953440295,0.0007972298664306093,0.008128991518831325,0.006273860793103296,0.0007198237404952458,0.0003676250169974675,0.019050955342225173,0.0,0.0,0.04758066287407971,0.0,6.757009999999999,0.002519939566932272,0.0,0.0,0.5874252897640306,0.0,0.9709765000000786,0.8106049832200034,3.107559200000137,0.25832830055555595,0.3999239962957118,0.015803056370593732,0.818378713999999,0.0,0.0,44.99255,0.0
frontier,budget_18.0_exposure_10000,default,poisson,static_coarse_full,20,0.014676417069140909,0.0013621977233269473,0.0,0.0,0.0007773248724431801,0.0,0.002814331430162118,0.0008159714255583081,0.006980932071394664,0.8915374568623208,0.0006755327926557042,0.0004943237287520545,0.025624500579429714,0.0,0.0,0.044715169321619334,0.0,6.75438,0.0024638356496962666,0.0,0.0,0.3843837523440872,0.0,0.8170417500000434,0.7853256394645578,2.2516104000000556,8.84175076266666,0.28695480228560205,0.015673842207248708,0.8126014299999988,0.0,0.0,45.00548,0.0
frontier,budget_18.0_exposure_10000,default,poisson,static_offload,20,0.015936518571144132,0.0015225535971242269,0.0,0.0,0.0007813124329537512,0.0,0.0042556195469325275,0.0006185952593204039,0.0026418081573094864,0.37530608388303116,0.0012765485799333758,0.0003904351356356592,0.0202813421131555,0.00100207227507081,0.0,0.044133756619574124,0.0,6.7598,0.003159605391742115,0.0,0.0,0.3606927005209365,0.0,0.9484335000000158,0.674946021205741,0.8395955999999967,4.747026341444452,0.42088415321232897,0.014534496611776146,0.7549551619999996,0.25056740862455007,0.0,44.99147,0.0
frontier,budget_18.0_exposure_10000,default,poisson,threshold_explain,20,0.013197025558335768,0.0011423076267711094,0.0,0.0,0.0010421071573609609,0.0,0.003633597598335719,0.0009051165989753017,0.008467543048451093,0.9824196126790706,0.0009045349195976632,0.00045247880488951195,0.023465989081613448,0.0,0.0,0.029833595173227027,0.0,6.74748,0.0019718776777137735,0.0,0.0,0.38516917855419386,0.0,0.8182522500000436,0.7857322292919984,2.2543596000000554,8.045046189999997,0.2875928662983472,0.015269629282674594,0.7916510859999989,0.0,0.0,44.97316,0.0
frontier,budget_18.0_exposure_10000,default,poisson,xai_gate,20,0.018902759397784394,0.002080774182424299,0.0003982010280918103,0.0,0.00032649425530639027,0.0,0.0013470134157639745,0.00046858712364402055,0.008692193112944188,0.017942545938232007,0.0006366443419990272,0.0003830219944911773,0.019851456621292833,0.0005154675150187405,0.0,0.05197112470018445,0.001360293805395911,6.75453,0.0029613063288047915,0.017900323542115258,0.0,0.6317782191943274,0.0,0.8230169999998811,0.7411483579649187,2.844182799999743,0.39319398351111146,0.6599519076054097,0.01547631286315074,0.8018704020000005,0.1463896186985142,0.0,44.99181,0.7289676900120882
frontier,budget_18.0_exposure_18000,default,adversarial_explanation_flood,always_explain,20,0.025947181959795593,0.0030468853267521666,0.0,0.0013938139542088706,0.0,0.0009565713157445498,0.006126417962727916,0.0,0.025947181959795593,0.0,1.606634067693999e-15,0.00059830254392791,0.03063800219533354,0.0,0.0,0.05061386027761689,0.0,12.14734,0.7986403857337516,0.0,0.04166,1.0,0.65032,2.8681219444443835,1.0,12.14734,0.0,0.8499999999999819,0.020191176036312538,1.0332626500000006,0.0,0.0,45.02411,0.0
frontier,budget_18.0_exposure_18000,default,adversarial_explanation_flood,budget_only_bexgov,20,0.02147916021488836,0.002782034722480712,0.0008702124803473323,0.0,0.0005577480285536162,0.0,0.0005867779891568078,0.00030346063901202567,0.010028889344744595,24.09058895566904,0.0005955932173035077,0.0004386984661354006,0.022653576388418573,0.0,0.0,0.041923792333382864,0.001983484415074196,12.139199999999999,0.7985448516497142,0.14030488545948555,0.0,0.5099751248353777,0.0,0.9180428888889232,0.7738799278444918,5.34078759999991,5312.6506067994105,0.42335714915501266,0.016496761781423404,0.8517543370000009,0.0,0.0,44.996390000000005,0.14059758899311978
frontier,budget_18.0_exposure_18000,default,adversarial_explanation_flood,fifo_explanation,20,0.02135031015754004,0.0027117982175337754,0.0,0.0,0.0010234408172190403,0.000695730982492519,0.002426213040550563,0.0019182808044889033,0.010275725818800313,71.7909658809577,0.00015351612258281976,0.0005349869045621448,0.027475406069826635,0.0,0.0,0.036852381480827395,0.0,12.16769,0.8021303024669931,0.0,0.0,0.8801434850414349,0.6045,2.5285658333332743,0.7665169066094832,10.709219999999998,2215.553309751101,0.8679784772437629,0.01968576293816643,1.011055649999991,0.0,0.0,45.01223,0.0
frontier,budget_18.0_exposure_18000,default,adversarial_explanation_flood,never_explain,20,0.021869698878681676,0.0022749069460695132,0.0,0.0,0.0,0.0,0.0,0.0,0.0,52.552666326380425,0.0,0.0003752876902644551,0.01951495989375168,0.0,0.0,0.04700591524335255,0.0,12.163160000000001,0.8008302632577242,0.0,0.0,0.0,0.0,0.0,0.0,0.0,20147.89674174905,0.0,0.01501038461538461,0.78054,0.0,0.0,45.02791,0.0
frontier,budget_18.0_exposure_18000,default,adversarial_explanation_flood,rate_limited,20,0.020098014021605052,0.002505744901809658,0.0,0.0,0.0008265828464689348,0.0012757762516250753,0.002419430238777304,0.0004235471549987395,0.008352177474372705,57.901024323884926,0.0010220117250370967,0.000587476137182907,0.030297146943715228,0.0,0.0,0.035126742420045265,0.0,12.15526,0.800000035628251,0.0,0.0,0.6166291858582471,0.29241,1.4124083333333202,0.8767643082785842,6.721182000000097,5050.091272431184,0.6518463928532909,0.017462112467497442,0.9005769779999993,0.0,0.0,45.019459999999995,0.0
frontier,budget_18.0_exposure_18000,default,adversarial_explanation_flood,static_coarse_full,20,0.022008693108143046,0.0031529014904412215,0.0,3.5972387070904084e-05,0.0004917503402923875,0.001932448887592606,0.0033190789899676656,0.0003099085941918904,0.014334799093345741,22.922809684516963,0.00047638567925120315,0.00048076968581642376,0.024807555011791323,0.0,0.0,0.03933347570548096,0.0,12.17304,0.8025505811043929,0.0,4e-05,0.5789097905438075,0.28071999999999997,1.3913715277777716,0.8845623056120429,6.4567048000001135,3667.1606365718008,0.45427165527246566,0.017304016009567685,0.8921636880000005,0.0,0.0,45.0216,0.0
frontier,budget_18.0_exposure_18000,default,adversarial_explanation_flood,static_offload,20,0.01487500342934938,0.002220063929101384,0.0,0.0,0.0006012692980201929,0.0011654303962146566,0.0029461696569670045,0.00021054358437100647,0.0028590275894429004,23.18069331810505,0.000918491352810915,0.00044321826787523826,0.022994999138268905,0.0006988724962473023,0.0,0.027338310100007826,0.0,12.16586,0.8017459947562792,0.0,0.0,0.5338551461249673,0.38128,1.6185091666666664,0.751868367898008,1.8495371999998471,3069.2085706822245,0.6929149116085064,0.01552420505602194,0.805293578,0.45037354467817475,0.0,45.01512,0.0
frontier,budget_18.0_exposure_18000,default,adversarial_explanation_flood,threshold_explain,20,0.02694488625933355,0.003382437847474827,0.0,2.6979290303178063e-05,0.0006060942461204535,0.0030454979798488053,0.0045571788777972015,0.0003689906505776966,0.019565977163949033,31.119971409222195,0.0005734113298310318,0.00024217673007761428,0.012488779064627933,0.0,0.0,0.035857077974706934,0.0,12.13586,0.7992672345619589,0.0,2e-05,0.5786597461108528,0.27877,1.3865841666666603,0.8845503339525317,6.434350800000111,3641.7029567291347,0.45408269964333237,0.017018657077247853,0.8774610520000007,0.0,0.0,44.96585,0.0
frontier,budget_18.0_exposure_18000,default,adversarial_explanation_flood,xai_gate,20,0.021848751732331403,0.002781792577946003,0.0014381258744628693,6.89307814519678e-05,0.00023421294734323316,0.0,0.000924426211647646,0.0005709529987718735,0.015417632342815889,25.041162284792343,0.0004786704308258583,0.0004547957727616103,0.023445780643027707,0.0008616571173559156,0.0,0.027293183442641446,0.001303788742915051,12.16327,0.8019261438576606,0.1304176222906929,0.00015000000000000001,0.6869891137109011,0.0,0.9949268333335736,0.8002678979510016,6.8236491999992115,1541.36343037286,0.6599196428290943,0.01743985441948508,0.8988407940000009,0.04757048391477815,0.0,45.00094,0.6366736037656875
frontier,budget_18.0_exposure_18000,default,bursty,always_explain,20,0.02163018131485926,0.0026119973486735306,0.0,0.001405342228408214,0.0,0.0018736043934507321,0.005107126143784735,0.0,0.02163018131485926,0.0,1.220634434768023e-15,0.002656735763065929,0.13672518227627328,0.0,0.00042051492302319995,0.0409726068570848,0.0,8.74962,0.14891697649531407,0.0,0.149,1.0,0.51651,2.0658824999998524,1.0,8.74962,0.0,0.8499999999999395,1.2622240242651002,64.4942232,0.0,0.1653768328250366,50.77021,0.0
frontier,budget_18.0_exposure_18000,default,bursty,budget_only_bexgov,20,0.014733533457210417,0.0018172420761075052,0.0005626005663463092,0.0,0.0009195772194882569,0.0,0.002609183293604425,0.0007875853609196813,0.011362190476714584,20.6034758869274,0.0008290962398670532,0.0034484889591129293,0.17869469656414097,0.0,0.00034012908060944457,0.04305808989079969,0.0,8.74102,0.14777045266057762,0.08898786960826835,0.0,0.40141900406441466,0.0,0.5636968055555985,0.7588160513417144,2.9847642000001207,2388.989047795262,0.30924261330385433,1.2423663552037183,64.18817873599997,0.0,0.16210053788370224,50.77106,0.0
frontier,budget_18.0_exposure_18000,default,bursty,fifo_explanation,20,0.02294445315488789,0.0027240567329074885,0.0,0.0,0.001348995007207857,0.0015167371600351782,0.002812892375332766,0.0020295874274705813,0.011913426530820719,65.07580101663815,0.00020234925108088487,0.0032847828617382623,0.16917154929194933,0.0,0.0004070865873969653,0.04058672349167209,0.0,8.73498,0.14661454955485942,0.0,0.0,0.7821557896691069,0.38188999999999995,1.6131111111110397,0.5675272393692905,6.831999999999999,1413.102609266665,0.882676631549567,1.2545847034320647,64.55380095000012,0.0,0.1632552181261722,50.787,0.0
frontier,budget_18.0_exposure_18000,default,bursty,never_explain,20,0.016382338972904833,0.001855415121325963,0.0,0.0,0.0,0.0,0.0,0.0,0.0,30.989479436572115,0.0,0.0027930722299390775,0.14523975595683178,0.0,0.00040962525164568985,0.046737776056903366,0.0,8.73269,0.1460869257896719,0.0,0.0,0.0,0.0,0.0,0.0,0.0,10197.20695021,0.0,1.2284711538461663,63.8805,0.0,0.160762949271069,50.797129999999996,0.0
frontier,budget_18.0_exposure_18000,default,bursty,rate_limited,20,0.017828652737717113,0.0016820518059504025,0.0,7.236509772273545e-05,0.0006065639771181378,0.0,0.00196448647117201,0.0005658205559188244,0.008003391983167527,42.64781798541062,0.0011371939075855428,0.0031748526608638234,0.16468164404391694,0.0,0.0006291473383910272,0.049649960204446904,0.0,8.7253,0.14627631833929944,0.0,0.00011,0.5005044128270204,0.0,0.7060862500000646,0.7945184501055088,3.662919600000128,2866.9251910926114,0.600943222781338,1.2419744706641138,64.1574741,0.0,0.1621518799925567,50.74563,0.0
frontier,budget_18.0_exposure_18000,default,bursty,static_coarse_full,20,0.01731195420657429,0.0016676665515749601,0.0,0.0001020429218257535,0.0007993521825223928,0.0,0.0021005066072162914,0.0006489428360557943,0.009135855211834893,28.73023047256636,0.0006790788291747605,0.003112037060685932,0.1614593858043865,0.0,0.0005025542432741179,0.04632572414990021,0.0,8.732380000000001,0.14709342321927102,0.0,0.00045,0.4272875567222839,0.0,0.6755463888889434,0.8139512399632782,3.286174400000058,1797.636474854456,0.323470693528821,1.2401995734509237,64.031381086,0.0,0.1624128176845541,50.75064,0.0
frontier,budget_18.0_exposure_18000,default,bursty,static_offload,20,0.018184786070258124,0.0021015076555623395,0.0,0.0,0.0005890507076329673,0.0,0.002042459529480176,0.0004331654173252136,0.003202340229583152,25.867307563795855,0.0009167802036934969,0.0023273653359188523,0.12076271092062309,0.0007418230681964705,0.0004283975402529774,0.0450476279694703,0.0,8.73065,0.146158143004185,0.0,0.0,0.3984366044930917,0.0,0.7817861111111309,0.6966153263257489,1.1437575999999592,1515.160281093404,0.4785581762219341,1.231000763868018,63.86010885200004,0.29227784893080566,0.1611154619468058,50.78209,0.0
frontier,budget_18.0_exposure_18000,default,bursty,threshold_explain,20,0.023037579321667122,0.002490183363870013,0.0,0.0001182002226376031,0.0008261788334157504,0.0,0.0023782140839730143,0.0005407404053889618,0.01111654564594426,31.687164761657368,0.0006827946182133778,0.002955156697154956,0.15298287597101104,0.0,0.0005438729411661503,0.050883013036903735,0.0,8.73456,0.1462524355176715,0.0,0.00037,0.42703493583495283,0.0,0.6748945833333867,0.8136835475496215,3.284144400000058,1811.996960564677,0.32319801901247575,1.2421543240802568,64.13225304999997,0.0,0.16248399921239656,50.80052,0.0
frontier,budget_18.0_exposure_18000,default,bursty,xai_gate,20,0.013429264512838763,0.0014286047980494095,0.0022988887953117854,2.6979290303178063e-05,0.0006774519279136171,0.0,0.0018265368459962545,0.0004913404016325351,0.010927195959389539,1.7085345479708414,0.0008316226315842071,0.002986253095932103,0.15517294158842232,0.00041493503356826076,0.0004920712174662016,0.04584778525337952,0.0015171883628638922,8.73993,0.14728569793974033,0.1050721812210333,2e-05,0.6339090965836496,0.0,0.8825828888888557,0.776102056647668,3.0676669999999993,106.22233657204708,0.7281867607838601,1.2401952695535094,64.178258373,0.27341329432239236,0.16201804189750857,50.78613,0.442398502459645
frontier,budget_18.0_exposure_18000,default,poisson,always_explain,20,0.01239731823598193,0.001183009222154623,0.0,6.0327527102607066e-05,0.0,0.001847178573420899,0.002927144583495486,0.0,0.01239731823598193,0.0,1.1364730882717031e-15,0.0004806717664777913,0.024772922709602255,0.0,0.0,0.04531096283231651,0.0,6.74479,0.0020879858489360028,0.0,0.0001,1.0,0.37158,1.5925198611110372,1.0,6.74479,0.0,0.8499999999999606,0.01729094812224422,0.8911370000000005,0.0,0.0,44.96316,0.0
frontier,budget_18.0_exposure_18000,default,poisson,budget_only_bexgov,20,0.015633672337146607,0.0014084458797490502,0.0007597380140903903,0.0,0.0008504474276348596,0.0,0.0014217721736283274,0.0007159616794646654,0.0069222213567340105,17.299985157014476,0.000770370897093605,0.00043745980102258606,0.022684421226260226,0.0,0.0,0.03382173135298815,0.0,6.7491699999999994,0.002168848574063309,0.06998240527787222,0.0,0.36537825854546846,0.0,0.3876893333333521,0.7384885880934947,2.074584800000066,104.60208398208822,0.2769836492853124,0.01538397071385009,0.7977558669999999,0.0,0.0,44.986419999999995,0.0
frontier,budget_18.0_exposure_18000,default,poisson,fifo_explanation,20,0.015140098760437105,0.001089315520679078,0.0,0.0,0.0002270969974435501,0.0019804424471101902,0.003466503416726101,0.0006442445746642608,0.014681661529662746,0.004042769600706374,3.4064549616607195e-05,0.0005034703050418117,0.025949955878633652,0.0,0.0,0.034782450928925956,0.0,6.745489999999999,0.0014263716633345913,0.0,0.0,0.9946015782605461,0.36904,1.584085972222152,0.9851862239068157,6.70907,0.04351879777777775,0.8508097632608799,0.01776130855776221,0.915525599999999,0.0,0.0,45.019510000000004,0.0
frontier,budget_18.0_exposure_18000,default,poisson,never_explain,20,0.014752862089206878,0.0012489638320752271,0.0,0.0,0.0,0.0,0.0,0.0,0.0,39.13304056548511,0.0,0.0003912061603438766,0.020342720337881634,0.0,0.0,0.03558501572811933,0.0,6.757040000000001,0.002876787133843206,0.0,0.0,0.0,0.0,0.0,0.0,0.0,5488.075031510265,0.0,0.01436403846153846,0.74693,0.0,0.0,44.97014,0.0
frontier,budget_18.0_exposure_18000,default,poisson,rate_limited,20,0.016686482036225136,0.0016848703149660994,0.0,0.0,0.0005677176572068465,0.0,0.0018518540275637993,0.0008559535687021618,0.008650610929773235,0.007311163395109957,0.0006222990123784483,0.0004727171010147275,0.024474281557802197,0.0,0.0,0.043636905710744515,0.0,6.76108,0.0035777841050718016,0.0,0.0,0.587425478114149,0.0,0.539757222222266,0.8106677651767301,3.1094360000001364,0.25944499433333396,0.3999223588280594,0.015549591447013766,0.8052788059999989,0.0,0.0,44.978719999999996,0.0
frontier,budget_18.0_exposure_18000,default,poisson,static_coarse_full,20,0.014267924264624221,0.0015828452028363341,0.0,0.0,0.0009844917604580313,0.0,0.0014711195638108959,0.0005865527366812991,0.006820420188143803,1.468402675175634,0.0007784618723352915,0.0005228624049352133,0.027104916168757428,0.0,0.0,0.028584162671477356,0.0,6.757099999999999,0.002319812435036317,0.0,0.0,0.38483249572965644,0.0,0.45482027777780154,0.7856386136198912,2.2555624000000565,8.912906653333328,0.2873389321454648,0.015439582499323526,0.8004448219999987,0.0,0.0,45.00303,0.0
frontier,budget_18.0_exposure_18000,default,poisson,static_offload,20,0.016641435799391372,0.0012819505457231557,0.0,0.0,0.0009462050629812964,0.0,0.002563973581748098,0.0007581797410177549,0.00266080262739708,0.34005129627970393,0.0014997596148495383,0.00033637587738767497,0.01747020091165452,0.0011629818345734084,0.0,0.04615218599655995,0.0,6.750539999999999,0.002137413152795087,0.0,0.0,0.3600764245800315,0.0,0.5256572222222313,0.6749668388099666,0.8363383999999968,4.418760586777788,0.42038321733364514,0.01462128014655715,0.7594666439999997,0.25038722640186917,0.0,45.01087,0.0
frontier,budget_18.0_exposure_18000,default,poisson,threshold_explain,20,0.013331375718009648,0.0005146821923776633,0.0,0.0,0.0009425989669721926,0.0,0.0014264680394851983,0.0008053815699498091,0.00588365762809305,0.6160361412463627,0.0007850950812386466,0.00044775919839891513,0.023214396253598942,0.0,0.0,0.03642058605326309,0.0,6.736369999999999,0.0007894172469936733,0.0,0.0,0.3849869851195872,0.0,0.45359430555557917,0.7856121328597043,2.2495112000000566,7.442027237555547,0.2874516497713157,0.015514918757159175,0.8043772619999989,0.0,0.0,44.98625,0.0
frontier,budget_18.0_exposure_18000,default,poisson,xai_gate,20,0.01687647280584172,0.0012484483262499625,0.0,0.0,0.00027551230408965233,0.0,0.0009095591456846698,0.00032881756544382015,0.008005335120660203,0.009448983643360512,0.0007927840480575803,0.00037516765518538737,0.0194483837117894,0.0007592682210573311,0.0,0.038332845792829334,0.0015500376499972958,6.75038,0.002072415548290074,0.0,0.0,0.6651174328524787,0.0,0.65072277777772,0.7769864568960455,2.568774799999743,0.19583884913333344,0.7510656762437156,0.015871397351197993,0.8226550540000004,0.2639138518200156,0.0,45.00418,0.6178154403206287
frontier,budget_18.0_exposure_26000,default,adversarial_explanation_flood,always_explain,20,0.024534965794104895,0.002870221407669573,0.0,0.0012274424072671985,0.0,0.001546943352142164,0.004010523254804748,0.0,0.024534965794104895,0.0,1.5580854513716107e-15,0.0005211417316996926,0.0266855528853583,0.0,0.0,0.03745763530232658,0.0,12.14171,0.7984563721339952,0.0,0.04115,1.0,0.49642,1.9847025961538054,1.0,12.14171,0.0,0.8499999999999825,0.02094302597219606,1.071779100000001,0.0,0.0,45.007799999999996,0.0
frontier,budget_18.0_exposure_26000,default,adversarial_explanation_flood,budget_only_bexgov,20,0.019956629546673297,0.0022893941431245297,0.0007746178780808668,0.0,0.0006826445659299345,0.0,0.001970874862601499,0.0002590432532807988,0.013888997046889258,24.712208306581612,0.0006184554295083825,0.00036666676750972096,0.0189187877212791,0.0,0.0,0.03951758974740482,0.0,12.15155,0.8012285400594221,0.1740468349521155,0.0,0.5300681376458176,0.0,0.754457307692347,0.8092507736192396,5.642015800000217,5195.928489631869,0.42818098337126564,0.016780339201634277,0.866072814,0.0,0.0,44.97501,0.0
frontier,budget_18.0_exposure_26000,default,adversarial_explanation_flood,fifo_explanation,20,0.02509838576969058,0.00325476192723711,0.0,0.0,0.001051839729864432,0.0008115117588407748,0.0021117947614966714,0.001967811554563203,0.012919215011512294,73.5834158774152,0.00015777595947973376,0.00031340712358423077,0.01608977754302532,0.0,0.0,0.033201340391965435,0.0,12.12931,0.7989291691583296,0.0,0.0,0.8810255562086002,0.42763,1.7467696153845744,0.7683275516822582,10.686119999999999,2191.9363130055485,0.8678461665686882,0.019011707723774647,0.9764408499999918,0.0,0.0,44.95006,0.0
frontier,budget_18.0_exposure_26000,default,adversarial_explanation_flood,never_explain,20,0.023622812831311204,0.0032006035313106194,0.0,0.0,0.0,0.0,0.0,0.0,0.0,60.98886496341162,0.0,0.0003131645479938812,0.016284556495681814,0.0,0.0,0.03750977862971932,0.0,12.128400000000001,0.7978822581173097,0.0,0.0,0.0,0.0,0.0,0.0,0.0,20046.360434349066,0.0,0.014253461538461543,0.74118,0.0,0.0,44.97292,0.0
frontier,budget_18.0_exposure_26000,default,adversarial_explanation_flood,rate_limited,20,0.01872895043699937,0.002087587661460217,0.0,0.0,0.0006680660423093554,0.0,0.002180227284252739,0.00048070091429447176,0.010915585209498124,57.55926633216933,0.001180907414693264,0.000554097102714621,0.028573198501753525,0.0,0.0,0.04962264385421364,0.0,12.15162,0.8007118196281168,0.0,0.0,0.6166400084273544,0.0,0.9772467307692206,0.8767603018386945,6.718366000000101,5020.92875270962,0.6515256497827397,0.017100432593580496,0.8818798399999993,0.0,0.0,44.98823,0.0
frontier,budget_18.0_exposure_26000,default,adversarial_explanation_flood,static_coarse_full,20,0.019837513782252375,0.002720027346498552,0.0,3.5972387070904084e-05,0.0006331205318261883,0.0,0.0019299610503577885,0.00029721191100809836,0.01158015777672289,29.794080265824302,0.0005342446932675228,0.0005342653282862583,0.027544394316796474,0.0,0.0,0.05020893906899093,0.0,12.17022,0.8009099342515015,0.0,4e-05,0.5786263102193641,0.0,0.9622094230769183,0.8843542973420856,6.45092960000011,3679.0134829506933,0.45397897322461134,0.01788527383785044,0.9221627340000005,0.0,0.0,45.05221,0.0
frontier,budget_18.0_exposure_26000,default,adversarial_explanation_flood,static_offload,20,0.021298802680654892,0.0026410617375715486,0.0,0.0,0.0007201262592109013,0.0023740923832510238,0.002873697231910318,0.00027737429559313454,0.004816777350167696,23.362384297434335,0.001163873997805972,0.0004799064854532564,0.02489672527280611,0.0009052406536521685,0.0,0.0471625175368392,0.0,12.14427,0.7983542307519154,0.0,0.0,0.5333804775425097,0.10506,1.116880576923077,0.751655763879867,1.8462987999998457,3064.9534132707795,0.6919955256684418,0.015229444604922098,0.7900062360000002,0.44962845243722915,0.0,45.019960000000005,0.0
frontier,budget_18.0_exposure_26000,default,adversarial_explanation_flood,threshold_explain,20,0.024234723499188232,0.00290516355536074,0.0,3.5972387070904084e-05,0.00042446950358932033,0.0,0.0017838945762654252,0.00026288509404733825,0.011413883579681582,31.236246736919178,0.00035383135165185605,0.00046016809098668797,0.023713098821510688,0.0,0.0,0.04498103268768446,0.0,12.14207,0.7990501979544867,0.0,4e-05,0.5784878079920075,0.0,0.9602267307692269,0.8846080422750413,6.4359444000001105,3656.337268480694,0.4539657120857578,0.017078519695384382,0.8805522260000002,0.0,0.0,44.994330000000005,0.0
frontier,budget_18.0_exposure_26000,default,adversarial_explanation_flood,xai_gate,20,0.01754569715817279,0.002541624841782901,0.0012084723248177542,6.015971724457627e-05,0.00035312903882135974,0.0,0.0006700948618259042,0.0008756841620583168,0.021910117348708538,12.021441269425232,0.0007804848344230453,0.0004959201009010482,0.025548770566697635,0.0016028957191963097,0.0,0.048082421744421414,0.0013693239448153676,12.12933,0.7979101137203617,0.19886346702850022,0.00011,0.7368114620696216,0.0,0.9158100000001074,0.8696140033123123,7.40330059999949,642.9214983843262,0.7099106298941447,0.01764166262843999,0.9085864130000004,0.0662837309511429,0.0,44.97578,0.46623461310127723
frontier,budget_18.0_exposure_26000,default,bursty,always_explain,20,0.015489574745954934,0.0020160312304836406,0.0,0.0015515372614552994,0.0,0.0017224715143928325,0.0025319497180883157,0.0,0.015489574745954934,0.0,1.6508545959966e-15,0.003122990407503171,0.15933941659408074,0.0,0.0005201636143733314,0.03934695638589728,0.0,8.742,0.14764799623481967,0.0,0.14750000000000002,1.0,0.29991,1.4289807692306686,1.0,8.742,0.0,0.8499999999999401,1.2634362821983651,64.55736050000003,0.0,0.16514123207073642,50.78219,0.0
frontier,budget_18.0_exposure_26000,default,bursty,budget_only_bexgov,20,0.023197631229162418,0.0024636062550698417,0.0005400326939174251,1.96e-05,0.0008812349148332434,0.0,0.0019200930607167377,0.0006829847960893312,0.013486075276852314,27.827162803816595,0.0008027677022051913,0.00280188445272434,0.14527484304988647,0.0,0.000586503893594372,0.045261297389503,0.0,8.72421,0.1452799944863321,0.08929499346335099,1e-05,0.4022387173410034,0.0,0.390605519230799,0.7593434310100775,2.9861578000001168,2360.477061442196,0.30998681631444686,1.2394601139472723,64.037757104,0.0,0.16220370504739984,50.78336,0.0
frontier,budget_18.0_exposure_26000,default,bursty,fifo_explanation,20,0.014962359171143942,0.0019154540399101477,0.0,0.0,0.0009105265715669226,0.001561565217472858,0.0014355630065785116,0.0017847273808103208,0.008782267804951921,44.39059150666906,0.00013657898573526709,0.0026455942202611694,0.13635297147946226,0.0,0.0004640455668674555,0.04656497850540111,0.0,8.73518,0.14697602648859762,0.0,0.0,0.7820347726008786,0.10386,1.11663355769226,0.5679655788885782,6.83117,1404.2987659499984,0.8826947841098016,1.2516364647622473,64.4010794500001,0.0,0.1628948462606663,50.77232,0.0
frontier,budget_18.0_exposure_26000,default,bursty,never_explain,20,0.01816739715123013,0.0023537823977375096,0.0,0.0,0.0,0.0,0.0,0.0,0.0,46.915051455754494,0.0,0.004019176320410052,0.20899716866133566,0.0,0.0005009143250504218,0.02326859952992903,0.0,8.73947,0.14729291420854537,0.0,0.0,0.0,0.0,0.0,0.0,0.0,10213.681659669994,0.0,1.2301982692307818,63.97031,0.0,0.16002647982908225,50.78315,0.0
frontier,budget_18.0_exposure_26000,default,bursty,rate_limited,20,0.018682938846698444,0.00202747186584092,0.0,5.9653455363810264e-05,0.0007775535098538592,0.0,0.001464098146923467,0.0008658031584181908,0.008693051855190074,42.66870216388456,0.0009201185362128904,0.003286373877533079,0.17037038815445046,0.0,0.0005344677654510151,0.038401943480972124,0.0,8.72861,0.14568174359265473,0.0,0.00012000000000000002,0.5008697004920267,0.0,0.48942076923081446,0.7951291780075899,3.6671344000001262,2876.530276187946,0.6007274283579712,1.2444810876546009,64.287835728,0.0,0.1622080354120246,50.791250000000005,0.0
frontier,budget_18.0_exposure_26000,default,bursty,static_coarse_full,20,0.014476267925851959,0.0018621381325827707,0.0,0.00012718159416651783,0.0006768663743755432,0.0,0.00125387814101926,0.00047482659627450283,0.00789390076699218,25.672558226368604,0.0005648119165886852,0.0021881905967046133,0.11383793041781239,0.0,0.0004943134784315588,0.039275314150239334,0.0,8.73367,0.14623692280724,0.0,0.0004,0.42705007770099357,0.0,0.46678076923080686,0.8132690387014178,3.282599600000057,1799.2617484177906,0.3230911327858239,1.242796572611935,64.165797986,0.0,0.1625475952038788,50.79625,0.0
frontier,budget_18.0_exposure_26000,default,bursty,static_offload,20,0.019340178892984207,0.001849225142178138,0.0,0.0,0.0006784025077223192,0.0,0.001929338287013651,0.0005051873479280939,0.002689695072344231,31.109095391965287,0.001156371480240016,0.0027965652205265757,0.14520930936915358,0.0009276127785403601,0.00042853425977751666,0.053331127048716585,0.0,8.75554,0.14931490495219904,0.0,0.0,0.3985018839905484,0.0,0.5421280769230904,0.696222296850446,1.1491351999999588,1532.218015432956,0.47815061964449546,1.2303241508296945,63.82433099200004,0.2917735046524932,0.16142402294560818,50.786860000000004,0.0
frontier,budget_18.0_exposure_26000,default,bursty,threshold_explain,20,0.01559671802750416,0.0018822235737240747,0.0,0.00010977473585292267,0.0008142562589691039,0.0,0.0014783634614778812,0.000653504469880596,0.009111131778727577,24.936164094276712,0.0006953571721014328,0.00296600132228913,0.1546415611295724,0.0,0.0004043148195110009,0.03926688493358433,0.0,8.72813,0.14590081197181348,0.0,0.00038,0.4275667692064159,0.0,0.46701480769234455,0.8133803617208961,3.2843788000000593,1798.3654469320136,0.3234725241274964,1.240384080929656,64.04048396800002,0.0,0.16261399541370428,50.77887,0.0
frontier,budget_18.0_exposure_26000,default,bursty,xai_gate,20,0.01959710311223515,0.00223277713651089,0.0007775138055466215,0.0,0.00036913447223335514,0.0,0.0008190400499615462,0.00018050680646729232,0.010887016068343395,0.6734461318020082,0.0006415727201306414,0.0029375806779191665,0.15219055725933234,0.0009520112312457777,0.0003662947302292648,0.03455643977958392,0.0011100345579757099,8.74816,0.14785325880370864,0.014757668310393587,0.0,0.6448110047630825,0.0,0.7619673846154511,0.7868670671464035,2.525192999999819,30.37432643120001,0.79931568949668,1.2354526870852969,64.02743860500001,0.39456677395600115,0.16149631201401832,50.80872,0.3729791656076856
frontier,budget_18.0_exposure_26000,default,poisson,always_explain,20,0.015750258174258243,0.0013736009502859764,0.0,5.2438314638299195e-05,0.0,0.0024157640804994963,0.0025745614323306296,0.0,0.015750258174258243,0.0,1.2016520899274985e-15,0.000361402589674098,0.018631921656704933,0.0,0.0,0.039721011666238815,0.0,6.75388,0.0021810077193715528,0.0,8e-05,1.0,0.09398,1.103999615384566,1.0,6.75388,0.0,0.8499999999999618,0.017535099677853792,0.9037431999999999,0.0,0.0,44.99405,0.0
frontier,budget_18.0_exposure_26000,default,poisson,budget_only_bexgov,20,0.01581515460589691,0.0015826223949625328,0.0005864812043893319,0.0,0.0006474007083984593,0.0,0.0008183873521881692,0.0007186135368168623,0.005532301783943856,19.090165610416737,0.0005108236099764392,0.00040930927800164374,0.021228839278439483,0.0,0.0,0.03880375987469015,0.0,6.75673,0.0028225696032979307,0.06995348814072261,0.0,0.36566649368482496,0.0,0.26899055769232094,0.7386709386534794,2.0787532000000657,109.50251805039977,0.27721271026020317,0.015440555973902734,0.8007075259999998,0.0,0.0,44.98694,0.0
frontier,budget_18.0_exposure_26000,default,poisson,fifo_explanation,20,0.016110797779586686,0.0009567371754618997,0.0,0.0,0.0002603961435423883,0.0022481437882465568,0.002481485118037912,0.0007400755409659809,0.015180850133881521,0.0027667234172966105,3.905942153071711e-05,0.0003875749914143137,0.01998060335620013,0.0,0.0,0.033182655286158075,0.0,6.741750000000001,0.0018929314727914592,0.0,0.0,0.9944066191310016,0.08782999999999999,1.0958510576922578,0.9847679383733752,6.70403,0.04623199444444441,0.8508390071303102,0.01717191486339431,0.8851338499999993,0.0,0.0,44.969319999999996,0.0
frontier,budget_18.0_exposure_26000,default,poisson,never_explain,20,0.013764353255993834,0.001169924843809148,0.0,0.0,0.0,0.0,0.0,0.0,0.0,37.06772751264556,0.0,0.0004292598640756662,0.022321512931934653,0.0,0.0,0.04040930626279076,0.0,6.76203,0.002509470755332943,0.0,0.0,0.0,0.0,0.0,0.0,0.0,5502.326554570269,0.0,0.014714230769230768,0.7651399999999999,0.0,0.0,45.006420000000006,0.0
frontier,budget_18.0_exposure_26000,default,poisson,rate_limited,20,0.016516587331719446,0.0016577356775405085,0.0,0.0,0.0006367654317313335,0.0,0.0015800616490806668,0.000855199006800408,0.010285105401068244,0.008890988707636023,0.0006920735570154056,0.0005607751309795265,0.029034426408291177,0.0,0.0,0.036831113353450906,0.0,6.7573099999999995,0.0028868824016872185,0.0,0.0,0.5871128114031736,0.0,0.3729227884615679,0.8099975987474318,3.104966400000139,0.26213627400000067,0.399586799993486,0.015920240828576106,0.8244592359999988,0.0,0.0,44.99056,0.0
frontier,budget_18.0_exposure_26000,default,poisson,static_coarse_full,20,0.01763161872235578,0.001359487302742573,0.0,0.0,0.0009799279155350566,0.0,0.0016781427440855162,0.0009013723155388029,0.010536709684088232,0.9677482528120585,0.0008538555891662541,0.0003632209875202135,0.018827408735407433,0.0,0.0,0.041856856503690594,0.0,6.752809999999999,0.0025658028899897102,0.0,0.0,0.3842486089641303,0.0,0.31403355769232444,0.7851775080624963,2.250216400000055,8.036766193111115,0.2868403693353466,0.015579278658736234,0.807697767999999,0.0,0.0,44.99109,0.0
frontier,budget_18.0_exposure_26000,default,poisson,static_offload,20,0.013714867671637484,0.0013716797490753952,0.0,0.0,0.0010109612033888144,0.0,0.0015624243578636263,0.0007068610685134559,0.0024062484429760406,0.323346642657284,0.0015919141003950365,0.0003660817997825262,0.0190148672649846,0.0012022969654733927,0.0,0.04756845191873776,0.0,6.7624200000000005,0.002547452727797661,0.0,0.0,0.3597889307617389,0.0,0.3641157692307754,0.6746862773874605,0.8375231999999956,4.673814884777786,0.4199244779643257,0.014962827884512114,0.7772072959999995,0.25004743028666615,0.0,45.00147,0.0
frontier,budget_18.0_exposure_26000,default,poisson,threshold_explain,20,0.01564634989254679,0.001393702657948053,0.0,0.0,0.0007128215826685952,0.0,0.0011722943282268185,0.0008578053670285982,0.007649232079135249,0.6871783891895853,0.0006298349137659622,0.00050578648867566,0.02623102652803741,0.0,0.0,0.03934636466813538,0.0,6.75304,0.002095999240479074,0.0,0.0,0.3854583793474051,0.0,0.3153129807692476,0.7859228799168015,2.258246400000058,8.05828910022221,0.2878468285302071,0.015486808051877368,0.8029054619999988,0.0,0.0,45.02302,0.0
frontier,budget_18.0_exposure_26000,default,poisson,xai_gate,20,0.01703223380695374,0.0012336960726025221,0.0,0.0,0.00030843859534274626,0.0,0.0008570607197779762,0.00016762240153452357,0.007491909848236924,0.002644715346923496,0.0008737268244131222,0.0005684144587656076,0.02947624747133115,0.0008240064792519237,0.0,0.04908094324585841,0.0014565756844353898,6.75141,0.0019569069860214004,0.0,0.0,0.6959413297450389,0.0,0.5677766346153432,0.8011731404774075,2.295527399999812,0.05926721237777782,0.8441288969876481,0.015418760558384764,0.7994808930000009,0.3768626922947381,0.0,45.01053,0.5372282661451191
frontier,budget_24.0_exposure_10000,default,adversarial_explanation_flood,always_explain,20,0.024285349550273054,0.0025234493929701903,0.0,0.00016055889229418853,0.0,0.0004241081887790856,0.010321273558869243,0.0,0.024285349550273054,0.0,1.349549348971319e-15,0.0005148699091374946,0.02637739865349858,0.0,0.0,0.04763255719588158,0.0,12.162099999999999,0.8004989832156413,0.0,0.00065,1.0,0.80648,5.168892499999904,1.0,12.162099999999999,0.0,0.8499999999999843,0.0202392365966894,1.0358005500000007,0.0,0.0,45.03223,0.0
frontier,budget_24.0_exposure_10000,default,adversarial_explanation_flood,budget_only_bexgov,20,0.018121199331983293,0.0026050038069150524,0.0006539283612746573,0.0,0.0005647515985505377,0.0016652777381755744,0.0007102228250561242,0.0001977157117501362,0.006828126448017096,21.458465035333163,0.0005695389341989863,0.0003920222192483801,0.020262083097927236,0.0,0.0,0.03349413787440217,0.0012065681859748973,12.139520000000001,0.7981160523855386,0.07807348350076257,0.0,0.47324126095644,0.21518,1.077017349999841,0.707285523666833,4.795428599999383,5559.212971687461,0.41526850178554425,0.01669761986872783,0.8627800680000023,0.0,0.0,45.00834,0.4053574927322109
frontier,budget_24.0_exposure_10000,default,adversarial_explanation_flood,fifo_explanation,20,0.018803066432114907,0.002840430293793353,0.0,0.0,0.0008142946637068778,0.0005550096063654198,0.004088576523280433,0.0015852753450782573,0.00962018005477638,63.93009696675709,0.00012214419955552686,0.0004494397412028123,0.023090567163839254,0.0,0.0,0.03811489231534748,0.0,12.143519999999999,0.7996054816381076,0.0,0.0,0.879827640522832,0.77975,4.540759499999885,0.7660015172932578,10.684140000000001,935.2557287850037,0.8680258539215526,0.01896363844436601,0.9739886499999917,0.0,0.0,44.98595,0.0
frontier,budget_24.0_exposure_10000,default,adversarial_explanation_flood,never_explain,20,0.02378272814398136,0.0029541975426973016,0.0,0.0,0.0,0.0,0.0,0.0,0.0,69.26778880629098,0.0,0.0005831690187595555,0.03032478897549694,0.0,0.0,0.051812666973566096,0.0,12.13921,0.7989667594981802,0.0,0.0,0.0,0.0,0.0,0.0,0.0,20077.203561809074,0.0,0.01458615384615385,0.7584799999999999,0.0,0.0,44.985879999999995,0.0
frontier,budget_24.0_exposure_10000,default,adversarial_explanation_flood,rate_limited,20,0.013855507348419515,0.001982225475328389,0.0,0.0,0.0006565772781570669,0.0011085519392907428,0.0036958319072487454,0.00039002791094668027,0.007096443120404957,45.44168479661767,0.0007447919294530833,0.0005298666951145491,0.027336449607916164,0.0,0.0,0.03739751231253643,0.0,12.13997,0.7984300390777934,0.0,0.0,0.6169548085034202,0.60671,2.538582249999979,0.8768677002563203,6.714008000000094,4180.718653507634,0.6509057332677581,0.01735413762980514,0.8949797559999993,0.0,0.0,45.00217,0.0
frontier,budget_24.0_exposure_10000,default,adversarial_explanation_flood,static_coarse_full,20,0.022124107429441688,0.002754187974892057,0.0,0.0,0.0007221377279167446,0.0014240576540664597,0.006098434370199371,0.00045418138321421444,0.01484465630869296,23.305932182487656,0.000668974225216528,0.0004791878430554191,0.024703846950141495,0.0,0.0,0.051452017728856485,0.0,12.13936,0.7984827397361924,0.0,0.0,0.5779735810335265,0.5988100000000001,2.4932232499999887,0.8843678805497847,6.4280920000001105,2874.554677520667,0.45351622934339675,0.017530114536132103,0.9038496800000002,0.0,0.0,44.99856,0.0
frontier,budget_24.0_exposure_10000,default,adversarial_explanation_flood,static_offload,20,0.020487969454959797,0.0028730467621401606,0.0,0.0,0.0006786902941516071,0.0014660126975826915,0.007989311082814308,0.00025127227963083,0.004358242609308644,23.323124944948276,0.0010812682926778327,0.0004876975015501291,0.02529847651481745,0.0008332545010917856,0.0,0.03891414784097786,0.0,12.14753,0.7990184303596638,0.0,0.0,0.5334023094626141,0.65608,2.9075575000000002,0.7519008039128547,1.8441091999998467,2849.8991288657794,0.692523262413339,0.015384405339528156,0.7980486339999999,0.45021437050585866,0.0,45.01545,0.0
frontier,budget_24.0_exposure_10000,default,adversarial_explanation_flood,threshold_explain,20,0.019815204608476515,0.002738803258719491,0.0,0.0,0.0007980559653955567,0.0015781475589737273,0.006681983419927209,0.0003685778174669616,0.016370208381085192,21.340607093543394,0.0006995668973150036,0.0004520531953449143,0.023311344951058053,0.0,0.0,0.03780145157836657,0.0,12.16014,0.80093753740873,0.0,0.0,0.5783251334053041,0.59951,2.4983687499999903,0.8843301129140426,6.442251200000113,2904.579628558336,0.45374166353963596,0.01772642151493959,0.9139588160000003,0.0,0.0,45.01415,0.0
frontier,budget_24.0_exposure_10000,default,adversarial_explanation_flood,xai_gate,20,0.023363255386723503,0.0028351580959176054,0.0011645052015058666,0.0,0.001635186541600809,0.0031685323104089173,1.753544334992342e-05,0.0019280388620897906,0.010877414350729643,64.32663090879684,0.0011378241073732639,0.0006123556545131143,0.03162031651656944,0.00031215237618449003,0.0,0.038714669506505255,0.0021978353702963318,12.14576,0.7996169228743539,0.10108416978213934,0.0,0.4305914619875124,0.35604,1.0000582999998984,0.5073146078400752,4.303048399999627,4539.64483796216,0.47205873115394403,0.016213703568891413,0.8381287910000003,0.018815301942142457,0.0,44.99382,0.42793120746934277
frontier,budget_24.0_exposure_10000,default,bursty,always_explain,20,0.016602188922263374,0.002075352962916628,0.0,0.0007972343510701956,0.0,0.0012153247813693742,0.007055930291960709,0.0,0.016602188922263374,0.0,9.11737826180009e-16,0.003835113670636047,0.1976859457892162,0.0,0.0004728816245645206,0.03234386850227772,0.0,8.737449999999999,0.1473342093360459,0.0,0.05025,1.0,0.73167,3.7134162499997294,1.0,8.737449999999999,0.0,0.8499999999999381,1.2623764851989423,64.50312445,0.0,0.16485496800272129,50.769580000000005,0.0
frontier,budget_24.0_exposure_10000,default,bursty,budget_only_bexgov,20,0.01291049407346798,0.0014860276627301726,0.0006441155774123033,0.0,0.000461862052161948,0.0,0.0006817047488627423,0.0003688829089315734,0.00601399981610569,16.669026073227425,0.0005970058906960255,0.002883480912715348,0.1495126083545771,0.0,0.00045511809106011536,0.050352561623145164,0.0018686122682794112,8.74185,0.14652521154672202,0.07736649094801265,0.0,0.3942749675707515,0.0,0.9081160000000233,0.7389498382560636,2.9093899999999513,2044.2568418554172,0.31207906061320434,1.2440743173516446,64.28913894399996,0.0,0.16236282756924073,50.83104,0.07980038734836159
frontier,budget_24.0_exposure_10000,default,bursty,fifo_explanation,20,0.01704936986370685,0.0020785534386110437,0.0,0.0,0.0009134113239152989,0.0008905436494518093,0.005137025721526788,0.0015540588399911412,0.012087119344770999,33.992365941186286,0.00013701169858761184,0.002809132049588318,0.14478314450133636,0.0,0.0004042942801330698,0.03944548445469083,0.0,8.74484,0.14821170395737954,0.0,0.0,0.7813687097242712,0.6560400000000001,2.9039867499998735,0.5665827138159032,6.83291,635.8718688549999,0.8827946935412918,1.249683488766372,64.29994945000008,0.0,0.16334126624860518,50.77369,0.0
frontier,budget_24.0_exposure_10000,default,bursty,never_explain,20,0.01968307442908882,0.0023920485288534323,0.0,0.0,0.0,0.0,0.0,0.0,0.0,47.95407788123545,0.0,0.0024444447471524675,0.12711112685192585,0.0,0.0004618726873934176,0.02623642966900873,0.0,8.74254,0.14805106467209692,0.0,0.0,0.0,0.0,0.0,0.0,0.0,10222.196670149988,0.0,1.2275676923077046,63.83352,0.0,0.15999850445514663,50.76737,0.0
frontier,budget_24.0_exposure_10000,default,bursty,rate_limited,20,0.018888106748399816,0.0020528627789267793,0.0,0.0,0.0005955178796111009,0.0030642946278574106,0.003788721830950103,0.000732349973154556,0.007974417189556465,46.82669630204336,0.0012434353520101834,0.0024283000889558488,0.1255327039116934,0.0,0.00047612358431216035,0.04459422043184737,0.0,8.72864,0.14563157083067693,0.0,0.0,0.5012178533720233,0.21583000000000002,1.2747322500001166,0.7950416961800892,3.6713196000001296,2424.3567487625864,0.6011959093046623,1.2401448700904467,64.06209257800002,0.0,0.16240915587109778,50.79367,0.0
frontier,budget_24.0_exposure_10000,default,bursty,static_coarse_full,20,0.020597043959804207,0.0024564825321702387,0.0,0.0,0.000893537030490816,0.0035669250906215097,0.004864046906099446,0.0007556161986258928,0.011802241882950003,24.959048127046533,0.0007919864237388995,0.002988044311701187,0.1546716082329219,0.0,0.0004704397072693289,0.049472246508203054,0.0,8.73943,0.14778564013117995,0.0,0.0,0.4272636236311559,0.17851,1.2152077500000966,0.8133771447360573,3.286618800000057,1415.9986771856727,0.3232706579455192,1.2403338108524902,64.037253854,0.0,0.16233836838377658,50.7611,0.0
frontier,budget_24.0_exposure_10000,default,bursty,static_offload,20,0.021021964828796442,0.0023222987964053705,0.0,0.0,0.0009111603250358261,0.0029179238531242655,0.00448329219121507,0.0005565069459347069,0.003554397376888786,38.6698334309466,0.0014341335641852692,0.0026930390498817102,0.13977642081784147,0.0010968417615257707,0.0005423883737775725,0.03594552449717278,0.0,8.73015,0.14598494020108727,0.0,0.0,0.39878493408701343,0.29064,1.408076500000036,0.696597276826565,1.1449651999999586,1366.663310380068,0.4789077022835503,1.2322334353043212,63.924008012000044,0.2924551325905188,0.16118243708713825,50.78673,0.0
frontier,budget_24.0_exposure_10000,default,bursty,threshold_explain,20,0.015516187717077232,0.0020556758533250576,0.0,1.96e-05,0.0006788757595988434,0.0031711188196630307,0.0031158476893487826,0.0006722158486841983,0.006979791135326348,25.46404507260764,0.0006297050011098365,0.003494560540858793,0.18174501066131055,0.0,0.0005438016136133202,0.03252961725598768,0.0,8.73407,0.14591826668519664,0.0,1e-05,0.4278452535126121,0.17875000000000002,1.2172217500000984,0.8139483382115239,3.2903900000000568,1392.2908110913381,0.32383085475880913,1.239974921634787,64.01836587200002,0.0,0.16281291938438805,50.8127,0.0
frontier,budget_24.0_exposure_10000,default,bursty,xai_gate,20,0.018290333894451612,0.0024751992368613617,0.00040230194546177336,0.0,0.0014257203329490693,0.002994643834722605,2.428569089618216e-05,0.0018279707702417603,0.007032022600616708,8.97837464512379,0.001139111035526919,0.00210660948749719,0.10920466840261761,0.00038954899470455666,0.0005202370305279157,0.037835839187733124,0.002289267263347197,8.729940000000001,0.14578509780921048,0.04705564288955856,0.0,0.5609392913353372,0.06389,1.0000635999998695,0.6731516182109128,3.1283625999996585,276.72112308033854,0.6035083737223783,1.2388720325521363,64.080160998,0.15171341469483654,0.16181605452367107,50.794619999999995,0.6005528313261423
frontier,budget_24.0_exposure_10000,default,poisson,always_explain,20,0.017263323277064056,0.0012382851332174137,0.0,0.0,0.0,0.0013478474097612066,0.007336912392751576,0.0,0.017263323277064056,0.0,1.3827504159101802e-15,0.0004931419513341099,0.025422016192233214,0.0,0.0,0.03713659511292117,0.0,6.74165,0.0018051679114158726,0.0,0.0,1.0,0.6503300000000001,2.865201249999874,1.0,6.74165,0.0,0.8499999999999627,0.017149442765814756,0.8838426500000001,0.0,0.0,44.96581,0.0
frontier,budget_24.0_exposure_10000,default,poisson,budget_only_bexgov,20,0.014339996163840104,0.001363802969267156,0.0004494956836074839,0.0,0.0010062984250455086,0.0,0.003357321934884014,0.0008619528519530759,0.008286259877809806,2.633461150292194,0.000870159511373414,0.0005200103182493943,0.02696803915290502,0.0,0.0,0.048255573537397276,0.0,6.75605,0.0026191203729088565,0.07041017867289016,0.0,0.36608267322836213,0.0,0.6993697500000333,0.7384759785396859,2.080196000000067,14.488699352100014,0.27750640519334546,0.015602400355599209,0.809101394,0.0,0.0,45.00759,0.0
frontier,budget_24.0_exposure_10000,default,poisson,fifo_explanation,20,0.018529033596295045,0.0018423970486973005,0.0,0.0,0.0002819923095194038,0.0013507245151360354,0.007672444092150746,0.0007591251546606908,0.018052809628595665,0.0029297907751959862,4.2298846427768906e-05,0.0004841444215618021,0.02495630329479276,0.0,0.0,0.03486203279636364,0.0,6.75694,0.0028121845149143066,0.0,0.0,0.9945058553000686,0.65005,2.8559192499998725,0.9849429226282886,6.71981,0.029030628333333336,0.8508241217049513,0.017484573617213475,0.9012915999999993,0.0,0.0,45.0161,0.0
frontier,budget_24.0_exposure_10000,default,poisson,never_explain,20,0.015002916798234176,0.001162056120139782,0.0,0.0,0.0,0.0,0.0,0.0,0.0,36.93955755935425,0.0,0.00029040209885968535,0.015100909140703729,0.0,0.0,0.03206067976020333,0.0,6.74516,0.0017213042519365063,0.0,0.0,0.0,0.0,0.0,0.0,0.0,5450.0650610702705,0.0,0.014794999999999997,0.76934,0.0,0.0,44.98979,0.0
frontier,budget_24.0_exposure_10000,default,poisson,rate_limited,20,0.016720571005107508,0.0008607793019675878,0.0,0.0,0.0004970068602359686,0.0,0.0034904239151956245,0.0007590367018512043,0.009258255016378959,0.004348131656545222,0.0005421893020753109,0.0004307588710871056,0.02230384258479995,0.0,0.0,0.050547525010283624,0.0,6.7357,0.0009863305160580538,0.0,0.0,0.5875781302452661,0.0,0.9686187500000774,0.81086779022821,3.099116800000136,0.15399799300000006,0.40008523299485,0.015753731312272035,0.8158391899999987,0.0,0.0,45.00206,0.0
frontier,budget_24.0_exposure_10000,default,poisson,static_coarse_full,20,0.013770815055494432,0.0012169489566627792,0.0,0.0,0.0008684965799626551,0.0,0.0027736587119436117,0.0006680040434719722,0.006959134130658463,0.31296403252227606,0.0006891005079210517,0.00042211217917480855,0.021879352987052413,0.0,0.0,0.05146949314936623,0.0,6.76343,0.002583893773277024,0.0,0.0,0.3847038346141258,0.0,0.8195235000000431,0.7858375705876697,2.257352400000058,3.9619843653333353,0.28729119208451703,0.015526446919719022,0.8049331939999991,0.0,0.0,45.0105,0.0
frontier,budget_24.0_exposure_10000,default,poisson,static_offload,20,0.016585023001174093,0.0013964615702342117,0.0,0.0,0.0007868149974082633,0.0,0.004842221922719578,0.0007817205995445569,0.002156910110682404,0.24126335085038228,0.001420007609775786,0.0006126494913354781,0.03182162646887665,0.001170382599963002,0.0,0.043651333745970425,0.0,6.760810000000001,0.002368420253147108,0.0,0.0,0.3601325509581471,0.0,0.947356500000016,0.674844580181061,0.8381579999999973,3.7884854650000124,0.42031181684492525,0.015130836761814934,0.7859333019999994,0.25027065616335176,0.0,45.025760000000005,0.0
frontier,budget_24.0_exposure_10000,default,poisson,threshold_explain,20,0.0165218503816517,0.001519623469025764,0.0,0.0,0.0008353387311415307,0.0,0.0021041300730496463,0.0007668177724971571,0.005272294711937099,0.42486525517284435,0.0007050954233752153,0.0004435249265252042,0.022989399848273445,0.0,0.0,0.04507183162151191,0.0,6.74639,0.0021413809346575554,0.0,0.0,0.38495754380492175,0.0,0.8180372500000432,0.7858816104522711,2.2531832000000565,3.7676670736666678,0.2874884983926964,0.015632180366169746,0.8104320899999988,0.0,0.0,44.98559,0.0
frontier,budget_24.0_exposure_10000,default,poisson,xai_gate,20,0.013491056993899015,0.0009513149505617199,0.00042269589504189607,0.0,0.00017807862384334073,0.0,0.001376151763191531,0.0003269383958764725,0.006209303926201176,0.006747663453993672,0.000381356241098946,0.0003769739809650557,0.019536404218797373,0.0003139337633306249,0.0,0.034473760839712486,0.0008193089011853405,6.74254,0.001408449239961773,0.017156424433597866,0.0,0.6383886157675842,0.0,0.8182926999998716,0.7428214942464075,2.8998877999997137,0.20791117063333378,0.6753253304559156,0.0153953532620407,0.7975668630000009,0.1466119392789245,0.0,44.96519,0.7803999005131509
frontier,budget_24.0_exposure_18000,default,adversarial_explanation_flood,always_explain,20,0.024711279016249862,0.00301294157673011,0.0,0.0001712824936518001,0.0,0.0010192297566506304,0.005834607545506385,0.0,0.024711279016249862,0.0,1.7043349699411704e-15,0.0004383488833730327,0.022417293650971882,0.0,0.0,0.042201061459436535,0.0,12.14512,0.7992961993690034,0.0,0.00067,1.0,0.65059,2.867597777777724,1.0,12.14512,0.0,0.849999999999984,0.020023996924434937,1.0247671000000007,0.0,0.0,44.99947,0.0
frontier,budget_24.0_exposure_18000,default,adversarial_explanation_flood,budget_only_bexgov,20,0.017377571969215477,0.0019883197863127208,0.0006321537395295148,0.0,0.0006157400597075133,0.0,0.0005188764463540262,0.00022833505678096665,0.008830385179656043,29.915576584277304,0.000681732155818517,0.00034037938683100183,0.017581366451098188,0.0,0.0,0.03686755749738726,0.001802684282664813,12.14628,0.7994305924465668,0.14051016210198283,0.0,0.5102162931270452,0.0,0.9181258055555899,0.7736879340103202,5.344926799999909,4631.422075411785,0.4235146866610533,0.016561217984803665,0.8551257100000008,0.0,0.0,45.00044,0.1408682015465386
frontier,budget_24.0_exposure_18000,default,adversarial_explanation_flood,fifo_explanation,20,0.019452879042445085,0.002552078369849578,0.0,0.0,0.0007937804242922918,0.0007688440318186529,0.0027455807248484817,0.0014947746581872603,0.011628341893476439,56.16916925480541,0.00011906706364386624,0.0003550861657310455,0.01823750122816252,0.0,0.0,0.03937171602436399,0.0,12.14178,0.8015022097715857,0.0,0.0,0.879977895998986,0.60422,2.5227149999999368,0.7666013946632659,10.68444,921.9702662733373,0.868003315600129,0.018461711049959355,0.9481927499999923,0.0,0.0,44.93208,0.0
frontier,budget_24.0_exposure_18000,default,adversarial_explanation_flood,never_explain,20,0.02324887020575854,0.0028292074789460124,0.0,0.0,0.0,0.0,0.0,0.0,0.0,51.69322450915185,0.0,0.0003317010881704935,0.017248456584865787,0.0,0.0,0.04183995020979262,0.0,12.15214,0.8009058810805044,0.0,0.0,0.0,0.0,0.0,0.0,0.0,20067.70833912906,0.0,0.01447903846153846,0.75291,0.0,0.0,44.98525,0.0
frontier,budget_24.0_exposure_18000,default,adversarial_explanation_flood,rate_limited,20,0.020924087236635136,0.002407045668774106,0.0,0.0,0.0007351243112572702,0.001193230092956444,0.002657252784299299,0.0004200141981014244,0.009199559139730347,55.80012543986243,0.0011449364175242659,0.0005989457877726918,0.03090107402233492,0.0,0.0,0.03374757190598302,0.0,12.168890000000001,0.803198893571531,0.0,0.0,0.6163712040814459,0.29329,1.4143920833333208,0.8764744363031548,6.728054400000106,4211.357937536633,0.6526979981899443,0.017648660664831763,0.9101567939999992,0.0,0.0,44.989940000000004,0.0
frontier,budget_24.0_exposure_18000,default,adversarial_explanation_flood,static_coarse_full,20,0.027383979288551026,0.0025929318983784156,0.0,0.0,0.0008316138355724451,0.003125925924299955,0.004390580093276681,0.00037612209984837046,0.019308301303113142,30.13411495691704,0.0007441111589601919,0.00046987708577689145,0.024213452837466308,0.0,0.0,0.056260899629756105,0.0,12.15791,0.8003188732180295,0.0,0.0,0.5792340468579378,0.281,1.390942361111103,0.8848398455524418,6.453427600000109,2880.2127312550015,0.454598330151072,0.01733135943856325,0.8935718580000002,0.0,0.0,45.021159999999995,0.0
frontier,budget_24.0_exposure_18000,default,adversarial_explanation_flood,static_offload,20,0.022145169367321922,0.0031685698576359844,0.0,0.0,0.0007602461818737937,0.001994861649865787,0.004354385435623435,0.0002257017681846981,0.003854184234725049,24.576434706350167,0.0011467996778920897,0.00042041495778897154,0.021807786960593722,0.0008459476320097591,0.0,0.032537098675172314,0.0,12.15259,0.8011263071990928,0.0,0.0,0.5330227039610073,0.38019,1.6145325,0.7518074321232693,1.8440891999998477,2858.5774317554487,0.6919339548407022,0.015006126794537075,0.7784234619999999,0.4497843527475641,0.0,44.98148,0.0
frontier,budget_24.0_exposure_18000,default,adversarial_explanation_flood,threshold_explain,20,0.023718939391571724,0.0026546381168526304,0.0,0.0,0.0006162167773594562,0.0025103629999621464,0.0038305262340311403,0.00041717502556148727,0.016352061701206726,30.036868987198158,0.0005905961272376232,0.00045657134132466706,0.023540730425514664,0.0,0.0,0.04218486275820329,0.0,12.168420000000001,0.8020983803617329,0.0,0.0,0.5787815446848197,0.28226,1.3913633333333273,0.8848150721636193,6.45462120000011,2892.4178585423365,0.45428575982966785,0.01760174014910868,0.9075465280000007,0.0,0.0,45.015660000000004,0.0
frontier,budget_24.0_exposure_18000,default,adversarial_explanation_flood,xai_gate,20,0.019668737363483357,0.0030503535284403683,0.0018810463873131186,0.0,0.00016194871052514512,0.0,0.000895091677019947,0.00043264533362015294,0.009919743010725688,14.164313748707116,0.0002823709024374333,0.00043732826176273086,0.02255311269237054,0.0004592983260455216,0.0,0.02837675425510714,0.0013754418386760523,12.1399,0.8001270867601524,0.1659959078244045,0.0,0.6845745806536959,0.0,0.9677237777779315,0.8093474669584377,6.852582599999245,984.5529258275805,0.6536317483070007,0.017324907210237158,0.8929827470000005,0.03732179047767652,0.0,44.95949,0.6200142007869863
frontier,budget_24.0_exposure_18000,default,bursty,always_explain,20,0.013859479645734328,0.0019287802510329407,0.0,0.0010527206297069162,0.0,0.0006702723405648789,0.003272377138575334,0.0,0.013859479645734328,0.0,1.279691349747729e-15,0.0026570218193803195,0.13690449473524316,0.0,0.0007154987696165955,0.04089529450589906,0.0,8.71812,0.14503076534317044,0.0,0.04963,1.0,0.5141,2.0584449999998546,1.0,8.71812,0.0,0.8499999999999399,1.259971341148663,64.3828665,0.0,0.16495405889098652,50.759280000000004,0.0
frontier,budget_24.0_exposure_18000,default,bursty,budget_only_bexgov,20,0.02054993010227586,0.0027088931886820157,0.0004172672223860242,0.0,0.0009009514995350517,0.0,0.0027937908595958264,0.0006437819104018676,0.01306822578250073,23.471717835841954,0.0007916808580308504,0.0026526529256055307,0.13761851531224303,0.0,0.00041757424117822706,0.03723505243588567,0.0,8.735330000000001,0.14743832923473926,0.09013842086374392,0.0,0.4028656535764716,0.0,0.5652116944444869,0.7595999447440487,2.9937206000001173,2000.048194938277,0.31050613538182026,1.2390354672034296,64.013052493,0.0,0.16270109793222,50.75272,0.0
frontier,budget_24.0_exposure_18000,default,bursty,fifo_explanation,20,0.018331502399392872,0.0023317021686836037,0.0,0.0,0.000662184340114522,0.0016035475828694056,0.0030657248766104957,0.0010716115700941241,0.012984246536233241,46.74875055654419,9.932765101751105e-05,0.004048768257679522,0.2090658518080139,0.0,0.0004298096960549891,0.03017549530902941,0.0,8.74043,0.14750430612013654,0.0,0.0,0.7812035888145891,0.38052,1.612173749999932,0.566780624710771,6.82803,621.1596778150013,0.8828194616777457,1.250342289137852,64.33555325000012,0.0,0.16305339433037186,50.77937,0.0
frontier,budget_24.0_exposure_18000,default,bursty,never_explain,20,0.019839087407704167,0.0022429078175795454,0.0,0.0,0.0,0.0,0.0,0.0,0.0,56.21155154286403,0.0,0.0032383904279824267,0.1683963022550895,0.0,0.0004037922160349664,0.05236553759177704,0.0,8.73066,0.14641726907549354,0.0,0.0,0.0,0.0,0.0,0.0,0.0,10184.871953310005,0.0,1.2271657692307822,63.81262,0.0,0.16015039647556534,50.77066,0.0
frontier,budget_24.0_exposure_18000,default,bursty,rate_limited,20,0.020439530434404534,0.0024655233864100184,0.0,0.0,0.0008259821002699353,0.0,0.0021390428343008483,0.0010032806560433662,0.0086105017309651,46.46580573069758,0.0011975313616952527,0.0031751362441432935,0.1640364932195684,0.0,0.0004919856120341345,0.044156319424802894,0.0,8.75,0.1482692864464496,0.0,0.0,0.5008009522763239,0.0,0.7098802777778432,0.7944630196422601,3.6784348000001303,2456.81185789892,0.6020801460057518,1.2414715493986863,64.130612238,0.0,0.1624872750608241,50.80108,0.0
frontier,budget_24.0_exposure_18000,default,bursty,static_coarse_full,20,0.020433255914086002,0.0023534946685648058,0.0,1.96e-05,0.001016522664965551,0.0,0.0024144309940113285,0.0008273700442963154,0.010128057144240112,33.42630717651858,0.0009060423201988786,0.003672665091399459,0.19093864801421498,0.0,0.0004985760093398918,0.040757612214032735,0.0,8.74042,0.14763480628791395,0.0,1e-05,0.4268414869714152,0.0,0.6747018055556097,0.8133699650076738,3.2841056000000597,1422.2451934383382,0.3229873466034142,1.242151984017674,64.131666776,0.0,0.16215647064767932,50.773450000000004,0.0
frontier,budget_24.0_exposure_18000,default,bursty,static_offload,20,0.015733925901894867,0.002177745321109898,0.0,0.0,0.0009908533351929746,0.0,0.00295180442649778,0.0004510998917256882,0.0036465611007919976,23.461243664896866,0.0013820029369087457,0.002008694339670564,0.1042080921479229,0.0009703272176802914,0.0003791390732722785,0.03758427963374273,0.0,8.732240000000001,0.1467292588948898,0.0,0.0,0.3989257494177081,0.0,0.7832661111111313,0.6968647470138716,1.1447103999999595,1360.9037085944008,0.47931360993977085,1.2321405931481237,63.91961807000003,0.29282749272341296,0.16085671135452367,50.76618,0.0
frontier,budget_24.0_exposure_18000,default,bursty,threshold_explain,20,0.017957108827425395,0.0023883579464896725,0.0,0.0,0.000594628534612357,0.0,0.0017399134479231069,0.0003532085548240824,0.007854876972549765,25.06064452240415,0.0004630866532985479,0.0018728681075271113,0.09759571005484936,0.0,0.000589520045898761,0.02990366411402146,0.0,8.72432,0.14537295558653737,0.0,0.0,0.4272545363533379,0.0,0.6743044444444981,0.8135721339026201,3.281659600000058,1389.664711431339,0.3233358961378043,1.2405702306321837,64.050019108,0.0,0.16270349427813052,50.78014,0.0
frontier,budget_24.0_exposure_18000,default,bursty,xai_gate,20,0.02051868986809716,0.0023901214873644316,0.001539882537338216,0.0,0.0005089153259702848,0.0,0.0016672266649423756,0.00047662523439499397,0.012644906866709459,2.3852972359068696,0.0005210723455754139,0.0027819326730823112,0.1444377431772018,0.0007340912137345672,0.00039961037838043956,0.04864290807650113,0.001132591357586546,8.72818,0.1465437524190612,0.05891812830501721,0.0,0.6155536653273497,0.0,0.8493081666666183,0.7623863524251936,2.9170753999999413,81.10017361603425,0.7097878478215045,1.2334548439565869,63.861830378,0.27342456690439587,0.16150353117782779,50.75064,0.466473270340125
frontier,budget_24.0_exposure_18000,default,poisson,always_explain,20,0.012699430855377988,0.001062452080510344,0.0,0.0,0.0,0.0018029476940189968,0.0029984767297415254,0.0,0.012699430855377988,0.0,1.1681041380700349e-15,0.0006179245619328665,0.03186416066057281,0.0,0.0,0.04003315284258658,0.0,6.753279999999999,0.001791548669230514,0.0,0.0,1.0,0.37337,1.5945244444443696,1.0,6.753279999999999,0.0,0.84999999999996,0.017542105267818346,0.90411915,0.0,0.0,45.001940000000005,0.0
frontier,budget_24.0_exposure_18000,default,poisson,budget_only_bexgov,20,0.017234558446636405,0.0016330832730079132,0.0006705298100372362,0.0,0.0007557475627833797,0.0,0.0013814449339712665,0.0005798783419081984,0.006943586921386395,1.8977523717061104,0.0006260173825449928,0.0003065286537186337,0.015889665746273235,0.0,0.0,0.03902953747423398,0.0,6.75082,0.002790402588112162,0.07014357621547143,0.0,0.3660219249507587,0.0,0.38861977777779666,0.7388428545353702,2.079097400000066,13.203858154033364,0.277517638708644,0.015330898006243782,0.7949885769999998,0.0,0.0,44.9615,0.0
frontier,budget_24.0_exposure_18000,default,poisson,fifo_explanation,20,0.017678892925329412,0.0009346679854843817,0.0,0.0,0.00033020300003407625,0.0020305040390581775,0.003987878371969236,0.0008620209583203989,0.01688983781069487,0.0028275013698254824,4.9530450005155455e-05,0.0005889315096472657,0.030355694046989366,0.0,0.0,0.03859996242496117,0.0,6.73989,0.001526764042958928,0.0,0.0,0.9946736178137146,0.36785,1.5828841666665974,0.9852106081102608,6.70398,0.027279378333333337,0.8507989573279049,0.017365863126622364,0.8951186999999996,0.0,0.0,44.972429999999996,0.0
frontier,budget_24.0_exposure_18000,default,poisson,never_explain,20,0.013518939083569489,0.0006699024206889234,0.0,0.0,0.0,0.0,0.0,0.0,0.0,41.94407379153599,0.0,0.00044516960278580356,0.0231488193448619,0.0,0.0,0.05531690500997027,0.0,6.742869999999999,0.0010514001655871131,0.0,0.0,0.0,0.0,0.0,0.0,0.0,5438.590613160268,0.0,0.014716730769230768,0.76527,0.0,0.0,45.01133,0.0
frontier,budget_24.0_exposure_18000,default,poisson,rate_limited,20,0.016806673530663806,0.001508759573958193,0.0,0.0,0.0004606199263373761,0.0,0.001211276953860096,0.0007022667974471567,0.006478543648640395,0.006917402855850416,0.0005050014490037333,0.00045638329062845363,0.023633890355444477,0.0,0.0,0.03212868621095647,0.0,6.75902,0.0029830205891558602,0.0,0.0,0.5872549467797137,0.0,0.5391518055555984,0.8103354401641353,3.106962800000137,0.16297714333333346,0.3997382025385995,0.016262957321147724,0.8421979479999987,0.0,0.0,45.0024,0.0
frontier,budget_24.0_exposure_18000,default,poisson,static_coarse_full,20,0.01304272749357202,0.0014098026715974213,0.0,0.0,0.0011555673701823836,0.0,0.0019530217891172586,0.0008829645496603565,0.008500572404619978,0.20414825486944557,0.0009679446001234006,0.000499870753816866,0.025920138304213976,0.0,0.0,0.04511615781503976,0.0,6.74797,0.0016441834037043911,0.0,0.0,0.3846056981679435,0.0,0.45383638888891253,0.7853842093916661,2.250971600000057,3.676696455000001,0.28714368218671626,0.015852363637663368,0.8218628759999991,0.0,0.0,45.01881,0.0
frontier,budget_24.0_exposure_18000,default,poisson,static_offload,20,0.013736963407958103,0.0010486378138720828,0.0,0.0,0.0007109433733437305,0.0,0.0016796784001799035,0.0005091883852702696,0.0022082817915557553,0.2375578867189346,0.0010160777321007956,0.0005641710515949,0.02930445206398795,0.00079642190666543,0.0,0.04143632648013586,0.0,6.74118,0.0014396784465457002,0.0,0.0,0.3599217566199345,0.0,0.5234905555555647,0.6742199681555969,0.8369911999999966,3.555896825666678,0.419492833607352,0.014758717299676118,0.7666078779999994,0.2494730706271025,0.0,44.9841,0.0
frontier,budget_24.0_exposure_18000,default,poisson,threshold_explain,20,0.01399588227444054,0.001290736748802454,0.0,0.0,0.0008125293802692499,0.0,0.0013787783203352021,0.0006687262481227542,0.005923533515594433,0.20009939389861817,0.0006895761461581071,0.0005270819442518137,0.027334083664000842,0.0,0.0,0.05109690085310028,0.0,6.75368,0.0017702592069451018,0.0,0.0,0.38492519161330724,0.0,0.4550651388889131,0.7861046679425379,2.2557536000000558,3.6503738913333357,0.2874996645324164,0.015553371765482979,0.8063479419999989,0.0,0.0,45.00951,0.0
frontier,budget_24.0_exposure_18000,default,poisson,xai_gate,20,0.020427741115505313,0.001352220485061576,0.0,0.0,0.00031040636577703447,0.0,0.0010675473666001951,0.00031559147950457786,0.010109093111339437,0.004414862896436414,0.0008127490956358423,0.0004219222722148531,0.021866116871833388,0.0008880108749940398,0.0,0.05119666520027943,0.0008392306153385093,6.74127,0.0017084644011304718,0.0,0.0,0.6723394986059927,0.0,0.6477848611110462,0.778952830043926,2.631419399999708,0.10019941313333343,0.7679632069559392,0.015871957429400042,0.822593305000001,0.26419307538870174,0.0,45.01162,0.6737034329094199
frontier,budget_24.0_exposure_26000,default,adversarial_explanation_flood,always_explain,20,0.018418465406102306,0.002352535061871659,0.0,0.00012907522082715545,0.0,0.0011093268285909163,0.0030107106913819224,0.0,0.018418465406102306,0.0,1.6232619802063892e-15,0.0005872187435913736,0.030041003523621546,0.0,0.0,0.035142030478556456,0.0,12.126650000000001,0.797672146326174,0.0,0.00056,1.0,0.49616,1.9822408653845738,1.0,12.126650000000001,0.0,0.8499999999999822,0.019788765380733046,1.0127479000000001,0.0,0.0,44.97168,0.0
frontier,budget_24.0_exposure_26000,default,adversarial_explanation_flood,budget_only_bexgov,20,0.020633897703383267,0.002355173572086499,0.0005025078282386273,0.0,0.0005183908463691852,0.0,0.0019888817393753223,0.00036292049433622747,0.01226095504222104,26.574083034842264,0.0004520806829361575,0.0004538008665031247,0.023423728107675103,0.0,0.0,0.03958401492692154,0.0,12.14826,0.8005178778779533,0.1741545943998232,0.0,0.5301413205266645,0.0,0.7536498076923472,0.8089726983241491,5.639106600000214,4505.610515749946,0.42811625443995016,0.017128418576124946,0.884069155,0.0,0.0,44.98057,0.0
frontier,budget_24.0_exposure_26000,default,adversarial_explanation_flood,fifo_explanation,20,0.022394867260625912,0.0028396308845212033,0.0,0.0,0.0010921829532403217,0.0008210357515133915,0.0017218904008097994,0.0022050103302479174,0.010533917746123885,64.8038832077172,0.00016382744298574646,0.0003580879021348811,0.01838897044943329,0.0,0.0,0.046596195289992884,0.0,12.13775,0.7986203345950851,0.0,0.0,0.8806685902199816,0.4279,1.747277980769189,0.7676678658409155,10.68923,903.0890648966708,0.8678997114669806,0.018692781311309678,0.9600735999999926,0.0,0.0,44.98913,0.0
frontier,budget_24.0_exposure_26000,default,adversarial_explanation_flood,never_explain,20,0.02146342296652616,0.003031369965764913,0.0,0.0,0.0,0.0,0.0,0.0,0.0,53.75759998481163,0.0,0.00038739705122848716,0.020144646663881494,0.0,0.0,0.02761280534671898,0.0,12.15108,0.8008567389569553,0.0,0.0,0.0,0.0,0.0,0.0,0.0,20087.559392149065,0.0,0.014763653846153846,0.76771,0.0,0.0,44.982600000000005,0.0
frontier,budget_24.0_exposure_26000,default,adversarial_explanation_flood,rate_limited,20,0.02283453349275129,0.0028300560940968866,0.0,0.0,0.0007554851328787766,0.0,0.0023461855282071163,0.00046187040511747176,0.011720977421950527,63.20617694020238,0.0013697616744197637,0.00041458030656432254,0.02139131696744443,0.0,0.0,0.036801504343965924,0.0,12.1516,0.8006814689882503,0.0,0.0,0.6168165687996962,0.0,0.9778185576922983,0.8767535467392354,6.721185600000098,4214.4349775523,0.651730089968986,0.017132411500960863,0.8835826419999993,0.0,0.0,44.98885,0.0
frontier,budget_24.0_exposure_26000,default,adversarial_explanation_flood,static_coarse_full,20,0.01690004784521412,0.001913028909656429,0.0,0.0,0.0006958873238965084,0.0,0.001968000784057732,0.00031740479128096206,0.012439001755544915,25.86602792487916,0.0006142743432463855,0.0005038912301704872,0.02599876998425181,0.0,0.0,0.0390663591216685,0.0,12.16789,0.8030243782879023,0.0,0.0,0.5778283358129992,0.0,0.9607744230769194,0.8843027402690465,6.441048400000109,2904.2792544376694,0.4533680278063875,0.017113651506145487,0.8823409800000004,0.0,0.0,44.990660000000005,0.0
frontier,budget_24.0_exposure_26000,default,adversarial_explanation_flood,static_offload,20,0.025373516533914654,0.002992369608616345,0.0,0.0,0.0005175653044085191,0.0020349055066642852,0.002809217094940041,0.00017558491205130718,0.004040988967102009,31.725022249111134,0.0008251330244498439,0.0004292696687020181,0.02227116981365627,0.0006261777056557364,0.0,0.034636009143511975,0.0,12.172709999999999,0.8013325172895325,0.0,0.0,0.5344195376959953,0.1086,1.1227303846153844,0.7520331532517082,1.8514799999998481,2849.8945217727824,0.6938385078681146,0.015719753577335474,0.8154431580000002,0.451066778072284,0.0,45.050650000000005,0.0
frontier,budget_24.0_exposure_26000,default,adversarial_explanation_flood,threshold_explain,20,0.028238336380847478,0.003676324662088536,0.0,0.0,0.0005877003201339165,0.0,0.002348145691323673,0.00035981507925418203,0.015447533771117627,37.633724823658895,0.0005574230899641147,0.00038145273202927065,0.019690691002307404,0.0,0.0,0.03912198141360299,0.0,12.14475,0.7987205186379562,0.0,0.0,0.5785883347726365,0.0,0.9606874038461495,0.8846415078438286,6.4387464000001104,2870.422838487335,0.45406121513778946,0.017407411112703546,0.8975480420000002,0.0,0.0,45.0125,0.0
frontier,budget_24.0_exposure_26000,default,adversarial_explanation_flood,xai_gate,20,0.026989799312995742,0.0032712599394623108,0.0028914631127249894,0.0,0.00038050164053275574,0.0,0.003523806386335082,0.00024131718761023077,0.021429741606678553,5.999817719165992,0.000495664300076852,0.00044002023441680374,0.02269695916156006,0.00040985609379493585,0.0,0.03997740013125812,0.0028204905113255203,12.14817,0.799985522606863,0.1911705788140152,0.0,0.7257766514236175,0.0,0.8629612884616138,0.873644697532866,7.338368399999682,362.27670344228034,0.6945474596102639,0.0174005684434916,0.896427414,0.055360452092966285,0.0,44.99349,0.4969060750834398
frontier,budget_24.0_exposure_26000,default,bursty,always_explain,20,0.01690145772498559,0.0023367106421439926,0.0,0.0009535545511952961,0.0,0.0015815774004721364,0.002762738281968161,0.0,0.01690145772498559,0.0,1.1229612209867492e-15,0.002972075712234235,0.15369667195043096,0.0,0.0006341048485218209,0.04909663874990778,0.0,8.74532,0.14858256633252684,0.0,0.05023,1.0,0.29995,1.4295234615383579,1.0,8.74532,0.0,0.8499999999999384,1.2617150623411924,64.4679092,0.0,0.16518728971485838,50.760239999999996,0.0
frontier,budget_24.0_exposure_26000,default,bursty,budget_only_bexgov,20,0.013919440108522172,0.0018103797499100136,0.0005854241648404968,0.0,0.0006459581425318609,0.0,0.0009734905768473022,0.0005120239935961809,0.006387854286278831,27.28578789316647,0.000538469020055839,0.002465804958767483,0.12838470396742666,0.0,0.00043472251697188345,0.04119492402568679,0.0,8.73318,0.14629075748936626,0.08929869340316958,0.0,0.4017167550152682,0.0,0.3903188461538756,0.7594465804711741,2.9848166000001215,2018.8363657722762,0.3095619276912032,1.2383105407353694,63.978533388999985,0.0,0.16266740504037405,50.79103,0.0
frontier,budget_24.0_exposure_26000,default,bursty,fifo_explanation,20,0.01637461419688545,0.0019493876769665203,0.0,0.0,0.0010272548263969806,0.0017885356809706824,0.001959604555210374,0.0014765231701707924,0.011988169043642458,38.22254512049352,0.0001540882239593895,0.0035746584248838665,0.1844265405018823,0.0,0.00042113579495149325,0.03804377458676295,0.0,8.731959999999999,0.14709645091143125,0.0,0.0,0.7817965888475844,0.10307,1.115883269230721,0.5663667927463159,6.82658,575.0897995416665,0.8827305116727958,1.2517618723241988,64.40801530000007,0.0,0.16288344779088726,50.748180000000005,0.0
frontier,budget_24.0_exposure_26000,default,bursty,never_explain,20,0.014564136270774177,0.0019230563206698978,0.0,0.0,0.0,0.0,0.0,0.0,0.0,39.67453088900935,0.0,0.003196969872087646,0.16624243334856062,0.0,0.0004444404778001232,0.05295422512766623,0.0,8.72788,0.14641156243167672,0.0,0.0,0.0,0.0,0.0,0.0,0.0,10175.68693698001,0.0,1.2273063461538587,63.81993,0.0,0.15990744672244236,50.75492,0.0
frontier,budget_24.0_exposure_26000,default,bursty,rate_limited,20,0.014812546994178184,0.0019440470289659633,0.0,0.0,0.000824669517808443,0.0,0.001458354572455117,0.000876108399218519,0.008976255077333618,42.23013094402522,0.0011248248373411974,0.0027561482865677213,0.1427127726848687,0.0,0.00034576590543247037,0.03547994257824802,0.0,8.72489,0.1458012300739034,0.0,0.0,0.5009295981962653,0.0,0.48907586538465997,0.794710093960793,3.665410800000127,2394.4441211139224,0.6003933066665288,1.2406266050078953,64.08825194600001,0.0,0.16205941068651414,50.76448,0.0
frontier,budget_24.0_exposure_26000,default,bursty,static_coarse_full,20,0.018469996547687283,0.0022366168500215413,0.0,0.0,0.0006152481073032691,0.0,0.001400403438937412,0.000680389578065803,0.008614706616408155,29.085623816552985,0.0005843521302580411,0.0028238597895541982,0.14667699416526722,0.0,0.0005256791187887785,0.04740012543620957,0.0,8.73997,0.14768543409175336,0.0,0.0,0.4275485483365933,0.0,0.4678339423077298,0.8135068145734783,3.2893364000000567,1413.8415157516738,0.3235165905402341,1.24173581740712,64.10854827800003,0.0,0.16269234871960334,50.7687,0.0
frontier,budget_24.0_exposure_26000,default,bursty,static_offload,20,0.016250042479361446,0.002094030150469805,0.0,0.0,0.0006242807773440891,0.0,0.001482210578747418,0.0005296966431016821,0.003255540599301711,25.846360698003295,0.0010739106934084216,0.0023154458118555222,0.1204630497614301,0.0008836066980281871,0.00038114616586261174,0.031532811067905196,0.0,8.75819,0.14922381241338983,0.0,0.0,0.3976045160589165,0.0,0.5407480769230908,0.6958329323692917,1.1477335999999598,1426.2543876477362,0.4768655255466247,1.232240983611122,63.923985690000016,0.2908796906092254,0.16119349801530383,50.806439999999995,0.0
frontier,budget_24.0_exposure_26000,default,bursty,threshold_explain,20,0.014970194780155401,0.002125817894058674,0.0,0.0,0.0009314652777898473,0.0,0.001647325862517157,0.000508448583862664,0.010777456567503552,16.80998677539605,0.0007663841459995409,0.0029624264823552866,0.15353547350995372,0.0,0.000331890513633892,0.04975349389003024,0.0,8.74142,0.14689915662065894,0.0,0.0,0.4268959905983086,0.0,0.4667677884615761,0.8129411860714978,3.2835284000000593,1417.904273922672,0.32290175683561795,1.2424591962393359,64.14765045600001,0.0,0.16263567496820405,50.81209,0.0
frontier,budget_24.0_exposure_26000,default,bursty,xai_gate,20,0.01715415882206505,0.0023143024261165998,0.0005886701964991643,0.0,0.0003580221427417553,0.0,0.000583791988611327,0.0002824158194148284,0.008663288698530882,0.6122867354057564,0.0007314350664136094,0.0018778988504944685,0.09767070389487242,0.0008877868700429327,0.00041824845980048813,0.04075233881370947,0.0009171838905250218,8.74117,0.14739328275461056,0.0049085912930041595,0.0,0.6314814470259261,0.0,0.7529204230769845,0.7848233111787463,2.450183199999786,26.4886115850667,0.791594785746148,1.2354640940196169,64.04777979400002,0.394224224106379,0.16163778704617937,50.78868,0.384730569843089
frontier,budget_24.0_exposure_26000,default,poisson,always_explain,20,0.01592498428825137,0.0011138880623905074,0.0,0.0,0.0,0.002415780819615275,0.0026031224317334158,0.0,0.01592498428825137,0.0,1.2760345937065207e-15,0.00034871340755955886,0.01798234007503289,0.0,0.0,0.037603361712653244,0.0,6.74636,0.0014211694718033296,0.0,0.0,1.0,0.093,1.1027703846153334,1.0,6.74636,0.0,0.8499999999999606,0.017832201151687856,0.9190215,0.0,0.0,45.01678,0.0
frontier,budget_24.0_exposure_26000,default,poisson,budget_only_bexgov,20,0.018590875294135712,0.0013079685411688763,0.0005507043677261693,0.0,0.000891117854396957,0.0,0.0012453345308882711,0.0009430354042656652,0.008008079458135059,1.6304966671110834,0.000795421381941007,0.0003174129605086483,0.01647310174003131,0.0,0.0,0.029832685314706637,0.0,6.73659,0.0013464939038508538,0.06975504439639034,0.0,0.3651929096630782,0.0,0.2675822884615512,0.7381196009277458,2.0690150000000638,11.243126776933359,0.2767358251305157,0.015439192341326846,0.8006198510000001,0.0,0.0,44.99481,0.0
frontier,budget_24.0_exposure_26000,default,poisson,fifo_explanation,20,0.016280175532481896,0.0013701176770322158,0.0,0.0,0.00023681142827797666,0.0021334878268620193,0.0025287363444042505,0.0006654964390302254,0.015469916459884018,0.0022041842307509024,3.5521714241641906e-05,0.0004726982269921058,0.024353111350950495,0.0,0.0,0.04332364141219749,0.0,6.7607,0.002562704585923015,0.0,0.0,0.9945714658072887,0.09025999999999999,1.099113749999951,0.9850787923277396,6.723990000000001,0.027601588333333336,0.8508142801288683,0.017718352311067435,0.9133276999999993,0.0,0.0,45.01626,0.0
frontier,budget_24.0_exposure_26000,default,poisson,never_explain,20,0.01418284352455832,0.000829552850336457,0.0,0.0,0.0,0.0,0.0,0.0,0.0,39.00460142934139,0.0,0.0003416306643424428,0.017764794545807074,0.0,0.0,0.040324311851314826,0.0,6.7537,0.0013169596473042611,0.0,0.0,0.0,0.0,0.0,0.0,0.0,5481.481105120265,0.0,0.014758846153846155,0.76746,0.0,0.0,45.03748,0.0
frontier,budget_24.0_exposure_26000,default,poisson,rate_limited,20,0.016313660967035206,0.0008655277721283149,0.0,0.0,0.00037000613657332056,0.0,0.0013040458582957797,0.0004574445631659194,0.009283667828772678,0.004604788242020788,0.0004022140642918424,0.0005038869176561242,0.02609915010077441,0.0,0.0,0.0445714823735632,0.0,6.7354,0.0013529281161290042,0.0,0.0,0.5876196866389993,0.0,0.3726083653846452,0.8105976526593744,3.099367200000138,0.15440141733333348,0.4001380079993847,0.015584511226588984,0.8070936559999989,0.0,0.0,44.96832,0.0
frontier,budget_24.0_exposure_26000,default,poisson,static_coarse_full,20,0.016148669759131026,0.0009640185617642982,0.0,0.0,0.000634844253874551,0.0,0.0011696176244356943,0.0008236306491076234,0.007436405746841892,0.262745702298039,0.0005665306601051809,0.0003494617933898762,0.018126229046265856,0.0,0.0,0.04414308611480306,0.0,6.7405,0.0012927132240741156,0.0,0.0,0.38588448362302114,0.0,0.3153436538461705,0.7865904869453891,2.2573820000000557,3.5795255853333345,0.28826188946339504,0.01544466941401621,0.800735285999999,0.0,0.0,44.98684,0.0
frontier,budget_24.0_exposure_26000,default,poisson,static_offload,20,0.013828180348381678,0.0012641884273676515,0.0,0.0,0.0009149667002873106,0.0,0.0014221998773891699,0.000700212347700891,0.002005484767664155,0.1845543239900646,0.0014463641577248528,0.0003885272959941134,0.02018441687145182,0.0011195603436585859,0.0,0.0360290203587112,0.0,6.74985,0.0020014832492259325,0.0,0.0,0.36003605811912637,0.0,0.3629978846153909,0.6743270725666805,0.8383275999999972,3.4972241453333455,0.419627907472675,0.01472266277384134,0.7647270999999993,0.24955440361851,0.0,44.98238,0.0
frontier,budget_24.0_exposure_26000,default,poisson,threshold_explain,20,0.014210419028304508,0.0012973360836017415,0.0,0.0,0.000805480076788083,0.0,0.0012525419258691698,0.0008321412971064015,0.0075729588716746945,0.19508500126751674,0.0007161554026373989,0.00044905217882914834,0.02327361760460612,0.0,0.0,0.04944344163289293,0.0,6.7522400000000005,0.0019949815740164744,0.0,0.0,0.3850618977664581,0.0,0.31487817307694,0.7857228326136192,2.2554208000000577,3.739132129666668,0.2875240118753678,0.015634450844110075,0.8105465899999992,0.0,0.0,44.994099999999996,0.0
frontier,budget_24.0_exposure_26000,default,poisson,xai_gate,20,0.015385642557028005,0.0016612108332209718,0.0,0.0,0.0003676510887580588,0.0,0.0007283810962440305,0.00030409297785946875,0.006466136349191962,0.0014596411091524458,0.0008341723757725249,0.00040768452199501336,0.02113980868241634,0.0008290576284720101,0.0,0.03322933891925214,0.0009583743371666067,6.76237,0.0028870061795284395,0.0,0.0,0.701871063844922,0.0,0.5670665961538008,0.8029954296373474,2.3559441999997857,0.030353442600000023,0.8578904090877184,0.015867223411085946,0.8226433130000006,0.3766366428360851,0.0,45.01375,0.5842449049937051
frontier,budget_32.0_exposure_10000,default,adversarial_explanation_flood,always_explain,20,0.015517766978531473,0.0025101534725590472,0.0,0.0,0.0,0.0007108956248801088,0.006595050965877718,0.0,0.015517766978531473,0.0,1.3489028582281267e-15,0.000438591196621676,0.022448416900608177,0.0,0.0,0.049994698041081684,0.0,12.148050000000001,0.8000412027650634,0.0,0.0,1.0,0.8064500000000001,5.162921249999896,1.0,12.148050000000001,0.0,0.849999999999983,0.02018508632022788,1.0330347000000004,0.0,0.0,44.99192,0.0
frontier,budget_32.0_exposure_10000,default,adversarial_explanation_flood,budget_only_bexgov,20,0.02062535129377384,0.0024973461479692377,0.0005767033656363094,0.0,0.0006145136806080319,0.002071630649868282,0.0008965040135314601,0.00016821558422173857,0.008988336887803348,33.439819051681575,0.0006368785423326597,0.0003433043476160499,0.01774580066012703,0.0,0.0,0.03859698001210368,0.0015438400380013812,12.160540000000001,0.8012738873575513,0.07813515201259844,0.0,0.4726397905834713,0.21650999999999998,1.0772087999998414,0.7071753656677301,4.7975525999993724,5121.49078332866,0.41477751102014954,0.016743171549607968,0.8651060150000023,0.0,0.0,45.00716,0.4049429662775387
frontier,budget_32.0_exposure_10000,default,adversarial_explanation_flood,fifo_explanation,20,0.02861306196885764,0.003663785427363276,0.0,0.0,0.001307177246905938,0.0005117972871732472,0.0054245393033293225,0.002485020536672382,0.012763621890192004,34.280948463680154,0.00019607658703578874,0.0005521695772485653,0.028359367441411966,0.0,0.0,0.04201873037296354,0.0,12.15934,0.8008839546700706,0.0,0.0,0.8799726879515892,0.78025,4.547380999999881,0.7666655623839691,10.69972,111.92161396875103,0.8680040968072381,0.019213147524182395,0.9867876499999918,0.0,0.0,45.01243,0.0
frontier,budget_32.0_exposure_10000,default,adversarial_explanation_flood,never_explain,20,0.02371063859363338,0.002952400459976388,0.0,0.0,0.0,0.0,0.0,0.0,0.0,62.005225857179155,0.0,0.00027936324170503525,0.014526888568661762,0.0,0.0,0.04954098807088975,0.0,12.14906,0.7994305352547206,0.0,0.0,0.0,0.0,0.0,0.0,0.0,20113.18311593905,0.0,0.014600769230769233,0.7592399999999999,0.0,0.0,45.010769999999994,0.0
frontier,budget_32.0_exposure_10000,default,adversarial_explanation_flood,rate_limited,20,0.022787844872766264,0.002812719083914686,0.0,0.0,0.0010637220418527162,0.0008370225476432233,0.00390859762181458,0.000507399258286302,0.007494997830311733,66.20956657935545,0.0009811904112823127,0.00038142704726306373,0.019668084871581382,0.0,0.0,0.03902419894330099,0.0,12.14087,0.7984113692117095,0.0,0.0,0.6164982072518156,0.60543,2.5351099999999835,0.8766923373758082,6.707356000000099,3576.785555767959,0.6504639783061495,0.017488745893981354,0.9019381119999992,0.0,0.0,45.00587,0.0
frontier,budget_32.0_exposure_10000,default,adversarial_explanation_flood,static_coarse_full,20,0.02412602115489243,0.003088971468889305,0.0,0.0,0.0006432649369653501,0.0014414997190426333,0.006343928101179218,0.0003425216884827025,0.015766760699213032,30.005614953478908,0.0005874738192890362,0.0005901111655060131,0.030443583751998675,0.0,0.0,0.038317297147948993,0.0,12.15877,0.7988584236872993,0.0,0.0,0.5776123395123636,0.59893,2.494682499999988,0.8841560750286668,6.433186400000112,2308.2034490252818,0.45315784439570983,0.017806429655043476,0.9181008440000002,0.0,0.0,45.06103,0.0
frontier,budget_32.0_exposure_10000,default,adversarial_explanation_flood,static_offload,20,0.02372991115276029,0.0030225561668528263,0.0,0.0,0.0006575321168019781,0.0015806566816558133,0.006594371467780911,0.00023379847745911965,0.004608361504975482,33.75933173227045,0.0010691899387830137,0.0003596606364064875,0.0186578568277178,0.0008244290943354163,0.0,0.03374152022082948,0.0,12.165040000000001,0.8001756556978336,0.0,0.0,0.5338294173268802,0.65623,2.9135809999999998,0.7519167683129412,1.848721599999846,2695.9299777188635,0.6929918939753303,0.015740053652279297,0.8164874480000002,0.45047726756856,0.0,45.05126,0.0
frontier,budget_32.0_exposure_10000,default,adversarial_explanation_flood,threshold_explain,20,0.02100983494191034,0.002150103700371638,0.0,0.0,0.0005637152520261838,0.0011977626686978998,0.004906358421380697,0.00035749960058922256,0.011890918695585288,28.12709970943583,0.0005284064871566605,0.0005743005920385804,0.029604989917364644,0.0,0.0,0.04496141787575118,0.0,12.15541,0.8006621016444961,0.0,0.0,0.5784875175725175,0.59935,2.499582499999986,0.8846179691866363,6.443321200000109,2295.8781490790325,0.4539848192889159,0.017590246663774133,0.9069396280000006,0.0,0.0,45.00342,0.0
frontier,budget_32.0_exposure_10000,default,adversarial_explanation_flood,xai_gate,20,0.02245891557395185,0.002751270102581093,0.0012855642655075854,0.0,0.0016451314408725813,0.003055201961107956,1.6156490049661263e-05,0.0019762790470955033,0.009636910709791665,49.96084328231219,0.001259364448235297,0.0005017252627901994,0.025900296820913365,0.0002852841226303044,0.0,0.03988185040356829,0.002038129183248027,12.1508,0.7999107944816173,0.13175091448405324,0.0,0.4652094015418814,0.29461,1.0000468499998894,0.550983060693598,4.68543819999958,3475.494720244922,0.4919166172678686,0.016583832529460267,0.8568886070000005,0.011697368675643128,0.0,45.005160000000004,0.47637285889034003
frontier,budget_32.0_exposure_10000,default,bursty,always_explain,20,0.01892265740233958,0.0023303361723375844,0.0,0.0002626153641234347,0.0,0.0007234274211586195,0.008042129395994024,0.0,0.01892265740233958,0.0,1.4394864113132003e-15,0.0034931231660014395,0.17924954415508515,0.0,0.00045645497936716914,0.051060041139117926,0.0,8.73438,0.14702751864811892,0.0,0.00207,1.0,0.7306600000000001,3.712111499999729,1.0,8.73438,0.0,0.8499999999999378,1.2632882762683573,64.55184234999999,0.0,0.1652295818065941,50.76536,0.0
frontier,budget_32.0_exposure_10000,default,bursty,budget_only_bexgov,20,0.01556134240075978,0.0016392529903736346,0.0006038972256381651,0.0,0.0006759498637831201,0.0,0.0007097653319592523,0.0003524568718346414,0.006658541616680493,24.998940079709392,0.0007393187606363092,0.0038565323610758656,0.19977505239724194,0.0,0.0006112068849814618,0.04041764704930406,0.0019617274726752487,8.731919999999999,0.14627840776709844,0.07697715417573062,0.0,0.39434479006051815,0.0,0.9078893500000242,0.7390128173405331,2.906546599999954,1752.8140353030672,0.31198322078653323,1.24346804303383,64.25763951399996,0.0,0.16189492791927498,50.78411,0.07928051473027037
frontier,budget_32.0_exposure_10000,default,bursty,fifo_explanation,20,0.014874442725412575,0.001963379209370857,0.0,0.0,0.0011799797986344872,0.0007391866027494101,0.0057012784959617315,0.001876867464034161,0.013414772931675758,11.939033179476871,0.0001769969697954319,0.00235173024462025,0.12104050714272602,0.0,0.00045232661471957073,0.036999346654373585,0.0,8.73719,0.147127493305138,0.0,0.0,0.7810282438674689,0.6561600000000001,2.900187249999874,0.567258419942169,6.82397,142.98028377374973,0.8828457634198115,1.2515925468619378,64.39858020000011,0.0,0.1634437650604438,50.777280000000005,0.0
frontier,budget_32.0_exposure_10000,default,bursty,never_explain,20,0.017844023539431597,0.00205792683575362,0.0,0.0,0.0,0.0,0.0,0.0,0.0,47.19859404750753,0.0,0.002414142238148155,0.12553539638369943,0.0,0.00046255598951828943,0.042729357119924705,0.0,8.73981,0.14748638760845229,0.0,0.0,0.0,0.0,0.0,0.0,0.0,10186.433494549998,0.0,1.2258930769230894,63.74643999999999,0.0,0.16025144135206956,50.77652,0.0
frontier,budget_32.0_exposure_10000,default,bursty,rate_limited,20,0.015973233575414084,0.0021053143727953185,0.0,0.0,0.0009250205582115738,0.0029735888987799516,0.0037261047153438857,0.000633384520338531,0.00823082125118701,37.13792617030062,0.0009959922115700983,0.003511871763840809,0.18178729919934333,0.0,0.0006374502870229756,0.04273839496924684,0.0,8.72776,0.14617837868104275,0.0,0.0,0.5009089993662376,0.21486,1.2720135000001167,0.7944737190952367,3.6665136000001297,2090.8241567694213,0.6004448444874293,1.241749445778963,64.14633112599999,0.0,0.16191296083038584,50.7645,0.0
frontier,budget_32.0_exposure_10000,default,bursty,static_coarse_full,20,0.019699958362980347,0.002193231301050009,0.0,0.0,0.0008807869304086165,0.003052288706769674,0.0043301933642470695,0.0007284959261788841,0.010238896816472552,28.3771564407342,0.0007626462247953057,0.002190768491724003,0.11353876689585185,0.0,0.0004034684867989851,0.02988742432388243,0.0,8.72033,0.14437239682119413,0.0,0.0,0.42759223089011655,0.17711000000000002,1.213885500000098,0.8135615536699132,3.2824296000000586,1079.306367368512,0.3235630580958816,1.2434585025433322,64.20053176400005,0.0,0.16227632057157787,50.8011,0.0
frontier,budget_32.0_exposure_10000,default,bursty,static_offload,20,0.01939912283204133,0.0019115744434051048,0.0,0.0,0.000774431834019048,0.0030835012921916175,0.00425213008359502,0.00038540595951801047,0.0033586461128158325,27.09784209283723,0.0011046330824779763,0.0034358822922060535,0.1784055582951165,0.0007971315022993361,0.0005926018169722586,0.05017218361719855,0.0,8.7197,0.14515033248916417,0.0,0.0,0.3983941320309482,0.28767,1.403913500000036,0.6963349441978559,1.14359079999996,1240.6264212025587,0.4781570583791453,1.2328125776035743,63.95399973000004,0.2918488466234337,0.16086372917434702,50.76291,0.0
frontier,budget_32.0_exposure_10000,default,bursty,threshold_explain,20,0.012072785259591542,0.0016176855010730244,0.0,0.0,0.0007070123449217828,0.003049230109560875,0.0034454913029513348,0.0005882312010284853,0.00850220989990128,18.332597299885876,0.0005799038793629018,0.00183243538312203,0.09567484489076679,0.0,0.000640502840460126,0.03535410730739985,0.0,8.74393,0.1480700726953927,0.0,0.0,0.42765786370352715,0.17828,1.2167337500000968,0.8132970932292958,3.2910796000000593,1111.2030618950162,0.32354504071607304,1.2421123989164418,64.130051944,0.0,0.1625456205675817,50.77473,0.0
frontier,budget_32.0_exposure_10000,default,bursty,xai_gate,20,0.022272552991471257,0.002351393018748542,0.0008777807911626244,0.0,0.002550549791185817,0.005624811796617592,2.3856922548870142e-05,0.0032137032122626767,0.012631132583285659,8.127989603520236,0.0019054772794859754,0.002206866119724624,0.11455981026497,0.0004437997734571688,0.0004586355463894664,0.04845784388104773,0.004583760757192046,8.7241,0.14569620664576627,0.03688730267632652,0.0,0.5721984936691252,0.02475,1.0000604499998627,0.6922099852055204,3.181245199999632,179.87857330317973,0.6055563788227895,1.2397306973307622,64.128458634,0.15156846990916892,0.1616544565411513,50.764300000000006,0.6101755040054964
frontier,budget_32.0_exposure_10000,default,poisson,always_explain,20,0.0166398149422908,0.0013598071123033495,0.0,0.0,0.0,0.0015144492443407262,0.007071921350471623,0.0,0.0166398149422908,0.0,1.2443932652973585e-15,0.0005938325861924243,0.0306002580003346,0.0,0.0,0.04216415577430685,0.0,6.7643200000000006,0.0028961941970577776,0.0,0.0,1.0,0.65262,2.8748359999998714,1.0,6.7643200000000006,0.0,0.849999999999962,0.017607498527615,0.9074596000000001,0.0,0.0,45.01609,0.0
frontier,budget_32.0_exposure_10000,default,poisson,budget_only_bexgov,20,0.019804269289008823,0.0012336470848192203,0.0005036706179298349,0.0,0.001163338231097438,0.0,0.0037747713247985753,0.0008387697448008497,0.010199239200164042,0.7592776483548316,0.0009627145694685337,0.0005471858592510316,0.02837184787318475,0.0,0.0,0.052292092427944206,0.0,6.74748,0.0017546464444143316,0.0701083812584302,0.0,0.3653126517401619,0.0,0.6977289000000331,0.7386048966441388,2.0739918000000666,5.817543363850023,0.2769889340488714,0.015516530758306798,0.8046472869999999,0.0,0.0,45.02082,0.0
frontier,budget_32.0_exposure_10000,default,poisson,fifo_explanation,20,0.015023225882192143,0.0011147007662177806,0.0,0.0,0.0002863642383177777,0.0009194974187880569,0.006456165496645735,0.0007834311221198666,0.015190977639167415,0.0019952625196316487,4.295463574727986e-05,0.0004256461967573359,0.021943721861065326,0.0,0.0,0.03885576995597417,0.0,6.746160000000001,0.0016708480711394524,0.0,0.0,0.9946159861311121,0.65012,2.8516819999998724,0.9852264871036052,6.70984,0.022068097500000005,0.8508076020802946,0.01763328322104974,0.9089037499999988,0.0,0.0,45.00683,0.0
frontier,budget_32.0_exposure_10000,default,poisson,never_explain,20,0.013626601252426497,0.0010273610261012666,0.0,0.0,0.0,0.0,0.0,0.0,0.0,33.02488586898947,0.0,0.00037055719756984507,0.019268974273632066,0.0,0.0,0.048355163807111815,0.0,6.7477800000000006,0.0017017019550916834,0.0,0.0,0.0,0.0,0.0,0.0,0.0,5458.197109550261,0.0,0.01459711538461538,0.75905,0.0,0.0,45.00506,0.0
frontier,budget_32.0_exposure_10000,default,poisson,rate_limited,20,0.015897739968872775,0.0017031047289935437,0.0,0.0,0.00046446489166241024,0.0,0.002971169658317108,0.0007001369870187556,0.008016991617196613,0.0023937202843669477,0.0005085235769719125,0.0003810812552299127,0.019731055603432322,0.0,0.0,0.03595775316896193,0.0,6.76356,0.0034142658480869835,0.0,0.0,0.5873535235795718,0.0,0.9715862500000778,0.8105123247853967,3.109938800000141,0.1132829050000008,0.399842031120443,0.015755316448234708,0.8159093599999986,0.0,0.0,44.992810000000006,0.0
frontier,budget_32.0_exposure_10000,default,poisson,static_coarse_full,20,0.01271289618913764,0.0009881640182598237,0.0,0.0,0.0009433498265868193,0.0,0.0027658600079731996,0.00073335302727769,0.006514576999496277,0.11127555771141717,0.0007887546782595044,0.0004198824833255957,0.021765188191198905,0.0,0.0,0.04179465916934958,0.0,6.7461,0.0018210121593638328,0.0,0.0,0.3845315545324695,0.0,0.8159210000000432,0.7850784293274543,2.249184400000057,2.424179772500005,0.28700515739126503,0.015460326835142096,0.8015444079999987,0.0,0.0,44.97763,0.0
frontier,budget_32.0_exposure_10000,default,poisson,static_offload,20,0.016736350607930623,0.0009738902263089538,0.0,0.0,0.0007748319850256818,0.0,0.0037615620858502197,0.0005042908321820588,0.00268560732381933,0.1861891717810457,0.0010838220473822077,0.0005188045151889373,0.02695002708223105,0.0007970153534342334,0.0,0.04907773671991722,0.0,6.7524299999999995,0.0019105278917956215,0.0,0.0,0.36082507619595516,0.0,0.948408500000016,0.6751481947534969,0.8383203999999967,2.9860055102500045,0.42125503248554186,0.015349975856472086,0.7973170679999997,0.2509052918422043,0.0,45.024860000000004,0.0
frontier,budget_32.0_exposure_10000,default,poisson,threshold_explain,20,0.01887494193530283,0.0014798615495457243,0.0,0.0,0.0011072786314324308,0.0,0.0036645135771533706,0.0009684622421665995,0.008748603464103138,0.13727564465399228,0.0009411375657094583,0.00040309726469142757,0.020899342059329678,0.0,0.0,0.0317413446123842,0.0,6.74342,0.0025228444838050978,0.0,0.0,0.3853705229833132,0.0,0.8186130000000441,0.7860164518371766,2.254682400000057,2.446020556000004,0.28780371861180176,0.015415329955912781,0.7991812059999989,0.0,0.0,44.95991,0.0
frontier,budget_32.0_exposure_10000,default,poisson,xai_gate,20,0.01580683287722184,0.001153114259685415,0.00033865826622538563,0.0,0.00021014852448616387,0.0,0.001090602549201083,0.0003348411472838577,0.007527469445729341,0.0037284963297830823,0.0004068103183304987,0.00040355570012605923,0.02092167089149031,0.000409013602304133,0.0,0.04163311970499603,0.0005955958423987652,6.74898,0.0019282785970470729,0.017008089043138126,0.0,0.6408422481658678,0.0,0.816408449999868,0.7435643888215482,2.9275059999996986,0.12484102910000017,0.680982698928495,0.015694913871001113,0.8130271550000003,0.14623687357029258,0.0,45.00036,0.8009044004375084
frontier,budget_32.0_exposure_18000,default,adversarial_explanation_flood,always_explain,20,0.022836169754603244,0.0030984732681367615,0.0,0.0,0.0,0.0011387547621946733,0.005391873414280521,0.0,0.022836169754603244,0.0,1.2225215548370759e-15,0.0005407358210580692,0.027708859532750214,0.0,0.0,0.037409305533474414,0.0,12.150079999999999,0.799985983226921,0.0,0.0,1.0,0.65168,2.8687688888888294,1.0,12.150079999999999,0.0,0.8499999999999824,0.02028469320662052,1.0381360000000008,0.0,0.0,45.000659999999996,0.0
frontier,budget_32.0_exposure_18000,default,adversarial_explanation_flood,budget_only_bexgov,20,0.017148075849954404,0.0019746703356321154,0.000792377326769539,0.0,0.00048404834797644936,0.0,0.0004005296114318807,0.00025133068664500477,0.006753441987078446,27.367435808092488,0.0004279651611602608,0.000491447991824541,0.025367518876685757,0.0,0.0,0.03916141517350462,0.0013204602634218987,12.16567,0.8012770210751743,0.14035802237127834,0.0,0.5100414750736014,0.0,0.9184261944444805,0.773410789935258,5.3508957999999005,4136.502948102385,0.42342099400285804,0.017078387587459894,0.8818020020000011,0.0,0.0,45.026089999999996,0.141585242455614
frontier,budget_32.0_exposure_18000,default,adversarial_explanation_flood,fifo_explanation,20,0.024058473594841402,0.002612986083601742,0.0,0.0,0.0009258969188974843,0.0008100154696378542,0.003305147436912253,0.001834135023932466,0.01399827149750623,28.81300678972704,0.00013888453783526505,0.0006062444614107923,0.03113473661471591,0.0,0.0,0.046837678670601644,0.0,12.146980000000001,0.8002242307558385,0.0,0.0,0.8803198514539303,0.60393,2.5247691666666,0.7670918444324394,10.69314,111.72650448500121,0.8679520222818871,0.018750558565908206,0.9630413999999924,0.0,0.0,44.98313,0.0
frontier,budget_32.0_exposure_18000,default,adversarial_explanation_flood,never_explain,20,0.021475931215150963,0.0026197946258841075,0.0,0.0,0.0,0.0,0.0,0.0,0.0,58.092985907509146,0.0,0.00038732853378787527,0.02014108375696956,0.0,0.0,0.04116942927080995,0.0,12.158100000000001,0.8015415490135658,0.0,0.0,0.0,0.0,0.0,0.0,0.0,20121.17375150906,0.0,0.014673076923076919,0.763,0.0,0.0,44.99145,0.0
frontier,budget_32.0_exposure_18000,default,adversarial_explanation_flood,rate_limited,20,0.02285189774286859,0.0028702525040178515,0.0,0.0,0.0008737828271145623,0.0016436160673472698,0.0028610096411172134,0.0005003613123446206,0.009909239920391366,68.76624095615428,0.0012179827534716835,0.0003050325441688804,0.015741498959812972,0.0,0.0,0.04168556555062914,0.0,12.14098,0.7996372679642861,0.0,0.0,0.6172888277360958,0.29237,1.4120915277777653,0.8767529041618618,6.720100000000099,3569.09426935971,0.651354013161412,0.017265689173182643,0.8904170699999993,0.0,0.0,44.97564,0.0
frontier,budget_32.0_exposure_18000,default,adversarial_explanation_flood,static_coarse_full,20,0.018947357396967603,0.0022150509366051503,0.0,0.0,0.0007767974061512238,0.0019105357330781367,0.003282827335598239,0.00029030592888669,0.014385241678536467,23.05671952909495,0.0006566862521430335,0.00032512476712433247,0.01677079308245483,0.0,0.0,0.03886415541603999,0.0,12.13659,0.7996946672288286,0.0,0.0,0.5785916035617485,0.27847,1.3872670833333287,0.8847817972879357,6.435618000000106,2281.21017214028,0.4541366796892582,0.016831422250868706,0.8677548860000004,0.0,0.0,44.95794,0.0
frontier,budget_32.0_exposure_18000,default,adversarial_explanation_flood,static_offload,20,0.021022438029576113,0.002128798817761203,0.0,0.0,0.0007817211282102422,0.0027094866338381093,0.005195598201373797,0.0002857830708539656,0.0038363054841641974,20.86455597374692,0.0012610044649559796,0.0004608503568563938,0.023902026753044314,0.0009677009746806413,0.0,0.03766057141260869,0.0,12.170390000000001,0.8013907104263597,0.0,0.0,0.5338322827927586,0.38237,1.6202924999999997,0.7520996419413029,1.8479243999998463,2691.1703686138676,0.6932871489550548,0.01575239245668937,0.8171326860000002,0.45081097558473776,0.0,45.040620000000004,0.0
frontier,budget_32.0_exposure_18000,default,adversarial_explanation_flood,threshold_explain,20,0.028113966771208778,0.0029399087686496784,0.0,0.0,0.0007168725210559794,0.0027056333575085825,0.00436271183251337,0.00038566481030276106,0.018827499700956363,30.5149844196952,0.0006590391282236277,0.0004978151587836454,0.025670708437998714,0.0,0.0,0.06377983401810347,0.0,12.15486,0.801442737882898,0.0,0.0,0.5781717503341622,0.28039000000000003,1.3880566666666592,0.8846390400867479,6.440002800000106,2301.3699237550313,0.45376636737289067,0.017284540081911565,0.8911755760000004,0.0,0.0,44.98187,0.0
frontier,budget_32.0_exposure_18000,default,adversarial_explanation_flood,xai_gate,20,0.024129386970466602,0.0026234293334945528,0.0022565041885953562,0.0,0.00014806780060045194,0.0,0.0011588923781594444,0.0004644385906335142,0.012822080429233834,11.222704561407909,0.0002575651978072125,0.0004957909052886238,0.0255563995673483,0.0003551455014248164,0.0,0.03955478847434927,0.0016794123332418151,12.15806,0.8000102060862544,0.21945722963023684,0.0,0.6830240321304851,0.0,0.9436755277778646,0.8156486090662867,6.929433999999287,723.1305230879234,0.6487385960506062,0.01790267368370114,0.9226912240000003,0.02537973213519567,0.0,45.02948,0.595485512306725
frontier,budget_32.0_exposure_18000,default,bursty,always_explain,20,0.018189566998347388,0.0019770822488790986,0.0,0.00025795456148219913,0.0,0.001837344912753467,0.004294758874609235,0.0,0.018189566998347388,0.0,1.0277691899408692e-15,0.002859799541506719,0.14768089479960297,0.0,0.0004921995890148045,0.046904055293646496,0.0,8.724779999999999,0.14574399476018857,0.0,0.00207,1.0,0.51506,2.0600174999998537,1.0,8.724779999999999,0.0,0.8499999999999396,1.263101021872858,64.54332545,0.0,0.16489368738448112,50.76625,0.0
frontier,budget_32.0_exposure_18000,default,bursty,budget_only_bexgov,20,0.01898967021825015,0.0023704554390471056,0.000556490674558759,0.0,0.000886068690132166,0.0,0.0017464294739243588,0.0006482611928619276,0.008408145057149614,29.535328843186882,0.0007592774110390729,0.003131546550636127,0.16243576365983203,0.0,0.0005437014444345603,0.041389621673579916,0.0,8.74257,0.1472138237561767,0.08954316931585089,0.0,0.4020262745742177,0.0,0.5647630833333767,0.7595123567006562,2.990267600000121,1752.3548588165097,0.30982569010743866,1.2429617663944956,64.21886580100002,0.0,0.16230515418610314,50.804680000000005,0.0
frontier,budget_32.0_exposure_18000,default,bursty,fifo_explanation,20,0.02437723948604521,0.002747022114640406,0.0,0.0,0.0009480470240906361,0.002520390577919057,0.004103366786738547,0.0014802829082752275,0.017378965214425477,15.331307791711536,0.0001422070536131428,0.003132185954344985,0.16104105558667708,0.0,0.0004001727836459333,0.03636070702931341,0.0,8.73481,0.14655189813202957,0.0,0.0,0.7816674796875557,0.38081,1.61208874999993,0.5684306460463089,6.82767,143.6436667100004,0.8827498780467995,1.2528662014253744,64.4649206500001,0.0,0.1625977098159512,50.78867,0.0
frontier,budget_32.0_exposure_18000,default,bursty,never_explain,20,0.0225908286849705,0.0024771298539668055,0.0,0.0,0.0,0.0,0.0,0.0,0.0,45.05058411895165,0.0,0.003727298106325457,0.19381950152891728,0.0,0.00044055774468531667,0.044442680459595506,0.0,8.72015,0.14522660192984013,0.0,0.0,0.0,0.0,0.0,0.0,0.0,10149.138120690004,0.0,1.2298430769230895,63.951840000000004,0.0,0.16030056730759396,50.76214,0.0
frontier,budget_32.0_exposure_18000,default,bursty,rate_limited,20,0.015957420314139256,0.0017388839286313093,0.0,0.0,0.0006171154792334665,0.0,0.0018576499148737619,0.0008264120575337374,0.007980002028575052,37.6356977755569,0.0008847457748908333,0.002617940188698526,0.13598338871958873,0.0,0.0005042918748320527,0.0371773519080749,0.0,8.72497,0.14579921401044194,0.0,0.0,0.5009017122402842,0.0,0.7068104166667316,0.795010040268284,3.6661068000001285,2097.7965001849234,0.6008169921955083,1.2411214216297377,64.11353089000002,0.0,0.16222810410775196,50.76491,0.0
frontier,budget_32.0_exposure_18000,default,bursty,static_coarse_full,20,0.021566362496599573,0.002581826381372254,0.0,0.0,0.0010695838076362997,0.0,0.002877878343019445,0.0007960755616288018,0.01234027903865619,27.9494296695277,0.0009352235501970241,0.00277258907682674,0.14443322487977345,0.0,0.0004121805240118767,0.03799889775864014,0.0,8.73127,0.1465686155992377,0.0,0.0,0.4266342564675053,0.0,0.672755000000054,0.8127391284671438,3.2771088000000588,1118.3229003590163,0.32265248981399386,1.239353346443912,63.98682460399999,0.0,0.16247018121104997,50.76748,0.0
frontier,budget_32.0_exposure_18000,default,bursty,static_offload,20,0.019753432242204667,0.0023676169649100203,0.0,0.0,0.0010954097608525636,0.0,0.0037069480767951864,0.0006238098232681894,0.0038907807024509376,29.430156741959202,0.0017039052675600684,0.0028672042046654967,0.1491643747211093,0.0012846323124572545,0.0005367198371094216,0.036389344264611524,0.0,8.72655,0.14589521623535465,0.0,0.0,0.39791939291727807,0.0,0.7800638888889091,0.696341730110431,1.1423695999999601,1273.314777225561,0.4777784759357517,1.2325230420503277,63.93937518600004,0.2917183483378034,0.16092917069781976,50.769870000000004,0.0
frontier,budget_32.0_exposure_18000,default,bursty,threshold_explain,20,0.014028294145461133,0.0019238890921270673,0.0,0.0,0.0008241337540242193,0.0,0.0016284913116730445,0.0005524677828535174,0.006947126484242328,25.893362131176538,0.0006746931441356177,0.002750613791269697,0.14279323483598214,0.0,0.0005521277359446625,0.036265457199582206,0.0,8.7319,0.1459354095287386,0.0,0.0,0.42715293461266335,0.0,0.6742343055556098,0.8132913360286327,3.282650000000057,1108.6578945540139,0.32316404962240575,1.2433467801892553,64.19551649,0.0,0.1625138115483151,50.79935,0.0
frontier,budget_32.0_exposure_18000,default,bursty,xai_gate,20,0.015544520287091178,0.0019438414634440008,0.0014005832328216465,0.0,0.0007054241231127725,0.0,0.001551062563417693,0.0004957622186356492,0.010355165516493512,1.459737129916392,0.0005791672621997653,0.0036400672783149127,0.18866032600115634,0.0005198995170667333,0.0005214653833865528,0.03180618171229885,0.0012648444963912623,8.74648,0.1479543443557902,0.04169899833517244,0.0,0.605504272017823,0.0,0.8346352222221667,0.7559604417691758,2.858646399999887,69.5926660082259,0.700678093650296,1.238696427533537,64.145406473,0.27209281072855074,0.1616664470621985,50.7946,0.47838840406042704
frontier,budget_32.0_exposure_18000,default,poisson,always_explain,20,0.015107366053056806,0.0009218210957448037,0.0,0.0,0.0,0.0016703633263770083,0.0035670169847485133,0.0,0.015107366053056806,0.0,1.156902770619294e-15,0.0004477099888395512,0.02305941453104298,0.0,0.0,0.04262710294330302,0.0,6.7452700000000005,0.0014238821908066023,0.0,0.0,1.0,0.37305,1.5926331944443712,1.0,6.7452700000000005,0.0,0.8499999999999609,0.017585211565750464,0.9063027500000003,0.0,0.0,45.003910000000005,0.0
frontier,budget_32.0_exposure_18000,default,poisson,budget_only_bexgov,20,0.01695801612304558,0.0013604200862933668,0.0007085471692089533,0.0,0.0008714918008794061,0.0,0.0017436024623116724,0.0007937542350047694,0.00829191255519007,0.43174224015227175,0.0007691117613614894,0.00048680838024202665,0.025255092141341137,0.0,0.0,0.03889461328797394,0.0,6.76267,0.0031939369419828113,0.06978990907865122,0.0,0.36565390157952643,0.0,0.3892234166666853,0.7389636120446225,2.0812150000000686,6.168233022150022,0.27725488495841766,0.015442563187094947,0.8008200389999998,0.0,0.0,45.029700000000005,0.0
frontier,budget_32.0_exposure_18000,default,poisson,fifo_explanation,20,0.012394675875340063,0.0011007175233126592,0.0,0.0,0.00023305487887339014,0.0016112708393981245,0.0027811276708513796,0.0006456149118112503,0.011778893664785118,0.0020493619982473055,3.495823183115279e-05,0.00044822298506456065,0.023125885323884456,0.0,0.0,0.04115060148837134,0.0,6.75449,0.0017582938962560578,0.0,0.0,0.9942461597099846,0.36866,1.5856324999999305,0.9842747095160626,6.7156199999999995,0.022916670000000007,0.8508630760434646,0.01749522336004368,0.901800699999999,0.0,0.0,45.03751,0.0
frontier,budget_32.0_exposure_18000,default,poisson,never_explain,20,0.010750752572923026,0.0010875588691585019,0.0,0.0,0.0,0.0,0.0,0.0,0.0,32.35852158365907,0.0,0.00034922916839152154,0.01815991675635918,0.0,0.0,0.04276055591692171,0.0,6.741750000000001,0.000902052478141857,0.0,0.0,0.0,0.0,0.0,0.0,0.0,5427.272311040273,0.0,0.014574423076923068,0.7578699999999999,0.0,0.0,45.00473,0.0
frontier,budget_32.0_exposure_18000,default,poisson,rate_limited,20,0.014709091588537986,0.0014069723485743118,0.0,0.0,0.0003976474267981498,0.0,0.0014953080239832421,0.0005731260359193832,0.0073835471185899025,0.003534717221409194,0.00043715493091679567,0.00035868416110945006,0.018570573842580096,0.0,0.0,0.038605872615608675,0.0,6.76346,0.0034812681914592305,0.0,0.0,0.588040405624702,0.0,0.5415338888889332,0.8110566924220685,3.1160012000001367,0.11315022775000086,0.4006060667141118,0.016041168479668636,0.8307078839999988,0.0,0.0,44.98909,0.0
frontier,budget_32.0_exposure_18000,default,poisson,static_coarse_full,20,0.015452518549550731,0.0013508844464379616,0.0,0.0,0.0010528332874446015,0.0,0.0018208204600825958,0.0007696880629284594,0.008294670632268743,0.14440685763854114,0.0008537241551843082,0.00042141942644154296,0.021848470990820924,0.0,0.0,0.03167357286997296,0.0,6.7555700000000005,0.0022207215002903236,0.0,0.0,0.3849799668420315,0.0,0.4547084722222465,0.7854842528919719,2.255525600000058,2.5007876002500042,0.28740274063967464,0.015591472079024149,0.8083147559999988,0.0,0.0,45.00211,0.0
frontier,budget_32.0_exposure_18000,default,poisson,static_offload,20,0.019786106115363418,0.001442326365051145,0.0,0.0,0.0005860495610953667,0.0,0.001954183209007517,0.0005423630334000795,0.002523477253480673,0.2996816642612225,0.0009621496263370952,0.0004718701781451398,0.024511926519361866,0.0007751281768916244,0.0,0.04580830390132107,0.0,6.757129999999999,0.0024817633019040054,0.0,0.0,0.3595147216307291,0.0,0.5247508333333419,0.6744413926743207,0.8369171999999969,3.187837006000007,0.4193791354803535,0.01475582785078845,0.7664498319999999,0.24960083474364797,0.0,45.00835,0.0
frontier,budget_32.0_exposure_18000,default,poisson,threshold_explain,20,0.01582108552027959,0.0013634264114231354,0.0,0.0,0.0007811104685622956,0.0,0.0012321985329987123,0.0007095660358332849,0.005684157867804082,0.16693719128852194,0.0006353231080605799,0.0006063005588390397,0.03143387543240617,0.0,0.0,0.041218645238341046,0.0,6.755629999999999,0.002551618986660198,0.0,0.0,0.38508527887676747,0.0,0.45547638888891306,0.7861284390942336,2.257539200000057,2.4984250412500053,0.28764237239794166,0.015235443725423403,0.789854705999999,0.0,0.0,44.9923,0.0
frontier,budget_32.0_exposure_18000,default,poisson,xai_gate,20,0.01196975014328334,0.0008788394139537876,0.0,0.0,0.0001848145666802415,0.0,0.0008359720113415382,0.0003183034287104786,0.00632557243827386,0.0023064730863130655,0.00040883562094757425,0.0005133135534500141,0.026611413850403505,0.0005277809548746703,0.0,0.04377445509691234,0.0007175367189003304,6.756270000000001,0.001630699513126832,0.0,0.0,0.6751128495243226,0.0,0.6463366944443762,0.779810600932639,2.669394599999691,0.05973377665000009,0.7741844787830091,0.01624633651807298,0.8419313180000007,0.26295361830494707,0.0,45.015550000000005,0.6989144457695485
frontier,budget_32.0_exposure_26000,default,adversarial_explanation_flood,always_explain,20,0.03036329847195194,0.003541852793807285,0.0,0.0,0.0,0.0014074340100450795,0.004963231480992821,0.0,0.03036329847195194,0.0,1.5732470430595274e-15,0.0006037429816588348,0.030914623310551156,0.0,0.0,0.037620940063354986,0.0,12.126859999999999,0.7981155254251625,0.0,0.0,1.0,0.49637000000000003,1.9822751923076507,1.0,12.126859999999999,0.0,0.8499999999999821,0.020178360396507885,1.0326640000000007,0.0,0.0,44.96118,0.0
frontier,budget_32.0_exposure_26000,default,adversarial_explanation_flood,budget_only_bexgov,20,0.016267574934205737,0.001980647217285565,0.0005966597816502613,0.0,0.0006910393853753171,0.0,0.0018313156028897655,0.00037245796947652665,0.011528241547897734,24.334943358041528,0.0006268300708443863,0.00038481842082854214,0.019853644317326252,0.0,0.0,0.04529487619271842,0.0,12.14512,0.799219776278982,0.17409480814868103,0.0,0.5297424427069196,0.0,0.7529009615385003,0.8089286723288414,5.6335036000002106,3996.3032351659544,0.4278125437547792,0.016961365722253107,0.8754436180000003,0.0,0.0,45.00148,0.0
frontier,budget_32.0_exposure_26000,default,adversarial_explanation_flood,fifo_explanation,20,0.024509666463577,0.0033168980251933435,0.0,0.0,0.0009900721404297764,0.0009258959814261286,0.0018418748472473893,0.0018854610234086242,0.011267940241980379,27.77314873479608,0.00014851082106430972,0.00047680588743584216,0.024486665840132826,0.0,0.0,0.051354232217454075,0.0,12.14733,0.7994549008068048,0.0,0.0,0.8806381151936215,0.4284,1.748595480769185,0.7678698230689958,10.697289999999999,93.56112973000077,0.8679042827209329,0.019021030749487133,0.9769579499999919,0.0,0.0,45.00381,0.0
frontier,budget_32.0_exposure_26000,default,adversarial_explanation_flood,never_explain,20,0.021977036052254744,0.002939531545561049,0.0,0.0,0.0,0.0,0.0,0.0,0.0,60.46438925242613,0.0,0.00038077188730108305,0.019800138139656344,0.0,0.0,0.04308051253675466,0.0,12.14535,0.7992417375718824,0.0,0.0,0.0,0.0,0.0,0.0,0.0,20087.815925339066,0.0,0.014495000000000003,0.75374,0.0,0.0,45.00177,0.0
frontier,budget_32.0_exposure_26000,default,adversarial_explanation_flood,rate_limited,20,0.0229241335225566,0.0029624556585171333,0.0,0.0,0.00075912296379222,0.0,0.002275309835294223,0.0004411173965530243,0.01136575047858131,63.12057273150578,0.001344314722368035,0.0005266983762192658,0.027160441747754997,0.0,0.0,0.05464478889979489,0.0,12.16789,0.8020036599782786,0.0,0.0,0.6161397375624966,0.0,0.9782882692307611,0.8767342834885667,6.7235396000001,3608.449642309214,0.6523536826390277,0.01751636961002393,0.9033814179999995,0.0,0.0,45.01622,0.0
frontier,budget_32.0_exposure_26000,default,adversarial_explanation_flood,static_coarse_full,20,0.019078063137927197,0.002500309797212992,0.0,0.0,0.0006496082658533555,0.0,0.0023305001169936983,0.00030242571352274956,0.014536557579325501,28.641249306938143,0.0005845650738655574,0.0005849756400140513,0.030155896950671224,0.0,0.0,0.04095684618974622,0.0,12.15495,0.7998767019462801,0.0,0.0,0.5773300502928176,0.0,0.9588396153846105,0.8841829496344822,6.42838880000011,2314.0041898900313,0.4529592751667276,0.017374563714402637,0.8958527400000003,0.0,0.0,45.02145,0.0
frontier,budget_32.0_exposure_26000,default,adversarial_explanation_flood,static_offload,20,0.020591950565310903,0.003035696623061757,0.0,0.0,0.0008911237816116009,0.0024352867679403316,0.002998929079238,0.00038911193901813114,0.002821271089314711,35.59767054432106,0.001598681290029236,0.00047826146500218303,0.024809028264139717,0.001268894370979801,0.0,0.038221172014418846,0.0,12.14615,0.7987583715075022,0.0,0.0,0.5334989003963293,0.1062,1.1180923076923084,0.7518701094437044,1.8449071999998474,2671.180558135614,0.6925245529691377,0.015206591471411433,0.7888377620000001,0.4501548579217185,0.0,45.01687,0.0
frontier,budget_32.0_exposure_26000,default,adversarial_explanation_flood,threshold_explain,20,0.017428989863775276,0.002372910166107532,0.0,0.0,0.0008580942378087824,0.0,0.0023745081382100784,0.0004047836056472976,0.014723159947081683,25.02060146182565,0.0007612893142718467,0.0004293333541431501,0.02215261155184544,0.0,0.0,0.04904491396304126,0.0,12.13993,0.7986218993693216,0.0,0.0,0.5784391299618928,0.0,0.9598952884615338,0.8845159083160598,6.434030400000111,2288.194435255782,0.4539104184630622,0.01728156135896645,0.8910617900000007,0.0,0.0,44.997249999999994,0.0
frontier,budget_32.0_exposure_26000,default,adversarial_explanation_flood,xai_gate,20,0.023487007596989747,0.0026091564192964735,0.0014592634310741826,0.0,0.0002635830606131523,0.0,0.0025922854024819212,0.00018860318193686677,0.01714572449803158,3.3080800758700835,0.00039806600268056295,0.000553396357089955,0.02852619920907937,0.00044463647685606585,0.0,0.040804328125851025,0.0014270208324600982,12.13632,0.7982358067486603,0.17601124518526098,0.0,0.7111595423801261,0.0,0.7846972500000511,0.8634565471970038,7.240158599999475,318.9866448300909,0.6750703648569533,0.017540773341294127,0.9037628169999998,0.03999641955912278,0.0,44.99334,0.5515548540796413
frontier,budget_32.0_exposure_26000,default,bursty,always_explain,20,0.015562004383145898,0.001974436148235766,0.0,0.00030213994666118053,0.0,0.0019546853207506056,0.0025437891780132277,0.0,0.015562004383145898,0.0,1.543905223063258e-15,0.0023660942631054905,0.12155267209026796,0.0,0.0005060256726356399,0.04050459635682714,0.0,8.736650000000001,0.14702911768653343,0.0,0.00215,1.0,0.30017,1.4281062499998995,1.0,8.736650000000001,0.0,0.8499999999999401,1.2601977505148758,64.39145275,0.0,0.16514235374885483,50.77848,0.0
frontier,budget_32.0_exposure_26000,default,bursty,budget_only_bexgov,20,0.018793275960132208,0.002158938746875817,0.0004895287673453205,0.0,0.0007279190412200242,0.0,0.0013757712270471467,0.000624974296185921,0.009044160189160232,28.93486436477093,0.0006531518765240568,0.0028663900227562577,0.148370804773799,0.0,0.0005478868253317965,0.03721246593744148,0.0,8.742569999999999,0.14788289293880558,0.08918313984883738,0.0,0.4022975332349746,0.0,0.3908740576923377,0.759117902253738,2.990869800000117,1757.822787814161,0.30983673289038594,1.24062766264704,64.09822782299997,0.0,0.16238798780865876,50.77497,0.0
frontier,budget_32.0_exposure_26000,default,bursty,fifo_explanation,20,0.021994035280215554,0.00243873679802792,0.0,0.0,0.0010820042052910885,0.0020337327133804197,0.0024033009668978024,0.0014011766004697309,0.01470254709161145,18.458549324363698,0.00016230063079327218,0.003985700568129253,0.20557677021512683,0.0,0.0004761931214842015,0.049848146237273946,0.0,8.73126,0.14709063801300365,0.0,0.0,0.7818574926234674,0.10346,1.1158767307691826,0.5673959145760485,6.82654,144.96228138125042,0.8827213761064125,1.2502085068613902,64.32816255000007,0.0,0.16278274862243264,50.74427,0.0
frontier,budget_32.0_exposure_26000,default,bursty,never_explain,20,0.02277059205129103,0.0026979366345626487,0.0,0.0,0.0,0.0,0.0,0.0,0.0,61.74705744628278,0.0,0.0032045003356655478,0.16663401745460324,0.0,0.0003431911188331579,0.04250399053949002,0.0,8.74808,0.14829787283371254,0.0,0.0,0.0,0.0,0.0,0.0,0.0,10205.55436491999,0.0,1.2287621153846282,63.895630000000004,0.0,0.16028083833089257,50.78861,0.0
frontier,budget_32.0_exposure_26000,default,bursty,rate_limited,20,0.02190334212613996,0.0024800324522579378,0.0,0.0,0.000757915023117593,0.0,0.0009274986854140182,0.0005834256665059184,0.006085814260024717,43.35433865415266,0.0007714441555877696,0.003603691093677389,0.18683652576609178,0.0,0.000437821363282083,0.03923544218296269,0.0,8.7409,0.14702620635781158,0.0,0.0,0.5008189553189263,0.0,0.490433653846199,0.7948641399593382,3.673077600000128,2115.07767510967,0.6013125180628707,1.242203978455764,64.16944482800001,0.0,0.16216368405493492,50.803129999999996,0.0
frontier,budget_32.0_exposure_26000,default,bursty,static_coarse_full,20,0.016264803033997573,0.002072829727464211,0.0,0.0,0.0007633431496245942,0.0,0.0018056485257592213,0.0005532238688656008,0.011474458070778376,22.66148650954129,0.0006446448069826809,0.00403234659473681,0.209855467102673,0.0,0.0006056480107804224,0.03022235706381361,0.0,8.739619999999999,0.1467746310066429,0.0,0.0,0.4281787979166344,0.0,0.46903048076926834,0.814174954932515,3.295718000000059,1099.6826891912647,0.324137869624691,1.2419746038379214,64.12112949400002,0.0,0.16229320387329754,50.806979999999996,0.0
frontier,budget_32.0_exposure_26000,default,bursty,static_offload,20,0.015580375340658134,0.0017538245098911885,0.0,0.0,0.0008492789968749599,0.0,0.00226871272216055,0.0005617811763146222,0.002842240488583438,19.817011229064462,0.0014604156349614945,0.0029152532157495194,0.15141867646838408,0.001134972733888962,0.00044367033383836566,0.04926537819263302,0.0,8.73033,0.14576588790933856,0.0,0.0,0.3977810494946322,0.0,0.5400386538461676,0.6962311994451467,1.142605199999959,1266.1599815508118,0.47757794077862437,1.2303755456585495,63.827763370000014,0.2915778054967785,0.1612724490011128,50.79765,0.0
frontier,budget_32.0_exposure_26000,default,bursty,threshold_explain,20,0.017124403045208236,0.0020421619305263537,0.0,0.0,0.0008545496214915313,0.0,0.001390909974877987,0.0005868156788654451,0.008539853410977164,26.4086518707538,0.0007070933386779299,0.002544095788028298,0.132124797924698,0.0,0.00031621636015410274,0.04162811531048618,0.0,8.74634,0.1480514055979521,0.0,0.0,0.4262308801448425,0.0,0.46654201923080646,0.8130026438260078,3.280986400000058,1133.3218955452671,0.3224665405075532,1.2410331996630808,64.074469138,0.0,0.1619816381738287,50.789480000000005,0.0
frontier,budget_32.0_exposure_26000,default,bursty,xai_gate,20,0.012628703231673788,0.001512846428965798,0.00018672955762267444,0.0,0.0005038196628425783,0.0,0.0011703283166790777,0.00019189909017968727,0.006258682565177909,0.3167980435945805,0.000699038514784384,0.0024557204166972373,0.12721424155274902,0.0005877039321601671,0.0005965988923484786,0.047873235721016635,0.000924535077969697,8.73288,0.14637711712597007,0.001480054582700442,0.0,0.6258589904349093,0.0,0.7471288269231335,0.784130200257801,2.420976399999779,24.67637781562502,0.7875615708999699,1.2368634063556079,64.127205214,0.39302244202321446,0.16139841829615964,50.78545,0.38979731771492676
frontier,budget_32.0_exposure_26000,default,poisson,always_explain,20,0.01846637495329794,0.0014488996239209277,0.0,0.0,0.0,0.002361796789689891,0.003018542059673555,0.0,0.01846637495329794,0.0,1.1240703187592952e-15,0.000671981725858006,0.034646586044591074,0.0,0.0,0.04015153620300265,0.0,6.7524500000000005,0.0021131777811719487,0.0,0.0,1.0,0.09474,1.1037658653845637,1.0,6.7524500000000005,0.0,0.8499999999999602,0.017419949135428818,0.8978116000000002,0.0,0.0,44.99907,0.0
frontier,budget_32.0_exposure_26000,default,poisson,budget_only_bexgov,20,0.019079933064872098,0.0013701624837198225,0.000643640986224191,0.0,0.0009949078901742082,0.0,0.001626330958033814,0.0009476700170531158,0.010536670163395401,0.6947578695851457,0.0008767503223411328,0.0004070980198415157,0.021107287362380933,0.0,0.0,0.046463489585060996,0.0,6.7553399999999995,0.002561574389611798,0.070235575053865,0.0,0.365022549660243,0.0,0.2683612500000127,0.7384224789997834,2.0745438000000687,6.397451284200027,0.27677199307101497,0.015551301641601683,0.8064680980000001,0.0,0.0,45.0101,0.0
frontier,budget_32.0_exposure_26000,default,poisson,fifo_explanation,20,0.01821506129356752,0.0016655306646017455,0.0,0.0,0.0002636750495833279,0.0024452294607642607,0.002848627482775413,0.0006769430701439893,0.01742689754168598,0.001625601536535656,3.955125743718924e-05,0.0005438201698589708,0.028033283391970136,0.0,0.0,0.03393805631081077,0.0,6.75659,0.00266884143475582,0.0,0.0,0.9945061338928655,0.0898,1.0983732692307204,0.9848403868477267,6.71946,0.021957501250000004,0.8508240799160317,0.017830214692976246,0.9190888499999991,0.0,0.0,45.00418,0.0
frontier,budget_32.0_exposure_26000,default,poisson,never_explain,20,0.019659149684668746,0.001778746098204976,0.0,0.0,0.0,0.0,0.0,0.0,0.0,46.31842279232093,0.0,0.0003876850799202533,0.020159624155853283,0.0,0.0,0.04675250671255384,0.0,6.7695300000000005,0.003281105380162308,0.0,0.0,0.0,0.0,0.0,0.0,0.0,5511.590263600269,0.0,0.014970192307692306,0.7784500000000001,0.0,0.0,45.06206,0.0
frontier,budget_32.0_exposure_26000,default,poisson,rate_limited,20,0.013248216604827282,0.001217677080968824,0.0,0.0,0.0006274130890648797,0.0,0.0014598717876828085,0.0008033992457690413,0.009096164360649812,0.0028007393058997136,0.0006863806636045711,0.0005252245826944707,0.027211156916818968,0.0,0.0,0.04440221202076365,0.0,6.75217,0.0020621705927286404,0.0,0.0,0.5873785240284363,0.0,0.37310826923079865,0.8103345598314966,3.1049484000001386,0.11167702850000087,0.39987479563020994,0.01568420767754259,0.812239371999999,0.0,0.0,44.9803,0.0
frontier,budget_32.0_exposure_26000,default,poisson,static_coarse_full,20,0.016555821581927997,0.001430660795179347,0.0,0.0,0.0009864594766262123,0.0,0.0015544677576989645,0.0009032148562001769,0.009882975384852352,0.13624276919192896,0.0008441441595406275,0.00037755761263481423,0.019569715476591358,0.0,0.0,0.03967146826104798,0.0,6.75705,0.0028861091475675615,0.0,0.0,0.38521519354861633,0.0,0.31542278846155514,0.7859899239233836,2.2585480000000557,2.4932208630000052,0.287707764780619,0.015230944113826297,0.7896372159999988,0.0,0.0,44.98328,0.0
frontier,budget_32.0_exposure_26000,default,poisson,static_offload,20,0.01705799336899981,0.0008552047068401386,0.0,0.0,0.0010113713047559855,0.0,0.001550821370278744,0.0006463071536087764,0.003163878351054462,0.14651945678603528,0.0014586965149732684,0.0004656100415473339,0.02418643571924532,0.0010679262267801273,0.0,0.040938224875099294,0.0,6.7360299999999995,0.0010594514109581344,0.0,0.0,0.3603671218005643,0.0,0.363559807692314,0.6751914921668712,0.8348667999999975,2.9120202880000052,0.4208382143026985,0.014940544588137705,0.7760558599999996,0.2507207474395986,0.0,44.99967,0.0
frontier,budget_32.0_exposure_26000,default,poisson,threshold_explain,20,0.0133499515201958,0.0012984602082806041,0.0,0.0,0.0010217044712144037,0.0,0.0014374391482313577,0.0011529139668017658,0.008550478053764916,0.11115009873378393,0.0009237973997189558,0.0005056051769096176,0.026215352486664484,0.0,0.0,0.04461926819197466,0.0,6.7610600000000005,0.002681575358054256,0.0,0.0,0.38571091353184045,0.0,0.31581701923078587,0.785960697656121,2.2621628000000564,2.4860436207500043,0.28800788163642543,0.015464948309234297,0.8017802939999988,0.0,0.0,45.00017,0.0
frontier,budget_32.0_exposure_26000,default,poisson,xai_gate,20,0.01695684763429315,0.0014540165295131946,0.0,0.0,0.000285934822879728,0.0,0.0009596955421679141,0.0002694048859615364,0.0076875567116166665,0.0013259469673898015,0.000697553566103199,0.0005014262578609487,0.0260009580444753,0.0008026380748910414,0.0,0.03508676584804873,0.000866514770166816,6.761570000000001,0.002799967225585487,0.0,0.0,0.7046006516924339,0.0,0.5671958846153375,0.8037602994689426,2.3781241999997746,0.01760233525000002,0.8642711712688737,0.016002755201100994,0.8296089940000007,0.37725685239721185,0.0,45.02749,0.6032525237338555
