stage,variant,ablation,regime,policy,seed,slots,packet_drop_rate,mean_packet_delay,mean_packet_queue,explanation_coverage,high_risk_explanation_coverage,mean_explanation_delay,mean_explanation_debt,exposure_use,offload_rate,audit_rate,redaction_rate,local_compute_load,attacker_trigger_gain,budget_violation_rate,exposure_budget_violation_rate,alerts_per_slot,packets_per_slot,calibration_status
main,default,default,poisson,never_explain,1,5000,0.0,0.014180769230769224,0.7374,0.0,0.0,0.0,5444.141003000276,0.0,0.0,0.0,0.0,0.0,0.0,0.0,0.0,6.733,44.899,synthetic_default
main,default,default,poisson,always_explain,1,5000,0.0,0.016760235386382053,0.8637809999999999,1.0,1.0,0.8499999999999586,0.0,1.5759472222221453,0.0,0.0,0.0,6.6746,0.0,0.0,0.367,6.6746,44.936,synthetic_default
main,default,default,poisson,threshold_explain,1,5000,0.0,0.015087542905866395,0.7821884399999983,0.3872012084950112,0.7864108406797281,0.28911317792721086,6.686910995555567,0.4573138888889136,0.0,0.0,0.0,2.2678640000000594,0.0027414185875884733,0.0,0.0,6.7522,44.8916,synthetic_default
main,default,default,poisson,rate_limited,1,5000,0.0,0.015511084184389037,0.8031757599999986,0.5886630905715003,0.8112511899006686,0.4012688260780142,0.27705605111111153,0.5449111111111552,0.0,0.0,0.0,3.1318000000001334,0.004196855613957773,0.0,0.0,6.7858,45.0496,synthetic_default
main,default,default,poisson,fifo_explanation,1,5000,0.0,0.016521360839772816,0.8515819999999993,0.9944693572496263,0.9851831001163783,0.8508295964125137,0.0442865111111111,1.5708472222221457,0.0,0.0,0.0,6.653,0.0,0.0,0.3668,6.69,44.8834,synthetic_default
main,default,default,poisson,static_coarse_full,1,5000,0.0,0.02002831575534778,1.0384429199999992,0.38317890761014106,0.7854448484743844,0.2861385700374921,10.311872346666703,0.45439444444446764,0.0,0.0,0.0,2.2530640000000544,0.00045906159544206737,0.0,0.0,6.7778,45.1646,synthetic_default
main,default,default,poisson,static_offload,1,5000,0.0,0.015199375900206806,0.7894909599999996,0.36295518414433253,0.6783929722263242,0.4263209584380698,3.7026423844444487,0.5350777777777863,0.2553172607602426,0.0,0.0,0.836415999999995,0.0032526695038486153,0.0,0.0,6.761,44.9272,synthetic_default
main,default,default,poisson,budget_only_bexgov,1,5000,0.0,0.013936430461436387,0.7226973999999994,0.3633172446669003,0.7371484772788144,0.2753173042545635,81.54666572799866,0.38254500000001807,0.0,0.07013466809677035,0.0,2.0500960000000625,0.0,0.0,0.0,6.7128,45.0102,synthetic_default
main,default,default,poisson,xai_gate,1,5000,0.0,0.01566446430856115,0.8119081999999999,0.6644269066234455,0.7763654221441104,0.7491630033927469,0.18378153555555554,0.6499444444443885,0.2617200177017259,0.0,0.6194128927570438,2.5841719999997275,0.0005387175570286118,0.0,0.0,6.779,45.169,synthetic_default
main,default,default,bursty,never_explain,1,5000,0.16162722441309374,1.22799230769232,63.8556,0.0,0.0,0.0,10331.309380199968,0.0,0.0,0.0,0.0,0.0,0.15425880474279352,0.0,0.0,8.7896,50.7662,synthetic_default
main,default,default,bursty,always_explain,1,5000,0.16585019771580936,1.2667739553469601,64.72551400000002,1.0,1.0,0.8499999999999371,0.0,2.0620527777776254,0.0,0.0,0.0,8.7334,0.14885645805872927,0.1486,0.5134,8.7334,50.6788,synthetic_default
main,default,default,bursty,threshold_explain,1,5000,0.1614938947600698,1.2293302085336721,63.46518420000011,0.42770548022984745,0.8126390790213692,0.32342440553248264,1881.9231840977866,0.6800333333333878,0.0,0.0,0.0,3.313104000000056,0.15666201700672278,0.0,0.0,8.8062,50.7564,synthetic_default
main,default,default,bursty,rate_limited,1,5000,0.16041339090312906,1.2403276979177413,64.07609435999997,0.5004332237825083,0.7946556088702109,0.5995667762174939,2805.9411807443958,0.7026833333333997,0.0,0.0,0.0,3.649608000000122,0.14589176562298256,0.0,0.0,8.7022,50.6284,synthetic_default
main,default,default,bursty,fifo_explanation,1,5000,0.1633638912472622,1.2460830238086238,64.1177260000001,0.784763705975967,0.5698033573284363,0.8822854441035332,1283.0732975111057,1.606736111111034,0.0,0.0,0.0,6.805,0.14141673412706401,0.0,0.3752,8.6714,50.647,synthetic_default
main,default,default,bursty,static_coarse_full,1,5000,0.16281515140749162,1.2380581428022608,63.91775231999989,0.4275697831512978,0.8132244737535039,0.3234091273385254,1830.6248877822381,0.6747111111111644,0.0,0.0,0.0,3.285952000000053,0.14928372078334728,0.0006,0.0,8.7342,50.6646,synthetic_default
main,default,default,bursty,static_offload,1,5000,0.15954152969330537,1.236690567095109,64.15680752000009,0.3983267851432134,0.695819730637908,0.4777264836219029,1568.503355264508,0.7822611111111298,0.2914020741011467,0.0,0.0,1.1494959999999625,0.1487394252366887,0.0,0.0,8.7556,50.8128,synthetic_default
main,default,default,bursty,budget_only_bexgov,1,5000,0.1611822953596473,1.248996773523998,64.53403260000015,0.4024666164486755,0.758686031939113,0.3098621287863362,2433.4540013155365,0.5656761111111537,0.0,0.08909128261316168,0.0,2.9977720000001153,0.15047664066808686,0.0,0.0,8.7618,50.772,synthetic_default
main,default,default,bursty,xai_gate,1,5000,0.16240431241072367,1.2423572110276164,64.28543325999998,0.6360144729656486,0.7775238799130709,0.7298368377935409,114.24536907955871,0.8887544444444119,0.2713681048607318,0.11237028945931185,0.4420853813945021,3.1160760000000067,0.15280942206062376,0.0,0.0,8.7888,50.8254,synthetic_default
main,default,default,self_similar,never_explain,1,5000,0.3554994179854868,4.607196153845754,239.5742,0.0,0.0,0.0,25743.204176997886,0.0,0.0,0.0,0.0,0.0,0.3113901478564547,0.0,0.0,15.885,80.754,synthetic_default
main,default,default,self_similar,always_explain,1,5000,0.3607197527009338,4.677433375976249,239.18796999999998,1.0,1.0,0.8499999999999744,0.0,3.6966027777776667,0.0,0.0,0.0,15.6562,0.30362413872062244,0.2574,0.725,15.6562,80.065,synthetic_default
main,default,default,self_similar,threshold_explain,1,5000,0.35346954130046376,4.637506909100146,239.60199632,0.43765805843063155,0.8188982635256874,0.3320374241574418,9935.56584117324,1.2499416666666585,0.0,0.0,0.0,6.062352000000112,0.30774584203266464,0.0,0.1994,15.6904,79.987,synthetic_default
main,default,default,self_similar,rate_limited,1,5000,0.356724419241189,4.63767522151106,239.58055663999988,0.449708652820799,0.8011605131961947,0.7029325140912746,14896.829165102605,1.2569027777777733,0.0,0.0,0.0,6.183856000000172,0.3066990471640503,0.0,0.2042,15.7544,80.3776,synthetic_default
main,default,default,self_similar,fifo_explanation,1,5000,0.3565572053254575,4.66417796557715,239.57519499999998,0.736467945527179,0.45692517857448306,0.8895298081709059,11755.33825602215,2.724863888888822,0.0,0.0,0.0,11.5406,0.3074287201796173,0.0,0.632,15.6702,79.9034,synthetic_default
main,default,default,self_similar,static_coarse_full,1,5000,0.3510602433104696,4.631723765282397,239.31502404,0.4377895088797711,0.8185971505297333,0.33209385167371486,9814.583076013269,1.2389055555555502,0.0,0.0,0.0,6.009896000000117,0.30115296800788083,0.0,0.1952,15.5522,79.6842,synthetic_default
main,default,default,self_similar,static_offload,1,5000,0.35573209886039314,4.611214212554123,239.24942347999996,0.40797062952984975,0.7008261584178753,0.49272404153863875,9466.805089113206,1.4605944444444454,0.3023564679543126,0.0,0.0,2.101479999999785,0.30773410614019436,0.0,0.3118,15.8118,80.6066,synthetic_default
main,default,default,self_similar,budget_only_bexgov,1,5000,0.3547773459006604,4.621730829354606,238.97638182,0.4018663682864642,0.740316723219489,0.32018094629156396,11142.384914172822,0.9119255555555639,0.0,0.08060102301790281,0.09166240409207162,5.310395999999933,0.29995345435201815,0.0,0.0,15.64,80.208,synthetic_default
main,default,default,self_similar,xai_gate,1,5000,0.3523640359810729,4.62510151254055,239.47950534,0.4392140502543352,0.48386096432766235,0.5286861395787403,6814.881310359739,1.0,0.1659633415851109,0.09580185472595976,0.34239639316031856,4.012234999995725,0.2989709100693847,0.0,0.0,15.5926,80.0254,synthetic_default
main,default,default,markov_modulated,never_explain,1,5000,0.1913019504160275,2.0368730769231007,105.9174,0.0,0.0,0.0,16080.859074799686,0.0,0.0,0.0,0.0,0.0,0.32751766732411003,0.0,0.0,11.2672,56.5828,synthetic_default
main,default,default,markov_modulated,always_explain,1,5000,0.14362072155055103,1.7546265940072445,89.69469399999996,1.0,1.0,0.8499999999999334,0.0,2.35756944444426,0.0,0.0,0.0,9.985,0.2827479711770331,0.2204,0.5786,9.985,51.8938,synthetic_default
main,default,default,markov_modulated,threshold_explain,1,5000,0.17410805716554795,1.9489308565823131,100.5040399600002,0.48774507055416544,0.8475106178956744,0.3755948042239071,3473.1613407911436,0.9852555555555929,0.0,0.0,0.0,4.684064000000029,0.29944881803709444,0.0072,0.0,10.701,54.9002,synthetic_default
main,default,default,markov_modulated,rate_limited,1,5000,0.19316332758976382,2.149861868766014,110.97547263999984,0.48123364844596395,0.7829588178972546,0.7098658736526086,7680.938854735777,1.0155611111111476,0.0,0.0,0.0,4.895704000000097,0.3359103676700952,0.0024,0.01,11.4668,57.2234,synthetic_default
main,default,default,markov_modulated,fifo_explanation,1,5000,0.1673859849549445,1.9659266736302532,101.19710399999991,0.6859974615499478,0.4113888941418996,0.8971003807674258,8596.923971955617,1.7355583333332474,0.0,0.0,0.0,7.3506,0.3036617428956918,0.0,0.4454,10.7152,54.7954,synthetic_default
main,default,default,markov_modulated,static_coarse_full,1,5000,0.17560091117817803,2.0350570806381243,104.93555419999997,0.4893479046242901,0.8472509046444666,0.37656430635838556,3912.8122751733517,1.0210277777778223,0.0,0.0,0.0,4.858624000000058,0.33235139805441993,0.005,0.0242,11.072,55.4008,synthetic_default
main,default,default,markov_modulated,static_offload,1,5000,0.167168577542516,1.9543488116944268,101.3680116000002,0.4499254528052086,0.7203809689055757,0.557848439110604,3837.2808287556045,1.1465722222222248,0.34987483433956706,0.0,0.0,1.5212239999999477,0.3158509809905481,0.0,0.1556,10.8656,55.0498,synthetic_default
main,default,default,markov_modulated,budget_only_bexgov,1,5000,0.17210885638082332,1.896781833933781,97.90606760000006,0.44687088113254714,0.7797528902035091,0.3514748127147543,4564.31574843637,0.7854627777778425,0.0,0.1172903250032857,0.0,4.106484000000055,0.3080423693639922,0.0002,0.0,10.6522,54.2908,synthetic_default
main,default,default,markov_modulated,xai_gate,1,5000,0.1456363129191762,1.7974580122672221,92.89563709999999,0.6478030377459235,0.7602972517846542,0.7198988073016098,486.66920694979086,0.9474505555556455,0.22816497357200402,0.13500874383510503,0.5028982374786316,3.9719719999997176,0.28852498031500784,0.0014,0.0,10.1786,52.6628,synthetic_default
main,default,default,non_markovian,never_explain,1,5000,0.13387463816927306,1.2116884615384687,63.0078,0.0,0.0,0.0,11182.158524399902,0.0,0.0,0.0,0.0,0.0,0.12826861342217666,0.0,0.0,9.2962,54.929,synthetic_default
main,default,default,non_markovian,always_explain,1,5000,0.13648056893883703,1.3088163233441785,66.96529900000004,1.0,1.0,0.8499999999999424,0.0,2.1831305555554077,0.0,0.0,0.0,9.2462,0.12751249004637932,0.0958,0.541,9.2462,54.6702,synthetic_default
main,default,default,non_markovian,threshold_explain,1,5000,0.13862183366909,1.149181043377842,59.32111868000001,0.42553768066070674,0.8141134859732645,0.3223126720578304,2370.925975284437,0.7173694444444992,0.0,0.0,0.0,3.48714400000007,0.13125650832578728,0.0082,0.0,9.2992,54.8016,synthetic_default
main,default,default,non_markovian,rate_limited,1,5000,0.13722497856198085,1.223037992015425,63.19702756000005,0.5188311548483073,0.7787404164710544,0.5579911281465864,3027.710209971035,0.7488638888889522,0.0,0.0,0.0,3.9762800000001466,0.1249267231564537,0.0,0.0,9.2878,55.0424,synthetic_default
main,default,default,non_markovian,fifo_explanation,1,5000,0.13725219332417787,1.3069042370167587,67.26212299999992,0.8289187923178469,0.6610846401321194,0.8756621811522589,842.7645433333289,1.8384083333332484,0.0,0.0,0.0,7.7862,0.134645885199427,0.0,0.4592,9.3932,55.1902,synthetic_default
main,default,default,non_markovian,static_coarse_full,1,5000,0.13693731871758105,1.2740497213098745,65.80531104000008,0.4249503668536949,0.8129836400197654,0.32153215364697635,2415.415879568893,0.7121333333333885,0.0,0.0,0.0,3.4666560000000604,0.12769558546357795,0.0048,0.0,9.268,54.7902,synthetic_default
main,default,default,non_markovian,static_offload,1,5000,0.137938344845581,1.199342094893488,62.22171943999998,0.3963725615198214,0.6983644947907,0.47857069998724655,2287.2145167267236,0.8443222222222377,0.2935951379149135,0.0,0.0,1.215919999999949,0.13692206220237724,0.0,0.0,9.4116,55.1876,synthetic_default
main,default,default,non_markovian,budget_only_bexgov,1,5000,0.13672210206936655,1.3868150186128028,71.69227280000004,0.3993202169795097,0.7584916069715527,0.30924853624936993,3122.385471342175,0.6028327777778247,0.0,0.09032202514206991,0.0,3.1718000000001436,0.12536715054838043,0.0002,0.0,9.2912,55.041,synthetic_default
main,default,default,non_markovian,xai_gate,1,5000,0.13538151093802514,1.3305265161746833,68.85400019999989,0.633315309881366,0.7712322585361325,0.6902985717670737,122.43274436711314,0.8072794444443897,0.2134809676654962,0.05040822041748347,0.5545119665668555,3.565675999999704,0.1306035763518525,0.0012,0.0,9.2842,54.7448,synthetic_default
main,default,default,transient_overload,never_explain,1,5000,0.2444076133447391,1.0232076923077071,53.2068,0.0,0.0,0.0,13176.41768799976,0.0,0.0,0.0,0.0,0.0,0.20770364033836763,0.0,0.0,10.165,56.112,synthetic_default
main,default,default,transient_overload,always_explain,1,5000,0.251560855696455,1.0513536156178227,53.23744100000002,1.0,1.0,0.8499999999999222,0.0,2.388830555555337,0.0,0.0,0.0,10.1174,0.20061897607875445,0.197,0.5264,10.1174,56.1788,synthetic_default
main,default,default,transient_overload,threshold_explain,1,5000,0.24709642969374918,1.036517165028388,53.27975423999998,0.4428188967043492,0.8237535277109163,0.3369408440686037,4011.053715448857,0.8218111111111572,0.0,0.0,0.0,3.969976000000003,0.20490991505733103,0.0022,0.0,10.1224,56.0064,synthetic_default
main,default,default,transient_overload,rate_limited,1,5000,0.24684158026979555,1.0331473523224797,53.23851460000001,0.4613951481634166,0.764426092930772,0.6681826204623972,8012.410149649085,0.8030722222222809,0.0,0.0,0.0,4.038320000000073,0.2115401749915342,0.0,0.0,10.1982,56.117,synthetic_default
main,default,default,transient_overload,fifo_explanation,1,5000,0.24716941729785422,1.0378559980748086,53.287088,0.7203851564202643,0.4823226603520399,0.891942226536879,8266.248816888909,1.7169999999999135,0.0,0.0,0.0,7.272,0.19709081767092518,0.0,0.444,10.0946,56.2174,synthetic_default
main,default,default,transient_overload,static_coarse_full,1,5000,0.2468365662693595,1.0358009879397274,53.246784160000026,0.44076544527452627,0.8208648186846894,0.3347078935926373,4045.039619866635,0.8137555555556014,0.0,0.0,0.0,3.9417680000000086,0.20376846763257817,0.003,0.0,10.1196,56.044,synthetic_default
main,default,default,transient_overload,static_offload,1,5000,0.246806857406881,1.0294663379520956,53.33689024000006,0.40784214294241095,0.7005944985123197,0.4918599610229644,3793.737749299994,0.9269277777777891,0.3014556735473094,0.0,0.0,1.3394799999999318,0.1914984361671883,0.0,0.0,10.0572,56.272,synthetic_default
main,default,default,transient_overload,budget_only_bexgov,1,5000,0.24773242394609138,1.0330998970555982,53.165761239999995,0.4131861876058983,0.7654447943924699,0.3208485994563432,4621.458083214059,0.6828983333333895,0.0,0.09648189733286057,0.0,3.5911120000000176,0.20349199011432706,0.0004,0.0,10.1532,56.243,synthetic_default
main,default,default,transient_overload,xai_gate,1,5000,0.24655263473588415,1.0385917433264245,53.383146039999986,0.6800835825626431,0.7495276455970811,0.7740913862426273,2314.137194194499,0.9901738888891766,0.24718255461585692,0.15413258333498386,0.5726990037433897,4.14214799999924,0.2017542293708472,0.01,0.0,10.0978,56.017,synthetic_default
main,default,default,adversarial_explanation_flood,never_explain,1,5000,0.0,0.01486923076923076,0.7732,0.0,0.0,0.0,19926.59307479915,0.0,0.0,0.0,0.0,0.0,0.7915240930838874,0.0,0.0,12.0944,45.006,synthetic_default
main,default,default,adversarial_explanation_flood,always_explain,1,5000,0.0,0.018708449984986778,0.9575719999999994,1.0,1.0,0.8499999999999837,0.0,2.8534027777777227,0.0,0.0,0.0,12.085,0.7927208265651973,0.0378,0.6492,12.085,44.941,synthetic_default
main,default,default,adversarial_explanation_flood,threshold_explain,1,5000,0.0,0.01818355825201853,0.9375251600000002,0.5773781100261806,0.8836796955793318,0.4527761769112958,3653.609472457807,1.3825166666666706,0.0,0.0,0.0,6.4208400000001005,0.8009578458846742,0.0,0.2732,12.1462,44.962,synthetic_default
main,default,default,adversarial_explanation_flood,rate_limited,1,5000,0.0,0.01752435987563816,0.9038215199999989,0.6172498152861063,0.8766640875967814,0.6547401691158279,4965.323988340043,1.4213749999999934,0.0,0.0,0.0,6.752088000000103,0.8027817984306123,0.0,0.2964,12.181,45.0452,synthetic_default
main,default,default,adversarial_explanation_flood,fifo_explanation,1,5000,0.0,0.01751422535990882,0.8995569999999945,0.884176128861896,0.7750331449573787,0.8673735806706989,1969.3483891110998,2.529883333333279,0.0,0.0,0.0,10.7148,0.800303358484453,0.0,0.6044,12.1184,44.8754,synthetic_default
main,default,default,adversarial_explanation_flood,static_coarse_full,1,5000,0.0,0.01505177853726301,0.7761069600000002,0.576898870807039,0.8834494663154097,0.45235885088010186,3573.7686134489386,1.3694499999999932,0.0,0.0,0.0,6.360888000000113,0.791014591028868,0.0,0.2728,12.044,44.8312,synthetic_default
main,default,default,adversarial_explanation_flood,static_offload,1,5000,0.0,0.014723503125369788,0.7637810400000006,0.5324516608825037,0.7506312448370533,0.6892396298133142,3012.965173582325,1.6001166666666689,0.4470831267559081,0.0,0.0,1.8451919999998463,0.7928888888888876,0.0,0.376,12.102,45.0,synthetic_default
main,default,default,adversarial_explanation_flood,budget_only_bexgov,1,5000,0.0,0.018140678641499423,0.9367872400000018,0.5106064199483136,0.7737119515490339,0.42427738524630765,5325.309956559835,0.9181650000000344,0.0,0.14261244791409325,0.1412619200553387,5.34876799999989,0.7986544973027732,0.0,0.0,12.1434,45.0092,synthetic_default
main,default,default,adversarial_explanation_flood,xai_gate,1,5000,0.0,0.016954616387227863,0.8737832000000005,0.6869590873975652,0.80037395788964,0.6600683794401506,1532.3228636302144,0.9945788888891255,0.047849170734914605,0.12676496211187271,0.6402846951690583,6.824115999999209,0.8039247082265861,0.0002,0.0,12.1674,44.9664,synthetic_default
main,default,default,rtt_uncertainty,never_explain,1,5000,0.0,0.015661538461538463,0.8144,0.0,0.0,0.0,6954.813448800187,0.0,0.0,0.0,0.0,0.0,0.08624198304350705,0.0,0.0,7.3234,44.9464,synthetic_default
main,default,default,rtt_uncertainty,always_explain,1,5000,0.0,0.016531717002149594,0.8514220000000005,1.0,1.0,0.8499999999999608,0.0,1.718747222222143,0.0,0.0,0.0,7.2794,0.07935067553942265,0.0,0.425,7.2794,44.9616,synthetic_default
main,default,default,rtt_uncertainty,threshold_explain,1,5000,0.0,0.016374394049353126,0.8484528399999987,0.4141193336974359,0.8057617874024728,0.3122405789186457,232.69829838222353,0.5436611111111529,0.0,0.0,0.0,2.659384000000062,0.08349125617822706,0.0,0.0,7.324,45.0642,synthetic_default
main,default,default,rtt_uncertainty,rate_limited,1,5000,0.0,0.015327693345823047,0.7933256399999986,0.6025960141451366,0.8241321689090679,0.4164683790674371,0.40721080666666765,0.6243694444444974,0.0,0.0,0.0,3.500248000000141,0.08174869707685573,0.0,0.0,7.2958,44.963,synthetic_default
main,default,default,rtt_uncertainty,fifo_explanation,1,5000,0.0,0.01708346250446366,0.8803569999999983,0.9911382270932833,0.9767255700574928,0.8513292659359674,0.08214488888888882,1.6953722222221432,0.0,0.0,0.0,7.1804,0.07560215518329305,0.0,0.4108,7.2446,44.9026,synthetic_default
main,default,default,rtt_uncertainty,static_coarse_full,1,5000,0.0,0.015965117945979962,0.8272560399999996,0.4147137917787214,0.8065667748602205,0.31287525382802134,141.74885385333397,0.5426000000000417,0.0,0.0,0.0,2.6520000000000667,0.07710132590871654,0.0,0.0,7.2884,45.1112,synthetic_default
main,default,default,rtt_uncertainty,static_offload,1,5000,0.0,0.01702085142022982,0.883991040000001,0.3851565074134855,0.6884159197217321,0.5495425480512088,24.507226097777473,0.6203333333333441,0.27624931356397586,0.0,0.0,0.9407519999999744,0.07463109348582364,0.0,0.0,7.284,45.1876,synthetic_default
main,default,default,rtt_uncertainty,budget_only_bexgov,1,5000,0.0,0.01820593429235435,0.9436874800000004,0.39391622322280745,0.7558484617376682,0.30231955246283093,601.6576883253412,0.4632288888889167,0.0,0.08263064538136171,0.0,2.452384000000117,0.08040456573751387,0.0,0.0,7.329,45.2238,synthetic_default
main,default,default,rtt_uncertainty,xai_gate,1,5000,0.0,0.01571935267340614,0.8134143800000005,0.6431247253954759,0.8528098379650011,0.5543102211501613,0.39406258400000027,0.5749949999999961,0.023066783831282953,0.05612917398945518,0.398176625659051,3.7844639999997742,0.07857075158752536,0.0,0.0,7.2832,45.0176,synthetic_default
main,default,default,detection_matrix_perturbation,never_explain,1,5000,0.0,0.014480769230769224,0.753,0.0,0.0,0.0,6362.173910175524,0.0,0.0,0.0,0.0,0.0,0.05639495119069804,0.0,0.0,7.1358,45.0324,synthetic_default
main,default,default,detection_matrix_perturbation,always_explain,1,5000,0.0,0.018388324684470662,0.9471450000000016,1.0,1.0,0.8499999999999558,0.0,1.6895166666665786,0.0,0.0,0.0,7.1556,0.0593967496791008,0.0,0.4128,7.1556,45.0294,synthetic_default
main,default,default,detection_matrix_perturbation,threshold_explain,1,5000,0.0,0.015970869027122112,0.8277780799999975,0.3874016516935458,0.7921631003218048,0.2905306623514496,247.14100024961618,0.4911361111111428,0.0,0.0,0.0,2.420560000000056,0.0627739996649388,0.0,0.0,7.1684,44.9666,synthetic_default
main,default,default,detection_matrix_perturbation,rate_limited,1,5000,0.0,0.015989261565787765,0.827780399999998,0.5896111173372314,0.8137264623005174,0.40230303709517506,0.39296981081738863,0.5757888888889393,0.0,0.0,0.0,3.303392000000143,0.06041564537932409,0.0,0.0,7.1384,44.878,synthetic_default
main,default,default,detection_matrix_perturbation,fifo_explanation,1,5000,0.0,0.01885708460048062,0.9718349999999991,0.991068944410439,0.9768779546890123,0.8513396583383949,0.08804946365179556,1.6821027777777002,0.0,0.0,0.0,7.1242,0.06093545449581228,0.0,0.4062,7.1884,45.1702,synthetic_default
main,default,default,detection_matrix_perturbation,static_coarse_full,1,5000,0.0,0.015177319870492874,0.7867045599999982,0.3878165478600969,0.7890143232354481,0.29005907968825473,286.26879260707216,0.4912138888889183,0.0,0.0,0.0,2.4301760000000603,0.06678147298279047,0.0,0.0,7.2106,45.0614,synthetic_default
main,default,default,detection_matrix_perturbation,static_offload,1,5000,0.0,0.015838504607143946,0.822664320000001,0.36443337484431,0.6809211461364771,0.42975065725747436,101.20367839937525,0.5773777777777884,0.25828144458281443,0.0,0.0,0.8921439999999857,0.07103795982607264,0.0,0.0,7.227,44.9844,synthetic_default
main,default,default,detection_matrix_perturbation,budget_only_bexgov,1,5000,0.0,0.015569866771182933,0.8071699399999998,0.36716898032000306,0.7405159537610391,0.2792955901209881,654.5946338550849,0.4151994444444677,0.0,0.07361877683001616,0.0,2.21998800000008,0.06587989909884029,0.0,0.0,7.1748,44.8756,synthetic_default
main,default,default,detection_matrix_perturbation,xai_gate,1,5000,0.0,0.015295231801417194,0.7922897400000009,0.6335709705300592,0.7600098433070774,0.6566565366492195,0.4735127114400727,0.5092688888888298,0.15013800986979675,0.0,0.698218418044442,3.017883999999659,0.060346038151407155,0.0,0.0,7.1734,45.101,synthetic_default
main,default,default,poisson,never_explain,2,5000,0.0,0.013826923076923072,0.719,0.0,0.0,0.0,5657.897215000273,0.0,0.0,0.0,0.0,0.0,0.016850090710719412,0.0,0.0,6.8548,44.9414,synthetic_default
main,default,default,poisson,always_explain,2,5000,0.0,0.01655759795683693,0.8532109999999998,1.0,1.0,0.8499999999999629,0.0,1.6064055555554855,0.0,0.0,0.0,6.8036,0.010442146409852526,0.0,0.3794,6.8036,44.8886,synthetic_default
main,default,default,poisson,threshold_explain,2,5000,0.0,0.01635813410371319,0.8481545999999988,0.3841351375150462,0.7855176152456633,0.28685315095836633,13.3208296088889,0.4579500000000253,0.0,0.0,0.0,2.270688000000052,0.008501619215081524,0.0,0.0,6.8138,45.0424,synthetic_default
main,default,default,poisson,rate_limited,2,5000,0.0,0.015697697968670998,0.8129683999999994,0.5868701564773419,0.809193322725892,0.3993497431634229,0.23614200888888953,0.5363500000000403,0.0,0.0,0.0,3.0929760000001427,0.0006848714714651205,0.0,0.0,6.7358,44.8746,synthetic_default
main,default,default,poisson,fifo_explanation,2,5000,0.0,0.01840856832240991,0.9486959999999981,0.9927433628318584,0.9807304135819549,0.851088495575184,0.06569035555555552,1.5892166666665988,0.0,0.0,0.0,6.7308,0.003610332745676681,0.0,0.3704,6.78,45.0374,synthetic_default
main,default,default,poisson,static_coarse_full,2,5000,0.0,0.014446373198228958,0.7488972799999992,0.38284501562223694,0.7842094197528404,0.28561280433887204,8.4675016533333,0.4533833333333551,0.0,0.0,0.0,2.2511520000000496,0.003551150019447169,0.0,0.0,6.7852,45.0746,synthetic_default
main,default,default,poisson,static_offload,2,5000,0.0,0.014735245373861727,0.7653993599999985,0.35916128461468105,0.6756666234129722,0.4203839688577943,5.517369448888896,0.5285777777777884,0.2509658202837005,0.0,0.0,0.8347839999999996,0.003921359641527733,0.0,0.0,6.7818,45.0354,synthetic_default
main,default,default,poisson,budget_only_bexgov,2,5000,0.0,0.01615486814801462,0.8378219599999999,0.3655965292841597,0.7389258585248623,0.27708376667756784,87.63902205155256,0.38750222222224,0.0,0.06896859121029329,0.0,2.071068000000062,0.0,0.0,0.0,6.7306,44.9852,synthetic_default
main,default,default,poisson,xai_gate,2,5000,0.0,0.015804136046448987,0.8190288000000001,0.6659387018872882,0.7771318804773241,0.7538412688947008,0.1757844048888891,0.6465583333332757,0.2649891177961301,0.0,0.6253540443039861,2.555299999999739,0.0,0.0,0.0,6.7082,45.1134,synthetic_default
main,default,default,bursty,never_explain,2,5000,0.1584762084815257,1.2358615384615512,64.2648,0.0,0.0,0.0,10156.21203660002,0.0,0.0,0.0,0.0,0.0,0.1428173810752269,0.0,0.0,8.7046,50.7786,synthetic_default
main,default,default,bursty,always_explain,2,5000,0.16398001629234854,1.2567539677172428,64.21484500000005,1.0,1.0,0.849999999999938,0.0,2.0661138888887383,0.0,0.0,0.0,8.7506,0.14788914381211926,0.1462,0.5188,8.7506,50.8214,synthetic_default
main,default,default,bursty,threshold_explain,2,5000,0.16347508676388398,1.2382653575163634,63.92705439999988,0.4249319388357084,0.812912746003261,0.3215515676755026,1972.8355703377754,0.67751666666672,0.0,0.0,0.0,3.297672000000059,0.15627467491415437,0.0008,0.0,8.8156,50.8276,synthetic_default
main,default,default,bursty,rate_limited,2,5000,0.16037765592059985,1.253151677520357,64.74297195999999,0.5008293512222165,0.7921088509298384,0.5940681859952077,2805.4117837465883,0.6983277777778432,0.0,0.0,0.0,3.642688000000132,0.1456153787442087,0.0,0.0,8.7056,50.6604,synthetic_default
main,default,default,bursty,fifo_explanation,2,5000,0.16305001615203574,1.258029777333962,64.73171700000006,0.7803224038724997,0.562849730616342,0.8829516394190557,1572.218308266666,1.6138194444443783,0.0,0.0,0.0,6.835,0.1502349267380556,0.0,0.381,8.7592,50.7676,synthetic_default
main,default,default,bursty,static_coarse_full,2,5000,0.16216506174104223,1.2408822410098435,64.07716044000011,0.4227932589929776,0.8103100762941179,0.3192750669750369,1874.0620279022314,0.6645083333333853,0.0,0.0,0.0,3.2435520000000726,0.14716721433768698,0.0006,0.0,8.7346,50.7604,synthetic_default
main,default,default,bursty,static_offload,2,5000,0.1613265183261522,1.2398709661061622,64.32145592000015,0.39900213092591263,0.6961209506581814,0.4783303164310342,1550.1165836756318,0.780716666666686,0.291661893087093,0.0,0.0,1.1487119999999589,0.14483201846714988,0.0,0.0,8.7286,50.829,synthetic_default
main,default,default,bursty,budget_only_bexgov,2,5000,0.1628453791595459,1.2411913383244493,64.12716823999992,0.4044686811168266,0.7591473739460844,0.3117847630418951,2308.353415459547,0.5649105555555989,0.0,0.09152277736958118,0.0,2.995584000000121,0.14597106391488168,0.0,0.0,8.7104,50.6726,synthetic_default
main,default,default,bursty,xai_gate,2,5000,0.1607658950007117,1.2284611128135827,63.58106946000004,0.6323457989315794,0.7750948176946773,0.7275519785378675,97.7867474675577,0.8735866666666299,0.27669465066259624,0.09396609542311339,0.4453849533985522,3.001547999999971,0.13974600262537518,0.0,0.0,8.6478,50.5832,synthetic_default
main,default,default,self_similar,never_explain,2,5000,0.34554979088757726,4.596942307691911,239.041,0.0,0.0,0.0,24548.351869198126,0.0,0.0,0.0,0.0,0.0,0.2959018324267173,0.0,0.0,15.4588,79.5266,synthetic_default
main,default,default,self_similar,always_explain,2,5000,0.36063147284963026,4.676013312334831,239.145101,1.0,1.0,0.8499999999999738,0.0,3.669874999999887,0.0,0.0,0.0,15.543,0.294195230886827,0.25,0.7202,15.543,80.0652,synthetic_default
main,default,default,self_similar,threshold_explain,2,5000,0.3577645337963229,4.639091199011354,239.67727576000001,0.4372070794667618,0.81730441746617,0.33120117991112386,10009.158501608796,1.2525777777777807,0.0,0.0,0.0,6.087544000000108,0.30797170744712576,0.0,0.199,15.7978,80.5206,synthetic_default
main,default,default,self_similar,rate_limited,2,5000,0.3620806815630119,4.628058099360254,239.07516088,0.45023562796118377,0.8011676432228482,0.705195216498998,15045.540505540414,1.2657666666666558,0.0,0.0,0.0,6.2144160000001385,0.2986053704137841,0.0,0.2084,15.7876,81.049,synthetic_default
main,default,default,self_similar,fifo_explanation,2,5000,0.3577584862952876,4.6595792573260475,239.34174199999998,0.7394505297180822,0.4595014205667721,0.8890824205422695,11213.062483266545,2.7224555555554857,0.0,0.0,0.0,11.5304,0.298579517300708,0.0,0.6318,15.5932,80.0526,synthetic_default
main,default,default,self_similar,static_coarse_full,2,5000,0.35198973730508604,4.632219620289499,239.33351232000004,0.4373197484148097,0.818748145025481,0.33170957762323267,10069.50115286655,1.244686111111117,0.0,0.0,0.0,6.03863200000012,0.306941875638026,0.0002,0.1938,15.6448,79.8036,synthetic_default
main,default,default,self_similar,static_offload,2,5000,0.35542206969141255,4.614964345501611,239.44327804,0.40784557986594644,0.7005736733972414,0.49206108511449753,9499.909977311005,1.4583055555555569,0.30168205387631214,0.0,0.0,2.1048079999997964,0.30856541875500043,0.0,0.31,15.814,80.5666,synthetic_default
main,default,default,self_similar,budget_only_bexgov,2,5000,0.35072738815949717,4.628963961986513,239.37165162000005,0.4013038513443533,0.7419237074473524,0.3183834215716874,10778.084002423571,0.9089444444444518,0.0,0.07670248105470777,0.08437143153742344,5.2329879999999775,0.28897263040636445,0.0,0.0,15.4128,79.7162,synthetic_default
main,default,default,self_similar,xai_gate,2,5000,0.3491559151227912,4.624287863250462,239.45679764,0.43654107469741027,0.48420188406725,0.5233560129440534,6865.451120712876,1.0,0.16661939509578938,0.09738803083825387,0.32265103266842426,3.9358049999958427,0.2986528105303974,0.0004,0.0,15.5132,79.6374,synthetic_default
main,default,default,markov_modulated,never_explain,2,5000,0.18025995620809399,1.9981807692307931,103.9054,0.0,0.0,0.0,15873.788046399706,0.0,0.0,0.0,0.0,0.0,0.3152623034829274,0.0,0.0,11.0106,55.8094,synthetic_default
main,default,default,markov_modulated,always_explain,2,5000,0.15383195238784222,1.8063347040778444,92.31672200000003,1.0,1.0,0.8499999999999348,0.0,2.400872222222038,0.0,0.0,0.0,10.1684,0.29062556323029365,0.2276,0.597,10.1684,52.5244,synthetic_default
main,default,default,markov_modulated,threshold_explain,2,5000,0.1970750123199428,2.016024618766885,103.91122687999999,0.4908737777777878,0.8486874157492803,0.3781946666666688,4007.045530244507,1.0437166666666953,0.0,0.0,0.0,4.958712000000064,0.32949022026994457,0.0068,0.0266,11.25,56.4126,synthetic_default
main,default,default,markov_modulated,rate_limited,2,5000,0.1646744726013856,1.8204248996643506,93.97983312000015,0.49343908265649133,0.7869765195105276,0.6774276158623748,5541.633193837946,0.9201666666667279,0.0,0.0,0.0,4.51593600000009,0.30132071928901505,0.0008,0.0,10.465,53.6122,synthetic_default
main,default,default,markov_modulated,fifo_explanation,2,5000,0.17941188827398763,1.9974977170736028,102.79881399999998,0.6851916600725051,0.4067004711994973,0.8972212509890525,7969.457738600043,1.7582722222221443,0.0,0.0,0.0,7.4468,0.31209013028906885,0.0,0.4374,10.8682,55.2208,synthetic_default
main,default,default,markov_modulated,static_coarse_full,2,5000,0.17191494616984787,1.9645879195224016,101.32455348,0.4846056547619161,0.8455661337239263,0.3727464657738085,3523.0812635289326,0.9808361111111531,0.0,0.0,0.0,4.6701520000000425,0.3079814605306419,0.003,0.0,10.752,54.802,synthetic_default
main,default,default,markov_modulated,static_offload,2,5000,0.17348764792685395,2.0127406444868363,104.39418820000007,0.4542847038340303,0.7235805283952308,0.5667436250861615,3088.4832456756167,1.184661111111114,0.3572309478036926,0.0,0.0,1.5413679999999457,0.3294850650540564,0.0,0.15,11.0276,55.2976,synthetic_default
main,default,default,markov_modulated,budget_only_bexgov,2,5000,0.1908549878120056,2.0585213511422356,106.23985593999998,0.45403427353823617,0.7835986469568879,0.3586559644624284,4906.345947552815,0.8351066666667276,0.0,0.1225757521037235,0.0,4.352104000000094,0.3156856875406875,0.0004,0.0,11.0756,56.1208,synthetic_default
main,default,default,markov_modulated,xai_gate,2,5000,0.18124328957490113,1.9875292917442038,102.67519369999998,0.6397524329241291,0.749099878408137,0.7023719872669513,829.9154943093529,0.9658350000001269,0.21027739881764437,0.1271850841291496,0.5255115961800818,4.3223439999996245,0.31742596892816155,0.0018,0.0,10.995,55.6388,synthetic_default
main,default,default,non_markovian,never_explain,2,5000,0.1385636094621042,1.2792846153846302,66.5228,0.0,0.0,0.0,11802.596587199823,0.0,0.0,0.0,0.0,0.0,0.13760374876249193,0.0,0.0,9.434,55.2858,synthetic_default
main,default,default,non_markovian,always_explain,2,5000,0.13725270802604908,1.4311897282201607,73.26560899999997,1.0,1.0,0.8499999999999387,0.0,2.2028694444442856,0.0,0.0,0.0,9.3298,0.12703653102074441,0.0952,0.5456,9.3298,55.1878,synthetic_default
main,default,default,non_markovian,threshold_explain,2,5000,0.14167172637704697,1.2350649065378263,63.771162839999874,0.42802338209928414,0.8134278611367181,0.3237558295534594,2500.7078697555608,0.7263000000000518,0.0,0.0,0.0,3.5371440000000627,0.1343945559497206,0.0086,0.0,9.3918,55.1942,synthetic_default
main,default,default,non_markovian,rate_limited,2,5000,0.13621034460323947,1.216790552260537,62.86973947999996,0.5182711095237217,0.7758960961936464,0.5582316112359884,3375.3283410754793,0.7664500000000636,0.0,0.0,0.0,4.070472000000146,0.14691842630946006,0.0,0.0,9.5194,55.3332,synthetic_default
main,default,default,non_markovian,fifo_explanation,2,5000,0.13676645386504654,1.3298856021293393,68.44340899999987,0.8261652974109269,0.6537142356735388,0.8760752053882966,767.6796871555525,1.8187638888888153,0.0,0.0,0.0,7.703,0.13248844288001682,0.0,0.4508,9.3238,54.8868,synthetic_default
main,default,default,non_markovian,static_coarse_full,2,5000,0.13617489172118624,1.2770650679079578,65.9619236,0.42474247953873473,0.8119207116605858,0.3211469108342336,2372.429885128886,0.7100277777778276,0.0,0.0,0.0,3.4597840000000586,0.12644022072945038,0.0064,0.0,9.2614,54.8122,synthetic_default
main,default,default,non_markovian,static_offload,2,5000,0.13607524752475247,1.2404402867518223,64.35862532000002,0.3964515230709849,0.6953052706424377,0.4750025705839489,2252.345632720072,0.8291055555555678,0.28949059594704596,0.0,0.0,1.2219919999999487,0.1266252767872733,0.0,0.0,9.3364,55.247,synthetic_default
main,default,default,non_markovian,budget_only_bexgov,2,5000,0.13656291036888857,1.2265183972080933,63.38924236000001,0.39673459265967864,0.7576352301526216,0.30670203131066337,3055.7249364808563,0.596938333333375,0.0,0.08800189761504291,0.0,3.14265200000014,0.1306195441097413,0.0006,0.0,9.2748,54.6886,synthetic_default
main,default,default,non_markovian,xai_gate,2,5000,0.13484627029085552,1.3049379567617911,67.53398900000009,0.6301860233450184,0.7688582012441378,0.6858050544643195,114.92225151022403,0.7973099999999474,0.2116638153193148,0.043506507568703036,0.555991077809299,3.532899999999695,0.12726771173955642,0.0012,0.0,9.2354,54.6182,synthetic_default
main,default,default,transient_overload,never_explain,2,5000,0.24559317689941906,1.0230884615384768,53.2006,0.0,0.0,0.0,13163.96610239976,0.0,0.0,0.0,0.0,0.0,0.2031077951171354,0.0,0.0,10.1396,56.1856,synthetic_default
main,default,default,transient_overload,always_explain,2,5000,0.2529516822792331,1.0525531630579672,53.290776,1.0,1.0,0.8499999999999169,0.0,2.398558333333099,0.0,0.0,0.0,10.1586,0.20472326088580428,0.1968,0.5254,10.1586,56.2154,synthetic_default
main,default,default,transient_overload,threshold_explain,2,5000,0.2501761695719501,1.0372340977051826,53.31761847999997,0.4404965180784642,0.8217614669119594,0.3348133139237556,4090.3809680888244,0.8189166666667189,0.0,0.0,0.0,3.9617759999999826,0.20364450884844243,0.0036,0.0,10.1668,56.3112,synthetic_default
main,default,default,transient_overload,rate_limited,2,5000,0.24628215073064771,1.0331233504775614,53.231000960000024,0.4625978780048696,0.7639321038640257,0.6671041813483317,7981.66339746463,0.8063833333333865,0.0,0.0,0.0,4.055688000000112,0.21291122199309842,0.0,0.0,10.2168,56.1558,synthetic_default
main,default,default,transient_overload,fifo_explanation,2,5000,0.24786473095403672,1.03540202087749,53.16066899999999,0.7166141732283464,0.4779428779315528,0.8925078740156731,8444.247421666676,1.7190777777776902,0.0,0.0,0.0,7.2808,0.2089279807333082,0.0,0.4436,10.16,56.0276,synthetic_default
main,default,default,transient_overload,static_coarse_full,2,5000,0.24787161177197423,1.034470812293158,53.17842212,0.44089441362917176,0.8204800713325516,0.3346979001584843,3998.1942200266294,0.8114500000000513,0.0,0.0,0.0,3.9323280000000005,0.2018146258078275,0.0028,0.0,10.096,56.0042,synthetic_default
main,default,default,transient_overload,static_offload,2,5000,0.24605081397462722,1.0263992120446477,53.17600348000001,0.4109122538035558,0.7022135918967845,0.49686499980345167,3810.981679382223,0.948172222222227,0.305205016314817,0.0,0.0,1.359319999999927,0.20896708812028142,0.0,0.0,10.1748,56.1074,synthetic_default
main,default,default,transient_overload,budget_only_bexgov,2,5000,0.24678160235165716,1.035483408058346,53.290306180000016,0.41247485618128693,0.7647736301580135,0.31986948694870837,4649.920455388298,0.6842238888889398,0.0,0.095918287480922,0.0,3.604208000000038,0.21545082342477162,0.0002,0.0,10.2212,56.0626,synthetic_default
main,default,default,transient_overload,xai_gate,2,5000,0.24808781934176355,1.0357704357537085,53.24107367999999,0.6802248703433486,0.7488860459392666,0.7741116037848685,2313.097474334925,0.9905794444447377,0.24702086385050873,0.15438061680984996,0.5727463478364148,4.14653199999926,0.20167651452439594,0.012,0.0,10.1036,56.0528,synthetic_default
main,default,default,adversarial_explanation_flood,never_explain,2,5000,0.0,0.01510769230769231,0.7856,0.0,0.0,0.0,20170.521161999026,0.0,0.0,0.0,0.0,0.0,0.808766731136624,0.0,0.0,12.2324,45.0856,synthetic_default
main,default,default,adversarial_explanation_flood,always_explain,2,5000,0.0,0.019240252645340686,0.9845880000000021,1.0,1.0,0.8499999999999913,0.0,2.8732361111110816,0.0,0.0,0.0,12.169,0.804274272226126,0.0438,0.6516,12.169,44.9636,synthetic_default
main,default,default,adversarial_explanation_flood,threshold_explain,2,5000,0.0,0.015956867949207827,0.8228282399999999,0.5785682441134713,0.8838876959507009,0.45374739935933095,3662.8150009911237,1.3817833333333234,0.0,0.0,0.0,6.416760000000117,0.7991714459293486,0.0,0.2782,12.1124,44.8814,synthetic_default
main,default,default,adversarial_explanation_flood,rate_limited,2,5000,0.0,0.016190472821824037,0.8348921199999996,0.6154106890778432,0.8756073382871361,0.6530588293227266,5125.214415075644,1.413738888888873,0.0,0.0,0.0,6.725624000000099,0.8072891404533764,0.0,0.2942,12.1844,44.9454,synthetic_default
main,default,default,adversarial_explanation_flood,fifo_explanation,2,5000,0.0,0.02048673420045354,1.0522149999999895,0.8768484212597134,0.7606304600121109,0.868472736811022,2558.7381641111037,2.5257277777777265,0.0,0.0,0.0,10.6972,0.8024534855717724,0.0,0.605,12.1996,45.1222,synthetic_default
main,default,default,adversarial_explanation_flood,static_coarse_full,2,5000,0.0,0.01696724671912483,0.8747335999999998,0.5820658445712021,0.885569359033191,0.4569858880939004,3593.939288133368,1.3958999999999933,0.0,0.0,0.0,6.473496000000113,0.798273114693347,0.0,0.2834,12.1316,44.975,synthetic_default
main,default,default,adversarial_explanation_flood,static_offload,2,5000,0.0,0.014501079404097075,0.7522363999999999,0.5334401340760146,0.751325100475225,0.6912357667472456,3099.9856904534417,1.614588888888892,0.44872742807380755,0.0,0.0,1.8553759999998387,0.8064280594277207,0.0,0.375,12.1722,44.9218,synthetic_default
main,default,default,adversarial_explanation_flood,budget_only_bexgov,2,5000,0.0,0.015108577197031804,0.7802352800000012,0.5104558748203373,0.7740982764208446,0.4232555641843328,5342.37985270738,0.9169733333333663,0.0,0.14162026404058095,0.13732423456320947,5.327559999999897,0.7998623062659598,0.0,0.0,12.1042,44.8338,synthetic_default
main,default,default,adversarial_explanation_flood,xai_gate,2,5000,0.0,0.018295816519047298,0.9427452800000012,0.6886725823977777,0.8029085294894922,0.6571884363373038,1564.0546823733262,0.9944283333335742,0.040301603503342005,0.131836291198841,0.6357709657238814,6.904359999999171,0.7972388408575795,0.0002,0.0,12.1484,45.0632,synthetic_default
main,default,default,rtt_uncertainty,never_explain,2,5000,0.0,0.014580769230769237,0.7582,0.0,0.0,0.0,6949.317634800203,0.0,0.0,0.0,0.0,0.0,0.08109468423537947,0.0,0.0,7.303,45.0346,synthetic_default
main,default,default,rtt_uncertainty,always_explain,2,5000,0.0,0.01873615308561445,0.9648560000000005,1.0,1.0,0.849999999999964,0.0,1.7330555555554823,0.0,0.0,0.0,7.34,0.08457786426818514,0.0002,0.419,7.34,45.1174,synthetic_default
main,default,default,rtt_uncertainty,threshold_explain,2,5000,0.0,0.016932515585707603,0.8774027199999991,0.4125316281628198,0.8067485790627507,0.31137926292631335,188.29526029777915,0.5391777777778178,0.0,0.0,0.0,2.6335120000000622,0.0770604780122357,0.0,0.0,7.272,45.0114,synthetic_default
main,default,default,rtt_uncertainty,rate_limited,2,5000,0.0,0.017685368105434685,0.915356279999999,0.6043279562580052,0.827271198928205,0.4183577704632923,0.43233106222222284,0.6340194444445044,0.0,0.0,0.0,3.5439760000001543,0.08479367791416137,0.0,0.0,7.3522,45.1834,synthetic_default
main,default,default,rtt_uncertainty,fifo_explanation,2,5000,0.0,0.01875647943901196,0.9663499999999998,0.9905913978494624,0.9754846991471582,0.8514112903225322,0.1090852666666666,1.705336111111015,0.0,0.0,0.0,7.2226,0.08127827878151495,0.0,0.4148,7.2912,44.9542,synthetic_default
main,default,default,rtt_uncertainty,static_coarse_full,2,5000,0.0,0.015202695732059653,0.7877657999999981,0.4152534180361851,0.8056364954168579,0.3130562077061403,128.8838274000001,0.5388027777778185,0.0,0.0,0.0,2.636080000000066,0.07432118657521092,0.0,0.0,7.241,44.9338,synthetic_default
main,default,default,rtt_uncertainty,static_offload,2,5000,0.0,0.016114714073538233,0.8369212399999993,0.388488762807071,0.6893265107997008,0.5544057562705791,15.106484315555415,0.6245833333333453,0.2791395835628512,0.0,0.0,0.9445199999999777,0.07650547844275946,0.0,0.0,7.2616,44.9702,synthetic_default
main,default,default,rtt_uncertainty,budget_only_bexgov,2,5000,0.0,0.01803580436649559,0.9348721799999996,0.3913452426338361,0.7547140624043822,0.30057458744078264,653.1807243182315,0.46000888888891406,0.0,0.08439082838625347,0.0,2.4400520000001094,0.08486733846785754,0.0,0.0,7.3444,45.1324,synthetic_default
main,default,default,rtt_uncertainty,xai_gate,2,5000,0.0,0.014474308231109533,0.7489981800000001,0.6422660287081766,0.8520634997248057,0.55447659665471,0.40291039866666684,0.5747344444444411,0.023868762816131237,0.05733424470266576,0.3995352016404648,3.788583999999764,0.08364109332942204,0.0,0.0,7.315,45.0026,synthetic_default
main,default,default,detection_matrix_perturbation,never_explain,2,5000,0.0,0.01401923076923077,0.729,0.0,0.0,0.0,6501.540944289266,0.0,0.0,0.0,0.0,0.0,0.07073416721253145,0.0,0.0,7.2086,44.8826,synthetic_default
main,default,default,detection_matrix_perturbation,always_explain,2,5000,0.0,0.0157675739945864,0.8121460000000007,1.0,1.0,0.8499999999999592,0.0,1.682291666666586,0.0,0.0,0.0,7.125,0.0598562165587444,0.0002,0.4028,7.125,44.8174,synthetic_default
main,default,default,detection_matrix_perturbation,threshold_explain,2,5000,0.0,0.015353387764958763,0.7957726399999991,0.38690728550708703,0.7904043299294078,0.2897997322325294,259.774044767693,0.4891166666666974,0.0,0.0,0.0,2.414832000000059,0.06241841541057758,0.0,0.0,7.1704,44.9942,synthetic_default
main,default,default,detection_matrix_perturbation,rate_limited,2,5000,0.0,0.013726617411033116,0.7107015599999985,0.5897588691796114,0.8147182581230442,0.4024986141907158,0.41182914832536643,0.5824805555556051,0.0,0.0,0.0,3.340760000000146,0.07176169343100769,0.0,0.0,7.216,44.8856,synthetic_default
main,default,default,detection_matrix_perturbation,fifo_explanation,2,5000,0.0,0.01836269065377699,0.9462439999999982,0.9918159141231537,0.9784864547796088,0.8512276128814867,0.07952795902811154,1.6710527777776985,0.0,0.0,0.0,7.0774,0.05580881275883587,0.0,0.402,7.1358,45.0574,synthetic_default
main,default,default,detection_matrix_perturbation,static_coarse_full,2,5000,0.0,0.016935255925038143,0.8777766399999991,0.38531100211793856,0.7865067244365794,0.2878943261620958,303.336651052616,0.48451666666669774,0.0,0.0,0.0,2.4004800000000537,0.06147936809379684,0.0,0.0,7.1768,45.0742,synthetic_default
main,default,default,detection_matrix_perturbation,static_offload,2,5000,0.0,0.015118009769675629,0.7852292800000007,0.36516342054666295,0.6812165866975557,0.43105213296549916,29.4765927400383,0.5753944444444554,0.2592995068126724,0.0,0.0,0.8864079999999865,0.06421022666619103,0.0,0.0,7.1778,44.9648,synthetic_default
main,default,default,detection_matrix_perturbation,budget_only_bexgov,2,5000,0.0,0.015556137445142088,0.8065452399999992,0.3683034684519898,0.7407176103904486,0.2802877718079356,520.7998739055898,0.4120827777777984,0.0,0.07513572814987764,0.0,2.2059000000000766,0.053252211373370884,0.0,0.0,7.1098,45.0022,synthetic_default
main,default,default,detection_matrix_perturbation,xai_gate,2,5000,0.0,0.015521000165072714,0.8040206000000016,0.6341687766061532,0.7612152713742741,0.6573336857627111,0.5153559632156502,0.5100727777777191,0.14930024206338166,0.0,0.7017612197768565,3.034255999999655,0.06627861613109332,0.0,0.0,7.1882,44.9426,synthetic_default
main,default,default,poisson,never_explain,3,5000,0.0,0.013626923076923071,0.7086,0.0,0.0,0.0,5412.667810600262,0.0,0.0,0.0,0.0,0.0,0.0,0.0,0.0,6.725,45.1026,synthetic_default
main,default,default,poisson,always_explain,3,5000,0.0,0.017514004300886503,0.9027029999999999,1.0,1.0,0.8499999999999628,0.0,1.6046111111110408,0.0,0.0,0.0,6.796,0.0067253281189805225,0.0,0.3754,6.796,45.004,synthetic_default
main,default,default,poisson,threshold_explain,3,5000,0.0,0.016056996273885675,0.832460439999999,0.38554587466517665,0.7852339448461158,0.28774909486947264,7.117118071111114,0.4577027777778014,0.0,0.0,0.0,2.271232000000057,0.006517939146148288,0.0,0.0,6.7946,45.004,synthetic_default
main,default,default,poisson,rate_limited,3,5000,0.0,0.015814586794339586,0.8190275599999992,0.5860808021232804,0.8069970742582899,0.3984517841345005,0.30484813111111125,0.5379722222222644,0.0,0.0,0.0,3.1071200000001395,0.004745206274991531,0.0,0.0,6.782,44.9998,synthetic_default
main,default,default,poisson,fifo_explanation,3,5000,0.0,0.01636929373912085,0.843773,0.9938592067400398,0.9832789916784221,0.8509211189889578,0.047388533333333274,1.5820388888888228,0.0,0.0,0.0,6.7004,0.0,0.0,0.3658,6.7418,45.017,synthetic_default
main,default,default,poisson,static_coarse_full,3,5000,0.0,0.014678479515297733,0.7609763599999981,0.39041051195349247,0.7908921202614357,0.292492732989281,8.831215017777764,0.46438888888891494,0.0,0.0,0.0,2.2919840000000535,0.001033278700205198,0.0,0.0,6.7428,44.9056,synthetic_default
main,default,default,poisson,static_offload,3,5000,0.0,0.014688188333905382,0.7629267999999996,0.35978989982563125,0.6741251587079616,0.41933069353739644,4.666222026666685,0.5253833333333428,0.24937206347330163,0.0,0.0,0.8400719999999976,0.0024245278687424765,0.0,0.0,6.7682,45.0122,synthetic_default
main,default,default,poisson,budget_only_bexgov,3,5000,0.0,0.015070669220748099,0.7815278199999993,0.364373391700429,0.7367287445022556,0.27583335798160796,135.5572672880019,0.3859083333333523,0.0,0.06965600875506522,0.0,2.069580000000072,0.0009518353546915659,0.0,0.0,6.7618,45.0358,synthetic_default
main,default,default,poisson,xai_gate,3,5000,0.0,0.014879580724623054,0.7712171799999995,0.6651603283335729,0.7763468373034935,0.7513065430494024,0.2258935231111111,0.650627777777718,0.2629325617101689,0.0,0.6230069682295972,2.583031999999742,0.002057786673650863,0.0,0.0,6.7736,45.0646,synthetic_default
main,default,default,bursty,never_explain,3,5000,0.15938674923383148,1.2206923076923204,63.476,0.0,0.0,0.0,10139.485460600006,0.0,0.0,0.0,0.0,0.0,0.14638294735290125,0.0,0.0,8.7082,50.6416,synthetic_default
main,default,default,bursty,always_explain,3,5000,0.1663041292001886,1.2460579169111323,63.66744499999988,1.0,1.0,0.8499999999999416,0.0,2.0586527777776364,0.0,0.0,0.0,8.719,0.14621128464005517,0.1492,0.5138,8.719,50.712,synthetic_default
main,default,default,bursty,threshold_explain,3,5000,0.16062057040534208,1.2364300077616186,63.83857612000011,0.42814017164815127,0.8128604039471519,0.32382250753550956,1767.858428080012,0.6722694444444964,0.0,0.0,0.0,3.27431200000006,0.1427827671482529,0.0006,0.0,8.6922,50.7078,synthetic_default
main,default,default,bursty,rate_limited,3,5000,0.1617620677246247,1.2321186268698763,63.645821680000054,0.5010617385540391,0.7947888663960818,0.6026777754919981,2840.0398969755206,0.7110500000000654,0.0,0.0,0.0,3.682056000000132,0.15336705196597422,0.0004,0.0,8.7498,50.5754,synthetic_default
main,default,default,bursty,fifo_explanation,3,5000,0.16398968628295393,1.242216119570388,63.913906000000075,0.7836700336700336,0.5688010153757254,0.882449494949428,1382.361779222219,1.6266638888888183,0.0,0.0,0.0,6.8894,0.14699493120926843,0.0,0.3876,8.7912,51.097,synthetic_default
main,default,default,bursty,static_coarse_full,3,5000,0.1612548661253285,1.2363171400745478,63.83510447999988,0.426832517860021,0.812551350395906,0.3227712310201636,1766.6321740800074,0.6710055555556086,0.0,0.0,0.0,3.2690240000000483,0.1450959967803811,0.0006,0.0,8.7066,50.6892,synthetic_default
main,default,default,bursty,static_offload,3,5000,0.16150262455287964,1.2347889005378565,64.05654180000009,0.3983049684326027,0.6956243167648509,0.4771722023972809,1517.0720134533992,0.7799444444444619,0.2907859822490621,0.0,0.0,1.1499039999999539,0.1493609184160396,0.0,0.0,8.7432,50.7134,synthetic_default
main,default,default,bursty,budget_only_bexgov,3,5000,0.1611955313291402,1.243178845385013,64.23123919999992,0.39859614196471543,0.7571286170593498,0.30689801148716556,2415.8654559573188,0.5583222222222646,0.0,0.08878515365781103,0.0,2.960776000000115,0.14745511045643633,0.0,0.0,8.7402,50.7802,synthetic_default
main,default,default,bursty,xai_gate,3,5000,0.1638707811319566,1.2420059007736526,64.27675962,0.6315894115756916,0.7756189217974724,0.7261482654911721,103.28209902133574,0.879441111111077,0.2744220217186675,0.10159101866519733,0.43960787014716346,3.0343799999999743,0.14258058423570996,0.0002,0.0,8.7114,50.8288,synthetic_default
main,default,default,self_similar,never_explain,3,5000,0.34558130059831443,4.598280769230374,239.1106,0.0,0.0,0.0,24476.688055798066,0.0,0.0,0.0,0.0,0.0,0.29397552586198805,0.0,0.0,15.4352,79.5234,synthetic_default
main,default,default,self_similar,always_explain,3,5000,0.3738288940996822,4.684140082302475,239.42944599999998,1.0,1.0,0.8499999999999788,0.0,3.790905555555461,0.0,0.0,0.0,16.0556,0.3099533150248608,0.2754,0.7356,16.0556,81.7108,synthetic_default
main,default,default,self_similar,threshold_explain,3,5000,0.35752107313776454,4.630803459832324,239.24535832000004,0.43852800650604973,0.8198913440426964,0.3329260699400184,9876.18436953323,1.2584527777777768,0.0,0.0,0.0,6.097912000000124,0.30362831286681513,0.0,0.196,15.7392,80.4892,synthetic_default
main,default,default,self_similar,rate_limited,3,5000,0.35592312295554185,4.633220871116405,239.3498424,0.4505583039768032,0.8016924756011649,0.7024627691368297,14665.41515642033,1.2571888888888867,0.0,0.0,0.0,6.184808000000156,0.30598164540300443,0.0,0.2052,15.7262,80.2778,synthetic_default
main,default,default,self_similar,fifo_explanation,3,5000,0.35582772196343443,4.658793816334182,239.29809100000003,0.7388265116695899,0.45936755212393726,0.8891760232495458,11567.24738651104,2.7251472222221707,0.0,0.0,0.0,11.5418,0.30494527295858775,0.0,0.6314,15.6218,79.8082,synthetic_default
main,default,default,self_similar,static_coarse_full,3,5000,0.35790870449516976,4.636530363229355,239.5408321599999,0.4375204225084535,0.8191101090759232,0.33199652975669863,10173.62258722206,1.2581861111111081,0.0,0.0,0.0,6.100744000000121,0.3072015536025161,0.0002,0.21,15.7914,80.5354,synthetic_default
main,default,default,self_similar,static_offload,3,5000,0.35485664892692137,4.6166735935505265,239.53212324,0.41028974834303134,0.7014845009369426,0.49559917722648644,9479.18092073545,1.4636000000000013,0.30415957743975214,0.0,0.0,2.104847999999796,0.3045257060701059,0.0,0.3174,15.7516,80.4972,synthetic_default
main,default,default,self_similar,budget_only_bexgov,3,5000,0.349543747675016,4.623757658649488,239.09171174,0.4020627883599419,0.7409542299146482,0.3193945408150157,10962.982853705756,0.9097222222222283,0.0,0.08050880222697632,0.08614068098048819,5.270163999999958,0.30021549051741503,0.0,0.0,15.5188,79.5704,synthetic_default
main,default,default,self_similar,xai_gate,3,5000,0.3563814300705345,4.620613133628186,239.25562621999998,0.430303082039924,0.4778781064653613,0.5193222862998937,7174.025191144477,1.0,0.1636377432940016,0.09572409606556133,0.32972581603822565,3.9762129999958016,0.3092742536386679,0.0004,0.0,15.8142,80.524,synthetic_default
main,default,default,markov_modulated,never_explain,3,5000,0.18449937279051204,2.026000000000028,105.352,0.0,0.0,0.0,16454.533407399573,0.0,0.0,0.0,0.0,0.0,0.32602539248109275,0.0,0.0,11.1628,56.1216,synthetic_default
main,default,default,markov_modulated,always_explain,3,5000,0.17532436036245427,2.042922210569642,104.375937,1.0,1.0,0.8499999999999373,0.0,2.573327777777588,0.0,0.0,0.0,10.8988,0.3199435147304974,0.2588,0.6012,10.8988,55.0468,synthetic_default
main,default,default,markov_modulated,threshold_explain,3,5000,0.1847509306320631,2.098730481124987,108.22996412000009,0.4901866378144545,0.848400329031969,0.3775358398701657,3582.5124919244827,1.0266750000000284,0.0,0.0,0.0,4.879944000000055,0.312184110398092,0.0052,0.0172,11.091,56.3488,synthetic_default
main,default,default,markov_modulated,rate_limited,3,5000,0.1889502390979548,2.03104882333783,104.83418488000004,0.4843678881820789,0.7826849298599328,0.7034486157154136,7298.313136797963,0.9891055555555969,0.0,0.0,0.0,4.783592000000079,0.3266578468465595,0.002,0.0,11.161,56.0858,synthetic_default
main,default,default,markov_modulated,fifo_explanation,3,5000,0.1694915395253587,1.8758161672013103,96.53963299999985,0.6958717238520529,0.4229229936075109,0.895619241422125,6310.0503130666875,1.7440111111110423,0.0,0.0,0.0,7.3864,0.30834140677577415,0.0,0.4102,10.6146,54.0868,synthetic_default
main,default,default,markov_modulated,static_coarse_full,3,5000,0.1833409322908769,1.9433460491824717,100.18927695999987,0.48610336341264504,0.8465320868115614,0.37406708595388233,3784.377999235597,1.0050027777778183,0.0,0.0,0.0,4.782376000000051,0.3200355185931132,0.0046,0.0024,10.971,55.4076,synthetic_default
main,default,default,markov_modulated,static_offload,3,5000,0.16879169549416226,1.9430820893886764,100.78485211999998,0.4524651352807025,0.72329459029554,0.5644541419843833,3085.2622734267434,1.1523222222222231,0.35577797998180166,0.0,0.0,1.4994559999999417,0.3086528659208583,0.0,0.1292,10.7702,54.8666,synthetic_default
main,default,default,markov_modulated,budget_only_bexgov,3,5000,0.14467242958798343,1.7562594118739643,90.68434212000004,0.4441484785725759,0.7794083903666368,0.35002887525889204,3713.8312894923934,0.7356094444445043,0.0,0.12014099091922893,0.0,3.8494600000000814,0.2821357354229068,0.0,0.0,10.0432,52.2212,synthetic_default
main,default,default,markov_modulated,xai_gate,3,5000,0.14672964099594651,1.6756870863427706,86.59503242,0.6505099389765596,0.761993754855405,0.7271564658731712,387.390885473345,0.9381433333333827,0.23674299639498117,0.12955914043461625,0.5050450123859586,3.842383999999828,0.2778228141285457,0.0016,0.0,9.9306,51.81,synthetic_default
main,default,default,non_markovian,never_explain,3,5000,0.13672939720047347,1.231888461538474,64.0582,0.0,0.0,0.0,11483.907914399875,0.0,0.0,0.0,0.0,0.0,0.12200660486520465,0.0,0.0,9.299,55.2522,synthetic_default
main,default,default,non_markovian,always_explain,3,5000,0.13950762520930016,1.3748125678314689,70.35414699999976,1.0,1.0,0.849999999999945,0.0,2.21580833333319,0.0,0.0,0.0,9.3846,0.13128668400134313,0.0996,0.5472,9.3846,55.3034,synthetic_default
main,default,default,non_markovian,threshold_explain,3,5000,0.1387249471512436,1.2951350200396547,66.88573384000004,0.42767878102392753,0.8150917304361591,0.32408715508228686,2453.904152977778,0.727455555555608,0.0,0.0,0.0,3.533888000000069,0.13273407859446706,0.0062,0.0,9.3718,55.1574,synthetic_default
main,default,default,non_markovian,rate_limited,3,5000,0.134635978886334,1.2533689662602403,64.77209163999984,0.5198225238157497,0.7784087684598872,0.5560909565444203,2896.590117844387,0.7417305555556192,0.0,0.0,0.0,3.9419120000001566,0.12201121571957474,0.0,0.0,9.1956,54.6376,synthetic_default
main,default,default,non_markovian,fifo_explanation,3,5000,0.13905428052191224,1.2893005340471544,66.353711,0.8219081423195347,0.6483321405602225,0.8767137786520048,915.4933439333264,1.815174999999914,0.0,0.0,0.0,7.6878,0.1309772114185921,0.0,0.4476,9.3536,55.1358,synthetic_default
main,default,default,non_markovian,static_coarse_full,3,5000,0.13796646622941514,1.1970176481222465,61.80710796000003,0.4281604336043414,0.8144521325525985,0.3242308943089633,2313.114206991104,0.7156583333333892,0.0,0.0,0.0,3.4798320000000675,0.1185926467538978,0.0082,0.0,9.225,54.9798,synthetic_default
main,default,default,non_markovian,static_offload,3,5000,0.13573484727214497,1.2545548813432443,65.09007088000008,0.3996792464974524,0.6977368342501451,0.4809897230148645,2061.3508855333807,0.839538888888901,0.29425647407153127,0.0,0.0,1.221031999999947,0.13045777124535007,0.0,0.0,9.3218,54.9736,synthetic_default
main,default,default,non_markovian,budget_only_bexgov,3,5000,0.13698759848729328,1.204983017087055,62.2683795400001,0.40003273181446036,0.7559685249265252,0.308896808648104,3120.2318638301676,0.5978327777778187,0.0,0.09121839872518196,0.0,3.1640080000001394,0.1225164402319987,0.0004,0.0,9.2876,55.1594,synthetic_default
main,default,default,non_markovian,xai_gate,3,5000,0.13401021107088182,1.257152321367026,65.04961733999993,0.6328574790348025,0.7705312372893245,0.6871286154372547,122.90863278222436,0.802286111111056,0.20886103029265787,0.045524559301728565,0.5638370699982885,3.611775999999702,0.13054856178182872,0.0004,0.0,9.3488,55.1284,synthetic_default
main,default,default,transient_overload,never_explain,3,5000,0.2462467706013363,1.024023076923092,53.2492,0.0,0.0,0.0,13162.962060199785,0.0,0.0,0.0,0.0,0.0,0.20530957683741646,0.0,0.0,10.1472,56.125,synthetic_default
main,default,default,transient_overload,always_explain,3,5000,0.25050542120809405,1.0520955723206564,53.27575799999998,1.0,1.0,0.8499999999999126,0.0,2.391899999999754,0.0,0.0,0.0,10.1304,0.20317683150607557,0.1988,0.5256,10.1304,56.1314,synthetic_default
main,default,default,transient_overload,threshold_explain,3,5000,0.24681372635126667,1.0369498574541371,53.305212600000054,0.43949894753409313,0.8210365301198512,0.333878582810384,4074.409407853269,0.8159833333333837,0.0,0.0,0.0,3.9504239999999924,0.20992494052485622,0.0036,0.0,10.1666,56.0178,synthetic_default
main,default,default,transient_overload,rate_limited,3,5000,0.24643074400082926,1.0338008267498695,53.272191080000006,0.4689657566859942,0.7700834021099621,0.6637856122529621,7631.841962462485,0.8080666666667221,0.0,0.0,0.0,4.059960000000097,0.19796884339820875,0.0,0.0,10.0808,56.0994,synthetic_default
main,default,default,transient_overload,fifo_explanation,3,5000,0.24612357024322168,1.036633017017702,53.22383899999999,0.7204917548318458,0.4815277521098344,0.8919262367751485,8341.563674311097,1.7269166666665745,0.0,0.0,0.0,7.314,0.20761585267928728,0.0,0.4484,10.1514,56.041,synthetic_default
main,default,default,transient_overload,static_coarse_full,3,5000,0.24748159514682092,1.034576093275551,53.18690488,0.43940652760153454,0.821006069522451,0.33380492544416746,4000.202885431099,0.8093555555556026,0.0,0.0,0.0,3.9183920000000048,0.20119519302796096,0.0024,0.0,10.0864,55.9798,synthetic_default
main,default,default,transient_overload,static_offload,3,5000,0.24766199486565843,1.027183617921462,53.21625208000004,0.4101302758783711,0.702574741692185,0.4967159867955825,3849.3792838777663,0.9487500000000046,0.3055293562838953,0.0,0.0,1.3535279999999392,0.20468837103606252,0.0,0.0,10.1784,56.3266,synthetic_default
main,default,default,transient_overload,budget_only_bexgov,3,5000,0.2462270002208022,1.0369291806622551,53.370026380000006,0.4155407584353729,0.765392257103826,0.32243754354535004,4440.309756812287,0.6772211111111646,0.0,0.09778043196974222,0.0,3.5691120000000223,0.1926893024779721,0.0,0.0,10.047,56.1588,synthetic_default
main,default,default,transient_overload,xai_gate,3,5000,0.2471561735658005,1.0353741342561844,53.21978227999994,0.6799970353388692,0.7485151944829916,0.7737504941102789,2330.167910180717,0.990658888889177,0.24638311328958812,0.15404379792869002,0.5742548818088387,4.15609999999924,0.20264793620232768,0.0076,0.0,10.1192,56.094,synthetic_default
main,default,default,adversarial_explanation_flood,never_explain,3,5000,0.0,0.014873076923076937,0.7734,0.0,0.0,0.0,20158.605954799037,0.0,0.0,0.0,0.0,0.0,0.7992653704878914,0.0,0.0,12.1628,45.0658,synthetic_default
main,default,default,adversarial_explanation_flood,always_explain,3,5000,0.0,0.019590487739352,1.0023199999999997,1.0,1.0,0.8499999999999807,0.0,2.8645944444443794,0.0,0.0,0.0,12.1324,0.7995600627125701,0.0428,0.6522,12.1324,44.9458,synthetic_default
main,default,default,adversarial_explanation_flood,threshold_explain,3,5000,0.0,0.017129772183016503,0.8832311600000008,0.5784966354833396,0.8842263165525717,0.45387493845396054,3706.33027583559,1.391333333333328,0.0,0.0,0.0,6.457824000000092,0.8036899713594339,0.0,0.2798,12.186,45.041,synthetic_default
main,default,default,adversarial_explanation_flood,rate_limited,3,5000,0.0,0.01798697170776981,0.9277324399999992,0.6184545906529688,0.8769901261320207,0.6464136559496056,4768.594669284469,1.4003194444444385,0.0,0.0,0.0,6.679504000000141,0.7891718630930658,0.0,0.2862,12.068,44.9668,synthetic_default
main,default,default,adversarial_explanation_flood,fifo_explanation,3,5000,0.0,0.018842392060522836,0.9677649999999915,0.8809998517029445,0.7685307003243989,0.8678500222445397,2280.6700166666546,2.5248305555554844,0.0,0.0,0.0,10.6934,0.7981286591291652,0.0,0.604,12.1378,45.0016,synthetic_default
main,default,default,adversarial_explanation_flood,static_coarse_full,3,5000,0.0,0.01898891903232674,0.9790969599999999,0.5762763481504716,0.8839070094885866,0.45208804450093026,3709.3523952755786,1.3777777777777747,0.0,0.0,0.0,6.395704000000094,0.7969606233584434,0.0,0.2776,12.1166,44.9522,synthetic_default
main,default,default,adversarial_explanation_flood,static_offload,3,5000,0.0,0.015922891346863307,0.8259852400000008,0.5332527385769286,0.7516551320629713,0.6918447975263017,3094.2882684845626,1.614966666666662,0.44953781374387314,0.0,0.0,1.8480959999998519,0.7962012638818732,0.0,0.3834,12.1596,45.1308,synthetic_default
main,default,default,adversarial_explanation_flood,budget_only_bexgov,3,5000,0.0,0.017050311526276677,0.8803236200000014,0.5080759737818794,0.7728914712658612,0.42193317968584343,5415.495841964719,0.919229444444483,0.0,0.13885483580967325,0.14295755079357295,5.361251999999943,0.8129367210141747,0.0,0.0,12.2358,44.9944,synthetic_default
main,default,default,adversarial_explanation_flood,xai_gate,3,5000,0.0,0.018040899593421724,0.9296770600000007,0.6875160873054506,0.7992086738236016,0.658845971214781,1625.8817692742136,0.9985894444447025,0.04470060419497978,0.1330702601804398,0.635239794999427,6.8851239999991725,0.8054059007592864,0.0006,0.0,12.2146,45.1038,synthetic_default
main,default,default,rtt_uncertainty,never_explain,3,5000,0.0,0.015119230769230751,0.7862,0.0,0.0,0.0,6956.65955240019,0.0,0.0,0.0,0.0,0.0,0.07796764881958107,0.0,0.0,7.2746,44.9896,synthetic_default
main,default,default,rtt_uncertainty,always_explain,3,5000,0.0,0.01856733632228982,0.9560899999999996,1.0,1.0,0.8499999999999619,0.0,1.7284277777777004,0.0,0.0,0.0,7.3204,0.08404599539453739,0.0002,0.4216,7.3204,45.019,synthetic_default
main,default,default,rtt_uncertainty,threshold_explain,3,5000,0.0,0.013765073260557415,0.7132931599999996,0.41888435827023107,0.8073373384845177,0.3160051038806349,76.58199456000014,0.5421055555555939,0.0,0.0,0.0,2.6497760000000694,0.07340645991139416,0.0,0.0,7.2102,44.7808,synthetic_default
main,default,default,rtt_uncertainty,rate_limited,3,5000,0.0,0.016314709208293924,0.8444957599999996,0.6006535499959024,0.8236676037110414,0.41434932726827356,0.4380203511111117,0.6192388888889465,0.0,0.0,0.0,3.483032000000134,0.0852630185912957,0.0,0.0,7.2986,44.8346,synthetic_default
main,default,default,rtt_uncertainty,fifo_explanation,3,5000,0.0,0.017859377640389786,0.9199569999999987,0.9909726427038036,0.9772090661548003,0.8513541035943927,0.10171539999999991,1.7002833333332612,0.0,0.0,0.0,7.2012,0.07965798251283518,0.0,0.408,7.2668,44.871,synthetic_default
main,default,default,rtt_uncertainty,static_coarse_full,3,5000,0.0,0.014960114826771035,0.77534076,0.41901981259102794,0.8082937622189643,0.31626501057956047,85.46390587555551,0.54807500000004,0.0,0.0,0.0,2.6771040000000745,0.07799313349981318,0.0,0.0,7.2782,45.0108,synthetic_default
main,default,default,rtt_uncertainty,static_offload,3,5000,0.0,0.013251764504667583,0.6882766400000006,0.3870069798360047,0.6902510980591031,0.5545868498570866,10.388470015555589,0.6213000000000115,0.2796920008863284,0.0,0.0,0.93095999999998,0.07257497909304389,0.0,0.0,7.2208,44.8814,synthetic_default
main,default,default,rtt_uncertainty,budget_only_bexgov,3,5000,0.0,0.01577783426096124,0.8178501200000002,0.3929327398615158,0.7537278893960668,0.30081052862953284,567.293786260449,0.4571088888889136,0.0,0.08088800967139247,0.0,2.4249760000001124,0.07820831852114929,0.0,0.0,7.2792,45.008,synthetic_default
main,default,default,rtt_uncertainty,xai_gate,3,5000,0.0,0.016838261056356888,0.8714016800000017,0.6430275229358234,0.8527081124438932,0.5529251225242382,0.36455621688888934,0.5739361111111047,0.022315893875526904,0.05658869879053365,0.3940546050637794,3.774699999999784,0.07297260146415385,0.0,0.0,7.2594,45.1046,synthetic_default
main,default,default,detection_matrix_perturbation,never_explain,3,5000,0.0,0.014157692307692307,0.7362,0.0,0.0,0.0,6439.27121652796,0.0,0.0,0.0,0.0,0.0,0.05886518833274512,0.0,0.0,7.1468,44.9966,synthetic_default
main,default,default,detection_matrix_perturbation,always_explain,3,5000,0.0,0.01727552540514285,0.8897579999999996,1.0,1.0,0.8499999999999582,0.0,1.7059499999999161,0.0,0.0,0.0,7.2252,0.07065219807332346,0.0,0.4108,7.2252,44.9894,synthetic_default
main,default,default,detection_matrix_perturbation,threshold_explain,3,5000,0.0,0.015191015895034838,0.7874301999999994,0.389367808162479,0.7904279959768523,0.29156985568036364,348.7969512800686,0.49722777777781035,0.0,0.0,0.0,2.455744000000064,0.07457437644648346,0.0,0.0,7.2478,44.9654,synthetic_default
main,default,default,detection_matrix_perturbation,rate_limited,3,5000,0.0,0.016399321662318198,0.8489069999999991,0.5904339523427418,0.8157091225528507,0.40320067528300924,0.3913235309942172,0.5851555555556007,0.0,0.0,0.0,3.351992000000144,0.06856052036617322,0.0,0.0,7.2266,45.0862,synthetic_default
main,default,default,detection_matrix_perturbation,fifo_explanation,3,5000,0.0,0.018374265399998008,0.9467559999999993,0.9904059449866903,0.9753091697256078,0.8514391082519575,0.09619317693570012,1.6866833333332576,0.0,0.0,0.0,7.1436,0.06402313093762846,0.0,0.4104,7.2128,45.192,synthetic_default
main,default,default,detection_matrix_perturbation,static_coarse_full,3,5000,0.0,0.014340578506302503,0.7432140399999992,0.38923437587736903,0.7920720993608802,0.2920307148071381,172.35458208459758,0.49090555555558635,0.0,0.0,0.0,2.4179600000000585,0.059421033454540195,0.0,0.0,7.1236,44.827,synthetic_default
main,default,default,detection_matrix_perturbation,static_offload,3,5000,0.0,0.013879907026529179,0.7209108399999996,0.3625784138008088,0.6772234056028894,0.42473479332359254,43.1690426903148,0.5625500000000095,0.2537526604682424,0.0,0.0,0.8862959999999886,0.059102159698771306,0.0,0.0,7.1416,44.9538,synthetic_default
main,default,default,detection_matrix_perturbation,budget_only_bexgov,3,5000,0.0,0.014859123905223393,0.7703395399999987,0.36837930937910757,0.7422824968017192,0.2803049822163805,617.9587493569361,0.416060555555576,0.0,0.07270283137760103,0.0,2.219512000000072,0.06015732975860555,0.0,0.0,7.1414,44.9078,synthetic_default
main,default,default,detection_matrix_perturbation,xai_gate,3,5000,0.0,0.015169522060863708,0.7857891800000008,0.6341953829775756,0.7612321964846371,0.6578581834481265,0.44483022721518584,0.5068511111110549,0.14996918249565752,0.0,0.702190844399619,3.0102959999996592,0.05933259731472007,0.0,0.0,7.1388,44.9264,synthetic_default
main,default,default,poisson,never_explain,4,5000,0.0,0.013688461538461538,0.7118,0.0,0.0,0.0,5386.101733200256,0.0,0.0,0.0,0.0,0.0,0.0,0.0,0.0,6.7258,44.9656,synthetic_default
main,default,default,poisson,always_explain,4,5000,0.0,0.01636480083910633,0.8434080000000004,1.0,1.0,0.8499999999999605,0.0,1.5995583333332588,0.0,0.0,0.0,6.7746,0.0030604403658320845,0.0,0.3736,6.7746,45.0262,synthetic_default
main,default,default,poisson,threshold_explain,4,5000,0.0,0.014200977816382144,0.7362526399999992,0.38694553285676064,0.7880730216985498,0.28937127987319716,6.752643124444444,0.45435000000002435,0.0,0.0,0.0,2.248200000000055,0.0,0.0,0.0,6.6866,44.9188,synthetic_default
main,default,default,poisson,rate_limited,4,5000,0.0,0.01367702319987044,0.7082334399999984,0.5899647417854428,0.813311448852098,0.40268880922049555,0.23600404666666713,0.5453805555556015,0.0,0.0,0.0,3.1268720000001418,0.003029803218811855,0.0,0.0,6.7502,44.8654,synthetic_default
main,default,default,poisson,fifo_explanation,4,5000,0.0,0.01818604660520903,0.9373039999999985,0.9952853965900668,0.986682363088284,0.850707190511449,0.034594444444444414,1.5850611111110353,0.0,0.0,0.0,6.7132,0.0,0.0,0.3666,6.745,45.058,synthetic_default
main,default,default,poisson,static_coarse_full,4,5000,0.0,0.014345097358930135,0.7436270399999996,0.38715152581127726,0.7905001488098011,0.29007416527425384,9.081958506666668,0.46605555555558387,0.0,0.0,0.0,2.2999520000000584,0.009687530523265764,0.0,0.0,6.8226,45.0476,synthetic_default
main,default,default,poisson,static_offload,4,5000,0.0,0.013505118995759787,0.7014934399999995,0.36301629461618573,0.6767267056882658,0.4250898292944674,3.276699253333347,0.5282611111111171,0.25387967052644145,0.0,0.0,0.8331759999999957,0.0,0.0,0.0,6.7016,44.7904,synthetic_default
main,default,default,poisson,budget_only_bexgov,4,5000,0.0,0.013996079002483336,0.7258149199999995,0.36388291587901167,0.737016993877592,0.27577091209830445,131.4272905084462,0.38599111111113127,0.0,0.0709180056710775,0.0,2.0703960000000627,0.007016635881510913,0.0,0.0,6.7712,44.8268,synthetic_default
main,default,default,poisson,xai_gate,4,5000,0.0,0.017820312934495968,0.9236541000000008,0.6650362051130936,0.7774652271305623,0.7504521944730939,0.19569775644444432,0.652786111111052,0.263632333382592,0.0,0.6156346977981381,2.575567999999737,0.0,0.0,0.0,6.767,45.2088,synthetic_default
main,default,default,bursty,never_explain,4,5000,0.16021492678318375,1.2424307692307839,64.6064,0.0,0.0,0.0,10202.40370119992,0.0,0.0,0.0,0.0,0.0,0.15102608513095417,0.0,0.0,8.7722,50.808,synthetic_default
main,default,default,bursty,always_explain,4,5000,0.16550308323554602,1.2550467069249576,64.11998000000007,1.0,1.0,0.8499999999999389,0.0,2.064130555555407,0.0,0.0,0.0,8.7422,0.14747815221129135,0.15,0.5138,8.7422,50.7908,synthetic_default
main,default,default,bursty,threshold_explain,4,5000,0.16134409942795724,1.2413004600804485,64.08805147999996,0.42691707227478004,0.8134900005082228,0.3230771879878956,1798.330735702231,0.6727416666667209,0.0,0.0,0.0,3.2741040000000536,0.14714031372796677,0.0004,0.0,8.7112,50.6256,synthetic_default
main,default,default,bursty,rate_limited,4,5000,0.16208422539645023,1.2491246249120065,64.52590763999993,0.5028628266983941,0.7971780688669968,0.6029920197562322,2774.6054752577124,0.7150972222222935,0.0,0.0,0.0,3.6977360000001362,0.14726058841275758,0.0002,0.0,8.7466,50.826,synthetic_default
main,default,default,bursty,fifo_explanation,4,5000,0.1642728081151501,1.2538560478711538,64.51614600000009,0.7810110692685154,0.5701297330563604,0.8828483396096555,1373.9917800666674,1.6159444444443662,0.0,0.0,0.0,6.844,0.14935744583736588,0.0,0.3828,8.763,50.8284,synthetic_default
main,default,default,bursty,static_coarse_full,4,5000,0.16328271667551278,1.2393440845898416,63.98654755999993,0.4267520014681336,0.8132294622008331,0.32288555502031996,1831.0975105511193,0.6727083333333904,0.0,0.0,0.0,3.274872000000062,0.14257632049694147,0.0004,0.0,8.7186,50.871,synthetic_default
main,default,default,bursty,static_offload,4,5000,0.1597724383240044,1.2384304174724865,64.24727720000011,0.3991443997071654,0.6965497662734721,0.4792926427525545,1508.5154143311788,0.7839777777777979,0.29266562957540265,0.0,0.0,1.1477919999999588,0.14789765244530817,0.0,0.0,8.7424,50.7734,synthetic_default
main,default,default,bursty,budget_only_bexgov,4,5000,0.1617663005825853,1.2387874615135623,63.99941582000002,0.40649592975395593,0.7617785466671164,0.31416011158878177,2385.0012315839745,0.5728561111111555,0.0,0.09327266075185218,0.0,3.0297560000001114,0.14764079147640863,0.0,0.0,8.7464,50.808,synthetic_default
main,default,default,bursty,xai_gate,4,5000,0.16160118762133147,1.2449347722819148,64.42175870000001,0.635240102639349,0.7757499019237589,0.729902859237516,106.36807698533619,0.8848094444444116,0.2746975806451613,0.10683192815249266,0.44022635630498536,3.065423999999996,0.14582882134358077,0.0,0.0,8.7296,50.7906,synthetic_default
main,default,default,self_similar,never_explain,4,5000,0.3540278619018776,4.607342307691908,239.5818,0.0,0.0,0.0,25542.930850197874,0.0,0.0,0.0,0.0,0.0,0.3047730635183892,0.0,0.0,15.7686,80.5688,synthetic_default
main,default,default,self_similar,always_explain,4,5000,0.3614889632958196,4.682961931437351,239.45823299999995,1.0,1.0,0.8499999999999739,0.0,3.7099194444443304,0.0,0.0,0.0,15.7126,0.3067730541576552,0.2554,0.7216,15.7126,80.1598,synthetic_default
main,default,default,self_similar,threshold_explain,4,5000,0.3520703832787549,4.636655163612484,239.58263548,0.4345554072438826,0.8161958958497657,0.3290833483071037,9911.539915559833,1.227030555555553,0.0,0.0,0.0,5.9660960000000935,0.30146568147214836,0.0,0.1792,15.5828,79.8218,synthetic_default
main,default,default,self_similar,rate_limited,4,5000,0.35924825341583466,4.630579780742794,239.21317708,0.44824867765039506,0.800634352475653,0.7039499658340034,15099.970596764826,1.2569583333333303,0.0,0.0,0.0,6.183864000000137,0.30594721081959575,0.0,0.2054,15.8052,80.6832,synthetic_default
main,default,default,self_similar,fifo_explanation,4,5000,0.3554463316358906,4.661458945799314,239.442457,0.7425004513915757,0.4663842545379973,0.8886249322912503,11212.374633711075,2.7186777777777107,0.0,0.0,0.0,11.5144,0.2960943161104119,0.0,0.6316,15.5076,79.7658,synthetic_default
main,default,default,self_similar,static_coarse_full,4,5000,0.35587815656723243,4.635581744902821,239.50304108000003,0.4374675241976555,0.8180410408532175,0.3315320937340773,10175.80520334657,1.2471249999999907,0.0,0.0,0.0,6.057696000000125,0.30402109152809365,0.0,0.2068,15.704,80.285,synthetic_default
main,default,default,self_similar,static_offload,4,5000,0.35369263988451205,4.61551580906471,239.47300748,0.4089305647166319,0.7011645565555137,0.49385369628093206,9480.182575046547,1.4597833333333352,0.3030341468364707,0.0,0.0,2.100695999999789,0.30817735298022275,0.0,0.317,15.7672,80.352,synthetic_default
main,default,default,self_similar,budget_only_bexgov,4,5000,0.3509345760450291,4.626714462531759,239.24684254000002,0.39992999447664745,0.7406000625783113,0.3176420341421462,11060.247186404,0.9096744444444488,0.0,0.07889429808223401,0.08570217466699208,5.262287999999969,0.30175387553152255,0.0,0.0,15.5702,79.7396,synthetic_default
main,default,default,self_similar,xai_gate,4,5000,0.34617526063677806,4.615454515807525,238.99382656,0.4435585808685541,0.4922355000791232,0.5279272512808343,6325.128165326517,1.0,0.16820249468868528,0.09676368233776052,0.32600067776230074,3.9537609999956485,0.29053473853479606,0.0,0.0,15.3446,79.2674,synthetic_default
main,default,default,markov_modulated,never_explain,4,5000,0.1812053395727042,1.9455346153846393,101.1678,0.0,0.0,0.0,15881.286441599608,0.0,0.0,0.0,0.0,0.0,0.3118806816608961,0.0,0.0,10.8998,55.3902,synthetic_default
main,default,default,markov_modulated,always_explain,4,5000,0.18464741210728303,2.1483244535770676,109.75880200000005,1.0,1.0,0.8499999999999435,0.0,2.6197472222220477,0.0,0.0,0.0,11.0954,0.3198062530035095,0.2722,0.6182,11.0954,56.0456,synthetic_default
main,default,default,markov_modulated,threshold_explain,4,5000,0.1668965927768648,1.8847440193342044,97.19891727999993,0.4868684751962313,0.8457372202187867,0.3742941781604858,3328.5984433289004,0.9609750000000462,0.0,0.0,0.0,4.578696000000054,0.29546542677900245,0.0052,0.0,10.4984,54.0264,synthetic_default
main,default,default,markov_modulated,rate_limited,4,5000,0.18290462003659297,1.869733943815103,96.50289499999985,0.48585180646839526,0.7830644642202983,0.6945917344324157,6477.2821070912105,0.9477472222222763,0.0,0.0,0.0,4.609856000000096,0.31132933327003864,0.0016,0.0,10.7724,54.7658,synthetic_default
main,default,default,markov_modulated,fifo_explanation,4,5000,0.1697669854069845,1.9322514454278321,99.4520609999998,0.6952353942144073,0.41877524090142854,0.8957146908677655,6545.709523555551,1.7364083333332574,0.0,0.0,0.0,7.3542,0.29479072568503173,0.0,0.4144,10.578,54.4644,synthetic_default
main,default,default,markov_modulated,static_coarse_full,4,5000,0.18962465262406292,2.0239344699455772,104.34425079999995,0.4878267122056547,0.8466113326137528,0.37529570375696125,3764.920636106698,1.0221722222222378,0.0,0.0,0.0,4.865744000000049,0.32405093419016806,0.0058,0.0208,11.126,56.02,synthetic_default
main,default,default,markov_modulated,static_offload,4,5000,0.17609437815586676,1.9529831926320032,101.29345235999986,0.4509350692337535,0.722832620470599,0.5619444291204766,2641.347719562287,1.1580777777777842,0.35389198433276325,0.0,0.0,1.5120639999999492,0.3160349790728165,0.0,0.1264,10.8762,55.0958,synthetic_default
main,default,default,markov_modulated,budget_only_bexgov,4,5000,0.16986211127565076,1.9254449009737988,99.39184726000006,0.4478974235670652,0.7809934478400207,0.3537055875117987,4607.976354040797,0.8010216666667296,0.0,0.12282908243475688,0.0,4.185820000000074,0.3147022849903567,0.0,0.0,10.8134,54.8332,synthetic_default
main,default,default,markov_modulated,xai_gate,4,5000,0.1513239849382866,1.745384323951874,90.18752399999983,0.6440997213494272,0.7576609297171594,0.7148218414655857,444.75749552000764,0.9401650000000539,0.2245014920653742,0.14404853659018596,0.4901484160392087,3.9487879999997966,0.2882653061224476,0.0014,0.0,10.1202,52.3712,synthetic_default
main,default,default,non_markovian,never_explain,4,5000,0.13557261466671033,1.1960038461538582,62.1922,0.0,0.0,0.0,11446.978301599882,0.0,0.0,0.0,0.0,0.0,0.12328059083248588,0.0,0.0,9.258,54.9462,synthetic_default
main,default,default,non_markovian,always_explain,4,5000,0.1389535405515929,1.3062971759880617,66.818433,1.0,1.0,0.8499999999999421,0.0,2.2324777777776257,0.0,0.0,0.0,9.4552,0.14058102658565397,0.098,0.5524,9.4552,55.2654,synthetic_default
main,default,default,non_markovian,threshold_explain,4,5000,0.13700664652127478,1.2281917789707257,63.420805359999974,0.42669824523630656,0.8117101283126066,0.3224114544084584,2495.9116073111,0.7142444444444986,0.0,0.0,0.0,3.4835200000000572,0.12865226356199377,0.0086,0.0,9.289,54.8678,synthetic_default
main,default,default,non_markovian,rate_limited,4,5000,0.13917330144439513,1.2610108077133328,65.16466748,0.5142345463821216,0.770681399479395,0.5602159680299172,3334.8805463755043,0.7500694444445085,0.0,0.0,0.0,3.988432000000144,0.13306887673383838,0.0,0.0,9.4088,55.3588,synthetic_default
main,default,default,non_markovian,fifo_explanation,4,5000,0.13868528763061863,1.353353118113661,69.65777499999992,0.8213494160770608,0.6489594278489041,0.8767975875883796,1067.6322933777737,1.8199916666665907,0.0,0.0,0.0,7.7082,0.1310939966976401,0.0,0.4528,9.3848,55.314,synthetic_default
main,default,default,non_markovian,static_coarse_full,4,5000,0.138582458475125,1.288226696060736,66.52980819999993,0.42690785694530664,0.8152493024786553,0.3236006212369607,2622.453330062212,0.7289194444444971,0.0,0.0,0.0,3.539536000000059,0.13319904576265018,0.0084,0.0,9.4006,55.3042,synthetic_default
main,default,default,non_markovian,static_offload,4,5000,0.13472545670817668,1.170681855561287,60.73648516000005,0.3966258265266372,0.696588696981767,0.47707614849388086,2217.8616643845344,0.8266500000000158,0.2917368944206751,0.0,0.0,1.2041039999999483,0.13266564849624118,0.0,0.0,9.2556,54.4768,synthetic_default
main,default,default,non_markovian,budget_only_bexgov,4,5000,0.13459952735945893,1.1855173775312617,61.26137479999985,0.399894677774421,0.7583435869458075,0.3091714507705077,3031.7570793848377,0.5998883333333795,0.0,0.08991237536150559,0.0,3.162880000000137,0.12824970810002512,0.0006,0.0,9.2668,54.7562,synthetic_default
main,default,default,non_markovian,xai_gate,4,5000,0.1363519761171452,1.1921170875945506,61.679115440000096,0.6340959862262504,0.7730285057542323,0.6910313138921578,119.35666572133582,0.8036299999999448,0.21132034864952115,0.04381792747229097,0.5692456687829549,3.5944319999996885,0.12638737883729734,0.0004,0.0,9.293,55.0018,synthetic_default
main,default,default,transient_overload,never_explain,4,5000,0.24401534472043035,1.024957692307708,53.2978,0.0,0.0,0.0,13059.602980999765,0.0,0.0,0.0,0.0,0.0,0.2012649155016415,0.0,0.0,10.0894,55.9932,synthetic_default
main,default,default,transient_overload,always_explain,4,5000,0.25035613494964987,1.0512552978552712,53.23959900000001,1.0,1.0,0.8499999999999208,0.0,2.381652777777556,0.0,0.0,0.0,10.087,0.19810336922773275,0.197,0.5248,10.087,56.1276,synthetic_default
main,default,default,transient_overload,threshold_explain,4,5000,0.2478393297344966,1.0356664913947526,53.23686279999997,0.4422689889684189,0.8224350530098116,0.3362352220157403,3963.321692933324,0.8185833333333822,0.0,0.0,0.0,3.9589679999999907,0.19918540171597132,0.0048,0.0,10.1164,56.2404,synthetic_default
main,default,default,transient_overload,rate_limited,4,5000,0.2484929570356806,1.0344191178460749,53.30536660000004,0.4621474201474361,0.7669708032151541,0.6672697788697407,7947.8012302268835,0.8021166666667225,0.0,0.0,0.0,4.034760000000065,0.20539876486609354,0.0,0.0,10.175,56.2746,synthetic_default
main,default,default,transient_overload,fifo_explanation,4,5000,0.24794925710376295,1.038430920457495,53.316619999999986,0.7168427862842355,0.4787996307125445,0.8924735820572887,8455.805649044409,1.726633333333251,0.0,0.0,0.0,7.3128,0.2118944180913327,0.0,0.446,10.2014,56.1182,synthetic_default
main,default,default,transient_overload,static_coarse_full,4,5000,0.2462575949976977,1.034923942465601,53.19971108000003,0.4449263258366762,0.8241203912790657,0.3386078466463878,3902.115755502235,0.8208305555556026,0.0,0.0,0.0,3.964232000000003,0.19654093100777947,0.0036,0.0,10.0578,56.0382,synthetic_default
main,default,default,transient_overload,static_offload,4,5000,0.2462450896286812,1.027597238292124,53.240104879999976,0.40831457345975825,0.7021082310162593,0.4944038309636817,3767.764421486684,0.9395833333333408,0.3040481832543444,0.0,0.0,1.3413839999999333,0.2007397922890859,0.0,0.0,10.128,56.232,synthetic_default
main,default,default,transient_overload,budget_only_bexgov,4,5000,0.24832664777108246,1.0349734459381417,53.26927326,0.4125600666085327,0.7636672205654673,0.3199359685988557,4511.885524117181,0.673472777777828,0.0,0.09751407501387678,0.0,3.5548760000000295,0.20046453627285432,0.0002,0.0,10.0888,56.0272,synthetic_default
main,default,default,transient_overload,xai_gate,4,5000,0.24573237492463199,1.0369959558135842,53.294234479999915,0.6796281877348231,0.7485258312146285,0.7726327690281658,2406.8650866660532,0.9921600000002844,0.24510902691755637,0.15377809237303133,0.5756699895790323,4.181067999999255,0.20967137724721718,0.0122,0.0,10.1718,56.0582,synthetic_default
main,default,default,adversarial_explanation_flood,never_explain,4,5000,0.0,0.015588461538461522,0.8106,0.0,0.0,0.0,20348.45770559906,0.0,0.0,0.0,0.0,0.0,0.8091677863658322,0.0,0.0,12.2394,45.1014,synthetic_default
main,default,default,adversarial_explanation_flood,always_explain,4,5000,0.0,0.01870501542330115,0.9571630000000007,1.0,1.0,0.8499999999999803,0.0,2.871347222222156,0.0,0.0,0.0,12.161,0.8042759009510252,0.0392,0.6518,12.161,44.934,synthetic_default
main,default,default,adversarial_explanation_flood,threshold_explain,4,5000,0.0,0.019733027261590357,1.0176188400000006,0.5761714135713343,0.8836963031822822,0.45182520672003884,3722.347949244479,1.3846138888888788,0.0,0.0,0.0,6.430664000000101,0.8058968968924498,0.0,0.2816,12.1904,45.0022,synthetic_default
main,default,default,adversarial_explanation_flood,rate_limited,4,5000,0.0,0.01640040328847635,0.8458864799999987,0.6177212151312018,0.8763000715141211,0.646781723367258,4804.527114866707,1.4000944444444285,0.0,0.0,0.0,6.678616000000115,0.7951312581075107,0.0,0.2868,12.081,44.8658,synthetic_default
main,default,default,adversarial_explanation_flood,fifo_explanation,4,5000,0.0,0.02084333499619226,1.07052399999999,0.8801794105083298,0.7667470656297041,0.8679730884237261,2200.2877451555555,2.529836111111046,0.0,0.0,0.0,10.7146,0.7989755776045837,0.0,0.6062,12.1732,45.1116,synthetic_default
main,default,default,adversarial_explanation_flood,static_coarse_full,4,5000,0.0,0.015303030963521308,0.7889364800000003,0.5783340750630478,0.8835345993524024,0.45338393578268454,3614.6484610977864,1.3823722222222086,0.0,0.0,0.0,6.422696000000125,0.7979436070004495,0.0,0.2802,12.1338,44.9914,synthetic_default
main,default,default,adversarial_explanation_flood,static_offload,4,5000,0.0,0.014719894077722716,0.7635487599999993,0.5339280138055771,0.7519529346678754,0.6930280220232433,3118.978618551231,1.619205555555559,0.4504560769167557,0.0,0.0,1.8501679999998497,0.8013177196433796,0.0,0.384,12.169,45.0374,synthetic_default
main,default,default,adversarial_explanation_flood,budget_only_bexgov,4,5000,0.0,0.017541256609338425,0.9056082200000003,0.5083340201427727,0.7740211415054032,0.4215998813193366,5321.044885467823,0.9163172222222548,0.0,0.1434552557403531,0.13455420574612229,5.318719999999919,0.7975327517062876,0.0,0.0,12.1334,45.0002,synthetic_default
main,default,default,adversarial_explanation_flood,xai_gate,4,5000,0.0,0.019547015842780978,1.0073358000000014,0.6874221909331533,0.7990456838116882,0.6585594066700574,1645.5467979911066,0.9984150000002481,0.04453249070875424,0.1330735604708656,0.6347517149920595,6.885695999999142,0.8047269965931902,0.0002,0.0,12.2158,45.1252,synthetic_default
main,default,default,rtt_uncertainty,never_explain,4,5000,0.0,0.014107692307692309,0.7336,0.0,0.0,0.0,6774.318396400221,0.0,0.0,0.0,0.0,0.0,0.075804351151046,0.0,0.0,7.2448,44.8954,synthetic_default
main,default,default,rtt_uncertainty,always_explain,4,5000,0.0,0.01992961772814423,1.0264039999999996,1.0,1.0,0.8499999999999609,0.0,1.7343777777776979,0.0,0.0,0.0,7.3456,0.08687482059522567,0.0002,0.4222,7.3456,45.0564,synthetic_default
main,default,default,rtt_uncertainty,threshold_explain,4,5000,0.0,0.015535878085516038,0.8050697599999999,0.41552460461784607,0.8065766460476774,0.31351600815563974,148.02371694222344,0.5415777777778201,0.0,0.0,0.0,2.6466640000000656,0.07535388102486773,0.0,0.0,7.2588,45.001,synthetic_default
main,default,default,rtt_uncertainty,rate_limited,4,5000,0.0,0.014579208665888339,0.7546103599999983,0.6040100422543088,0.8265843581320982,0.41811309883117515,0.39949237111111163,0.6277944444444999,0.0,0.0,0.0,3.510760000000154,0.0848476730514518,0.0,0.0,7.2892,44.794,synthetic_default
main,default,default,rtt_uncertainty,fifo_explanation,4,5000,0.0,0.01709144195514435,0.8804549999999981,0.9905322205500069,0.9751722097398985,0.8514201669174618,0.09772835555555553,1.709397222222149,0.0,0.0,0.0,7.2398,0.08753228820721448,0.0,0.4134,7.309,44.8048,synthetic_default
main,default,default,rtt_uncertainty,static_coarse_full,4,5000,0.0,0.015885688130331026,0.8231799999999996,0.4151035088682686,0.8043294243611018,0.3125226511449337,143.94996852000077,0.5400222222222626,0.0,0.0,0.0,2.646992000000062,0.07952061483651618,0.0,0.0,7.2844,44.9854,synthetic_default
main,default,default,rtt_uncertainty,static_offload,4,5000,0.0,0.015308772346380865,0.7950429999999992,0.38497581620311777,0.688123674540076,0.5487111650262517,18.408162717777824,0.6192111111111199,0.27594261844564144,0.0,0.0,0.9399999999999763,0.07940547860277714,0.0,0.0,7.2776,44.9482,synthetic_default
main,default,default,rtt_uncertainty,budget_only_bexgov,4,5000,0.0,0.016656527136680484,0.8633453199999999,0.3896107349433867,0.7532417449718359,0.29833739959978145,641.2580363422258,0.454778888888915,0.0,0.07999122782971024,0.0,2.4109440000001117,0.08254321537206044,0.0,0.0,7.2958,44.93,synthetic_default
main,default,default,rtt_uncertainty,xai_gate,4,5000,0.0,0.01685409567919819,0.8722219000000019,0.6424344067194232,0.8515419045951065,0.5530736659238744,0.37571111955555636,0.5774627777777728,0.023528768022762714,0.05575770840743071,0.3934776066318295,3.789191999999763,0.08349340732309063,0.0,0.0,7.3102,44.9792,synthetic_default
main,default,default,detection_matrix_perturbation,never_explain,4,5000,0.0,0.015780769230769258,0.8206,0.0,0.0,0.0,6335.84361472084,0.0,0.0,0.0,0.0,0.0,0.058170540709618246,0.0,0.0,7.155,45.0778,synthetic_default
main,default,default,detection_matrix_perturbation,always_explain,4,5000,0.0,0.016721037144105826,0.8612560000000012,1.0,1.0,0.8499999999999617,0.0,1.692444444444368,0.0,0.0,0.0,7.168,0.06245479231143447,0.0002,0.407,7.168,44.9776,synthetic_default
main,default,default,detection_matrix_perturbation,threshold_explain,4,5000,0.0,0.01599671961610741,0.8290998399999984,0.3902482220053024,0.7906471819511773,0.2920847859434006,244.39584233870445,0.49245833333336597,0.0,0.0,0.0,2.4338880000000582,0.06361834923347143,0.0,0.0,7.171,44.9472,synthetic_default
main,default,default,detection_matrix_perturbation,rate_limited,4,5000,0.0,0.018024040795008262,0.9330785599999987,0.5888243487951079,0.8132762453175528,0.4014793146678089,0.42896204016016093,0.5769527777778257,0.0,0.0,0.0,3.314848000000143,0.06199795854968215,0.0,0.0,7.179,45.066,synthetic_default
main,default,default,detection_matrix_perturbation,fifo_explanation,4,5000,0.0,0.020733700886480085,1.0681589999999965,0.9914227214874661,0.9761650789828135,0.8512865917768392,0.08407179782589573,1.6920666666665856,0.0,0.0,0.0,7.1664,0.06541441708341855,0.0,0.407,7.2284,45.2306,synthetic_default
main,default,default,detection_matrix_perturbation,static_coarse_full,4,5000,0.0,0.016101124428061553,0.8345471999999994,0.38783602900167685,0.7904661239806885,0.29047964305634744,277.8792992362963,0.4903333333333639,0.0,0.0,0.0,2.421024000000067,0.0648042984124455,0.0,0.0,7.172,44.9034,synthetic_default
main,default,default,detection_matrix_perturbation,static_offload,4,5000,0.0,0.015207519776339365,0.7898585599999995,0.3670116483700433,0.6796637051661546,0.4309564512974901,38.36513849177447,0.5727388888888999,0.2580239671499204,0.0,0.0,0.8960719999999849,0.05746352313561576,0.0,0.0,7.1598,45.1382,synthetic_default
main,default,default,detection_matrix_perturbation,budget_only_bexgov,4,5000,0.0,0.016415246885147023,0.8511435800000003,0.3678883271416938,0.7432190914535521,0.2805787547833945,585.6669529514282,0.41726055555557673,0.0,0.07488617636378872,0.0,2.2248600000000827,0.06113351383954946,0.0,0.0,7.1602,44.9846,synthetic_default
main,default,default,detection_matrix_perturbation,xai_gate,4,5000,0.0,0.015891636727563177,0.8231765600000014,0.6335740343646891,0.7602562876864358,0.6568431312483655,0.5519579299817917,0.5082027777777196,0.14957253056336853,5.569634353504692e-05,0.7016068395109861,3.0245599999996737,0.06330403317624422,0.0,0.0,7.1818,45.0282,synthetic_default
main,default,default,poisson,never_explain,5,5000,0.0,0.014926923076923082,0.7762,0.0,0.0,0.0,5574.4274834002445,0.0,0.0,0.0,0.0,0.0,0.006406667910678676,0.0,0.0,6.7956,45.0156,synthetic_default
main,default,default,poisson,always_explain,5,5000,0.0,0.01729144033104169,0.8912419999999976,1.0,1.0,0.8499999999999585,0.0,1.5779777777777007,0.0,0.0,0.0,6.6832,0.0,0.0,0.3678,6.6832,45.0602,synthetic_default
main,default,default,poisson,threshold_explain,5,5000,0.0,0.01530815582919981,0.7936358799999998,0.38841723863670014,0.7861605321809034,0.2898429905441006,8.745570239999992,0.4605611111111354,0.0,0.0,0.0,2.2859680000000555,0.0057386981421052585,0.0,0.0,6.7894,45.0044,synthetic_default
main,default,default,poisson,rate_limited,5,5000,0.0,0.015534781760403578,0.8045696399999984,0.5858438613540777,0.8089824880855264,0.3981933032953714,0.24141978888888888,0.5381083333333765,0.0,0.0,0.0,3.1093200000001433,0.0077546986707481835,0.0,0.0,6.7914,44.9276,synthetic_default
main,default,default,poisson,fifo_explanation,5,5000,0.0,0.01838205526535341,0.947515999999998,0.9947692216245133,0.9857223788683376,0.8507846167562858,0.04286755555555554,1.5805749999999312,0.0,0.0,0.0,6.6942,0.0,0.0,0.3684,6.7294,44.9752,synthetic_default
main,default,default,poisson,static_coarse_full,5,5000,0.0,0.015164058598570148,0.7862508799999991,0.3831450600681387,0.785585662545025,0.2861395015241324,7.928131911111069,0.44873333333335497,0.0,0.0,0.0,2.2247040000000533,0.0,0.0,0.0,6.6924,44.9044,synthetic_default
main,default,default,poisson,static_offload,5,5000,0.0,0.01565488500513254,0.813145399999999,0.35956950513756897,0.6739521499877129,0.41838372505016397,6.0967211888889015,0.5243000000000083,0.24843510098027638,0.0,0.0,0.8423519999999939,0.002080023196845193,0.0,0.0,6.7736,45.0636,synthetic_default
main,default,default,poisson,budget_only_bexgov,5,5000,0.0,0.016945718142704663,0.8788436199999996,0.369420663114263,0.7413968560631253,0.28054766133807685,87.67615377333247,0.3940227777777968,0.0,0.07116637063351096,0.0,2.1034080000000603,0.0006931977746551521,0.0,0.0,6.756,45.0088,synthetic_default
main,default,default,poisson,xai_gate,5,5000,0.0,0.016978938202928624,0.8802092,0.665361194206719,0.777332931312152,0.7507659271983251,0.21176978133333327,0.652382777777723,0.26366140449604597,0.0,0.61525930752599,2.5727959999997387,0.0,0.0,0.0,6.7526,45.086,synthetic_default
main,default,default,bursty,never_explain,5,5000,0.16002266699197998,1.2384076923077052,64.3972,0.0,0.0,0.0,10330.862053999997,0.0,0.0,0.0,0.0,0.0,0.15292086753714074,0.0,0.0,8.7892,50.8228,synthetic_default
main,default,default,bursty,always_explain,5,5000,0.16612092508932863,1.2547224501394922,64.10140200000006,1.0,1.0,0.8499999999999391,0.0,2.0562916666665196,0.0,0.0,0.0,8.709,0.1423916636496727,0.1506,0.5134,8.709,50.8232,synthetic_default
main,default,default,bursty,threshold_explain,5,5000,0.1622055257757944,1.2360398182754253,63.81507976000009,0.4269271346987533,0.8136088556255612,0.32313593724916323,1769.0163902622387,0.6737166666667189,0.0,0.0,0.0,3.278136000000049,0.14482941513949554,0.0002,0.0,8.7202,50.7802,synthetic_default
main,default,default,bursty,rate_limited,5,5000,0.16303876501802914,1.2433642727011465,64.22700555999992,0.49893600054682646,0.7919677380632933,0.6010377981818444,3003.080261284402,0.7069750000000673,0.0,0.0,0.0,3.671064000000118,0.15186777310637223,0.0,0.0,8.7782,50.8056,synthetic_default
main,default,default,bursty,fifo_explanation,5,5000,0.16402162826324282,1.2590966030576023,64.7853760000001,0.7798727850976829,0.5637323052185266,0.8830190822352805,1572.5686073111128,1.6211388888888179,0.0,0.0,0.0,6.866,0.1557127310867541,0.0,0.3828,8.804,50.7854,synthetic_default
main,default,default,bursty,static_coarse_full,5,5000,0.16270846230065103,1.2366083655115094,63.84606284000011,0.42669494439987116,0.8126248026072127,0.3226080476900326,1778.0534656355735,0.6717472222222768,0.0,0.0,0.0,3.2734640000000574,0.14327430195128654,0.0002,0.0,8.723,50.8656,synthetic_default
main,default,default,bursty,static_offload,5,5000,0.16107786813973687,1.2374127720484138,64.19314756000003,0.39736956521738204,0.6969290022288571,0.47801487414186916,1490.8912242889473,0.7821611111111331,0.2923340961098398,0.0,0.0,1.138983999999956,0.14624604420522602,0.0,0.0,8.74,50.8326,synthetic_default
main,default,default,bursty,budget_only_bexgov,5,5000,0.16357875593497473,1.2367202192623001,63.88804619999995,0.4037522519440846,0.7611285351797324,0.31133041435772535,2390.320744628424,0.5714627777778224,0.0,0.08852705753574605,0.0,3.0172000000001202,0.14902682136904932,0.0,0.0,8.7702,50.8848,synthetic_default
main,default,default,bursty,xai_gate,5,5000,0.16358555718417303,1.2446242892262775,64.39925127999999,0.6362913862107089,0.7772877845415455,0.7327469528833769,116.52002956755881,0.8933072222221925,0.27289885392032015,0.1194742586865563,0.44101327997089323,3.118896000000042,0.15516258592927423,0.0,0.0,8.7952,50.7588,synthetic_default
main,default,default,self_similar,never_explain,5,5000,0.34796868970839534,4.5989153846149895,239.1436,0.0,0.0,0.0,25156.83597559793,0.0,0.0,0.0,0.0,0.0,0.3060487461016652,0.0,0.0,15.6374,79.8204,synthetic_default
main,default,default,self_similar,always_explain,5,5000,0.36257956563651417,4.685030675624399,239.54677,1.0,1.0,0.8499999999999754,0.0,3.726541666666559,0.0,0.0,0.0,15.783,0.3104635319495559,0.2662,0.729,15.783,80.2922,synthetic_default
main,default,default,self_similar,threshold_explain,5,5000,0.3551595602740335,4.631917564408099,239.31462767999997,0.4370282717970947,0.819280274505377,0.33166926079967113,9827.057693515439,1.2480472222222216,0.0,0.0,0.0,6.050432000000139,0.30318364062444325,0.0,0.1934,15.6764,80.1954,synthetic_default
main,default,default,self_similar,rate_limited,5,5000,0.35902953405516186,4.637443511402262,239.56002335999995,0.4480096524610013,0.8013610622415618,0.7068953350638625,15369.985536491471,1.2666527777777692,0.0,0.0,0.0,6.217552000000155,0.3117100677441951,0.0,0.2182,15.8716,80.6662,synthetic_default
main,default,default,self_similar,fifo_explanation,5,5000,0.36512444212832523,4.661305603228053,239.41558799999999,0.731103569220676,0.44914478597385615,0.8903344646168836,12349.347163355471,2.7364333333332778,0.0,0.0,0.0,11.5896,0.3050719501161243,0.0,0.634,15.8522,80.9774,synthetic_default
main,default,default,self_similar,static_coarse_full,5,5000,0.3618681993680284,4.631884130308151,239.28773291999997,0.4371996337915124,0.8180574974502985,0.33140739440152034,10383.48029391541,1.2664027777777707,0.0,0.0,0.0,6.149344000000116,0.312267535630822,0.0,0.2144,15.9472,81.016,synthetic_default
main,default,default,self_similar,static_offload,5,5000,0.3501145723939462,4.617339462822281,239.57466999999997,0.40439967736980126,0.6985032948208956,0.4861833614995071,9417.39047362208,1.4216055555555558,0.2971782659906796,0.0,0.0,2.073847999999792,0.3032661744462497,0.0,0.3036,15.6216,79.91,synthetic_default
main,default,default,self_similar,budget_only_bexgov,5,5000,0.35183204543063606,4.630041098969171,239.41502608,0.3998275773789867,0.7400961089550934,0.3176883592329996,11067.482453633815,0.9106138888888929,0.0,0.07803179642098257,0.08777297048206652,5.2782999999999785,0.30463608231756023,0.0,0.0,15.6244,79.8404,synthetic_default
main,default,default,self_similar,xai_gate,5,5000,0.35493908184956513,4.627107531249585,239.60139648,0.43317759817873613,0.47847626299472107,0.5217216012989585,7127.653163043404,1.0,0.16591005000063938,0.09560224555301218,0.32760329415924005,3.942502999995782,0.29768148481883916,0.0006,0.0,15.6398,80.3474,synthetic_default
main,default,default,markov_modulated,never_explain,5,5000,0.14838460927843236,1.7415038461538626,90.5582,0.0,0.0,0.0,14293.706627799693,0.0,0.0,0.0,0.0,0.0,0.28354293533523056,0.0,0.0,10.1868,52.9098,synthetic_default
main,default,default,markov_modulated,always_explain,5,5000,0.18569925588350378,2.1341592506545877,109.01519399999995,1.0,1.0,0.8499999999999357,0.0,2.634858333333134,0.0,0.0,0.0,11.1594,0.3243849467725284,0.2734,0.6162,11.1594,56.174,synthetic_default
main,default,default,markov_modulated,threshold_explain,5,5000,0.1660160357429944,1.7939136737490586,92.49846328000021,0.4849082400970679,0.8456991996818568,0.37302085539872,3114.57668438225,0.9482777777778313,0.0,0.0,0.0,4.514464000000053,0.29435003956904215,0.0036,0.0,10.3858,53.493,synthetic_default
main,default,default,markov_modulated,rate_limited,5,5000,0.17030530867448174,1.8426204233295331,95.11947139999987,0.4915425803644226,0.7858498583568481,0.6859544396722707,6509.618967642486,0.9347361111111813,0.0,0.0,0.0,4.563160000000106,0.30669168647607603,0.0014,0.0,10.5706,53.9306,synthetic_default
main,default,default,markov_modulated,fifo_explanation,5,5000,0.16533591838115855,1.7726748886605397,91.22991599999993,0.6989397646510545,0.43034360539523003,0.8951590353022724,5709.797192088887,1.6997166666666035,0.0,0.0,0.0,7.1988,0.29059421014445963,0.0,0.4018,10.2996,53.2034,synthetic_default
main,default,default,markov_modulated,static_coarse_full,5,5000,0.15845000723506336,1.7077394868683562,88.06047600000007,0.4801822547630399,0.8436303654112377,0.36883364824437714,2716.8328104889006,0.9154444444445065,0.0,0.0,0.0,4.366768000000056,0.28982140817181556,0.004,0.0,10.1616,52.522,synthetic_default
main,default,default,markov_modulated,static_offload,5,5000,0.14777477854470647,1.7828743006190517,92.48291219999996,0.4454373406550446,0.7209262850947682,0.554041380662889,2684.375279266731,1.0699166666666795,0.3483820356932732,0.0,0.0,1.4053679999999427,0.2884901366951833,0.0,0.0548,10.198,52.7646,synthetic_default
main,default,default,markov_modulated,budget_only_bexgov,5,5000,0.18111381680254873,1.8922735779646989,97.65689428000022,0.4490248951049059,0.7818805098926456,0.35424895104895887,4513.400471811495,0.79810666666673,0.0,0.12033566433566434,0.0,4.163676000000037,0.3076126832943782,0.0004,0.0,10.725,54.6798,synthetic_default
main,default,default,markov_modulated,xai_gate,5,5000,0.1571608910610411,1.7845373224707357,92.21223485999991,0.6480293985242622,0.7589752322414312,0.7193456773208712,493.14752387201366,0.9480655555556364,0.2283768178348437,0.13090368166604685,0.5054119120784483,3.980623999999748,0.28744095564602246,0.0016,0.0,10.2182,52.9122,synthetic_default
main,default,default,non_markovian,never_explain,5,5000,0.13470520568955757,1.1673461538461647,60.702,0.0,0.0,0.0,11368.732295599908,0.0,0.0,0.0,0.0,0.0,0.13055915666977258,0.0,0.0,9.2876,54.767,synthetic_default
main,default,default,non_markovian,always_explain,5,5000,0.13738606799220948,1.3972037211716188,71.52488099999988,1.0,1.0,0.849999999999942,0.0,2.187144444444295,0.0,0.0,0.0,9.2632,0.12196350881272466,0.0958,0.5466,9.2632,55.0416,synthetic_default
main,default,default,non_markovian,threshold_explain,5,5000,0.1389920085362703,1.2553514413541813,64.82920187999999,0.425549611210991,0.813590568544479,0.3221241525699257,2412.439593075562,0.7112638888889414,0.0,0.0,0.0,3.4603760000000663,0.12090742784169106,0.0074,0.0,9.2338,54.9186,synthetic_default
main,default,default,non_markovian,rate_limited,5,5000,0.1352454815125209,1.1560151975639033,59.72957739999994,0.5164703833511216,0.7728905237123938,0.5546922959705542,3013.5197038443744,0.7317888888889454,0.0,0.0,0.0,3.903248000000143,0.1257040704676986,0.0,0.0,9.1874,54.4098,synthetic_default
main,default,default,non_markovian,fifo_explanation,5,5000,0.13835670842082476,1.306095023413856,67.21830299999992,0.825706166765629,0.6555131856040479,0.8761440749850885,968.1213472444418,1.8386916666665811,0.0,0.0,0.0,7.7874,0.13812661405160487,0.0,0.4576,9.4312,55.244,synthetic_default
main,default,default,non_markovian,static_coarse_full,5,5000,0.13598915794821212,1.2396392586507792,64.01837931999994,0.42564030335861935,0.8129750869265521,0.32196099674975037,2473.037002586675,0.7098555555556142,0.0,0.0,0.0,3.4569440000000555,0.1326014985189048,0.0056,0.0,9.23,54.3292,synthetic_default
main,default,default,non_markovian,static_offload,5,5000,0.13550548478155952,1.2229933607209162,63.45130932000009,0.4001694915254185,0.6977841858322654,0.4813637548891757,2032.7839980867236,0.8294444444444604,0.29437201216862235,0.0,0.0,1.2079839999999464,0.12182065495604855,0.0,0.0,9.204,54.6968,synthetic_default
main,default,default,non_markovian,budget_only_bexgov,5,5000,0.13366950965781355,1.2380349400083044,63.987066240000004,0.3956585680498823,0.7568430197751962,0.30578800258010613,3127.9777600870575,0.5954088888889366,0.0,0.08877660718125134,0.0,3.1403320000001473,0.12981175067379613,0.0006,0.0,9.302,54.8882,synthetic_default
main,default,default,non_markovian,xai_gate,5,5000,0.13507158429440363,1.2003341911888026,62.107588539999945,0.6324039540706804,0.7697418423834708,0.6873458948458689,116.06885951066853,0.7974077777777243,0.20897004230337562,0.04338254338254338,0.5655486488819822,3.5825239999996867,0.1223266258257214,0.0008,0.0,9.2664,55.0428,synthetic_default
main,default,default,transient_overload,never_explain,5,5000,0.24385589441769218,1.023642307692323,53.2294,0.0,0.0,0.0,13017.728786799797,0.0,0.0,0.0,0.0,0.0,0.19581475536531712,0.0,0.0,10.0574,56.07,synthetic_default
main,default,default,transient_overload,always_explain,5,5000,0.25040861232065076,1.0526226600383628,53.303461999999996,1.0,1.0,0.8499999999999273,0.0,2.4034222222220163,0.0,0.0,0.0,10.1792,0.2110310038784562,0.1978,0.5266,10.1792,56.036,synthetic_default
main,default,default,transient_overload,threshold_explain,5,5000,0.24639834664255242,1.0357530936567085,53.25326656000004,0.4354409531136084,0.8187473715679308,0.33034893583447456,4043.213119324433,0.8036027777778247,0.0,0.0,0.0,3.8976639999999994,0.20327680920525681,0.0042,0.0,10.1394,56.1766,synthetic_default
main,default,default,transient_overload,rate_limited,5,5000,0.2462937569628952,1.0356904577573784,53.36638620000002,0.46392843137256506,0.7686811165398648,0.6691470588234926,7956.40285397355,0.8108916666667243,0.0,0.0,0.0,4.06828800000009,0.21404290570457185,0.0,0.0,10.2,56.0112,synthetic_default
main,default,default,transient_overload,fifo_explanation,5,5000,0.24668848907813007,1.038787889267627,53.33529199999991,0.712720980079838,0.47109876349000623,0.8930918529879439,8566.023143133305,1.7115222222221327,0.0,0.0,0.0,7.2488,0.205906101382618,0.0,0.4466,10.1706,56.2266,synthetic_default
main,default,default,transient_overload,static_coarse_full,5,5000,0.24729591261451705,1.0365022845392429,53.28694644000001,0.4392775342574063,0.8213188274598493,0.3337321802314146,4013.9483060399643,0.8127027777778286,0.0,0.0,0.0,3.9341919999999986,0.20172834760572145,0.0032,0.0,10.1292,56.1924,synthetic_default
main,default,default,transient_overload,static_offload,5,5000,0.2457894324461501,1.0269376042687353,53.20461908000004,0.40823006572179565,0.7016925947180654,0.4936026209517954,3815.633262184447,0.9353055555555648,0.30319106817641933,0.0,0.0,1.3410319999999316,0.20378512211570343,0.0,0.0,10.1032,55.9524,synthetic_default
main,default,default,transient_overload,budget_only_bexgov,5,5000,0.24721318625883715,1.0329131558190867,53.16895552000002,0.4067231114966255,0.7617190055208737,0.31483007412081404,4586.241528054917,0.6678194444444958,0.0,0.09334095568522315,0.0,3.5228040000000425,0.20141627292858244,0.0,0.0,10.1456,56.298,synthetic_default
main,default,default,transient_overload,xai_gate,5,5000,0.2477905928918532,1.0382399682320902,53.36899682,0.6808387468463614,0.7503217334126825,0.7747660766435026,2287.003328724714,0.9895277777780694,0.24693565369410175,0.1552734569004907,0.5719848222977134,4.14044799999927,0.19554529519900798,0.0118,0.0,10.0674,56.1384,synthetic_default
main,default,default,adversarial_explanation_flood,never_explain,5,5000,0.0,0.013142307692307684,0.6834,0.0,0.0,0.0,20078.126644198932,0.0,0.0,0.0,0.0,0.0,0.7983550997100262,0.0,0.0,12.1246,44.947,synthetic_default
main,default,default,adversarial_explanation_flood,always_explain,5,5000,0.0,0.02157515450867996,1.1042910000000006,1.0,1.0,0.8499999999999791,0.0,2.8481611111110414,0.0,0.0,0.0,12.0628,0.7910137516740487,0.0392,0.649,12.0628,44.9012,synthetic_default
main,default,default,adversarial_explanation_flood,threshold_explain,5,5000,0.0,0.016472315114617095,0.8493480800000011,0.5776663076795614,0.8825042190064094,0.4524902659265985,3627.71001012446,1.3709833333333314,0.0,0.0,0.0,6.376344000000116,0.7904288960480337,0.0002,0.273,12.071,44.9464,synthetic_default
main,default,default,adversarial_explanation_flood,rate_limited,5,5000,0.0,0.01848139875076223,0.95323836,0.6161502532728144,0.8777921870802514,0.6517465956186997,5024.628413317855,1.4114444444444247,0.0,0.0,0.0,6.717952000000078,0.7987300263135655,0.0,0.2904,12.1608,45.0718,synthetic_default
main,default,default,adversarial_explanation_flood,fifo_explanation,5,5000,0.0,0.016454465189979,0.8451269999999942,0.8841391460435122,0.7746642351085241,0.8673791280934537,2095.874677444442,2.5120333333332834,0.0,0.0,0.0,10.6392,0.7899573536346063,0.0,0.6026,12.0334,44.8182,synthetic_default
main,default,default,adversarial_explanation_flood,static_coarse_full,5,5000,0.0,0.01757268364326215,0.9060522799999995,0.579064940199663,0.8855183210349766,0.45472224967875474,3679.0795596622347,1.3903749999999915,0.0,0.0,0.0,6.446232000000104,0.793015445418217,0.0,0.2806,12.1404,45.1396,synthetic_default
main,default,default,adversarial_explanation_flood,static_offload,5,5000,0.0,0.01539595451327466,0.79870984,0.5324829089467972,0.7515661597696319,0.6909504937416066,3056.333809851229,1.6065888888888886,0.449007562997457,0.0,0.0,1.8375679999998504,0.7902452651977103,0.0,0.3798,12.1116,45.1022,synthetic_default
main,default,default,adversarial_explanation_flood,budget_only_bexgov,5,5000,0.0,0.016776401466388962,0.8661537800000005,0.5111861581874532,0.7744482851020394,0.4248494199574239,5319.636486725595,0.918804444444476,0.0,0.14015082757141206,0.14326969091899205,5.34828399999989,0.8007681621312395,0.0,0.0,12.1198,44.869,synthetic_default
main,default,default,adversarial_explanation_flood,xai_gate,5,5000,0.0,0.01732668809391763,0.8928674400000013,0.6866327285886716,0.8000139465831602,0.6612341069460713,1514.2211760306536,0.9939116666669007,0.049920226326956925,0.12821356316923532,0.6401138214056614,6.796319999999256,0.8060562311271966,0.0002,0.0,12.1594,44.8838,synthetic_default
main,default,default,rtt_uncertainty,never_explain,5,5000,0.0,0.015042307692307688,0.7822,0.0,0.0,0.0,6702.833758200204,0.0,0.0,0.0,0.0,0.0,0.07706113890197042,0.0,0.0,7.2732,45.0188,synthetic_default
main,default,default,rtt_uncertainty,always_explain,5,5000,0.0,0.017253237309012424,0.8886719999999999,1.0,1.0,0.8499999999999587,0.0,1.718180555555472,0.0,0.0,0.0,7.277,0.07665767109343369,0.0,0.4226,7.277,45.0592,synthetic_default
main,default,default,rtt_uncertainty,threshold_explain,5,5000,0.0,0.018436140044946547,0.9553467199999989,0.41529051150825436,0.8060076153180086,0.31312980650813504,167.28351719999984,0.5440194444444835,0.0,0.0,0.0,2.6610640000000583,0.08391846953880422,0.0,0.0,7.3078,44.9468,synthetic_default
main,default,default,rtt_uncertainty,rate_limited,5,5000,0.0,0.015986973291200187,0.8275445599999998,0.6056381371067585,0.8291819124115261,0.41978705866193206,0.35971624888888987,0.6313194444444981,0.0,0.0,0.0,3.52117600000014,0.07732177717391875,0.0,0.0,7.279,45.0438,synthetic_default
main,default,default,rtt_uncertainty,fifo_explanation,5,5000,0.0,0.017176817896754966,0.8849009999999992,0.9908963777454824,0.9759018596432358,0.8513655433381384,0.10143017777777771,1.706469444444368,0.0,0.0,0.0,7.2274,0.08189489579022569,0.0,0.4146,7.2938,44.9446,synthetic_default
main,default,default,rtt_uncertainty,static_coarse_full,5,5000,0.0,0.016391378860674807,0.8492559199999987,0.4125486648023273,0.8039714389796382,0.31072818994354234,184.5286103822221,0.5380222222222607,0.0,0.0,0.0,2.6356640000000637,0.0781188342696002,0.0,0.0,7.2948,45.1082,synthetic_default
main,default,default,rtt_uncertainty,static_offload,5,5000,0.0,0.014136053415164756,0.7341459199999997,0.38951031568478484,0.6922218027597072,0.5594716904848926,10.739656851111112,0.6296666666666795,0.2830944292540117,0.0,0.0,0.9350399999999786,0.07448574875248504,0.0,0.0,7.2414,44.9294,synthetic_default
main,default,default,rtt_uncertainty,budget_only_bexgov,5,5000,0.0,0.017715241653506884,0.9181940200000006,0.3923740848791694,0.756416779431581,0.3012756646667157,567.0524395724476,0.45885500000002627,0.0,0.08149391754279738,0.0,2.4246120000001214,0.07554478057068881,0.0,0.0,7.2668,45.0426,synthetic_default
main,default,default,rtt_uncertainty,xai_gate,5,5000,0.0,0.016981602818359316,0.8787839200000007,0.6436706552077204,0.8523782222246998,0.5551215769993387,0.3153065315555557,0.574081666666665,0.023516732528256003,0.05963467543593003,0.39351148202393127,3.7628559999997755,0.07296086436994242,0.0,0.0,7.2374,44.9684,synthetic_default
main,default,default,detection_matrix_perturbation,never_explain,5,5000,0.0,0.014330769230769253,0.7452,0.0,0.0,0.0,6365.253936356812,0.0,0.0,0.0,0.0,0.0,0.06144477654616942,0.0,0.0,7.1274,44.7654,synthetic_default
main,default,default,detection_matrix_perturbation,always_explain,5,5000,0.0,0.018838083783576577,0.9702129999999984,1.0,1.0,0.849999999999956,0.0,1.7030222222221343,0.0,0.0,0.0,7.2128,0.0656549091220695,0.0,0.4136,7.2128,45.1228,synthetic_default
main,default,default,detection_matrix_perturbation,threshold_explain,5,5000,0.0,0.016920614598169063,0.8771428799999993,0.3871699053313419,0.7909761657936131,0.29006255882191867,336.22793645990674,0.493472222222251,0.0,0.0,0.0,2.435552000000056,0.06493334217682634,0.0,0.0,7.2252,45.231,synthetic_default
main,default,default,detection_matrix_perturbation,rate_limited,5,5000,0.0,0.01667167395984186,0.8630896399999987,0.5921184668989676,0.8168351377591988,0.40503832752615826,0.4076402037432295,0.5855555555556039,0.0,0.0,0.0,3.343880000000142,0.0597225668474477,0.0,0.0,7.175,45.1376,synthetic_default
main,default,default,detection_matrix_perturbation,fifo_explanation,5,5000,0.0,0.01637640302737963,0.8438190000000004,0.9915917090340243,0.9775411992412717,0.8512612436448553,0.07711800586673856,1.676247222222142,0.0,0.0,0.0,7.0994,0.05856435277593186,0.0,0.4028,7.1596,45.09,synthetic_default
main,default,default,detection_matrix_perturbation,static_coarse_full,5,5000,0.0,0.015414106041978713,0.7989761999999988,0.38917474245411604,0.7913589629458898,0.2917876877794311,308.7654751153323,0.4954277777778067,0.0,0.0,0.0,2.442568000000061,0.06596693439417889,0.0,0.0,7.2026,45.0458,synthetic_default
main,default,default,detection_matrix_perturbation,static_offload,5,5000,0.0,0.014299006726070616,0.7426612399999986,0.36553935126977805,0.6790806038539593,0.4295373397032608,44.444913887283256,0.5709055555555651,0.2573408208308887,0.0,0.0,0.891319999999984,0.05875932326723987,0.0,0.0,7.1586,45.0754,synthetic_default
main,default,default,detection_matrix_perturbation,budget_only_bexgov,5,5000,0.0,0.018035397373775533,0.9350779400000009,0.3709158299449499,0.7444196272121784,0.2830332199264325,651.2328551117679,0.42541888888891144,0.0,0.07554006583132797,0.0,2.2665160000000895,0.07039601366084813,0.0,0.0,7.2306,45.0338,synthetic_default
main,default,default,detection_matrix_perturbation,xai_gate,5,5000,0.0,0.015377579280420781,0.79661936,0.6335482613658958,0.7587151385366989,0.6579721039003745,0.4556345646864429,0.5079455555554966,0.15075586736824523,0.0,0.7041955511010886,3.019319999999658,0.06251941252163151,0.0,0.0,7.1838,45.074,synthetic_default
main,default,default,poisson,never_explain,6,5000,0.0,0.013526923076923098,0.7034,0.0,0.0,0.0,5630.598520200277,0.0,0.0,0.0,0.0,0.0,0.006172345164897175,0.0,0.0,6.7846,44.9532,synthetic_default
main,default,default,poisson,always_explain,6,5000,0.0,0.01752390624382242,0.9030959999999993,1.0,1.0,0.8499999999999576,0.0,1.5898777777776985,0.0,0.0,0.0,6.7336,0.0,0.0004,0.3726,6.7336,44.9954,synthetic_default
main,default,default,poisson,threshold_explain,6,5000,0.0,0.015944772517048175,0.8266956400000001,0.3823731057819658,0.7844437318411366,0.28536265999707566,9.030013835555513,0.45402222222224836,0.0,0.0,0.0,2.2531760000000642,0.0034708842856472355,0.0,0.0,6.797,45.1566,synthetic_default
main,default,default,poisson,rate_limited,6,5000,0.0,0.01674527284561292,0.8671973599999993,0.5864090556583061,0.8092907213254708,0.39880987889998615,0.23904752222222286,0.5327138888889306,0.0,0.0,0.0,3.074816000000141,0.0,0.0,0.0,6.7052,44.8658,synthetic_default
main,default,default,poisson,fifo_explanation,6,5000,0.0,0.01934294757830203,0.9969839999999965,0.9941588092273024,0.9841278611233846,0.8508761786158644,0.04187402222222222,1.5833138888888145,0.0,0.0,0.0,6.7058,0.0,0.0,0.3716,6.7452,45.0824,synthetic_default
main,default,default,poisson,static_coarse_full,6,5000,0.0,0.015443718511997466,0.8005517199999995,0.38382625040383234,0.7882560827061903,0.28733002437665145,8.682902302222237,0.46016666666669304,0.0,0.0,0.0,2.2737120000000552,0.011344920330113029,0.0,0.0,6.8098,44.8894,synthetic_default
main,default,default,poisson,static_offload,6,5000,0.0,0.014021813256544556,0.7283201999999999,0.36194331983803213,0.6744221044909977,0.4214952766531406,3.1786697600000107,0.5202000000000097,0.250472334682861,0.0,0.0,0.8337599999999972,0.0,0.0,0.0,6.669,44.7786,synthetic_default
main,default,default,poisson,budget_only_bexgov,6,5000,0.0,0.014653634156500436,0.7599395599999994,0.36676117807730535,0.738656438360818,0.2780535597648661,127.03846044355546,0.3880250000000183,0.0,0.07080933436256755,0.0,2.0778840000000587,0.0,0.0,0.0,6.7364,44.9922,synthetic_default
main,default,default,poisson,xai_gate,6,5000,0.0,0.016430374593378486,0.8517147799999999,0.6657200405825244,0.7767740948852682,0.7540624253997704,0.1773186364444447,0.646644999999942,0.2661136309381714,0.0,0.6237168775364049,2.5457199999997413,0.0,0.0,0.0,6.7024,44.941,synthetic_default
main,default,default,bursty,never_explain,6,5000,0.1602021085132107,1.219403846153859,63.409,0.0,0.0,0.0,10181.918266599994,0.0,0.0,0.0,0.0,0.0,0.14541284825189793,0.0,0.0,8.7254,50.7846,synthetic_default
main,default,default,bursty,always_explain,6,5000,0.16531151991300289,1.2630761340530836,64.54792600000002,1.0,1.0,0.849999999999941,0.0,2.0545444444443017,0.0,0.0,0.0,8.7016,0.14282412150058277,0.1462,0.5182,8.7016,50.7608,synthetic_default
main,default,default,bursty,threshold_explain,6,5000,0.16160893062913217,1.2409481605602324,64.07387907999994,0.4261592361063485,0.8132900229799391,0.3225378397563779,1867.0512125066832,0.6734972222222789,0.0,0.0,0.0,3.2773040000000715,0.14499883982050377,0.0002,0.0,8.7342,50.8542,synthetic_default
main,default,default,bursty,rate_limited,6,5000,0.1616269522693093,1.231194661316557,63.59513311999993,0.5013382356299702,0.7964952543374731,0.6053152618237302,2869.3057825243923,0.7149694444445098,0.0,0.0,0.0,3.693688000000154,0.15222536664048714,0.0002,0.0,8.7578,50.6718,synthetic_default
main,default,default,bursty,fifo_explanation,6,5000,0.1634704462781304,1.2521155756981568,64.4255320000001,0.7821655760505255,0.5708922851787799,0.882675163592353,1401.2363290444398,1.6199583333332597,0.0,0.0,0.0,6.861,0.1511004729435359,0.0,0.3836,8.7718,50.8024,synthetic_default
main,default,default,bursty,static_coarse_full,6,5000,0.1614029616951463,1.2423203644623988,64.1383705600001,0.42808105778826877,0.8134068759333007,0.32386827542413077,1928.8598822533493,0.6824083333333857,0.0,0.0,0.0,3.322416000000061,0.1592282503388236,0.0006,0.0,8.8184,50.7142,synthetic_default
main,default,default,bursty,static_offload,6,5000,0.160361473540146,1.2315570234414754,63.890549000000036,0.3969520945807351,0.6969895846925114,0.4774988040729786,1545.9390832711827,0.7848666666666884,0.292011207544591,0.0,0.0,1.143023999999961,0.15097218726403283,0.0,0.0,8.7798,50.8544,synthetic_default
main,default,default,bursty,budget_only_bexgov,6,5000,0.16113879834494102,1.2442711856861672,64.29049479999993,0.40060761296547337,0.7586572062722399,0.3085686062805954,2329.2405551342044,0.5604638888889335,0.0,0.08844271898187499,0.0,2.9669680000001026,0.14577575633149853,0.0,0.0,8.7062,50.6568,synthetic_default
main,default,default,bursty,xai_gate,6,5000,0.16198891930915302,1.233501597098666,63.83491625999994,0.632949498197242,0.7755902927895388,0.7269999770341774,102.52402271822413,0.8774627777777448,0.2736834852904026,0.10100360563121512,0.44386009232253176,3.045619999999998,0.14517830044525892,0.0,0.0,8.7086,50.6972,synthetic_default
main,default,default,self_similar,never_explain,6,5000,0.34920047416358646,4.607303846153448,239.5798,0.0,0.0,0.0,24801.61786459803,0.0,0.0,0.0,0.0,0.0,0.29743094701005424,0.0,0.0,15.5638,79.9724,synthetic_default
main,default,default,self_similar,always_explain,6,5000,0.3566281875651987,4.67529709305922,239.12320699999998,1.0,1.0,0.8499999999999762,0.0,3.655519444444342,0.0,0.0,0.0,15.4822,0.2972044524321209,0.241,0.7246,15.4822,79.567,synthetic_default
main,default,default,self_similar,threshold_explain,6,5000,0.3564581529111076,4.634122832938928,239.43180764000002,0.43650824998407284,0.8175244094846358,0.3308472956615879,9936.169195413202,1.2442277777777682,0.0,0.0,0.0,6.042568000000125,0.3022589800450768,0.0,0.1924,15.697,80.3578,synthetic_default
main,default,default,self_similar,rate_limited,6,5000,0.3658273594348029,4.633566752739172,239.34413348000004,0.4451953708312599,0.7998927621136708,0.7135739173718006,15997.509018940365,1.283527777777766,0.0,0.0,0.0,6.275872000000156,0.31423151146436457,0.0,0.2274,16.072,81.528,synthetic_default
main,default,default,self_similar,fifo_explanation,6,5000,0.3721999320997581,4.66667983037954,239.67656200000002,0.7197563205891803,0.429554506405873,0.8920365519116115,13084.486185911017,2.750552777777717,0.0,0.0,0.0,11.6494,0.3177211562259872,0.0,0.6356,16.1852,81.8848,synthetic_default
main,default,default,self_similar,static_coarse_full,6,5000,0.3535545745694207,4.6311375375849915,239.29486376,0.4342264044366832,0.8179105960115217,0.32934040258806274,9973.216504399905,1.2304888888888839,0.0,0.0,0.0,5.970320000000106,0.29832184534509665,0.0002,0.1874,15.5792,79.9966,synthetic_default
main,default,default,self_similar,static_offload,6,5000,0.35860503222332607,4.612152138964644,239.29644428000003,0.405971182281515,0.6998174382588875,0.4895340086831124,9660.446564395459,1.457788888888887,0.2999937079217265,0.0,0.0,2.10751999999979,0.30861190636751057,0.0,0.3116,15.893,80.9662,synthetic_default
main,default,default,self_similar,budget_only_bexgov,6,5000,0.3489093393888332,4.629580186468733,239.40105604000004,0.40152358154882756,0.7411484743798598,0.3182797438054018,10817.554898347513,0.9086655555555626,0.0,0.0785275279808501,0.08325030730413405,5.242971999999976,0.2963964757339812,0.0,0.0,15.457,79.487,synthetic_default
main,default,default,self_similar,xai_gate,6,5000,0.3577353084236507,4.6154308542152975,238.98996398,0.4279965844064969,0.4731510702346919,0.5169426974366336,7411.760567568885,1.0,0.163293085629301,0.0949182022132036,0.3265389075138163,3.9620429999960716,0.3109905462020017,0.0004,0.0,15.8684,80.6942,synthetic_default
main,default,default,markov_modulated,never_explain,6,5000,0.17304335467601517,1.8995692307692544,98.7776,0.0,0.0,0.0,15122.915785199699,0.0,0.0,0.0,0.0,0.0,0.31498615823224085,0.0,0.0,10.8254,54.8822,synthetic_default
main,default,default,markov_modulated,always_explain,6,5000,0.15126959040710725,1.6585306810184939,84.73807200000002,1.0,1.0,0.8499999999999363,0.0,2.325033333333159,0.0,0.0,0.0,9.8472,0.27459964896475286,0.2142,0.5532,9.8472,51.5048,synthetic_default
main,default,default,markov_modulated,threshold_explain,6,5000,0.17559569508702344,1.8923984419030377,97.57376351999997,0.48443061163452633,0.8468468834558706,0.372983961417677,3105.3045997155923,0.9780250000000404,0.0,0.0,0.0,4.6506480000000465,0.30953954615553925,0.0046,0.0,10.6992,54.468,synthetic_default
main,default,default,markov_modulated,rate_limited,6,5000,0.1804507778638204,1.8692232040750034,96.48329695999999,0.48725997943350335,0.7831207610159003,0.689844816303606,7825.146962218097,0.9390916666667244,0.0,0.0,0.0,4.580568000000082,0.3086119807054051,0.001,0.0,10.697,54.4954,synthetic_default
main,default,default,markov_modulated,fifo_explanation,6,5000,0.1689519340159301,1.8178856800796057,93.55439599999991,0.697103905106678,0.4273729405029601,0.8954344142339301,5974.40770942224,1.7095388888888166,0.0,0.0,0.0,7.2404,0.295631000139712,0.0,0.404,10.3864,53.4432,synthetic_default
main,default,default,markov_modulated,static_coarse_full,6,5000,0.1716114685528523,1.9500829970652696,100.56481400000024,0.4850236633883116,0.8461238211866537,0.37317070916216866,3451.93453287559,0.9884027777778102,0.0,0.0,0.0,4.704472000000059,0.31275808551663276,0.006,0.0,10.8184,54.9398,synthetic_default
main,default,default,markov_modulated,static_offload,6,5000,0.1615749703567965,1.8755307428488412,97.28341428000007,0.44890235536246026,0.7204760001948229,0.5568099702721372,2565.1737688711664,1.1055777777777873,0.3493406509642503,0.0,0.0,1.464927999999946,0.3003609222660395,0.0,0.0774,10.4952,53.8066,synthetic_default
main,default,default,markov_modulated,budget_only_bexgov,6,5000,0.15907079753958508,1.8357723122489227,94.77902144000001,0.444864199903898,0.7779015298047542,0.34976549735704876,3374.68897556623,0.7603427777778304,0.0,0.11875060067275349,0.0,3.9870240000000665,0.29767926806150236,0.0,0.0,10.405,53.4544,synthetic_default
main,default,default,markov_modulated,xai_gate,6,5000,0.16946471342917263,1.8422405384273424,95.18245362000012,0.6448214047078838,0.7544102318609237,0.7144166778030318,586.1137313751256,0.9512327777778686,0.22196979820927434,0.12876806475630476,0.5196158912582807,4.096579999999738,0.2948494994852091,0.001,0.0,10.4762,53.9378,synthetic_default
main,default,default,non_markovian,never_explain,6,5000,0.1361523118766999,1.2056692307692456,62.6948,0.0,0.0,0.0,11422.615362599932,0.0,0.0,0.0,0.0,0.0,0.1337805983680893,0.0,0.0,9.3792,55.15,synthetic_default
main,default,default,non_markovian,always_explain,6,5000,0.13748201637485455,1.2667678032895708,64.79614300000014,1.0,1.0,0.8499999999999398,0.0,2.1797305555554014,0.0,0.0,0.0,9.2318,0.13286407790818067,0.0972,0.5368,9.2318,54.3272,synthetic_default
main,default,default,non_markovian,threshold_explain,6,5000,0.13468314429044542,1.37125094720986,70.83795932000002,0.42611972116225555,0.8130207933514139,0.322394423245026,2577.8343161999987,0.7227361111111662,0.0,0.0,0.0,3.5186080000000626,0.1343540561095231,0.006,0.0,9.3818,55.1374,synthetic_default
main,default,default,non_markovian,rate_limited,6,5000,0.13463311464827185,1.272513994147222,65.76187244000009,0.5196563861524383,0.7775393553340088,0.5552185950679148,3094.713774066609,0.7503250000000602,0.0,0.0,0.0,3.991008000000134,0.1265000598391972,0.0,0.0,9.3186,55.1478,synthetic_default
main,default,default,non_markovian,fifo_explanation,6,5000,0.13836033892995267,1.2148556051381723,62.51414699999986,0.82549137671498,0.6558511341206154,0.8761762934926902,932.3361453333322,1.8127194444443542,0.0,0.0,0.0,7.6774,0.12932936506491033,0.0,0.4524,9.3004,54.9022,synthetic_default
main,default,default,non_markovian,static_coarse_full,6,5000,0.14015581523143375,1.2090452412376287,62.42844672000003,0.4257082366090675,0.8106882406658943,0.32141905253204567,2514.5026777155385,0.7124527777778322,0.0,0.0,0.0,3.4784320000000566,0.12872879721384534,0.008,0.0,9.3048,54.9574,synthetic_default
main,default,default,non_markovian,static_offload,6,5000,0.13632590709195874,1.1817004805483375,61.3052856800001,0.3958368788291282,0.6964335621611283,0.47573987406398355,2310.5714541222897,0.8371000000000136,0.290716473791695,0.0,0.0,1.2223199999999466,0.1399319309706799,0.0,0.0,9.4016,54.9834,synthetic_default
main,default,default,non_markovian,budget_only_bexgov,6,5000,0.13706564218876685,1.2089235621148207,62.46980098000008,0.3958717430561523,0.7564104374536887,0.30587754751054846,3147.756141948383,0.5965605555555971,0.0,0.0878407429701608,0.0,3.143480000000152,0.13261114641694127,0.0004,0.0,9.3032,54.7596,synthetic_default
main,default,default,non_markovian,xai_gate,6,5000,0.13579047566820582,1.239108925288306,64.11960475999992,0.6325411080741665,0.7693792593152985,0.6887439802160368,115.65815703466838,0.7985755555555024,0.21224348127901427,0.04130331033884333,0.562280359234674,3.5446079999996982,0.1235289601544236,0.0008,0.0,9.2196,54.7062,synthetic_default
main,default,default,transient_overload,never_explain,6,5000,0.24502853067047076,1.024050000000016,53.2506,0.0,0.0,0.0,13045.690473599845,0.0,0.0,0.0,0.0,0.0,0.19707560627674536,0.0,0.0,10.0698,56.08,synthetic_default
main,default,default,transient_overload,always_explain,6,5000,0.25055801632176367,1.0546563748592996,53.414245000000065,1.0,1.0,0.8499999999999195,0.0,2.377733333333108,0.0,0.0,0.0,10.0704,0.19522025835671664,0.1982,0.5246,10.0704,56.1704,synthetic_default
main,default,default,transient_overload,threshold_explain,6,5000,0.2481604386070953,1.0353046708514158,53.212959640000015,0.4369572033234162,0.8211826542715033,0.3321455165386463,4099.4008700532895,0.8156361111111582,0.0,0.0,0.0,3.9455439999999986,0.20963020377784147,0.0044,0.0,10.2064,56.2508,synthetic_default
main,default,default,transient_overload,rate_limited,6,5000,0.2473515216457996,1.036821430020092,53.427872120000025,0.4641767210787941,0.765974908871277,0.6658179559971253,7864.380518906893,0.8032583333333876,0.0,0.0,0.0,4.040472000000062,0.19985949125900637,0.0,0.0,10.1448,56.3666,synthetic_default
main,default,default,transient_overload,fifo_explanation,6,5000,0.24590658574768545,1.0401873533344668,53.40735699999996,0.7231952241638333,0.48822786034561,0.8915207163753488,8181.260755533378,1.7276249999999074,0.0,0.0,0.0,7.317,0.20539745853378233,0.0,0.4446,10.1176,55.9572,synthetic_default
main,default,default,transient_overload,static_coarse_full,6,5000,0.2497717855591395,1.0370192890602343,53.304215440000014,0.43885436129414107,0.821573142021626,0.333418231881211,4104.928436373268,0.8151555555556033,0.0,0.0,0.0,3.9459439999999995,0.20696571975226985,0.0028,0.0,10.169,56.1684,synthetic_default
main,default,default,transient_overload,static_offload,6,5000,0.24598718960761648,1.0305463702629407,53.39233972,0.411278129395259,0.7039594604367957,0.49973179403033613,3807.984049773342,0.9612166666666704,0.3082317549617128,0.0,0.0,1.3577519999999335,0.2146276359106678,0.0,0.0,10.2384,56.195,synthetic_default
main,default,default,transient_overload,budget_only_bexgov,6,5000,0.246925567026463,1.0351541325445632,53.280959679999974,0.4099770737395687,0.764857830183944,0.3182955511196451,4555.395402968736,0.6746094444444971,0.0,0.0960135976441291,0.0,3.5499600000000378,0.20122836444010805,0.0,0.0,10.1194,56.1614,synthetic_default
main,default,default,transient_overload,xai_gate,6,5000,0.24784933953548122,1.0378329044384218,53.34027857999994,0.6801174777759136,0.7480929841590294,0.7739579760708699,2371.7053282616075,0.9922022222225065,0.24623026432499556,0.1540811700471094,0.5758973449234226,4.169015999999243,0.20649370570001113,0.0104,0.0,10.1466,56.0666,synthetic_default
main,default,default,adversarial_explanation_flood,never_explain,6,5000,0.0,0.015015384615384634,0.7808,0.0,0.0,0.0,20023.183476999104,0.0,0.0,0.0,0.0,0.0,0.7876310645103963,0.0,0.0,12.0708,45.016,synthetic_default
main,default,default,adversarial_explanation_flood,always_explain,6,5000,0.0,0.01871360916215363,0.9574480000000003,1.0,1.0,0.8499999999999821,0.0,2.8604388888888286,0.0,0.0,0.0,12.1148,0.8021861630280189,0.0446,0.6498,12.1148,44.8152,synthetic_default
main,default,default,adversarial_explanation_flood,threshold_explain,6,5000,0.0,0.0177312335429977,0.9142102000000006,0.577149328720863,0.884033811497921,0.4527880734700575,3680.868800048911,1.3827527777777724,0.0,0.0,0.0,6.4185280000001015,0.793978403106548,0.0,0.2732,12.141,45.1176,synthetic_default
main,default,default,adversarial_explanation_flood,rate_limited,6,5000,0.0,0.016997889544236262,0.8765597199999995,0.6181392545127261,0.8772551273025057,0.6497142904328523,4769.681564075607,1.4088444444444268,0.0,0.0,0.0,6.7088560000001145,0.7943748536815856,0.0,0.2876,12.1102,44.9932,synthetic_default
main,default,default,adversarial_explanation_flood,fifo_explanation,6,5000,0.0,0.018194239354432425,0.9345109999999941,0.8797360299428721,0.7646692171043514,0.8680395955085465,2254.607081533322,2.530638888888825,0.0,0.0,0.0,10.718,0.8055283858844167,0.0,0.6062,12.1832,44.9848,synthetic_default
main,default,default,adversarial_explanation_flood,static_coarse_full,6,5000,0.0,0.017079509992582953,0.8806405200000007,0.5794314518781647,0.8851679987667639,0.45495937767251793,3628.228128075589,1.3932277777777664,0.0,0.0,0.0,6.4603600000001045,0.801519932447446,0.0002,0.2784,12.1608,45.002,synthetic_default
main,default,default,adversarial_explanation_flood,static_offload,6,5000,0.0,0.013817851751973259,0.7167864799999998,0.5339921699484624,0.7518507225588736,0.6931391238272079,2994.8990835956706,1.6112611111111086,0.45054182635126205,0.0,0.0,1.8408399999998528,0.7994896055813403,0.0,0.374,12.1072,44.8542,synthetic_default
main,default,default,adversarial_explanation_flood,budget_only_bexgov,6,5000,0.0,0.018146483577144577,0.9368746400000002,0.5118993511840361,0.7738848356082927,0.4260094522939123,5302.274328253168,0.919792777777819,0.0,0.14031880907683694,0.14698811052926258,5.3676279999999,0.7960798928137267,0.0,0.0,12.1452,45.0804,synthetic_default
main,default,default,adversarial_explanation_flood,xai_gate,6,5000,0.0,0.01765213741520988,0.9093753600000014,0.6875136151771286,0.7996142413944629,0.6572898847003066,1625.2217094346631,0.9982411111113569,0.0424073922642898,0.13461444108267234,0.6331670619020362,6.912583999999152,0.8096688316396847,0.0,0.0,12.229,45.0506,synthetic_default
main,default,default,rtt_uncertainty,never_explain,6,5000,0.0,0.01472692307692308,0.7658,0.0,0.0,0.0,6954.864535400177,0.0,0.0,0.0,0.0,0.0,0.08243584334450849,0.0,0.0,7.3118,45.033,synthetic_default
main,default,default,rtt_uncertainty,always_explain,6,5000,0.0,0.017111273931125083,0.8814040000000001,1.0,1.0,0.8499999999999595,0.0,1.715488888888807,0.0,0.0,0.0,7.2656,0.07405091453093893,0.0002,0.4182,7.2656,45.0978,synthetic_default
main,default,default,rtt_uncertainty,threshold_explain,6,5000,0.0,0.016753079394005936,0.8680599599999994,0.4160411359817913,0.8052122221505246,0.3133664842014208,322.0920007822244,0.5489777777778194,0.0,0.0,0.0,2.6892400000000607,0.09175738264614064,0.0,0.0,7.3804,45.0674,synthetic_default
main,default,default,rtt_uncertainty,rate_limited,6,5000,0.0,0.014805038168706739,0.7662942399999988,0.6033434359982657,0.8254774677717733,0.4172837483617593,0.42405538888888916,0.628925000000057,0.0,0.0,0.0,3.521328000000138,0.08235106368831024,0.0,0.0,7.3248,45.1166,synthetic_default
main,default,default,rtt_uncertainty,fifo_explanation,6,5000,0.0,0.02004419609090939,1.0325049999999956,0.9890799890799891,0.9719153716532399,0.8516380016379618,0.11921624444444437,1.710861111111031,0.0,0.0,0.0,7.246,0.08158384267871366,0.0,0.4142,7.326,45.156,synthetic_default
main,default,default,rtt_uncertainty,static_coarse_full,6,5000,0.0,0.016449841020749034,0.8523782399999995,0.41406898623552796,0.8036652933079299,0.3116506445270031,226.07893672444496,0.5411416666667055,0.0,0.0,0.0,2.653584000000064,0.0801036564411366,0.0,0.0,7.3232,45.2006,synthetic_default
main,default,default,rtt_uncertainty,static_offload,6,5000,0.0,0.01402183756780334,0.7282184399999999,0.3868112511696802,0.6876829565155786,0.549785341490626,15.845207586666671,0.6192000000000101,0.27599493587273627,0.0,0.0,0.9467519999999782,0.07813944241431625,0.0,0.0,7.2668,44.9342,synthetic_default
main,default,default,rtt_uncertainty,budget_only_bexgov,6,5000,0.0,0.01470647817520159,0.7622506800000003,0.39119393972662103,0.7528569153278871,0.30003979799089847,614.9336717280086,0.45392055555557875,0.0,0.08489323159686007,0.0,2.4152360000000996,0.07862467508629933,0.0,0.0,7.2868,45.0376,synthetic_default
main,default,default,rtt_uncertainty,xai_gate,6,5000,0.0,0.016827147478315596,0.8708516200000004,0.6421754758598601,0.8514935705397273,0.5551615940878624,0.3719086844444453,0.5762711111111052,0.02442610897802467,0.055986711325327454,0.4025542575497644,3.80049199999979,0.08462291610365313,0.0,0.0,7.3446,45.1438,synthetic_default
main,default,default,detection_matrix_perturbation,never_explain,6,5000,0.0,0.014649999999999991,0.7618,0.0,0.0,0.0,6438.645180862267,0.0,0.0,0.0,0.0,0.0,0.0627757302544909,0.0,0.0,7.1716,44.9866,synthetic_default
main,default,default,detection_matrix_perturbation,always_explain,6,5000,0.0,0.018234261112898702,0.9391539999999994,1.0,1.0,0.8499999999999537,0.0,1.7058083333332403,0.0,0.0,0.0,7.2246,0.06584875764576648,0.0002,0.4128,7.2246,45.1884,synthetic_default
main,default,default,detection_matrix_perturbation,threshold_explain,6,5000,0.0,0.016276238836805623,0.8435639999999994,0.3905473458267994,0.7922850825197475,0.29273920581195606,331.0174400379581,0.5013416666666998,0.0,0.0,0.0,2.4726480000000604,0.07536332241368626,0.0,0.0,7.2678,45.0564,synthetic_default
main,default,default,detection_matrix_perturbation,rate_limited,6,5000,0.0,0.01658748811208122,0.8587920399999998,0.5911587586129741,0.8160132906365563,0.40399137303235094,0.3732114656187917,0.5801361111111595,0.0,0.0,0.0,3.3187840000001336,0.056414398979746094,0.0,0.0,7.1404,45.0606,synthetic_default
main,default,default,detection_matrix_perturbation,fifo_explanation,6,5000,0.0,0.01833599023749022,0.9448779999999984,0.9929937722419929,0.9814256268253573,0.8510509341636557,0.06369823166400258,1.6865888888887999,0.0,0.0,0.0,7.1432,0.06382255032882056,0.0,0.4066,7.1936,45.0802,synthetic_default
main,default,default,detection_matrix_perturbation,static_coarse_full,6,5000,0.0,0.01438202317214562,0.7454437999999984,0.3881977426384332,0.7889319334390419,0.29055567972287655,268.6492098342511,0.48906111111114026,0.0,0.0,0.0,2.4170320000000594,0.0594470121102082,0.0,0.0,7.1588,45.0474,synthetic_default
main,default,default,detection_matrix_perturbation,static_offload,6,5000,0.0,0.014886888832952624,0.7732101599999982,0.365725438086514,0.6791482934374801,0.4297644160229983,109.39997680285347,0.5764777777777874,0.2574813830523489,0.0,0.0,0.899967999999988,0.0679095012992974,0.0,0.0,7.2246,45.1012,synthetic_default
main,default,default,detection_matrix_perturbation,budget_only_bexgov,6,5000,0.0,0.013815100438377532,0.7163572800000007,0.36355419668285555,0.7390249270930115,0.276460322778809,622.351902655365,0.40920888888890866,0.0,0.07382587814821019,0.0,2.192248000000072,0.06295549352459173,0.0,0.0,7.1628,44.9238,synthetic_default
main,default,default,detection_matrix_perturbation,xai_gate,6,5000,0.0,0.015034710119931393,0.7788468800000015,0.632878652936314,0.7590557097286729,0.6564542165320811,0.5160437990707744,0.5060322222221627,0.1497355969941553,0.0,0.7033398274422488,3.0190839999996433,0.06930704855778824,0.0,0.0,7.186,44.8016,synthetic_default
main,default,default,poisson,never_explain,7,5000,0.0,0.013284615384615376,0.6908,0.0,0.0,0.0,5444.11235100027,0.0,0.0,0.0,0.0,0.0,0.00113015493963875,0.0,0.0,6.7412,44.8906,synthetic_default
main,default,default,poisson,always_explain,7,5000,0.0,0.015679985999451383,0.807975,1.0,1.0,0.8499999999999632,0.0,1.5963944444443754,0.0,0.0,0.0,6.7612,0.002309646852327818,0.0002,0.3718,6.7612,44.9708,synthetic_default
main,default,default,poisson,threshold_explain,7,5000,0.0,0.014856538760910573,0.7701889199999987,0.3858570536271968,0.7847938848115612,0.2878513429106969,7.468163355555557,0.45280833333335374,0.0,0.0,0.0,2.248392000000053,0.0,0.0,0.0,6.7242,45.0178,synthetic_default
main,default,default,poisson,rate_limited,7,5000,0.0,0.01605617525681561,0.8315256399999987,0.5868740022468056,0.8102941913193386,0.39931709336016497,0.26524158888888927,0.5386722222222677,0.0,0.0,0.0,3.1064480000001313,0.002055894254751056,0.0,0.0,6.7652,45.0088,synthetic_default
main,default,default,poisson,fifo_explanation,7,5000,0.0,0.018654077389701977,0.9615459999999999,0.9943866698180099,0.9845098832778573,0.8508419995272561,0.04089535555555555,1.5894055555554767,0.0,0.0,0.0,6.7316,0.0,0.0,0.3702,6.7696,45.2202,synthetic_default
main,default,default,poisson,static_coarse_full,7,5000,0.0,0.015035484040259806,0.7795095199999987,0.3850153175444818,0.7864225379870798,0.2877253446447679,8.267666995555564,0.45823333333335703,0.0,0.0,0.0,2.2696800000000588,0.004482712706937564,0.0,0.0,6.7896,45.062,synthetic_default
main,default,default,poisson,static_offload,7,5000,0.0,0.01656287636149101,0.8602996799999988,0.36108597285065425,0.6717663127551577,0.4179422115753991,4.369269891111137,0.5218888888888983,0.2469760151421051,0.0,0.0,0.8513119999999941,0.0,0.0,0.0,6.7626,45.1298,synthetic_default
main,default,default,poisson,budget_only_bexgov,7,5000,0.0,0.015271123477060947,0.7919268000000004,0.365006547229326,0.738356768553692,0.27654306291292735,67.3144173093322,0.3858861111111282,0.0,0.06889470864829475,0.0,2.063732000000059,0.0,0.0,0.0,6.7204,45.0626,synthetic_default
main,default,default,poisson,xai_gate,7,5000,0.0,0.013156455876897408,0.6819380400000005,0.6654214319752635,0.7772606062708617,0.7521670240647244,0.18597238799999988,0.6475799999999421,0.264534191088873,0.0,0.6201751250893496,2.5552439999997443,0.0,0.0,0.0,6.7152,44.8068,synthetic_default
main,default,default,bursty,never_explain,7,5000,0.15963442618418505,1.2211923076923201,63.502,0.0,0.0,0.0,10293.924781000007,0.0,0.0,0.0,0.0,0.0,0.1557282841807166,0.0,0.0,8.7786,50.6382,synthetic_default
main,default,default,bursty,always_explain,7,5000,0.16444761818461115,1.265479053158808,64.66614800000019,1.0,1.0,0.8499999999999358,0.0,2.0582749999998446,0.0,0.0,0.0,8.7174,0.14483155319341567,0.148,0.513,8.7174,50.7638,synthetic_default
main,default,default,bursty,threshold_explain,7,5000,0.16448386134600937,1.2352656430801816,63.78125143999992,0.4223724519175477,0.811711274839638,0.3194207071288897,1778.1599484800156,0.6623083333333856,0.0,0.0,0.0,3.226344000000065,0.1389228829977447,0.0,0.0,8.683,50.8258,synthetic_default
main,default,default,bursty,rate_limited,7,5000,0.16067859318770086,1.2501449230763195,64.57899447999998,0.501243588282246,0.7935381879493424,0.6004217485466615,2897.9857774177262,0.7110638888889514,0.0,0.0,0.0,3.6885440000001224,0.1539291201043851,0.0,0.0,8.773,50.6848,synthetic_default
main,default,default,bursty,fifo_explanation,7,5000,0.1626408699391991,1.2526841742810308,64.45547800000014,0.7824660425844346,0.5671164454377917,0.8826300936122636,1355.994351444443,1.6104194444443782,0.0,0.0,0.0,6.8206,0.14645107578429828,0.0,0.3828,8.7168,50.6886,synthetic_default
main,default,default,bursty,static_coarse_full,7,5000,0.1631804976102904,1.2372035458622523,63.874188319999966,0.42578698604993437,0.8120908852703931,0.32181993392072283,1822.5612307200079,0.6693166666667202,0.0,0.0,0.0,3.2630400000000552,0.14296953366245302,0.0002,0.0,8.7168,50.843,synthetic_default
main,default,default,bursty,static_offload,7,5000,0.1609117253664054,1.2265932342011436,63.63205908,0.39817228447077213,0.6971578407838325,0.47881401055652517,1351.7145172333942,0.7743388888889082,0.29273543846652467,0.0,0.0,1.1287759999999625,0.1348747515589559,0.0,0.0,8.6392,50.7498,synthetic_default
main,default,default,bursty,budget_only_bexgov,7,5000,0.16320080030292403,1.2324847787332662,63.67586830000007,0.4012986418084782,0.7592695614929346,0.3096516341815485,2327.0958811981986,0.5628444444444849,0.0,0.0913859050411122,0.0,2.9819440000001265,0.1480869381149017,0.0,0.0,8.7322,50.7058,synthetic_default
main,default,default,bursty,xai_gate,7,5000,0.16227378732262748,1.2323654607989112,63.771051699999965,0.6345059007209962,0.7769936099209244,0.7295796023327181,109.12983551155867,0.8813155555555232,0.27372916379666623,0.10660329705652753,0.44363319098131054,3.0633800000000186,0.1448037124506656,0.0002,0.0,8.7108,50.7266,synthetic_default
main,default,default,self_similar,never_explain,7,5000,0.3534620697880122,4.604911538461139,239.4554,0.0,0.0,0.0,25867.7360665978,0.0,0.0,0.0,0.0,0.0,0.31226044120228824,0.0,0.0,15.8446,80.4952,synthetic_default
main,default,default,self_similar,always_explain,7,5000,0.36472039204198864,4.684050581286292,239.51552199999998,1.0,1.0,0.8499999999999754,0.0,3.7091166666665596,0.0,0.0,0.0,15.7092,0.29995481785637823,0.2546,0.728,15.7092,80.5628,synthetic_default
main,default,default,self_similar,threshold_explain,7,5000,0.35131411764115766,4.635015966624766,239.49090096,0.4376459745817319,0.8182882276974758,0.3318624165399158,10000.422687431002,1.2345222222222234,0.0,0.0,0.0,5.991656000000113,0.29745766396745865,0.0,0.1946,15.5164,79.7272,synthetic_default
main,default,default,self_similar,rate_limited,7,5000,0.3584211649849449,4.633669782280874,239.37164764000005,0.4497398906271798,0.8013332276614936,0.7033763465417892,14933.522201942615,1.2584861111111125,0.0,0.0,0.0,6.189328000000132,0.3039076032737891,0.0,0.203,15.7626,80.5916,synthetic_default
main,default,default,self_similar,fifo_explanation,7,5000,0.36177960693759137,4.6562608129122305,239.15758400000004,0.7327307940606843,0.44970736779913184,0.8900903808908875,12225.897206399935,2.733458333333275,0.0,0.0,0.0,11.577,0.3077085428383388,0.0,0.6336,15.7998,80.547,synthetic_default
main,default,default,self_similar,static_coarse_full,7,5000,0.3544203503498019,4.632982222946955,239.36987248000005,0.4374650637466966,0.8184400292960506,0.3317674234592921,9532.852694959915,1.246730555555552,0.0,0.0,0.0,6.049856000000107,0.3042740078998496,0.0,0.1916,15.6714,80.1028,synthetic_default
main,default,default,self_similar,static_offload,7,5000,0.34923511027569065,4.616662122417902,239.54155736,0.4070581592320799,0.7009891716783333,0.4918351214003808,9297.15569243767,1.437244444444446,0.3019223859144808,0.0,0.0,2.0651679999997903,0.30198830409356625,0.0,0.3034,15.5848,79.8,synthetic_default
main,default,default,self_similar,budget_only_bexgov,7,5000,0.3551005245844465,4.6252184326444885,239.15925377999997,0.40146318113936547,0.7386389365144743,0.3185823877053502,11024.556750617756,0.9109650000000048,0.0,0.0791008769130618,0.08843164035076523,5.303323999999937,0.30158413703159215,0.0,0.0,15.6686,80.254,synthetic_default
main,default,default,self_similar,xai_gate,7,5000,0.3598272666857691,4.622712620585741,239.36340822,0.42891068032070584,0.47323033720151664,0.5187241305472753,7485.934895928279,1.0,0.16334756704329315,0.09438335285744877,0.3323634256630213,3.980779999996108,0.307537996323894,0.0,0.0,15.8778,80.9552,synthetic_default
main,default,default,markov_modulated,never_explain,7,5000,0.15903620891548712,1.698273076923098,88.3102,0.0,0.0,0.0,13954.990478199796,0.0,0.0,0.0,0.0,0.0,0.28274078566442773,0.0,0.0,10.089,52.4346,synthetic_default
main,default,default,markov_modulated,always_explain,7,5000,0.17268824052843504,1.9236816386169262,98.26183099999982,1.0,1.0,0.8499999999999338,0.0,2.5159055555553596,0.0,0.0,0.0,10.6556,0.3114407066488938,0.2532,0.6102,10.6556,54.1674,synthetic_default
main,default,default,markov_modulated,threshold_explain,7,5000,0.1828554728391952,2.0434821955922535,105.37115876,0.4875925390921341,0.845810893989107,0.37480318515040895,3933.8129364578263,1.0150777777778077,0.0,0.0,0.0,4.837288000000049,0.3291095191811573,0.005,0.0192,11.0764,55.558,synthetic_default
main,default,default,markov_modulated,rate_limited,7,5000,0.14019631015312495,1.651003223989153,85.24810159999997,0.5036064704322653,0.7889085379569353,0.6594669848846243,4846.032722328938,0.8671083333334081,0.0,0.0,0.0,4.290504000000109,0.27502194479664244,0.0022,0.0,9.8046,51.265,synthetic_default
main,default,default,markov_modulated,fifo_explanation,7,5000,0.18447349033402524,2.009685535716535,103.41965099999996,0.6845233740580876,0.40836349873845795,0.8973214938912213,7102.027728733349,1.7673861111110503,0.0,0.0,0.0,7.4854,0.3163885267432076,0.0,0.4256,10.9352,55.3798,synthetic_default
main,default,default,markov_modulated,static_coarse_full,7,5000,0.17370533578758232,1.9381032002158285,99.94595799999985,0.4871590909091022,0.84679464734876,0.3749051465063877,3258.2681176000133,0.9776944444444877,0.0,0.0,0.0,4.652008000000045,0.30403420273028847,0.0048,0.0,10.648,54.4362,synthetic_default
main,default,default,markov_modulated,static_offload,7,5000,0.1712846828144714,1.8786515215454973,97.43630112000005,0.45023470243086006,0.721552197243425,0.5601343019465561,3042.029533842307,1.1389388888888914,0.3522771723945236,0.0,0.0,1.4949679999999508,0.3126815527713387,0.0,0.131,10.737,54.5296,synthetic_default
main,default,default,markov_modulated,budget_only_bexgov,7,5000,0.1550152950125458,1.775022947341689,91.64015197999984,0.4449537646019514,0.7797274056898477,0.35033474035536766,3786.2824296621493,0.74703000000006,0.0,0.11919112594483165,0.0,3.909892000000108,0.2850545394453876,0.0,0.0,10.187,52.8486,synthetic_default
main,default,default,markov_modulated,xai_gate,7,5000,0.18320455677550354,2.010098760743644,103.8045014800001,0.6485298279992115,0.746504518882338,0.7168716888018251,1185.9674864818048,0.9827372222224223,0.21536395964874083,0.13281079904202048,0.5436533855867625,4.392175999999544,0.320562813347949,0.0026,0.0,11.0232,55.649,synthetic_default
main,default,default,non_markovian,never_explain,7,5000,0.13494790794522143,1.2019115384615502,62.4994,0.0,0.0,0.0,11552.879611999855,0.0,0.0,0.0,0.0,0.0,0.12840636899084656,0.0,0.0,9.2994,54.9412,synthetic_default
main,default,default,non_markovian,always_explain,7,5000,0.14134326976149666,1.2815316722968342,65.54369399999983,1.0,1.0,0.8499999999999501,0.0,2.1892222222220936,0.0,0.0,0.0,9.272,0.12231163272618217,0.095,0.5374,9.272,55.0768,synthetic_default
main,default,default,non_markovian,threshold_explain,7,5000,0.13716261249304584,1.2226905752018324,63.13365263999997,0.4285564540281582,0.8153499442552657,0.32472083172893795,2419.873386675545,0.7270166666667225,0.0,0.0,0.0,3.532224000000068,0.1331663133551746,0.0084,0.0,9.3492,55.0034,synthetic_default
main,default,default,non_markovian,rate_limited,7,5000,0.13324179252271937,1.1635835969548654,60.123375760000236,0.5204069805585398,0.7785074012892809,0.5524274498654922,2779.2127433243672,0.7351833333333858,0.0,0.0,0.0,3.917592000000138,0.11802229345303905,0.0,0.0,9.1454,54.5332,synthetic_default
main,default,default,non_markovian,fifo_explanation,7,5000,0.1387500364447433,1.2884187398037696,66.30563499999985,0.826693312704143,0.6543456452155479,0.8759960030943147,726.2095559999958,1.8166861111110206,0.0,0.0,0.0,7.6942,0.1306616907444922,0.0,0.4576,9.3072,54.8776,synthetic_default
main,default,default,non_markovian,static_coarse_full,7,5000,0.1402091347283843,1.241261085179519,64.0961979200002,0.4273343940143231,0.8130678306010569,0.32319451312594655,2454.9020605155592,0.7179916666667224,0.0,0.0,0.0,3.4972800000000506,0.12122384580429735,0.0094,0.0,9.3022,55.3098,synthetic_default
main,default,default,non_markovian,static_offload,7,5000,0.1407587416866091,1.2197755653787672,63.27968736000006,0.39912659092849856,0.6973874303192095,0.4802609549841929,2267.97185036895,0.842166666666681,0.293777227299906,0.0,0.0,1.2253439999999476,0.1302470454350746,0.0,0.0,9.3656,55.2422,synthetic_default
main,default,default,non_markovian,budget_only_bexgov,7,5000,0.13898011479369127,1.263360321566888,65.29422539999993,0.3988273959612943,0.7580468364354735,0.30860218529774675,3148.6598497768473,0.5983600000000446,0.0,0.09152819982327967,0.0,3.158380000000155,0.1251673165337841,0.0006,0.0,9.2802,54.9856,synthetic_default
main,default,default,non_markovian,xai_gate,7,5000,0.13686004646138372,1.29779480417448,67.15112709999991,0.6345115755012399,0.7696720193679917,0.6925725461850613,125.37093470666855,0.8133849999999458,0.2128871787240375,0.05712281298496992,0.5601734730755331,3.6243799999997113,0.13296891615393958,0.002,0.0,9.4078,55.3578,synthetic_default
main,default,default,transient_overload,never_explain,7,5000,0.24599886926498668,1.0244884615384764,53.2734,0.0,0.0,0.0,13279.21769859975,0.0,0.0,0.0,0.0,0.0,0.20604623212780804,0.0,0.0,10.1754,56.2466,synthetic_default
main,default,default,transient_overload,always_explain,7,5000,0.2502906153495853,1.0548234045405753,53.415,1.0,1.0,0.8499999999999209,0.0,2.3868944444442226,0.0,0.0,0.0,10.1092,0.19886910776207833,0.1982,0.5252,10.1092,56.2152,synthetic_default
main,default,default,transient_overload,threshold_explain,7,5000,0.24589651664468348,1.0358840233634896,53.260545719999996,0.44000556129341134,0.821498574878013,0.3343399936442413,3957.7541853510766,0.8095861111111615,0.0,0.0,0.0,3.918231999999974,0.19979458510122505,0.0026,0.0,10.0696,55.9518,synthetic_default
main,default,default,transient_overload,rate_limited,7,5000,0.24838552947358175,1.036409122185587,53.403742359999995,0.46282134497749444,0.7648008355790465,0.6718386735114965,8026.029588818021,0.8086583333333902,0.0,0.0,0.0,4.0507440000000745,0.20329740552975406,0.0,0.0,10.1682,56.3352,synthetic_default
main,default,default,transient_overload,fifo_explanation,7,5000,0.24875170030383026,1.0369802203945102,53.24149199999996,0.7184665953823611,0.4845689718832074,0.8922300106925666,8289.229446755617,1.713411111111011,0.0,0.0,0.0,7.2568,0.20201216007311773,0.0,0.4462,10.1004,56.0194,synthetic_default
main,default,default,transient_overload,static_coarse_full,7,5000,0.2481840059556457,1.035672900811955,53.236245280000034,0.4421924849344319,0.8223054318810601,0.3360520304068726,4037.191324448865,0.8208611111111608,0.0,0.0,0.0,3.9719919999999918,0.20580461776293024,0.0032,0.0,10.1556,56.1484,synthetic_default
main,default,default,transient_overload,static_offload,7,5000,0.24589803231254956,1.0274068466495463,53.22835068000002,0.4092034939375056,0.7027298369313523,0.49578932673900833,3785.605562935547,0.9331888888888997,0.3050614231014678,0.0,0.0,1.329727999999936,0.19120752771699623,0.0,0.0,10.0288,56.1268,synthetic_default
main,default,default,transient_overload,budget_only_bexgov,7,5000,0.24629816679456754,1.033946552610548,53.225461200000005,0.4084336297237406,0.7636471427924911,0.31683768656717765,4488.14089631272,0.6670105555556065,0.0,0.09618132740552557,0.0,3.5172160000000368,0.19891254558325322,0.0,0.0,10.0768,56.033,synthetic_default
main,default,default,transient_overload,xai_gate,7,5000,0.24912891552990202,1.0374036549977776,53.31599388,0.6794190545398461,0.7484670777120337,0.7720140621011395,2383.2690457033978,0.9920050000002854,0.24467270263369797,0.15295480880648898,0.5760158689632147,4.185843999999228,0.2064753537062456,0.0128,0.0,10.1834,56.2708,synthetic_default
main,default,default,adversarial_explanation_flood,never_explain,7,5000,0.0,0.014111538461538444,0.7338,0.0,0.0,0.0,20048.256257399116,0.0,0.0,0.0,0.0,0.0,0.7920729248214828,0.0,0.0,12.0866,44.9632,synthetic_default
main,default,default,adversarial_explanation_flood,always_explain,7,5000,0.0,0.018996712762932428,0.971859,1.0,1.0,0.8499999999999868,0.0,2.8751249999999553,0.0,0.0,0.0,12.177,0.8053640528399242,0.0422,0.6482,12.177,44.966,synthetic_default
main,default,default,adversarial_explanation_flood,threshold_explain,7,5000,0.0,0.018445142331333157,0.9508216000000004,0.5808286930887656,0.8853029466820163,0.4559638060923662,3579.035770182255,1.4017972222222232,0.0,0.0,0.0,6.50175200000011,0.8015625737619765,0.0,0.2794,12.212,45.1904,synthetic_default
main,default,default,adversarial_explanation_flood,rate_limited,7,5000,0.0,0.018087960587295168,0.9327400399999993,0.6173525196448302,0.8771082937282566,0.6514216760291792,4938.98078132004,1.4123444444444304,0.0,0.0,0.0,6.720952000000083,0.7988312619644498,0.0,0.2924,12.1406,44.9944,synthetic_default
main,default,default,adversarial_explanation_flood,fifo_explanation,7,5000,0.0,0.018724571167202275,0.9616619999999916,0.88044301089425,0.7662391954952859,0.8679335483658394,2216.7210188222157,2.526436111111052,0.0,0.0,0.0,10.7002,0.8007942152679006,0.0,0.6026,12.1532,44.992,synthetic_default
main,default,default,adversarial_explanation_flood,static_coarse_full,7,5000,0.0,0.018038332409131295,0.9301073600000019,0.5762728755209298,0.8830600063052516,0.45178803801742196,3667.980879582237,1.3784972222222134,0.0,0.0,0.0,6.404336000000124,0.8009302932678306,0.0,0.2742,12.1418,44.9464,synthetic_default
main,default,default,adversarial_explanation_flood,static_offload,7,5000,0.0,0.015482707532005754,0.8031617999999991,0.5304702400526162,0.7511951597372252,0.6879855310753681,3131.9640123201307,1.6063555555555558,0.4469089115422558,0.0,0.0,1.8404959999998534,0.7988920339429222,0.0,0.3786,12.164,45.0796,synthetic_default
main,default,default,adversarial_explanation_flood,budget_only_bexgov,7,5000,0.0,0.016397192294552564,0.846563340000001,0.5107459414915806,0.7731492545374845,0.4238261227853325,5221.605924855403,0.9182450000000313,0.0,0.13984342810053563,0.1411948908117017,5.3451999999999,0.8033079220721342,0.0,0.0,12.135,44.862,synthetic_default
main,default,default,adversarial_explanation_flood,xai_gate,7,5000,0.0,0.016792423227467553,0.8654436000000018,0.6871222271848487,0.8011683890595882,0.6613964567515319,1460.0787531244382,0.9925055555557786,0.05012158205548112,0.1267927150017369,0.6383471457165071,6.7639079999992715,0.7988591424822189,0.0002,0.0,12.0906,44.8084,synthetic_default
main,default,default,rtt_uncertainty,never_explain,7,5000,0.0,0.015396153846153855,0.8006,0.0,0.0,0.0,7037.260369600199,0.0,0.0,0.0,0.0,0.0,0.08635328470612036,0.0,0.0,7.3366,45.0228,synthetic_default
main,default,default,rtt_uncertainty,always_explain,7,5000,0.0,0.01725201161000599,0.8884270000000002,1.0,1.0,0.8499999999999598,0.0,1.7219111111110297,0.0,0.0,0.0,7.2928,0.0816406742456266,0.0004,0.4194,7.2928,44.949,synthetic_default
main,default,default,rtt_uncertainty,threshold_explain,7,5000,0.0,0.01626769381457928,0.8428670799999989,0.4144031627041691,0.8057978102881479,0.3125372766819188,198.43322686222348,0.5433666666667069,0.0,0.0,0.0,2.6569680000000657,0.08171376653970408,0.0,0.0,7.3102,45.0532,synthetic_default
main,default,default,rtt_uncertainty,rate_limited,7,5000,0.0,0.01570197815606867,0.8127317599999992,0.6008000882856145,0.8235687689084816,0.41450918722068736,0.3856530911111114,0.6154500000000523,0.0,0.0,0.0,3.460848000000138,0.07627552724761966,0.0,0.0,7.2492,44.903,synthetic_default
main,default,default,rtt_uncertainty,fifo_explanation,7,5000,0.0,0.018225711096228427,0.9388659999999989,0.9913038737289753,0.9773647832800277,0.8513044189406137,0.0826725555555555,1.7171888888888078,0.0,0.0,0.0,7.2728,0.08731446694677003,0.0,0.4182,7.3366,44.983,synthetic_default
main,default,default,rtt_uncertainty,static_coarse_full,7,5000,0.0,0.014693944420293177,0.7614184,0.41682880186248045,0.8092165581405115,0.3151284609628551,74.83088982666703,0.5427750000000452,0.0,0.0,0.0,2.645208000000068,0.07213535630871903,0.0,0.0,7.2162,44.8712,synthetic_default
main,default,default,rtt_uncertainty,static_offload,7,5000,0.0,0.01456991744167655,0.7567084800000002,0.38474137931032054,0.6881723480634067,0.5484221764866248,43.90434789777718,0.6216944444444568,0.275944170771757,0.0,0.0,0.9428559999999743,0.08308064415732375,0.0,0.0,7.308,44.9828,synthetic_default
main,default,default,rtt_uncertainty,budget_only_bexgov,7,5000,0.0,0.014311921124543613,0.7417976200000004,0.3929277121550211,0.756739135561188,0.3023107070927122,678.828969305787,0.46395833333336023,0.0,0.08518861248707202,0.0,2.455448000000109,0.08867604465284384,0.0,0.0,7.3484,44.999,synthetic_default
main,default,default,rtt_uncertainty,xai_gate,7,5000,0.0,0.015522559459478566,0.8032683400000006,0.6430955926968274,0.8540403790200821,0.5526764168852822,0.4048664137777787,0.5764488888888851,0.0232776214904297,0.05284351039770534,0.39047934248993327,3.766455999999775,0.0764400703613799,0.0,0.0,7.2516,44.911,synthetic_default
main,default,default,detection_matrix_perturbation,never_explain,7,5000,0.0,0.012588461538461555,0.6546,0.0,0.0,0.0,6512.239382680302,0.0,0.0,0.0,0.0,0.0,0.06964565206103246,0.0,0.0,7.21,44.937,synthetic_default
main,default,default,detection_matrix_perturbation,always_explain,7,5000,0.0,0.01633187050283769,0.8411960000000023,1.0,1.0,0.8499999999999583,0.0,1.6887138888888062,0.0,0.0,0.0,7.1522,0.05951455088179469,0.0,0.4108,7.1522,45.003,synthetic_default
main,default,default,detection_matrix_perturbation,threshold_explain,7,5000,0.0,0.016961514147044127,0.8791054399999997,0.38991805555555953,0.7904361878553464,0.2918680555555745,253.93801027340527,0.49416111111114486,0.0,0.0,0.0,2.4419440000000567,0.0671267168512637,0.0,0.0,7.2,44.9806,synthetic_default
main,default,default,detection_matrix_perturbation,rate_limited,7,5000,0.0,0.016578345446276996,0.8583278799999998,0.592398286937913,0.8178670048556522,0.4053435857504656,0.40334107553395493,0.5876888888889376,0.0,0.0,0.0,3.35434400000013,0.06503530471045327,0.0,0.0,7.1918,45.0176,synthetic_default
main,default,default,detection_matrix_perturbation,fifo_explanation,7,5000,0.0,0.015744845529502206,0.8111630000000003,0.9911585620151806,0.9766254451343601,0.851326215697687,0.08577094674181387,1.6834249999999291,0.0,0.0,0.0,7.1298,0.06601106112069721,0.0,0.4018,7.1934,44.9864,synthetic_default
main,default,default,detection_matrix_perturbation,static_coarse_full,7,5000,0.0,0.015082202809537261,0.781825799999999,0.3891890759822425,0.7935969632463221,0.2921644187540322,265.1564957878142,0.4942194444444752,0.0,0.0,0.0,2.432320000000061,0.06197760745884251,0.0,0.0,7.1622,44.9614,synthetic_default
main,default,default,detection_matrix_perturbation,static_offload,7,5000,0.0,0.015798297061535477,0.82052356,0.36623690572117135,0.6794346167889501,0.42984078468417664,73.67343962192554,0.5741888888888991,0.2572452693878685,0.0,0.0,0.8995999999999856,0.0668338550559664,0.0,0.0,7.1978,44.9792,synthetic_default
main,default,default,detection_matrix_perturbation,budget_only_bexgov,7,5000,0.0,0.016978568919369094,0.8803403200000004,0.3673198539735974,0.740570803285703,0.279849761303013,591.4089510765064,0.4118594444444653,0.0,0.07618646447627071,0.0,2.2047240000000823,0.05506421936802597,0.0,0.0,7.122,45.002,synthetic_default
main,default,default,detection_matrix_perturbation,xai_gate,7,5000,0.0,0.015363331238526057,0.7959128400000007,0.634604314536457,0.7613919090513914,0.6590010059799252,0.46298499176190544,0.5081527777777188,0.15025428938691107,0.0,0.7054434695132175,3.0206679999996586,0.06098609505173713,0.0,0.0,7.1572,44.972,synthetic_default
main,default,default,poisson,never_explain,8,5000,0.0,0.014084615384615369,0.7324,0.0,0.0,0.0,5415.77630560026,0.0,0.0,0.0,0.0,0.0,0.0,0.0,0.0,6.723,44.8482,synthetic_default
main,default,default,poisson,always_explain,8,5000,0.0,0.015509855644462556,0.7994590000000018,1.0,1.0,0.849999999999966,0.0,1.5808111111110479,0.0,0.0,0.0,6.6952,0.0,0.0002,0.3622,6.6952,44.901,synthetic_default
main,default,default,poisson,threshold_explain,8,5000,0.0,0.014701768199631605,0.7623207199999986,0.3835631393192588,0.784241753322935,0.2861249027935807,6.411612391111113,0.44755277777780045,0.0,0.0,0.0,2.222464000000058,0.0,0.0,0.0,6.6868,44.9112,synthetic_default
main,default,default,poisson,rate_limited,8,5000,0.0,0.016198254020726645,0.8388681999999998,0.5878603185819972,0.8109420074333248,0.4003930748167389,0.25578402000000044,0.5433916666667081,0.0,0.0,0.0,3.1278000000001396,0.005631750994882445,0.0,0.0,6.7926,45.0304,synthetic_default
main,default,default,poisson,fifo_explanation,8,5000,0.0,0.018424709525443315,0.9496419999999982,0.9941943127962085,0.9836086129366957,0.8508708530805321,0.051261622222222185,1.5849666666665996,0.0,0.0,0.0,6.7128,0.0,0.0,0.3668,6.752,45.1134,synthetic_default
main,default,default,poisson,static_coarse_full,8,5000,0.0,0.01582789669143379,0.8205963199999996,0.38094339066049376,0.7837701235005794,0.2842148735951081,13.613726515555507,0.4508555555555807,0.0,0.0,0.0,2.2383680000000563,0.003077378310404777,0.0,0.0,6.7798,45.06,synthetic_default
main,default,default,poisson,static_offload,8,5000,0.0,0.015600329931647798,0.810330199999999,0.35720810225686456,0.6737231576683566,0.41668080310800937,4.704411764444451,0.5203444444444523,0.24799074705655566,0.0,0.0,0.8299359999999988,0.0,0.0,0.0,6.7438,44.977,synthetic_default
main,default,default,poisson,budget_only_bexgov,8,5000,0.0,0.01409723428714145,0.731062500000001,0.36395956519141726,0.7393410586217051,0.2758272113719223,54.78497400622027,0.38517222222224134,0.0,0.06704294331959625,0.0,2.0537320000000605,0.0,0.0,0.0,6.6972,44.9848,synthetic_default
main,default,default,poisson,xai_gate,8,5000,0.0,0.01667110998667682,0.8640894400000003,0.6650007390109519,0.7772205533327807,0.7500860208695783,0.17679441422222242,0.6532616666666086,0.26359041059446037,0.0,0.6137337787105738,2.574871999999752,0.0029246657683672517,0.0,0.0,6.7658,44.9738,synthetic_default
main,default,default,bursty,never_explain,8,5000,0.15957325354801882,1.2249846153846282,63.6992,0.0,0.0,0.0,10270.429528199966,0.0,0.0,0.0,0.0,0.0,0.15061446502503273,0.0,0.0,8.7682,50.803,synthetic_default
main,default,default,bursty,always_explain,8,5000,0.16493216099148955,1.2621381717498348,64.48388499999996,1.0,1.0,0.8499999999999387,0.0,2.080847222222072,0.0,0.0,0.0,8.813,0.15362312011006218,0.147,0.5178,8.813,50.9294,synthetic_default
main,default,default,bursty,threshold_explain,8,5000,0.16175680569563927,1.2326209794930045,63.63359748000007,0.42622862141197343,0.8139169638308202,0.32265382224986305,1732.3780119377934,0.670416666666723,0.0,0.0,0.0,3.2614320000000583,0.14553544942153684,0.0006,0.0,8.6886,50.565,synthetic_default
main,default,default,bursty,rate_limited,8,5000,0.1614400004734433,1.2380802926417063,63.95575092000015,0.5005304887829836,0.796195072527116,0.5993492059854562,2869.827558799948,0.7047472222222845,0.0,0.0,0.0,3.660752000000117,0.14781176928560202,0.0004,0.0,8.7278,50.6924,synthetic_default
main,default,default,bursty,fifo_explanation,8,5000,0.16389681912379608,1.2464026340346854,64.12935599999997,0.7838054088654185,0.5722639733098286,0.882429188670128,1392.7445331111055,1.6190611111110422,0.0,0.0,0.0,6.8572,0.14675129079319205,0.0,0.38,8.7486,50.8602,synthetic_default
main,default,default,bursty,static_coarse_full,8,5000,0.1628622859167682,1.2468547372811278,64.3719141199999,0.42877533380343247,0.8129362571833719,0.3241782862862134,1830.422241768895,0.680394444444498,0.0,0.0,0.0,3.3156400000000494,0.15392994474847543,0.0004,0.0,8.7926,50.798,synthetic_default
main,default,default,bursty,static_offload,8,5000,0.1627920827283076,1.2391985368163108,64.28545964,0.4008700907722403,0.6978068568591158,0.48227409569857643,1537.3579057800682,0.7917944444444642,0.294964192856817,0.0,0.0,1.15266399999996,0.1471553968316297,0.0,0.0,8.7692,50.962,synthetic_default
main,default,default,bursty,budget_only_bexgov,8,5000,0.1636396970292363,1.2437228002079073,64.2601531999999,0.401806046148906,0.7585912639436497,0.3092263406578419,2367.617765326192,0.5629238888889323,0.0,0.08754988760952337,0.0,2.979604000000112,0.14214607565754855,0.0,0.0,8.7196,50.896,synthetic_default
main,default,default,bursty,xai_gate,8,5000,0.16122377866832513,1.2442530174286828,64.38748693999995,0.6346387260158919,0.7759132848315201,0.7292313659282064,108.13702312355849,0.8853977777777455,0.272478382879697,0.10957997764139536,0.4431338550341083,3.090896000000008,0.15030220003726713,0.0,0.0,8.7662,50.8052,synthetic_default
main,default,default,self_similar,never_explain,8,5000,0.352360142253104,4.60616153846114,239.5204,0.0,0.0,0.0,25475.764417397873,0.0,0.0,0.0,0.0,0.0,0.30345586777462596,0.0,0.0,15.7126,80.3638,synthetic_default
main,default,default,self_similar,always_explain,8,5000,0.36252694961269416,4.680323488000926,239.342667,1.0,1.0,0.8499999999999783,0.0,3.6927305555554613,0.0,0.0,0.0,15.6398,0.2984798293025166,0.245,0.724,15.6398,80.298,synthetic_default
main,default,default,self_similar,threshold_explain,8,5000,0.3643173952276192,4.635512473282142,239.46923532000002,0.4382630873156115,0.8192457252475047,0.3325682094471782,10056.837612871017,1.2737111111111172,0.0,0.0,0.0,6.175816000000123,0.3078937339414596,0.0002,0.213,15.9582,81.343,synthetic_default
main,default,default,self_similar,rate_limited,8,5000,0.3521250674705572,4.626847389274118,239.03556295999996,0.45196832695419886,0.801503628071856,0.6961988491869567,14099.62339476704,1.239177777777784,0.0,0.0,0.0,6.122488000000163,0.300680176647133,0.0,0.1884,15.5716,79.8126,synthetic_default
main,default,default,self_similar,fifo_explanation,8,5000,0.3599744290736972,4.662715992332764,239.49791199999993,0.733671278474419,0.452142949766507,0.8899493082288215,11943.062565044407,2.726988888888807,0.0,0.0,0.0,11.5496,0.30653241307877144,0.0,0.6324,15.7422,80.3256,synthetic_default
main,default,default,self_similar,static_coarse_full,8,5000,0.352363414237093,4.634311336657698,239.45112336,0.43709700217159436,0.818513070320055,0.3314945453143643,9786.045273555486,1.2372499999999975,0.0,0.0,0.0,6.003696000000095,0.29938564569814385,0.0002,0.194,15.5646,79.8562,synthetic_default
main,default,default,self_similar,static_offload,8,5000,0.3556110763946643,4.6114423390860075,239.26153847999996,0.4072478074338496,0.7003060878435831,0.4912499841806674,9568.338530306539,1.454833333333332,0.30113772985560067,0.0,0.0,2.100959999999781,0.30731833218760696,0.0,0.3184,15.8034,80.5894,synthetic_default
main,default,default,self_similar,budget_only_bexgov,8,5000,0.35340979385307647,4.630927212003957,239.45015278000008,0.4017391526223976,0.7400560151215808,0.32001773343709977,11020.779710365357,0.9133144444444553,0.0,0.07727440899174566,0.09442098414196956,5.322471999999925,0.3057304680992834,0.0,0.0,15.6766,80.04,synthetic_default
main,default,default,self_similar,xai_gate,8,5000,0.3544122359387344,4.6241712796682,239.44726774,0.42907072180615663,0.4709376239435766,0.5224799251556316,7555.467588481817,1.0,0.16511480400862616,0.09569960674869973,0.33396866675071984,3.949252999995846,0.30917920127280873,0.0004,0.0,15.766,80.2844,synthetic_default
main,default,default,markov_modulated,never_explain,8,5000,0.1691812387883384,1.941092307692325,100.9368,0.0,0.0,0.0,15784.218947199623,0.0,0.0,0.0,0.0,0.0,0.30188963592787843,0.0,0.0,10.712,54.8536,synthetic_default
main,default,default,markov_modulated,always_explain,8,5000,0.18396104458856236,1.9923905189799687,101.74954399999993,1.0,1.0,0.8499999999999508,0.0,2.5838583333331835,0.0,0.0,0.0,10.9434,0.3172186673984976,0.2598,0.5684,10.9434,55.3864,synthetic_default
main,default,default,markov_modulated,threshold_explain,8,5000,0.1672783795875264,1.9326574978093174,99.67833263999994,0.48484010128482846,0.8450169686113199,0.3726362187001767,3743.7161885644996,0.9713527777778106,0.0,0.0,0.0,4.629760000000038,0.30340501266367514,0.0038,0.0,10.663,54.5392,synthetic_default
main,default,default,markov_modulated,rate_limited,8,5000,0.17979224244161152,2.0367400384487495,105.13919236000011,0.48928054822263334,0.7857612584040715,0.6950150074132743,7234.189591191345,0.9833027777778218,0.0,0.0,0.0,4.7739520000000715,0.32077183932750586,0.0018,0.0,11.0612,55.832,synthetic_default
main,default,default,markov_modulated,fifo_explanation,8,5000,0.16500814221240034,1.885748903973752,97.06088900000002,0.6907993966817496,0.4137746312507619,0.8963800904976625,7034.964349311144,1.7302222222221424,0.0,0.0,0.0,7.328,0.3027539836050497,0.0,0.4256,10.608,54.285,synthetic_default
main,default,default,markov_modulated,static_coarse_full,8,5000,0.17322146603217373,1.8813568913921568,97.00967067999997,0.4873318258903438,0.8478144514582777,0.37531844733371145,3155.84274869777,0.9766805555555917,0.0,0.0,0.0,4.64261600000007,0.3021092108217127,0.0058,0.0,10.614,54.3426,synthetic_default
main,default,default,markov_modulated,static_offload,8,5000,0.15737642053283074,1.9322808850735549,100.22876328000002,0.45092542391894985,0.7223266321688673,0.5614401091813392,2741.760558246731,1.1377277777777857,0.35332498270672474,0.0,0.0,1.4896239999999519,0.3101908495579315,0.0,0.1164,10.6978,54.4338,synthetic_default
main,default,default,markov_modulated,budget_only_bexgov,8,5000,0.19012428574944024,2.0984952586073717,108.29098373999987,0.45652783620811577,0.7846774734574979,0.36052972935072936,5134.278711260324,0.8649055555556246,0.0,0.12287897910531483,0.0,4.507464000000081,0.33699408350588667,0.0002,0.0,11.4096,56.8918,synthetic_default
main,default,default,markov_modulated,xai_gate,8,5000,0.16109640009573842,1.8293547795318326,94.52554054000002,0.651726073371216,0.7574978087950852,0.7197805037997459,667.609327192462,0.9568877777779116,0.22350808162635497,0.13486093430544305,0.5102611580449794,4.100507999999639,0.292614698798785,0.0026,0.0,10.3692,53.4792,synthetic_default
main,default,default,non_markovian,never_explain,8,5000,0.13406696514325397,1.2132653846153991,63.0898,0.0,0.0,0.0,11393.32115199993,0.0,0.0,0.0,0.0,0.0,0.12758642768838202,0.0,0.0,9.1574,54.1416,synthetic_default
main,default,default,non_markovian,always_explain,8,5000,0.14056237185359702,1.267944899842139,64.84346600000005,1.0,1.0,0.8499999999999396,0.0,2.2065055555553985,0.0,0.0,0.0,9.3452,0.132438550315791,0.0952,0.5524,9.3452,55.0152,synthetic_default
main,default,default,non_markovian,threshold_explain,8,5000,0.13416260183429835,1.1998823331852657,61.956899440000115,0.42813002302446407,0.8140989547391814,0.32412137799211277,2280.9360863777847,0.7137861111111686,0.0,0.0,0.0,3.4720000000000573,0.12326982337741921,0.0082,0.0,9.2076,54.6476,synthetic_default
main,default,default,non_markovian,rate_limited,8,5000,0.13658095290060615,1.2245017408280798,63.274141280000066,0.5169132560473199,0.7742535008279241,0.5583872414013807,3093.5182560265985,0.7511888888889477,0.0,0.0,0.0,3.9928160000001336,0.1358709095406465,0.0,0.0,9.3678,54.9816,synthetic_default
main,default,default,non_markovian,fifo_explanation,8,5000,0.13883905515580647,1.2999123163122044,66.89796899999988,0.8227220496233562,0.6484470840229202,0.8765916925564344,1056.6579257111052,1.8257527777776923,0.0,0.0,0.0,7.7326,0.13624054623880744,0.0,0.4574,9.3988,55.1456,synthetic_default
main,default,default,non_markovian,static_coarse_full,8,5000,0.13664422557238737,1.2743147693602264,65.80683316,0.42971016045072413,0.8150759022152096,0.3254193354898339,2473.251100946679,0.7269888888889446,0.0,0.0,0.0,3.534704000000056,0.13188698345729777,0.0056,0.0,9.3362,54.989,synthetic_default
main,default,default,non_markovian,static_offload,8,5000,0.13219949470863837,1.2261117857966664,63.617038760000106,0.3919113519581946,0.6949775020830655,0.4706254587849158,2186.040983240085,0.8157055555555697,0.287382874908243,0.0,0.0,1.1941039999999576,0.12411552775886792,0.0,0.0,9.2636,54.9386,synthetic_default
main,default,default,non_markovian,budget_only_bexgov,8,5000,0.13559479409136543,1.2546392244031945,64.84459949999997,0.39805939557803843,0.7575719824715977,0.3077362522349806,2958.47737335017,0.5896777777778179,0.0,0.0905978805983167,0.0,3.1139560000001274,0.12431250406032102,0.0006,0.0,9.1724,54.3882,synthetic_default
main,default,default,non_markovian,xai_gate,8,5000,0.13830253749230476,1.1770487487200485,60.89100999999999,0.6342397817823145,0.771698552138674,0.6892093902360248,121.22739280044614,0.8033027777777262,0.20715651109345132,0.04959298954015336,0.5665499688567194,3.632499999999695,0.1306642187843401,0.0018,0.0,9.3118,54.9046,synthetic_default
main,default,default,transient_overload,never_explain,8,5000,0.24295332200534034,1.0226153846154002,53.176,0.0,0.0,0.0,13088.700523799767,0.0,0.0,0.0,0.0,0.0,0.20240934035859293,0.0,0.0,10.105,56.0264,synthetic_default
main,default,default,transient_overload,always_explain,8,5000,0.25028227686372484,1.0520476336901672,53.265038000000025,1.0,1.0,0.849999999999923,0.0,2.3859972222220063,0.0,0.0,0.0,10.1054,0.19881511218353998,0.1982,0.524,10.1054,56.1966,synthetic_default
main,default,default,transient_overload,threshold_explain,8,5000,0.24799940760701036,1.038232184192306,53.376274479999985,0.4380150882445752,0.8182480672571053,0.33199751812165756,4074.597862271063,0.8076555555556072,0.0,0.0,0.0,3.9222319999999913,0.2063621058584657,0.0032,0.0,10.1536,56.1114,synthetic_default
main,default,default,transient_overload,rate_limited,8,5000,0.24695277575119345,1.034594593460826,53.30952480000005,0.4645161609760125,0.7666688543178594,0.6688633842984685,7844.924500995785,0.8039888888889474,0.0,0.0,0.0,4.033208000000095,0.1979676402585655,0.0,0.0,10.0984,56.1974,synthetic_default
main,default,default,transient_overload,fifo_explanation,8,5000,0.24757824507102213,1.0375255504460026,53.26993700000001,0.7170601071216028,0.4813879555923394,0.8924409839316807,8338.350171533379,1.706941666666571,0.0,0.0,0.0,7.2294,0.1983848786222242,0.0,0.4426,10.082,56.0866,synthetic_default
main,default,default,transient_overload,static_coarse_full,8,5000,0.2478650568404545,1.03672995245909,53.28202456000004,0.44409046214357045,0.8240476780747767,0.33792232055064075,4035.9658659243964,0.8281305555556048,0.0,0.0,0.0,4.000279999999989,0.20808239193186195,0.0038,0.0,10.17,56.122,synthetic_default
main,default,default,transient_overload,static_offload,8,5000,0.24775189620190102,1.028335966105181,53.276007640000024,0.41171026873113276,0.7033174165016144,0.4990219691127479,3801.487496788896,0.9474000000000077,0.3071523204998912,0.0,0.0,1.3483679999999412,0.20008543053429784,0.0,0.0,10.1142,56.186,synthetic_default
main,default,default,transient_overload,budget_only_bexgov,8,5000,0.24770699081215664,1.03464240777337,53.254416500000005,0.41237290477978555,0.7652423259379302,0.3202197389982568,4595.207863366054,0.6782972222222762,0.0,0.09762887208544747,0.0,3.5730760000000426,0.20298162550128573,0.0,0.0,10.1302,56.1394,synthetic_default
main,default,default,transient_overload,xai_gate,8,5000,0.24858048657120466,1.0354205667510106,53.22001963999999,0.6804986231899484,0.7491157443000043,0.7745341627212114,2343.7650072793726,0.9904988888891819,0.24717209136472593,0.1544602706075794,0.5731096099368054,4.145339999999253,0.19871292536391927,0.0108,0.0,10.0958,56.148,synthetic_default
main,default,default,adversarial_explanation_flood,never_explain,8,5000,0.0,0.013911538461538456,0.7234,0.0,0.0,0.0,19887.771264599152,0.0,0.0,0.0,0.0,0.0,0.7937668242619591,0.0,0.0,12.0878,44.9252,synthetic_default
main,default,default,adversarial_explanation_flood,always_explain,8,5000,0.0,0.020756339932819463,1.062371000000001,1.0,1.0,0.8499999999999867,0.0,2.8424944444444,0.0,0.0,0.0,12.0388,0.7890441331633298,0.041,0.6508,12.0388,44.8612,synthetic_default
main,default,default,adversarial_explanation_flood,threshold_explain,8,5000,0.0,0.016855323155903334,0.8690952400000009,0.5769852372409904,0.884620828910158,0.45289494906272154,3662.55561287115,1.3853305555555575,0.0,0.0,0.0,6.4262960000001055,0.7988708392914767,0.0,0.2826,12.1522,45.0364,synthetic_default
main,default,default,adversarial_explanation_flood,rate_limited,8,5000,0.0,0.019078551170686756,0.9838323600000002,0.6161014435436075,0.8762806076950481,0.6496959659877304,5169.002505435659,1.4056472222222125,0.0,0.0,0.0,6.69788000000013,0.7987239623857905,0.0,0.2906,12.1368,44.983,synthetic_default
main,default,default,adversarial_explanation_flood,fifo_explanation,8,5000,0.0,0.01856437805606802,0.9534299999999913,0.8740728639111256,0.7550982077410827,0.8688890704133069,2620.8466195555347,2.5264833333332755,0.0,0.0,0.0,10.7004,0.8080447801974631,0.0,0.6052,12.242,45.139,synthetic_default
main,default,default,adversarial_explanation_flood,static_coarse_full,8,5000,0.0,0.016963089069163377,0.8746601200000019,0.57649948166066,0.8848957904716176,0.45265175823994713,3691.469303408928,1.3853861111111034,0.0,0.0,0.0,6.424096000000099,0.7978415606084837,0.0,0.2768,12.1542,45.0696,synthetic_default
main,default,default,adversarial_explanation_flood,static_offload,8,5000,0.0,0.01316461737094111,0.6829145599999998,0.5338717398481381,0.7520158671139877,0.6931474083856748,3018.704740317883,1.6125722222222176,0.45062726972598216,0.0,0.0,1.8408559999998506,0.7947236664740966,0.0,0.3796,12.116,45.006,synthetic_default
main,default,default,adversarial_explanation_flood,budget_only_bexgov,8,5000,0.0,0.018619862795400493,0.9614906399999993,0.5085206032460042,0.7728578979272689,0.42157802320429566,5354.939058511797,0.9177288888889238,0.0,0.13981653182795345,0.1387334460180186,5.341447999999913,0.8033126477803718,0.0,0.0,12.1874,45.0556,synthetic_default
main,default,default,adversarial_explanation_flood,xai_gate,8,5000,0.0,0.016049722523149988,0.8269921400000001,0.6882115529868568,0.802273002487423,0.6563516797477982,1573.2882114115516,0.9958622222224676,0.04024498374437621,0.13066894354865194,0.6350366162030804,6.915787999999145,0.8088288143798663,0.0002,0.0,12.1804,44.8924,synthetic_default
main,default,default,rtt_uncertainty,never_explain,8,5000,0.0,0.014373076923076945,0.7474,0.0,0.0,0.0,7023.569076800193,0.0,0.0,0.0,0.0,0.0,0.08564236203442577,0.0,0.0,7.3488,45.1272,synthetic_default
main,default,default,rtt_uncertainty,always_explain,8,5000,0.0,0.01953664026065752,1.006169,1.0,1.0,0.8499999999999599,0.0,1.7290888888888074,0.0,0.0,0.0,7.3232,0.08417645996369871,0.0006,0.425,7.3232,45.0308,synthetic_default
main,default,default,rtt_uncertainty,threshold_explain,8,5000,0.0,0.015498697936395796,0.8031753199999987,0.4139472097357768,0.8031672293311615,0.31146667032125486,167.83888604888875,0.5386333333333686,0.0,0.0,0.0,2.6423760000000693,0.081151560948868,0.0,0.0,7.2968,44.994,synthetic_default
main,default,default,rtt_uncertainty,rate_limited,8,5000,0.0,0.015542581976688029,0.8045035199999995,0.6034641652267065,0.8272214286306454,0.41741545297460225,0.397085708888889,0.6264250000000561,0.0,0.0,0.0,3.506616000000164,0.08098251731146511,0.0,0.0,7.2918,44.9702,synthetic_default
main,default,default,rtt_uncertainty,fifo_explanation,8,5000,0.0,0.019957786439990594,1.0282459999999973,0.9909140667761357,0.975798410314807,0.8513628899835383,0.08794115555555547,1.7098222222221404,0.0,0.0,0.0,7.2416,0.07924187245806746,0.0,0.413,7.308,45.1428,synthetic_default
main,default,default,rtt_uncertainty,static_coarse_full,8,5000,0.0,0.013715582199637501,0.7106318799999993,0.41732511186293075,0.806202694221816,0.3145844701517182,185.87593389333335,0.5480305555555949,0.0,0.0,0.0,2.681624000000068,0.08420708556485623,0.0,0.0,7.3304,45.0738,synthetic_default
main,default,default,rtt_uncertainty,static_offload,8,5000,0.0,0.014505483645120014,0.7533718000000005,0.38413039903527535,0.6882014343067219,0.5478218077431057,47.14844928666642,0.6197500000000096,0.275460425345319,0.0,0.0,0.9401519999999757,0.07909243617952888,0.0,0.0,7.2976,45.0848,synthetic_default
main,default,default,rtt_uncertainty,budget_only_bexgov,8,5000,0.0,0.016308330747650746,0.8453446200000005,0.39440895973614754,0.7553354764274101,0.30233063075444244,536.2959479804491,0.46006611111113416,0.0,0.08151710869863955,0.0,2.4364880000000952,0.07624207090448887,0.0,0.0,7.277,45.0766,synthetic_default
main,default,default,rtt_uncertainty,xai_gate,8,5000,0.0,0.016618245354615657,0.8598486800000011,0.6409208308412162,0.8521828308272331,0.5494846930275081,0.45470438444444505,0.5770244444444388,0.02180414333097711,0.05646783752922625,0.39019085422217387,3.8072519999997874,0.08766171360981811,0.0,0.0,7.3564,45.09,synthetic_default
main,default,default,detection_matrix_perturbation,never_explain,8,5000,0.0,0.014292307692307679,0.7432,0.0,0.0,0.0,6511.304242328614,0.0,0.0,0.0,0.0,0.0,0.06555229395281148,0.0,0.0,7.1982,45.0358,synthetic_default
main,default,default,detection_matrix_perturbation,always_explain,8,5000,0.0,0.01701109691010624,0.876061000000001,1.0,1.0,0.8499999999999615,0.0,1.6862583333332568,0.0,0.0,0.0,7.1418,0.06082143923426164,0.0002,0.4068,7.1418,44.8822,synthetic_default
main,default,default,detection_matrix_perturbation,threshold_explain,8,5000,0.0,0.01591460465364989,0.8248959999999992,0.38833254605574064,0.7897076960249123,0.2905929589597004,165.3517089302237,0.4916250000000289,0.0,0.0,0.0,2.4304560000000563,0.06472708768784141,0.0,0.0,7.1978,45.0682,synthetic_default
main,default,default,detection_matrix_perturbation,rate_limited,8,5000,0.0,0.016140809489469568,0.8356543999999975,0.5915363679284708,0.818085423001351,0.40440331046743544,0.37646202989636396,0.5861222222222711,0.0,0.0,0.0,3.3506960000001405,0.06749559373086789,0.0,0.0,7.2014,44.9738,synthetic_default
main,default,default,detection_matrix_perturbation,fifo_explanation,8,5000,0.0,0.018501924396885843,0.9534090000000001,0.992494258668011,0.9796278155045144,0.8511258611997554,0.06709574767144418,1.6734611111110271,0.0,0.0,0.0,7.0876,0.05715681485100399,0.0,0.4044,7.1412,45.034,synthetic_default
main,default,default,detection_matrix_perturbation,static_coarse_full,8,5000,0.0,0.013555783390541584,0.7026552399999999,0.3889905945582832,0.790297517009625,0.29120059343860316,160.3105742956121,0.48931944444447595,0.0,0.0,0.0,2.4177040000000534,0.06078489886999683,0.0,0.0,7.1448,44.9026,synthetic_default
main,default,default,detection_matrix_perturbation,static_offload,8,5000,0.0,0.01448640586723003,0.7524087599999997,0.3645646489920754,0.6799582100377659,0.429828221203824,24.144291187905694,0.5684000000000117,0.2582867103376536,0.0,0.0,0.8787359999999893,0.05768044187723387,0.0,0.0,7.1138,44.839,synthetic_default
main,default,default,detection_matrix_perturbation,budget_only_bexgov,8,5000,0.0,0.016745192346748296,0.8681443199999994,0.36626625093955645,0.7410107203764527,0.27891901673116837,672.2438958194634,0.4156055555555763,0.0,0.07391219620834609,0.0,2.2195640000000907,0.06519228231554353,0.0,0.0,7.1842,44.9634,synthetic_default
main,default,default,detection_matrix_perturbation,xai_gate,8,5000,0.0,0.01613442776226052,0.8358495800000008,0.634009100806837,0.7616054423910209,0.6574981156304319,0.4173639620074061,0.5097994444443852,0.15055414421707936,0.0,0.6988358783953547,3.0160519999996587,0.06267595814680749,0.0,0.0,7.1642,44.9444,synthetic_default
main,default,default,poisson,never_explain,9,5000,0.0,0.013088461538461544,0.6806,0.0,0.0,0.0,5452.273106200246,0.0,0.0,0.0,0.0,0.0,0.005153146893638327,0.0,0.0,6.7704,44.9046,synthetic_default
main,default,default,poisson,always_explain,9,5000,0.0,0.01742106646613672,0.8978189999999999,1.0,1.0,0.8499999999999582,0.0,1.5957805555554772,0.0,0.0,0.0,6.7586,7.398036563799337e-06,0.0002,0.3746,6.7586,45.057,synthetic_default
main,default,default,poisson,threshold_explain,9,5000,0.0,0.01485227451293127,0.7699915599999986,0.38183955246087176,0.7864683114523783,0.28538058679999245,6.73347860444445,0.4499888888889117,0.0,0.0,0.0,2.2285280000000567,0.0,0.0,0.0,6.7212,44.9578,synthetic_default
main,default,default,poisson,rate_limited,9,5000,0.0,0.015255944000897893,0.7899958399999998,0.58837485877387,0.8108405817621388,0.4009543913896931,0.2317348355555562,0.5394388888889282,0.0,0.0,0.0,3.1020320000001433,0.0,0.0,0.0,6.7268,44.8794,synthetic_default
main,default,default,poisson,fifo_explanation,9,5000,0.0,0.019633240266649372,1.011998999999999,0.994057600094137,0.9841563113319903,0.850891359985838,0.047911511111111096,1.5956861111110332,0.0,0.0,0.0,6.7582,0.0049266326399410865,0.0,0.3716,6.7986,45.1018,synthetic_default
main,default,default,poisson,static_coarse_full,9,5000,0.0,0.017423259602083088,0.9033068800000006,0.3830563401218986,0.78532353116706,0.28605470492048735,7.883875026666633,0.45087500000002506,0.0,0.0,0.0,2.2355280000000586,0.0,0.0,0.0,6.727,45.1284,synthetic_default
main,default,default,poisson,static_offload,9,5000,0.0,0.014930164210667377,0.7755302399999988,0.358610163404537,0.6730641091021405,0.41723948045726333,4.015849375555561,0.5158444444444539,0.2477404680672772,0.0,0.0,0.8289279999999996,0.0,0.0,0.0,6.6828,45.016,synthetic_default
main,default,default,poisson,budget_only_bexgov,9,5000,0.0,0.013650678311401284,0.7079267199999988,0.36227768456375353,0.7358421416109256,0.27425844918504805,39.91500426755511,0.3783727777777959,0.0,0.0697806807286673,0.0,2.0306760000000628,0.0,0.0,0.0,6.6752,44.8196,synthetic_default
main,default,default,poisson,xai_gate,9,5000,0.0,0.014294887958651376,0.7408347399999996,0.6660514498141669,0.7776857913719633,0.7525817100370843,0.20897870711111105,0.6526933333332767,0.26548698884758365,0.0,0.6146022304832713,2.5596079999997525,1.1896052291904269e-05,0.0,0.0,6.725,44.8328,synthetic_default
main,default,default,bursty,never_explain,9,5000,0.16074624864967157,1.2301923076923218,63.97,0.0,0.0,0.0,10180.768743200008,0.0,0.0,0.0,0.0,0.0,0.1507032221267237,0.0,0.0,8.756,50.7284,synthetic_default
main,default,default,bursty,always_explain,9,5000,0.16518505387145624,1.25720283678823,64.23631800000001,1.0,1.0,0.8499999999999351,0.0,2.0573777777776208,0.0,0.0,0.0,8.7136,0.144215301988748,0.1492,0.5158,8.7136,50.769,synthetic_default
main,default,default,bursty,threshold_explain,9,5000,0.16284819388189303,1.2339720666414058,63.702767599999916,0.4271544510419863,0.8138723877968295,0.3233820124257968,1815.3527668177833,0.674736111111167,0.0,0.0,0.0,3.282064000000061,0.14573975718796328,0.0002,0.0,8.7238,50.7608,synthetic_default
main,default,default,bursty,rate_limited,9,5000,0.16187739913980814,1.2486894117965317,64.50500099999988,0.5011996084769471,0.7956363836746716,0.5983212310213604,2860.251420308839,0.7099138888889536,0.0,0.0,0.0,3.6890960000001294,0.1514036425776406,0.0,0.0,8.7862,50.8724,synthetic_default
main,default,default,bursty,fifo_explanation,9,5000,0.1626447788238092,1.2519984864504137,64.42319900000012,0.783106755917466,0.572534808201316,0.8825339866123142,1414.5346134000026,1.6076333333332697,0.0,0.0,0.0,6.8088,0.14160790956000935,0.0,0.3754,8.6946,50.774,synthetic_default
main,default,default,bursty,static_coarse_full,9,5000,0.1608889981653111,1.2426523053482514,64.16791516000005,0.4262586048646253,0.8131510347936294,0.3224816429555015,1812.866381817789,0.6715722222222742,0.0,0.0,0.0,3.2697680000000586,0.14385904128968985,0.0002,0.0,8.716,50.7988,synthetic_default
main,default,default,bursty,static_offload,9,5000,0.16058105312887536,1.221469932875776,63.362744159999956,0.4019545640605734,0.697612089956288,0.482961522717962,1592.0868500489628,0.7948833333333518,0.29506071769682085,0.0,0.0,1.1616239999999554,0.1541505088482551,0.0,0.0,8.7948,50.801,synthetic_default
main,default,default,bursty,budget_only_bexgov,9,5000,0.16022700053684505,1.2393458583382277,64.03264598000004,0.402272988571824,0.758998601908268,0.3100462185840249,2403.7713472133028,0.5617805555555976,0.0,0.09013773597921314,0.0,2.976144000000125,0.1444533918599562,0.0,0.0,8.6978,50.6664,synthetic_default
main,default,default,bursty,xai_gate,9,5000,0.16129752171409198,1.2299616042075603,63.64445354000001,0.6339327251996015,0.7757143698481762,0.7260663625997519,107.04585750578043,0.8796388888888517,0.2724515393386545,0.09771949828962372,0.4467502850627138,3.073563999999965,0.15308862084290387,0.0,0.0,8.77,50.7044,synthetic_default
main,default,default,self_similar,never_explain,9,5000,0.35668920505815893,4.59326538461499,238.8498,0.0,0.0,0.0,26283.04594539761,0.0,0.0,0.0,0.0,0.0,0.3137368817908728,0.0,0.0,15.942,80.899,synthetic_default
main,default,default,self_similar,always_explain,9,5000,0.3682957031192162,4.685658692469545,239.54554,1.0,1.0,0.8499999999999727,0.0,3.756574999999879,0.0,0.0,0.0,15.9102,0.30935862807933834,0.2742,0.7328,15.9102,81.0076,synthetic_default
main,default,default,self_similar,threshold_explain,9,5000,0.35310099843642695,4.635789735571978,239.52431392,0.43697289542449935,0.8176631330785309,0.3311888353742853,9860.8062132088,1.2388361111111093,0.0,0.0,0.0,6.016648000000106,0.3020284779118969,0.0,0.1844,15.6136,79.945,synthetic_default
main,default,default,self_similar,rate_limited,9,5000,0.34912018741755174,4.634248464860371,239.4109048,0.4552376102315516,0.8032404043116149,0.6966969212520994,14199.34086260481,1.2482361111111047,0.0,0.0,0.0,6.153904000000124,0.30188558902417184,0.0,0.2,15.5128,79.4376,synthetic_default
main,default,default,self_similar,fifo_explanation,9,5000,0.3608514132821691,4.6596416700068275,239.33373199999997,0.7329338890085252,0.44952604679518143,0.8900599166487041,11758.657363866616,2.732277777777703,0.0,0.0,0.0,11.572,0.3086857524615685,0.0,0.6316,15.7886,80.4298,synthetic_default
main,default,default,self_similar,static_coarse_full,9,5000,0.35781195480748185,4.6350603856791,239.46882032000002,0.43758925168339263,0.8198100785948331,0.3322614661415259,10116.607366479897,1.256430555555541,0.0,0.0,0.0,6.0869120000001145,0.30325465953692565,0.0,0.2098,15.742,80.5266,synthetic_default
main,default,default,self_similar,static_offload,9,5000,0.34758150698871376,4.611897025773171,239.29845884000008,0.4048056468768188,0.7000174233958416,0.4885573390060374,9374.708455175432,1.420527777777781,0.29961967382195576,0.0,0.0,2.048199999999789,0.2992494956017475,0.0,0.2978,15.513,79.5998,synthetic_default
main,default,default,self_similar,budget_only_bexgov,9,5000,0.35579019002074014,4.630714073878977,239.43780846,0.40034283610887217,0.7392541237341533,0.319029244516656,11118.7233667191,0.9132300000000158,0.0,0.07868348903330626,0.09381346466287571,5.328831999999898,0.3075325352113878,0.0,0.0,15.7568,80.3386,synthetic_default
main,default,default,self_similar,xai_gate,9,5000,0.35114268774332186,4.626251911557648,239.56405262,0.4349295493987032,0.4860221526774548,0.5184680529662035,6878.386983466605,1.0,0.16590602301214888,0.09595680401105612,0.31174712348083855,3.9151149999956636,0.2983154530167047,0.0002,0.0,15.557,79.883,synthetic_default
main,default,default,markov_modulated,never_explain,9,5000,0.1563506963988229,1.7579423076923286,91.413,0.0,0.0,0.0,13474.20175179983,0.0,0.0,0.0,0.0,0.0,0.2929685188193263,0.0,0.0,10.2682,52.9438,synthetic_default
main,default,default,markov_modulated,always_explain,9,5000,0.1783551439797811,1.9229011656087387,98.19563999999988,1.0,1.0,0.8499999999999436,0.0,2.5208638888887216,0.0,0.0,0.0,10.6766,0.31301690371217483,0.2478,0.6022,10.6766,54.209,synthetic_default
main,default,default,markov_modulated,threshold_explain,9,5000,0.19227032064289798,2.1267002334169405,109.64782964000001,0.4933750592531579,0.8504740770272946,0.380457873207041,4144.476773511158,1.064525000000014,0.0,0.0,0.0,5.0517120000000695,0.33081931170480705,0.0074,0.0744,11.3918,57.0666,synthetic_default
main,default,default,markov_modulated,rate_limited,9,5000,0.18596537459411208,2.0706735066487987,106.88983247999991,0.483210397847755,0.7829528212244048,0.7024747447752185,7314.803940989131,0.9902638888889356,0.0,0.0,0.0,4.794992000000096,0.33370402449412784,0.0016,0.0,11.2254,56.1114,synthetic_default
main,default,default,markov_modulated,fifo_explanation,9,5000,0.1573644877015332,1.8223234010816036,93.8039979999998,0.6939943353692607,0.42044253169287626,0.89590084969453,6876.7529154889,1.7008972222221392,0.0,0.0,0.0,7.2038,0.2997410585047522,0.0,0.4198,10.3802,53.2424,synthetic_default
main,default,default,markov_modulated,static_coarse_full,9,5000,0.15039597638527716,1.7368906667864652,89.58469819999996,0.47947211194529465,0.8417170752413734,0.3678393144923596,2871.7857756622484,0.9127166666667229,0.0,0.0,0.0,4.360800000000054,0.28785031353417234,0.0052,0.0,10.1764,52.679,synthetic_default
main,default,default,markov_modulated,static_offload,9,5000,0.15759473528322854,1.9310158954374241,100.16574432000009,0.45014511447921124,0.721672155066091,0.5599510594305573,2435.6970704933956,1.1179888888888951,0.352125500312992,0.0,0.0,1.4680639999999516,0.3011724052819966,0.0,0.0946,10.5434,54.02,synthetic_default
main,default,default,markov_modulated,budget_only_bexgov,9,5000,0.14912776684598253,1.6913125046433495,87.33062820000006,0.4412213909782101,0.7767362910622237,0.34668185759514003,3644.2693940728514,0.7181261111111713,0.0,0.11731967494101753,0.0,3.767544000000069,0.2730771057397634,0.0,0.0,9.9182,51.9382,synthetic_default
main,default,default,markov_modulated,xai_gate,9,5000,0.16926610025957772,1.900459034077204,98.18262552000003,0.6495225642559127,0.7498579941462097,0.7205387029288934,796.5196784120236,0.9731233333335068,0.22259787806335923,0.12989390316796173,0.5327630005977286,4.226415999999599,0.31411353915450535,0.0014,0.0,10.7072,54.319,synthetic_default
main,default,default,non_markovian,never_explain,9,5000,0.13168965605160501,1.1951730769230897,62.149,0.0,0.0,0.0,11172.1995441999,0.0,0.0,0.0,0.0,0.0,0.13435343796629406,0.0,0.0,9.343,54.9094,synthetic_default
main,default,default,non_markovian,always_explain,9,5000,0.13802268038974724,1.260407471283351,64.45795499999997,1.0,1.0,0.8499999999999434,0.0,2.1896944444442985,0.0,0.0,0.0,9.274,0.1306667446941352,0.0936,0.5462,9.274,54.6816,synthetic_default
main,default,default,non_markovian,threshold_explain,9,5000,0.13808502643511425,1.2541910990198897,64.7680826399999,0.4280125195618208,0.8153357742006945,0.32429794818294416,2301.4358454977864,0.7145722222222793,0.0,0.0,0.0,3.4719200000000616,0.1206880802662822,0.0072,0.0,9.2016,54.7378,synthetic_default
main,default,default,non_markovian,rate_limited,9,5000,0.13629435370092893,1.2575704358103934,64.98886176000003,0.5158313325330204,0.7741647288951242,0.5540741296518477,3126.027639922177,0.7409416666667222,0.0,0.0,0.0,3.9560400000001334,0.13081126156919076,0.0,0.0,9.3296,55.0024,synthetic_default
main,default,default,non_markovian,fifo_explanation,9,5000,0.13996059088343105,1.335681028657232,68.7503310000001,0.8223400373478719,0.6499966429689729,0.8766489943977559,965.9122905333311,1.8091777777776963,0.0,0.0,0.0,7.6624,0.12398612297284828,0.0,0.4498,9.3178,55.2664,synthetic_default
main,default,default,non_markovian,static_coarse_full,9,5000,0.13411353701562018,1.304011070198767,67.35623831999997,0.4281240524970812,0.815266200532951,0.32443149824578466,2353.5819274133314,0.7176055555556091,0.0,0.0,0.0,3.4859360000000685,0.12659630014590162,0.008,0.0,9.2348,54.6472,synthetic_default
main,default,default,non_markovian,static_offload,9,5000,0.1387621846152733,1.3109031705409986,68.01548756000021,0.3975224550898132,0.6968145604509514,0.4778637724550871,2232.4149029623027,0.8364611111111253,0.292065868263473,0.0,0.0,1.2206319999999529,0.12893276500404816,0.0,0.0,9.352,55.2262,synthetic_default
main,default,default,non_markovian,budget_only_bexgov,9,5000,0.13767433685893932,1.2971886549960514,67.04864953999996,0.40117317593330565,0.7585876172795321,0.3102345921027281,3029.113288311043,0.6061344444444884,0.0,0.0878481721634605,0.0,3.1844880000001403,0.12482583990598317,0.0004,0.0,9.2842,55.026,synthetic_default
main,default,default,non_markovian,xai_gate,9,5000,0.14023389018463817,1.308745879272419,67.70217461999992,0.6399550651871762,0.7770295294987462,0.6962016370617105,151.95482302044792,0.8335833333332903,0.2082190624868149,0.07752837433019703,0.5468123707860428,3.7427639999997564,0.14094945133237324,0.0012,0.0,9.4804,55.3948,synthetic_default
main,default,default,transient_overload,never_explain,9,5000,0.24635965600353696,1.023507692307708,53.2224,0.0,0.0,0.0,13186.156101599769,0.0,0.0,0.0,0.0,0.0,0.20415400925120641,0.0,0.0,10.1318,56.0936,synthetic_default
main,default,default,transient_overload,always_explain,9,5000,0.2512498619596385,1.0509468980241297,53.21753100000003,1.0,1.0,0.8499999999999176,0.0,2.395961111110879,0.0,0.0,0.0,10.1476,0.2049706404479068,0.198,0.526,10.1476,56.143,synthetic_default
main,default,default,transient_overload,threshold_explain,9,5000,0.24774562894920724,1.0348706380916044,53.196397320000045,0.4414507874404844,0.823245943160176,0.33588139980635395,4005.3213622133107,0.8190805555556053,0.0,0.0,0.0,3.957079999999995,0.20305524255088692,0.0042,0.0,10.1214,56.0872,synthetic_default
main,default,default,transient_overload,rate_limited,9,5000,0.24687484863442746,1.0325803404716203,53.206832360000014,0.4641518882931863,0.7663890488844196,0.667035880516078,7925.4117952580045,0.8077083333333893,0.0,0.0,0.0,4.0588320000001055,0.20545590778507594,0.0,0.0,10.1838,56.3206,synthetic_default
main,default,default,transient_overload,fifo_explanation,9,5000,0.24668794873719924,1.037963196009471,53.29226800000003,0.7212857936067264,0.48357389582959676,0.8918071309589127,8214.587284244488,1.7176138888887942,0.0,0.0,0.0,7.2746,0.20146907637124234,0.0,0.4462,10.0856,55.9626,synthetic_default
main,default,default,transient_overload,static_coarse_full,9,5000,0.2468885235023828,1.0369774932719298,53.311278119999976,0.4418944056359326,0.8214316154626656,0.33558466744504056,4063.6633440266237,0.8149083333333833,0.0,0.0,0.0,3.9470399999999937,0.20182748746634904,0.0034,0.0,10.1066,56.0624,synthetic_default
main,default,default,transient_overload,static_offload,9,5000,0.2464942742193898,1.0297972575198817,53.35294175999998,0.4076591878654224,0.7023037186658693,0.49411676410177047,3818.0108829199835,0.9392222222222263,0.30413572444304,0.0,0.0,1.3366879999999277,0.20178967731215947,0.0,0.0,10.1264,56.174,synthetic_default
main,default,default,transient_overload,budget_only_bexgov,9,5000,0.24696233410101232,1.034915816116546,53.27152309999998,0.4109068942980124,0.7640622356309755,0.31831217444694526,4546.640070646958,0.6736666666667165,0.0,0.09377908934265512,0.0,3.5466920000000255,0.20188765703199785,0.0,0.0,10.0982,56.013,synthetic_default
main,default,default,transient_overload,xai_gate,9,5000,0.2447278824232578,1.0396037952265111,53.442343699999995,0.6808423626713345,0.7491933649465363,0.7751849937375301,2310.7044825038233,0.9895633333336273,0.24773852362870039,0.15407860991272193,0.5725362333247181,4.131863999999252,0.20012836618242802,0.0094,0.0,10.0598,55.8818,synthetic_default
main,default,default,adversarial_explanation_flood,never_explain,9,5000,0.0,0.014176923076923089,0.7372,0.0,0.0,0.0,20225.951945999077,0.0,0.0,0.0,0.0,0.0,0.8043801519074654,0.0,0.0,12.1466,44.8782,synthetic_default
main,default,default,adversarial_explanation_flood,always_explain,9,5000,0.0,0.020966129913766268,1.072937000000001,1.0,1.0,0.8499999999999844,0.0,2.8710638888888362,0.0,0.0,0.0,12.1598,0.8042825707294925,0.0406,0.6538,12.1598,44.9294,synthetic_default
main,default,default,adversarial_explanation_flood,threshold_explain,9,5000,0.0,0.015454866626103753,0.7968125600000001,0.5778222591362124,0.8845771823136538,0.4535514950166075,3506.965865417806,1.3745277777777676,0.0,0.0,0.0,6.3761920000000964,0.7832281761900519,0.0002,0.2758,12.04,45.012,synthetic_default
main,default,default,adversarial_explanation_flood,rate_limited,9,5000,0.0,0.01764188303609881,0.909900919999999,0.6152210312053751,0.8766924022074113,0.652761043352637,5040.289243362304,1.4126666666666492,0.0,0.0,0.0,6.721992000000113,0.8059384690181017,0.0,0.2932,12.1838,44.9768,synthetic_default
main,default,default,adversarial_explanation_flood,fifo_explanation,9,5000,0.0,0.018376587693093187,0.9438799999999934,0.881029997695018,0.76917811393807,0.8678455003457223,2060.183682799986,2.526955555555487,0.0,0.0,0.0,10.7024,0.7995884572480016,0.0,0.6038,12.1476,45.0014,synthetic_default
main,default,default,adversarial_explanation_flood,static_coarse_full,9,5000,0.0,0.01656388154588173,0.8541478800000003,0.5781245890861268,0.8847895619763356,0.45377712031557993,3702.5762526355775,1.3897833333333303,0.0,0.0,0.0,6.447168000000105,0.80199392226902,0.0,0.2814,12.168,45.0168,synthetic_default
main,default,default,adversarial_explanation_flood,static_offload,9,5000,0.0,0.015667542315394828,0.8127189199999999,0.5374038035541471,0.7534721668371094,0.6996931558998417,3015.195519357883,1.6389999999999998,0.4558357809756658,0.0,0.0,1.8532799999998388,0.8036423257968286,0.0,0.3956,12.1886,45.0518,synthetic_default
main,default,default,adversarial_explanation_flood,budget_only_bexgov,9,5000,0.0,0.01691567070128115,0.8735362800000003,0.5090056799527464,0.7732815357438279,0.42226590715083,5397.2201698175995,0.9178922222222534,0.0,0.1402915490183203,0.1399303959550857,5.34577599999992,0.8038602538362709,0.0,0.0,12.1832,45.0264,synthetic_default
main,default,default,adversarial_explanation_flood,xai_gate,9,5000,0.0,0.018576501736540855,0.9575471400000011,0.6871445775183235,0.8003351273981455,0.659232736150989,1558.1651904982177,0.9942433333335806,0.046834273648091326,0.1346134811442146,0.6301098683559339,6.808727999999235,0.792106430155213,0.0002,0.0,12.1236,45.1,synthetic_default
main,default,default,rtt_uncertainty,never_explain,9,5000,0.0,0.013911538461538465,0.7234,0.0,0.0,0.0,7001.7757786002085,0.0,0.0,0.0,0.0,0.0,0.08381854549123968,0.0,0.0,7.3042,44.9288,synthetic_default
main,default,default,rtt_uncertainty,always_explain,9,5000,0.0,0.01689097965651117,0.8698990000000003,1.0,1.0,0.8499999999999632,0.0,1.7159138888888146,0.0,0.0,0.0,7.2674,0.07539960875187868,0.0002,0.4176,7.2674,45.0524,synthetic_default
main,default,default,rtt_uncertainty,threshold_explain,9,5000,0.0,0.016406872035127754,0.850231359999999,0.41425843940232665,0.8069347347699986,0.31261898173770797,82.56310944888888,0.5378861111111491,0.0,0.0,0.0,2.627944000000059,0.07068157444110867,0.0,0.0,7.228,45.0056,synthetic_default
main,default,default,rtt_uncertainty,rate_limited,9,5000,0.0,0.017731337707220796,0.9178112799999991,0.6040598878134734,0.8269318219481611,0.4180653321601699,0.41055361555555603,0.6265027777778315,0.0,0.0,0.0,3.503536000000146,0.07627405806044063,0.0,0.0,7.2736,45.0542,synthetic_default
main,default,default,rtt_uncertainty,fifo_explanation,9,5000,0.0,0.018778368306895426,0.9671909999999972,0.9905073649754501,0.9751080778559587,0.851423895253638,0.09463893333333323,1.7147333333332442,0.0,0.0,0.0,7.2624,0.08625118892059569,0.0,0.4176,7.332,44.9988,synthetic_default
main,default,default,rtt_uncertainty,static_coarse_full,9,5000,0.0,0.01402586418762713,0.7267673599999998,0.41735254525974863,0.806427511369339,0.3146767945935765,165.8383324977786,0.5446222222222648,0.0,0.0,0.0,2.664104000000065,0.07698771261786841,0.0,0.0,7.2802,45.0652,synthetic_default
main,default,default,rtt_uncertainty,static_offload,9,5000,0.0,0.015986143237153663,0.830236919999999,0.38590916539215314,0.688939588185443,0.5511458383458114,26.622479322222055,0.6257388888888995,0.2773104653703299,0.0,0.0,0.9461359999999746,0.08173101778610992,0.0,0.0,7.3232,45.1326,synthetic_default
main,default,default,rtt_uncertainty,budget_only_bexgov,9,5000,0.0,0.017391890308378524,0.9015589599999999,0.39361724500525086,0.7552355814132927,0.3022787647351935,476.274616142226,0.4552850000000241,0.0,0.08473075433062151,0.0,2.415040000000103,0.07063183809870921,0.0,0.0,7.2276,45.0052,synthetic_default
main,default,default,rtt_uncertainty,xai_gate,9,5000,0.0,0.016008814030177832,0.8283638800000012,0.6420783851238783,0.8532148416820028,0.5518018400585889,0.36563184311111163,0.573566111111108,0.022188091385315818,0.05625188557636927,0.3949425413455473,3.7834519999997713,0.07917480613271488,0.0,0.0,7.2922,45.048,synthetic_default
main,default,default,detection_matrix_perturbation,never_explain,9,5000,0.0,0.013942307692307674,0.725,0.0,0.0,0.0,6476.8927464986,0.0,0.0,0.0,0.0,0.0,0.06421942167080963,0.0,0.0,7.177,44.9594,synthetic_default
main,default,default,detection_matrix_perturbation,always_explain,9,5000,0.0,0.016591826134020115,0.854635,1.0,1.0,0.8499999999999662,0.0,1.689422222222155,0.0,0.0,0.0,7.1552,0.06127485879728356,0.0,0.407,7.1552,44.9472,synthetic_default
main,default,default,detection_matrix_perturbation,threshold_explain,9,5000,0.0,0.016008725215571912,0.8297753999999986,0.3903879624950894,0.7926001352927097,0.2928779967436027,115.34223647433966,0.4923388888889204,0.0,0.0,0.0,2.425232000000054,0.05429522752497218,0.0,0.0,7.1244,45.05,synthetic_default
main,default,default,detection_matrix_perturbation,rate_limited,9,5000,0.0,0.014776520643593931,0.7650057999999992,0.5908283775860734,0.8158462621890203,0.4036309573666391,0.37823274995650774,0.5811083333333792,0.0,0.0,0.0,3.3263760000001357,0.06401561399912481,0.0,0.0,7.1634,44.8828,synthetic_default
main,default,default,detection_matrix_perturbation,fifo_explanation,9,5000,0.0,0.017201505903279554,0.8861699999999981,0.9916689655172414,0.9778102609085406,0.8512496551723725,0.0782070508273862,1.6975444444443635,0.0,0.0,0.0,7.1896,0.07293914289182024,0.0,0.411,7.25,45.0476,synthetic_default
main,default,default,detection_matrix_perturbation,static_coarse_full,9,5000,0.0,0.014406119083496597,0.7466883999999991,0.3868426894580588,0.7864025941861066,0.28889752199130453,300.0804867849252,0.48791388888891984,0.0,0.0,0.0,2.418992000000058,0.06571205931104518,0.0,0.0,7.2074,45.0866,synthetic_default
main,default,default,detection_matrix_perturbation,static_offload,9,5000,0.0,0.014948225397996055,0.7763910800000015,0.3631948507899118,0.6785320650838422,0.42686895706202127,68.72797208784915,0.5689222222222329,0.2557886817687871,0.0,0.0,0.8876959999999886,0.06537594955873027,0.0,0.0,7.1778,44.9156,synthetic_default
main,default,default,detection_matrix_perturbation,budget_only_bexgov,9,5000,0.0,0.014596210388074448,0.7567587599999993,0.3650167515977315,0.7389608589928572,0.2777062980376773,626.5909544020211,0.40685333333335505,0.0,0.07542442073256567,0.0,2.1821880000000715,0.05264873675631776,0.0,0.0,7.1038,44.99,synthetic_default
main,default,default,detection_matrix_perturbation,xai_gate,9,5000,0.0,0.015674353512145342,0.8118376799999987,0.6330351836939148,0.7601553170735809,0.6553739135263549,0.5417360391866913,0.5102322222221634,0.14950987198356058,0.0,0.6963427841492877,3.028023999999666,0.06804164683237146,0.0,0.0,7.2022,44.9558,synthetic_default
main,default,default,poisson,never_explain,10,5000,0.0,0.014011538461538459,0.7286,0.0,0.0,0.0,5433.621237400264,0.0,0.0,0.0,0.0,0.0,0.0,0.0,0.0,6.7098,44.9426,synthetic_default
main,default,default,poisson,always_explain,10,5000,0.0,0.017848832916186767,0.9197870000000002,1.0,1.0,0.8499999999999621,0.0,1.5974333333332622,0.0,0.0,0.0,6.7656,0.0008565329498919638,0.0006,0.376,6.7656,45.0654,synthetic_default
main,default,default,poisson,threshold_explain,10,5000,0.0,0.017499118487748863,0.9072688399999999,0.3819870618061042,0.7838304364013462,0.2849316665209841,20.21451065333329,0.4574138888889136,0.0,0.0,0.0,2.271632000000056,0.013260343865431734,0.0,0.0,6.8634,45.1572,synthetic_default
main,default,default,poisson,rate_limited,10,5000,0.0,0.014074416641707353,0.7288686799999987,0.5858710175480383,0.808217820599783,0.39822292823423905,0.24037285555555585,0.5337722222222641,0.0,0.0,0.0,3.084104000000147,0.0,0.0,0.0,6.7358,44.9126,synthetic_default
main,default,default,poisson,fifo_explanation,10,5000,0.0,0.016748454348795506,0.8633419999999998,0.994912597237422,0.9863408756878653,0.8507631104143519,0.04557797777777776,1.5884138888888253,0.0,0.0,0.0,6.7274,0.001027408414090658,0.0,0.3698,6.7618,45.0324,synthetic_default
main,default,default,poisson,static_coarse_full,10,5000,0.0,0.01535820143230736,0.7962278399999987,0.38504371017928724,0.7899555720381151,0.28851681730628503,7.122124284444422,0.45860555555557936,0.0,0.0,0.0,2.2629440000000574,0.0013070848151157666,0.0,0.0,6.749,44.9346,synthetic_default
main,default,default,poisson,static_offload,10,5000,0.0,0.01276045202069091,0.6627876399999998,0.3597929365363697,0.6730914360427201,0.4182021632603977,3.927435744444453,0.5176833333333423,0.24808772558862197,0.0,0.0,0.8342639999999965,0.0,0.0,0.0,6.6936,44.8156,synthetic_default
main,default,default,poisson,budget_only_bexgov,10,5000,0.0,0.015804828744904055,0.8195515199999989,0.36733273942092876,0.7399469216944166,0.27870824053452775,72.41412682399678,0.38979500000001965,0.0,0.0704974016332591,0.0,2.083208000000066,0.0,0.0,0.0,6.735,45.0134,synthetic_default
main,default,default,poisson,xai_gate,10,5000,0.0,0.015445474593848397,0.8006183600000006,0.6652624687537627,0.776778012501338,0.7525330317818468,0.1653731613333335,0.6473377777777187,0.26496845613617426,0.0,0.6218307344363766,2.5540159999997454,0.0,0.0,0.0,6.7208,44.9906,synthetic_default
main,default,default,bursty,never_explain,10,5000,0.15992643446890953,1.2363192307692457,64.2886,0.0,0.0,0.0,10176.514470399989,0.0,0.0,0.0,0.0,0.0,0.13830084058050884,0.0,0.0,8.6898,50.8934,synthetic_default
main,default,default,bursty,always_explain,10,5000,0.16328472383990592,1.2610240338121317,64.44069599999995,1.0,1.0,0.8499999999999394,0.0,2.0539777777776314,0.0,0.0,0.0,8.6992,0.14488616547626965,0.143,0.5138,8.6992,50.6554,synthetic_default
main,default,default,bursty,threshold_explain,10,5000,0.16353053119311564,1.2514924366946067,64.61198435999994,0.42664460924131004,0.8126610552565147,0.3226605818596879,1847.251436137794,0.6753722222222791,0.0,0.0,0.0,3.289856000000057,0.15114168564441832,0.0004,0.0,8.765,50.7612,synthetic_default
main,default,default,bursty,rate_limited,10,5000,0.16465970972743627,1.244485184087619,64.29013567999998,0.4961321377364232,0.7918020876950792,0.6022007783517889,2981.074822479955,0.7026805555556198,0.0,0.0,0.0,3.6520640000001303,0.15277351446509146,0.0,0.0,8.7878,50.8212,synthetic_default
main,default,default,bursty,fifo_explanation,10,5000,0.16193041544080114,1.2526550934950929,64.45467000000004,0.7825290724292647,0.5680696941434671,0.8826206391355419,1429.2427291777797,1.6142444444443742,0.0,0.0,0.0,6.8368,0.1485422368756617,0.0,0.3848,8.7368,50.7124,synthetic_default
main,default,default,bursty,static_coarse_full,10,5000,0.16033613409533423,1.245143167758683,64.28839707999995,0.429930356978147,0.8140537750771938,0.32526058481691766,1730.406183928903,0.6740055555556106,0.0,0.0,0.0,3.281600000000049,0.14179038651674336,0.0002,0.0,8.6728,50.6386,synthetic_default
main,default,default,bursty,static_offload,10,5000,0.16011378518387187,1.2296007350489553,63.78845851999996,0.40001718331155955,0.697487670481025,0.4811489907668253,1504.7404915267366,0.786305555555575,0.2942241162050084,0.0,0.0,1.145383999999958,0.1462900588942091,0.0,0.0,8.7294,50.769,synthetic_default
main,default,default,bursty,budget_only_bexgov,10,5000,0.1641237791473662,1.2421662941010279,64.17755998000001,0.4018327121395749,0.7597361021912895,0.31001532023873396,2322.7816683173237,0.5657250000000426,0.0,0.09020648023231885,0.0,2.9927160000001174,0.14451336002721615,0.0,0.0,8.7466,50.948,synthetic_default
main,default,default,bursty,xai_gate,10,5000,0.16152835040975513,1.2321383266138517,63.77023039999995,0.6316558754649971,0.7750872347536292,0.7261583321853121,100.87171971555784,0.8775972222221887,0.274027643844423,0.09937089589934335,0.44361023097763697,3.0368679999999824,0.14510620509058603,0.0,0.0,8.7108,50.7132,synthetic_default
main,default,default,self_similar,never_explain,10,5000,0.35518819649056727,4.601830769230373,239.2952,0.0,0.0,0.0,25356.27999559789,0.0,0.0,0.0,0.0,0.0,0.30213947694699406,0.0,0.0,15.764,80.7082,synthetic_default
main,default,default,self_similar,always_explain,10,5000,0.35378976228465386,4.679313828103996,239.34043999999994,1.0,1.0,0.8499999999999751,0.0,3.647680555555449,0.0,0.0,0.0,15.449,0.30007944041632073,0.2378,0.7194,15.449,79.2208,synthetic_default
main,default,default,self_similar,threshold_explain,10,5000,0.3649791645991285,4.628678826805143,239.09332588,0.4415930638722547,0.8214016329795972,0.3354222804391184,10204.788829288773,1.2924305555555458,0.0,0.0,0.0,6.258248000000131,0.3127447271583903,0.0,0.2282,16.032,81.4172,synthetic_default
main,default,default,self_similar,rate_limited,10,5000,0.35979039880734837,4.630562635767126,239.20953083999999,0.4475810930203197,0.7999088259670726,0.7051647103369673,14968.66797038039,1.2597361111111072,0.0,0.0,0.0,6.193648000000151,0.3080603461085074,0.0,0.2072,15.846,80.7608,synthetic_default
main,default,default,self_similar,fifo_explanation,10,5000,0.3578020400821698,4.6652325418190905,239.624811,0.7376415178628409,0.4553344064247718,0.8893537723205613,11704.262829155523,2.729066666666612,0.0,0.0,0.0,11.5584,0.30487644420461124,0.0,0.6332,15.6694,80.0556,synthetic_default
main,default,default,self_similar,static_coarse_full,10,5000,0.35886946095013467,4.6251207764481475,238.95802039999995,0.43695326580864496,0.8170914705708568,0.33100741248444776,9999.27240779984,1.2486194444444372,0.0,0.0,0.0,6.068344000000117,0.30258811392066476,0.0,0.1938,15.7572,80.6456,synthetic_default
main,default,default,self_similar,static_offload,10,5000,0.3517459057443693,4.615064021965501,239.45424632,0.40842715992647655,0.7012952416361974,0.49352366727945457,9355.811053248804,1.4498388888888867,0.30297691993464054,0.0,0.0,2.0828239999997944,0.3038105200612169,0.0,0.3108,15.6672,80.1098,synthetic_default
main,default,default,self_similar,budget_only_bexgov,10,5000,0.35601196963663756,4.627173450332508,239.25487664000002,0.4004212421698826,0.7377135254399532,0.31805812685451057,11063.957802030649,0.9119766666666769,0.0,0.07827597575511654,0.09107047754304988,5.324067999999969,0.3084785133565662,0.0,0.0,15.7724,80.36,synthetic_default
main,default,default,self_similar,xai_gate,10,5000,0.35093517380837486,4.622958837666785,239.37518909999997,0.4379396607117006,0.4836239544311384,0.5284083986636702,6792.194521654915,1.0,0.166546716360365,0.09647860172214369,0.3393554813000357,3.9855109999955363,0.29941917749655045,0.0002,0.0,15.562,79.8408,synthetic_default
main,default,default,markov_modulated,never_explain,10,5000,0.1929547163871058,2.1476000000000246,111.6752,0.0,0.0,0.0,16618.726397799568,0.0,0.0,0.0,0.0,0.0,0.33296019682950595,0.0,0.0,11.4314,57.173,synthetic_default
main,default,default,markov_modulated,always_explain,10,5000,0.14208249346477256,1.6282757292153016,83.2209659999998,1.0,1.0,0.8499999999999199,0.0,2.2837611111108957,0.0,0.0,0.0,9.6724,0.2693038539468591,0.2046,0.5926,9.6724,50.8016,synthetic_default
main,default,default,markov_modulated,threshold_explain,10,5000,0.17005103980986352,1.8273949844367432,94.23418548000011,0.4839857821721584,0.845187821643077,0.372123859891166,2930.5159230133468,0.9500361111111518,0.0,0.0,0.0,4.525840000000045,0.29203802733214834,0.0054,0.0,10.4376,53.856,synthetic_default
main,default,default,markov_modulated,rate_limited,10,5000,0.16133914993344223,1.7743789909403245,91.60442232,0.493631121688842,0.7858778133210325,0.6794914959075649,5690.84701818897,0.9117972222223036,0.0,0.0,0.0,4.467728000000112,0.2919361793876687,0.001,0.0,10.3362,53.337,synthetic_default
main,default,default,markov_modulated,fifo_explanation,10,5000,0.16834400388065096,1.8871032263395133,97.12324199999958,0.6954857871789502,0.4245968144503133,0.8956771319230805,7254.231830200001,1.7249805555554694,0.0,0.0,0.0,7.3058,0.29658567171990113,0.0,0.4338,10.5046,54.0116,synthetic_default
main,default,default,markov_modulated,static_coarse_full,10,5000,0.19640917344587236,2.2095010997719577,113.92618055999979,0.49178050052138655,0.8494230914649844,0.3790302398331585,4342.703495168926,1.0705583333333406,0.0,0.0,0.0,5.083824000000066,0.3313157675542129,0.0066,0.0858,11.508,57.6272,synthetic_default
main,default,default,markov_modulated,static_offload,10,5000,0.15230404065863384,1.7788121971674968,92.26735448000005,0.4473314470649961,0.7215335643163243,0.557210712970691,2844.5953197400963,1.0894611111111092,0.3507877754307087,0.0,0.0,1.4244399999999393,0.29411926983995773,0.0,0.095,10.3202,53.1646,synthetic_default
main,default,default,markov_modulated,budget_only_bexgov,10,5000,0.17435236288073513,1.9582013759612371,101.07801218,0.44950891951225025,0.7807085483092285,0.35426236463926153,4719.925089589275,0.8044061111111773,0.0,0.1210913719630306,0.0,4.206832000000058,0.3174386175972008,0.0,0.0,10.8414,54.861,synthetic_default
main,default,default,markov_modulated,xai_gate,10,5000,0.16027725303820908,1.9113686534032484,98.75512243999982,0.6499698670383877,0.7525537620285301,0.7167288786771836,683.2661110555753,0.9624594444445793,0.21929262872424574,0.12808392029831633,0.5266865041997816,4.2097239999996505,0.3071837499369141,0.0022,0.0,10.6196,54.1602,synthetic_default
main,default,default,non_markovian,never_explain,10,5000,0.13712110984211315,1.189303846153857,61.8438,0.0,0.0,0.0,11514.874770999857,0.0,0.0,0.0,0.0,0.0,0.13716003118572817,0.0,0.0,9.3494,54.8114,synthetic_default
main,default,default,non_markovian,always_explain,10,5000,0.13933631265592705,1.2638215805269517,64.63872500000002,1.0,1.0,0.8499999999999416,0.0,2.173355555555406,0.0,0.0,0.0,9.2048,0.1290271144113846,0.093,0.5356,9.2048,54.3524,synthetic_default
main,default,default,non_markovian,threshold_explain,10,5000,0.13881187953745103,1.1848977385294586,61.173091039999996,0.429371162304583,0.8152913094694074,0.32528415276751516,2300.621028911106,0.7153277777778304,0.0,0.0,0.0,3.4762240000000726,0.12432691801588902,0.0082,0.0,9.1852,54.4634,synthetic_default
main,default,default,non_markovian,rate_limited,10,5000,0.13771577110829167,1.240078052319165,64.07836355999999,0.5183690068493246,0.7766772154098963,0.5576797945205345,3128.5196213621516,0.7519666666667281,0.0,0.0,0.0,3.995136000000145,0.13212439313698088,0.0,0.0,9.344,55.0234,synthetic_default
main,default,default,non_markovian,fifo_explanation,10,5000,0.13726191648162597,1.2970302900923882,66.75842299999992,0.8298669338153625,0.6618384078741989,0.8755199599276302,462.1602738888857,1.7994027777776962,0.0,0.0,0.0,7.621,0.11613062401174457,0.0,0.442,9.1834,54.8526,synthetic_default
main,default,default,non_markovian,static_coarse_full,10,5000,0.13725102090116234,1.249917586690492,64.55059063999998,0.4254026774330693,0.8137640797333875,0.32211538461540395,2740.6425130044536,0.7253111111111672,0.0,0.0,0.0,3.527176000000061,0.13116978483496777,0.008,0.0,9.412,55.4706,synthetic_default
main,default,default,non_markovian,static_offload,10,5000,0.1380696724484074,1.2825429330825482,66.54361348000002,0.39873235225014936,0.6975267642075692,0.47988487579828226,2293.891902882278,0.8414055555555708,0.2935987526431577,0.0,0.0,1.2234799999999413,0.12907329366299525,0.0,0.0,9.3638,55.289,synthetic_default
main,default,default,non_markovian,budget_only_bexgov,10,5000,0.13460355887842287,1.2270377368531695,63.41462172000009,0.3961534652399504,0.757341190372426,0.30590350291731805,3068.9350055643868,0.5959600000000393,0.0,0.08713156931556397,0.0,3.1402920000001413,0.12874612386145823,0.0006,0.0,9.2894,54.8656,synthetic_default
main,default,default,non_markovian,xai_gate,10,5000,0.13767888302265754,1.226387694358903,63.44731987999993,0.6356656836347138,0.7729528161327139,0.6922225071590256,127.86878562044694,0.814907777777727,0.211501474548019,0.05684489464461256,0.5555840492370817,3.628999999999713,0.1350975690515308,0.0008,0.0,9.3588,54.9662,synthetic_default
main,default,default,transient_overload,never_explain,10,5000,0.24338271481658477,1.0241961538461695,53.2582,0.0,0.0,0.0,13115.861569599785,0.0,0.0,0.0,0.0,0.0,0.2001816439730597,0.0,0.0,10.096,56.0804,synthetic_default
main,default,default,transient_overload,always_explain,10,5000,0.25047319961359843,1.052675990407806,53.296874000000024,1.0,1.0,0.8499999999999227,0.0,2.4109305555553364,0.0,0.0,0.0,10.211,0.21326836269962723,0.2026,0.5274,10.211,56.1074,synthetic_default
main,default,default,transient_overload,threshold_explain,10,5000,0.2487671467175555,1.0383415624546584,53.37695267999997,0.44125439254551685,0.8219257122964705,0.33521735697082555,3965.655139057765,0.8163888888889407,0.0,0.0,0.0,3.9523039999999927,0.20229902245261933,0.0036,0.0,10.1308,56.1746,synthetic_default
main,default,default,transient_overload,rate_limited,10,5000,0.2470459636513595,1.0334684619841354,53.25198691999999,0.461020512921775,0.7645046991088837,0.6704240784979194,8011.260330255776,0.7993666666667271,0.0,0.0,0.0,4.01311200000008,0.20027061835820748,0.0002,0.0,10.1302,56.2662,synthetic_default
main,default,default,transient_overload,fifo_explanation,10,5000,0.24760260652451038,1.0366512399960721,53.22532499999996,0.7214392207534043,0.48746926133334945,0.891784116886911,8160.886071222281,1.7137888888887947,0.0,0.0,0.0,7.2584,0.19450865576519094,0.0,0.4448,10.061,56.1514,synthetic_default
main,default,default,transient_overload,static_coarse_full,10,5000,0.24773601747837404,1.0360816842896965,53.26485556000001,0.4391039768102272,0.819478302786204,0.3330861476760649,3951.9845405510887,0.8048388888889452,0.0,0.0,0.0,3.904327999999992,0.19480630388602505,0.002,0.0,10.0734,56.2066,synthetic_default
main,default,default,transient_overload,static_offload,10,5000,0.2454514974288016,1.0260770198561078,53.16138656000001,0.40854448675269966,0.7009904996191428,0.4932796395606306,3719.0665204666725,0.9276666666666784,0.3026255457427085,0.0,0.0,1.335839999999932,0.19254625898374278,0.0,0.0,10.0322,56.0828,synthetic_default
main,default,default,transient_overload,budget_only_bexgov,10,5000,0.24770771011973242,1.0343725408223599,53.235505500000016,0.4119747733543736,0.7645448704510389,0.3198147418210623,4617.775746921625,0.6798888888889412,0.0,0.09627512810405991,0.0,3.5773720000000235,0.20504389480446905,0.0,0.0,10.148,56.1418,synthetic_default
main,default,default,transient_overload,xai_gate,10,5000,0.24943204136207112,1.0375320814073787,53.32568324000001,0.6803024668157972,0.7491879909819715,0.7744098039604322,2362.7706668087117,0.9906427777780631,0.24693873513877074,0.15380506814899805,0.5748452058317343,4.151447999999246,0.2000080711112424,0.0118,0.0,10.1102,56.1674,synthetic_default
main,default,default,adversarial_explanation_flood,never_explain,10,5000,0.0,0.015176923076923083,0.7892,0.0,0.0,0.0,19993.4932529991,0.0,0.0,0.0,0.0,0.0,0.7935517143263573,0.0,0.0,12.1026,44.9856,synthetic_default
main,default,default,adversarial_explanation_flood,always_explain,10,5000,0.0,0.024205775739379917,1.2387940000000024,1.0,1.0,0.8499999999999761,0.0,2.896280555555474,0.0,0.0,0.0,12.2666,0.810378543355607,0.0448,0.6578,12.2666,45.1714,synthetic_default
main,default,default,adversarial_explanation_flood,threshold_explain,10,5000,0.0,0.01693182685855801,0.8730543199999995,0.5795480318842952,0.8853936038607081,0.45509902210534675,3664.1670092755808,1.394794444444438,0.0,0.0,0.0,6.466768000000099,0.8041859961719093,0.0002,0.2852,12.169,44.9658,synthetic_default
main,default,default,adversarial_explanation_flood,rate_limited,10,5000,0.0,0.019812782272514897,1.0217353999999996,0.6123796177098462,0.8747157175091155,0.656994801766412,5215.291101893404,1.4201944444444308,0.0,0.0,0.0,6.748192000000077,0.8154091008596795,0.0,0.2936,12.2734,45.0712,synthetic_default
main,default,default,adversarial_explanation_flood,fifo_explanation,10,5000,0.0,0.018843364853086624,0.9677669999999924,0.882033539159369,0.7709055517863059,0.8676949691260698,2089.5842271999927,2.516047222222154,0.0,0.0,0.0,10.6562,0.7948306547698685,0.0,0.6046,12.0814,44.8748,synthetic_default
main,default,default,adversarial_explanation_flood,static_coarse_full,10,5000,0.0,0.017190070246501793,0.8864531599999995,0.5779974194402163,0.8847336419403634,0.45369053133063875,3597.4479022889236,1.3807111111111035,0.0,0.0,0.0,6.404848000000107,0.7965840770558958,0.0,0.279,12.0904,44.8644,synthetic_default
main,default,default,adversarial_explanation_flood,static_offload,10,5000,0.0,0.015822127454298656,0.8207651999999999,0.5322733557179568,0.7515490698460978,0.6907051155442053,3064.485110760099,1.6112888888888872,0.4488610178418592,0.0,0.0,1.8427039999998411,0.8009061442627865,0.0,0.3762,12.1512,44.9818,synthetic_default
main,default,default,adversarial_explanation_flood,budget_only_bexgov,10,5000,0.0,0.01684179571868856,0.8696908600000008,0.5085116363277539,0.773780140337833,0.421803713091283,5383.281884574066,0.9169122222222585,0.0,0.14221995457388328,0.1365416899832121,5.328211999999927,0.7991016040247205,0.0,0.0,12.1516,45.0284,synthetic_default
main,default,default,adversarial_explanation_flood,xai_gate,10,5000,0.0,0.018018648269913114,0.9285682200000006,0.6868786811886025,0.8002010766059053,0.6597180086209814,1551.7047373715468,0.9946800000002426,0.04772794577341976,0.12995623704386167,0.6359777565726695,6.816675999999213,0.7987975857012439,0.0,0.0,12.1564,45.0538,synthetic_default
main,default,default,rtt_uncertainty,never_explain,10,5000,0.0,0.01599615384615385,0.8318,0.0,0.0,0.0,6993.690419200219,0.0,0.0,0.0,0.0,0.0,0.0878400611865564,0.0,0.0,7.3392,44.9772,synthetic_default
main,default,default,rtt_uncertainty,always_explain,10,5000,0.0,0.017506968038069233,0.9013119999999992,1.0,1.0,0.8499999999999578,0.0,1.7271055555554697,0.0,0.0,0.0,7.3148,0.086189205523306,0.0,0.421,7.3148,44.8958,synthetic_default
main,default,default,rtt_uncertainty,threshold_explain,10,5000,0.0,0.015505533934821913,0.8034634799999999,0.41350573144105096,0.8049570844053635,0.31158160480351377,195.04157174666784,0.5423000000000417,0.0,0.0,0.0,2.6550480000000674,0.08436213078342458,0.0,0.0,7.328,45.0526,synthetic_default
main,default,default,rtt_uncertainty,rate_limited,10,5000,0.0,0.016411434352823377,0.8493949199999979,0.6034806569243168,0.8264625292383642,0.4174334439174475,0.4348481644444455,0.6267111111111723,0.0,0.0,0.0,3.508120000000155,0.08495862950088995,0.0,0.0,7.2946,44.8226,synthetic_default
main,default,default,rtt_uncertainty,fifo_explanation,10,5000,0.0,0.016452637161267304,0.8476229999999992,0.9914468403133391,0.9775688874386278,0.8512829739529605,0.08966779999999992,1.6914055555554806,0.0,0.0,0.0,7.1636,0.07365058137375446,0.0,0.4084,7.2254,44.865,synthetic_default
main,default,default,rtt_uncertainty,static_coarse_full,10,5000,0.0,0.01667679808330868,0.8641531999999988,0.41619685640998094,0.8073392139968313,0.31402745183651104,185.25925942666777,0.5477333333333759,0.0,0.0,0.0,2.676696000000068,0.08453007198928941,0.0,0.0,7.3292,45.053,synthetic_default
main,default,default,rtt_uncertainty,static_offload,10,5000,0.0,0.01437480242973406,0.7465578800000001,0.3884364820846661,0.6927158547134629,0.5591836499352939,19.054904239999928,0.6347055555555681,0.2830044069745162,0.0,0.0,0.9388399999999745,0.08293093584465283,0.0,0.0,7.3066,44.9804,synthetic_default
main,default,default,rtt_uncertainty,budget_only_bexgov,10,5000,0.0,0.014825735692880346,0.7683574199999988,0.39287216894789345,0.7548673331768774,0.30129360981341485,657.0777682853434,0.4606638888889138,0.0,0.08223369669152801,0.0,2.4412480000001167,0.08422493157501765,0.0,0.0,7.3206,45.0128,synthetic_default
main,default,default,rtt_uncertainty,xai_gate,10,5000,0.0,0.01596703608885586,0.8262460400000009,0.6418707929732862,0.8512777468101765,0.5538100654428764,0.38591996222222275,0.574671666666662,0.024352870355168827,0.05524544409784929,0.3978821211623707,3.7793759999998024,0.08140737420050748,0.0,0.0,7.3092,45.0598,synthetic_default
main,default,default,detection_matrix_perturbation,never_explain,10,5000,0.0,0.014599999999999991,0.7592,0.0,0.0,0.0,6385.105036636713,0.0,0.0,0.0,0.0,0.0,0.06437671587038163,0.0,0.0,7.184,44.9966,synthetic_default
main,default,default,detection_matrix_perturbation,always_explain,10,5000,0.0,0.01617071065761477,0.8328790000000016,1.0,1.0,0.8499999999999639,0.0,1.7005666666665944,0.0,0.0,0.0,7.2024,0.06928435267499244,0.0,0.413,7.2024,44.9048,synthetic_default
main,default,default,detection_matrix_perturbation,threshold_explain,10,5000,0.0,0.016072015235332828,0.8330761999999969,0.38640795631825475,0.789390785378016,0.2892829284600128,257.877764003523,0.488477777777807,0.0,0.0,0.0,2.4133600000000612,0.06405336866739786,0.0,0.0,7.1792,44.9802,synthetic_default
main,default,default,detection_matrix_perturbation,rate_limited,10,5000,0.0,0.015119377311691622,0.7827876799999988,0.5872470594793593,0.811801078464435,0.399724064886586,0.41536801144130614,0.5723638888889339,0.0,0.0,0.0,3.2984000000001448,0.06426748181997333,0.0,0.0,7.1756,44.9486,synthetic_default
main,default,default,detection_matrix_perturbation,fifo_explanation,10,5000,0.0,0.017911584126491423,0.9228149999999982,0.9914043282385783,0.9772042782585992,0.851289350764175,0.08005699546126169,1.6938611111110362,0.0,0.0,0.0,7.174,0.06833083088625225,0.0,0.4072,7.2362,45.1558,synthetic_default
main,default,default,detection_matrix_perturbation,static_coarse_full,10,5000,0.0,0.017324462650273938,0.89800388,0.3891157871482644,0.7928630996531769,0.2919310744760348,371.3911932683865,0.4989083333333644,0.0,0.0,0.0,2.4575040000000614,0.07049897792223514,0.0,0.0,7.2426,45.1042,synthetic_default
main,default,default,detection_matrix_perturbation,static_offload,10,5000,0.0,0.016066484152117255,0.8344770799999988,0.36346491839863737,0.678652624037375,0.42719709861902166,41.250821953794755,0.5686666666666776,0.2559910726740131,0.0,0.0,0.8872319999999865,0.062083514816430485,0.0,0.0,7.169,44.9996,synthetic_default
main,default,default,detection_matrix_perturbation,budget_only_bexgov,10,5000,0.0,0.015570201594406299,0.8072446200000005,0.37014427361853247,0.7442021446519936,0.2823014148841446,632.580546547962,0.4204538888889103,0.0,0.07598039215686274,0.0,2.2439920000000853,0.06781347168750873,0.0,0.0,7.1808,44.8318,synthetic_default
main,default,default,detection_matrix_perturbation,xai_gate,10,5000,0.0,0.015852759412309677,0.82109662,0.6344833425874976,0.7608092243356702,0.6582687395890467,0.5455846021509776,0.5126977777777191,0.1502776235424764,2.77623542476402e-05,0.7015269294836202,3.038879999999667,0.06631616185388611,0.0,0.0,7.204,45.0398,synthetic_default
main,default,default,poisson,never_explain,11,5000,0.0,0.015088461538461561,0.7846,0.0,0.0,0.0,5240.842518600254,0.0,0.0,0.0,0.0,0.0,0.0,0.0,0.0,6.6962,45.0242,synthetic_default
main,default,default,poisson,always_explain,11,5000,0.0,0.017086574158950308,0.8805160000000011,1.0,1.0,0.8499999999999608,0.0,1.5834083333332603,0.0,0.0,0.0,6.7062,0.0,0.0004,0.3716,6.7062,44.7802,synthetic_default
main,default,default,poisson,threshold_explain,11,5000,0.0,0.013955554977047169,0.7235005999999988,0.3836952974336158,0.7876855962088134,0.2870612668743679,8.156673035555547,0.45468055555557735,0.0,0.0,0.0,2.248496000000051,0.0013324361299633658,0.0,0.0,6.741,44.8802,synthetic_default
main,default,default,poisson,rate_limited,11,5000,0.0,0.015222985142382782,0.7883244799999994,0.584869395249674,0.8068428842293682,0.3971302493632928,0.2593754933333338,0.5325888888889352,0.0,0.0,0.0,3.0832160000001467,0.00017624381480318974,0.0,0.0,6.7532,45.0134,synthetic_default
main,default,default,poisson,fifo_explanation,11,5000,0.0,0.01666480054324112,0.8590190000000001,0.9941200926530854,0.9840609706142261,0.850881986102002,0.0478879555555555,1.5808111111110477,0.0,0.0,0.0,6.6952,0.0,0.0,0.37,6.7348,44.9224,synthetic_default
main,default,default,poisson,static_coarse_full,11,5000,0.0,0.01513382393985618,0.7846653199999992,0.38712264709364425,0.7886515871085232,0.289533266248389,8.578861208888874,0.4595027777778027,0.0,0.0,0.0,2.273368000000057,0.0015265365405410236,0.0,0.0,6.7576,44.982,synthetic_default
main,default,default,poisson,static_offload,11,5000,0.0,0.014580207422283994,0.7573493999999991,0.35607014653090263,0.6709017552688508,0.41267698464070635,6.503795166666681,0.5182000000000082,0.24415935973636202,0.0,0.0,0.8421119999999984,0.005910679772568317,0.0,0.0,6.7972,45.0484,synthetic_default
main,default,default,poisson,budget_only_bexgov,11,5000,0.0,0.017334161344015865,0.8989625199999997,0.3665383933321448,0.7383129807501383,0.2778964946503577,105.78036498933274,0.3891094444444628,0.0,0.07131879174794585,0.0,2.0853000000000663,0.0,0.0,0.0,6.7668,45.169,synthetic_default
main,default,default,poisson,xai_gate,11,5000,0.0,0.01588378140820095,0.8233605400000015,0.6659006266520612,0.7777377069596425,0.7530150574677645,0.2048136142222223,0.6508911111110527,0.26503519348994686,0.0,0.6202073000504885,2.5643079999997465,0.0,0.0,0.0,6.7342,45.1048,synthetic_default
main,default,default,bursty,never_explain,11,5000,0.16080087287738357,1.2202115384615513,63.451,0.0,0.0,0.0,10247.701954199978,0.0,0.0,0.0,0.0,0.0,0.14592729435583673,0.0,0.0,8.7276,50.7746,synthetic_default
main,default,default,bursty,always_explain,11,5000,0.16595707709061394,1.2628173580728375,64.515404,1.0,1.0,0.8499999999999364,0.0,2.087930555555399,0.0,0.0,0.0,8.843,0.15884254654437235,0.1498,0.5232,8.843,50.8726,synthetic_default
main,default,default,bursty,threshold_explain,11,5000,0.16157007180401167,1.2370352208213278,63.866264120000075,0.4272009369636881,0.8141226528786359,0.323451922630937,1695.3887951289005,0.6672361111111613,0.0,0.0,0.0,3.245104000000052,0.13345977568968515,0.0002,0.0,8.6236,50.7214,synthetic_default
main,default,default,bursty,rate_limited,11,5000,0.16149910157862624,1.2402774820388272,64.07192623999994,0.4984896570619839,0.7940741306644498,0.6002762683227394,2999.0320490244085,0.7037194444445106,0.0,0.0,0.0,3.6575680000001163,0.14803965897995153,0.0,0.0,8.7596,50.867,synthetic_default
main,default,default,bursty,fifo_explanation,11,5000,0.16312004942216382,1.2524145293401694,64.44068700000014,0.7822367220295674,0.566691213645762,0.8826644916954981,1469.1077438444474,1.6191083333332634,0.0,0.0,0.0,6.8574,0.14982601247882732,0.0,0.3808,8.7664,50.8274,synthetic_default
main,default,default,bursty,static_coarse_full,11,5000,0.16440753913371453,1.2550771954642843,64.80245311999994,0.4245747037197817,0.8128176208402097,0.32121686114220976,1820.3117744044582,0.6722361111111672,0.0,0.0,0.0,3.272872000000059,0.1471102868758014,0.0002,0.0,8.7586,50.9024,synthetic_default
main,default,default,bursty,static_offload,11,5000,0.16211046822335654,1.225485820163936,63.56994283999995,0.40007713598619693,0.6957342204045361,0.4791097599709514,1567.9511530200664,0.7894888888889072,0.2918689595716684,0.0,0.0,1.1653279999999537,0.15301260445400344,0.0,0.0,8.8156,50.9714,synthetic_default
main,default,default,bursty,budget_only_bexgov,11,5000,0.16261059574752884,1.2426210162366869,64.19928913999986,0.40257506303002566,0.7600668808038021,0.3108285583314377,2368.259078919983,0.5652222222222659,0.0,0.09168003667201467,0.0,2.9914480000001222,0.14506771856476575,0.0,0.0,8.726,50.8034,synthetic_default
main,default,default,bursty,xai_gate,11,5000,0.16124952889966387,1.2296726204334785,63.63824140000007,0.6338849202692107,0.7753625942677866,0.728411374320193,101.06181413066903,0.8783677777777424,0.27590100470089407,0.09966356346207024,0.4414923034381049,3.0273359999999756,0.13861710864300747,0.0,0.0,8.6792,50.8172,synthetic_default
main,default,default,self_similar,never_explain,11,5000,0.35349361849084826,4.598546153845757,239.1244,0.0,0.0,0.0,25329.603370197932,0.0,0.0,0.0,0.0,0.0,0.30757375113149577,0.0,0.0,15.7886,80.4982,synthetic_default
main,default,default,self_similar,always_explain,11,5000,0.3641244499549058,4.68239183596357,239.438806,1.0,1.0,0.8499999999999776,0.0,3.7011361111110133,0.0,0.0,0.0,15.6754,0.29827621477868704,0.2578,0.7232,15.6754,80.4934,synthetic_default
main,default,default,self_similar,threshold_explain,11,5000,0.3567186259948419,4.632404923941742,239.33978971999994,0.435756276323657,0.8193457770817201,0.3308446474697457,9932.457400982115,1.24901111111111,0.0,0.0,0.0,6.051592000000129,0.3034655308675145,0.0,0.1966,15.7178,80.3898,synthetic_default
main,default,default,self_similar,rate_limited,11,5000,0.3514171891894658,4.632521751812603,239.32259312,0.4517765490406905,0.8020402954432951,0.6987059862534789,14261.153657091407,1.2472361111111168,0.0,0.0,0.0,6.150448000000135,0.30668747224738,0.0,0.1928,15.6258,79.7222,synthetic_default
main,default,default,self_similar,fifo_explanation,11,5000,0.36760498960501686,4.656722151723011,239.182898,0.7288895606610237,0.4411989664823446,0.8906665659008342,12911.17534133328,2.732655555555495,0.0,0.0,0.0,11.5736,0.3022180122771867,0.0,0.6352,15.8784,81.289,synthetic_default
main,default,default,self_similar,static_coarse_full,11,5000,0.35696493123430184,4.631874352482915,239.32095479999998,0.43605801175568537,0.8176984972423764,0.33052006133401235,9738.148466142155,1.2395111111111146,0.0,0.0,0.0,6.019312000000084,0.297553615691345,0.0002,0.1896,15.652,80.418,synthetic_default
main,default,default,self_similar,static_offload,11,5000,0.35892578892140087,4.618067937285059,239.59569483999996,0.41027759748365483,0.7017832958086668,0.4957896050726946,9934.844582239788,1.4896222222222228,0.3043836437166109,0.0,0.0,2.139583999999786,0.31873305103926075,0.0,0.3378,16.0232,81.003,synthetic_default
main,default,default,self_similar,budget_only_bexgov,11,5000,0.3566200680754181,4.631292431664574,239.46705080000004,0.4013401210087624,0.7389531441924456,0.3195094824079755,11010.097134467074,0.9130127777777879,0.0,0.07798200122025625,0.09407413056741916,5.331087999999968,0.304024604613115,0.0,0.0,15.7344,80.4402,synthetic_default
main,default,default,self_similar,xai_gate,11,5000,0.3624813808848981,4.618988606476466,239.17976824000002,0.4243764203651237,0.46651943004914065,0.5165014752963596,7838.281783557284,1.0,0.1629983049783414,0.09544855295373218,0.3248665955171217,3.941983999996061,0.30630674959324233,0.0002,0.0,15.929,81.2928,synthetic_default
main,default,default,markov_modulated,never_explain,11,5000,0.15526883664177335,1.7675230769230947,91.9112,0.0,0.0,0.0,14186.50929419975,0.0,0.0,0.0,0.0,0.0,0.28800061260433774,0.0,0.0,10.2602,53.1066,synthetic_default
main,default,default,markov_modulated,always_explain,11,5000,0.17454135663735384,2.0396980411301104,104.22510200000012,1.0,1.0,0.8499999999999273,0.0,2.541216666666449,0.0,0.0,0.0,10.7628,0.3047051721253691,0.2584,0.623,10.7628,54.9948,synthetic_default
main,default,default,markov_modulated,threshold_explain,11,5000,0.15980938879729634,1.869183247782852,96.41488936000005,0.4800239509484711,0.8419687173267743,0.3683109791147752,3661.087614604477,0.9375555555556138,0.0,0.0,0.0,4.4786960000000535,0.30073884658185634,0.0048,0.0,10.438,53.4978,synthetic_default
main,default,default,markov_modulated,rate_limited,11,5000,0.1531346894330787,1.6384938517292824,84.59157143999998,0.4981033058683866,0.7869440509605746,0.6626322045165928,4822.74632934005,0.8677750000000697,0.0,0.0,0.0,4.295568000000111,0.27781767820689884,0.0014,0.0,9.9278,51.7956,synthetic_default
main,default,default,markov_modulated,fifo_explanation,11,5000,0.15816338299443697,1.7262968961231338,88.84595199999995,0.7015060004706252,0.4315570210406996,0.8947740999293412,5064.353552377777,1.689327777777719,0.0,0.0,0.0,7.1548,0.2940815233803076,0.0,0.3892,10.1992,52.5428,synthetic_default
main,default,default,markov_modulated,static_coarse_full,11,5000,0.14582087157296106,1.688458402199627,87.09316040000009,0.47733747445522223,0.8420952725236751,0.36648523966574964,2239.5744686089033,0.884258333333384,0.0,0.0,0.0,4.220496000000063,0.27643199254126016,0.004,0.0,9.8846,51.6262,synthetic_default
main,default,default,markov_modulated,static_offload,11,5000,0.15055596543234323,1.7238062168065513,89.41422996000018,0.44792299498995364,0.7212264982018554,0.5569971202019924,2423.225688466711,1.0693777777777835,0.3501716044025405,0.0,0.0,1.4057439999999473,0.28615226157360385,0.0,0.0766,10.1396,52.5578,synthetic_default
main,default,default,markov_modulated,budget_only_bexgov,11,5000,0.18708868610372129,1.9129620585169589,98.7049765999999,0.45310882814496967,0.7840446002671212,0.3581137549724543,5170.649823327048,0.8270522222222924,0.0,0.12154665888106274,0.0,4.302532000000065,0.31879344429564416,0.0,0.0,10.9604,55.4062,synthetic_default
main,default,default,markov_modulated,xai_gate,11,5000,0.15726620606857775,1.7049202579554135,88.08177495999979,0.6504275548646207,0.7595759233063694,0.7220765811557048,548.30093483201,0.9427122222223101,0.22896609460025116,0.14074428431900177,0.49444876318045006,3.932947999999748,0.27879056678799596,0.0014,0.0,10.0338,52.3088,synthetic_default
main,default,default,non_markovian,never_explain,11,5000,0.1357867649208995,1.2165538461538592,63.2608,0.0,0.0,0.0,11525.29699419984,0.0,0.0,0.0,0.0,0.0,0.13287227924476985,0.0,0.0,9.2978,54.7152,synthetic_default
main,default,default,non_markovian,always_explain,11,5000,0.13987056856670366,1.2657545573729552,64.72524399999986,1.0,1.0,0.8499999999999401,0.0,2.2235999999998435,0.0,0.0,0.0,9.4176,0.13352254262625474,0.0978,0.56,9.4176,55.3884,synthetic_default
main,default,default,non_markovian,threshold_explain,11,5000,0.13793097549227112,1.2302540673125353,63.52687384000012,0.42257004644791646,0.8102053833181228,0.31905648665427133,2605.9328810577763,0.7102027777778307,0.0,0.0,0.0,3.4673440000000517,0.13656599862791796,0.0072,0.0,9.3438,54.8072,synthetic_default
main,default,default,non_markovian,rate_limited,11,5000,0.1326172099277386,1.1850691862770388,61.22883675999995,0.5215237787124029,0.7808288701323652,0.5540472339048695,2875.5852300821402,0.7497916666667296,0.0,0.0,0.0,3.986736000000138,0.12636331502826237,0.0,0.0,9.273,54.8846,synthetic_default
main,default,default,non_markovian,fifo_explanation,11,5000,0.136050887258465,1.2139782905362544,62.47283499999999,0.8277474836735134,0.6580230947858207,0.8758378774489101,776.8717608666637,1.8135694444443633,0.0,0.0,0.0,7.681,0.1296187411971057,0.0,0.4464,9.2794,54.7642,synthetic_default
main,default,default,non_markovian,static_coarse_full,11,5000,0.1371259773887674,1.2058357813851548,62.26371076,0.42423684780256105,0.8124737236757819,0.3209287724615905,2383.3702099955544,0.708288888888945,0.0,0.0,0.0,3.448880000000069,0.12302455628495013,0.0074,0.0,9.238,54.84,synthetic_default
main,default,default,non_markovian,static_offload,11,5000,0.13794114299454938,1.2327990117958414,63.95957172000022,0.3972367942102157,0.6963457567910631,0.47705779072007737,2216.995365066735,0.8337500000000152,0.29133032139263004,0.0,0.0,1.22023199999994,0.13437193350626875,0.0,0.0,9.3406,54.8944,synthetic_default
main,default,default,non_markovian,budget_only_bexgov,11,5000,0.13859588242151355,1.1829238553476102,61.114557699999935,0.399821039593388,0.7583058099783855,0.3091487635074676,3206.369084711945,0.6070633333333764,0.0,0.0892880023918336,0.0,3.197500000000141,0.13721861574367256,0.0004,0.0,9.3652,54.9012,synthetic_default
main,default,default,non_markovian,xai_gate,11,5000,0.13584211765640627,1.3993107938365332,72.41244643999984,0.6350450431219078,0.7708636537910415,0.694326060968307,134.72952375066947,0.822309999999952,0.21725300999060712,0.06391426863632482,0.5427375971309025,3.58543999999973,0.12785656931187162,0.0006,0.0,9.3688,55.3782,synthetic_default
main,default,default,transient_overload,never_explain,11,5000,0.24591309805711678,1.024288461538476,53.263,0.0,0.0,0.0,13062.84568839977,0.0,0.0,0.0,0.0,0.0,0.2026285507783916,0.0,0.0,10.1168,56.0816,synthetic_default
main,default,default,transient_overload,always_explain,11,5000,0.25129120232302604,1.0519836630879473,53.26238399999996,1.0,1.0,0.8499999999999157,0.0,2.383258333333097,0.0,0.0,0.0,10.0938,0.20025399180947456,0.201,0.5256,10.0938,56.0648,synthetic_default
main,default,default,transient_overload,threshold_explain,11,5000,0.248779149048437,1.036459087101645,53.28053227999998,0.43940054872393264,0.8201135752524495,0.33346821151531103,4066.3649113377296,0.8110583333333804,0.0,0.0,0.0,3.9319680000000035,0.20417180655481504,0.0032,0.0,10.1326,56.0972,synthetic_default
main,default,default,transient_overload,rate_limited,11,5000,0.24635175493302286,1.0333002206600899,53.24207248000003,0.4665796267465616,0.7674584036026609,0.6661618351299329,7807.920682229145,0.8101388888889458,0.0,0.0,0.0,4.068152000000088,0.20554460714611844,0.0,0.0,10.1486,56.1218,synthetic_default
main,default,default,transient_overload,fifo_explanation,11,5000,0.24654480377235719,1.0392095554399556,53.35656199999996,0.7152922084347603,0.4807344757097372,0.8927061687347081,8392.818886088911,1.7067527777776756,0.0,0.0,0.0,7.2286,0.19792037097623116,0.0,0.443,10.1058,56.2408,synthetic_default
main,default,default,transient_overload,static_coarse_full,11,5000,0.2464538690232464,1.035744478434095,53.24747619999997,0.4390559691095222,0.8214590422941866,0.3336680466542008,3994.1905741332857,0.8064333333333836,0.0,0.0,0.0,3.9021840000000028,0.19257943190948557,0.0026,0.0,10.0484,56.1718,synthetic_default
main,default,default,transient_overload,static_offload,11,5000,0.246540099852572,1.027730886870462,53.244445880000015,0.41003580703553144,0.7024994610772964,0.4964133941921895,3813.0398666711167,0.9468555555555636,0.3052451404737546,0.0,0.0,1.3523839999999363,0.20668247784416804,0.0,0.0,10.1656,56.1628,synthetic_default
main,default,default,transient_overload,budget_only_bexgov,11,5000,0.24779775163983614,1.0349012100701827,53.25578871999999,0.4142967856438769,0.7654804741782715,0.3217432459081182,4615.644554909178,0.6837572222222794,0.0,0.09706172352593177,0.0,3.596520000000013,0.2005933123330157,0.0,0.0,10.142,56.3166,synthetic_default
main,default,default,transient_overload,xai_gate,11,5000,0.24719465154086176,1.0368683713036209,53.28770579999994,0.6792014398342132,0.7476417645356881,0.7716135532211147,2420.6191986656063,0.9933627777780661,0.2442240350568304,0.15214116634387778,0.5780855684019015,4.201931999999249,0.2122699735689737,0.0128,0.0,10.2234,56.2218,synthetic_default
main,default,default,adversarial_explanation_flood,never_explain,11,5000,0.0,0.014776923076923083,0.7684,0.0,0.0,0.0,19925.214290799086,0.0,0.0,0.0,0.0,0.0,0.7983333185210144,0.0,0.0,12.1408,45.0076,synthetic_default
main,default,default,adversarial_explanation_flood,always_explain,11,5000,0.0,0.018990650278531612,0.971951,1.0,1.0,0.8499999999999829,0.0,2.859730555555498,0.0,0.0,0.0,12.1118,0.80165144192508,0.0398,0.6492,12.1118,44.8174,synthetic_default
main,default,default,adversarial_explanation_flood,threshold_explain,11,5000,0.0,0.017255153884917183,0.8895614400000009,0.579143882996244,0.8849244452706829,0.45461904605046155,3625.3136560178123,1.389697222222216,0.0,0.0,0.0,6.446024000000097,0.8045908343810266,0.0,0.279,12.1432,44.8604,synthetic_default
main,default,default,adversarial_explanation_flood,rate_limited,11,5000,0.0,0.016364039921503006,0.8440400800000012,0.6139102248481887,0.8757708681716849,0.6514130969965409,5062.186774635628,1.4069861111111008,0.0,0.0,0.0,6.702544000000102,0.8019137015530493,0.0,0.2896,12.186,45.0854,synthetic_default
main,default,default,adversarial_explanation_flood,fifo_explanation,11,5000,0.0,0.020318824273741792,1.0435279999999898,0.8814774614764748,0.7689773675852538,0.8677783807785119,2151.410043955555,2.531111111111064,0.0,0.0,0.0,10.72,0.7979810524074822,0.0,0.6062,12.1614,45.0928,synthetic_default
main,default,default,adversarial_explanation_flood,static_coarse_full,11,5000,0.0,0.01635080693515576,0.8430655600000005,0.5765597740300733,0.8832116805375704,0.45197806762482,3590.6348212533435,1.3670305555555526,0.0,0.0,0.0,6.351680000000096,0.7842584439878961,0.0,0.2666,12.037,44.9748,synthetic_default
main,default,default,adversarial_explanation_flood,static_offload,11,5000,0.0,0.016962898691627766,0.8799431600000013,0.5329028672311804,0.7522563539553877,0.6926138555596192,3138.794404562331,1.6276666666666653,0.4506326217020303,0.0,0.0,1.8515039999998468,0.8067652540145274,0.0,0.385,12.2348,45.1444,synthetic_default
main,default,default,adversarial_explanation_flood,budget_only_bexgov,11,5000,0.0,0.017540741309385474,0.9055956800000001,0.5108417397600933,0.7732356381079533,0.42385669853704033,5330.917688521626,0.9179116666667037,0.0,0.1427913176559646,0.1395658827982293,5.349871999999943,0.7979147065263066,0.0,0.0,12.1534,45.0648,synthetic_default
main,default,default,adversarial_explanation_flood,xai_gate,11,5000,0.0,0.018948830128390888,0.976389700000001,0.6867968042172111,0.8007577977196914,0.6591896878346124,1514.3720117382165,0.9930500000002265,0.04722839963759163,0.1298904538341158,0.6352853965900667,6.810967999999231,0.7963035295788694,0.0,0.0,12.141,45.0592,synthetic_default
main,default,default,rtt_uncertainty,never_explain,11,5000,0.0,0.013953846153846164,0.7256,0.0,0.0,0.0,6853.402912600166,0.0,0.0,0.0,0.0,0.0,0.07483622899458542,0.0,0.0,7.2456,44.9408,synthetic_default
main,default,default,rtt_uncertainty,always_explain,11,5000,0.0,0.018189575550989222,0.9368469999999998,1.0,1.0,0.8499999999999546,0.0,1.7269638888887966,0.0,0.0,0.0,7.3142,0.082550747803948,0.0002,0.4222,7.3142,45.043,synthetic_default
main,default,default,rtt_uncertainty,threshold_explain,11,5000,0.0,0.016496614751080264,0.8548491599999989,0.41478296590442687,0.8062010885195815,0.31278104888404257,199.94747088444527,0.5431444444444873,0.0,0.0,0.0,2.656384000000069,0.08001070693895551,0.0,0.0,7.303,45.0798,synthetic_default
main,default,default,rtt_uncertainty,rate_limited,11,5000,0.0,0.014309381809034289,0.7406939599999982,0.6027406343242444,0.8251825983357215,0.4166261465355581,0.3933234977777772,0.6199222222222729,0.0,0.0,0.0,3.474464000000135,0.07043786338283842,0.0,0.0,7.2392,45.0856,synthetic_default
main,default,default,rtt_uncertainty,fifo_explanation,11,5000,0.0,0.019877744011335453,1.0241699999999976,0.990958754438678,0.9760294411099559,0.8513561868341581,0.1008907999999999,1.7131749999999197,0.0,0.0,0.0,7.2558,0.0851555112917255,0.0,0.4166,7.322,44.9828,synthetic_default
main,default,default,rtt_uncertainty,static_coarse_full,11,5000,0.0,0.014998509182222966,0.7772144,0.41472197025920376,0.8059850954389974,0.3127429152579851,150.93472340888945,0.5411055555555958,0.0,0.0,0.0,2.6463200000000597,0.07723261277986682,0.0,0.0,7.2762,45.0302,synthetic_default
main,default,default,rtt_uncertainty,static_offload,11,5000,0.0,0.014398216238619123,0.7477520800000002,0.387596093343886,0.6909777977844335,0.555798366712211,37.89562878444321,0.6306888888889001,0.28055152791836513,0.0,0.0,0.9427039999999751,0.08441580595444953,0.0,0.0,7.3106,44.9434,synthetic_default
main,default,default,rtt_uncertainty,budget_only_bexgov,11,5000,0.0,0.014178445586208795,0.7349192799999997,0.3902504260816906,0.7525195532957076,0.298772609819133,606.3597656035628,0.45289777777780116,0.0,0.08134037055363132,0.0,2.405820000000104,0.08059938243825493,0.0,0.0,7.2756,44.8862,synthetic_default
main,default,default,rtt_uncertainty,xai_gate,11,5000,0.0,0.01574957612352117,0.8149165000000003,0.6424306068313416,0.8510357848712184,0.5543935958182559,0.41924063688888863,0.5752972222222175,0.02376459649410671,0.056663111548664095,0.39923975168868103,3.7899159999997822,0.08154392191659654,0.0,0.0,7.3134,45.08,synthetic_default
main,default,default,detection_matrix_perturbation,never_explain,11,5000,0.0,0.015361538461538461,0.7988,0.0,0.0,0.0,6449.108757620853,0.0,0.0,0.0,0.0,0.0,0.06363270475987659,0.0,0.0,7.1882,45.0544,synthetic_default
main,default,default,detection_matrix_perturbation,always_explain,11,5000,0.0,0.01701533362409326,0.8764790000000017,1.0,1.0,0.8499999999999626,0.0,1.6956083333332586,0.0,0.0,0.0,7.1814,0.0651466812613748,0.0,0.4118,7.1814,44.9478,synthetic_default
main,default,default,detection_matrix_perturbation,threshold_explain,11,5000,0.0,0.018096286303896713,0.9379718399999991,0.38778481189168157,0.7910353906417503,0.2905806397635249,271.55748505968813,0.49081944444447606,0.0,0.0,0.0,2.421784000000056,0.06435019041767664,0.0,0.0,7.1714,44.9188,synthetic_default
main,default,default,detection_matrix_perturbation,rate_limited,11,5000,0.0,0.016142683790373452,0.8357918799999983,0.5872526773113531,0.812385172907894,0.3997301934305841,0.44631075109095175,0.5765111111111568,0.0,0.0,0.0,3.3222640000001373,0.06927646227706163,0.0,0.0,7.2274,45.061,synthetic_default
main,default,default,detection_matrix_perturbation,fifo_explanation,11,5000,0.0,0.0160619293132774,0.8274079999999996,0.9920442849592478,0.9780150286388972,0.8511933572560728,0.07303289463439454,1.6840861111110335,0.0,0.0,0.0,7.1326,0.06684353911077312,0.0,0.4056,7.1898,44.9288,synthetic_default
main,default,default,detection_matrix_perturbation,static_coarse_full,11,5000,0.0,0.01614422548927626,0.8367847199999987,0.3893410423813238,0.7905532210435815,0.29149192209805924,309.3073246727211,0.4956972222222543,0.0,0.0,0.0,2.448872000000059,0.0695971996603173,0.0,0.0,7.2296,45.0612,synthetic_default
main,default,default,detection_matrix_perturbation,static_offload,11,5000,0.0,0.015804845503709326,0.8209423199999993,0.3652110766847196,0.6792087383166358,0.4297114639813774,143.19913628694567,0.5770722222222313,0.25774593338497287,0.0,0.0,0.897511999999987,0.06754082868196254,0.0,0.0,7.2296,45.148,synthetic_default
main,default,default,detection_matrix_perturbation,budget_only_bexgov,11,5000,0.0,0.015708873907327968,0.8143887799999999,0.3675740668414839,0.7420422515488218,0.27973553534565204,634.6530531646395,0.4172677777777989,0.0,0.07219773475422642,0.0,2.2242080000000755,0.06324728522825929,0.0,0.0,7.1692,44.9516,synthetic_default
main,default,default,detection_matrix_perturbation,xai_gate,11,5000,0.0,0.016028336228205816,0.8303033600000004,0.6347227544235788,0.7617061234945292,0.6587340809195765,0.40298458956056454,0.508290555555498,0.15166798151696156,0.0,0.6972275442353206,2.989263999999659,0.053173511612000235,0.0,0.0,7.0984,44.9334,synthetic_default
main,default,default,poisson,never_explain,12,5000,0.0,0.01426923076923077,0.742,0.0,0.0,0.0,5547.416079200286,0.0,0.0,0.0,0.0,0.0,0.002756243849656448,0.0,0.0,6.756,44.9162,synthetic_default
main,default,default,poisson,always_explain,12,5000,0.0,0.01976215078829657,1.0185499999999998,1.0,1.0,0.8499999999999628,0.0,1.603336111111041,0.0,0.0,0.0,6.7906,0.00481796497209297,0.0,0.3764,6.7906,45.0536,synthetic_default
main,default,default,poisson,threshold_explain,12,5000,0.0,0.01554059336528714,0.8056372399999983,0.3836545545634069,0.7871517722343901,0.28690655114492075,9.776439191111104,0.4572083333333593,0.0,0.0,0.0,2.262384000000057,0.006088476368791174,0.0,0.0,6.7866,44.9702,synthetic_default
main,default,default,poisson,rate_limited,12,5000,0.0,0.015172243682991596,0.7856960399999989,0.5875816702304705,0.8110694152256165,0.4000890947968925,0.24474641111111214,0.5380250000000434,0.0,0.0,0.0,3.0985440000001425,0.0,0.0,0.0,6.7344,45.006,synthetic_default
main,default,default,poisson,fifo_explanation,12,5000,0.0,0.016049289985611566,0.8272930000000007,0.9948270765592669,0.986644491213362,0.8507759385160729,0.0425333111111111,1.5892638888888193,0.0,0.0,0.0,6.731,0.0011289704470187623,0.0,0.3708,6.766,45.0558,synthetic_default
main,default,default,poisson,static_coarse_full,12,5000,0.0,0.016069690001363646,0.833138239999998,0.3859577510949581,0.7856454574355225,0.2881044602687662,7.763414631111095,0.45285277777780253,0.0,0.0,0.0,2.2466320000000644,0.0,0.0,0.0,6.7126,44.9438,synthetic_default
main,default,default,poisson,static_offload,12,5000,0.0,0.016114733710084837,0.8370458799999986,0.3607128025628631,0.6738862624164205,0.41990003559560257,4.527293193333345,0.5238611111111215,0.24943640246796392,0.0,0.0,0.840567999999996,0.0,0.0,0.0,6.7424,45.0204,synthetic_default
main,default,default,poisson,budget_only_bexgov,12,5000,0.0,0.015314779677273611,0.7942050399999998,0.36713973153568036,0.7389870253986025,0.2784297203004027,131.5289923982223,0.3902027777777967,0.0,0.07110756312459346,0.0,2.0891240000000733,0.000603521726781242,0.0,0.0,6.7644,45.0688,synthetic_default
main,default,default,poisson,xai_gate,12,5000,0.0,0.014413845235671602,0.7470227800000004,0.6650977135909794,0.7780309416029773,0.7507369295097143,0.1838578448888891,0.6487338888888311,0.26289255953263546,0.0,0.6199994068977789,2.57125999999975,0.0,0.0,0.0,6.7442,45.0364,synthetic_default
main,default,default,bursty,never_explain,12,5000,0.16002932701593672,1.22389230769232,63.6424,0.0,0.0,0.0,10050.046133600055,0.0,0.0,0.0,0.0,0.0,0.1419141133636328,0.0,0.0,8.6908,50.7382,synthetic_default
main,default,default,bursty,always_explain,12,5000,0.16600194733120738,1.2521244257461408,63.98223300000001,1.0,1.0,0.8499999999999417,0.0,2.036080555555416,0.0,0.0,0.0,8.6234,0.13540337669074876,0.1466,0.5114,8.6234,50.6334,synthetic_default
main,default,default,bursty,threshold_explain,12,5000,0.16310429181682062,1.2427738236412555,64.16006360000004,0.42817726326386557,0.8127651154464347,0.32364501590063327,1776.6436707200144,0.6751000000000515,0.0,0.0,0.0,3.2909760000000476,0.1451394647247819,0.0004,0.0,8.7418,50.8922,synthetic_default
main,default,default,bursty,rate_limited,12,5000,0.16182133609243476,1.249427565717978,64.54242539999997,0.5017410652842327,0.79608017471247,0.6000057347341219,2786.6005534488277,0.7073527777778458,0.0,0.0,0.0,3.6693520000001363,0.14334871558827111,0.0,0.0,8.7188,50.8378,synthetic_default
main,default,default,bursty,fifo_explanation,12,5000,0.16310892070310826,1.2456239422797992,64.0922260000001,0.7786344868490088,0.5627719708166296,0.8832048269725788,1530.0179622666606,1.6118361111110417,0.0,0.0,0.0,6.8266,0.15386640134346363,0.0,0.376,8.7674,50.6552,synthetic_default
main,default,default,bursty,static_coarse_full,12,5000,0.1635405458487838,1.2387549105031097,63.95473544000004,0.42972510170777883,0.8146309511311894,0.32540395798379007,1724.4204429333545,0.6774444444444983,0.0,0.0,0.0,3.2941840000000533,0.13933232773972004,0.0002,0.0,8.7014,50.9152,synthetic_default
main,default,default,bursty,static_offload,12,5000,0.16029980969792013,1.2472660946531908,64.70737836000004,0.3979886979587013,0.6975279741686479,0.4790663129973377,1477.149634353403,0.7778666666666896,0.29313804636143465,0.0,0.0,1.130543999999962,0.13879181162589815,0.0,0.0,8.671,50.7614,synthetic_default
main,default,default,bursty,budget_only_bexgov,12,5000,0.16207271753765728,1.2244584140870112,63.25965484000005,0.40284830997526705,0.7594574901009158,0.3105958596684215,2348.641839880864,0.5650088888889288,0.0,0.09066135385179079,0.0,2.9931240000001234,0.14613270761647312,0.0,0.0,8.7336,50.8004,synthetic_default
main,default,default,bursty,xai_gate,12,5000,0.16068440443454074,1.2418838139594603,64.26590724000008,0.6341678666941563,0.7759990419859921,0.7261071110196596,104.49513152177991,0.881892222222187,0.2720519326156026,0.10217376397174792,0.4401700610299664,3.0749239999999833,0.15233263796700047,0.0,0.0,8.7498,50.6208,synthetic_default
main,default,default,self_similar,never_explain,12,5000,0.36313735087182625,4.598065384614989,239.0994,0.0,0.0,0.0,26338.763726197732,0.0,0.0,0.0,0.0,0.0,0.31569695115733665,0.0,0.0,16.1288,81.725,synthetic_default
main,default,default,self_similar,always_explain,12,5000,0.35748063883680103,4.680734131708639,239.382894,1.0,1.0,0.8499999999999731,0.0,3.6745027777776613,0.0,0.0,0.0,15.5626,0.3022584048995576,0.2432,0.727,15.5626,79.6698,synthetic_default
main,default,default,self_similar,threshold_explain,12,5000,0.35427557632694756,4.6166493592042785,238.51276592000005,0.43871158467582755,0.8194255179064989,0.33287029384464434,9928.477786773192,1.2563777777777778,0.0,0.0,0.0,6.092728000000112,0.3096799279939988,0.0,0.1984,15.7294,80.0674,synthetic_default
main,default,default,self_similar,rate_limited,12,5000,0.3533510912465226,4.63642740908172,239.52280375999996,0.451178965116428,0.8014703638685208,0.699708771347161,15011.611189555999,1.2492249999999978,0.0,0.0,0.0,6.157248000000168,0.3054106285026341,0.0,0.1994,15.6578,79.9636,synthetic_default
main,default,default,self_similar,fifo_explanation,12,5000,0.3549519210260467,4.663058081069248,239.520234,0.7435401516323689,0.4665438788082656,0.8884689772551232,11472.89249688882,2.723116666666584,0.0,0.0,0.0,11.5332,0.29742968199120834,0.0,0.6338,15.5112,79.7022,synthetic_default
main,default,default,self_similar,static_coarse_full,12,5000,0.3677327824149616,4.638373465988566,239.60855472,0.4380915317559157,0.8188115041317962,0.33225653798256266,10319.309559217725,1.2796083333333352,0.0,0.0,0.0,6.209040000000112,0.3092259670215307,0.0,0.213,16.06,81.7786,synthetic_default
main,default,default,self_similar,static_offload,12,5000,0.3517168450172556,4.614898792962391,239.44375780000001,0.40864793341941796,0.7003291346018611,0.49257577888295134,9329.13624590437,1.4436944444444457,0.3017603968243822,0.0,0.0,2.089527999999803,0.3019842438950524,0.0,0.3174,15.6442,80.1044,synthetic_default
main,default,default,self_similar,budget_only_bexgov,12,5000,0.353474942778613,4.626846579789581,239.23749318000003,0.4006777701552631,0.739156873089691,0.3189648601265389,11111.26327719778,0.9129694444444564,0.0,0.07762278628960541,0.0936301039205224,5.326431999999984,0.3112443778110927,0.0,0.0,15.7428,80.04,synthetic_default
main,default,default,self_similar,xai_gate,12,5000,0.36161069469148416,4.617279974510106,239.08613893999998,0.4250757310012325,0.4705476643817393,0.5152888614664972,7609.991632081937,1.0,0.16254917190749418,0.09438500663977349,0.32703076845934,3.961062999996113,0.3109837716035073,0.0002,0.0,15.9644,81.1828,synthetic_default
main,default,default,markov_modulated,never_explain,12,5000,0.13759910707412823,1.6749769230769371,87.0988,0.0,0.0,0.0,13241.743515199754,0.0,0.0,0.0,0.0,0.0,0.2749595874066646,0.0,0.0,9.9378,51.964,synthetic_default
main,default,default,markov_modulated,always_explain,12,5000,0.17526870351465595,1.988182721213095,101.5704210000001,1.0,1.0,0.8499999999999387,0.0,2.544002777777594,0.0,0.0,0.0,10.7746,0.30944047445432576,0.257,0.619,10.7746,54.856,synthetic_default
main,default,default,markov_modulated,threshold_explain,12,5000,0.16097103883655103,1.786564004638205,92.12839908,0.48617461606902335,0.8463664563334822,0.37409964798266576,3345.5363289244588,0.9472388888889379,0.0,0.0,0.0,4.507856000000044,0.2906076355085616,0.0056,0.0,10.3404,53.4136,synthetic_default
main,default,default,markov_modulated,rate_limited,12,5000,0.15455869350522053,1.7881503970408306,92.32677039999992,0.4953166381056417,0.7841715142314912,0.673579412681084,5278.962995891173,0.9033972222222901,0.0,0.0,0.0,4.44212000000011,0.290462010127281,0.0022,0.0,10.2704,53.058,synthetic_default
main,default,default,markov_modulated,fifo_explanation,12,5000,0.15428057784790714,1.7860468329627013,91.93463499999984,0.70259803444585,0.4296638157901421,0.8946102948330539,6191.025897066661,1.704863888888821,0.0,0.0,0.0,7.2206,0.2931240578703538,0.0,0.413,10.277,52.9828,synthetic_default
main,default,default,markov_modulated,static_coarse_full,12,5000,0.18389772995113507,1.9972505843706287,102.96904144000015,0.4899096631414837,0.8477310140473485,0.3770892666025707,3960.773970728947,1.0185027777778,0.0,0.0,0.0,4.8450400000000515,0.32047044169780325,0.0072,0.0286,11.0254,55.664,synthetic_default
main,default,default,markov_modulated,static_offload,12,5000,0.16887224307047277,1.8843720157323671,97.7368704000001,0.45032144065567725,0.7216372101730062,0.5599270649272664,2891.9953808156306,1.1279777777777864,0.3519869168013835,0.0,0.0,1.4832159999999486,0.31123377687729814,0.0,0.1096,10.6396,54.0946,synthetic_default
main,default,default,markov_modulated,budget_only_bexgov,12,5000,0.1667282999165362,1.8089661503223669,93.36686839999997,0.44475630284250484,0.7789490045083289,0.35066758483493005,4150.267400354645,0.7666605555556186,0.0,0.12119820957190405,0.0,4.013168000000103,0.30443407278212553,0.0002,0.0,10.4556,53.4362,synthetic_default
main,default,default,markov_modulated,xai_gate,12,5000,0.17273516631835611,1.9780051998905528,102.19175490000018,0.647476247358348,0.7473539692862149,0.7184432601305036,925.6676154444754,0.9805233333335432,0.22039878709914545,0.135808141137554,0.5327391344298447,4.291507999999554,0.3162032199388567,0.001,0.0,10.883,55.1232,synthetic_default
main,default,default,non_markovian,never_explain,12,5000,0.13683975368339885,1.3686153846153983,71.168,0.0,0.0,0.0,11874.173886199816,0.0,0.0,0.0,0.0,0.0,0.14325589998402588,0.0,0.0,9.5186,55.5058,synthetic_default
main,default,default,non_markovian,always_explain,12,5000,0.14080219848082515,1.2612756393380586,64.50720699999997,1.0,1.0,0.8499999999999429,0.0,2.2020194444442964,0.0,0.0,0.0,9.3262,0.12929455114350175,0.0934,0.547,9.3262,55.0562,synthetic_default
main,default,default,non_markovian,threshold_explain,12,5000,0.13664641895648608,1.2033581531108188,62.13460468000001,0.4273677923770275,0.8154712821759559,0.32376153762625404,2275.861927448889,0.7138083333333866,0.0,0.0,0.0,3.4689120000000666,0.12284064417327323,0.0056,0.0,9.209,54.6768,synthetic_default
main,default,default,non_markovian,rate_limited,12,5000,0.1367983671456948,1.3382851379701264,69.17021787999991,0.5163569052473543,0.7751185939813391,0.5552312479879676,3022.5516918465946,0.7425805555556154,0.0,0.0,0.0,3.959312000000137,0.12615225472140623,0.0,0.0,9.319,55.1672,synthetic_default
main,default,default,non_markovian,fifo_explanation,12,5000,0.13738400177104898,1.211253179768104,62.334763999999794,0.8232240145283624,0.650892637093881,0.8765163978206788,983.275132666657,1.8195194444443619,0.0,0.0,0.0,7.7062,0.13243063091181217,0.0,0.4536,9.361,55.1086,synthetic_default
main,default,default,non_markovian,static_coarse_full,12,5000,0.14071237008651252,1.2146453841351013,62.71602564,0.4231278992710461,0.8116225591018408,0.31991919451037637,2585.3303625689036,0.7145000000000548,0.0,0.0,0.0,3.4816800000000656,0.13169889101782029,0.0076,0.0,9.3558,55.1136,synthetic_default
main,default,default,non_markovian,static_offload,12,5000,0.13919795616424468,1.2711117653427684,65.9498512400001,0.3976004284949047,0.6968607295284931,0.4778095340117808,2176.3603328133886,0.8347555555555691,0.2919550080342796,0.0,0.0,1.2192799999999517,0.1256169188603231,0.0,0.0,9.335,55.2882,synthetic_default
main,default,default,non_markovian,budget_only_bexgov,12,5000,0.13326326953302883,1.2553141164735986,64.88457710000006,0.39750955607679606,0.7580509108354155,0.30766875162889196,2981.664685468405,0.5924283333333773,0.0,0.09108678655199375,0.0,3.125016000000144,0.12725296355597404,0.0004,0.0,9.2088,54.4616,synthetic_default
main,default,default,non_markovian,xai_gate,12,5000,0.13810134229164997,1.2866458741243545,66.58634234000003,0.628722169485741,0.7657717317306156,0.6841924836037012,114.13400801822408,0.7917772222221652,0.2117060752502589,0.03749568519157749,0.5634924059371764,3.5261719999996566,0.12469093564910327,0.0006,0.0,9.2704,54.9508,synthetic_default
main,default,default,transient_overload,never_explain,12,5000,0.2445352371326277,1.0246653846154006,53.2826,0.0,0.0,0.0,13114.081878999772,0.0,0.0,0.0,0.0,0.0,0.20104965205363112,0.0,0.0,10.1242,56.1964,synthetic_default
main,default,default,transient_overload,always_explain,12,5000,0.25081778838979285,1.0535443203519572,53.351761000000025,1.0,1.0,0.8499999999999209,0.0,2.3966694444442216,0.0,0.0,0.0,10.1506,0.20221336308487214,0.1974,0.5266,10.1506,56.2884,synthetic_default
main,default,default,transient_overload,threshold_explain,12,5000,0.24630939526874351,1.0356840057558272,53.243331119999986,0.4392884013780668,0.820177452694352,0.3333980121173775,4012.590254719974,0.8084277777778272,0.0,0.0,0.0,3.9189759999999993,0.1979587310736146,0.0022,0.0,10.1012,56.2134,synthetic_default
main,default,default,transient_overload,rate_limited,12,5000,0.2459029862106201,1.0336281616701013,53.26363387999999,0.46476797430968625,0.7668299321424269,0.6650207148095696,7755.181114466933,0.7994583333333863,0.0,0.0,0.0,4.022592000000086,0.20174996635138442,0.0,0.0,10.0894,55.9706,synthetic_default
main,default,default,transient_overload,fifo_explanation,12,5000,0.24795482454111584,1.0365092198897323,53.21697599999998,0.7176764891270091,0.4775694650952684,0.8923485266308743,8409.8829021556,1.720541666666571,0.0,0.0,0.0,7.287,0.20467890376308007,0.0,0.4452,10.1536,56.1898,synthetic_default
main,default,default,transient_overload,static_coarse_full,12,5000,0.24702172574507128,1.0353316541710786,53.23252452,0.4386625157629373,0.8197580336070326,0.3328666850567502,4044.588970062183,0.8108694444444899,0.0,0.0,0.0,3.931720000000001,0.20560805385708103,0.0024,0.0,10.1504,56.1288,synthetic_default
main,default,default,transient_overload,static_offload,12,5000,0.245536121797612,1.0290913097969723,53.316326360000026,0.4132687689773993,0.7042488806946885,0.5017023556728827,3729.8793998155625,0.9495777777777833,0.3092143126476017,0.0,0.0,1.3449759999999285,0.19662686538808494,0.0,0.0,10.0778,56.1456,synthetic_default
main,default,default,transient_overload,budget_only_bexgov,12,5000,0.245691126644355,1.0352329666083329,53.28306748000005,0.41169132062022823,0.7648975489058738,0.31934394740491434,4514.7158125634205,0.6769527777778306,0.0,0.09445731598645518,0.0,3.5584480000000434,0.2024730956199372,0.0002,0.0,10.0998,55.9946,synthetic_default
main,default,default,transient_overload,xai_gate,12,5000,0.2465730764842624,1.0390340892849501,53.407609719999996,0.6797992625166235,0.7490099558349755,0.7732214619526331,2336.477824977604,0.9908650000002922,0.2457160885768935,0.1539644667047897,0.5752962751168339,4.167483999999243,0.20540319551999509,0.0116,0.0,10.1426,56.0952,synthetic_default
main,default,default,adversarial_explanation_flood,never_explain,12,5000,0.0,0.01334615384615386,0.694,0.0,0.0,0.0,20049.1351965991,0.0,0.0,0.0,0.0,0.0,0.795968578627539,0.0,0.0,12.1174,44.98,synthetic_default
main,default,default,adversarial_explanation_flood,always_explain,12,5000,0.0,0.018095127940423995,0.9262109999999997,1.0,1.0,0.8499999999999823,0.0,2.8554805555554963,0.0,0.0,0.0,12.0938,0.7901862304070237,0.035,0.6492,12.0938,45.0374,synthetic_default
main,default,default,adversarial_explanation_flood,threshold_explain,12,5000,0.0,0.01907439082075753,0.9835061199999998,0.5781119719003356,0.8837691140234513,0.4533171388241457,3704.485769880032,1.388469444444433,0.0,0.0,0.0,6.449104000000114,0.8011402353490746,0.0,0.2778,12.1852,45.1018,synthetic_default
main,default,default,adversarial_explanation_flood,rate_limited,12,5000,0.0,0.01720439241215784,0.88727716,0.6167460812986804,0.8775415864577336,0.6534709671059026,5067.207957871198,1.4170416666666596,0.0,0.0,0.0,6.737112000000082,0.8015889930851563,0.0,0.2986,12.1724,45.0432,synthetic_default
main,default,default,adversarial_explanation_flood,fifo_explanation,12,5000,0.0,0.020229192968680376,1.039006999999991,0.8799986829324509,0.7668176793201325,0.8680001975601118,2287.6501039333193,2.5241222222221773,0.0,0.0,0.0,10.6904,0.8006616744632782,0.0,0.6044,12.1482,44.9768,synthetic_default
main,default,default,adversarial_explanation_flood,static_coarse_full,12,5000,0.0,0.017602692976977752,0.9075443999999988,0.5785205702647662,0.8848637608192998,0.45416537678207236,3816.2922278266974,1.4035277777777653,0.0,0.0,0.0,6.509536000000094,0.8115942028985528,0.0,0.294,12.275,45.172,synthetic_default
main,default,default,adversarial_explanation_flood,static_offload,12,5000,0.0,0.014402488756353332,0.7470845999999993,0.5331421639820462,0.7512759188201338,0.6911531225244898,3053.93075947345,1.6074833333333305,0.44882162661737524,0.0,0.0,1.8444719999998502,0.7958293321952346,0.0,0.3764,12.1184,44.9872,synthetic_default
main,default,default,adversarial_explanation_flood,budget_only_bexgov,12,5000,0.0,0.018346611650209375,0.9474040800000022,0.513824356549654,0.7731423056224377,0.4273949510731033,5222.330754501628,0.9206666666667025,0.0,0.13951155332620674,0.149921881424225,5.389307999999884,0.7974276432281284,0.0,0.0,12.161,45.1052,synthetic_default
main,default,default,adversarial_explanation_flood,xai_gate,12,5000,0.0,0.01571394841216363,0.8097182799999996,0.687377406106287,0.801730257006977,0.6592099229716193,1497.5620819208846,0.993426111111344,0.046497435136160455,0.12571956389067576,0.6384614115822983,6.818775999999175,0.7984497503759915,0.0002,0.0,12.1254,44.9476,synthetic_default
main,default,default,rtt_uncertainty,never_explain,12,5000,0.0,0.014603846153846174,0.7594,0.0,0.0,0.0,6775.599594800212,0.0,0.0,0.0,0.0,0.0,0.07868702439284636,0.0,0.0,7.2846,45.0214,synthetic_default
main,default,default,rtt_uncertainty,always_explain,12,5000,0.0,0.01669348623313377,0.8597960000000007,1.0,1.0,0.849999999999958,0.0,1.73178055555547,0.0,0.0,0.0,7.3346,0.08591724666841327,0.0,0.4178,7.3346,45.0286,synthetic_default
main,default,default,rtt_uncertainty,threshold_explain,12,5000,0.0,0.016048051162546765,0.8316677599999992,0.41242193113359127,0.8043250875472191,0.31071270657162386,70.89199243555535,0.5339527777778179,0.0,0.0,0.0,2.614792000000067,0.07168718320058143,0.0,0.0,7.2372,45.0206,synthetic_default
main,default,default,rtt_uncertainty,rate_limited,12,5000,0.0,0.015459971665397788,0.8002569599999994,0.6019057680698219,0.8240252092176843,0.41571538334891284,0.3874161333333344,0.6218305555556128,0.0,0.0,0.0,3.4901120000001313,0.08062746493491257,0.0,0.0,7.2884,44.964,synthetic_default
main,default,default,rtt_uncertainty,fifo_explanation,12,5000,0.0,0.015926358917242405,0.8205300000000003,0.990962035053019,0.9767933146570702,0.851355694742005,0.08635644444444439,1.7034472222221395,0.0,0.0,0.0,7.2146,0.08145685625286903,0.0,0.4122,7.2804,44.8802,synthetic_default
main,default,default,rtt_uncertainty,static_coarse_full,12,5000,0.0,0.01685421460983244,0.8733438399999981,0.4177323674138915,0.8082007836106204,0.31538408966650755,176.2416626266669,0.5496222222222658,0.0,0.0,0.0,2.6835920000000626,0.08199562824074014,0.0,0.0,7.316,45.0772,synthetic_default
main,default,default,rtt_uncertainty,static_offload,12,5000,0.0,0.01356654555546388,0.7045690399999991,0.3872633176924952,0.689048317881655,0.5519843217350953,13.75551203999995,0.6202388888889006,0.2776152359922716,0.0,0.0,0.9413839999999775,0.07378691420374617,0.0,0.0,7.246,44.9872,synthetic_default
main,default,default,rtt_uncertainty,budget_only_bexgov,12,5000,0.0,0.01578498029693673,0.8181564199999998,0.39186455560738104,0.7535919582762071,0.30063249458058916,590.8939799422242,0.4556105555555805,0.0,0.08454298493537854,0.0,2.421476000000103,0.08253501462965307,0.0,0.0,7.2886,44.886,synthetic_default
main,default,default,rtt_uncertainty,xai_gate,12,5000,0.0,0.01659618772358095,0.8589453600000002,0.6427053847855368,0.8527964153145373,0.554865306500508,0.36154550000000013,0.5734705555555525,0.02512715612560814,0.05702675807164971,0.39197257850508627,3.7444519999997725,0.07326480055775475,0.0,0.0,7.2352,44.942,synthetic_default
main,default,default,detection_matrix_perturbation,never_explain,12,5000,0.0,0.01504230769230769,0.7822,0.0,0.0,0.0,6321.191062220622,0.0,0.0,0.0,0.0,0.0,0.059305886103635075,0.0,0.0,7.1438,44.959,synthetic_default
main,default,default,detection_matrix_perturbation,always_explain,12,5000,0.0,0.017215705755221397,0.8867119999999994,1.0,1.0,0.849999999999959,0.0,1.6893277777776963,0.0,0.0,0.0,7.1548,0.05857305393917356,0.0,0.4092,7.1548,45.0594,synthetic_default
main,default,default,detection_matrix_perturbation,threshold_explain,12,5000,0.0,0.016274193253409525,0.8435833999999984,0.3876774283328717,0.7906331988076511,0.2904174784303,257.42723009600445,0.49133055555558786,0.0,0.0,0.0,2.425280000000056,0.06527436818823307,0.0,0.0,7.186,44.9712,synthetic_default
main,default,default,detection_matrix_perturbation,rate_limited,12,5000,0.0,0.015929507417546587,0.8246484399999987,0.5902319902320003,0.8155768120644469,0.40298035298037904,0.44514838891076497,0.5830333333333801,0.0,0.0,0.0,3.3410880000001417,0.06970158424834838,0.0,0.0,7.2072,44.9172,synthetic_default
main,default,default,detection_matrix_perturbation,fifo_explanation,12,5000,0.0,0.01727442893838845,0.8899839999999997,0.991499291607634,0.9774256677121071,0.8512751062588164,0.07693027145883247,1.6854083333332586,0.0,0.0,0.0,7.1382,0.06481727987505037,0.0,0.4122,7.1994,45.0744,synthetic_default
main,default,default,detection_matrix_perturbation,static_coarse_full,12,5000,0.0,0.015453471908959059,0.8009411999999992,0.38519898414824905,0.7885107090285385,0.28836654387141675,285.4194113011301,0.4860333333333632,0.0,0.0,0.0,2.401416000000067,0.06129267295764884,0.0,0.0,7.1664,45.0168,synthetic_default
main,default,default,detection_matrix_perturbation,static_offload,12,5000,0.0,0.013745783939177244,0.7139477999999997,0.36013326628109266,0.6768491641293597,0.4223543709663575,82.40616162296018,0.5609611111111193,0.25259128879948595,0.0,0.0,0.8808399999999851,0.06228492313993694,0.0,0.0,7.1586,44.9258,synthetic_default
main,default,default,detection_matrix_perturbation,budget_only_bexgov,12,5000,0.0,0.015513625642236318,0.8043713599999993,0.36730507953369584,0.7401804849344084,0.27957423611306037,561.480505288252,0.41294666666668806,0.0,0.07578764921304967,0.0,2.212780000000071,0.05968367386235918,0.0,0.0,7.1542,45.0084,synthetic_default
main,default,default,detection_matrix_perturbation,xai_gate,12,5000,0.0,0.0160651964201759,0.8322895000000011,0.633098697394835,0.7595049978579671,0.6568350590068365,0.5162400090807875,0.5068122222221612,0.14999443331106657,0.0,0.7031841460699176,3.0196559999996553,0.06403678283467396,0.0,0.0,7.1856,45.021,synthetic_default
main,default,default,poisson,never_explain,13,5000,0.0,0.016342307692307684,0.8498,0.0,0.0,0.0,5509.914199800274,0.0,0.0,0.0,0.0,0.0,0.0033027316682121555,0.0,0.0,6.7834,45.0738,synthetic_default
main,default,default,poisson,always_explain,13,5000,0.0,0.015512036133941441,0.7995330000000016,1.0,1.0,0.8499999999999608,0.0,1.578213888888816,0.0,0.0,0.0,6.6842,0.0,0.0002,0.3652,6.6842,44.926,synthetic_default
main,default,default,poisson,threshold_explain,13,5000,0.0,0.016814614766872935,0.8717962799999998,0.3842848255021642,0.7849590455917074,0.2868104520945838,7.388261613333314,0.45327500000002136,0.0,0.0,0.0,2.2492320000000565,0.0,0.0,0.0,6.7508,45.1166,synthetic_default
main,default,default,poisson,rate_limited,13,5000,0.0,0.015596843757527665,0.8077796799999983,0.5881551549765136,0.8115512005017692,0.40082545065146497,0.24005554000000065,0.5387083333333772,0.0,0.0,0.0,3.0988080000001372,0.0,0.0,0.0,6.7236,45.002,synthetic_default
main,default,default,poisson,fifo_explanation,13,5000,0.0,0.016345113592228254,0.8424719999999994,0.993921963946869,0.9833273119833398,0.8509117054079371,0.04776355555555551,1.5830305555554964,0.0,0.0,0.0,6.7046,0.00138652605451961,0.0,0.3692,6.7456,44.9084,synthetic_default
main,default,default,poisson,static_coarse_full,13,5000,0.0,0.014326192864955744,0.7427105999999991,0.388017484071716,0.7872935458221489,0.28985479330272873,7.2048927599999875,0.4585888888889131,0.0,0.0,0.0,2.2727120000000474,0.0026950493696185074,0.0,0.0,6.749,44.8724,synthetic_default
main,default,default,poisson,static_offload,13,5000,0.0,0.013996899231691824,0.7270422799999989,0.35808470686415245,0.6720503095171797,0.4157163720902189,3.6781803333333483,0.5156555555555626,0.2463413907186075,0.0,0.0,0.8338879999999932,0.0,0.0,0.0,6.7102,44.983,synthetic_default
main,default,default,poisson,budget_only_bexgov,13,5000,0.0,0.015332940824696698,0.7950965200000012,0.36580001186520567,0.7387952905397736,0.2771179401993413,70.97889701066572,0.38833611111113064,0.0,0.06852159468438539,0.0,2.0755120000000735,0.0,0.0,0.0,6.7424,45.0746,synthetic_default
main,default,default,poisson,xai_gate,13,5000,0.0,0.015161724117524466,0.7858900200000014,0.664789137001764,0.7766141589716268,0.7501913167090237,0.21675769511111107,0.6502122222221662,0.26334182313569865,0.0,0.6168631167446544,2.569603999999732,0.0,0.0,0.0,6.7532,45.1046,synthetic_default
main,default,default,bursty,never_explain,13,5000,0.15935812009620312,1.228419230769243,63.8778,0.0,0.0,0.0,10208.492973400005,0.0,0.0,0.0,0.0,0.0,0.1445018333793331,0.0,0.0,8.7084,50.726,synthetic_default
main,default,default,bursty,always_explain,13,5000,0.16468085274066996,1.260017082924454,64.38789399999992,1.0,1.0,0.8499999999999363,0.0,2.058322222222068,0.0,0.0,0.0,8.7176,0.14507887719851098,0.1436,0.5182,8.7176,50.754,synthetic_default
main,default,default,bursty,threshold_explain,13,5000,0.16301813771049586,1.246525392731341,64.34888136,0.4284417894112907,0.8149690400533876,0.32445391946738805,1779.007924617798,0.6809833333333851,0.0,0.0,0.0,3.311088000000059,0.1514731441953716,0.0004,0.0,8.7716,50.7848,synthetic_default
main,default,default,bursty,rate_limited,13,5000,0.16448574297897683,1.2478446484800874,64.45968484000004,0.49803151399231965,0.7929713332343974,0.6025309105813107,2990.8297625977248,0.7068888888889542,0.0,0.0,0.0,3.668264000000128,0.1485487205438758,0.0004,0.0,8.7834,50.9826,synthetic_default
main,default,default,bursty,fifo_explanation,13,5000,0.16503387627554733,1.2438148435761887,63.99771100000001,0.7793592677345538,0.5646425742911947,0.8830961098397473,1479.0504344444387,1.6082944444443712,0.0,0.0,0.0,6.8116,0.15093740823117985,0.0,0.3828,8.74,50.6254,synthetic_default
main,default,default,bursty,static_coarse_full,13,5000,0.16218826159689828,1.2421766614789458,64.14389892,0.4253297424211122,0.8115449571154563,0.32149022857539356,1749.327515271123,0.6665166666667208,0.0,0.0,0.0,3.249168000000063,0.13998937237999454,0.0002,0.0,8.6886,50.811,synthetic_default
main,default,default,bursty,static_offload,13,5000,0.16095044191968969,1.2320632965203746,63.91553896000013,0.39849770642201043,0.6952502359163629,0.47717293577980885,1484.6772116667269,0.7777444444444647,0.2906651376146789,0.0,0.0,1.1483199999999614,0.14586372106102496,0.0,0.0,8.72,50.7332,synthetic_default
main,default,default,bursty,budget_only_bexgov,13,5000,0.16332884972535697,1.2431441825648928,64.22374462000002,0.40075228015635284,0.7597047437107946,0.30907719386473603,2389.537474585761,0.5650594444444881,0.0,0.0888746656913617,0.0,2.986480000000119,0.14754657391231074,0.0,0.0,8.7494,50.8296,synthetic_default
main,default,default,bursty,xai_gate,13,5000,0.16473773562676725,1.2474598460864075,64.55374714000001,0.6345210955525139,0.7762853118762951,0.7286725906297636,108.2210842266695,0.8846383333333004,0.2726317472645453,0.10857299495168696,0.44141900998241085,3.083628000000003,0.14611477641637838,0.0,0.0,8.7554,50.928,synthetic_default
main,default,default,self_similar,never_explain,13,5000,0.3575503956350529,4.601423076922679,239.274,0.0,0.0,0.0,25514.948959597867,0.0,0.0,0.0,0.0,0.0,0.30890806371308566,0.0,0.0,15.905,81.009,synthetic_default
main,default,default,self_similar,always_explain,13,5000,0.3646191426861668,4.677791393239838,239.16825100000003,1.0,1.0,0.8499999999999794,0.0,3.732963888888799,0.0,0.0,0.0,15.8102,0.3086083155585031,0.2678,0.731,15.8102,80.5446,synthetic_default
main,default,default,self_similar,threshold_explain,13,5000,0.3546945961731444,4.633020851796471,239.38562616,0.43525303734429066,0.8176658029848995,0.3299848932928761,9870.217286959922,1.2355611111111178,0.0,0.0,0.0,5.998264000000111,0.2997638789742476,0.0,0.1846,15.6222,80.1284,synthetic_default
main,default,default,self_similar,rate_limited,13,5000,0.35832297321112355,4.633977403254676,239.38224183999998,0.44961957209773523,0.8014140354777216,0.7051348271932881,15157.410131702616,1.26402499999999,0.0,0.0,0.0,6.208176000000164,0.3070532724731998,0.0,0.2142,15.798,80.5782,synthetic_default
main,default,default,self_similar,fifo_explanation,13,5000,0.3602550631872091,4.6610646554524395,239.41572599999998,0.7341546606933768,0.45265603755859013,0.8898768008959792,11677.407621666654,2.723966666666604,0.0,0.0,0.0,11.5368,0.30359545603111426,0.0,0.6312,15.7144,80.3644,synthetic_default
main,default,default,self_similar,static_coarse_full,13,5000,0.355348337085769,4.629111845499313,239.17046000000002,0.4383191592603934,0.8172822426282379,0.33196955766676645,10013.983473764301,1.2443138888888954,0.0,0.0,0.0,6.049232000000111,0.30170816783977106,0.0,0.1994,15.6624,80.2146,synthetic_default
main,default,default,self_similar,static_offload,13,5000,0.3526026449248297,4.613528606276308,239.37088268,0.40793932455638865,0.7000578265759722,0.4916907714813116,9360.941106102153,1.4483277777777785,0.30120206067544364,0.0,0.0,2.0966319999997935,0.3067544318946789,0.0,0.3026,15.723,80.214,synthetic_default
main,default,default,self_similar,budget_only_bexgov,13,5000,0.3596125430935309,4.63202598645057,239.50544056000007,0.40017548083016063,0.7384222919809588,0.3184368902516317,11346.111284249753,0.9126833333333424,0.0,0.07817449256265363,0.09312520588906063,5.330487999999956,0.30220617411971307,0.0,0.0,15.7852,80.8126,synthetic_default
main,default,default,self_similar,xai_gate,13,5000,0.347752504366908,4.6240518026493636,239.43062580000003,0.4399361249110201,0.4882840646852549,0.5294497709532028,6826.49855467611,1.0,0.1670043228595393,0.09749016065552617,0.340409058648426,3.9901079999959643,0.3003411308496058,0.0,0.0,15.499,79.4612,synthetic_default
main,default,default,markov_modulated,never_explain,13,5000,0.1639209654167967,1.8330730769231005,95.3198,0.0,0.0,0.0,14046.344517999705,0.0,0.0,0.0,0.0,0.0,0.29765036336885387,0.0,0.0,10.4778,53.8296,synthetic_default
main,default,default,markov_modulated,always_explain,13,5000,0.1727063186782487,1.8501039732389033,94.49532299999998,1.0,1.0,0.8499999999999394,0.0,2.465236111110935,0.0,0.0,0.0,10.441,0.29595771908462365,0.2444,0.5734,10.441,53.7106,synthetic_default
main,default,default,markov_modulated,threshold_explain,13,5000,0.17594849254449968,1.8723440648821534,96.53166987999995,0.48596202104948866,0.8477033275525206,0.37432862654032256,3485.3748363600207,0.9803666666667092,0.0,0.0,0.0,4.659072000000062,0.3083848804828959,0.0044,0.0,10.6796,54.4162,synthetic_default
main,default,default,markov_modulated,rate_limited,13,5000,0.1728763863579102,1.9540511392072981,100.8817159199999,0.48966338993150227,0.7851141986023753,0.6876144995531457,6330.163194135713,0.946863888888941,0.0,0.0,0.0,4.620824000000098,0.30767741911923485,0.0016,0.0,10.7424,54.7658,synthetic_default
main,default,default,markov_modulated,fifo_explanation,13,5000,0.14156465975033544,1.7261467458446713,88.85981899999993,0.7142627625818372,0.45030822267775716,0.8928605856126575,4999.695463444471,1.6795055555554912,0.0,0.0,0.0,7.1132,0.2774177659427104,0.0,0.399,9.9588,51.9736,synthetic_default
main,default,default,markov_modulated,static_coarse_full,13,5000,0.17113789767605492,1.939269698298513,100.00386347999981,0.48854055770345345,0.8476169577755035,0.3761313759548749,3081.962386942229,0.9870444444444806,0.0,0.0,0.0,4.693816000000055,0.3079612162786065,0.0044,0.0,10.7082,54.5796,synthetic_default
main,default,default,markov_modulated,static_offload,13,5000,0.15194716302620687,1.7094553987540457,88.6687292400002,0.4457590512840788,0.7203231173113519,0.5538090002356195,2355.8406914511697,1.0678444444444555,0.347914866881332,0.0,0.0,1.4077119999999492,0.29074768178857124,0.0,0.0558,10.1864,52.6124,synthetic_default
main,default,default,markov_modulated,budget_only_bexgov,13,5000,0.16558514741767238,1.793037878412818,92.55227874,0.44739656000769745,0.780671415219427,0.35205630825407014,4056.152801015942,0.7693561111111717,0.0,0.11740174882290766,0.0,4.018980000000079,0.2943353705403473,0.0,0.0,10.407,53.6028,synthetic_default
main,default,default,markov_modulated,xai_gate,13,5000,0.19231551781188397,2.130222302693226,110.02791745999981,0.6514194698387851,0.7425912560309467,0.7172196533832628,1148.419652216033,0.9928300000002291,0.21389996823267798,0.12120998199851753,0.5631463767604391,4.528163999999528,0.3297193278888608,0.0006,0.0,11.3324,56.816,synthetic_default
main,default,default,non_markovian,never_explain,13,5000,0.13466464834653005,1.1489846153846266,59.7472,0.0,0.0,0.0,11269.386786199919,0.0,0.0,0.0,0.0,0.0,0.1212107980127306,0.0,0.0,9.2438,54.9632,synthetic_default
main,default,default,non_markovian,always_explain,13,5000,0.13970185977676874,1.3077263912271968,66.90860899999996,1.0,1.0,0.8499999999999471,0.0,2.1811472222220867,0.0,0.0,0.0,9.2378,0.12245170728625343,0.0926,0.5354,9.2378,54.8668,synthetic_default
main,default,default,non_markovian,threshold_explain,13,5000,0.13744915354753276,1.2783790939005866,66.01800396000013,0.42609791524265855,0.8134039360060571,0.32251473855094204,2650.9277136577675,0.7220250000000543,0.0,0.0,0.0,3.5130960000000755,0.13554033125585918,0.0078,0.0,9.3632,54.9706,synthetic_default
main,default,default,non_markovian,rate_limited,13,5000,0.14280593522613758,1.237015424680655,63.9188787599999,0.5144187450152099,0.7720981664741088,0.5622189648854179,2987.8413271710547,0.7422277777778389,0.0,0.0,0.0,3.9394720000001464,0.13141467685625097,0.0,0.0,9.2782,54.6702,synthetic_default
main,default,default,non_markovian,fifo_explanation,13,5000,0.1402489878542519,1.349296741160416,69.4472270000001,0.8251958113400306,0.6573761683712723,0.8762206282989367,861.7446871999962,1.8308527777777002,0.0,0.0,0.0,7.7542,0.1322537112010811,0.0,0.4536,9.3968,55.328,synthetic_default
main,default,default,non_markovian,static_coarse_full,13,5000,0.13955413222089388,1.2462649409356275,64.3545564799999,0.4271732817037808,0.8128711540253708,0.32311498332797445,2455.055336306662,0.7175527777778327,0.0,0.0,0.0,3.494512000000063,0.12612694455850226,0.0068,0.0,9.297,55.0382,synthetic_default
main,default,default,non_markovian,static_offload,13,5000,0.13762052517745416,1.2500537918868089,64.85295652000028,0.39928178905602857,0.6961001039589142,0.47879718232161406,2268.591274571177,0.8440166666666798,0.2920158706583777,0.0,0.0,1.2408239999999489,0.1402311864636423,0.0,0.0,9.4262,55.1128,synthetic_default
main,default,default,non_markovian,budget_only_bexgov,13,5000,0.13513991377768386,1.2268364338761093,63.399576219999894,0.3971770304022057,0.7577741588353581,0.30724528464388723,3055.0126201181492,0.5979461111111564,0.0,0.08950564120230815,0.0,3.1505240000001313,0.1302594578677545,0.0004,0.0,9.2888,54.7886,synthetic_default
main,default,default,non_markovian,xai_gate,13,5000,0.1363043917043961,1.251248297303066,64.74883889999994,0.6316013735315036,0.7702897349233545,0.688195620248766,116.70252995333517,0.7995133333332806,0.2110400829302004,0.04666983413959917,0.5615065653075328,3.5625639999997047,0.12711163039773976,0.0002,0.0,9.2608,54.776,synthetic_default
main,default,default,transient_overload,never_explain,13,5000,0.24517815812783952,1.0250192307692463,53.301,0.0,0.0,0.0,13057.50439099976,0.0,0.0,0.0,0.0,0.0,0.20381747006886042,0.0,0.0,10.1112,55.9952,synthetic_default
main,default,default,transient_overload,always_explain,13,5000,0.25012375540527515,1.0521962291237419,53.28507699999998,1.0,1.0,0.8499999999999222,0.0,2.3896333333331143,0.0,0.0,0.0,10.1208,0.20265370945375305,0.1974,0.527,10.1208,56.1026,synthetic_default
main,default,default,transient_overload,threshold_explain,13,5000,0.24521156616514186,1.0344938997997175,53.17469755999999,0.4445505249995171,0.8239669708897216,0.3382028939481193,3965.6747772399813,0.8209277777778325,0.0,0.0,0.0,3.9665919999999946,0.20063247624937364,0.0046,0.0,10.0762,55.9494,synthetic_default
main,default,default,transient_overload,rate_limited,13,5000,0.2483593048608462,1.0339170745732422,53.27318276,0.46433902130019666,0.7667314557468705,0.671229907356049,7902.276357289137,0.8066666666667209,0.0,0.0,0.0,4.039224000000086,0.19979669293507651,0.0,0.0,10.1032,56.1384,synthetic_default
main,default,default,transient_overload,fifo_explanation,13,5000,0.2476870372613781,1.036954330122412,53.240666999999924,0.715409861995334,0.4764902079336132,0.8926885207006204,8446.205305177755,1.7086888888887957,0.0,0.0,0.0,7.2368,0.20138052584447586,0.0,0.443,10.1156,56.1332,synthetic_default
main,default,default,transient_overload,static_coarse_full,13,5000,0.2444935727457878,1.0364886081167828,53.285424120000016,0.4434205544152074,0.8227225359364952,0.33705633830885884,3913.737173653333,0.8138527777778284,0.0,0.0,0.0,3.936952000000001,0.19323376838010087,0.0038,0.0,10.0358,56.0706,synthetic_default
main,default,default,transient_overload,static_offload,13,5000,0.24601309861659362,1.0286705349013645,53.29387688,0.4124852152657723,0.7042932945396092,0.5011139804447429,3767.5184385155567,0.9550833333333367,0.309040372181044,0.0,0.0,1.3497839999999295,0.20269805706699318,0.0,0.0,10.1456,56.238,synthetic_default
main,default,default,transient_overload,budget_only_bexgov,13,5000,0.24809815499471857,1.0358547353442955,53.30980221999998,0.41213348007233835,0.7639753717471777,0.3195375756623047,4631.159346691409,0.6809638888889412,0.0,0.09531483373948589,0.0,3.5858400000000104,0.2105899258667101,0.0,0.0,10.1768,56.0432,synthetic_default
main,default,default,transient_overload,xai_gate,13,5000,0.24887184359290915,1.0366997954213464,53.28656973999997,0.6806077534122844,0.7488357971986019,0.7746835443038756,2337.280429270045,0.9908088888891822,0.24712267982013034,0.15481072086527606,0.5731265228501813,4.147315999999208,0.19728055726518634,0.0106,0.0,10.0962,56.2174,synthetic_default
main,default,default,adversarial_explanation_flood,never_explain,13,5000,0.0,0.013596153846153834,0.707,0.0,0.0,0.0,20121.802971399073,0.0,0.0,0.0,0.0,0.0,0.8035647513398998,0.0,0.0,12.1548,44.9288,synthetic_default
main,default,default,adversarial_explanation_flood,always_explain,13,5000,0.0,0.020543282183991686,1.0511710000000014,1.0,1.0,0.8499999999999847,0.0,2.867569444444393,0.0,0.0,0.0,12.145,0.8000993056018724,0.0432,0.6512,12.145,44.979,synthetic_default
main,default,default,adversarial_explanation_flood,threshold_explain,13,5000,0.0,0.01929376418115604,0.9946392400000015,0.5776766098716006,0.8845284595220703,0.453383293462869,3811.8260709466986,1.4022999999999952,0.0,0.0,0.0,6.505992000000095,0.8118451488494056,0.0,0.2846,12.2898,45.2202,synthetic_default
main,default,default,adversarial_explanation_flood,rate_limited,13,5000,0.0,0.017769295491760453,0.9163920799999987,0.6167407480574246,0.8768426815316169,0.6513828526274116,5074.932922791164,1.4113611111111062,0.0,0.0,0.0,6.717664000000109,0.8004783965711955,0.0,0.2908,12.1488,44.9836,synthetic_default
main,default,default,adversarial_explanation_flood,fifo_explanation,13,5000,0.0,0.01783268964284353,0.9158689999999918,0.880801670420729,0.7670703244867836,0.867879749436876,2305.5046146,2.5298361111110705,0.0,0.0,0.0,10.7146,0.7973460754806729,0.0,0.6036,12.1646,45.1206,synthetic_default
main,default,default,adversarial_explanation_flood,static_coarse_full,13,5000,0.0,0.01726733381041696,0.8901740400000013,0.5789142034109149,0.8844848020184473,0.45423418115158876,3660.662351933358,1.396405555555551,0.0,0.0,0.0,6.480800000000109,0.8101019437753856,0.0002,0.2856,12.2196,45.0052,synthetic_default
main,default,default,adversarial_explanation_flood,static_offload,13,5000,0.0,0.015473402671697337,0.8026495199999998,0.5345459036640638,0.7520476766022774,0.6940386990531787,3080.4817808112202,1.6185222222222246,0.4512144915603129,0.0,0.0,1.8475039999998488,0.7990513688788585,0.0,0.3826,12.145,45.0052,synthetic_default
main,default,default,adversarial_explanation_flood,budget_only_bexgov,13,5000,0.0,0.01885939226087002,0.9738165799999995,0.5084401761883975,0.7731653554636055,0.42238542024856435,5415.533568414479,0.9184894444444809,0.0,0.14119631248874262,0.14160567208658775,5.355571999999898,0.8083055740617378,0.0,0.0,12.2142,45.03,synthetic_default
main,default,default,adversarial_explanation_flood,xai_gate,13,5000,0.0,0.01707794076363285,0.880137040000001,0.6870858099899093,0.7990835772503959,0.6588006962004574,1593.5065163208815,0.9966638888891318,0.045827723227480216,0.13538143246527207,0.6310958589208893,6.8483759999992255,0.7999917244477595,0.0006,0.0,12.1804,45.1128,synthetic_default
main,default,default,rtt_uncertainty,never_explain,13,5000,0.0,0.01466923076923075,0.7628,0.0,0.0,0.0,7010.196946800231,0.0,0.0,0.0,0.0,0.0,0.08251451128474918,0.0,0.0,7.3274,45.1258,synthetic_default
main,default,default,rtt_uncertainty,always_explain,13,5000,0.0,0.017717088498728138,0.9124439999999991,1.0,1.0,0.8499999999999613,0.0,1.7216277777776996,0.0,0.0,0.0,7.2916,0.08128949214272452,0.0004,0.4152,7.2916,44.9562,synthetic_default
main,default,default,rtt_uncertainty,threshold_explain,13,5000,0.0,0.017133964532615592,0.8878578799999994,0.41649456147597647,0.8053580166216422,0.31381247418424324,116.71319056888923,0.5412833333333746,0.0,0.0,0.0,2.650320000000063,0.07573704205638698,0.0,0.0,7.263,45.011,synthetic_default
main,default,default,rtt_uncertainty,rate_limited,13,5000,0.0,0.015545070796684246,0.80464304,0.6028272624962369,0.8250633501834606,0.41672064999591274,0.4054370155555559,0.624186111111167,0.0,0.0,0.0,3.497848000000143,0.08245347405139558,0.0,0.0,7.2862,44.8746,synthetic_default
main,default,default,rtt_uncertainty,fifo_explanation,13,5000,0.0,0.01600080319933899,0.8243299999999998,0.9914356299752951,0.978006779962262,0.8512846555036627,0.0887570666666666,1.7055722222221372,0.0,0.0,0.0,7.2236,0.07621225280795962,0.0,0.415,7.286,45.1336,synthetic_default
main,default,default,rtt_uncertainty,static_coarse_full,13,5000,0.0,0.015117890136209991,0.7834046799999983,0.41559579280089626,0.80629547174318,0.3133573121883635,240.3957429022233,0.5467916666667071,0.0,0.0,0.0,2.6746560000000676,0.08784192366520727,0.0,0.0,7.3398,44.9808,synthetic_default
main,default,default,rtt_uncertainty,static_offload,13,5000,0.0,0.014507375112403912,0.7534527599999993,0.39097611202633553,0.6921167727170686,0.5613276642913009,10.726573346666676,0.6349944444444573,0.28369028006589786,0.0,0.0,0.9454479999999809,0.08134107670930124,0.0,0.0,7.284,44.9072,synthetic_default
main,default,default,rtt_uncertainty,budget_only_bexgov,13,5000,0.0,0.01757084366272721,0.9107024999999986,0.3931550596383172,0.7553451835808659,0.3019554224152263,583.7231983182269,0.4581961111111371,0.0,0.08442807673280932,0.0,2.429368000000109,0.0773567363664891,0.0,0.0,7.2772,45.0312,synthetic_default
main,default,default,rtt_uncertainty,xai_gate,13,5000,0.0,0.013718882700801904,0.709989600000001,0.6443257438266974,0.852914484332657,0.5566843853916558,0.3745925711111115,0.5768994444444412,0.023730957487763295,0.058213716108452954,0.3993290436121652,3.7871559999997793,0.078244317246839,0.0,0.0,7.2732,44.9694,synthetic_default
main,default,default,detection_matrix_perturbation,never_explain,13,5000,0.0,0.012711538461538463,0.661,0.0,0.0,0.0,6556.3457803513575,0.0,0.0,0.0,0.0,0.0,0.07701470546735578,0.0,0.0,7.2514,44.8858,synthetic_default
main,default,default,detection_matrix_perturbation,always_explain,13,5000,0.0,0.019771037720578418,1.018356,1.0,1.0,0.8499999999999619,0.0,1.7010388888888126,0.0,0.0,0.0,7.2044,0.06386686158980681,0.0,0.4102,7.2044,45.146,synthetic_default
main,default,default,detection_matrix_perturbation,threshold_explain,13,5000,0.0,0.016503380896599296,0.8554481599999992,0.38930664602455123,0.7886323086973538,0.2911298794647974,300.3994476454825,0.49454166666669597,0.0,0.0,0.0,2.4471600000000535,0.07042136818150979,0.0,0.0,7.2344,45.0564,synthetic_default
main,default,default,detection_matrix_perturbation,rate_limited,13,5000,0.0,0.01770102497567967,0.9163963599999982,0.5877418814397112,0.8120779175857513,0.400263870661519,0.408953950925353,0.5726694444444886,0.0,0.0,0.0,3.297064000000125,0.060155294855969155,0.0,0.0,7.1626,45.0412,synthetic_default
main,default,default,detection_matrix_perturbation,fifo_explanation,13,5000,0.0,0.016996883189610148,0.8756339999999987,0.9923901571960229,0.9795496143661393,0.851141476420557,0.06751858133633652,1.6873444444443675,0.0,0.0,0.0,7.1464,0.06655055051497194,0.0,0.4114,7.2012,45.0124,synthetic_default
main,default,default,detection_matrix_perturbation,static_coarse_full,13,5000,0.0,0.01557555911767577,0.8072366799999989,0.391724675613969,0.7919979198417931,0.29344545302669295,265.2166284446957,0.49622222222225304,0.0,0.0,0.0,2.449472000000063,0.06147662115031838,0.0,0.0,7.1828,45.112,synthetic_default
main,default,default,detection_matrix_perturbation,static_offload,13,5000,0.0,0.016382234040679313,0.8508333199999988,0.3638712362980194,0.6778970609194509,0.4268699875121099,84.64925102808115,0.5708555555555671,0.25536284168169837,0.0,0.0,0.8955679999999873,0.06930052582226676,0.0,0.0,7.207,44.9328,synthetic_default
main,default,default,detection_matrix_perturbation,budget_only_bexgov,13,5000,0.0,0.01424978026505042,0.7388812000000003,0.36665832466326775,0.7407262805070041,0.2790428254084383,520.70152525969,0.41066611111113244,0.0,0.0745437673987009,0.0,2.1973640000000776,0.056700762893796997,0.0,0.0,7.1126,44.873,synthetic_default
main,default,default,detection_matrix_perturbation,xai_gate,13,5000,0.0,0.01645945059350076,0.8527235400000008,0.633091208209065,0.7592507835213771,0.6565178596324234,0.4875639549333918,0.5069888888888311,0.1501547555976912,0.0,0.7005827733318462,3.013123999999662,0.06396455330429007,0.0,0.0,7.1726,44.9426,synthetic_default
main,default,default,poisson,never_explain,14,5000,0.0,0.013973076923076925,0.7266,0.0,0.0,0.0,5356.015887200282,0.0,0.0,0.0,0.0,0.0,0.0,0.0,0.0,6.705,44.9634,synthetic_default
main,default,default,poisson,always_explain,14,5000,0.0,0.01672149399050538,0.8618130000000003,1.0,1.0,0.8499999999999646,0.0,1.5852027777777118,0.0,0.0,0.0,6.7138,0.0,0.0,0.3692,6.7138,44.9232,synthetic_default
main,default,default,poisson,threshold_explain,14,5000,0.0,0.01646916241920277,0.8538098799999998,0.3863452152048534,0.7873869508075629,0.2887590593107705,6.190671946666672,0.458038888888914,0.0,0.0,0.0,2.2682720000000507,0.0012958643415179605,0.0,0.0,6.761,45.015,synthetic_default
main,default,default,poisson,rate_limited,14,5000,0.0,0.015664790295832447,0.8112713999999986,0.589919163100347,0.8132558577530912,0.4026390870185727,0.22990056222222274,0.5436000000000446,0.0,0.0,0.0,3.1169280000001427,0.0,0.0,0.0,6.7296,45.0886,synthetic_default
main,default,default,poisson,fifo_explanation,14,5000,0.0,0.016815197704573893,0.8667460000000001,0.9951385801096784,0.9869891016904926,0.8507292129835103,0.04496382222222218,1.5852972222221526,0.0,0.0,0.0,6.7142,0.00014230570823881017,0.0,0.3702,6.747,44.9736,synthetic_default
main,default,default,poisson,static_coarse_full,14,5000,0.0,0.015685532114069433,0.8132037199999993,0.38481830576797965,0.7878692820582011,0.28790088327703417,6.064859360000019,0.45645555555558054,0.0,0.0,0.0,2.257280000000052,0.0,0.0,0.0,6.7476,45.0712,synthetic_default
main,default,default,poisson,static_offload,14,5000,0.0,0.015436746216771753,0.8018524400000003,0.35877050631415025,0.6745051673268057,0.4186158975569158,4.8432335555555674,0.5254944444444533,0.24920335182343917,0.0,0.0,0.8374959999999967,0.003043876510656185,0.0,0.0,6.7784,45.0522,synthetic_default
main,default,default,poisson,budget_only_bexgov,14,5000,0.0,0.015966501437905133,0.8279436599999984,0.3663950952072095,0.7380751380787018,0.27707068325178946,160.92118226044653,0.39103000000001864,0.0,0.06679243058421269,0.0,2.0904080000000707,0.007014013185034473,0.0,0.0,6.7852,44.9196,synthetic_default
main,default,default,poisson,xai_gate,14,5000,0.0,0.013724993316193678,0.7114336600000006,0.6667559585956366,0.7775547332683722,0.7551117143452855,0.16239523066666692,0.6503422222221654,0.2664439340154521,0.0,0.6218715508755183,2.5539559999997365,0.0,0.0,0.0,6.7046,44.9028,synthetic_default
main,default,default,bursty,never_explain,14,5000,0.16093053276188451,1.2296423076923213,63.9414,0.0,0.0,0.0,10195.148140999996,0.0,0.0,0.0,0.0,0.0,0.14239911422810514,0.0,0.0,8.7082,50.8182,synthetic_default
main,default,default,bursty,always_explain,14,5000,0.16796758564187733,1.2530496448514286,64.00992100000013,1.0,1.0,0.849999999999936,0.0,2.093833333333176,0.0,0.0,0.0,8.868,0.15874764310885991,0.151,0.5202,8.868,51.0206,synthetic_default
main,default,default,bursty,threshold_explain,14,5000,0.16138341420344568,1.2356394738100491,63.799991439999964,0.4255685084270402,0.8130259854154361,0.32202984525535894,1776.5368411466764,0.6694777777778342,0.0,0.0,0.0,3.2585920000000614,0.1428503856932828,0.0004,0.0,8.6982,50.7398,synthetic_default
main,default,default,bursty,rate_limited,14,5000,0.16032427259683166,1.2473695690994009,64.43853084,0.5027093141327567,0.7941014885231626,0.5996296039878021,2770.4524119799294,0.7048527777778393,0.0,0.0,0.0,3.655192000000119,0.1418678282455006,0.0006,0.0,8.6664,50.5978,synthetic_default
main,default,default,bursty,fifo_explanation,14,5000,0.16266092848279703,1.2466947695550912,64.15086900000017,0.77937974190295,0.5626137228550954,0.8830930387144891,1453.5079473111034,1.6056499999999325,0.0,0.0,0.0,6.8004,0.1457196693650582,0.0,0.3788,8.7254,50.771,synthetic_default
main,default,default,bursty,static_coarse_full,14,5000,0.1613442035226904,1.2360910007873762,63.82507568000002,0.425266829921923,0.8132265060131394,0.32187312294970116,1782.8322008044552,0.6662166666667185,0.0,0.0,0.0,3.241728000000065,0.1401463968413239,0.0,0.0,8.6572,50.6204,synthetic_default
main,default,default,bursty,static_offload,14,5000,0.1619614738908519,1.2378205297379485,64.21248503999992,0.39660845070421846,0.695006663350912,0.47526535211267074,1698.6301513800718,0.788611111111132,0.28969014084507044,0.0,0.0,1.1617599999999588,0.16149718623216813,0.0,0.0,8.875,50.94,synthetic_default
main,default,default,bursty,budget_only_bexgov,14,5000,0.1623293643434101,1.2403805368645047,64.08355351999991,0.40140236031716753,0.760444764134685,0.30937557624932305,2312.9887655741954,0.5620238888889337,0.0,0.08740549511340587,0.0,2.967224000000109,0.14128025738258332,0.0,0.0,8.6768,50.6846,synthetic_default
main,default,default,bursty,xai_gate,14,5000,0.16167341449435765,1.2314650096495394,63.727270180000005,0.6331876176052718,0.7754206413141234,0.7289554362292691,105.68254308400294,0.8811972222221846,0.275115884161733,0.1030336408279407,0.4442608655743724,3.0462159999999816,0.14832308938911742,0.0,0.0,8.7156,50.599,synthetic_default
main,default,default,self_similar,never_explain,14,5000,0.35230972173826475,4.604515384614985,239.4348,0.0,0.0,0.0,24990.97747859795,0.0,0.0,0.0,0.0,0.0,0.3039308410904804,0.0,0.0,15.7168,80.356,synthetic_default
main,default,default,self_similar,always_explain,14,5000,0.36162587844361255,4.681262060243378,239.37128699999997,1.0,1.0,0.8499999999999707,0.0,3.7094944444443163,0.0,0.0,0.0,15.7108,0.30645385276158565,0.2576,0.7338,15.7108,80.1702,synthetic_default
main,default,default,self_similar,threshold_explain,14,5000,0.35456532900649107,4.627904991556286,239.11427516,0.43687452724964915,0.8198158916070332,0.33173484955320504,9983.381412053195,1.2432277777777676,0.0,0.0,0.0,6.022552000000128,0.2980695623231826,0.0,0.2026,15.6002,80.12,synthetic_default
main,default,default,self_similar,rate_limited,14,5000,0.35527165068787714,4.630610998512585,239.21118084000005,0.4535112610885308,0.8034428376896599,0.7016642380550374,14557.702793227034,1.2611111111111066,0.0,0.0,0.0,6.198400000000156,0.3008170635593663,0.0,0.206,15.6468,80.1896,synthetic_default
main,default,default,self_similar,fifo_explanation,14,5000,0.36224786199678694,4.66319683756675,239.51384000000004,0.7305451151527382,0.44655549859779464,0.8904182327270764,12023.800758466656,2.7352055555554986,0.0,0.0,0.0,11.5844,0.31139135403977614,0.0,0.634,15.8572,80.6126,synthetic_default
main,default,default,self_similar,static_coarse_full,14,5000,0.35260698119254363,4.632981841609447,239.38143567999998,0.43459465328070884,0.8180895604364035,0.32974735282471523,9782.545946355405,1.238961111111116,0.0,0.0,0.0,6.008248000000114,0.30675786648507186,0.0,0.1872,15.6582,79.8832,synthetic_default
main,default,default,self_similar,static_offload,14,5000,0.3588921655981761,4.601821324933654,238.76058060000003,0.4070445028482398,0.7011496155127925,0.4921509500396585,9711.626098055387,1.4680222222222252,0.30228990354991636,0.0,0.0,2.105071999999783,0.3092403992110597,0.0,0.324,15.9046,80.9864,synthetic_default
main,default,default,self_similar,budget_only_bexgov,14,5000,0.35598574845441194,4.629134591431721,239.34750266,0.40148907380243537,0.7387377332983344,0.320350675299715,11396.36983975376,0.9151411111111238,0.0,0.07691334918306439,0.0991704183317315,5.363351999999922,0.3120683876405794,0.0,0.0,15.8152,80.3576,synthetic_default
main,default,default,self_similar,xai_gate,14,5000,0.3641345907242749,4.622171110761776,239.33744859999996,0.42190074638889175,0.464184199622561,0.5138293116083751,7680.358778898971,1.0,0.16138647061015138,0.09325517566845916,0.3294544280369158,3.972163999995983,0.3171973751258559,0.0004,0.0,16.1042,81.5074,synthetic_default
main,default,default,markov_modulated,never_explain,14,5000,0.18114304280608548,2.0127038461538698,104.6606,0.0,0.0,0.0,14816.842945799768,0.0,0.0,0.0,0.0,0.0,0.31675693946069994,0.0,0.0,11.0638,56.0154,synthetic_default
main,default,default,markov_modulated,always_explain,14,5000,0.19307997490983111,2.248174464567665,114.83228500000001,1.0,1.0,0.8499999999999448,0.0,2.7219833333331565,0.0,0.0,0.0,11.5284,0.3391180109072498,0.291,0.6172,11.5284,57.393,synthetic_default
main,default,default,markov_modulated,threshold_explain,14,5000,0.1788511292531914,1.9259987577285813,99.31245228000004,0.4833293126484675,0.8454135171866278,0.37174231739905234,3546.133920604466,0.9804388888889308,0.0,0.0,0.0,4.668632000000041,0.3122690385306146,0.0046,0.0,10.7776,54.753,synthetic_default
main,default,default,markov_modulated,rate_limited,14,5000,0.17049113924988296,1.854008923120132,95.71195984000008,0.49455154433175935,0.7883275159960205,0.6803889850990328,6478.685587109093,0.9306111111111748,0.0,0.0,0.0,4.5549760000001145,0.2974039329261913,0.0014,0.0,10.5094,54.0022,synthetic_default
main,default,default,markov_modulated,fifo_explanation,14,5000,0.15839798090122795,1.8597777680678318,95.73304799999985,0.6966793643464543,0.4249694225073631,0.8954980953479508,6417.806487933338,1.7100111111110285,0.0,0.0,0.0,7.2424,0.2961432146236922,0.0,0.4066,10.3956,53.4694,synthetic_default
main,default,default,markov_modulated,static_coarse_full,14,5000,0.1731940972094426,1.899574562265249,97.96091936,0.4822708749952966,0.844802686583436,0.3707221823944489,3472.9676993555895,0.9609861111111604,0.0,0.0,0.0,4.579360000000072,0.30059157950009263,0.0038,0.0,10.6012,54.3404,synthetic_default
main,default,default,markov_modulated,static_offload,14,5000,0.16586339030283279,1.849379795318489,95.92312872,0.44819246435847,0.7211765980218555,0.5573144376555924,2844.0323292956023,1.119150000000007,0.35036207286716453,0.0,0.0,1.4713199999999405,0.31005143560173676,0.0,0.0956,10.6056,53.9704,synthetic_default
main,default,default,markov_modulated,budget_only_bexgov,14,5000,0.17731675725455504,1.9882398658956273,102.62022881999997,0.4520671759073259,0.7822330771461459,0.35717261795987737,5109.36602420613,0.8188411111111789,0.0,0.1243741091334381,0.0,4.277480000000042,0.3175150628698007,0.0004,0.0,10.9444,55.379,synthetic_default
main,default,default,markov_modulated,xai_gate,14,5000,0.15028021096402533,1.7459632971158248,90.23018636,0.6509989335230055,0.7598778994215551,0.7249828178694456,594.0460433857926,0.951661111111243,0.2315835209542995,0.1371805506181617,0.5026661926768574,3.957719999999669,0.28775798268034847,0.0016,0.0,10.1268,52.426,synthetic_default
main,default,default,non_markovian,never_explain,14,5000,0.13941121847886015,1.2520038461538587,65.1042,0.0,0.0,0.0,11422.027806799924,0.0,0.0,0.0,0.0,0.0,0.13181083930627158,0.0,0.0,9.3608,55.1376,synthetic_default
main,default,default,non_markovian,always_explain,14,5000,0.14231360029485737,1.3482958452615625,68.98076999999996,1.0,1.0,0.8499999999999379,0.0,2.2199166666665047,0.0,0.0,0.0,9.402,0.1324545428265793,0.0932,0.5588,9.402,55.3488,synthetic_default
main,default,default,non_markovian,threshold_explain,14,5000,0.13746080082563872,1.198848082816032,61.905147520000114,0.4248554850722094,0.8120303458880269,0.32131892874928775,2346.915389333338,0.7088805555556099,0.0,0.0,0.0,3.452912000000059,0.12693341335977837,0.007,0.0,9.2378,54.6486,synthetic_default
main,default,default,non_markovian,rate_limited,14,5000,0.1337317211107983,1.206572534155257,62.349642640000035,0.5188397051851317,0.7768839833986544,0.5518749191845035,3025.5459733754797,0.7417611111111719,0.0,0.0,0.0,3.959056000000141,0.12870172058782225,0.0,0.0,9.2804,54.8146,synthetic_default
main,default,default,non_markovian,fifo_explanation,14,5000,0.13721564105062997,1.3420733650988872,69.07927999999995,0.8274717272104181,0.6608942463167169,0.875879240918378,716.404898777774,1.824336111111034,0.0,0.0,0.0,7.7266,0.12344328822764394,0.0,0.4574,9.3376,55.4106,synthetic_default
main,default,default,non_markovian,static_coarse_full,14,5000,0.13541427760523808,1.39617716141521,72.12707671999998,0.4247885067293361,0.8119603231785707,0.32120700704979477,2644.4137871022276,0.717958333333388,0.0,0.0,0.0,3.4980480000000687,0.12827669654273866,0.0076,0.0,9.362,55.3174,synthetic_default
main,default,default,non_markovian,static_offload,14,5000,0.13855293881674202,1.2180505789323512,63.19269516000018,0.39657741609945096,0.6958192914050128,0.475801000579729,2300.279077948949,0.8289555555555723,0.2903184248384257,0.0,0.0,1.2167839999999475,0.1322993288574308,0.0,0.0,9.3146,54.8418,synthetic_default
main,default,default,non_markovian,budget_only_bexgov,14,5000,0.13902939751949706,1.2801006945489277,66.1604603199999,0.40020872134095514,0.7582755232909234,0.30968038875689247,3224.429237434617,0.6049138888889324,0.0,0.09151628026459444,0.0,3.1913960000001524,0.1306766196610365,0.0012,0.0,9.3426,55.0856,synthetic_default
main,default,default,non_markovian,xai_gate,14,5000,0.13737953757099317,1.303512128635441,67.44360298000005,0.6349099070215393,0.7726005346982213,0.6907327134765243,127.1175038417798,0.8123288888888396,0.21002458052794698,0.055958106230629474,0.556481778347761,3.6323319999997215,0.13407459658359677,0.0012,0.0,9.357,55.0052,synthetic_default
main,default,default,transient_overload,never_explain,14,5000,0.24452794370579714,1.025092307692323,53.3048,0.0,0.0,0.0,13058.947270799727,0.0,0.0,0.0,0.0,0.0,0.19644212264162642,0.0,0.0,10.0588,56.0484,synthetic_default
main,default,default,transient_overload,always_explain,14,5000,0.2501950057417566,1.0525702510770378,53.29807799999999,1.0,1.0,0.8499999999999244,0.0,2.3904361111108985,0.0,0.0,0.0,10.1242,0.2035339738423223,0.2002,0.526,10.1242,56.0804,synthetic_default
main,default,default,transient_overload,threshold_explain,14,5000,0.248075147310735,1.0355119383670952,53.23889624000002,0.437658009426347,0.8186466971116904,0.3318848725078459,4005.5862960755317,0.8070083333333867,0.0,0.0,0.0,3.9165360000000105,0.20144432045148752,0.004,0.0,10.1418,56.2756,synthetic_default
main,default,default,transient_overload,rate_limited,14,5000,0.24674646162588565,1.0321080504551292,53.18420704,0.46352062434718916,0.765530559644175,0.6677804930923344,7895.426557940225,0.804130555555612,0.0,0.0,0.0,4.039880000000089,0.2013827230647216,0.0,0.0,10.1482,56.314,synthetic_default
main,default,default,transient_overload,fifo_explanation,14,5000,0.24888606625959783,1.037781749904091,53.28330500000001,0.713281203836836,0.4746238195075159,0.8930078194243913,8525.139458577813,1.7101055555554623,0.0,0.0,0.0,7.2428,0.20511040298126715,0.0,0.444,10.1542,56.173,synthetic_default
main,default,default,transient_overload,static_coarse_full,14,5000,0.24728609915022215,1.0369188227781665,53.30181064000004,0.44347873242492813,0.8231007242701345,0.337176352270714,4055.872090239951,0.823044444444495,0.0,0.0,0.0,3.980199999999994,0.20506349568457916,0.003,0.0,10.1422,56.1088,synthetic_default
main,default,default,transient_overload,static_offload,14,5000,0.24712217884431295,1.027515040454428,53.23265952,0.4078380137256884,0.7008244549448166,0.49206219925851874,3827.7886809933425,0.9352277777777865,0.3016880965528122,0.0,0.0,1.3497519999999343,0.20306674306240313,0.0,0.0,10.1416,56.1986,synthetic_default
main,default,default,transient_overload,budget_only_bexgov,14,5000,0.24834420178526997,1.0358677281544093,53.31685444000005,0.41300305543432536,0.7662526847435432,0.3209039323836488,4555.794710429173,0.6779033333333851,0.0,0.09719852386810048,0.0,3.56470800000002,0.19496900079423796,0.0,0.0,10.0804,56.238,synthetic_default
main,default,default,transient_overload,xai_gate,14,5000,0.245792674582052,1.0364614099635279,53.28135807999996,0.6800657373674427,0.7497491692190839,0.7740868050056205,2286.882852616722,0.9899011111113951,0.24712894028195787,0.15382939965151274,0.5734595279581816,4.1433319999992655,0.2011977728465162,0.0116,0.0,10.1008,56.0596,synthetic_default
main,default,default,adversarial_explanation_flood,never_explain,14,5000,0.0,0.014296153846153832,0.7434,0.0,0.0,0.0,20138.774180399065,0.0,0.0,0.0,0.0,0.0,0.7974905856238086,0.0,0.0,12.1384,45.0198,synthetic_default
main,default,default,adversarial_explanation_flood,always_explain,14,5000,0.0,0.020221945597510865,1.0346739999999994,1.0,1.0,0.849999999999986,0.0,2.8808861111110637,0.0,0.0,0.0,12.2014,0.8007958013802516,0.043,0.653,12.2014,45.1704,synthetic_default
main,default,default,adversarial_explanation_flood,threshold_explain,14,5000,0.0,0.015392978863379802,0.79368544,0.5791481009093774,0.8847657055079716,0.4544930512994611,3555.7057163333498,1.3808861111111055,0.0,0.0,0.0,6.407440000000121,0.7947448766486378,0.0,0.2782,12.0742,44.8502,synthetic_default
main,default,default,adversarial_explanation_flood,rate_limited,14,5000,0.0,0.016884329847851386,0.8707957199999997,0.61535818785548,0.8755679006506711,0.6513857382384681,5090.812840775625,1.4091944444444284,0.0,0.0,0.0,6.710176000000116,0.805281056923602,0.0,0.2924,12.1668,44.9304,synthetic_default
main,default,default,adversarial_explanation_flood,fifo_explanation,14,5000,0.0,0.018103722179548497,0.9298339999999938,0.8807347046937626,0.7689939577644567,0.8678897942959074,2176.917445244454,2.5111361111110346,0.0,0.0,0.0,10.6354,0.7932177415043504,0.0,0.6034,12.0756,44.8936,synthetic_default
main,default,default,adversarial_explanation_flood,static_coarse_full,14,5000,0.0,0.015244925728635561,0.7860288399999993,0.5802160590693597,0.8848882235022449,0.4553502700738332,3583.359379102242,1.3874194444444334,0.0,0.0,0.0,6.437416000000105,0.8040190298246226,0.0,0.28,12.1078,44.7438,synthetic_default
main,default,default,adversarial_explanation_flood,static_offload,14,5000,0.0,0.01457704595599925,0.75617076,0.5339237572330393,0.7518320984885831,0.693095903471923,3082.905951164561,1.6190722222222251,0.4505359021567596,0.0,0.0,1.8493519999998447,0.8053824328976584,0.0,0.3842,12.1664,44.9264,synthetic_default
main,default,default,adversarial_explanation_flood,budget_only_bexgov,14,5000,0.0,0.015581074661482007,0.8043880599999998,0.5119859766609481,0.774635110110591,0.4249709919108889,5154.213586263849,0.9179038888889228,0.0,0.13996817398223046,0.1406809441718605,5.331875999999904,0.7905681153742319,0.0,0.0,12.0656,44.9228,synthetic_default
main,default,default,adversarial_explanation_flood,xai_gate,14,5000,0.0,0.018339436571689977,0.9451262000000017,0.6875747094406124,0.8005488534560111,0.6587982558234889,1592.720478563995,0.9961900000002396,0.044407652082684455,0.1289280855039916,0.6397882071373538,6.881927999999121,0.8112879256874028,0.0002,0.0,12.2006,44.9058,synthetic_default
main,default,default,rtt_uncertainty,never_explain,14,5000,0.0,0.014311538461538459,0.7442,0.0,0.0,0.0,7002.559398800211,0.0,0.0,0.0,0.0,0.0,0.09023927958070321,0.0,0.0,7.3512,44.9516,synthetic_default
main,default,default,rtt_uncertainty,always_explain,14,5000,0.0,0.01731169322423946,0.8914890000000012,1.0,1.0,0.8499999999999568,0.0,1.7155361111110239,0.0,0.0,0.0,7.2658,0.07666364374581525,0.0,0.4192,7.2658,44.9896,synthetic_default
main,default,default,rtt_uncertainty,threshold_explain,14,5000,0.0,0.015546393938438206,0.8055278399999979,0.41674676626479984,0.8055065210253181,0.3139895092412279,167.4564088933335,0.5430166666667111,0.0,0.0,0.0,2.6589600000000746,0.07963305581252067,0.0,0.0,7.2826,44.9696,synthetic_default
main,default,default,rtt_uncertainty,rate_limited,14,5000,0.0,0.01614218795482459,0.8354940799999984,0.6036889071938609,0.8274876318835007,0.417660626029683,0.35615538666666796,0.6263750000000575,0.0,0.0,0.0,3.5050080000001436,0.07804743763930588,0.0,0.0,7.284,45.0444,synthetic_default
main,default,default,rtt_uncertainty,fifo_explanation,14,5000,0.0,0.01876414102561627,0.966619999999999,0.9910011869600022,0.9757706015888864,0.8513498219559645,0.10103488888888884,1.69532499999993,0.0,0.0,0.0,7.1802,0.07240597909182722,0.0,0.4062,7.2454,45.0414,synthetic_default
main,default,default,rtt_uncertainty,static_coarse_full,14,5000,0.0,0.015642965685475706,0.8105928799999984,0.4174602521929855,0.8063806896854321,0.3147025767544066,119.79703422222235,0.545705555555595,0.0,0.0,0.0,2.6700560000000713,0.08182165956424425,0.0,0.0,7.296,44.9612,synthetic_default
main,default,default,rtt_uncertainty,static_offload,14,5000,0.0,0.014524688672312231,0.7543219199999991,0.38689474259479417,0.6906393719325967,0.5544173276601615,26.755570035555383,0.6296444444444553,0.2796480489671002,0.0,0.0,0.9432639999999816,0.08434038379770814,0.0,0.0,7.3192,44.9994,synthetic_default
main,default,default,rtt_uncertainty,budget_only_bexgov,14,5000,0.0,0.01680443000657071,0.8710070000000012,0.3916711263137502,0.7533452066457427,0.2999282778406235,550.3350547271106,0.4535938888889132,0.0,0.08126672367658823,0.0,2.4073520000001087,0.07433289472124649,0.0,0.0,7.2502,44.9904,synthetic_default
main,default,default,rtt_uncertainty,xai_gate,14,5000,0.0,0.016966711419343306,0.87804704,0.6434501038365333,0.8523631394249732,0.5543306435706996,0.4134011244444452,0.5791372222222179,0.023007979014099903,0.05618100338834845,0.39706525303311835,3.8065079999997606,0.08205121381865443,0.0,0.0,7.3192,45.0946,synthetic_default
main,default,default,detection_matrix_perturbation,never_explain,14,5000,0.0,0.014299999999999995,0.7436,0.0,0.0,0.0,6376.399088644196,0.0,0.0,0.0,0.0,0.0,0.06634783201325223,0.0,0.0,7.1974,44.9972,synthetic_default
main,default,default,detection_matrix_perturbation,always_explain,14,5000,0.0,0.017362016501302105,0.8944579999999999,1.0,1.0,0.8499999999999616,0.0,1.7007083333332564,0.0,0.0,0.0,7.203,0.0672344359792687,0.0,0.406,7.203,44.9948,synthetic_default
main,default,default,detection_matrix_perturbation,threshold_explain,14,5000,0.0,0.01586400906343376,0.8222473199999991,0.3864208333333362,0.7891404422136785,0.2892708333333524,332.09978703399304,0.48981666666669826,0.0,0.0,0.0,2.420232000000055,0.06750169021100971,0.0,0.0,7.2,44.9648,synthetic_default
main,default,default,detection_matrix_perturbation,rate_limited,14,5000,0.0,0.014963013877979915,0.7746133199999987,0.5911326502354053,0.8160090097199049,0.4039628911659096,0.41409545826473015,0.5866944444444943,0.0,0.0,0.0,3.356464000000139,0.06821677907939816,0.0,0.0,7.222,45.072,synthetic_default
main,default,default,detection_matrix_perturbation,fifo_explanation,14,5000,0.0,0.01807126504478591,0.9309609999999968,0.9925793672934219,0.9801017348971169,0.8511130949059416,0.07053053704214268,1.6801666666665793,0.0,0.0,0.0,7.116,0.062028181699668394,0.0,0.4046,7.1692,45.0032,synthetic_default
main,default,default,detection_matrix_perturbation,static_coarse_full,14,5000,0.0,0.014107636385264539,0.7312103599999994,0.3866364855801499,0.7914761697098369,0.29001369327075366,230.81959467610233,0.4896138888889209,0.0,0.0,0.0,2.412392000000053,0.06093623531295256,0.0,0.0,7.1568,44.9716,synthetic_default
main,default,default,detection_matrix_perturbation,static_offload,14,5000,0.0,0.014962279548477245,0.7771180399999995,0.36317298771399814,0.6789967838877898,0.4269026399392388,24.245217403848276,0.5639222222222329,0.25584076021254465,0.0,0.0,0.8795359999999857,0.05801550332256622,0.0,0.0,7.1138,44.8248,synthetic_default
main,default,default,detection_matrix_perturbation,budget_only_bexgov,14,5000,0.0,0.014995151483577438,0.7774147999999993,0.3696694788255499,0.742395879606181,0.28106094244325597,646.9896955565051,0.42147444444446774,0.0,0.0717655547538436,0.0,2.247424000000077,0.06745109540081318,0.0,0.0,7.2068,45.0094,synthetic_default
main,default,default,detection_matrix_perturbation,xai_gate,14,5000,0.0,0.015698454590765683,0.8132277000000008,0.6340352150013011,0.7613676759002937,0.6574531908362116,0.477362969909741,0.5105566666666088,0.1506822557691771,0.0,0.6978541730613612,3.016923999999668,0.06023960935893791,0.0,0.0,7.1674,45.0678,synthetic_default
main,default,default,poisson,never_explain,15,5000,0.0,0.013623076923076903,0.7084,0.0,0.0,0.0,5493.592163600273,0.0,0.0,0.0,0.0,0.0,0.0,0.0,0.0,6.7358,44.9734,synthetic_default
main,default,default,poisson,always_explain,15,5000,0.0,0.019237801194361793,0.9915349999999972,1.0,1.0,0.849999999999964,0.0,1.591719444444377,0.0,0.0,0.0,6.7414,0.0,0.0,0.3722,6.7414,45.1328,synthetic_default
main,default,default,poisson,threshold_explain,15,5000,0.0,0.01410686231271157,0.7313075599999989,0.3851777480291561,0.7841043508369127,0.2871366949278762,8.430176311111117,0.4511027777778006,0.0,0.0,0.0,2.242240000000052,0.0,0.0,0.0,6.723,44.9504,synthetic_default
main,default,default,poisson,rate_limited,15,5000,0.0,0.01766018531764646,0.9146023999999979,0.5859962267488279,0.8092653044461071,0.3983595200896413,0.2592415288888897,0.5379611111111563,0.0,0.0,0.0,3.1075600000001398,0.0034802183678028786,0.0,0.0,6.7846,45.0738,synthetic_default
main,default,default,poisson,fifo_explanation,15,5000,0.0,0.017328485702937494,0.8932049999999979,0.9943636902996144,0.9846970273857322,0.8508454464550221,0.04800337777777774,1.5828888888888228,0.0,0.0,0.0,6.704,0.0,0.0,0.369,6.742,44.9738,synthetic_default
main,default,default,poisson,static_coarse_full,15,5000,0.0,0.015619572982290159,0.8097178799999994,0.38495466150189506,0.7877017936383669,0.2879478827361738,11.072167613333303,0.4609833333333581,0.0,0.0,0.0,2.280288000000053,0.011743853070458554,0.0,0.0,6.8154,44.9086,synthetic_default
main,default,default,poisson,static_offload,15,5000,0.0,0.016387296921805027,0.8512082399999996,0.36021894561958173,0.6731038968475823,0.4184834010739307,4.558116886666688,0.5216333333333433,0.24813836888480137,0.0,0.0,0.8418719999999966,0.0,0.0,0.0,6.7414,45.1388,synthetic_default
main,default,default,poisson,budget_only_bexgov,15,5000,0.0,0.015237953818029084,0.790225780000001,0.36693352267683943,0.7387677939147225,0.277832016804243,112.95234570222264,0.3903022222222407,0.0,0.06837075826158989,0.0,2.0867080000000637,0.0010484042931262483,0.0,0.0,6.7602,45.0208,synthetic_default
main,default,default,poisson,xai_gate,15,5000,0.0,0.013752612156178618,0.7128419400000003,0.6659890224622312,0.7775672280712058,0.7537592100944728,0.170393703111111,0.6491111111110547,0.2662052918891507,0.0,0.6195746204098679,2.548207999999748,0.0,0.0,0.0,6.7046,44.8048,synthetic_default
main,default,default,bursty,never_explain,15,5000,0.1588853609955233,1.2309384615384755,64.0088,0.0,0.0,0.0,10072.890439199995,0.0,0.0,0.0,0.0,0.0,0.14261673273249786,0.0,0.0,8.6908,50.707,synthetic_default
main,default,default,bursty,always_explain,15,5000,0.16453820854184303,1.2679665387370882,64.79196299999992,1.0,1.0,0.8499999999999407,0.0,2.0632333333331894,0.0,0.0,0.0,8.7384,0.14594152267648464,0.1496,0.5136,8.7384,50.8368,synthetic_default
main,default,default,bursty,threshold_explain,15,5000,0.16354119832791442,1.2468570267358154,64.37511744000004,0.42616724420938135,0.8121058554448412,0.32221183658582914,1806.2625936400082,0.674761111111165,0.0,0.0,0.0,3.2881120000000585,0.15104137965419406,0.0002,0.0,8.7728,50.8108,synthetic_default
main,default,default,bursty,rate_limited,15,5000,0.1628154387925333,1.2403061489355425,64.07430180000003,0.4985626212247314,0.7928311966053235,0.601600166251025,2821.3103533643884,0.6973250000000616,0.0,0.0,0.0,3.620160000000123,0.1360130945261091,0.0,0.0,8.6616,50.8304,synthetic_default
main,default,default,bursty,fifo_explanation,15,5000,0.16478299656104245,1.25397831646315,64.51959400000007,0.7823655131644763,0.5674720445959475,0.882645173025264,1406.1714155555562,1.624916666666593,0.0,0.0,0.0,6.882,0.1497705399728344,0.0,0.3856,8.7964,51.0038,synthetic_default
main,default,default,bursty,static_coarse_full,15,5000,0.16195724903402692,1.2483591024816523,64.45991835999996,0.42611151938270075,0.8116864912226158,0.32212589564580213,1748.5649966000144,0.669525000000053,0.0,0.0,0.0,3.263208000000054,0.14338680814581584,0.0,0.0,8.7088,50.7778,synthetic_default
main,default,default,bursty,static_offload,15,5000,0.16102369045273635,1.2333672658772394,63.982688679999974,0.3961744689626635,0.6943110846343246,0.4735649962191425,1595.3013728778515,0.772116666666686,0.2880318966109851,0.0,0.0,1.1459759999999595,0.14638086607037093,0.0,0.0,8.7282,50.758,synthetic_default
main,default,default,bursty,budget_only_bexgov,15,5000,0.16295285187740222,1.2423058108157907,64.17971202000003,0.4020919948942391,0.7593814610510338,0.3097693289569794,2428.4757468310772,0.5675144444444893,0.0,0.08853026987600292,0.0,3.0023840000001183,0.15297132157288207,0.0,0.0,8.7744,50.735,synthetic_default
main,default,default,bursty,xai_gate,15,5000,0.16010267894103944,1.2445876085140963,64.41604759999989,0.6297481282928769,0.7745162930102026,0.7237170718180741,96.46522598755764,0.8718894444444105,0.27569553563175897,0.09367778907477586,0.43892688788242906,2.988115999999966,0.13744275135195383,0.0,0.0,8.6552,50.729,synthetic_default
main,default,default,self_similar,never_explain,15,5000,0.34933167982638175,4.605865384614986,239.505,0.0,0.0,0.0,25063.57456059784,0.0,0.0,0.0,0.0,0.0,0.3013366403472355,0.0,0.0,15.6144,79.9916,synthetic_default
main,default,default,self_similar,always_explain,15,5000,0.3762926716864864,4.688261533834566,239.61659699999998,1.0,1.0,0.8499999999999757,0.0,3.813997222222113,0.0,0.0,0.0,16.1534,0.3129387055767421,0.2942,0.7364,16.1534,82.0216,synthetic_default
main,default,default,self_similar,threshold_explain,15,5000,0.3593052081629444,4.629756896780616,239.18626983999997,0.4382114798274352,0.8191911286056117,0.3324513239629018,9995.977055115418,1.2608944444444392,0.0,0.0,0.0,6.115624000000121,0.30601447730835996,0.0,0.2098,15.8086,80.6964,synthetic_default
main,default,default,self_similar,rate_limited,15,5000,0.35209127932913986,4.634626046437642,239.43330808000002,0.452840449438202,0.8030085362579162,0.6972764044943561,14186.107662791455,1.2448194444444345,0.0,0.0,0.0,6.142096000000173,0.3011500244774943,0.0,0.2018,15.575,79.8012,synthetic_default
main,default,default,self_similar,fifo_explanation,15,5000,0.36184293037749626,4.659612643631244,239.33401699999993,0.7345518283776403,0.4535064808201271,0.8898172257433438,12296.280288644435,2.730955555555505,0.0,0.0,0.0,11.5664,0.3030133766948415,0.0,0.6344,15.7462,80.563,synthetic_default
main,default,default,self_similar,static_coarse_full,15,5000,0.35525541696907326,4.629919940297718,239.20475148000006,0.43762720704218183,0.819112068098176,0.3320790718974154,9974.743341364361,1.2530083333333342,0.0,0.0,0.0,6.075600000000121,0.30708586791968373,0.0,0.2004,15.7224,80.1906,synthetic_default
main,default,default,self_similar,static_offload,15,5000,0.3537847443031964,4.617813988283675,239.59733252000004,0.4058283963487567,0.700370005744795,0.49002631645863987,9685.021684575442,1.4451166666666608,0.30064329121004857,0.0,0.0,2.080631999999789,0.30508075247301214,0.0,0.3154,15.7316,80.3608,synthetic_default
main,default,default,self_similar,budget_only_bexgov,15,5000,0.3540835769857681,4.630350828606915,239.42456511999998,0.4022681667328897,0.7405535056399905,0.3203546853577003,11005.721579472432,0.9117194444444552,0.0,0.0806242872336336,0.090900936687126,5.304727999999955,0.29860880576611937,0.0,0.0,15.6082,80.1278,synthetic_default
main,default,default,self_similar,xai_gate,15,5000,0.34960055686344144,4.625369027480164,239.5097841,0.4376551817545737,0.4857861509693729,0.5254544838886903,6808.631408461757,1.0,0.16684296070792806,0.09695312298444313,0.3270781197590009,3.948576999995688,0.29710175845449127,0.0002,0.0,15.5044,79.6874,synthetic_default
main,default,default,markov_modulated,never_explain,15,5000,0.1727546719330307,1.845361538461556,95.9588,0.0,0.0,0.0,14487.096297599688,0.0,0.0,0.0,0.0,0.0,0.3019513057831753,0.0,0.0,10.6008,54.2816,synthetic_default
main,default,default,markov_modulated,always_explain,15,5000,0.16192370499064138,1.8923881483681158,96.71505800000001,1.0,1.0,0.8499999999999507,0.0,2.4521555555554135,0.0,0.0,0.0,10.3856,0.29067215465795493,0.2334,0.5506,10.3856,53.6444,synthetic_default
main,default,default,markov_modulated,threshold_explain,15,5000,0.14996879918526088,1.6931527107238378,87.3164156400001,0.4814543494750376,0.8438136485183713,0.3699289392790233,2759.334490408897,0.9057444444445082,0.0,0.0,0.0,4.318672000000048,0.28840950940756205,0.0056,0.0,10.0196,51.8448,synthetic_default
main,default,default,markov_modulated,rate_limited,15,5000,0.14886723952821898,1.6456203061865429,84.96094251999966,0.501803066728638,0.7914693432065932,0.6600658599163427,5077.736378809012,0.8716861111111824,0.0,0.0,0.0,4.315120000000126,0.27443029240398475,0.0006,0.0,9.8998,51.7868,synthetic_default
main,default,default,markov_modulated,fifo_explanation,15,5000,0.17135942053768236,1.8395086599222403,94.66390499999993,0.6934375650659651,0.42231656586732796,0.8959843652400353,6874.988773355569,1.7299861111110257,0.0,0.0,0.0,7.327,0.30927952576379036,0.0,0.4222,10.5662,53.8016,synthetic_default
main,default,default,markov_modulated,static_coarse_full,15,5000,0.1697082838439611,1.9500788861124525,100.56923364000018,0.4870249566659948,0.8469397782281349,0.37484576817699633,3597.454303280055,0.9852861111111589,0.0,0.0,0.0,4.687408000000047,0.3088124624179567,0.0048,0.0,10.7306,54.6582,synthetic_default
main,default,default,markov_modulated,static_offload,15,5000,0.1632919001326992,1.8383546808671238,95.35350539999997,0.45056845369113574,0.723172845226462,0.5624853101613615,2433.6696359134144,1.1143611111111134,0.35473807108542116,0.0,0.0,1.4468079999999457,0.29833952099082195,0.0,0.116,10.4494,53.6552,synthetic_default
main,default,default,markov_modulated,budget_only_bexgov,15,5000,0.1509978456420642,1.806119327501465,93.2530335399999,0.44661436154700007,0.778915975891838,0.3516226253670217,4539.378433461303,0.7565561111111756,0.0,0.11995177817962628,0.0,3.961596000000054,0.29314279033103485,0.0,0.0,10.2858,53.0274,synthetic_default
main,default,default,markov_modulated,xai_gate,15,5000,0.16940575435542007,1.8685013664854417,96.53249541999989,0.6479280453258464,0.7563348688634064,0.7153178470255226,666.5435028849033,0.9568666666667751,0.2200377714825307,0.12791312559017942,0.5252313503305005,4.172071999999709,0.30210734823810115,0.001,0.0,10.59,54.2198,synthetic_default
main,default,default,non_markovian,never_explain,15,5000,0.1358605009324511,1.2258230769230898,63.7428,0.0,0.0,0.0,11458.117627399848,0.0,0.0,0.0,0.0,0.0,0.12981690382432443,0.0,0.0,9.2874,54.8018,synthetic_default
main,default,default,non_markovian,always_explain,15,5000,0.13812241970598313,1.2232060834038914,62.54857299999992,1.0,1.0,0.8499999999999361,0.0,2.2064111111109455,0.0,0.0,0.0,9.3448,0.13403087736670938,0.0928,0.5502,9.3448,54.9356,synthetic_default
main,default,default,non_markovian,threshold_explain,15,5000,0.13766523635370803,1.3283600135902118,68.61406944,0.42430142151982486,0.8122633462464874,0.3208694362646645,2611.076227257776,0.7233277777778342,0.0,0.0,0.0,3.523744000000057,0.1305268351331974,0.006,0.0,9.4406,55.6708,synthetic_default
main,default,default,non_markovian,rate_limited,15,5000,0.13662546839508627,1.266955319593787,65.47372252000017,0.5189071473125112,0.7763420781590665,0.5566558406641724,3059.602327531044,0.7484861111111772,0.0,0.0,0.0,3.9785440000001304,0.12108585675911754,0.0,0.0,9.2986,55.2952,synthetic_default
main,default,default,non_markovian,fifo_explanation,15,5000,0.13673466878352109,1.2405128907955685,63.83962099999994,0.8304382910048416,0.6635656245313196,0.8754342563492096,695.4492087111065,1.8467194444443538,0.0,0.0,0.0,7.8214,0.13538581346371914,0.0,0.4602,9.4184,55.3022,synthetic_default
main,default,default,non_markovian,static_coarse_full,15,5000,0.1370720141815751,1.2348099185538204,63.766388079999956,0.42576997470615074,0.8131939624766311,0.322205454120367,2643.2584062799874,0.724688888888945,0.0,0.0,0.0,3.5269760000000563,0.13469481275135853,0.0074,0.0,9.4094,55.283,synthetic_default
main,default,default,non_markovian,static_offload,15,5000,0.13784239061646014,1.2478960517597644,64.74178564000012,0.39854673252279205,0.6970316140268136,0.479177431610939,2374.1424885489546,0.8498611111111277,0.29291202296521446,0.0,0.0,1.2395439999999465,0.13569024537583152,0.0,0.0,9.4752,55.6208,synthetic_default
main,default,default,non_markovian,budget_only_bexgov,15,5000,0.1367509132727518,1.2232655281161124,63.215345179999936,0.39440369528872127,0.7556124587315399,0.3047102070562163,3225.8971683119503,0.5937566666667091,0.0,0.08933853474514511,0.0,3.1370960000001498,0.1319074705553409,0.0006,0.0,9.3308,54.9562,synthetic_default
main,default,default,non_markovian,xai_gate,15,5000,0.1385674867560212,1.2466879925003445,64.4988802600001,0.6352795270531378,0.771112765746791,0.6937463051021547,127.9425791382246,0.8115749999999465,0.21372574219252025,0.05273529537762927,0.5624598380670864,3.6032199999997188,0.12624478925428662,0.0006,0.0,9.3372,55.2704,synthetic_default
main,default,default,transient_overload,never_explain,15,5000,0.2448390099172316,1.0254230769230914,53.322,0.0,0.0,0.0,13112.971225999807,0.0,0.0,0.0,0.0,0.0,0.19836483953294004,0.0,0.0,10.0814,56.0842,synthetic_default
main,default,default,transient_overload,always_explain,15,5000,0.25121871390749656,1.0532025229290614,53.325414999999964,1.0,1.0,0.8499999999999199,0.0,2.3972361111108853,0.0,0.0,0.0,10.153,0.20269846064547714,0.2024,0.527,10.153,56.279,synthetic_default
main,default,default,transient_overload,threshold_explain,15,5000,0.2458967074284407,1.0335099816569084,53.131639119999996,0.43996701702796753,0.8202923514964252,0.33396053964911454,3995.8249096666486,0.8071222222222727,0.0,0.0,0.0,3.9118880000000082,0.19690743224603557,0.0036,0.0,10.0658,56.0656,synthetic_default
main,default,default,transient_overload,rate_limited,15,5000,0.24600577276753685,1.0362862589872464,53.39904972000004,0.46259144598033575,0.7652804952912637,0.6685553999960208,7942.375291746845,0.8022027777778313,0.0,0.0,0.0,4.029832000000075,0.20267176070358306,0.0,0.0,10.1426,56.2226,synthetic_default
main,default,default,transient_overload,fifo_explanation,15,5000,0.24825166163142687,1.0389945252126083,53.34549199999998,0.7161439457754618,0.47887479499820107,0.8925784081336005,8483.317777355553,1.7263027777776907,0.0,0.0,0.0,7.3114,0.20957289260115175,0.0,0.4468,10.2094,56.27,synthetic_default
main,default,default,transient_overload,static_coarse_full,15,5000,0.24844763217639354,1.0370984457861097,53.31137044000002,0.43949183267325953,0.8202641200362109,0.333578648696581,4059.3723274177314,0.8128833333333815,0.0,0.0,0.0,3.94015199999999,0.20208483590977555,0.0038,0.0,10.1502,56.2922,synthetic_default
main,default,default,transient_overload,static_offload,15,5000,0.24585732382876077,1.0271350021686754,53.211831440000005,0.410800901872409,0.7038093967438591,0.49870130379376293,3824.9791009266464,0.95543333333334,0.30736202333104595,0.0,0.0,1.3533119999999326,0.21134611296951422,0.0,0.0,10.201,56.1414,synthetic_default
main,default,default,transient_overload,budget_only_bexgov,15,5000,0.24685452431905858,1.035848104198974,53.31244659999995,0.4124498917109843,0.7657503712406724,0.31983953534161597,4567.59955045673,0.6819922222222746,0.0,0.09429021460917504,0.0,3.5850760000000337,0.20368856247023026,0.0002,0.0,10.158,56.2604,synthetic_default
main,default,default,transient_overload,xai_gate,15,5000,0.24879596901377368,1.0371028174680235,53.299400899999924,0.6803053089507128,0.7495719637557439,0.7735180409835176,2392.645346218501,0.9928111111113925,0.24513296982342866,0.15340249207692763,0.5770752544241255,4.184899999999238,0.2056765361689874,0.01,0.0,10.1602,56.1798,synthetic_default
main,default,default,adversarial_explanation_flood,never_explain,15,5000,0.0,0.014357692307692332,0.7466,0.0,0.0,0.0,19998.837161999105,0.0,0.0,0.0,0.0,0.0,0.8001416802926267,0.0,0.0,12.1212,44.8898,synthetic_default
main,default,default,adversarial_explanation_flood,always_explain,15,5000,0.0,0.02141603509938524,1.0962630000000007,1.0,1.0,0.8499999999999777,0.0,2.873094444444369,0.0,0.0,0.0,12.1684,0.7963628096623647,0.0434,0.655,12.1684,45.1594,synthetic_default
main,default,default,adversarial_explanation_flood,threshold_explain,15,5000,0.0,0.01615784133247992,0.8329818799999988,0.5798040891460113,0.8843844858727781,0.4548369600946639,3597.466675311146,1.3920499999999885,0.0,0.0,0.0,6.462288000000111,0.8056179992017096,0.0,0.2802,12.1688,44.9294,synthetic_default
main,default,default,adversarial_explanation_flood,rate_limited,15,5000,0.0,0.016764172732804433,0.8645627199999996,0.6187314410842581,0.8772623810997461,0.645709261624711,4861.193042548973,1.3988194444444304,0.0,0.0,0.0,6.674320000000121,0.7870726942312434,0.0,0.2886,12.0562,44.9756,synthetic_default
main,default,default,adversarial_explanation_flood,fifo_explanation,15,5000,0.0,0.018465570893584197,0.9483769999999934,0.8828242446268977,0.7725719605901024,0.867576363305942,1961.3572389333272,2.5235555555554994,0.0,0.0,0.0,10.688,0.8019393777023662,0.0,0.6046,12.1066,44.791,synthetic_default
main,default,default,adversarial_explanation_flood,static_coarse_full,15,5000,0.0,0.017307500274727057,0.8923456400000005,0.5823002258814288,0.8856513307062532,0.4571987429207428,3652.336607293371,1.4067083333333292,0.0,0.0,0.0,6.523104000000127,0.8083681500589812,0.0,0.289,12.2188,45.0454,synthetic_default
main,default,default,adversarial_explanation_flood,static_offload,15,5000,0.0,0.014485463665833379,0.7514116000000008,0.5326944840820786,0.7514471868865308,0.6909303088455439,3081.042748740114,1.6172277777777788,0.4488510554544113,0.0,0.0,1.852407999999842,0.803907297112576,0.0,0.3832,12.1938,45.0644,synthetic_default
main,default,default,adversarial_explanation_flood,budget_only_bexgov,15,5000,0.0,0.018535445931325417,0.9570983400000005,0.510312008132245,0.7732483746134151,0.42449173662119805,5328.48443515849,0.9199116666667069,0.0,0.1392477701993704,0.14687172088142708,5.372195999999872,0.7997872431462674,0.0,0.0,12.1984,45.1846,synthetic_default
main,default,default,adversarial_explanation_flood,xai_gate,15,5000,0.0,0.018867114946406683,0.9723482400000019,0.6870230860691887,0.8009866408881788,0.6606595547922615,1468.9151706728808,0.992800555555782,0.04904551159257547,0.12834401215403923,0.6371953233370764,6.782711999999253,0.7946905539872726,0.0002,0.0,12.1112,44.989,synthetic_default
main,default,default,rtt_uncertainty,never_explain,15,5000,0.0,0.015192307692307687,0.79,0.0,0.0,0.0,6857.292538800211,0.0,0.0,0.0,0.0,0.0,0.07073664906754118,0.0,0.0,7.24,45.078,synthetic_default
main,default,default,rtt_uncertainty,always_explain,15,5000,0.0,0.01798723168761126,0.9262460000000016,1.0,1.0,0.8499999999999582,0.0,1.746466666666581,0.0,0.0,0.0,7.3968,0.09396491290342834,0.0002,0.429,7.3968,45.0764,synthetic_default
main,default,default,rtt_uncertainty,threshold_explain,15,5000,0.0,0.015395167190308368,0.7977289199999985,0.4138102933523281,0.8051308294922199,0.3118751540716202,176.99463559555662,0.5410361111111532,0.0,0.0,0.0,2.6481040000000604,0.08294660906217222,0.0,0.0,7.3018,44.9502,synthetic_default
main,default,default,rtt_uncertainty,rate_limited,15,5000,0.0,0.016231059900465496,0.8401852799999989,0.6026002849627466,0.8250780792810033,0.416473038141195,0.3892406422222228,0.6246722222222764,0.0,0.0,0.0,3.501920000000148,0.08248875126427935,0.0,0.0,7.2992,44.9532,synthetic_default
main,default,default,rtt_uncertainty,fifo_explanation,15,5000,0.0,0.018687772252627532,0.9627439999999973,0.9909676363040987,0.9767562924115735,0.8513548545543491,0.0902120888888888,1.7148749999999275,0.0,0.0,0.0,7.263,0.08625639338333868,0.0,0.4172,7.3292,44.9814,synthetic_default
main,default,default,rtt_uncertainty,static_coarse_full,15,5000,0.0,0.01740672857230604,0.9017921199999986,0.41383010717410695,0.8065032379381336,0.3121787510936344,200.74307102222272,0.5433055555555963,0.0,0.0,0.0,2.6558000000000743,0.08270356194552364,0.0,0.0,7.3152,45.0428,synthetic_default
main,default,default,rtt_uncertainty,static_offload,15,5000,0.0,0.015328415406818442,0.7961066000000003,0.38571959990077687,0.6893339388856312,0.5509186945807785,22.461520966666452,0.6204166666666763,0.2775068198726957,0.0,0.0,0.9363119999999792,0.077784558911969,0.0,0.0,7.2582,44.8958,synthetic_default
main,default,default,rtt_uncertainty,budget_only_bexgov,15,5000,0.0,0.01776511654298968,0.9207690600000012,0.3926688260431633,0.7560722585961849,0.3015419581371418,662.2700720355629,0.46355388888891685,0.0,0.08255532268161898,0.0,2.4522920000001074,0.0857015362474296,0.0,0.0,7.3478,45.1186,synthetic_default
main,default,default,rtt_uncertainty,xai_gate,15,5000,0.0,0.01590685792120226,0.8231375800000005,0.6424852360865884,0.8514797013635143,0.553350696389871,0.4473726182222229,0.5785194444444365,0.02310518437882705,0.05236086542386719,0.4004082188052796,3.8128359999997716,0.08747443717389669,0.0,0.0,7.349,45.0524,synthetic_default
main,default,default,detection_matrix_perturbation,never_explain,15,5000,0.0,0.014738461538461553,0.7664,0.0,0.0,0.0,6327.1225874916145,0.0,0.0,0.0,0.0,0.0,0.05904010986409136,0.0,0.0,7.1564,45.0496,synthetic_default
main,default,default,detection_matrix_perturbation,always_explain,15,5000,0.0,0.01740842035661074,0.8967169999999999,1.0,1.0,0.8499999999999631,0.0,1.6948527777777043,0.0,0.0,0.0,7.1782,0.06499903562262066,0.0,0.4092,7.1782,44.934,synthetic_default
main,default,default,detection_matrix_perturbation,threshold_explain,15,5000,0.0,0.015939979733418742,0.8262260799999994,0.3877185954637142,0.788194969646044,0.2896427880763771,293.90705337797186,0.49158055555558755,0.0,0.0,0.0,2.4360800000000524,0.06717730320813575,0.0,0.0,7.2394,45.2246,synthetic_default
main,default,default,detection_matrix_perturbation,rate_limited,15,5000,0.0,0.01437408208058525,0.744255359999999,0.5907167591002646,0.8162353253636385,0.40350919174575434,0.3499410928291158,0.576005555555603,0.0,0.0,0.0,3.2978480000001307,0.05429683615970182,0.0,0.0,7.1042,44.9222,synthetic_default
main,default,default,detection_matrix_perturbation,fifo_explanation,15,5000,0.0,0.017193026545281903,0.8856969999999996,0.9916699061476093,0.9771135333258418,0.8512495140778169,0.08654576127804625,1.6864944444443635,0.0,0.0,0.0,7.1428,0.06391809833576345,0.0,0.41,7.2028,45.1338,synthetic_default
main,default,default,detection_matrix_perturbation,static_coarse_full,15,5000,0.0,0.014775457186512273,0.7658257999999996,0.39099577161099125,0.7925746144390634,0.2932653804150153,217.91682061128034,0.49404722222225284,0.0,0.0,0.0,2.4344480000000623,0.05801436026883788,0.0,0.0,7.1422,45.0038,synthetic_default
main,default,default,detection_matrix_perturbation,static_offload,15,5000,0.0,0.01454269365479546,0.7553587999999997,0.3598080484929909,0.6789530509004927,0.4236347308749744,45.546764150091185,0.5609555555555658,0.2542515575012628,0.0,0.0,0.8707519999999904,0.05681797960745216,0.0,0.0,7.1268,44.9576,synthetic_default
main,default,default,detection_matrix_perturbation,budget_only_bexgov,15,5000,0.0,0.014204535580984131,0.736395899999998,0.36591870326971904,0.7391698095645199,0.27806606405535866,618.6484303850162,0.4116905555555762,0.0,0.07398727820555742,0.0,2.2070720000000827,0.06499329253889652,0.0,0.0,7.1688,44.8754,synthetic_default
main,default,default,detection_matrix_perturbation,xai_gate,15,5000,0.0,0.015642059836548206,0.8101868800000005,0.6337681361219104,0.7599996707409414,0.657823665376299,0.4864090742100485,0.5090377777777184,0.15060291291876687,0.0,0.7023587401487092,3.0211959999996574,0.0658462597875955,0.0,0.0,7.1818,44.9208,synthetic_default
main,default,default,poisson,never_explain,16,5000,0.0,0.014153846153846149,0.736,0.0,0.0,0.0,5487.522867600291,0.0,0.0,0.0,0.0,0.0,0.0,0.0,0.0,6.7618,45.1138,synthetic_default
main,default,default,poisson,always_explain,16,5000,0.0,0.015307842063428907,0.7889070000000007,1.0,1.0,0.8499999999999602,0.0,1.580999999999926,0.0,0.0,0.0,6.696,0.0,0.0,0.3666,6.696,44.9284,synthetic_default
main,default,default,poisson,threshold_explain,16,5000,0.0,0.014774092876153515,0.7660019599999991,0.3849728741420156,0.786642492321317,0.28761951862843804,5.760684119999993,0.44999444444446857,0.0,0.0,0.0,2.2296880000000594,0.0,0.0,0.0,6.6726,44.9134,synthetic_default
main,default,default,poisson,rate_limited,16,5000,0.0,0.01694587880864094,0.8776247599999996,0.5889629388816755,0.8116474796414334,0.40159593332548044,0.2650193133333343,0.544186111111155,0.0,0.0,0.0,3.1258720000001396,0.0020671559133100814,0.0,0.0,6.7672,45.0216,synthetic_default
main,default,default,poisson,fifo_explanation,16,5000,0.0,0.01869533419697471,0.9635829999999982,0.9945174792194776,0.9846204396468548,0.8508223781170391,0.0442678444444444,1.5932777777777045,0.0,0.0,0.0,6.748,0.004331003531707678,0.0,0.3732,6.7852,45.0396,synthetic_default
main,default,default,poisson,static_coarse_full,16,5000,0.0,0.014736133694184488,0.7640349199999987,0.38643828280725023,0.7844264209664419,0.2880165412191888,6.15441990666669,0.45231388888891233,0.0,0.0,0.0,2.2489280000000615,0.0,0.0,0.0,6.7226,45.0148,synthetic_default
main,default,default,poisson,static_offload,16,5000,0.0,0.014605274523668402,0.7586335999999997,0.36033704883224954,0.6744091164794211,0.41997965322006886,5.0917628955555525,0.527305555555565,0.2497640953054966,0.0,0.0,0.8430799999999974,0.005349591109805152,0.0,0.0,6.7824,44.9754,synthetic_default
main,default,default,poisson,budget_only_bexgov,16,5000,0.0,0.014748273334401938,0.7648823599999997,0.3629730692716488,0.738623365307367,0.27523530983699546,106.97981868533087,0.3854522222222412,0.0,0.06861842691291309,0.0,2.0587960000000627,0.00021234354512822406,0.0,0.0,6.7358,44.8958,synthetic_default
main,default,default,poisson,xai_gate,16,5000,0.0,0.015070394384275914,0.781159040000001,0.6644312768335425,0.7767497097745838,0.7489078397928893,0.22306265955555576,0.6528138888888297,0.26177733341175086,0.0,0.6175380815150268,2.5922719999997477,0.007840504779727864,0.0,0.0,6.8012,44.9886,synthetic_default
main,default,default,bursty,never_explain,16,5000,0.159182258089939,1.233042307692322,64.1182,0.0,0.0,0.0,10051.826948200003,0.0,0.0,0.0,0.0,0.0,0.14175979488149726,0.0,0.0,8.6924,50.7544,synthetic_default
main,default,default,bursty,always_explain,16,5000,0.16466059775438371,1.2591176008910352,64.34407900000006,1.0,1.0,0.8499999999999353,0.0,2.0598333333331764,0.0,0.0,0.0,8.724,0.14525612700213442,0.1436,0.5158,8.724,50.7834,synthetic_default
main,default,default,bursty,threshold_explain,16,5000,0.16369727980600385,1.240922448787495,64.07136176,0.42622917235728675,0.8112691121381193,0.3219464171902213,1881.6596236666776,0.6742805555556111,0.0,0.0,0.0,3.2901680000000435,0.15295284734633574,0.0,0.0,8.7864,50.8052,synthetic_default
main,default,default,bursty,rate_limited,16,5000,0.16230259864343027,1.2397897352928953,64.04574052000007,0.502538743178222,0.7969286120561091,0.6012618877656614,2740.9571236310603,0.707652777777837,0.0,0.0,0.0,3.665200000000123,0.14302935548483675,0.0,0.0,8.6854,50.6572,synthetic_default
main,default,default,bursty,fifo_explanation,16,5000,0.1618165076966681,1.2472007798197047,64.17398300000016,0.7819025522041764,0.5676157647543458,0.8827146171693113,1405.3263016222236,1.6073027777777116,0.0,0.0,0.0,6.8074,0.14193450226125548,0.0,0.3812,8.7062,50.8272,synthetic_default
main,default,default,bursty,static_coarse_full,16,5000,0.16189066956275378,1.247833323822129,64.42890747999998,0.42678785503504996,0.8127524083901715,0.3228052379196045,1695.71100640001,0.6688638888889405,0.0,0.0,0.0,3.257648000000052,0.1378684378967654,0.0004,0.0,8.6752,50.8272,synthetic_default
main,default,default,bursty,static_offload,16,5000,0.1606802899785435,1.2350267254273983,64.07068919999996,0.39974970722633585,0.6976469144159333,0.4812395232955913,1406.3778650378345,0.784922222222242,0.2944958552435188,0.0,0.0,1.14041599999996,0.14511022760739078,0.0,0.0,8.7098,50.7072,synthetic_default
main,default,default,bursty,budget_only_bexgov,16,5000,0.1644490897872239,1.2493938970454601,64.54651592000013,0.40108295770159064,0.759966675882012,0.309131266220476,2439.995080069314,0.5683550000000436,0.0,0.08755634476164459,0.0,3.001512000000122,0.150892527294596,0.0,0.0,8.7852,50.8892,synthetic_default
main,default,default,bursty,xai_gate,16,5000,0.1620901828043154,1.2306442318358266,63.68965991999987,0.630705580944528,0.7732733960804385,0.7250851682592222,94.56468757066844,0.8742172222221842,0.27669297881179894,0.09204634630475926,0.4410284817430642,2.992303999999971,0.14016839628786348,0.0,0.0,8.6652,50.6662,synthetic_default
main,default,default,self_similar,never_explain,16,5000,0.3476762344495329,4.606169230768831,239.5208,0.0,0.0,0.0,24932.98473259799,0.0,0.0,0.0,0.0,0.0,0.3027759186984955,0.0,0.0,15.592,79.7886,synthetic_default
main,default,default,self_similar,always_explain,16,5000,0.35479599141016543,4.687554401100512,239.759692,1.0,1.0,0.8499999999999763,0.0,3.6515999999998985,0.0,0.0,0.0,15.4656,0.29936382792099914,0.2374,0.7288,15.4656,79.3496,synthetic_default
main,default,default,self_similar,threshold_explain,16,5000,0.34718343499424575,4.63093294620644,239.28497672,0.4390736172422745,0.8187771697075502,0.3329894832511006,9385.853266413293,1.2299833333333374,0.0,0.0,0.0,5.968536000000102,0.2963449199841137,0.0,0.1882,15.404,79.2176,synthetic_default
main,default,default,self_similar,rate_limited,16,5000,0.3583452414635294,4.6409165460461415,239.74368272000012,0.45120184057657703,0.8029878583248555,0.7035502281653729,14980.529159544698,1.262361111111098,0.0,0.0,0.0,6.202720000000158,0.30168752285411204,0.0,0.2048,15.7342,80.5836,synthetic_default
main,default,default,self_similar,fifo_explanation,16,5000,0.3681047176792171,4.659536391554648,239.324981,0.7263321586676532,0.4356313537869805,0.8910501761998321,12637.216348022152,2.734969444444356,0.0,0.0,0.0,11.5834,0.30680360907825577,0.0,0.634,15.9478,81.3578,synthetic_default
main,default,default,self_similar,static_coarse_full,16,5000,0.3496274338086087,4.6285615233704895,239.15683252,0.4369165196564456,0.8185165665641528,0.3313691909501738,9911.678551199911,1.234238888888878,0.0,0.0,0.0,5.9888000000001,0.30213926832110416,0.0002,0.1912,15.5318,79.5194,synthetic_default
main,default,default,self_similar,static_offload,16,5000,0.3590471478928889,4.612873845748615,239.33211696,0.40566505244141754,0.6995790137960123,0.4888682440909756,9706.150612724348,1.459950000000003,0.29943042103678424,0.0,0.0,2.114519999999784,0.3117290045683734,0.0,0.2992,15.9416,81.0208,synthetic_default
main,default,default,self_similar,budget_only_bexgov,16,5000,0.3505546281213705,4.623393193109092,239.07213346000003,0.40134464584138435,0.7403050934480255,0.31873891245661756,10923.538816173781,0.9102483333333381,0.0,0.07881475768093585,0.0870420362514462,5.274303999999937,0.30163168290987286,0.0,0.0,15.558,79.6846,synthetic_default
main,default,default,self_similar,xai_gate,16,5000,0.35802791292499975,4.627668834620721,239.62342006,0.42747205156587176,0.4693496796173257,0.519486667841409,7386.0172418975,1.0,0.16338503373955082,0.09526387350186323,0.33218979756220746,3.970609999996057,0.3118143721227873,0.0002,0.0,15.8864,80.735,synthetic_default
main,default,default,markov_modulated,never_explain,16,5000,0.1806108658437697,1.9371384615384863,100.7312,0.0,0.0,0.0,15736.698680199604,0.0,0.0,0.0,0.0,0.0,0.31219028741328225,0.0,0.0,10.923,55.495,synthetic_default
main,default,default,markov_modulated,always_explain,16,5000,0.17957216419277902,1.9424314475589475,99.2132429999999,1.0,1.0,0.8499999999999391,0.0,2.523319444444264,0.0,0.0,0.0,10.687,0.3056013682731662,0.2536,0.5952,10.687,54.57,synthetic_default
main,default,default,markov_modulated,threshold_explain,16,5000,0.16210735195999795,1.7884911750505492,92.22876607999994,0.48398591658284795,0.8442704875180124,0.3718215584616633,2859.9792802844413,0.9391555555556168,0.0,0.0,0.0,4.478816000000067,0.2917219544253977,0.0048,0.0,10.3384,53.3572,synthetic_default
main,default,default,markov_modulated,rate_limited,16,5000,0.16463586347542425,1.7750680770551652,91.63725703999998,0.49414555423773376,0.7870525368744782,0.6767698469794218,6565.930535906824,0.9055083333334069,0.0,0.0,0.0,4.444632000000105,0.2901178592436815,0.001,0.0,10.2862,53.1538,synthetic_default
main,default,default,markov_modulated,fifo_explanation,16,5000,0.1620845507092132,1.86175620122105,95.8281049999998,0.6934980988593156,0.41950926679591805,0.895975285171029,6832.589120177804,1.7225722222221431,0.0,0.0,0.0,7.2956,0.3051510042343004,0.0,0.4208,10.52,53.7358,synthetic_default
main,default,default,markov_modulated,static_coarse_full,16,5000,0.15521751018996188,1.792810596601378,92.45759787999977,0.48228235747304576,0.8441485307313831,0.3705421802773551,2871.6421615555746,0.9401583333333793,0.0,0.0,0.0,4.483128000000048,0.301507562881967,0.006,0.0,10.384,53.1896,synthetic_default
main,default,default,markov_modulated,static_offload,16,5000,0.1674947635153991,1.8011478717454812,93.41938195999994,0.4459211890770943,0.719078674207872,0.5520516956638742,2605.4259677311425,1.0870333333333428,0.3458155701501709,0.0,0.0,1.4490719999999475,0.2917629460946829,0.0,0.0888,10.4148,53.7498,synthetic_default
main,default,default,markov_modulated,budget_only_bexgov,16,5000,0.17314984718295534,1.8414090253630093,95.03765829999983,0.4473464559477715,0.7799972131798718,0.3526270464654199,4215.70286226039,0.7783333333333969,0.0,0.1222674363584745,0.0,4.077608000000077,0.30174744842963963,0.0,0.0,10.567,54.117,synthetic_default
main,default,default,markov_modulated,xai_gate,16,5000,0.19074417433730023,2.039619780697922,105.31806279999984,0.6482393453681349,0.7401812950671763,0.7215469407316971,1306.8920120360237,0.9971966666668921,0.2175834708983439,0.1309796403784369,0.5643005484850099,4.478583999999526,0.3317117449331284,0.0032,0.0,11.2674,56.4056,synthetic_default
main,default,default,non_markovian,never_explain,16,5000,0.1382338028066259,1.1871192307692424,61.7302,0.0,0.0,0.0,11328.140408599875,0.0,0.0,0.0,0.0,0.0,0.12746546434811967,0.0,0.0,9.2724,54.8274,synthetic_default
main,default,default,non_markovian,always_explain,16,5000,0.13791998644146874,1.2943455314866925,66.21875100000003,1.0,1.0,0.8499999999999427,0.0,2.191205555555408,0.0,0.0,0.0,9.2804,0.1274963613081308,0.0942,0.5394,9.2804,54.8732,synthetic_default
main,default,default,non_markovian,threshold_explain,16,5000,0.13743037332261843,1.2430164396832097,64.18505963999989,0.4280295440496298,0.8151609845867707,0.324264063266065,2526.3809779911116,0.7283972222222764,0.0,0.0,0.0,3.539792000000076,0.13214286145228615,0.0088,0.0,9.3826,55.2498,synthetic_default
main,default,default,non_markovian,rate_limited,16,5000,0.13640480782181028,1.200295871299739,62.01978184000004,0.5156145078163539,0.7744057803159452,0.5581061140694038,3246.324792353293,0.7465583333333964,0.0,0.0,0.0,3.9729120000001363,0.1347595179073846,0.0,0.0,9.3522,54.9438,synthetic_default
main,default,default,non_markovian,fifo_explanation,16,5000,0.135014952217913,1.3349199798071396,68.70547399999998,0.8263188207939589,0.6556489377157814,0.8760521768808378,949.1502280888839,1.8292472222221448,0.0,0.0,0.0,7.7474,0.1287359476840919,0.0,0.456,9.3758,55.3764,synthetic_default
main,default,default,non_markovian,static_coarse_full,16,5000,0.1400485547006051,1.3718053322964934,70.85796616000002,0.4274262944829553,0.8128588213970875,0.32317564273756044,2681.971240742232,0.7279972222222748,0.0,0.0,0.0,3.5473520000000573,0.1346673448553275,0.01,0.0,9.4362,55.4418,synthetic_default
main,default,default,non_markovian,static_offload,16,5000,0.13627827934808032,1.2273008860813033,63.673852240000095,0.3957540074777532,0.6940377329764246,0.47298293867376706,2207.9785934045008,0.8223111111111254,0.28763591043878123,0.0,0.0,1.2210879999999493,0.13476318664170206,0.0,0.0,9.3076,54.6816,synthetic_default
main,default,default,non_markovian,budget_only_bexgov,16,5000,0.13629337735035568,1.2441889598134366,64.30295052000017,0.39685475534114345,0.7564611281134586,0.30670765851138637,3059.992341062178,0.5957094444444888,0.0,0.08944262577532736,0.0,3.1437000000001256,0.1310450327996242,0.0006,0.0,9.2864,54.7364,synthetic_default
main,default,default,non_markovian,xai_gate,16,5000,0.1345355279417071,1.1929367599267908,61.73126509999988,0.6302324124673923,0.7702693869704019,0.6837978702723486,111.96820746133497,0.7927238888888373,0.2078536406246625,0.040456185065987,0.5630386418126444,3.565551999999688,0.12505574003939013,0.0004,0.0,9.2594,54.8678,synthetic_default
main,default,default,transient_overload,never_explain,16,5000,0.2450659593028431,1.0259653846154004,53.3502,0.0,0.0,0.0,13153.827984199788,0.0,0.0,0.0,0.0,0.0,0.2040376706841598,0.0,0.0,10.1448,56.171,synthetic_default
main,default,default,transient_overload,always_explain,16,5000,0.24886395539474276,1.0535726614644192,53.340019000000005,1.0,1.0,0.8499999999999164,0.0,2.397377777777542,0.0,0.0,0.0,10.1536,0.20890438277844914,0.1994,0.5268,10.1536,55.9934,synthetic_default
main,default,default,transient_overload,threshold_explain,16,5000,0.24664466790193826,1.035420600288017,53.234283960000006,0.43815544370022286,0.8195682789103528,0.3324263802465292,4022.1060965021825,0.8049722222222732,0.0,0.0,0.0,3.9040159999999937,0.19873622196883578,0.0032,0.0,10.0924,56.128,synthetic_default
main,default,default,transient_overload,rate_limited,16,5000,0.247929230747366,1.0329779556088061,53.226979160000035,0.4627383170161474,0.7661726750332302,0.668548099409374,7858.89878730022,0.798536111111167,0.0,0.0,0.0,4.0110880000000915,0.19533596763036543,0.0,0.0,10.0916,56.2832,synthetic_default
main,default,default,transient_overload,fifo_explanation,16,5000,0.24816472114138186,1.0393290986200376,53.36271999999998,0.7153783660609904,0.47759261323284674,0.8926932450907749,8389.939291355533,1.7048638888888068,0.0,0.0,0.0,7.2206,0.20214049467675532,0.0,0.4422,10.0934,55.9746,synthetic_default
main,default,default,transient_overload,static_coarse_full,16,5000,0.24580368281046103,1.0353534946632503,53.222828720000074,0.437258045479593,0.8198363233007514,0.33194488157998714,4036.7847539332793,0.8104777777778268,0.0,0.0,0.0,3.92749599999999,0.20849052791228972,0.0016,0.0,10.1672,56.0876,synthetic_default
main,default,default,transient_overload,static_offload,16,5000,0.24467187687088393,1.0277552605660478,53.245959879999994,0.4121585859583697,0.7037058395676417,0.5000416707810978,3743.9154344355643,0.950850000000002,0.3080280438431915,0.0,0.0,1.349351999999932,0.20294875084338204,0.0,0.0,10.127,56.1232,synthetic_default
main,default,default,transient_overload,budget_only_bexgov,16,5000,0.24683814647023147,1.0348200044840876,53.25695222,0.41285986410590675,0.7641850179628171,0.3203968815050613,4636.637387732301,0.6827277777778301,0.0,0.09681473626330467,0.0,3.595824000000024,0.21100131987300652,0.0002,0.0,10.1844,56.066,synthetic_default
main,default,default,transient_overload,xai_gate,16,5000,0.2469584437556874,1.037488762560514,53.32329355999996,0.6796424554550287,0.7480571932115341,0.7732173089446057,2373.297893450487,0.9914283333336201,0.24667021843367076,0.15298249768148542,0.5736695672763866,4.155295999999258,0.20087863967243225,0.0114,0.0,10.1358,56.2688,synthetic_default
main,default,default,adversarial_explanation_flood,never_explain,16,5000,0.0,0.014699999999999994,0.7644,0.0,0.0,0.0,19885.28658319904,0.0,0.0,0.0,0.0,0.0,0.7916247965780645,0.0,0.0,12.0882,44.9804,synthetic_default
main,default,default,adversarial_explanation_flood,always_explain,16,5000,0.0,0.01819750528220338,0.931388000000001,1.0,1.0,0.8499999999999918,0.0,2.8536861111110836,0.0,0.0,0.0,12.0862,0.7947358651668723,0.0366,0.6466,12.0862,44.895,synthetic_default
main,default,default,adversarial_explanation_flood,threshold_explain,16,5000,0.0,0.01784538774312403,0.9201205199999994,0.575210748155951,0.8838790373140127,0.4513188224446733,3728.0705918889253,1.379183333333321,0.0,0.0,0.0,6.401040000000111,0.7999451742200283,0.0,0.2788,12.1472,44.991,synthetic_default
main,default,default,adversarial_explanation_flood,rate_limited,16,5000,0.0,0.018399222937901177,0.9490131999999989,0.6168376758127772,0.8775601796472535,0.6511125201752266,4958.242648624517,1.4106777777777602,0.0,0.0,0.0,6.715192000000099,0.7960026384834058,0.0,0.2872,12.1436,45.0764,synthetic_default
main,default,default,adversarial_explanation_flood,fifo_explanation,16,5000,0.0,0.017725932349927625,0.9104239999999921,0.8785952463082508,0.7639458163128952,0.8682107130537373,2244.922687222214,2.5258222222221547,0.0,0.0,0.0,10.6976,0.8055475231888234,0.0,0.603,12.1758,44.957,synthetic_default
main,default,default,adversarial_explanation_flood,static_coarse_full,16,5000,0.0,0.016945851092840806,0.8738626400000007,0.5800600561180111,0.884971181616753,0.45529018919317693,3724.275810617803,1.3967527777777704,0.0,0.0,0.0,6.479608000000108,0.8036503328035667,0.0,0.2822,12.1886,45.0516,synthetic_default
main,default,default,adversarial_explanation_flood,static_offload,16,5000,0.0,0.015276240806860153,0.7924371600000009,0.5327674863207893,0.7517647235704621,0.6917324807173225,3044.2380497112213,1.6118444444444435,0.44971652712769467,0.0,0.0,1.8398559999998527,0.7975597436205077,0.0,0.381,12.1352,45.0062,synthetic_default
main,default,default,adversarial_explanation_flood,budget_only_bexgov,16,5000,0.0,0.015692944999554443,0.8101817400000001,0.510048319500397,0.7732835950642281,0.42350398553702295,5423.338514344247,0.9181255555555933,0.0,0.14234530364039774,0.14050456076916756,5.351055999999907,0.803656521191374,0.0,0.0,12.169,44.979,synthetic_default
main,default,default,adversarial_explanation_flood,xai_gate,16,5000,0.0,0.018506655678861086,0.9539260400000011,0.6868561796282695,0.7990183394057572,0.6590935126996673,1599.3772365711015,0.997223888889135,0.046314480230426815,0.13012241424456664,0.637732390678188,6.8648599999992035,0.808391155148918,0.0,0.0,12.2208,45.0522,synthetic_default
main,default,default,rtt_uncertainty,never_explain,16,5000,0.0,0.012673076923076926,0.659,0.0,0.0,0.0,6988.103273400223,0.0,0.0,0.0,0.0,0.0,0.08941616964581933,0.0,0.0,7.3264,44.8338,synthetic_default
main,default,default,rtt_uncertainty,always_explain,16,5000,0.0,0.016527441502750102,0.8511900000000009,1.0,1.0,0.8499999999999571,0.0,1.706611111111025,0.0,0.0,0.0,7.228,0.07355835282759582,0.0,0.4122,7.228,44.885,synthetic_default
main,default,default,rtt_uncertainty,threshold_explain,16,5000,0.0,0.01725233770147562,0.8939930799999982,0.4157845944103652,0.805634727824602,0.3134519427403063,232.08543105777972,0.5464750000000402,0.0,0.0,0.0,2.6736720000000687,0.08521970705725845,0.0,0.0,7.335,45.06,synthetic_default
main,default,default,rtt_uncertainty,rate_limited,16,5000,0.0,0.01519635967844076,0.786511359999998,0.6031673962100127,0.8259504980849257,0.4170917049563923,0.42584576000000063,0.6311305555556151,0.0,0.0,0.0,3.5347280000001433,0.08981709467046839,0.0,0.0,7.3562,44.9996,synthetic_default
main,default,default,rtt_uncertainty,fifo_explanation,16,5000,0.0,0.018867774101226753,0.9719999999999971,0.9917280670519598,0.9781873938026775,0.8512407899421657,0.08009679999999991,1.7097749999999212,0.0,0.0,0.0,7.2414,0.08044201380257299,0.0,0.4178,7.3018,45.0544,synthetic_default
main,default,default,rtt_uncertainty,static_coarse_full,16,5000,0.0,0.01565977865223593,0.8114402399999981,0.41809189012426834,0.8076838744872106,0.3154649008066486,198.00615592000034,0.5510111111111512,0.0,0.0,0.0,2.6926240000000634,0.08672861991151426,0.0,0.0,7.3392,45.0232,synthetic_default
main,default,default,rtt_uncertainty,static_offload,16,5000,0.0,0.014957586892114332,0.7768358399999986,0.3864594439432222,0.6899830585056488,0.5533465323125696,30.62908685111087,0.6280333333333439,0.2789578720030619,0.0,0.0,0.9428639999999777,0.08183645131380812,0.0,0.0,7.3158,45.0826,synthetic_default
main,default,default,rtt_uncertainty,budget_only_bexgov,16,5000,0.0,0.015454353819532326,0.8009937400000001,0.39699876796713807,0.7574366167104059,0.30530595482547584,575.5111156808945,0.46565333333336134,0.0,0.08580424366872005,0.0,2.46536800000012,0.08028251495093386,0.0,0.0,7.305,45.0808,synthetic_default
main,default,default,rtt_uncertainty,xai_gate,16,5000,0.0,0.015236364392086293,0.7884692600000002,0.6439088191330773,0.8550867946859431,0.5535187473984017,0.36126820755555605,0.5763155555555515,0.023058185240546973,0.05602613076454631,0.3887504844156563,3.7611279999997715,0.07007184463431315,0.0,0.0,7.2252,45.0138,synthetic_default
main,default,default,detection_matrix_perturbation,never_explain,16,5000,0.0,0.01361923076923078,0.7082,0.0,0.0,0.0,6449.980862428302,0.0,0.0,0.0,0.0,0.0,0.06616759057979005,0.0,0.0,7.195,44.9898,synthetic_default
main,default,default,detection_matrix_perturbation,always_explain,16,5000,0.0,0.018798406888672053,0.9680979999999978,1.0,1.0,0.8499999999999605,0.0,1.7164333333332535,0.0,0.0,0.0,7.2696,0.07439445599691319,0.0002,0.4186,7.2696,45.1082,synthetic_default
main,default,default,detection_matrix_perturbation,threshold_explain,16,5000,0.0,0.01464541294751999,0.7590269199999987,0.3892151413245905,0.7905397829195835,0.2915663822573203,358.3978342386928,0.4939666666666982,0.0,0.0,0.0,2.4383280000000593,0.0683496119991498,0.0,0.0,7.1962,44.9054,synthetic_default
main,default,default,detection_matrix_perturbation,rate_limited,16,5000,0.0,0.014918802111597972,0.772395999999999,0.5896895071943574,0.8155931573719966,0.4024233584831846,0.3739700221227967,0.5754000000000465,0.0,0.0,0.0,3.300576000000139,0.05942691757965779,0.0,0.0,7.1306,44.8708,synthetic_default
main,default,default,detection_matrix_perturbation,fifo_explanation,16,5000,0.0,0.016433759987567312,0.8468769999999999,0.9923344752063795,0.9792968107597128,0.8511498287190084,0.07173633397542684,1.6688805555554884,0.0,0.0,0.0,7.0682,0.05719366051895025,0.0,0.398,7.1228,44.9164,synthetic_default
main,default,default,detection_matrix_perturbation,static_coarse_full,16,5000,0.0,0.01663106221672779,0.8620840399999985,0.3891443805715264,0.7909482630517318,0.291378544252844,227.9645228238918,0.4936861111111421,0.0,0.0,0.0,2.4385360000000578,0.06517224854906911,0.0,0.0,7.2018,45.0744,synthetic_default
main,default,default,detection_matrix_perturbation,static_offload,16,5000,0.0,0.014112876816984962,0.7330151599999999,0.35887459178829423,0.6773117293677351,0.42134591230074697,52.11146324810957,0.5603777777777869,0.2522399307784632,0.0,0.0,0.877071999999992,0.06287760457226854,0.0,0.0,7.1654,44.9434,synthetic_default
main,default,default,detection_matrix_perturbation,budget_only_bexgov,16,5000,0.0,0.01605154923035987,0.83221616,0.368095752339807,0.7418073840376315,0.2802555795536452,741.5759719603449,0.4194177777777999,0.0,0.07456941906185967,0.0,2.2416680000001,0.06708033240997069,0.0,0.0,7.2228,45.125,synthetic_default
main,default,default,detection_matrix_perturbation,xai_gate,16,5000,0.0,0.01791838338245317,0.928269040000002,0.6327843615018754,0.7595146057639196,0.6559859895890311,0.48008249995742874,0.5090161111110524,0.14960128474914167,0.0,0.7015727101561635,3.034383999999656,0.06337842592551612,0.0,0.0,7.2232,45.2846,synthetic_default
main,default,default,poisson,never_explain,17,5000,0.0,0.014288461538461547,0.743,0.0,0.0,0.0,5457.379665400251,0.0,0.0,0.0,0.0,0.0,0.0,0.0,0.0,6.7318,45.0416,synthetic_default
main,default,default,poisson,always_explain,17,5000,0.0,0.01843753947538552,0.9501449999999985,1.0,1.0,0.8499999999999611,0.0,1.5884611111110385,0.0,0.0,0.0,6.7276,0.0,0.0004,0.3678,6.7276,45.0622,synthetic_default
main,default,default,poisson,threshold_explain,17,5000,0.0,0.015651097718107375,0.8114181599999993,0.38623938428875,0.7846061896114237,0.28803225996699117,8.729361364444443,0.4567611111111373,0.0,0.0,0.0,2.269192000000055,0.0034175136478642454,0.0,0.0,6.7824,45.062,synthetic_default
main,default,default,poisson,rate_limited,17,5000,0.0,0.016018379804604476,0.8296056799999988,0.5866781493140226,0.8086705153505032,0.3991402862743039,0.26042698000000053,0.5357805555555978,0.0,0.0,0.0,3.090824000000136,0.0,0.0,0.0,6.7348,45.1,synthetic_default
main,default,default,poisson,fifo_explanation,17,5000,0.0,0.017909092908914216,0.9231039999999991,0.9932059197116947,0.9813062555709867,0.8510191120432109,0.05707071111111111,1.5877527777777136,0.0,0.0,0.0,6.7246,0.0026775189114591758,0.0,0.3678,6.7706,45.0168,synthetic_default
main,default,default,poisson,static_coarse_full,17,5000,0.0,0.014685209747605583,0.7613498399999982,0.3853710680540625,0.7866938147889646,0.2880142925487552,5.329695995555553,0.45193888888891204,0.0,0.0,0.0,2.238248000000053,0.0,0.0,0.0,6.6888,45.1044,synthetic_default
main,default,default,poisson,static_offload,17,5000,0.0,0.015742423669695395,0.8176924799999986,0.3624845651790214,0.6772031472474287,0.4245495972246404,4.950228793333343,0.5355944444444556,0.2536014582230846,0.0,0.0,0.8442639999999934,0.0060203280346755594,0.0,0.0,6.8028,45.0806,synthetic_default
main,default,default,poisson,budget_only_bexgov,17,5000,0.0,0.016026675742489657,0.8311542200000005,0.36566730911785916,0.7397516705757863,0.27719644180875275,91.79999028799837,0.38947000000001675,0.0,0.06802075611564122,0.0,2.0777920000000654,0.0,0.0,0.0,6.745,45.103,synthetic_default
main,default,default,poisson,xai_gate,17,5000,0.0,0.015399404391474232,0.7981553000000001,0.6647517919554987,0.7759990094192579,0.7515428588352923,0.18711966488888895,0.6475083333332756,0.2636988330075232,0.0,0.6242224986671405,2.5677479999997335,0.0006357335609528114,0.0,0.0,6.7524,44.9874,synthetic_default
main,default,default,bursty,never_explain,17,5000,0.1610607612893057,1.2215461538461667,63.5204,0.0,0.0,0.0,10136.636612000026,0.0,0.0,0.0,0.0,0.0,0.15026138124884691,0.0,0.0,8.7574,50.756,synthetic_default
main,default,default,bursty,always_explain,17,5000,0.16583602513308118,1.2660020497798963,64.69188700000005,1.0,1.0,0.8499999999999388,0.0,2.0669638888887403,0.0,0.0,0.0,8.7542,0.14809029758649794,0.1488,0.5168,8.7542,50.8334,synthetic_default
main,default,default,bursty,threshold_explain,17,5000,0.16378621228173454,1.2424524857492814,64.14990919999995,0.42755561167099737,0.8119304677008011,0.3231043823603855,1758.5476466266803,0.6714722222222743,0.0,0.0,0.0,3.2742800000000596,0.13951997907265867,0.0,0.0,8.7122,50.97,synthetic_default
main,default,default,bursty,rate_limited,17,5000,0.16236757586250278,1.246941833683127,64.41645108000003,0.5005337220513465,0.7916665668225453,0.5977078646526647,2821.011377146609,0.7018666666667333,0.0,0.0,0.0,3.650760000000117,0.14271174347351634,0.0,0.0,8.7124,50.8288,synthetic_default
main,default,default,bursty,fifo_explanation,17,5000,0.1635740732742562,1.2609657365713207,64.88506300000016,0.7794784580498866,0.5653592819888351,0.8830782312924489,1563.5982317555572,1.6232638888888224,0.0,0.0,0.0,6.875,0.15435809444534088,0.0,0.3812,8.82,50.9374,synthetic_default
main,default,default,bursty,static_coarse_full,17,5000,0.16138245884407765,1.2388848358498772,63.963762520000024,0.42837924849377623,0.8142770896655441,0.32423768569196487,1694.5193957644567,0.6742388888889441,0.0,0.0,0.0,3.280640000000057,0.1455954140355633,0.0004,0.0,8.6972,50.6124,synthetic_default
main,default,default,bursty,static_offload,17,5000,0.16149911495337807,1.2365557003047059,64.14889003999996,0.4003911149627046,0.6980308725928666,0.4819501014846349,1535.7550321222916,0.7914611111111306,0.29489840133184336,0.0,0.0,1.1503599999999607,0.1544967819478391,0.0,0.0,8.7698,50.6414,synthetic_default
main,default,default,bursty,budget_only_bexgov,17,5000,0.16246198777779952,1.2351959167171809,63.81337104000002,0.40361141753999036,0.7594792752287439,0.3107131366060076,2326.7021634906487,0.564573888888931,0.0,0.08818257032542746,0.0,2.98773200000011,0.14000510895836338,0.0,0.0,8.7024,50.891,synthetic_default
main,default,default,bursty,xai_gate,17,5000,0.16309513045734786,1.2334727097336942,63.825162220000045,0.6349771232160089,0.776822187432732,0.7281821492795347,109.66077396222525,0.885973333333299,0.27165327445311965,0.10839725933850812,0.44212515080467096,3.1008599999999875,0.15152134708941079,0.0,0.0,8.7862,50.8672,synthetic_default
main,default,default,self_similar,never_explain,17,5000,0.3522008194884918,4.603565384614986,239.3854,0.0,0.0,0.0,25434.55978839777,0.0,0.0,0.0,0.0,0.0,0.3073148226516047,0.0,0.0,15.755,80.3428,synthetic_default
main,default,default,self_similar,always_explain,17,5000,0.3624445186299841,4.683969878440156,239.509006,1.0,1.0,0.849999999999973,0.0,3.7118083333332152,0.0,0.0,0.0,15.7206,0.3054938265453562,0.2634,0.736,15.7206,80.2792,synthetic_default
main,default,default,self_similar,threshold_explain,17,5000,0.3619587451626949,4.636675736077754,239.51308948000005,0.43903109452736333,0.820495842020368,0.33342972636815515,10536.976537555427,1.2883361111111078,0.0,0.0,0.0,6.239608000000103,0.32285578897488265,0.0,0.226,16.08,81.0368,synthetic_default
main,default,default,self_similar,rate_limited,17,5000,0.35144166351019374,4.633917905762757,239.398918,0.45355529239126274,0.803687053270297,0.6961441425206027,14183.10725630253,1.2426055555555544,0.0,0.0,0.0,6.1344080000001195,0.29916476650838075,0.0,0.1934,15.5374,79.7302,synthetic_default
main,default,default,self_similar,fifo_explanation,17,5000,0.35532964676675727,4.653896334972017,239.048618,0.7414790996784566,0.4641792914512482,0.8887781350482152,11516.907473822184,2.722361111111058,0.0,0.0,0.0,11.53,0.29991180662662287,0.0,0.6318,15.55,79.749,synthetic_default
main,default,default,self_similar,static_coarse_full,17,5000,0.3520789532500483,4.629516487276391,239.20014715999994,0.43549746186402555,0.8182349835963547,0.33033999514109613,9780.745827755476,1.2393472222222182,0.0,0.0,0.0,6.012416000000126,0.3063828294521169,0.0002,0.191,15.6414,79.8204,synthetic_default
main,default,default,self_similar,static_offload,17,5000,0.35316236985881894,4.599465969080711,238.64339207999998,0.4069990083149046,0.7009688087818409,0.49167467643099527,9451.531528711004,1.4501444444444438,0.30177740483637194,0.0,0.0,2.084847999999803,0.3063571430350993,0.0,0.3186,15.7308,80.2782,synthetic_default
main,default,default,self_similar,budget_only_bexgov,17,5000,0.3526104777701077,4.63066189269507,239.44272310000002,0.40231431978154747,0.7397731887763266,0.31971165557650105,11020.742934637774,0.9111627777777866,0.0,0.07931074272087388,0.08940087439260484,5.297683999999921,0.3008215504387899,0.0,0.0,15.5994,79.9464,synthetic_default
main,default,default,self_similar,xai_gate,17,5000,0.36185443756926244,4.619948563166894,239.23132435999997,0.42073880718012896,0.46558709849490765,0.5149241233484185,7902.03658296604,1.0,0.1626685628032883,0.09420805109589211,0.3282405848079793,3.935388999996156,0.31614333210195733,0.0002,0.0,16.0326,81.21,synthetic_default
main,default,default,markov_modulated,never_explain,17,5000,0.15566978583721805,1.680050000000019,87.3626,0.0,0.0,0.0,13570.912607599843,0.0,0.0,0.0,0.0,0.0,0.28996635145694327,0.0,0.0,10.186,52.6422,synthetic_default
main,default,default,markov_modulated,always_explain,17,5000,0.16940876984611436,1.8849474858981334,96.29841299999998,1.0,1.0,0.8499999999999356,0.0,2.490924999999811,0.0,0.0,0.0,10.5498,0.30115774400869944,0.2404,0.591,10.5498,54.0534,synthetic_default
main,default,default,markov_modulated,threshold_explain,17,5000,0.1529257811372356,1.765274981390039,91.04376391999983,0.48157503714711675,0.8423155172904616,0.3694758348322583,3448.7315552000127,0.9216527777778437,0.0,0.0,0.0,4.40312800000004,0.29519757916460976,0.0056,0.0,10.2296,52.654,synthetic_default
main,default,default,markov_modulated,rate_limited,17,5000,0.173050149732816,1.9195970073623947,99.09490347999993,0.48907084074734686,0.7850327362257469,0.6890319172597622,6636.529154493484,0.9512333333333762,0.0,0.0,0.0,4.638648000000085,0.3119585635862905,0.0014,0.0,10.7904,54.831,synthetic_default
main,default,default,markov_modulated,fifo_explanation,17,5000,0.20091300466809894,2.195486344510247,112.97166399999988,0.6698880011044576,0.3821489592633657,0.899516799834264,9159.496675222237,1.833072222222151,0.0,0.0,0.0,7.7636,0.34177572776867193,0.0,0.452,11.5894,57.5824,synthetic_default
main,default,default,markov_modulated,static_coarse_full,17,5000,0.17725690758584847,1.9779891933683247,101.9933674,0.48781723103928526,0.8472435943924721,0.37547996050610666,3566.774677413371,1.006158333333354,0.0,0.0,0.0,4.786296000000055,0.31684508073176,0.0064,0.0094,10.9384,55.3768,synthetic_default
main,default,default,markov_modulated,static_offload,17,5000,0.17097961835426684,1.9697730021397186,102.16697192000005,0.4520469296056112,0.7227995658408353,0.5632970913999533,3540.371773171159,1.1544388888888941,0.3547271685064995,0.0,0.0,1.5075919999999408,0.3137154163159577,0.0,0.1526,10.8162,54.8886,synthetic_default
main,default,default,markov_modulated,budget_only_bexgov,17,5000,0.14417708353289616,1.7329156753875428,89.47725828000006,0.44288849973135763,0.7782551357818758,0.34844779208375065,3729.723814688839,0.7330377777778397,0.0,0.11784840102684524,0.0,3.837808000000079,0.283614381814675,0.0002,0.0,10.0502,52.1974,synthetic_default
main,default,default,markov_modulated,xai_gate,17,5000,0.18040335351398704,1.924940737914976,99.41088451999994,0.6525186397189414,0.7499335269953482,0.7244080843389336,830.4540736862461,0.9745722222223709,0.22280274436160125,0.12805161482252755,0.5458788092891806,4.269999999999634,0.307682020983014,0.0022,0.0,10.7566,54.838,synthetic_default
main,default,default,non_markovian,never_explain,17,5000,0.135038342693051,1.290176923076939,67.0892,0.0,0.0,0.0,11402.527061399918,0.0,0.0,0.0,0.0,0.0,0.12741226553695162,0.0,0.0,9.293,54.9518,synthetic_default
main,default,default,non_markovian,always_explain,17,5000,0.13637389483902057,1.3476285698290247,68.96022000000002,1.0,1.0,0.8499999999999411,0.0,2.2258666666665126,0.0,0.0,0.0,9.4272,0.13817545664291786,0.093,0.5466,9.4272,55.2182,synthetic_default
main,default,default,non_markovian,threshold_explain,17,5000,0.13918998440842673,1.2859644884480732,66.40693131999997,0.4279398202758131,0.8146028521891743,0.3241383747614243,2506.011806960007,0.7234861111111718,0.0,0.0,0.0,3.5167840000000608,0.1271136251012257,0.0078,0.0,9.3254,55.158,synthetic_default
main,default,default,non_markovian,rate_limited,17,5000,0.13329092390064787,1.3119023547369977,67.80755435999995,0.5208754388969872,0.7784690747907879,0.5511753875139017,2927.101949308814,0.7507194444445067,0.0,0.0,0.0,4.003264000000165,0.1272690851738827,0.0,0.0,9.3416,55.2462,synthetic_default
main,default,default,non_markovian,fifo_explanation,17,5000,0.1388289768483952,1.2666899204260607,65.18614500000002,0.8255741374486129,0.6561086227542653,0.8761638793826455,879.7560357111051,1.8113027777776989,0.0,0.0,0.0,7.6714,0.1283994243975286,0.0,0.4448,9.2922,54.899,synthetic_default
main,default,default,non_markovian,static_coarse_full,17,5000,0.13728464351205436,1.218590058177885,62.92433347999995,0.42356696723583515,0.8118797871194772,0.32028841849461565,2600.32344206667,0.717466666666723,0.0,0.0,0.0,3.4955760000000575,0.14013437792789585,0.0062,0.0,9.3822,54.8602,synthetic_default
main,default,default,non_markovian,static_offload,17,5000,0.13809790574586697,1.1756569538264225,60.990712200000054,0.3950892286724235,0.6962064044496284,0.4748660505132197,2328.3365676511594,0.8346888888889021,0.29019549384556415,0.0,0.0,1.2186079999999477,0.1356543168673372,0.0,0.0,9.3916,55.1318,synthetic_default
main,default,default,non_markovian,budget_only_bexgov,17,5000,0.13860123574282612,1.2827778460168806,66.29956589999993,0.39579953031596904,0.7546939780392236,0.3061784799316967,3281.539824338615,0.5954027777778207,0.0,0.09383005977796754,0.0,3.157108000000142,0.1342777575977696,0.0004,0.0,9.368,55.06,synthetic_default
main,default,default,non_markovian,xai_gate,17,5000,0.1401370099853413,1.221372416638787,63.19440832000007,0.6334021017343141,0.7708534491140401,0.6914576751982332,123.3370330862244,0.8085394444443906,0.21350439473062127,0.04863215352545505,0.5609567403777964,3.57964799999971,0.1256004992670623,0.0006,0.0,9.3066,55.1208,synthetic_default
main,default,default,transient_overload,never_explain,17,5000,0.2449362661832508,1.0237500000000148,53.235,0.0,0.0,0.0,13146.905305999797,0.0,0.0,0.0,0.0,0.0,0.19947566505369752,0.0,0.0,10.0838,56.0456,synthetic_default
main,default,default,transient_overload,always_explain,17,5000,0.2519193393542882,1.054604502431669,53.403048999999996,1.0,1.0,0.8499999999999224,0.0,2.3983694444442256,0.0,0.0,0.0,10.1578,0.20393021381501297,0.1982,0.526,10.1578,56.248,synthetic_default
main,default,default,transient_overload,threshold_explain,17,5000,0.24649823666257487,1.036271147549872,53.27761199999994,0.4383984880135407,0.8195872706822734,0.3326817865313919,3974.019631671088,0.802697222222273,0.0,0.0,0.0,3.891848000000004,0.19565837924242668,0.0032,0.0,10.053,56.0528,synthetic_default
main,default,default,transient_overload,rate_limited,17,5000,0.24709344165825792,1.0343916308792491,53.3007472,0.46232979734010604,0.7663058453255728,0.6703906744774796,7904.9526864179925,0.8007388888889481,0.0,0.0,0.0,4.0170080000000725,0.20136999166639868,0.0,0.0,10.1056,56.0782,synthetic_default
main,default,default,transient_overload,fifo_explanation,17,5000,0.24844647119598828,1.037817255993228,53.284473999999975,0.7152717175723919,0.4758342926500962,0.892709242364057,8394.300622777779,1.7030222222221272,0.0,0.0,0.0,7.2128,0.19752514636549923,0.0,0.4436,10.084,56.138,synthetic_default
main,default,default,transient_overload,static_coarse_full,17,5000,0.2467879768992188,1.0386008502175583,53.39256724000003,0.43909112444726256,0.8211016325168876,0.33360510107391456,4010.13363787996,0.8126055555556027,0.0,0.0,0.0,3.933487999999986,0.2039024158378171,0.0032,0.0,10.1312,56.102,synthetic_default
main,default,default,transient_overload,static_offload,17,5000,0.24610738395799509,1.028334620274414,53.27706520000008,0.4108059624571763,0.703584011729657,0.4985975936094029,3755.9754666889085,0.9447500000000059,0.3072409760352039,0.0,0.0,1.339079999999932,0.19561984460188842,0.0,0.0,10.0898,56.2598,synthetic_default
main,default,default,transient_overload,budget_only_bexgov,17,5000,0.24585321821875325,1.0358291229177214,53.31473794000001,0.41281479139081206,0.7653539193016005,0.32057434235232696,4538.972081950089,0.678318333333385,0.0,0.09777259521315493,0.0,3.573156000000042,0.20215735889851105,0.0,0.0,10.1194,56.118,synthetic_default
main,default,default,transient_overload,xai_gate,17,5000,0.24730716824898333,1.037555053473958,53.33287121999998,0.6803119316835073,0.7495380963222722,0.7741288447853988,2313.7000184513827,0.9905627777780635,0.24622440104372578,0.15404839092274847,0.5754724440578793,4.160131999999249,0.2037023818021786,0.011,0.0,10.1176,56.036,synthetic_default
main,default,default,adversarial_explanation_flood,never_explain,17,5000,0.0,0.012153846153846144,0.632,0.0,0.0,0.0,20126.031055398977,0.0,0.0,0.0,0.0,0.0,0.8041866893503855,0.0,0.0,12.1532,44.9074,synthetic_default
main,default,default,adversarial_explanation_flood,always_explain,17,5000,0.0,0.02195740528817135,1.123647,1.0,1.0,0.8499999999999824,0.0,2.8678527777777187,0.0,0.0,0.0,12.1462,0.7975915097536852,0.0412,0.6512,12.1462,45.0462,synthetic_default
main,default,default,adversarial_explanation_flood,threshold_explain,17,5000,0.0,0.018153188175166774,0.9359590000000002,0.5772713881205297,0.8832730705637227,0.452557408710735,3752.8101391822406,1.3896138888888836,0.0,0.0,0.0,6.456224000000119,0.8003037977667451,0.0,0.2858,12.2194,45.2494,synthetic_default
main,default,default,adversarial_explanation_flood,rate_limited,17,5000,0.0,0.017141918310859088,0.8841387199999992,0.6161979733967087,0.8755377727602843,0.6482622041786203,4973.434922904498,1.4018611111110988,0.0,0.0,0.0,6.684832000000117,0.7975988109753391,0.0,0.2912,12.1188,44.9444,synthetic_default
main,default,default,adversarial_explanation_flood,fifo_explanation,17,5000,0.0,0.016997243352614277,0.8729959999999944,0.8809942915425996,0.7686845191106243,0.8678508562685868,2331.61125028888,2.5288916666665995,0.0,0.0,0.0,10.7106,0.803460833833991,0.0,0.6044,12.1574,44.941,synthetic_default
main,default,default,adversarial_explanation_flood,static_coarse_full,17,5000,0.0,0.017302926861784813,0.8919962400000008,0.5788209859224657,0.885117254134516,0.45449556879507363,3551.9760957555814,1.3870416666666672,0.0,0.0,0.0,6.4314000000001235,0.7959467970805052,0.0002,0.2774,12.1186,44.985,synthetic_default
main,default,default,adversarial_explanation_flood,static_offload,17,5000,0.0,0.015870454984483747,0.8232783600000002,0.5314483654114887,0.7514170795057006,0.6895069114578029,3106.440154140103,1.6106500000000024,0.4480202495028024,0.0,0.0,1.8431279999998453,0.805303957568341,0.0,0.3818,12.1682,44.935,synthetic_default
main,default,default,adversarial_explanation_flood,budget_only_bexgov,17,5000,0.0,0.016623031763774283,0.8583204200000005,0.5120494489127495,0.7741537858279425,0.42476748419554555,5227.757616816282,0.9182872222222591,0.0,0.1384503359481018,0.14167742362559163,5.33889199999991,0.7924713001690835,0.0,0.0,12.0852,44.948,synthetic_default
main,default,default,adversarial_explanation_flood,xai_gate,17,5000,0.0,0.01735984026160788,0.8947228800000008,0.6873979221636867,0.8008531021352903,0.6610126978891881,1530.8686234142208,0.9935777777780066,0.048350923482849605,0.12824868073878629,0.6397427440633245,6.804363999999194,0.7946828377534507,0.0002,0.0,12.128,45.0516,synthetic_default
main,default,default,rtt_uncertainty,never_explain,17,5000,0.0,0.01333461538461539,0.6934,0.0,0.0,0.0,6768.184714800206,0.0,0.0,0.0,0.0,0.0,0.0694348040175341,0.0,0.0,7.2106,44.9496,synthetic_default
main,default,default,rtt_uncertainty,always_explain,17,5000,0.0,0.017233628689879057,0.8876100000000017,1.0,1.0,0.8499999999999648,0.0,1.718983333333262,0.0,0.0,0.0,7.2804,0.0772659072951174,0.0,0.4178,7.2804,45.0548,synthetic_default
main,default,default,rtt_uncertainty,threshold_explain,17,5000,0.0,0.01700079196789947,0.8808867199999997,0.4144228395908209,0.8052625176627933,0.3123673312673341,196.94022550666776,0.5412861111111528,0.0,0.0,0.0,2.6489680000000604,0.078228727729726,0.0,0.0,7.2926,45.09,synthetic_default
main,default,default,rtt_uncertainty,rate_limited,17,5000,0.0,0.015730352194796945,0.8141384799999986,0.6039272737207495,0.8272843541281114,0.4179206622408287,0.4322679822222228,0.6301833333333925,0.0,0.0,0.0,3.524904000000145,0.08581217878834924,0.0,0.0,7.3206,44.947,synthetic_default
main,default,default,rtt_uncertainty,fifo_explanation,17,5000,0.0,0.01681712163467272,0.866362999999999,0.9912278289564141,0.976794883226697,0.8513158256564975,0.08095066666666656,1.7021722222221423,0.0,0.0,0.0,7.2092,0.0764050764050781,0.0,0.4134,7.273,45.045,synthetic_default
main,default,default,rtt_uncertainty,static_coarse_full,17,5000,0.0,0.016206007105772816,0.8397422799999995,0.4150301783264776,0.8052012874875102,0.31274211248287387,147.8871312400009,0.5415277777778179,0.0,0.0,0.0,2.651128000000069,0.08157188447210051,0.0,0.0,7.29,44.9346,synthetic_default
main,default,default,rtt_uncertainty,static_offload,17,5000,0.0,0.015155443940740415,0.7871432400000009,0.3861045950048056,0.6903833619696854,0.5540360040398984,15.120518533333284,0.622722222222234,0.2794259693666345,0.0,0.0,0.931039999999978,0.0748190960959747,0.0,0.0,7.247,44.9502,synthetic_default
main,default,default,rtt_uncertainty,budget_only_bexgov,17,5000,0.0,0.014732406208445088,0.7635896600000003,0.3920942192398597,0.7530774441934457,0.30021588471482313,559.0501680213375,0.4549144444444692,0.0,0.08178868049062207,0.0,2.416320000000097,0.07827917769425219,0.0,0.0,7.2724,44.963,synthetic_default
main,default,default,rtt_uncertainty,xai_gate,17,5000,0.0,0.015296258275948844,0.7916062999999995,0.6435883883108713,0.8531592852518239,0.5548533555067787,0.3708537760000003,0.5719877777777738,0.02307947752933363,0.05966349346911667,0.39553353996015056,3.7591559999998188,0.07004475793257736,0.0,0.0,7.2272,45.0274,synthetic_default
main,default,default,detection_matrix_perturbation,never_explain,17,5000,0.0,0.013726923076923097,0.7138,0.0,0.0,0.0,6480.368683081568,0.0,0.0,0.0,0.0,0.0,0.06625120557904984,0.0,0.0,7.186,44.93,synthetic_default
main,default,default,detection_matrix_perturbation,always_explain,17,5000,0.0,0.017005864397586334,0.8758640000000018,1.0,1.0,0.8499999999999598,0.0,1.697922222222142,0.0,0.0,0.0,7.1912,0.06526353836604937,0.0,0.4058,7.1912,45.0042,synthetic_default
main,default,default,detection_matrix_perturbation,threshold_explain,17,5000,0.0,0.017148325059674764,0.8889173599999989,0.38739957187734914,0.78996899803181,0.2902185093547762,285.19582357952453,0.49157777777781214,0.0,0.0,0.0,2.4263920000000585,0.062087740122005686,0.0,0.0,7.1942,45.1576,synthetic_default
main,default,default,detection_matrix_perturbation,rate_limited,17,5000,0.0,0.014987754023118466,0.775893799999999,0.5905413271245729,0.8151154057978374,0.40331781140864187,0.4252092806387147,0.5845583333333794,0.0,0.0,0.0,3.3479040000001463,0.07081005275694285,0.0,0.0,7.2156,44.923,synthetic_default
main,default,default,detection_matrix_perturbation,fifo_explanation,17,5000,0.0,0.017486331977299846,0.9009699999999974,0.9906187735222493,0.9745721270030382,0.8514071839716214,0.10317421462174782,1.6904138888888087,0.0,0.0,0.0,7.1594,0.07075816232345344,0.0,0.4096,7.2272,44.9974,synthetic_default
main,default,default,detection_matrix_perturbation,static_coarse_full,17,5000,0.0,0.015541811750085273,0.8054394799999992,0.3888807069219466,0.7936214031911989,0.2920471281296203,297.84255275059303,0.4967416666666987,0.0,0.0,0.0,2.4433920000000593,0.0647718715835468,0.0,0.0,7.1974,45.0638,synthetic_default
main,default,default,detection_matrix_perturbation,static_offload,17,5000,0.0,0.0146408437109884,0.7604533599999982,0.36076197085355083,0.6760317606970496,0.4218095766828287,94.08882756814872,0.5632500000000074,0.25157529493407355,0.0,0.0,0.8922959999999873,0.06872312432046024,0.0,0.0,7.205,44.9446,synthetic_default
main,default,default,detection_matrix_perturbation,budget_only_bexgov,17,5000,0.0,0.0143860656210462,0.7458303399999993,0.3693662285586937,0.7429072131891704,0.2812249387391481,549.2250119843229,0.4194950000000218,0.0,0.07376364446424594,0.0,2.2384680000000787,0.06269428748555694,0.0,0.0,7.1824,45.0578,synthetic_default
main,default,default,detection_matrix_perturbation,xai_gate,17,5000,0.0,0.016645280168473008,0.8623048800000004,0.6334440515633719,0.7598129829225279,0.6577350558230781,0.48851206368711175,0.508500555555495,0.1510148397694685,0.0,0.7023693515605424,3.016723999999659,0.06428308976045605,0.0,0.0,7.1834,44.9968,synthetic_default
main,default,default,poisson,never_explain,18,5000,0.0,0.013888461538461535,0.7222,0.0,0.0,0.0,5447.764018400258,0.0,0.0,0.0,0.0,0.0,0.0,0.0,0.0,6.7312,45.0434,synthetic_default
main,default,default,poisson,always_explain,18,5000,0.0,0.020267230009071505,1.0445299999999997,1.0,1.0,0.8499999999999672,0.0,1.5995111111110496,0.0,0.0,0.0,6.7744,5.9046168212617545e-06,0.0,0.3744,6.7744,45.1624,synthetic_default
main,default,default,poisson,threshold_explain,18,5000,0.0,0.014210575504822822,0.7368353599999988,0.3839671731438279,0.78579048143301,0.2868320894413062,6.979133142222233,0.4522805555555805,0.0,0.0,0.0,2.241416000000055,0.0,0.0,0.0,6.7262,44.872,synthetic_default
main,default,default,poisson,rate_limited,18,5000,0.0,0.015706314223651777,0.8133412399999979,0.5856336316756712,0.8080953022408675,0.3979639618280158,0.26664698888888944,0.5341638888889345,0.0,0.0,0.0,3.0877760000001437,0.002471864712941363,0.0,0.0,6.7484,44.8784,synthetic_default
main,default,default,poisson,fifo_explanation,18,5000,0.0,0.016950460312585996,0.8736380000000002,0.9944245084373795,0.9841444920836055,0.8508363237343596,0.04394588888888885,1.5834083333332718,0.0,0.0,0.0,6.7062,0.0,0.0,0.3658,6.7438,45.0578,synthetic_default
main,default,default,poisson,static_coarse_full,18,5000,0.0,0.015610426877820927,0.8092838399999996,0.3806312937989544,0.7831327176843443,0.28382015193453114,12.508102351111079,0.45067222222224446,0.0,0.0,0.0,2.2392800000000532,0.006312788990473273,0.0,0.0,6.7924,44.9986,synthetic_default
main,default,default,poisson,static_offload,18,5000,0.0,0.01450394582163382,0.7533479599999994,0.3639310222955031,0.6777998972052923,0.42686861249370833,4.636718231111122,0.5378388888889003,0.2553235354755103,0.0,0.0,0.8441839999999953,0.007770575105664701,0.0,0.0,6.7906,44.9216,synthetic_default
main,default,default,poisson,budget_only_bexgov,18,5000,0.0,0.015223524862985451,0.7894950599999994,0.3673070002064894,0.7394785618889371,0.27845069176082554,104.35583360977789,0.39211000000001817,0.0,0.069677571609782,0.0,2.0960240000000634,0.004638067718755856,0.0,0.0,6.7798,44.99,synthetic_default
main,default,default,poisson,xai_gate,18,5000,0.0,0.015442484069309443,0.8004129400000016,0.6639666843251948,0.7765427629217438,0.7487836246982504,0.23589993733333361,0.651042222222162,0.2621990699864618,0.0,0.6182529872270293,2.5840199999997355,0.006004405599377538,0.0,0.0,6.7956,45.0336,synthetic_default
main,default,default,bursty,never_explain,18,5000,0.16055253712408052,1.231392307692321,64.0324,0.0,0.0,0.0,10233.902529799994,0.0,0.0,0.0,0.0,0.0,0.14654867860994236,0.0,0.0,8.7302,50.7622,synthetic_default
main,default,default,bursty,always_explain,18,5000,0.16431291710330292,1.2530600770301168,64.02696100000004,1.0,1.0,0.8499999999999378,0.0,2.068758333333182,0.0,0.0,0.0,8.7618,0.15059448300857814,0.1458,0.5198,8.7618,50.7668,synthetic_default
main,default,default,bursty,threshold_explain,18,5000,0.16014185327269137,1.2445248304186125,64.25500184,0.42761589860164634,0.8129879656913701,0.3234414823999627,1800.8469558355666,0.6729166666667203,0.0,0.0,0.0,3.277248000000057,0.14826972513348036,0.0004,0.0,8.7102,50.57,synthetic_default
main,default,default,bursty,rate_limited,18,5000,0.1618568089327298,1.2543634944388464,64.79909860000004,0.5001997352081966,0.7923977441165078,0.5997511869977948,2870.212959239953,0.7071472222222849,0.0,0.0,0.0,3.6728000000001253,0.14502879038561067,0.0002,0.0,8.7616,51.0124,synthetic_default
main,default,default,bursty,fifo_explanation,18,5000,0.1617286969692206,1.2360835533653343,63.60052500000008,0.7820251015304133,0.571030119952442,0.8826962347703666,1342.1731145777703,1.6094749999999238,0.0,0.0,0.0,6.8166,0.14602232985711416,0.0,0.3788,8.7166,50.7064,synthetic_default
main,default,default,bursty,static_coarse_full,18,5000,0.16303299178233027,1.2441838492001012,64.23368847999998,0.42838066492889565,0.8144580879941711,0.3243620524077562,1834.278394026681,0.6787250000000538,0.0,0.0,0.0,3.300744000000061,0.14638461840915684,0.0002,0.0,8.7468,50.866,synthetic_default
main,default,default,bursty,static_offload,18,5000,0.16067395108676408,1.2271567052714873,63.65891148000008,0.39890312031610886,0.6968002290145527,0.47939365036107656,1588.1306577845082,0.7901444444444615,0.2929327337966117,0.0,0.0,1.1539839999999548,0.15444360112785782,0.0,0.0,8.8068,50.8574,synthetic_default
main,default,default,bursty,budget_only_bexgov,18,5000,0.16398671210344493,1.2377485794782952,63.94515006000005,0.40170758903174564,0.7584385416257128,0.309447036067826,2499.877479463087,0.566240555555599,0.0,0.08981681647513938,0.0,3.0016440000001223,0.1528401921356577,0.0,0.0,8.789,50.8252,synthetic_default
main,default,default,bursty,xai_gate,18,5000,0.1603965076997151,1.2364544373196433,63.992209680000016,0.6321946710420445,0.7758863911090149,0.7272375384188519,98.94474304266834,0.8755349999999645,0.27546044877868414,0.10008550366279204,0.4406442816536871,3.0135159999999708,0.13852646423506454,0.0,0.0,8.6546,50.6772,synthetic_default
main,default,default,self_similar,never_explain,18,5000,0.351258643984983,4.606334615384217,239.5294,0.0,0.0,0.0,25086.931614397956,0.0,0.0,0.0,0.0,0.0,0.2986128076394452,0.0,0.0,15.628,80.2292,synthetic_default
main,default,default,self_similar,always_explain,18,5000,0.36373658848306706,4.677282494975625,239.149654,1.0,1.0,0.8499999999999772,0.0,3.7237555555554556,0.0,0.0,0.0,15.7712,0.30716549014147154,0.2602,0.7342,15.7712,80.4346,synthetic_default
main,default,default,self_similar,threshold_explain,18,5000,0.3563834306182362,4.6336207183837335,239.40320812,0.43612226486060496,0.817188318682863,0.33041246283259784,10210.35203412437,1.2451750000000004,0.0,0.0,0.0,6.0507360000001125,0.30594918948609306,0.0,0.199,15.7396,80.3482,synthetic_default
main,default,default,self_similar,rate_limited,18,5000,0.355952304530345,4.628928972043864,239.12850604,0.4493306092407641,0.8007387746055507,0.7028457038437337,15662.111835169306,1.2557305555555462,0.0,0.0,0.0,6.179768000000147,0.3087862217295083,0.0,0.2168,15.7606,80.281,synthetic_default
main,default,default,self_similar,fifo_explanation,18,5000,0.35782542660370914,4.663670477299966,239.55909900000003,0.7335705903362416,0.45300272668780545,0.8899644114495481,11883.765201822196,2.7157027777777136,0.0,0.0,0.0,11.5018,0.30557838491380274,0.0,0.631,15.6792,80.0626,synthetic_default
main,default,default,self_similar,static_coarse_full,18,5000,0.35949187642453884,4.632372484410212,239.31687984,0.4383529278342701,0.8182940697189222,0.33232021572852233,10011.352361915446,1.264102777777778,0.0,0.0,0.0,6.13720000000012,0.3107224259240906,0.0,0.2038,15.8718,80.728,synthetic_default
main,default,default,self_similar,static_offload,18,5000,0.35494772894392,4.613016352815049,239.34287572000002,0.4071097225566915,0.6996692534696228,0.4903873306379458,9554.853803562057,1.4493944444444464,0.3002446165350638,0.0,0.0,2.1021039999997804,0.306672893729216,0.0,0.3026,15.7798,80.5088,synthetic_default
main,default,default,self_similar,budget_only_bexgov,18,5000,0.35660812443273093,4.623995294392966,239.09351152,0.4009385323792566,0.7398970550267853,0.3193127463360527,11063.810833916843,0.9125066666666765,0.0,0.0780239543871733,0.09283281674511154,5.312819999999949,0.29968046351440636,0.0,0.0,15.6798,80.429,synthetic_default
main,default,default,self_similar,xai_gate,18,5000,0.35691181999672195,4.62054860767532,239.2624151,0.4257373460837173,0.46896561988245444,0.5179530745359581,7649.575493615057,1.0,0.164059345983044,0.09593257973354864,0.32797676120256614,3.9360289999959686,0.3113105164244687,0.0008,0.0,15.8528,80.5952,synthetic_default
main,default,default,markov_modulated,never_explain,18,5000,0.18277596837149843,1.9737615384615657,102.6356,0.0,0.0,0.0,15243.940597199693,0.0,0.0,0.0,0.0,0.0,0.3152448563586776,0.0,0.0,10.9882,55.6966,synthetic_default
main,default,default,markov_modulated,always_explain,18,5000,0.18862587700458092,2.065799657183114,105.4868030000002,1.0,1.0,0.8499999999999461,0.0,2.6147416666665007,0.0,0.0,0.0,11.0742,0.32137743413516784,0.2654,0.584,11.0742,55.872,synthetic_default
main,default,default,markov_modulated,threshold_explain,18,5000,0.14151461652593406,1.6449687803422974,84.85701483999992,0.47500660582533366,0.84065459678064,0.36434683631781983,2967.81431468003,0.8739194444445111,0.0,0.0,0.0,4.176448000000039,0.2739485179689969,0.0038,0.0,9.8398,51.4924,synthetic_default
main,default,default,markov_modulated,rate_limited,18,5000,0.16291029329209167,1.8623777826364156,96.15385915999993,0.49466235303101463,0.7866696039400578,0.6774707970682288,6488.5130334113,0.9246444444445054,0.0,0.0,0.0,4.535128000000117,0.29853037946918204,0.0008,0.0,10.4784,53.7962,synthetic_default
main,default,default,markov_modulated,fifo_explanation,18,5000,0.1648750801362251,1.8885968951988326,97.20473299999995,0.6958224046831641,0.4228380998087698,0.8956266392974558,6432.723666644447,1.7288055555554853,0.0,0.0,0.0,7.322,0.29981879023023894,0.0,0.4244,10.5228,53.9706,synthetic_default
main,default,default,markov_modulated,static_coarse_full,18,5000,0.16691068883963217,1.858049461895663,95.82211460000012,0.4833206484511878,0.8451077686864762,0.3716140878301281,3351.7859556533567,0.9554305555556061,0.0,0.0,0.0,4.55151200000005,0.3008733791990441,0.0046,0.0,10.5112,53.8674,synthetic_default
main,default,default,markov_modulated,static_offload,18,5000,0.17820876018848014,1.9415234898219311,100.69867627999994,0.4513681844146969,0.721668636674532,0.5611089203781323,3351.8693133000256,1.153033333333329,0.3526691112789991,0.0,0.0,1.517183999999939,0.3123717560399366,0.0,0.1654,10.8538,55.1358,synthetic_default
main,default,default,markov_modulated,budget_only_bexgov,18,5000,0.1602606713169748,1.7098109930947485,88.25428723999978,0.4461066666666753,0.7806566214116624,0.3517313580247041,3850.0754896986277,0.7475861111111758,0.0,0.11930864197530865,0.0,3.9029280000000908,0.2829528823674812,0.0002,0.0,10.125,52.613,synthetic_default
main,default,default,markov_modulated,xai_gate,18,5000,0.15686177477125035,1.7327077949701004,89.54035646000005,0.6425664619671457,0.7567493681349626,0.7113033412466411,456.41274987600696,0.9408222222222917,0.22325335007553612,0.13859404736212208,0.49016068590712003,3.964171999999741,0.29062072300993336,0.001,0.0,10.1938,52.6558,synthetic_default
main,default,default,non_markovian,never_explain,18,5000,0.13417777288247604,1.166792307692322,60.6732,0.0,0.0,0.0,11209.55779339986,0.0,0.0,0.0,0.0,0.0,0.12831809670668304,0.0,0.0,9.2196,54.474,synthetic_default
main,default,default,non_markovian,always_explain,18,5000,0.1430549253731345,1.355769282996047,69.37366599999999,1.0,1.0,0.8499999999999376,0.0,2.192055555555395,0.0,0.0,0.0,9.284,0.11973466003316502,0.0964,0.5406,9.284,55.275,synthetic_default
main,default,default,non_markovian,threshold_explain,18,5000,0.13541939881794135,1.3564196919497606,70.06733400000003,0.427488217355149,0.8136248089882125,0.32340107909835425,2601.8251887955516,0.7246194444445018,0.0,0.0,0.0,3.5282080000000593,0.13349529231178336,0.0096,0.0,9.3782,55.158,synthetic_default
main,default,default,non_markovian,rate_limited,18,5000,0.1392400368976989,1.2594506428907468,65.08086491999993,0.5201577010313807,0.7778187730597661,0.5564546154833587,3102.923275555497,0.7551111111111715,0.0,0.0,0.0,4.0108240000001345,0.1270438431486045,0.0,0.0,9.3468,55.288,synthetic_default
main,default,default,non_markovian,fifo_explanation,18,5000,0.1354677683842292,1.3036188213431497,67.0956159999999,0.8290752688172043,0.6626404745119392,0.8756387096773564,793.6951287999954,1.8205111111110286,0.0,0.0,0.0,7.7104,0.12965527293928725,0.0,0.458,9.3,54.884,synthetic_default
main,default,default,non_markovian,static_coarse_full,18,5000,0.13453299264641522,1.2901632534276928,66.64845480000001,0.4227673363577512,0.8113192079241073,0.31961654785052707,2416.2203616622273,0.7062638888889455,0.0,0.0,0.0,3.441992000000058,0.12565292246636917,0.0064,0.0,9.258,54.8304,synthetic_default
main,default,default,non_markovian,static_offload,18,5000,0.1366211708181291,1.1807503597349491,61.25470203999999,0.4004281595593541,0.6986418877768873,0.4828929816257112,2085.7609875200483,0.8411000000000143,0.29594646929730195,0.0,0.0,1.2156479999999488,0.12952830200142773,0.0,0.0,9.2956,54.8642,synthetic_default
main,default,default,non_markovian,budget_only_bexgov,18,5000,0.13661198963813526,1.2374039683235292,63.95325569999999,0.3950620261888372,0.757384650472064,0.3054089851826466,3167.3927553341773,0.5953661111111533,0.0,0.08746123363197794,0.0,3.1336520000001333,0.12622216400949515,0.0002,0.0,9.2864,54.9708,synthetic_default
main,default,default,non_markovian,xai_gate,18,5000,0.13643236735609893,1.2838777783256927,66.43137960000003,0.634755506184501,0.7727191672067466,0.6915524128943905,131.64296523600305,0.81474722222217,0.2117451026468138,0.057849650723120635,0.5535237444190468,3.6212759999997237,0.12961179925626887,0.001,0.0,9.3622,55.2532,synthetic_default
main,default,default,transient_overload,never_explain,18,5000,0.24527254876851495,1.0253269230769386,53.317,0.0,0.0,0.0,13220.189659199785,0.0,0.0,0.0,0.0,0.0,0.20105955616263915,0.0,0.0,10.1294,56.2248,synthetic_default
main,default,default,transient_overload,always_explain,18,5000,0.2507160825892459,1.0515007865251396,53.24184500000003,1.0,1.0,0.849999999999919,0.0,2.3919944444442165,0.0,0.0,0.0,10.1308,0.19987256061957503,0.1996,0.5278,10.1308,56.2882,synthetic_default
main,default,default,transient_overload,threshold_explain,18,5000,0.24722456467328605,1.0354380014776317,53.22770852,0.4397491821156062,0.8217291120269429,0.3341826112818538,3965.892838435537,0.8107361111111617,0.0,0.0,0.0,3.9232,0.20050319495471935,0.0032,0.0,10.087,56.0154,synthetic_default
main,default,default,transient_overload,rate_limited,18,5000,0.24748533022083952,1.034380262700893,53.29970088000001,0.4642854320597564,0.7666670425585362,0.6691038760914723,7879.278367126895,0.8056833333333877,0.0,0.0,0.0,4.041456000000082,0.20449788990378504,0.0,0.0,10.1236,56.0322,synthetic_default
main,default,default,transient_overload,fifo_explanation,18,5000,0.25059821482506056,1.038847521535111,53.337559,0.7158140824979197,0.4778055513072808,0.8926278876252349,8362.521280199986,1.7061388888887987,0.0,0.0,0.0,7.226,0.19565976972285393,0.0,0.4436,10.0948,56.2858,synthetic_default
main,default,default,transient_overload,static_coarse_full,18,5000,0.2482916284676907,1.037344482047036,53.32345467999999,0.4391556307680331,0.82296989428842,0.33411814478837043,4075.707991528824,0.8181333333333881,0.0,0.0,0.0,3.9527759999999894,0.20479985396078182,0.003,0.0,10.1638,56.2406,synthetic_default
main,default,default,transient_overload,static_offload,18,5000,0.2462084497906085,1.027431109107382,53.229025880000044,0.41149856021462966,0.7042481790379139,0.49983748175615883,3816.103642095553,0.9521111111111156,0.3082126937793381,0.0,0.0,1.3462239999999297,0.20471650479669945,0.0,0.0,10.1404,56.115,synthetic_default
main,default,default,transient_overload,budget_only_bexgov,18,5000,0.2458559176984703,1.034826950622051,53.26245718000008,0.4102861202099711,0.7640877061734657,0.3183807569359625,4596.4218209731935,0.6755366666667206,0.0,0.09587986897667627,0.0,3.556756000000023,0.20622271729765052,0.0002,0.0,10.1356,56.0184,synthetic_default
main,default,default,transient_overload,xai_gate,18,5000,0.24667586417864779,1.0364880058374406,53.278095299999976,0.6802489947111957,0.7491561647507549,0.7749260146980939,2317.9452434296195,0.9908344444447359,0.2481627478557138,0.15387358120555433,0.5734603727987639,4.136255999999268,0.19712782279387397,0.0088,0.0,10.0966,56.2268,synthetic_default
main,default,default,adversarial_explanation_flood,never_explain,18,5000,0.0,0.015165384615384608,0.7886,0.0,0.0,0.0,20034.798493599097,0.0,0.0,0.0,0.0,0.0,0.7993306374958675,0.0,0.0,12.1342,44.9582,synthetic_default
main,default,default,adversarial_explanation_flood,always_explain,18,5000,0.0,0.01848699505652794,0.9462970000000005,1.0,1.0,0.8499999999999824,0.0,2.8614305555554966,0.0,0.0,0.0,12.119,0.8017254580135071,0.0388,0.6522,12.119,44.8422,synthetic_default
main,default,default,adversarial_explanation_flood,threshold_explain,18,5000,0.0,0.01677228408657175,0.864731439999999,0.5768546409230819,0.8834851246418938,0.4522970059091703,3684.050809382257,1.3812694444444367,0.0,0.0,0.0,6.416272000000107,0.8041542497984324,0.0004,0.278,12.1506,44.8986,synthetic_default
main,default,default,adversarial_explanation_flood,rate_limited,18,5000,0.0,0.018999800104950965,0.9798326799999997,0.6155906053459153,0.8763797603439035,0.6553680227987339,5198.041706008972,1.4206472222222088,0.0,0.0,0.0,6.749720000000114,0.8042633167700182,0.0,0.295,12.2112,45.1198,synthetic_default
main,default,default,adversarial_explanation_flood,fifo_explanation,18,5000,0.0,0.018561738163970415,0.9533789999999926,0.8805372445616348,0.7689660611983217,0.8679194133157355,2096.1418828444357,2.523130555555507,0.0,0.0,0.0,10.6862,0.7937405313527706,0.0,0.604,12.136,45.105,synthetic_default
main,default,default,adversarial_explanation_flood,static_coarse_full,18,5000,0.0,0.01733541723342002,0.8940036399999995,0.5763172197974135,0.8843032790045258,0.4522506794037679,3710.091268795582,1.3818166666666545,0.0,0.0,0.0,6.412128000000108,0.7996508295022366,0.0002,0.2772,12.143,44.9828,synthetic_default
main,default,default,adversarial_explanation_flood,static_offload,18,5000,0.0,0.014169956092963969,0.7350785600000009,0.5335738814512547,0.7514087661132962,0.691502181522652,2996.0730140401083,1.5998333333333317,0.4489457356625027,0.0,0.0,1.8375839999998407,0.8006658511558327,0.0,0.3718,12.0558,44.6346,synthetic_default
main,default,default,adversarial_explanation_flood,budget_only_bexgov,18,5000,0.0,0.01830907284213757,0.9452871999999998,0.5112027593003494,0.7732909727166793,0.4246809559004689,5356.022981840278,0.9197044444444871,0.0,0.13862199228052888,0.14578303358791164,5.368927999999907,0.7965105471412521,0.0,0.0,12.177,45.1876,synthetic_default
main,default,default,adversarial_explanation_flood,xai_gate,18,5000,0.0,0.0173467830194451,0.8941269400000011,0.6871742375773974,0.7997464509160382,0.6593692274882366,1598.0689722715476,0.9970616666669175,0.04624571419197139,0.13335630034286464,0.6343816132683695,6.853083999999169,0.8025522628378268,0.0002,0.0,12.1914,45.0894,synthetic_default
main,default,default,rtt_uncertainty,never_explain,18,5000,0.0,0.015157692307692318,0.7882,0.0,0.0,0.0,6911.0367744002315,0.0,0.0,0.0,0.0,0.0,0.07862703530573656,0.0,0.0,7.2962,45.0956,synthetic_default
main,default,default,rtt_uncertainty,always_explain,18,5000,0.0,0.01789274767850064,0.9217109999999983,1.0,1.0,0.849999999999958,0.0,1.7203055555554707,0.0,0.0,0.0,7.286,0.08137791828071594,0.0002,0.4228,7.286,44.918,synthetic_default
main,default,default,rtt_uncertainty,threshold_explain,18,5000,0.0,0.01575226076829631,0.8162473199999993,0.4153199759128505,0.8071508806588624,0.3135120709476319,159.93522041333406,0.5455416666667071,0.0,0.0,0.0,2.664264000000065,0.08337966772679595,0.0,0.0,7.3068,44.963,synthetic_default
main,default,default,rtt_uncertainty,rate_limited,18,5000,0.0,0.015186790129151388,0.7860149999999989,0.6058101877264372,0.8284884215289001,0.41997475024703895,0.3908445488888893,0.6325055555556147,0.0,0.0,0.0,3.5267840000001387,0.08001239008615157,0.0,0.0,7.2872,44.9822,synthetic_default
main,default,default,rtt_uncertainty,fifo_explanation,18,5000,0.0,0.01933555997425286,0.9961999999999976,0.9906477788474762,0.9751710696747945,0.8514028331728332,0.09921215555555547,1.7007083333332436,0.0,0.0,0.0,7.203,0.07552648434044595,0.0,0.4116,7.271,45.0694,synthetic_default
main,default,default,rtt_uncertainty,static_coarse_full,18,5000,0.0,0.015027250926431932,0.7787163999999984,0.41148400701062926,0.803067160920446,0.3097929674663371,187.83436220000107,0.5366750000000396,0.0,0.0,0.0,2.6306400000000725,0.08201807215527812,0.0,0.0,7.3032,44.9974,synthetic_default
main,default,default,rtt_uncertainty,static_offload,18,5000,0.0,0.014273011331088926,0.7412691999999997,0.3879366132912729,0.6914270370767972,0.5569453052005058,24.377197304444298,0.6254000000000135,0.28139605630686687,0.0,0.0,0.9316319999999794,0.07101125392643626,0.0,0.0,7.2318,45.0154,synthetic_default
main,default,default,rtt_uncertainty,budget_only_bexgov,18,5000,0.0,0.016374487031483833,0.8487566399999996,0.3914862436056887,0.7548518088258539,0.30022397345500906,522.3195736657829,0.4541166666666904,0.0,0.08129406885109913,0.0,2.4044640000001043,0.06964445745822823,0.0,0.0,7.233,45.0804,synthetic_default
main,default,default,rtt_uncertainty,xai_gate,18,5000,0.0,0.014488480196049473,0.7498573200000013,0.6424873796585384,0.8526669425894451,0.5543430490410209,0.36382772266666696,0.5732422222222152,0.02468897409726628,0.05613638244462222,0.39397533861134865,3.7526279999997643,0.07812871758267947,0.0,0.0,7.2502,44.832,synthetic_default
main,default,default,detection_matrix_perturbation,never_explain,18,5000,0.0,0.016649999999999977,0.8658,0.0,0.0,0.0,6517.646286584501,0.0,0.0,0.0,0.0,0.0,0.06701000414372582,0.0,0.0,7.21,45.048,synthetic_default
main,default,default,detection_matrix_perturbation,always_explain,18,5000,0.0,0.018960354959101724,0.9767349999999997,1.0,1.0,0.8499999999999561,0.0,1.689233333333246,0.0,0.0,0.0,7.1544,0.05941201034179122,0.0006,0.4116,7.1544,45.0212,synthetic_default
main,default,default,detection_matrix_perturbation,threshold_explain,18,5000,0.0,0.013539137838423693,0.7017165599999987,0.39320826505957407,0.7969291160519697,0.2955703057738959,258.3861660669085,0.5037138888889211,0.0,0.0,0.0,2.4744800000000575,0.07150774980991614,0.0,0.0,7.2014,44.8054,synthetic_default
main,default,default,detection_matrix_perturbation,rate_limited,18,5000,0.0,0.0157176043404964,0.8136345999999993,0.5880501222494017,0.8128171399176436,0.40060013336299716,0.4410642192176539,0.5763722222222715,0.0,0.0,0.0,3.3164480000001495,0.06462686147752872,0.0,0.0,7.1984,45.0762,synthetic_default
main,default,default,detection_matrix_perturbation,fifo_explanation,18,5000,0.0,0.01664978848421294,0.8577979999999996,0.9912468987818136,0.9769226580198273,0.8513129651826845,0.08260007191586277,1.6791749999999164,0.0,0.0,0.0,7.1118,0.06429438169578616,0.0,0.407,7.1746,44.9412,synthetic_default
main,default,default,detection_matrix_perturbation,static_coarse_full,18,5000,0.0,0.01659513452060496,0.8600659999999997,0.3923498996122039,0.7928924133585107,0.2942820209576901,308.3902071974619,0.5047583333333658,0.0,0.0,0.0,2.48721600000006,0.07649991709893866,0.0,0.0,7.2718,45.0336,synthetic_default
main,default,default,detection_matrix_perturbation,static_offload,18,5000,0.0,0.01579565360947601,0.8204261599999989,0.3656862204832668,0.6812235953442152,0.4316879288016646,172.4345129670408,0.5827388888888998,0.2596919516160141,0.0,0.0,0.8976079999999871,0.07187527226600876,0.0,0.0,7.2586,45.1458,synthetic_default
main,default,default,detection_matrix_perturbation,budget_only_bexgov,18,5000,0.0,0.01481018241781141,0.7679014400000007,0.3680623713347752,0.7404176402050412,0.27952762477049675,632.2141100506836,0.4165883333333535,0.0,0.07221944027151839,0.0,2.228144000000073,0.06384678901526053,0.0,0.0,7.1892,45.0516,synthetic_default
main,default,default,detection_matrix_perturbation,xai_gate,18,5000,0.0,0.014079254127173623,0.7293806600000015,0.6329774356400181,0.7596858140974708,0.6556932474269282,0.5118874662948449,0.5071049999999421,0.14961091122081835,0.0,0.6983516023763702,3.0138239999996697,0.06593053746944899,0.0,0.0,7.1706,44.8472,synthetic_default
main,default,default,poisson,never_explain,19,5000,0.0,0.014888461538461545,0.7742,0.0,0.0,0.0,5534.23490540026,0.0,0.0,0.0,0.0,0.0,0.0013799066638227053,0.0,0.0,6.7634,45.0272,synthetic_default
main,default,default,poisson,always_explain,19,5000,0.0,0.016562146918040376,0.8535790000000003,1.0,1.0,0.8499999999999616,0.0,1.5975277777777057,0.0,0.0,0.0,6.766,0.003699714881635119,0.0,0.3728,6.766,44.9404,synthetic_default
main,default,default,poisson,threshold_explain,19,5000,0.0,0.01518015233625093,0.787059999999999,0.3855393896380439,0.7865011521082984,0.28800863496571355,7.6791680444444355,0.4566388888889135,0.0,0.0,0.0,2.2629920000000565,0.0011679700857569753,0.0,0.0,6.7632,45.0354,synthetic_default
main,default,default,poisson,rate_limited,19,5000,0.0,0.014953108866575835,0.7744231599999997,0.588859290830532,0.8130123898498467,0.40148286272423245,0.24776365333333406,0.5431166666667063,0.0,0.0,0.0,3.1203360000001483,0.001213511314992033,0.0,0.0,6.7572,44.9934,synthetic_default
main,default,default,poisson,fifo_explanation,19,5000,0.0,0.016618739346473805,0.8565449999999984,0.9956060920939346,0.9876783341777491,0.8506590861858705,0.03382688888888888,1.5835972222221493,0.0,0.0,0.0,6.707,0.0,0.0,0.3714,6.7366,44.9128,synthetic_default
main,default,default,poisson,static_coarse_full,19,5000,0.0,0.01565649956183102,0.8116515999999979,0.3874716269197907,0.7885963675642688,0.289838752468844,6.01439628000002,0.46193333333335895,0.0,0.0,0.0,2.2848960000000607,0.005644391478867528,0.0,0.0,6.7846,44.9768,synthetic_default
main,default,default,poisson,static_offload,19,5000,0.0,0.014485239189014468,0.7523649600000002,0.35797576009006143,0.671421569798893,0.41463788300832544,4.403434146666672,0.5168722222222313,0.2451846144728264,0.0,0.0,0.841399999999993,2.8152277146809013e-05,0.0,0.0,6.7492,44.9934,synthetic_default
main,default,default,poisson,budget_only_bexgov,19,5000,0.0,0.015228531602555483,0.78957104,0.36566652982229314,0.7360769616742415,0.27637675209665735,223.49932500533768,0.3899177777777974,0.0,0.06870564776259457,0.0,2.092852000000069,0.00891849392983457,0.0,0.0,6.8204,45.0674,synthetic_default
main,default,default,poisson,xai_gate,19,5000,0.0,0.014189303835346683,0.7354658199999998,0.666583945529519,0.7782081114439406,0.7543821298452174,0.1631406595555556,0.650196111111053,0.26632025324016007,0.0,0.6189452308427402,2.550023999999738,0.0,0.0,0.0,6.6972,44.8916,synthetic_default
main,default,default,bursty,never_explain,19,5000,0.16024656339500037,1.22650000000001,63.778,0.0,0.0,0.0,10287.4370418,0.0,0.0,0.0,0.0,0.0,0.15078632351035215,0.0,0.0,8.7876,50.9078,synthetic_default
main,default,default,bursty,always_explain,19,5000,0.1676949923770622,1.2758332150703113,65.18883299999999,1.0,1.0,0.8499999999999415,0.0,2.072913888888746,0.0,0.0,0.0,8.7794,0.1469548097662443,0.1506,0.515,8.7794,51.0302,synthetic_default
main,default,default,bursty,threshold_explain,19,5000,0.16297214346008104,1.255050853934167,64.80395844,0.42714341076436313,0.8149946122484729,0.32365445551327354,1797.6087364489008,0.6800138888889443,0.0,0.0,0.0,3.303800000000054,0.14817795750639506,0.0004,0.0,8.7734,50.941,synthetic_default
main,default,default,bursty,rate_limited,19,5000,0.16246721856787102,1.2457197756645277,64.35186287999997,0.49981824832538635,0.7939843890452847,0.5998719736631395,2841.152208399949,0.7053416666667299,0.0,0.0,0.0,3.6639840000001365,0.15065350837387337,0.0004,0.0,8.7482,50.6854,synthetic_default
main,default,default,bursty,fifo_explanation,19,5000,0.164179893555043,1.2537402367498776,64.50748000000011,0.78283905594165,0.5694985194069739,0.8825741416086847,1377.5820429111088,1.6117416666666053,0.0,0.0,0.0,6.8262,0.14420457587352442,0.0,0.382,8.7198,50.8056,synthetic_default
main,default,default,bursty,static_coarse_full,19,5000,0.16095325422538276,1.2416054422604714,64.10388679999998,0.4280590571177977,0.8128112484443483,0.3236205383940716,1676.4682013689028,0.6691472222222782,0.0,0.0,0.0,3.2610560000000466,0.1395017540813439,0.0006,0.0,8.6628,50.6818,synthetic_default
main,default,default,bursty,static_offload,19,5000,0.16086582011082454,1.2412901919152521,64.39771008000004,0.39533204339712963,0.6961807105146657,0.4749146568999986,1483.0608121622927,0.771616666666686,0.290097436251814,0.0,0.0,1.128263999999961,0.14064335091079494,0.0,0.0,8.6826,50.7468,synthetic_default
main,default,default,bursty,budget_only_bexgov,19,5000,0.16251169251713538,1.2401410129122759,64.07249538000005,0.40010792831930453,0.7578597396011908,0.3084453344194186,2516.506181071084,0.5664411111111515,0.0,0.09120734908136482,0.0,3.006092000000126,0.15929711906954225,0.0,0.0,8.8392,50.8308,synthetic_default
main,default,default,bursty,xai_gate,19,5000,0.16126329922314067,1.2322952959727385,63.76951598000002,0.6332665491265193,0.7757117172396141,0.7277290316671432,105.57507841422462,0.8806972222221905,0.2735557438234149,0.10452682435371968,0.4429510223708012,3.059320000000003,0.14989922287739255,0.0002,0.0,8.7346,50.6398,synthetic_default
main,default,default,self_similar,never_explain,19,5000,0.3524306246765139,4.602211538461142,239.315,0.0,0.0,0.0,25717.472506597762,0.0,0.0,0.0,0.0,0.0,0.31325397141378475,0.0,0.0,15.8328,80.3744,synthetic_default
main,default,default,self_similar,always_explain,19,5000,0.36690498872890465,4.680859409092371,239.31646600000002,1.0,1.0,0.8499999999999772,0.0,3.7397638888887887,0.0,0.0,0.0,15.839,0.3064245669514769,0.2696,0.7262,15.839,80.8262,synthetic_default
main,default,default,self_similar,threshold_explain,19,5000,0.35499126790707847,4.632259685833718,239.33376284,0.43654157271881894,0.8183118213530591,0.3310390950433718,10094.877777599902,1.2461249999999953,0.0,0.0,0.0,6.047616000000135,0.3054486403967185,0.0,0.2066,15.7002,80.1778,synthetic_default
main,default,default,self_similar,rate_limited,19,5000,0.3505407583438482,4.635796461861027,239.49601312000007,0.45514047665181273,0.8040323430690339,0.6950513466382174,14361.9695035871,1.2425277777777755,0.0,0.0,0.0,6.1341760000001715,0.2964795844030579,0.0,0.1972,15.483,79.6156,synthetic_default
main,default,default,self_similar,fifo_explanation,19,5000,0.3584337048640415,4.657430572233697,239.227465,0.7373249514463865,0.4563395746530828,0.8894012572830327,11530.233329711027,2.725005555555491,0.0,0.0,0.0,11.5412,0.3024625869019788,0.0,0.6308,15.6528,80.119,synthetic_default
main,default,default,self_similar,static_coarse_full,19,5000,0.35508231731954076,4.632548269887639,239.34909856,0.4362486003664484,0.8174447003374088,0.33062398208468574,10034.65388959103,1.2449361111111028,0.0,0.0,0.0,6.046672000000127,0.306776141092981,0.0002,0.1976,15.7184,80.1892,synthetic_default
main,default,default,self_similar,static_offload,19,5000,0.3512836812243793,4.612700679933978,239.32903760000005,0.4046777004592529,0.6979728771341739,0.4860770669279292,9412.79403805325,1.4299222222222245,0.29688195707761394,0.0,0.0,2.091679999999795,0.30923620531858953,0.0,0.293,15.7214,80.0538,synthetic_default
main,default,default,self_similar,budget_only_bexgov,19,5000,0.3550536872641737,4.632937032616258,239.56074293999998,0.40080430700848496,0.7398064083298426,0.31878951603632927,11020.671561949785,0.9117577777777862,0.0,0.07811881314582775,0.09068730760879283,5.301351999999961,0.30079801418580776,0.0,0.0,15.6582,80.2492,synthetic_default
main,default,default,self_similar,xai_gate,19,5000,0.35097663244656285,4.619478503721159,239.19879296,0.4352406033342005,0.4799407979650866,0.5263813386646686,6995.170290353933,1.0,0.16612202529698974,0.09695897889354504,0.3354286007196415,3.968589999995526,0.30290173763643247,0.0,0.0,15.6066,79.8556,synthetic_default
main,default,default,markov_modulated,never_explain,19,5000,0.16936154316624488,1.913269230769254,99.49,0.0,0.0,0.0,15814.395837199625,0.0,0.0,0.0,0.0,0.0,0.3149776535835438,0.0,0.0,10.7716,54.6098,synthetic_default
main,default,default,markov_modulated,always_explain,19,5000,0.17050177566885932,1.8472131765962019,94.35670899999997,1.0,1.0,0.8499999999999428,0.0,2.4483777777776132,0.0,0.0,0.0,10.3696,0.2894240764781093,0.2398,0.5602,10.3696,53.6136,synthetic_default
main,default,default,markov_modulated,threshold_explain,19,5000,0.16190558863793217,1.7806323473845609,91.8212332,0.4826453325068399,0.8445449813863443,0.3709577126474687,2923.580884062236,0.9363194444444997,0.0,0.0,0.0,4.462648000000061,0.2978934969559617,0.0056,0.0,10.3246,53.0326,synthetic_default
main,default,default,markov_modulated,rate_limited,19,5000,0.17220681689585618,1.9542043544944965,100.88640559999979,0.4884278388548798,0.7836511107321206,0.6890845200324502,5744.353265175664,0.9541166666667161,0.0,0.0,0.0,4.6539120000000995,0.31933011361492913,0.001,0.0,10.8424,54.7874,synthetic_default
main,default,default,markov_modulated,fifo_explanation,19,5000,0.1469169917225926,1.7425188460655903,89.70170700000004,0.7100758743568697,0.442892192050918,0.8934886188464027,4659.605905533343,1.6749249999999387,0.0,0.0,0.0,7.0938,0.27849358334485075,0.0,0.3866,9.9902,52.0936,synthetic_default
main,default,default,markov_modulated,static_coarse_full,19,5000,0.17691009138209965,1.9563417731255148,100.87985712000004,0.48602825600533617,0.8461467381028095,0.3738447029236136,3507.99097427559,0.9895416666667152,0.0,0.0,0.0,4.711536000000069,0.3135751728292462,0.0056,0.0,10.8154,54.8904,synthetic_default
main,default,default,markov_modulated,static_offload,19,5000,0.16662175773387994,1.8020299918654414,93.46496016000006,0.44841639718472076,0.7225665062289777,0.5591540802739322,2645.4788154378666,1.114183333333335,0.3523112041088073,0.0,0.0,1.4518799999999468,0.30624922350602546,0.0,0.107,10.514,53.66,synthetic_default
main,default,default,markov_modulated,budget_only_bexgov,19,5000,0.1328031022629507,1.6428946185701214,84.83851279999996,0.4414460579645293,0.7773318893697603,0.3467433145278052,3461.4104596550783,0.7123594444445027,0.0,0.11605124340617935,0.0,3.7333920000000873,0.2742544745799278,0.0,0.0,9.8198,51.3754,synthetic_default
main,default,default,markov_modulated,xai_gate,19,5000,0.13875022031938503,1.6350579615133551,84.5000415800001,0.6486726854022388,0.7648225188108813,0.722738388799451,391.0258273004516,0.9336538888889366,0.23385436833846215,0.1385803664227924,0.4842976217163586,3.8070159999998285,0.27787847536902355,0.0018,0.0,9.8138,51.1984,synthetic_default
main,default,default,non_markovian,never_explain,19,5000,0.13452208729706427,1.2229500000000106,63.5934,0.0,0.0,0.0,11461.293862399903,0.0,0.0,0.0,0.0,0.0,0.13568502525584547,0.0,0.0,9.3262,54.7464,synthetic_default
main,default,default,non_markovian,always_explain,19,5000,0.13963775211208151,1.2462765407628278,63.72838399999995,1.0,1.0,0.8499999999999328,0.0,2.190497222222049,0.0,0.0,0.0,9.2774,0.12564260295297158,0.0944,0.547,9.2774,54.9458,synthetic_default
main,default,default,non_markovian,threshold_explain,19,5000,0.14109723159241602,1.2443191053957043,64.2495122,0.4286631016042848,0.8167835047556948,0.32513796791445854,2508.34254529777,0.72912222222228,0.0,0.0,0.0,3.53744000000007,0.13290488930246935,0.0086,0.0,9.35,55.0208,synthetic_default
main,default,default,non_markovian,rate_limited,19,5000,0.13495002148970986,1.260762759813843,65.15228016,0.517735559683769,0.7746897065686786,0.5509850088564238,2945.5953759666168,0.7364972222222795,0.0,0.0,0.0,3.9371840000001495,0.12411825411279231,0.0,0.0,9.2588,54.91,synthetic_default
main,default,default,non_markovian,fifo_explanation,19,5000,0.13546186573302432,1.2217973121444345,62.87554999999997,0.8259033820566677,0.6556658336507146,0.8761144926914356,910.806575422216,1.8197083333332564,0.0,0.0,0.0,7.707,0.13206631582267558,0.0,0.4522,9.3316,54.9532,synthetic_default
main,default,default,non_markovian,static_coarse_full,19,5000,0.1366546375449107,1.1774000308533685,60.792687559999884,0.4230872468809773,0.8112695630601804,0.31974811569930417,2546.710395977768,0.7104500000000546,0.0,0.0,0.0,3.4640400000000575,0.13127382175677704,0.0088,0.0,9.3138,54.8868,synthetic_default
main,default,default,non_markovian,static_offload,19,5000,0.13755236882137586,1.2264998756592498,63.63062947999997,0.40077053508187566,0.6974968855531886,0.48154493357085937,2173.710962113398,0.8397222222222346,0.2941984503444871,0.0,0.0,1.2271039999999516,0.1303913219641546,0.0,0.0,9.3182,54.9556,synthetic_default
main,default,default,non_markovian,budget_only_bexgov,19,5000,0.13843663364889597,1.1976316988621691,61.88707974000005,0.39687159616833506,0.7550004528574602,0.3063211710257395,3162.085993002611,0.5921522222222646,0.0,0.09086212463674524,0.0,3.137828000000134,0.13156808225334116,0.0008,0.0,9.291,54.7382,synthetic_default
main,default,default,non_markovian,xai_gate,19,5000,0.13563557183497735,1.2156533962892138,62.903161260000026,0.6322139362459402,0.7727102861427585,0.684999245640855,115.96587363600177,0.7981916666666132,0.20619867663857577,0.046252990495075114,0.559885337414057,3.603571999999694,0.12958573903178516,0.0014,0.0,9.2794,54.7658,synthetic_default
main,default,default,transient_overload,never_explain,19,5000,0.24522992303920524,1.023988461538477,53.2474,0.0,0.0,0.0,13062.23762359978,0.0,0.0,0.0,0.0,0.0,0.19922873392504492,0.0,0.0,10.1254,56.2884,synthetic_default
main,default,default,transient_overload,always_explain,19,5000,0.2510904647830091,1.0524061059582517,53.272618000000016,1.0,1.0,0.8499999999999218,0.0,2.386469444444225,0.0,0.0,0.0,10.1074,0.20103998079742946,0.2004,0.5252,10.1074,56.1036,synthetic_default
main,default,default,transient_overload,threshold_explain,19,5000,0.247266853459353,1.036236869705636,53.26877660000004,0.4395134942478779,0.8223271392595379,0.33429796249728316,3974.430189075524,0.8131555555556047,0.0,0.0,0.0,3.9302,0.20173134214709187,0.0022,0.0,10.1006,56.0336,synthetic_default
main,default,default,transient_overload,rate_limited,19,5000,0.2467502038784926,1.0367901099393768,53.421826519999954,0.463141377687135,0.7656852635609415,0.6697052016318492,7975.968158060162,0.8092583333333896,0.0,0.0,0.0,4.060104000000093,0.2083162990217855,0.0,0.0,10.1968,56.259,synthetic_default
main,default,default,transient_overload,fifo_explanation,19,5000,0.24807353019609926,1.0407953268251577,53.43857499999998,0.720741530443023,0.4856691274859107,0.891888770433464,8257.240977644462,1.7239416666665741,0.0,0.0,0.0,7.3014,0.20066134509057898,0.0,0.447,10.1304,56.249,synthetic_default
main,default,default,transient_overload,static_coarse_full,19,5000,0.24760768883180245,1.0357768573959494,53.25004500000001,0.43968987492084743,0.8206175078553828,0.33383272640912504,4038.852415346629,0.8102972222222704,0.0,0.0,0.0,3.9259519999999974,0.19852319399030582,0.0032,0.0,10.1056,56.2114,synthetic_default
main,default,default,transient_overload,static_offload,19,5000,0.2475942379096135,1.0293939710788573,53.33047995999998,0.40890370252980585,0.7016255254795584,0.49425959309813505,3820.023668739989,0.9357611111111196,0.3035123516709919,0.0,0.0,1.3429839999999305,0.19800881674112558,0.0,0.0,10.0958,56.181,synthetic_default
main,default,default,transient_overload,budget_only_bexgov,19,5000,0.24870350881555697,1.0365018979691876,53.34980432000004,0.4127809325447678,0.7637681246737453,0.3203004342444089,4619.5171492727395,0.6792705555556047,0.0,0.09889375749120705,0.0,3.588084000000018,0.20531976747628455,0.0,0.0,10.1786,56.2982,synthetic_default
main,default,default,transient_overload,xai_gate,19,5000,0.24817097738063937,1.0379993360161304,53.34740898,0.6796914864388554,0.7489424060146247,0.7724374926404936,2395.5232578691707,0.9925894444447343,0.24445578364799622,0.15353063547513443,0.5772461435804843,4.193879999999257,0.2054668776955284,0.0114,0.0,10.1908,56.3588,synthetic_default
main,default,default,adversarial_explanation_flood,never_explain,19,5000,0.0,0.014076923076923082,0.732,0.0,0.0,0.0,20018.28381719911,0.0,0.0,0.0,0.0,0.0,0.807066689825434,0.0,0.0,12.1726,44.9074,synthetic_default
main,default,default,adversarial_explanation_flood,always_explain,19,5000,0.0,0.01996253891271649,1.021679999999999,1.0,1.0,0.8499999999999874,0.0,2.8605805555555133,0.0,0.0,0.0,12.1154,0.7914345197960628,0.0428,0.6548,12.1154,45.0864,synthetic_default
main,default,default,adversarial_explanation_flood,threshold_explain,19,5000,0.0,0.016731866158701977,0.862583480000001,0.5831927522649196,0.8869923795332122,0.4583814268567358,3625.785399577806,1.4059944444444403,0.0,0.0,0.0,6.5112160000001165,0.8049805461328168,0.0,0.2862,12.1638,44.9268,synthetic_default
main,default,default,adversarial_explanation_flood,rate_limited,19,5000,0.0,0.015179917995115094,0.7828847199999988,0.6194162183701961,0.8774550332821468,0.645591751344879,4725.898635042265,1.3995166666666534,0.0,0.0,0.0,6.676656000000109,0.7909249454720646,0.0,0.2844,12.0456,44.8394,synthetic_default
main,default,default,adversarial_explanation_flood,fifo_explanation,19,5000,0.0,0.01867701703364384,0.9592389999999911,0.8778649766861496,0.7620516938781169,0.8683202534970549,2406.7590527110924,2.5249249999999406,0.0,0.0,0.0,10.6938,0.8076460209558447,0.0,0.6038,12.1816,44.9262,synthetic_default
main,default,default,adversarial_explanation_flood,static_coarse_full,19,5000,0.0,0.016098980010132966,0.8301053199999991,0.5790456839483524,0.8858382765965808,0.45497558497738616,3699.991194373347,1.3997361111111177,0.0,0.0,0.0,6.4848400000001165,0.8058853729735627,0.0004,0.2872,12.2056,45.0586,synthetic_default
main,default,default,adversarial_explanation_flood,static_offload,19,5000,0.0,0.01672469014874606,0.8675306400000007,0.5346061217515871,0.7524119640856806,0.694752575138791,3147.7817087978747,1.6400833333333378,0.4519876979154801,0.0,0.0,1.8663119999998343,0.8184293029497343,0.0,0.3832,12.2906,45.0594,synthetic_default
main,default,default,adversarial_explanation_flood,budget_only_bexgov,19,5000,0.0,0.01626860723589892,0.8400280200000007,0.5105366569882815,0.7739004812568193,0.4236538207733932,5286.988330199405,0.9174066666666983,0.0,0.1429325590603141,0.13819783555496898,5.336595999999901,0.7955986859450057,0.0,0.0,12.1232,45.0108,synthetic_default
main,default,default,adversarial_explanation_flood,xai_gate,19,5000,0.0,0.01671994083079706,0.8617782200000004,0.686315591468293,0.7991787912152534,0.658468332897152,1603.1167657857695,0.9965066666669152,0.046519235802146036,0.13173907354095787,0.6350922533368228,6.857443999999159,0.8088162632511708,0.0002,0.0,12.2272,45.0652,synthetic_default
main,default,default,rtt_uncertainty,never_explain,19,5000,0.0,0.014538461538461521,0.756,0.0,0.0,0.0,6971.483360400199,0.0,0.0,0.0,0.0,0.0,0.08300530041884469,0.0,0.0,7.3046,44.965,synthetic_default
main,default,default,rtt_uncertainty,always_explain,19,5000,0.0,0.020687164716591894,1.0654970000000006,1.0,1.0,0.8499999999999562,0.0,1.715583333333245,0.0,0.0,0.0,7.266,0.07534997713438196,0.0,0.4164,7.266,45.0458,synthetic_default
main,default,default,rtt_uncertainty,threshold_explain,19,5000,0.0,0.016103901249506346,0.8343818799999985,0.41533222091528654,0.8058472408063128,0.31318488935089733,148.30594000000022,0.5444444444444853,0.0,0.0,0.0,2.662864000000068,0.08119538679715643,0.0,0.0,7.3114,45.0822,synthetic_default
main,default,default,rtt_uncertainty,rate_limited,19,5000,0.0,0.014925297129216216,0.7724644399999985,0.6037102716375392,0.8258960012224497,0.41768393269551063,0.3867327977777783,0.6256083333333953,0.0,0.0,0.0,3.500592000000158,0.07883965118348879,0.0,0.0,7.2744,44.952,synthetic_default
main,default,default,rtt_uncertainty,fifo_explanation,19,5000,0.0,0.017982484347293076,0.9263079999999984,0.9902931309464885,0.9743528844225482,0.8514560303579883,0.0939727999999999,1.7006138888888138,0.0,0.0,0.0,7.2026,0.08016110635871043,0.0,0.4094,7.2732,44.8896,synthetic_default
main,default,default,rtt_uncertainty,static_coarse_full,19,5000,0.0,0.01636270625706462,0.847919839999999,0.4113590930251693,0.8010538925276296,0.3091327326998591,199.44480521777854,0.5340777777778181,0.0,0.0,0.0,2.6246080000000602,0.07983511349254102,0.0,0.0,7.3034,45.0896,synthetic_default
main,default,default,rtt_uncertainty,static_offload,19,5000,0.0,0.013388014361813307,0.6952812399999999,0.38567575666764103,0.6888097849661158,0.5509533213753769,52.86173439999909,0.6272222222222357,0.2773312992072357,0.0,0.0,0.947359999999976,0.08834521538158113,0.0,0.0,7.3414,44.9698,synthetic_default
main,default,default,rtt_uncertainty,budget_only_bexgov,19,5000,0.0,0.01569932881881087,0.8137380199999997,0.39093666393665816,0.7529266758435366,0.2996491946492063,626.3718599875638,0.4566177777778048,0.0,0.08334698334698334,0.0,2.427140000000116,0.08547806374183509,0.0,0.0,7.326,44.994,synthetic_default
main,default,default,rtt_uncertainty,xai_gate,19,5000,0.0,0.014565928010413733,0.7537771800000004,0.6423201621074354,0.8525008567126443,0.5526897323766542,0.43122730577777857,0.5753716666666596,0.02264574605000137,0.05914729318984638,0.39316520167583996,3.788999999999765,0.08377849002849214,0.0,0.0,7.3038,44.928,synthetic_default
main,default,default,detection_matrix_perturbation,never_explain,19,5000,0.0,0.015642307692307664,0.8134,0.0,0.0,0.0,6633.3749416238115,0.0,0.0,0.0,0.0,0.0,0.07422349393664596,0.0,0.0,7.2532,45.0136,synthetic_default
main,default,default,detection_matrix_perturbation,always_explain,19,5000,0.0,0.01615758695041609,0.8321999999999998,1.0,1.0,0.8499999999999632,0.0,1.6861166666665937,0.0,0.0,0.0,7.1412,0.0612525133637396,0.0,0.4072,7.1412,44.8602,synthetic_default
main,default,default,detection_matrix_perturbation,threshold_explain,19,5000,0.0,0.015296553097430783,0.7929083199999987,0.3841975445500671,0.7873049055343224,0.2872031150403407,346.2335765681588,0.486397222222251,0.0,0.0,0.0,2.408120000000054,0.06796777420634115,0.0,0.0,7.2166,45.0488,synthetic_default
main,default,default,detection_matrix_perturbation,rate_limited,19,5000,0.0,0.013980702842083928,0.723806799999999,0.5900156902300401,0.8145140826464925,0.40274438934187873,0.4003746880067538,0.5768666666667129,0.0,0.0,0.0,3.3070800000001275,0.06235070878446081,0.0,0.0,7.1382,44.795,synthetic_default
main,default,default,detection_matrix_perturbation,fifo_explanation,19,5000,0.0,0.017810525198415247,0.9176909999999987,0.9907626387690938,0.9760069180016571,0.8513856041845977,0.09433833885683794,1.6815361111110372,0.0,0.0,0.0,7.1218,0.06835148796651813,0.0,0.4026,7.1882,44.8554,synthetic_default
main,default,default,detection_matrix_perturbation,static_coarse_full,19,5000,0.0,0.014673306549893069,0.7605090399999982,0.3853711423854971,0.7898655878754537,0.288791583895264,239.85496224794696,0.4862694444444728,0.0,0.0,0.0,2.399104000000056,0.06068025272804323,0.0,0.0,7.1482,44.9284,synthetic_default
main,default,default,detection_matrix_perturbation,static_offload,19,5000,0.0,0.01691051881022807,0.8783482000000001,0.360010014186742,0.6762614846040219,0.4216885031572192,117.4759897068901,0.5622666666666756,0.25191243150018083,0.0,0.0,0.8860799999999923,0.061334750453924336,0.0,0.0,7.1898,45.162,synthetic_default
main,default,default,detection_matrix_perturbation,budget_only_bexgov,19,5000,0.0,0.01616971099147086,0.8383725399999997,0.3664166045651462,0.7400896830124739,0.2786909000579703,747.6539051999202,0.4170516666666896,0.0,0.0748530264138445,0.0,2.235048000000088,0.0725863033651013,0.0,0.0,7.2462,45.0388,synthetic_default
main,default,default,detection_matrix_perturbation,xai_gate,19,5000,0.0,0.014872474464408975,0.7704160800000008,0.6348417350528014,0.7615546036768835,0.6588338078489785,0.5821974434635312,0.5130105555554981,0.15145425110255123,0.0,0.6979009657790431,3.0196439999996683,0.06713133614816025,0.0,0.0,7.1652,44.763,synthetic_default
main,default,default,poisson,never_explain,20,5000,0.0,0.014342307692307701,0.7458,0.0,0.0,0.0,5506.078513800278,0.0,0.0,0.0,0.0,0.0,0.0025573172630013463,0.0,0.0,6.7626,44.969,synthetic_default
main,default,default,poisson,always_explain,20,5000,0.0,0.01750370783651878,0.9018880000000007,1.0,1.0,0.8499999999999579,0.0,1.5933722222221431,0.0,0.0,0.0,6.7484,0.0016059178518115225,0.0,0.3744,6.7484,44.9172,synthetic_default
main,default,default,poisson,threshold_explain,20,5000,0.0,0.016039819572608673,0.8315699199999995,0.3824704098019408,0.7867194614841492,0.2860465116279236,10.491181235555555,0.4517750000000238,0.0,0.0,0.0,2.2352160000000683,0.0,0.0,0.0,6.7252,45.0482,synthetic_default
main,default,default,poisson,rate_limited,20,5000,0.0,0.016974240713911976,0.8791177599999989,0.5864248904158389,0.8084150169586828,0.3988271531809301,0.24720406222222305,0.5365361111111506,0.0,0.0,0.0,3.0967840000001363,0.0004326002832621967,0.0,0.0,6.7528,44.9992,synthetic_default
main,default,default,poisson,fifo_explanation,20,5000,0.0,0.01845065781503124,0.951008,0.9949229588523526,0.9858054802834776,0.8507615561721106,0.040191288888888836,1.5916722222221553,0.0,0.0,0.0,6.7412,0.0040023175211396644,0.0,0.3696,6.7756,44.9906,synthetic_default
main,default,default,poisson,static_coarse_full,20,5000,0.0,0.015732151377337827,0.8157035199999993,0.3790234652761336,0.7823865745474777,0.2826617681915303,8.971434595555557,0.4461555555555791,0.0,0.0,0.0,2.2163840000000525,0.0,0.0,0.0,6.7504,45.0936,synthetic_default
main,default,default,poisson,static_offload,20,5000,0.0,0.013111916408405165,0.6810722399999982,0.36301717523458754,0.6748686629682386,0.4227799091069764,4.194499255555576,0.5302666666666744,0.2512542052765154,0.0,0.0,0.8496959999999985,0.0021011416547997985,0.0,0.0,6.7772,45.0866,synthetic_default
main,default,default,poisson,budget_only_bexgov,20,5000,0.0,0.01529823436002012,0.7933348,0.364257481315169,0.7366230575941994,0.27549555404567644,96.75615440799942,0.38662000000001745,0.0,0.06806298189122921,0.0,2.071584000000063,0.0054727587307918935,0.0,0.0,6.7702,44.889,synthetic_default
main,default,default,poisson,xai_gate,20,5000,0.0,0.01655769013375313,0.8583672200000003,0.6652665365046011,0.7788156364823232,0.7501053129806257,0.21078412222222237,0.6517816666666103,0.262454147438173,0.0,0.6166134185303515,2.5809599999997337,0.002910469680383221,0.0,0.0,6.7608,44.9412,synthetic_default
main,default,default,bursty,never_explain,20,5000,0.16042719565071586,1.2323846153846265,64.084,0.0,0.0,0.0,10305.426022000047,0.0,0.0,0.0,0.0,0.0,0.15060343161042744,0.0,0.0,8.7492,50.6934,synthetic_default
main,default,default,bursty,always_explain,20,5000,0.16436248414213311,1.256887380589891,64.22104900000011,1.0,1.0,0.8499999999999428,0.0,2.060116666666528,0.0,0.0,0.0,8.7252,0.14943346414837722,0.1474,0.513,8.7252,50.6058,synthetic_default
main,default,default,bursty,threshold_explain,20,5000,0.16223858749945688,1.235349939593571,63.79111983999994,0.42342062418308973,0.8098568616021663,0.3196461739549358,1868.7984174488984,0.6639888888889446,0.0,0.0,0.0,3.242456000000058,0.14796929026178063,0.0002,0.0,8.7218,50.6506,synthetic_default
main,default,default,bursty,rate_limited,20,5000,0.1599748767036944,1.2444132816935198,64.28448988000002,0.5025273645483566,0.7945597464322858,0.6011894152327257,2907.902177357715,0.7129972222222838,0.0,0.0,0.0,3.693128000000141,0.14921610336406066,0.0,0.0,8.7522,50.772,synthetic_default
main,default,default,bursty,fifo_explanation,20,5000,0.16370594554883833,1.2400602645964705,63.80380200000008,0.784511398785657,0.5733460605739502,0.8823232901820858,1383.9073881999939,1.616888888888811,0.0,0.0,0.0,6.848,0.14924368995566817,0.0,0.3836,8.729,50.6362,synthetic_default
main,default,default,bursty,static_coarse_full,20,5000,0.16051458903109417,1.2394167261064006,63.98997111999998,0.42606122915239614,0.8134492156246702,0.3225382682202595,1854.4656172666892,0.6752555555556087,0.0,0.0,0.0,3.2848160000000513,0.1515890587199924,0.0002,0.0,8.754,50.6778,synthetic_default
main,default,default,bursty,static_offload,20,5000,0.16244091842141428,1.2315754314389522,63.88896447999996,0.39814286692066403,0.6963778171402613,0.478057082886533,1582.6051843867372,0.7840666666666868,0.29189386507266546,0.0,0.0,1.148159999999962,0.14687547016765912,0.0,0.0,8.7662,50.957,synthetic_default
main,default,default,bursty,budget_only_bexgov,20,5000,0.16163129538330684,1.2539909939386844,64.7899185599999,0.39908256252141316,0.757444758990156,0.307074340527591,2385.839775656873,0.5601533333333768,0.0,0.08790681740322027,0.0,2.9697000000001093,0.14944791847149785,0.0,0.0,8.757,50.7896,synthetic_default
main,default,default,bursty,xai_gate,20,5000,0.16036421108943305,1.2537889820311658,64.88496117999998,0.6333458302853533,0.7757789967690256,0.7284036667885705,107.88162670000273,0.8821122222221869,0.27336320409656184,0.1040599853694221,0.4463012070226774,3.0695879999999907,0.14712484528079983,0.0,0.0,8.7488,50.8448,synthetic_default
main,default,default,self_similar,never_explain,20,5000,0.3519065016050425,4.605430769230368,239.4824,0.0,0.0,0.0,25117.08081919797,0.0,0.0,0.0,0.0,0.0,0.2993414635563634,0.0,0.0,15.6524,80.3094,synthetic_default
main,default,default,self_similar,always_explain,20,5000,0.365206396300746,4.677458490576434,239.15743500000002,1.0,1.0,0.8499999999999769,0.0,3.7257861111110095,0.0,0.0,0.0,15.7798,0.304844690091326,0.2702,0.7282,15.7798,80.6216,synthetic_default
main,default,default,self_similar,threshold_explain,20,5000,0.35321622209771375,4.62873519577265,239.17049611999997,0.4353380073326027,0.8174828674670357,0.3300154370618079,9945.240318937726,1.2295416666666579,0.0,0.0,0.0,5.969880000000118,0.29627035662234613,0.0,0.188,15.547,79.9576,synthetic_default
main,default,default,self_similar,rate_limited,20,5000,0.3606382445823332,4.634724787069839,239.43038108000002,0.4452156571629883,0.7987564533397122,0.7050278064369773,15146.334164564782,1.2539027777777758,0.0,0.0,0.0,6.173488000000158,0.31031486761744276,0.0,0.1972,15.8956,80.8742,synthetic_default
main,default,default,self_similar,fifo_explanation,20,5000,0.36120411028692756,4.659690360237231,239.34002900000002,0.7366516298391824,0.4562818939918914,0.8895022555241152,11977.089278088879,2.7298222222221593,0.0,0.0,0.0,11.5616,0.3000832494626069,0.0,0.6346,15.6948,80.481,synthetic_default
main,default,default,self_similar,static_coarse_full,20,5000,0.35186329707901853,4.631126748263577,239.28964855999993,0.43734417903136125,0.8188185246757111,0.3317771647351497,9773.851222564344,1.2348472222222207,0.0,0.0,0.0,5.989688000000098,0.2963153281646511,0.0002,0.1922,15.5146,79.7882,synthetic_default
main,default,default,self_similar,static_offload,20,5000,0.35352408001693214,4.616701732785767,239.53872252000002,0.4066586987755785,0.7005908211752758,0.491043751350983,9537.74520613543,1.4479666666666662,0.3012752863990642,0.0,0.0,2.084543999999794,0.30538300988801015,0.0,0.3054,15.7298,80.333,synthetic_default
main,default,default,self_similar,budget_only_bexgov,20,5000,0.36204524160003365,4.628843631751491,239.32831726,0.40003042838643427,0.7382315262362478,0.31935031622889415,11408.852118173767,0.9156183333333571,0.0,0.07629729287950611,0.10036338031710905,5.374319999999912,0.30732201255690295,0.0,0.0,15.9062,81.1134,synthetic_default
main,default,default,self_similar,xai_gate,20,5000,0.34493946741762505,4.623335944841971,239.39673364000004,0.44294946632144266,0.4880973170521884,0.5320521587641218,6503.165409452967,1.0,0.1683459223338837,0.09712814779183297,0.33914897489513113,3.978159999995806,0.29630097763127705,0.0,0.0,15.3838,79.1164,synthetic_default
main,default,default,markov_modulated,never_explain,20,5000,0.1901455131954414,2.027776923076952,105.4444,0.0,0.0,0.0,15799.784554199678,0.0,0.0,0.0,0.0,0.0,0.3283233784111137,0.0,0.0,11.2418,56.421,synthetic_default
main,default,default,markov_modulated,always_explain,20,5000,0.15186838255913498,1.848845370998777,94.50608699999997,1.0,1.0,0.8499999999999367,0.0,2.420658333333153,0.0,0.0,0.0,10.2522,0.2950289140007434,0.2266,0.5768,10.2522,52.7772,synthetic_default
main,default,default,markov_modulated,threshold_explain,20,5000,0.20698859426937682,2.185729975121721,112.68751747999993,0.48902451738459185,0.8489739590717327,0.3769621726816242,4344.159957897835,1.065144444444471,0.0,0.0,0.0,5.057128000000049,0.3312468627763956,0.0048,0.0686,11.5102,57.6412,synthetic_default
main,default,default,markov_modulated,rate_limited,20,5000,0.1595245887226049,1.72285253986227,88.93941863999987,0.4973851965529639,0.7895572066046064,0.6718952898122762,5874.776123597888,0.8975027777778548,0.0,0.0,0.0,4.414168000000074,0.2841025796500589,0.001,0.0,10.1652,52.7746,synthetic_default
main,default,default,markov_modulated,fifo_explanation,20,5000,0.18478932766682513,1.9789860746664232,101.83353400000009,0.6814508073157886,0.401783796385307,0.8977823789025628,7744.225846577821,1.7717777777777142,0.0,0.0,0.0,7.504,0.3242467097667985,0.0,0.4298,11.0118,55.4368,synthetic_default
main,default,default,markov_modulated,static_coarse_full,20,5000,0.18258369890098133,2.0755833124263874,107.02582891999992,0.48965156233223356,0.8478061526375104,0.3770428433372733,3625.5086523911527,1.0328416666666973,0.0,0.0,0.0,4.910640000000056,0.32708715555476564,0.0036,0.034,11.1756,56.141,synthetic_default
main,default,default,markov_modulated,static_offload,20,5000,0.17174028696203736,1.9570612965375778,101.50819784000005,0.4514257128564449,0.7214876685616743,0.5608700646619759,3028.418969868995,1.146044444444449,0.3523613658681192,0.0,0.0,1.5106239999999487,0.31167022695956037,0.0,0.1186,10.7946,54.8644,synthetic_default
main,default,default,markov_modulated,budget_only_bexgov,20,5000,0.1353243862051647,1.6228041143007679,83.80852933999981,0.4386811060483182,0.7766902835714895,0.34483906539335174,2936.1477242728474,0.6921561111111657,0.0,0.11722114724424193,0.0,3.631144000000113,0.25729353460284443,0.0,0.0,9.6126,50.9698,synthetic_default
main,default,default,markov_modulated,xai_gate,20,5000,0.17429106426243904,2.0473731799806805,105.75744917999981,0.6492822066851314,0.7462950023790323,0.7169219956552968,1142.7907114795823,0.9829444444446466,0.21667062195366837,0.13328100184377226,0.535643220942332,4.3592439999995145,0.31202628890733,0.0014,0.0,10.9558,55.6686,synthetic_default
main,default,default,non_markovian,never_explain,20,5000,0.13744039685796566,1.2214423076923222,63.515,0.0,0.0,0.0,11509.522076199875,0.0,0.0,0.0,0.0,0.0,0.12949089020674664,0.0,0.0,9.3306,55.0726,synthetic_default
main,default,default,non_markovian,always_explain,20,5000,0.14056188901300276,1.2278251957405386,62.77867099999989,1.0,1.0,0.8499999999999461,0.0,2.1961638888887496,0.0,0.0,0.0,9.3014,0.13179675503086496,0.0926,0.538,9.3014,54.7884,synthetic_default
main,default,default,non_markovian,threshold_explain,20,5000,0.13621484899267453,1.24096713364601,64.08549379999998,0.42624076029567726,0.8134273318414879,0.32252009568348766,2515.769931186658,0.7153305555556098,0.0,0.0,0.0,3.482048000000065,0.13192681005105622,0.0062,0.0,9.2806,54.6596,synthetic_default
main,default,default,non_markovian,rate_limited,20,5000,0.13967102952393654,1.2558622609041528,64.89294692000011,0.5146631749276195,0.7722162076960274,0.5608871997955904,3188.7465652688284,0.7506027777778379,0.0,0.0,0.0,3.987736000000148,0.13193769137056388,0.0,0.0,9.3936,55.3246,synthetic_default
main,default,default,non_markovian,fifo_explanation,20,5000,0.13953949691808706,1.2504903148528357,64.3543949999999,0.8213407988374329,0.6498450539848522,0.8767988801743195,1023.9968298222213,1.8148916666665895,0.0,0.0,0.0,7.6866,0.13575104884581068,0.0,0.4512,9.3586,54.9334,synthetic_default
main,default,default,non_markovian,static_coarse_full,20,5000,0.1370489610885743,1.2490557702667362,64.50202035999996,0.425084388639252,0.8111702919235271,0.3211595106534127,2547.4358676755614,0.7123750000000536,0.0,0.0,0.0,3.474888000000047,0.12813422835070742,0.0064,0.0,9.3022,54.971,synthetic_default
main,default,default,non_markovian,static_offload,20,5000,0.13473210558893142,1.2383435683447626,64.2475004,0.39664983201009274,0.6964070434904547,0.47670204797876603,2331.0935284511656,0.8338055555555728,0.2912966252220249,0.0,0.0,1.2176239999999428,0.1342678560592261,0.0,0.0,9.3458,54.93,synthetic_default
main,default,default,non_markovian,budget_only_bexgov,20,5000,0.13774882903042412,1.24567852738415,64.38020149999993,0.3982690652435867,0.7565548485349064,0.3079316577724375,3127.092731434609,0.5969844444444885,0.0,0.09151747288689964,0.0,3.155708000000152,0.1291067150652847,0.0008,0.0,9.2944,54.8776,synthetic_default
main,default,default,non_markovian,xai_gate,20,5000,0.13643494386279345,1.1686100129802437,60.45955924000001,0.6346383647799343,0.773139535865559,0.6893118376841311,119.11128494044632,0.8001894444443887,0.2077194796243646,0.04374515378650814,0.5707547169811321,3.619191999999679,0.12755276751691924,0.0004,0.0,9.2856,54.9012,synthetic_default
main,default,default,transient_overload,never_explain,20,5000,0.24492045373475066,1.0236384615384775,53.2292,0.0,0.0,0.0,13314.585223799726,0.0,0.0,0.0,0.0,0.0,0.2142636322560696,0.0,0.0,10.2122,56.068,synthetic_default
main,default,default,transient_overload,always_explain,20,5000,0.2509684301406712,1.0535491774386043,53.339355999999995,1.0,1.0,0.8499999999999195,0.0,2.3971888888886617,0.0,0.0,0.0,10.1528,0.2073773601285276,0.2012,0.5256,10.1528,56.0598,synthetic_default
main,default,default,transient_overload,threshold_explain,20,5000,0.2482664569580116,1.0354499623088906,53.23540516000001,0.4355882819313523,0.8195470774213841,0.3307143423452074,4022.813651391082,0.8015055555556032,0.0,0.0,0.0,3.8834239999999918,0.19957154762371632,0.002,0.0,10.0904,56.0778,synthetic_default
main,default,default,transient_overload,rate_limited,20,5000,0.24676669096547044,1.0352782287284392,53.349661919999996,0.46298911127650405,0.7647334392239712,0.6634033136186996,7898.961295502447,0.8027027777778368,0.0,0.0,0.0,4.048672000000092,0.2104833327999458,0.0,0.0,10.2124,56.2442,synthetic_default
main,default,default,transient_overload,fifo_explanation,20,5000,0.246098357666198,1.040943656163993,53.44647199999997,0.7183842959607399,0.4799836065368262,0.8922423556058086,8255.532241466697,1.7074138888887973,0.0,0.0,0.0,7.2314,0.19980118928853696,0.0,0.4442,10.0662,55.9326,synthetic_default
main,default,default,transient_overload,static_coarse_full,20,5000,0.24603767248224193,1.0335181564741538,53.13897564,0.43841143495522633,0.8207366654621285,0.3329872124803082,3966.6601513333158,0.8022722222222697,0.0,0.0,0.0,3.8850799999999888,0.1952330879775701,0.0028,0.0,10.0254,55.9188,synthetic_default
main,default,default,transient_overload,static_offload,20,5000,0.24481742281190572,1.0295033041791957,53.33945836000006,0.4073565420007508,0.7009927619714436,0.4919495675526401,3793.2222737844495,0.9341055555555645,0.3018640654002607,0.0,0.0,1.3442479999999366,0.2028492911212607,0.0,0.0,10.1284,56.1356,synthetic_default
main,default,default,transient_overload,budget_only_bexgov,20,5000,0.2466248144986304,1.0360186271436091,53.32193209999999,0.41067000983285834,0.7629146635467505,0.3188790560472115,4631.054988146539,0.6760716666667173,0.0,0.09874139626352016,0.0,3.5687800000000287,0.20584782840678706,0.0,0.0,10.17,56.226,synthetic_default
main,default,default,transient_overload,xai_gate,20,5000,0.2484449984652395,1.0361844701038891,53.25866248,0.6804438502674871,0.7497465832811981,0.7741142800555316,2322.2949793847138,0.9912005555558464,0.2467023172905526,0.15448603683897802,0.5721330956625075,4.149955999999265,0.20139627517185676,0.0104,0.0,10.098,56.0348,synthetic_default
main,default,default,adversarial_explanation_flood,never_explain,20,5000,0.0,0.01642692307692308,0.8542,0.0,0.0,0.0,20116.576935999037,0.0,0.0,0.0,0.0,0.0,0.8028702013404978,0.0,0.0,12.177,45.0282,synthetic_default
main,default,default,adversarial_explanation_flood,always_explain,20,5000,0.0,0.020189462024056214,1.0333220000000003,1.0,1.0,0.8499999999999872,0.0,2.847216666666624,0.0,0.0,0.0,12.0588,0.7884999577302503,0.0398,0.6466,12.0588,44.9494,synthetic_default
main,default,default,adversarial_explanation_flood,threshold_explain,20,5000,0.0,0.018724397016902643,0.9653183599999987,0.5781232589388119,0.884796376976705,0.4537582341952592,3666.0644824400238,1.3938999999999917,0.0,0.0,0.0,6.466584000000107,0.80545755506149,0.0,0.2806,12.2052,45.0678,synthetic_default
main,default,default,adversarial_explanation_flood,rate_limited,20,5000,0.0,0.01747573924141309,0.9012419599999983,0.6138597005685648,0.8759323736456278,0.6588729778603127,5266.903327373428,1.4278194444444325,0.0,0.0,0.0,6.774544000000099,0.8129541024277811,0.0,0.3032,12.2766,45.144,synthetic_default
main,default,default,adversarial_explanation_flood,fifo_explanation,20,5000,0.0,0.017816721629904796,0.9149989999999941,0.8825134804326971,0.7715701002103187,0.8676229779350747,2086.262247088875,2.519541666666616,0.0,0.0,0.0,10.671,0.7895903727153937,0.0,0.603,12.0916,45.0442,synthetic_default
main,default,default,adversarial_explanation_flood,static_coarse_full,20,5000,0.0,0.018626961603020506,0.9603212399999993,0.5778091131187592,0.8851022562272566,0.4536834511141301,3706.2613136178093,1.3935388888888744,0.0,0.0,0.0,6.461840000000116,0.8020517548058466,0.0,0.2844,12.1978,45.1256,synthetic_default
main,default,default,adversarial_explanation_flood,static_offload,20,5000,0.0,0.014754570581133641,0.7653757199999994,0.5335516122192704,0.7516374748656874,0.6920321954561683,3169.164763548998,1.6289388888888896,0.4495620830818913,0.0,0.0,1.8659119999998475,0.8117695728617258,0.0,0.3858,12.2626,45.122,synthetic_default
main,default,default,adversarial_explanation_flood,budget_only_bexgov,20,5000,0.0,0.017414688269947243,0.8991786600000001,0.5114138129260349,0.7731698796041205,0.4248263118994853,5416.979757352277,0.9190638888889273,0.0,0.14134844378746816,0.14399277326106594,5.36810799999992,0.8035110481158421,0.0,0.0,12.177,45.0122,synthetic_default
main,default,default,adversarial_explanation_flood,xai_gate,20,5000,0.0,0.01769689355285634,0.9120838600000006,0.6863722661246304,0.7995293125302003,0.6609476341935331,1582.1454065875475,0.9963305555557939,0.05005410368232941,0.12776666557366298,0.6399973767911598,6.813083999999218,0.806009569831347,0.0002,0.0,12.1988,45.0304,synthetic_default
main,default,default,rtt_uncertainty,never_explain,20,5000,0.0,0.013719230769230782,0.7134,0.0,0.0,0.0,6798.91565520019,0.0,0.0,0.0,0.0,0.0,0.0799567993543635,0.0,0.0,7.2796,44.9376,synthetic_default
main,default,default,rtt_uncertainty,always_explain,20,5000,0.0,0.01649966759423315,0.8500720000000008,1.0,1.0,0.8499999999999577,0.0,1.708783333333248,0.0,0.0,0.0,7.2372,0.07413509060955348,0.0002,0.4152,7.2372,44.918,synthetic_default
main,default,default,rtt_uncertainty,threshold_explain,20,5000,0.0,0.013734006210487018,0.7115029999999996,0.41559654674661595,0.8058532360270787,0.3133091827670657,83.91382329777801,0.5365277777778208,0.0,0.0,0.0,2.625016000000057,0.06868870258628346,0.0,0.0,7.2048,44.9448,synthetic_default
main,default,default,rtt_uncertainty,rate_limited,20,5000,0.0,0.015510654752466933,0.8028286399999988,0.6027144947946993,0.8267744049732747,0.4165976306851425,0.42241167111111144,0.6201416666667222,0.0,0.0,0.0,3.4758480000001355,0.07474513644660163,0.0,0.0,7.2426,44.926,synthetic_default
main,default,default,rtt_uncertainty,fifo_explanation,20,5000,0.0,0.017651847605813054,0.909433999999999,0.9912822776429044,0.9782775307398593,0.8513076583535235,0.08794426666666658,1.6967888888888085,0.0,0.0,0.0,7.1864,0.0734041671108554,0.0,0.4122,7.2496,45.0256,synthetic_default
main,default,default,rtt_uncertainty,static_coarse_full,20,5000,0.0,0.016328925626844775,0.8459839999999987,0.41830347359193804,0.8089281693003835,0.3160119438965805,149.11353169333358,0.550080555555597,0.0,0.0,0.0,2.683520000000067,0.0840282232200098,0.0,0.0,7.3008,44.8992,synthetic_default
main,default,default,rtt_uncertainty,static_offload,20,5000,0.0,0.015625127745217928,0.8114667600000002,0.38403680981592603,0.6898481736969345,0.5505421097929285,43.226042284443764,0.6265055555555662,0.2776823449216087,0.0,0.0,0.9380239999999765,0.08474305564798579,0.0,0.0,7.335,45.0798,synthetic_default
main,default,default,rtt_uncertainty,budget_only_bexgov,20,5000,0.0,0.01691656384428165,0.8768243599999996,0.39359243006033323,0.7548534447291189,0.3020268787712673,532.6873928506692,0.45907555555558155,0.0,0.08390016456390564,0.0,2.4355080000001137,0.080161876151708,0.0,0.0,7.292,45.0056,synthetic_default
main,default,default,rtt_uncertainty,xai_gate,20,5000,0.0,0.017084728174081836,0.8839981200000013,0.6435364220309303,0.8526648251268097,0.5549385594938655,0.441086549333334,0.5800938888888821,0.023561568949022824,0.05789257892578926,0.39453327866612,3.802967999999782,0.07904120619022215,0.0,0.0,7.317,45.2068,synthetic_default
main,default,default,detection_matrix_perturbation,never_explain,20,5000,0.0,0.012399999999999993,0.6448,0.0,0.0,0.0,6420.985378188737,0.0,0.0,0.0,0.0,0.0,0.05857931183887244,0.0,0.0,7.1342,44.9294,synthetic_default
main,default,default,detection_matrix_perturbation,always_explain,20,5000,0.0,0.019423898109589232,1.000563000000001,1.0,1.0,0.8499999999999565,0.0,1.697449999999913,0.0,0.0,0.0,7.1892,0.06416803588081033,0.0002,0.4116,7.1892,45.038,synthetic_default
main,default,default,detection_matrix_perturbation,threshold_explain,20,5000,0.0,0.01418104499812762,0.7348689999999987,0.38840728891362136,0.7924760141829302,0.2913158992906017,224.00644969951782,0.49395833333336636,0.0,0.0,0.0,2.434104000000056,0.0662691703004985,0.0,0.0,7.189,44.948,synthetic_default
main,default,default,detection_matrix_perturbation,rate_limited,20,5000,0.0,0.01552458028804588,0.8037023599999991,0.58742725070314,0.8115017356841631,0.39992063713070986,0.4298543059782541,0.5733805555556031,0.0,0.0,0.0,3.3031280000001404,0.0654739387465928,0.0,0.0,7.1822,44.939,synthetic_default
main,default,default,detection_matrix_perturbation,fifo_explanation,20,5000,0.0,0.01763388425619292,0.9084959999999984,0.9912239286805343,0.9774307676221937,0.8513164106978764,0.08561681259659532,1.6854083333332481,0.0,0.0,0.0,7.1382,0.06579880150544404,0.0,0.4086,7.2014,45.0454,synthetic_default
main,default,default,detection_matrix_perturbation,static_coarse_full,20,5000,0.0,0.015069053771570484,0.7810523999999984,0.3887742548789368,0.7903502776110745,0.2910333836604775,254.05401565664923,0.48960000000002957,0.0,0.0,0.0,2.419152000000055,0.05974746329951097,0.0,0.0,7.1532,44.9994,synthetic_default
main,default,default,detection_matrix_perturbation,static_offload,20,5000,0.0,0.012501747628746365,0.6493131999999994,0.36503601524040385,0.6776400404191775,0.4275395611424446,56.818765328571516,0.5701777777777878,0.25538838056567564,0.0,0.0,0.8987679999999871,0.0718906318004835,0.0,0.0,7.1914,44.7272,synthetic_default
main,default,default,detection_matrix_perturbation,budget_only_bexgov,20,5000,0.0,0.015968584290790646,0.8279636200000005,0.3668975176813148,0.7437545788718094,0.27999722645958425,702.7685207277625,0.42023500000002223,0.0,0.07424767715989461,0.0,2.2368920000000827,0.06564402671868708,0.0,0.0,7.211,45.112,synthetic_default
main,default,default,detection_matrix_perturbation,xai_gate,20,5000,0.0,0.01468270380555655,0.7605589200000008,0.6324950851447247,0.7593491531677394,0.6550322580644539,0.5918055151558862,0.5083116666666062,0.148913193963727,0.0,0.7003184272462966,3.0349999999996466,0.07041660738843669,0.0,0.0,7.223,44.9856,synthetic_default
