stage,variant,ablation,regime,policy,seed,slots,packet_drop_rate,mean_packet_delay,mean_packet_queue,explanation_coverage,high_risk_explanation_coverage,mean_explanation_delay,mean_explanation_debt,exposure_use,offload_rate,audit_rate,redaction_rate,local_compute_load,attacker_trigger_gain,budget_violation_rate,exposure_budget_violation_rate,alerts_per_slot,packets_per_slot,calibration_status
profile_sensitivity,profile_default,default,adversarial_explanation_flood,xai_gate,1,5000,0.0,0.019000902716981634,0.9794515000000019,0.6864108481456905,0.7988965458382108,0.6605026351108098,1568.2293898506614,0.9960488888891309,0.04882320206880749,0.12913679662182068,0.6405446986808079,6.835823999999239,0.8087836937697039,0.0,0.0,12.2196,45.038,synthetic_default
profile_sensitivity,profile_default,default,transient_overload,xai_gate,1,5000,0.24904393979778608,1.0360321400268053,53.24686514,0.6797832677166422,0.7493140979987425,0.7729915354331414,2373.9519393611604,0.9919294444447294,0.24535433070866142,0.15358267716535434,0.5758858267716536,4.176939999999226,0.20357043433966826,0.0102,0.0,10.16,56.277,synthetic_default
profile_sensitivity,profile_default,default,non_markovian,xai_gate,1,5000,0.1365235471846469,1.2279721851567653,63.53909539999998,0.6327379927699035,0.7710887808300368,0.6872809433637239,117.16667496844616,0.7999055555555006,0.20999741779996556,0.041207608882768115,0.5644258908590118,3.584011999999685,0.127791448859637,0.0002,0.0,9.2944,54.9416,synthetic_default
profile_sensitivity,profile_default,default,rtt_uncertainty,xai_gate,1,5000,0.0,0.01603603184217069,0.8297619200000016,0.6422793635171063,0.8516846024736271,0.5538434257323576,0.46025596800000057,0.5767133333333282,0.02392279090113736,0.05752405949256343,0.39468503937007876,3.7881679999997715,0.08373814994733109,0.0,0.0,7.3152,44.9998,synthetic_default
profile_sensitivity,profile_default,default,adversarial_explanation_flood,xai_gate,2,5000,0.0,0.017855832962120535,0.9204598600000016,0.6870613170837625,0.8016736399080551,0.6594798893875001,1457.801154080886,0.9912833333335713,0.04785481280323227,0.129390140915037,0.6332566110844331,6.77439599999927,0.7902461510641559,0.0,0.0,12.0782,44.9778,synthetic_default
profile_sensitivity,profile_default,default,transient_overload,xai_gate,2,5000,0.2472497189541323,1.0359570135753566,53.248900899999974,0.6801447155115544,0.7487852702413057,0.7744061128465431,2347.7844405464975,0.9907983333336187,0.24716302241904234,0.15414574354513463,0.5746708315210944,4.1502279999992435,0.20041056310033856,0.0122,0.0,10.1164,56.183,synthetic_default
profile_sensitivity,profile_default,default,non_markovian,xai_gate,2,5000,0.13557852912646165,1.2242939505016426,63.34456824000005,0.6331382450689049,0.7709332620972502,0.6893251758815403,117.30503904622404,0.7998149999999467,0.2088998230394061,0.04689455738270965,0.5675687340843368,3.596355999999684,0.12654895010538647,0.0008,0.0,9.2676,54.8436,synthetic_default
profile_sensitivity,profile_default,default,rtt_uncertainty,xai_gate,2,5000,0.0,0.01655388241279329,0.85653428,0.6443475874183884,0.8526206325756228,0.5565716673425303,0.401863708444445,0.5789205555555503,0.023961135203381455,0.056348465718834055,0.3986660811330076,3.7933919999997814,0.07926690186947427,0.0,0.0,7.2868,45.0108,synthetic_default
profile_sensitivity,profile_default,default,adversarial_explanation_flood,xai_gate,3,5000,0.0,0.016819449421639293,0.8667424600000017,0.6881269579555745,0.8020949709803893,0.6594280296784888,1511.3587588515484,0.9929811111113505,0.044385820280296785,0.12948062654575432,0.6394558944765045,6.851055999999191,0.7999729929855959,0.0,0.0,12.13,44.9266,synthetic_default
profile_sensitivity,profile_default,default,transient_overload,xai_gate,3,5000,0.247327219222501,1.036398602326569,53.270616479999966,0.6799458530127706,0.7500055833405163,0.7736863427070307,2326.389119951828,0.9903800000002836,0.24672450249985178,0.15319249846847025,0.5744125842341363,4.152131999999239,0.19680618328969723,0.0112,0.0,10.1206,56.3756,synthetic_default
profile_sensitivity,profile_default,default,non_markovian,xai_gate,3,5000,0.13771452093397749,1.2113257573705536,62.6764991999999,0.6323519341207622,0.7709557181647043,0.689494203055562,117.7853009968909,0.7990399999999444,0.21328421280745477,0.04110954599631596,0.5639397551197313,3.539999999999713,0.12587224906065742,0.0006,0.0,9.229,54.648,synthetic_default
profile_sensitivity,profile_default,default,rtt_uncertainty,xai_gate,3,5000,0.0,0.015483942849879213,0.8012573200000008,0.6435748061802842,0.85333102336084,0.5547052847536169,0.33586468355555593,0.5759649999999937,0.023258371364161215,0.055094298125034365,0.39814152966404576,3.783495999999763,0.07961468197610055,0.0,0.0,7.2748,44.9222,synthetic_default
profile_sensitivity,profile_default,default,adversarial_explanation_flood,xai_gate,4,5000,0.0,0.018134193406224738,0.9345595200000008,0.6865009322561588,0.7987050209612331,0.66113653462432,1585.8662466395508,0.9975533333335713,0.04942592653168035,0.13102286480651598,0.6396421445160446,6.836543999999232,0.8098050098050094,0.0,0.0,12.2284,45.045,synthetic_default
profile_sensitivity,profile_default,default,transient_overload,xai_gate,4,5000,0.24817203391943257,1.0362006920841509,53.26159955999998,0.6803714454977351,0.7484295719397044,0.7745778041075004,2342.7328039695976,0.9912600000002931,0.24682069510268562,0.15345576619273302,0.5766785150078989,4.159871999999258,0.20235199424466588,0.0096,0.0,10.128,56.1566,synthetic_default
profile_sensitivity,profile_default,default,non_markovian,xai_gate,4,5000,0.1354578465579638,1.2897850712234282,66.72401513999998,0.6370414676417675,0.7747838640059878,0.6920116667371022,141.10787036711426,0.8247849999999532,0.20803567654394048,0.06499133448873484,0.5516549012977131,3.706503999999726,0.13812044390401423,0.0022,0.0,9.4628,55.4294,synthetic_default
profile_sensitivity,profile_default,default,rtt_uncertainty,xai_gate,4,5000,0.0,0.015040178812660059,0.7782743200000016,0.641813724162262,0.8516596258518809,0.5528519083232202,0.44305704355555653,0.5800816666666609,0.023514750900766667,0.05363963915151843,0.3982065938829139,3.8213479999997646,0.09485716997529514,0.0,0.0,7.3826,44.9532,synthetic_default
profile_sensitivity,profile_default,default,adversarial_explanation_flood,xai_gate,5,5000,0.0,0.01705396712969663,0.8789101799999999,0.6877342565118008,0.8022868492376743,0.6581371579294493,1503.583006875105,0.993301666666903,0.04409825255522585,0.12711836465545664,0.6375370919881306,6.84845599999914,0.7978287350292106,0.0002,0.0,12.132,44.9876,synthetic_default
profile_sensitivity,profile_default,default,transient_overload,xai_gate,5,5000,0.24758646186139188,1.0349842698193512,53.19960116000004,0.6803362740832666,0.749679658222487,0.7741092692962734,2318.9398951820517,0.990898333333616,0.24664714958262451,0.15429046168453533,0.5736242433833129,4.153611999999249,0.19904179118637644,0.0108,0.0,10.1108,56.216,synthetic_default
profile_sensitivity,profile_default,default,non_markovian,xai_gate,5,5000,0.13688637040651688,1.3160940843573898,68.11427374000012,0.6316140509769034,0.7692876319121787,0.6886811575451589,119.10316289289068,0.80171944444439,0.21445206365635916,0.04310605080433001,0.5588907577521888,3.537051999999705,0.1258516902706106,0.0004,0.0,9.2748,54.9202,synthetic_default
profile_sensitivity,profile_default,default,rtt_uncertainty,xai_gate,5,5000,0.0,0.015693469892799426,0.8121287800000014,0.6436563720270279,0.85282629179859,0.5538316628677138,0.440159380000001,0.5789016666666624,0.021954616203817483,0.056169957128423584,0.39854182026705987,3.816663999999772,0.08280480773495147,0.0,0.0,7.3242,45.094,synthetic_default
profile_sensitivity,profile_default,default,adversarial_explanation_flood,xai_gate,6,5000,0.0,0.019601899412998468,1.0102697400000018,0.6876789381171573,0.8008821637224536,0.6588710922740826,1578.7547152724405,0.9956138888891324,0.04463390994365318,0.12921985116554138,0.6383289800075567,6.866747999999167,0.802570913322733,0.0,0.0,12.1746,45.0268,synthetic_default
profile_sensitivity,profile_default,default,transient_overload,xai_gate,6,5000,0.2474208052949731,1.0367263801954982,53.28810381999996,0.67999467119297,0.7486700345519668,0.774143838320121,2345.995436905159,0.9912788888891786,0.24698034262256258,0.15364727244019893,0.5754914344359359,4.15631199999924,0.20393867677948374,0.0094,0.0,10.1336,56.1136,synthetic_default
profile_sensitivity,profile_default,default,non_markovian,xai_gate,6,5000,0.1392069336339788,1.3049621189853493,67.52450888000004,0.6318774061083692,0.7704858740324406,0.6879215501753608,125.53801057244596,0.8090694444443932,0.21145949182992557,0.0516939002480965,0.5534904611172897,3.592295999999716,0.12636019146870647,0.0012,0.0,9.3512,55.3476,synthetic_default
profile_sensitivity,profile_default,default,rtt_uncertainty,xai_gate,6,5000,0.0,0.015138246284549559,0.7833313200000008,0.6419851374242299,0.8519653837227078,0.5527686162716218,0.38976249866666746,0.5743999999999928,0.022649035571826678,0.057592481285175676,0.39754658215398064,3.794851999999769,0.08426275642449887,0.0,0.0,7.3204,45.01,synthetic_default
profile_sensitivity,profile_default,default,adversarial_explanation_flood,xai_gate,7,5000,0.0,0.01698658093739829,0.8755467600000005,0.6871254432990554,0.800283930818382,0.6600199587628963,1525.7265204044395,0.994203333333577,0.04770309278350515,0.13532371134020618,0.6310103092783506,6.801731999999244,0.7945814739989172,0.0,0.0,12.125,45.043,synthetic_default
profile_sensitivity,profile_default,default,transient_overload,xai_gate,7,5000,0.24855721563841945,1.037909963026692,53.34578858000006,0.6798031232791557,0.7479619904101797,0.773674966564464,2375.593008277161,0.992391666666954,0.2463614192431752,0.15285972779482337,0.5774329321060498,4.172323999999268,0.205932893833364,0.01,0.0,10.1688,56.2154,synthetic_default
profile_sensitivity,profile_default,default,non_markovian,xai_gate,7,5000,0.138624269472893,1.2739061409518109,65.91161569999974,0.6372161250374184,0.773836956671385,0.693107357902362,134.49823754800278,0.8186811111110638,0.20984754665414015,0.06211299483281377,0.5529102788572404,3.65943999999974,0.1283207693994146,0.0004,0.0,9.3668,55.3436,synthetic_default
profile_sensitivity,profile_default,default,rtt_uncertainty,xai_gate,7,5000,0.0,0.019055454163718268,0.9860190599999998,0.6430073821067014,0.852823831079288,0.5550245988970294,0.3846151151111114,0.5748344444444385,0.024515204936095197,0.057128691053327456,0.39477743499338913,3.7639119999997592,0.07597534717128362,0.0,0.0,7.2608,44.9874,synthetic_default
profile_sensitivity,profile_default,default,adversarial_explanation_flood,xai_gate,8,5000,0.0,0.01825206293185836,0.9406250200000017,0.687021370888413,0.7992337867252912,0.661084794169786,1599.147022686213,0.9963466666669117,0.04860153634035848,0.1326242531678813,0.6374827654126453,6.8270719999991964,0.8016723223989133,0.0004,0.0,12.1848,45.087,synthetic_default
profile_sensitivity,profile_default,default,transient_overload,xai_gate,8,5000,0.2473248989175314,1.0350026513944297,53.19579499999998,0.6793482484546276,0.748520605181267,0.7720496516534918,2379.376152060263,0.9922555555558409,0.24468648807771562,0.1537238740064763,0.5759199293494259,4.18780399999921,0.2048320966986863,0.0116,0.0,10.191,56.3896,synthetic_default
profile_sensitivity,profile_default,default,non_markovian,xai_gate,8,5000,0.13755142646182644,1.1784264072571236,60.967569260000005,0.6341154029566641,0.7722517251830749,0.6890861403736677,115.30846032355717,0.7977127777777253,0.2094984176529241,0.039450296961026574,0.5690163436944553,3.5804759999996953,0.12420909499632593,0.0002,0.0,9.2268,54.7158,synthetic_default
profile_sensitivity,profile_default,default,rtt_uncertainty,xai_gate,8,5000,0.0,0.014835142228840087,0.7677906400000006,0.6423121212121636,0.8526140958849512,0.5521544987062755,0.3806606675555568,0.5728877777777759,0.022617079889807164,0.05826446280991736,0.39121212121212123,3.7662959999997887,0.07624913833359481,0.0,0.0,7.26,44.971,synthetic_default
profile_sensitivity,profile_default,default,adversarial_explanation_flood,xai_gate,9,5000,0.0,0.017791795498575954,0.91717086,0.6872168402893888,0.8013618402211079,0.6615642624908802,1427.6787512297708,0.9906711111113414,0.05022891646207949,0.12855815805188772,0.6365868223740959,6.745079999999277,0.794663403858811,0.0,0.0,12.0568,44.7876,synthetic_default
profile_sensitivity,profile_default,default,transient_overload,xai_gate,9,5000,0.2478014113966453,1.038518705416851,53.375707119999966,0.6797715716032462,0.7474457173246732,0.7735468485159827,2387.912038726484,0.9914250000002903,0.24634396310457646,0.15353384051401317,0.5757026291931097,4.164191999999234,0.20527548543112983,0.0132,0.0,10.1476,56.1288,synthetic_default
profile_sensitivity,profile_default,default,non_markovian,xai_gate,9,5000,0.1373387556895602,1.2564339301258787,65.01817636000007,0.6306180915371971,0.7702674550399047,0.6860276338514446,111.99801831555727,0.7917261111110527,0.20822538860103626,0.03955094991364421,0.572279792746114,3.573487999999681,0.11906763691183686,0.0006,0.0,9.264,55.1888,synthetic_default
profile_sensitivity,profile_default,default,rtt_uncertainty,xai_gate,9,5000,0.0,0.016219952697239998,0.8394534000000015,0.6410813551889013,0.8515036344891291,0.5517685698309749,0.4124411537777782,0.5721833333333258,0.02332657200811359,0.05800120607422839,0.3928512691190176,3.769895999999793,0.07963818714774251,0.0,0.0,7.2964,45.0546,synthetic_default
profile_sensitivity,profile_default,default,adversarial_explanation_flood,xai_gate,10,5000,0.0,0.0162005708426862,0.834935300000002,0.687657424889954,0.802800072450273,0.659373778528607,1440.829972602221,0.9912811111113333,0.046275133326708406,0.12966643479413031,0.6345854450296465,6.7959999999991805,0.7964750670576264,0.0,0.0,12.0756,44.8122,synthetic_default
profile_sensitivity,profile_default,default,transient_overload,xai_gate,10,5000,0.2458063353442705,1.0352639257428502,53.21467341999997,0.6798367700982787,0.749728729130045,0.7735955920041693,2328.394574302051,0.9913422222225026,0.2463628119701928,0.1532350274021212,0.5758979615976028,4.163751999999255,0.20789563606447325,0.008,0.0,10.1452,55.9938,synthetic_default
profile_sensitivity,profile_default,default,non_markovian,xai_gate,10,5000,0.13387841491790486,1.2546787501281202,64.92647943999994,0.6304743219352982,0.7687120160549589,0.6858205769479283,115.89639308444671,0.7936655555555002,0.2102324177482644,0.040231124142986505,0.5664481911086198,3.556563999999669,0.1277173582694502,0.001,0.0,9.2764,54.8388,synthetic_default
profile_sensitivity,profile_default,default,rtt_uncertainty,xai_gate,10,5000,0.0,0.015417923030280506,0.7978892400000009,0.6423705916203599,0.8532935660660222,0.5522301152049941,0.37393396711111143,0.5758955555555513,0.02257967281396432,0.056778012221521935,0.3926232428136903,3.787319999999772,0.08064009854958987,0.0,0.0,7.2986,45.0264,synthetic_default
profile_sensitivity,profile_default,default,adversarial_explanation_flood,xai_gate,11,5000,0.0,0.019049335383503955,0.9816729000000012,0.6870967847716153,0.8001331824055032,0.6578978865734323,1599.5184548088814,0.9959672222224688,0.04426882654817924,0.1338230230689774,0.6331425948090702,6.872543999999191,0.8063379238856816,0.0,0.0,12.1982,45.02,synthetic_default
profile_sensitivity,profile_default,default,transient_overload,xai_gate,11,5000,0.2506202393593413,1.0369560453641984,53.29503552,0.6800258194218279,0.7487195984674241,0.7738419693715386,2381.2191952478224,0.9919283333336227,0.24644736582769972,0.15288645367286202,0.576423517354199,4.166099999999261,0.2012240235334526,0.0108,0.0,10.1474,56.317,synthetic_default
profile_sensitivity,profile_default,default,non_markovian,xai_gate,11,5000,0.13800166773990483,1.2887411288624195,66.67784074000008,0.6358558577672734,0.7725489690542982,0.6913845631603369,134.0492212666691,0.8200438888888424,0.20938176263419186,0.063181567446005,0.5512793312682989,3.6707439999997193,0.13676431928959043,0.002,0.0,9.4268,55.2844,synthetic_default
profile_sensitivity,profile_default,default,rtt_uncertainty,xai_gate,11,5000,0.0,0.017438937937742777,0.9023972800000016,0.6423916659849409,0.8510947966660241,0.5550971453713154,0.4050265186666677,0.5786694444444404,0.025007499522757642,0.057323624860236164,0.39594753061168836,3.7933479999997624,0.0852011168968363,0.0,0.0,7.3338,45.0534,synthetic_default
profile_sensitivity,profile_default,default,adversarial_explanation_flood,xai_gate,12,5000,0.0,0.01729447354319209,0.8913242000000018,0.6870762781523175,0.7999468785406367,0.6590023014959788,1545.9720266199945,0.9947577777780172,0.04639158310044386,0.1270261384185435,0.6383692257109979,6.837499999999214,0.8069640745955631,0.0002,0.0,12.166,44.8856,synthetic_default
profile_sensitivity,profile_default,default,transient_overload,xai_gate,12,5000,0.24954512390230038,1.0381450019547382,53.35813393999998,0.6801562777132873,0.7485045351529522,0.7738194430759674,2374.611620675827,0.9919705555558459,0.2461226178980352,0.1532231046646828,0.5765130165737146,4.170315999999254,0.20271151088514983,0.0098,0.0,10.1486,56.254,synthetic_default
profile_sensitivity,profile_default,default,non_markovian,xai_gate,12,5000,0.13354440881676094,1.3143329168927016,68.01469083999993,0.6356012482367083,0.775148847908247,0.6906598127644841,135.76423982666927,0.8204449999999551,0.21057581327747618,0.06478433719488735,0.5404180737827555,3.634507999999753,0.13392979407440997,0.0006,0.0,9.3572,55.0134,synthetic_default
profile_sensitivity,profile_default,default,rtt_uncertainty,xai_gate,12,5000,0.0,0.01700163790127863,0.8798163000000025,0.6423304549001067,0.8496655002391754,0.5538369165402138,0.5127296928888896,0.5835861111111038,0.02310816990826675,0.05514755333171926,0.4016355957280822,3.8555359999997227,0.09448561560951485,0.0,0.0,7.4346,45.2852,synthetic_default
profile_sensitivity,profile_default,default,adversarial_explanation_flood,xai_gate,13,5000,0.0,0.016082065375746732,0.8288457600000005,0.6866201075959696,0.8000581004610673,0.6596000526463026,1519.882779631995,0.9945183333335693,0.048187815672145175,0.13005281081881448,0.6350624352203741,6.8085839999991515,0.8025319608907253,0.0,0.0,12.1566,44.9612,synthetic_default
profile_sensitivity,profile_default,default,transient_overload,xai_gate,13,5000,0.24781419237322597,1.0361779044470778,53.261146659999966,0.6795471356626803,0.7493722590590948,0.7726741029273637,2339.224001933173,0.9913655555558414,0.24539660056657223,0.15269908718917216,0.5765069247717973,4.175683999999258,0.20796469640476678,0.0102,0.0,10.1664,56.1076,synthetic_default
profile_sensitivity,profile_default,default,non_markovian,xai_gate,13,5000,0.13297696878117463,1.2638520158603597,65.41094905999995,0.629904996942491,0.7686328135046686,0.6886136105529604,107.37492537022385,0.7896322222221628,0.2156241810081244,0.03553332750939111,0.5672883724993448,3.476479999999699,0.11955479920975276,0.0002,0.0,9.1576,54.5312,synthetic_default
profile_sensitivity,profile_default,default,rtt_uncertainty,xai_gate,13,5000,0.0,0.01519213845834955,0.7861313200000019,0.6428938596733338,0.8528474633155134,0.5553526921748541,0.3723108488888892,0.573417222222219,0.0245172309302774,0.05663755819398915,0.3977576375306465,3.762771999999773,0.08154570373018544,0.0,0.0,7.2602,44.752,synthetic_default
profile_sensitivity,profile_default,default,adversarial_explanation_flood,xai_gate,14,5000,0.0,0.01729318032108456,0.8911568000000014,0.6882616955201151,0.8017813810687815,0.6599577111140524,1526.744121444438,0.9938994444446843,0.04534491872604731,0.13114510373992336,0.6364146953878683,6.831323999999178,0.7945445679127638,0.0,0.0,12.1072,44.9778,synthetic_default
profile_sensitivity,profile_default,default,transient_overload,xai_gate,14,5000,0.2467088040576614,1.0397893380771166,53.442180819999976,0.6796320886288373,0.7490629650465447,0.7719856999745334,2349.5141952682775,0.9924316666669517,0.24404329293445168,0.15368598872497988,0.5757724567365299,4.193311999999236,0.2080204069526035,0.0106,0.0,10.1818,56.19,synthetic_default
profile_sensitivity,profile_default,default,non_markovian,xai_gate,14,5000,0.13838374322891708,1.2789182952674214,66.17782986,0.633936727335225,0.771365447720483,0.6922546789148163,127.77012960222457,0.815625555555507,0.21454326923076922,0.060933207417582416,0.5461237980769231,3.5807519999997317,0.12771508928874242,0.0008,0.0,9.3184,55.0872,synthetic_default
profile_sensitivity,profile_default,default,rtt_uncertainty,xai_gate,14,5000,0.0,0.01628644159123204,0.8427389000000006,0.6444323198667657,0.8550264691787461,0.5558441323213594,0.3399118346666664,0.5740377777777743,0.023823406913785924,0.05608774121893655,0.39472442038039707,3.7510159999997783,0.06671761083688876,0.0,0.0,7.203,45.0166,synthetic_default
profile_sensitivity,profile_default,default,adversarial_explanation_flood,xai_gate,15,5000,0.0,0.017356622332321544,0.8946041200000003,0.6871602597917374,0.8003237338957099,0.6606412369774616,1542.5058371968858,0.9949672222224704,0.048842806277198995,0.12743966767770012,0.6378412237900567,6.798955999999214,0.7940630660604064,0.0004,0.0,12.1328,45.085,synthetic_default
profile_sensitivity,profile_default,default,transient_overload,xai_gate,15,5000,0.24922654322086088,1.0351685825538648,53.20659585999996,0.6801784091359167,0.7492928048857955,0.7744396807208221,2360.42384791983,0.9914922222225082,0.24692772750622358,0.15446319200221284,0.574900225234125,4.155767999999263,0.20086219884431555,0.012,0.0,10.1228,56.1974,synthetic_default
profile_sensitivity,profile_default,default,non_markovian,xai_gate,15,5000,0.13459566531039774,1.1419678893155352,59.08665344000001,0.6336424612332624,0.7730550574133623,0.6876478961330001,117.53420413066877,0.8053749999999504,0.20885543597817413,0.04884939720059525,0.5547048547458322,3.598035999999739,0.13206349438876286,0.001,0.0,9.2734,54.6106,synthetic_default
profile_sensitivity,profile_default,default,rtt_uncertainty,xai_gate,15,5000,0.0,0.014557951465562857,0.7533928600000007,0.6434461733708997,0.8539876258195703,0.5529792885966088,0.3417382408888889,0.5749727777777754,0.022236936489543675,0.05733046405120565,0.3917121889311924,3.7735359999998006,0.07640497487616238,0.0,0.0,7.2492,44.8976,synthetic_default
profile_sensitivity,profile_default,default,adversarial_explanation_flood,xai_gate,16,5000,0.0,0.01776289643490901,0.9157197400000018,0.6872925242332717,0.8017335221235239,0.6619721816491886,1439.1775756706634,0.9917550000002298,0.05103903864028681,0.12742331695657946,0.6364858584517329,6.735495999999215,0.7862055879702057,0.0,0.0,12.0496,44.9728,synthetic_default
profile_sensitivity,profile_default,default,transient_overload,xai_gate,16,5000,0.24734486105173153,1.037629617355535,53.33688855999995,0.6803390434697576,0.7492533414634619,0.7745889692049478,2303.922218035385,0.9904072222225099,0.24752945836221407,0.15353995445093574,0.5739578176057035,4.142315999999255,0.19934919956296815,0.0118,0.0,10.099,56.136,synthetic_default
profile_sensitivity,profile_default,default,non_markovian,xai_gate,16,5000,0.14064886177657518,1.2965753048483828,67.07587784000012,0.640020079048092,0.7766484779000562,0.6956999133430383,148.35607301466925,0.8340505555555132,0.2082937036332509,0.07591993743791348,0.5444803753725191,3.7360119999997594,0.1395601735605565,0.002,0.0,9.4626,55.3582,synthetic_default
profile_sensitivity,profile_default,default,rtt_uncertainty,xai_gate,16,5000,0.0,0.015420588495151504,0.7979165999999992,0.6443201627760384,0.8528605901334856,0.5556564871430343,0.4246324800000009,0.5779566666666621,0.02326156891858451,0.057658995298193516,0.39643652561247217,3.7896839999997622,0.07648523972952193,0.0,0.0,7.2738,45.0466,synthetic_default
profile_sensitivity,profile_default,default,adversarial_explanation_flood,xai_gate,17,5000,0.0,0.017104930658333562,0.8816157800000004,0.6867546742024403,0.799640164527721,0.6610439325732026,1554.0833683906603,0.9958188888891323,0.0496171918640949,0.12805178589031643,0.6394538822988204,6.808539999999208,0.8023556236628382,0.0,0.0,12.1732,45.027,synthetic_default
profile_sensitivity,profile_default,default,transient_overload,xai_gate,17,5000,0.2468482212580578,1.0366266856441984,53.28353839999991,0.6805992308913249,0.7497518260592828,0.7746281319379115,2313.599715860268,0.9904116666669577,0.247046463685379,0.15425784966698383,0.573382492863939,4.145759999999233,0.19705150610235855,0.0146,0.0,10.0896,56.1914,synthetic_default
profile_sensitivity,profile_default,default,non_markovian,xai_gate,17,5000,0.13430992823886664,1.256458184894744,65.00665867999999,0.6364960553752805,0.7743445334850454,0.6939708506201643,133.73233387422488,0.8141766666666173,0.2123003503944625,0.05623508673875191,0.5570412089683785,3.6150679999997286,0.13604089053649027,0.001,0.0,9.3038,54.5978,synthetic_default
profile_sensitivity,profile_default,default,rtt_uncertainty,xai_gate,17,5000,0.0,0.017347892497818863,0.8976740200000011,0.6441919721731907,0.853356855487772,0.5550458965023729,0.39082353688888893,0.5755977777777758,0.022885379858657243,0.0592148851590106,0.3941309628975265,3.7749759999997745,0.07524870914646997,0.0,0.0,7.2448,44.9186,synthetic_default
profile_sensitivity,profile_default,default,adversarial_explanation_flood,xai_gate,18,5000,0.0,0.016999125064725645,0.87636952,0.6870133447702262,0.8007891496144947,0.6596874123682519,1530.6790135142135,0.9938388888891202,0.048018078946934335,0.1269650132787886,0.6366230638536529,6.799051999999225,0.7945461757514416,0.0002,0.0,12.1246,45.0424,synthetic_default
profile_sensitivity,profile_default,default,transient_overload,xai_gate,18,5000,0.24842376805907357,1.0384322529309833,53.37096658000001,0.6796197741116345,0.748799872041857,0.772768217925294,2369.353452010487,0.9914483333336306,0.2456980663473479,0.1531744623814874,0.5743993061715255,4.16713599999924,0.20650661720115626,0.0118,0.0,10.1466,56.066,synthetic_default
profile_sensitivity,profile_default,default,non_markovian,xai_gate,18,5000,0.13584623322562817,1.3051857613017355,67.54516654000021,0.6312801204819928,0.7694329391744726,0.6872452667813898,120.66237854711282,0.8034094444443887,0.21325301204819277,0.04348106712564544,0.5559595524956971,3.5498559999996977,0.12750948485818925,0.0004,0.0,9.296,54.9648,synthetic_default
profile_sensitivity,profile_default,default,rtt_uncertainty,xai_gate,18,5000,0.0,0.015938371002527766,0.8247911200000005,0.6439232427056134,0.8537394048266691,0.5543722554097308,0.33265040488888925,0.573504444444444,0.022270114942528736,0.057830459770114945,0.3962754199823165,3.772539999999754,0.07447585457524974,0.0,0.0,7.2384,44.9112,synthetic_default
profile_sensitivity,profile_default,default,adversarial_explanation_flood,xai_gate,19,5000,0.0,0.016111880330654145,0.8303705200000004,0.6874254751529549,0.8015599726040621,0.6608737510149303,1477.644224958663,0.9921722222224572,0.04894861555286749,0.12987787701536066,0.6346584036189498,6.766163999999223,0.7973047427592859,0.0004,0.0,12.0698,44.77,synthetic_default
profile_sensitivity,profile_default,default,transient_overload,xai_gate,19,5000,0.24798917403309018,1.0386503410076917,53.382898459999986,0.6803380198020871,0.7480342902834052,0.7748986138614657,2382.4513295029433,0.9912372222225159,0.24784158415841584,0.15485148514851485,0.5729504950495049,4.141063999999258,0.20098266542050047,0.0098,0.0,10.1,56.0652,synthetic_default
profile_sensitivity,profile_default,default,non_markovian,xai_gate,19,5000,0.13593947389380834,1.2778959951222726,66.1249470799999,0.6344782831081971,0.7722958493619265,0.6893508375601887,130.6506460080023,0.8127911111110598,0.20990153872383957,0.05551766761860108,0.5537487745620391,3.6342959999996958,0.1324871417986293,0.001,0.0,9.3844,55.2436,synthetic_default
profile_sensitivity,profile_default,default,rtt_uncertainty,xai_gate,19,5000,0.0,0.014599665111593102,0.7555037600000004,0.6427744560024485,0.8521689289500768,0.5524394319945957,0.45671777955555537,0.5779361111111051,0.022060228792966936,0.05665219646708712,0.3949272394681519,3.8079759999997504,0.08453588100219167,0.0,0.0,7.3254,45.0294,synthetic_default
profile_sensitivity,profile_default,default,adversarial_explanation_flood,xai_gate,20,5000,0.0,0.017062114332116882,0.8794098399999987,0.6867312297045546,0.7991085482368846,0.6612920261094977,1577.6395305573226,0.9953961111113528,0.049184898481319905,0.13102305900875783,0.6400104962771017,6.823563999999226,0.8052650356099749,0.0002,0.0,12.1948,45.0342,synthetic_default
profile_sensitivity,profile_default,default,transient_overload,xai_gate,20,5000,0.246226091014338,1.0358489400412487,53.24418258000002,0.679914879330199,0.7497485613314109,0.7734073942410988,2294.5927810713765,0.9899388888891725,0.2459217126831773,0.15260496899316664,0.5761741122565864,4.1613319999992395,0.20245792145337949,0.011,0.0,10.1268,56.145,synthetic_default
profile_sensitivity,profile_default,default,non_markovian,xai_gate,20,5000,0.13727124231305318,1.236913682345228,64.00265145999991,0.6325077012559573,0.7707386767537081,0.6895896253850422,119.62533876000188,0.8059638888888351,0.21225307511686523,0.04928803774153939,0.5575278430020896,3.5721479999997174,0.1321380534815204,0.0016,0.0,9.2842,54.6706,synthetic_default
profile_sensitivity,profile_default,default,rtt_uncertainty,xai_gate,20,5000,0.0,0.016336556082049977,0.845393100000001,0.6442930697431555,0.853186315340967,0.5555688639257934,0.4357815888888891,0.5781249999999938,0.023568930862633883,0.057986178033536166,0.3940637132079628,3.7824319999997553,0.07599418141310954,0.0,0.0,7.2638,45.0052,synthetic_default
profile_sensitivity,full_exposure_low,default,adversarial_explanation_flood,xai_gate,1,5000,0.0,0.018980859436523147,0.9770115800000001,0.732817009719012,0.8602454180927891,0.6634363035439668,850.7393607933426,0.9577333333334525,0.0005726627180208776,0.12250073628063746,0.5404136261003305,7.988183999998816,0.8110244386662775,0.0006,0.0,12.2236,44.997,synthetic_default
profile_sensitivity,full_exposure_low,default,transient_overload,xai_gate,1,5000,0.24947678869085754,1.0388307299912931,53.30643678000001,0.694460299104375,0.787960571839491,0.742384797820484,2238.239985447827,0.9886933333336381,0.1932809345537937,0.15235500499813795,0.4929928066014622,4.7591719999992055,0.21143261481766684,0.0134,0.0,10.2038,56.1528,synthetic_default
profile_sensitivity,full_exposure_low,default,non_markovian,xai_gate,1,5000,0.13738580534009906,1.3400616976036532,69.3277119,0.6429850037760797,0.8249339200876316,0.6471502858992045,87.61684710933399,0.7758755555555329,0.15408350415363037,0.013938936239076492,0.4689610529722732,4.105535999999626,0.11828159365683799,0.0004,0.0,9.269,55.2574,synthetic_default
profile_sensitivity,full_exposure_low,default,rtt_uncertainty,xai_gate,1,5000,0.0,0.014632406192512317,0.7567701800000006,0.6860666151127205,0.9088052446398451,0.5595550865531805,0.14810648000000007,0.5605000000000046,0.0072359699513919575,0.0,0.28598652231551036,4.248715999999731,0.07699400645458265,0.0,0.0,7.2416,44.826,synthetic_default
profile_sensitivity,full_exposure_low,default,adversarial_explanation_flood,xai_gate,2,5000,0.0,0.019422699478607804,0.9995179199999998,0.7332051618836045,0.8628122586813098,0.6641891048794976,803.3533198191185,0.9542166666667878,0.00042687331713403825,0.12292309713009786,0.5427694227359297,7.968151999998864,0.8081370322542352,0.0004,0.0,12.1816,44.914,synthetic_default
profile_sensitivity,full_exposure_low,default,transient_overload,xai_gate,2,5000,0.24835968666398328,1.0395741498330537,53.35287165999999,0.6955813999486914,0.7874663442419575,0.7455487648094966,2208.8566231984873,0.9872488888892021,0.1963053066714136,0.1541565299946597,0.49148519551415176,4.708587999999227,0.2006939274226054,0.0098,0.0,10.1118,56.1442,synthetic_default
profile_sensitivity,full_exposure_low,default,non_markovian,xai_gate,2,5000,0.1357117034883088,1.2771970534648522,66.06722284,0.6433878151079402,0.822464588245922,0.6508829506636943,91.90024156000052,0.7789299999999764,0.15853763998789294,0.015112206511869244,0.47219699917844943,4.070343999999609,0.12363399178663959,0.0006,0.0,9.2508,54.8862,synthetic_default
profile_sensitivity,full_exposure_low,default,rtt_uncertainty,xai_gate,2,5000,0.0,0.014795790812139668,0.7651350600000002,0.6859703947368814,0.908397705580106,0.5604748099207508,0.18355547777777764,0.5643111111111162,0.007839912280701754,0.0,0.2889254385964912,4.27679999999976,0.08009202099783974,0.0,0.0,7.296,45.0332,synthetic_default
profile_sensitivity,full_exposure_low,default,adversarial_explanation_flood,xai_gate,3,5000,0.0,0.0174512726237562,0.8981314200000011,0.7333127087825451,0.863203699974285,0.6641259523770408,798.0018534515624,0.953610000000115,0.000559495795553654,0.12300679622834011,0.5408349651960703,7.950723999998828,0.7990837163517401,0.0004,0.0,12.1538,45.037,synthetic_default
profile_sensitivity,full_exposure_low,default,transient_overload,xai_gate,3,5000,0.2475258447202539,1.0395066038367076,53.35215125999996,0.6961116402747516,0.7890771753590644,0.7453992538794836,2127.0753231665162,0.9857988888891877,0.19575743144025082,0.15466126919871415,0.4885303806008652,4.703915999999208,0.1957957081483941,0.012,0.0,10.0788,56.1902,synthetic_default
profile_sensitivity,full_exposure_low,default,non_markovian,xai_gate,3,5000,0.13525079410528149,1.2821806502450754,66.31870593999992,0.6459350239419941,0.8287991195128415,0.6507846084472912,98.20324471022293,0.7878055555555363,0.15327134912284468,0.024113718837903416,0.4638294217431449,4.167119999999624,0.12527847446733364,0.0002,0.0,9.3142,55.1816,synthetic_default
profile_sensitivity,full_exposure_low,default,rtt_uncertainty,xai_gate,3,5000,0.0,0.013823573323360323,0.71483216,0.6847336323360858,0.9084270525573763,0.5578720975529782,0.16354166577777782,0.5629011111111187,0.006836952360115955,0.0,0.28698791226822734,4.280103999999745,0.08984532756311214,0.0,0.0,7.3132,44.7354,synthetic_default
profile_sensitivity,full_exposure_low,default,adversarial_explanation_flood,xai_gate,4,5000,0.0,0.01844065048746279,0.949037380000001,0.732875585700817,0.8600446551305339,0.6638597267276183,834.7473793293427,0.9564722222223433,0.0008846947803007962,0.12184213113142632,0.5420230020642878,7.976387999998812,0.807063588281528,0.0002,0.0,12.2076,45.0366,synthetic_default
profile_sensitivity,full_exposure_low,default,transient_overload,xai_gate,4,5000,0.24827375106143346,1.0372698973263792,53.23140793999999,0.6942968519865284,0.7869589287623073,0.7425227312897071,2226.277436517607,0.9877900000002956,0.19382965770507257,0.1528642406865537,0.49187957817010663,4.744523999999176,0.20612001511172928,0.0106,0.0,10.1842,56.2918,synthetic_default
profile_sensitivity,full_exposure_low,default,non_markovian,xai_gate,4,5000,0.13483986868509198,1.3037437882771887,67.42879576,0.6453851676662399,0.8301196867784629,0.6460237351127344,100.65454358577823,0.7880999999999776,0.1461272066897542,0.025593377819072557,0.467184728439902,4.274319999999641,0.13332399985162025,0.0008,0.0,9.4712,55.7134,synthetic_default
profile_sensitivity,full_exposure_low,default,rtt_uncertainty,xai_gate,4,5000,0.0,0.015700800179476077,0.8120083600000013,0.6865829465075501,0.9090211727366743,0.560269866420301,0.1557560742222223,0.5611922222222284,0.0073220601237842615,0.0,0.28630636604774534,4.251311999999754,0.07458591832826733,0.0,0.0,7.2384,44.9066,synthetic_default
profile_sensitivity,full_exposure_low,default,adversarial_explanation_flood,xai_gate,5,5000,0.0,0.020536338911388684,1.0572579600000007,0.7334574782952937,0.8619130124795934,0.6643646408839812,813.7985425715627,0.9543800000001205,0.0005755064456721916,0.12228689818468824,0.5419133122862405,7.959471999998787,0.8024842842789415,0.0004,0.0,12.1632,44.9868,synthetic_default
profile_sensitivity,full_exposure_low,default,transient_overload,xai_gate,5,5000,0.24870618094921776,1.0372397445205936,53.23549071999998,0.6952301810547497,0.787671878389089,0.7450808208867136,2157.466054127836,0.9864288888891903,0.19678301176657026,0.1527871320470663,0.4898775801275702,4.694379999999212,0.20213699484801406,0.0118,0.0,10.0964,55.9914,synthetic_default
profile_sensitivity,full_exposure_low,default,non_markovian,xai_gate,5,5000,0.1372965450314799,1.1998951324049807,62.05678831999996,0.6484605644383021,0.8281355470876218,0.6529923811567497,92.99972464622294,0.782843333333311,0.15068140358407556,0.018306685266659514,0.4805665843974675,4.211835999999605,0.13114290465456913,0.0,0.0,9.319,54.9238,synthetic_default
profile_sensitivity,full_exposure_low,default,rtt_uncertainty,xai_gate,5,5000,0.0,0.01668792662815536,0.8630015600000012,0.6871157854322456,0.9089039723023574,0.5619991402296148,0.15813461111111116,0.5667300000000062,0.00822729267222466,0.0,0.2883117595436595,4.283811999999732,0.08072702484421423,0.0,0.0,7.2928,44.987,synthetic_default
profile_sensitivity,full_exposure_low,default,adversarial_explanation_flood,xai_gate,6,5000,0.0,0.017732090364167077,0.9123899799999999,0.7325935047451223,0.8624451331195813,0.6623309690342521,815.7757596000084,0.9549655555556744,0.00018060618001510524,0.12276294617935836,0.5363182609266739,7.959703999998841,0.8097780788825011,0.0006,0.0,12.1812,44.8718,synthetic_default
profile_sensitivity,full_exposure_low,default,transient_overload,xai_gate,6,5000,0.24782799861500796,1.03848183504003,53.294262820000014,0.6947921755576,0.7882775804920065,0.7436675596880307,2187.104669813621,0.9874822222225285,0.19478370498778663,0.15335670947915847,0.4914112363091955,4.729395999999212,0.20803676178373376,0.0114,0.0,10.1528,56.0292,synthetic_default
profile_sensitivity,full_exposure_low,default,non_markovian,xai_gate,6,5000,0.135966110660839,1.269869733734642,65.67990833999998,0.6467952895079218,0.831028999747566,0.6505353606337172,101.2057963315561,0.7899044444444246,0.15051427841308376,0.02823739858174152,0.46685406418364955,4.223963999999678,0.13273221987437633,0.0014,0.0,9.3918,55.2752,synthetic_default
profile_sensitivity,full_exposure_low,default,rtt_uncertainty,xai_gate,6,5000,0.0,0.0163112916129393,0.8435159200000008,0.6866171603621726,0.9100671564099093,0.5587870862697558,0.17656481688888898,0.5672144444444511,0.006400262574874867,0.0,0.28218593583326496,4.299467999999738,0.08545014072464086,0.0,0.0,7.3122,44.9104,synthetic_default
profile_sensitivity,full_exposure_low,default,adversarial_explanation_flood,xai_gate,7,5000,0.0,0.020120260785079426,1.0353435800000002,0.7322911456546666,0.861485550033243,0.663137187597059,837.9177449955638,0.9562500000001205,0.0005557462527991631,0.1223132120498864,0.5422775789077952,7.98844399999889,0.80503370110242,0.0,0.0,12.2358,45.1914,synthetic_default
profile_sensitivity,full_exposure_low,default,transient_overload,xai_gate,7,5000,0.24999817432398824,1.0385991646402781,53.30036681999996,0.6949511940211363,0.7889011059474227,0.7429007513163309,2168.913302550958,0.9867755555558465,0.19390270355544162,0.1537536234741969,0.4885724990633196,4.7326999999992125,0.20126970590673654,0.014,0.0,10.1422,56.286,synthetic_default
profile_sensitivity,full_exposure_low,default,non_markovian,xai_gate,7,5000,0.1376918947786239,1.3013646266486791,67.30542587999994,0.6477530441400835,0.8289038718419763,0.6544057584981996,111.48963395777906,0.7991288888888727,0.15214358193810248,0.03748097412480974,0.4690935227464908,4.254875999999657,0.13794969869736295,0.0024,0.0,9.4608,55.426,synthetic_default
profile_sensitivity,full_exposure_low,default,rtt_uncertainty,xai_gate,7,5000,0.0,0.017185732318973298,0.8886635199999994,0.6851903455842396,0.9086679590038763,0.5582434717460316,0.17111082666666666,0.5624688888888945,0.006884256719692814,0.0,0.285874931431706,4.271731999999747,0.0824130150813458,0.0,0.0,7.292,44.912,synthetic_default
profile_sensitivity,full_exposure_low,default,adversarial_explanation_flood,xai_gate,8,5000,0.0,0.017012126060152993,0.8753737200000027,0.7330786915397823,0.8613020363646812,0.663805832895431,822.8992741146772,0.9555622222223439,0.000722543352601156,0.12312795585916973,0.5397727272727273,7.961743999998775,0.8028996319948309,0.0002,0.0,12.1792,45.0356,synthetic_default
profile_sensitivity,full_exposure_low,default,transient_overload,xai_gate,8,5000,0.24958502615456774,1.0371221079032835,53.22174186000002,0.6936933333334512,0.7855984963793563,0.7431021568628079,2248.660111030943,0.9891655555558587,0.1955294117647059,0.15198039215686274,0.49398039215686274,4.731295999999191,0.20822731730891886,0.0136,0.0,10.2,56.2808,synthetic_default
profile_sensitivity,full_exposure_low,default,non_markovian,xai_gate,8,5000,0.1379635693671594,1.316510447402842,68.09539136000018,0.6441656105681991,0.8253806539417777,0.6506186231338984,95.57094229155635,0.7809022222221987,0.1554075824293846,0.017248415852217806,0.47533025453764366,4.127711999999643,0.12952200026445482,0.0006,0.0,9.311,54.9554,synthetic_default
profile_sensitivity,full_exposure_low,default,rtt_uncertainty,xai_gate,8,5000,0.0,0.01659485558966792,0.8581642199999995,0.6855512318106206,0.9087178407527303,0.5589401544313314,0.18247396044444447,0.5634500000000052,0.007015428461812502,0.0,0.28692006248115975,4.2782079999997285,0.08259572580729335,0.0,0.0,7.2982,44.9426,synthetic_default
profile_sensitivity,full_exposure_low,default,adversarial_explanation_flood,xai_gate,9,5000,0.0,0.017287637799799492,0.8899063000000015,0.7329812368560495,0.8626359516673847,0.6634419361198794,807.9703501880093,0.9546266666667856,0.0005093322818086225,0.12261763932702419,0.5394321766561514,7.958075999998853,0.8039470232829042,0.0002,0.0,12.1728,44.9858,synthetic_default
profile_sensitivity,full_exposure_low,default,transient_overload,xai_gate,9,5000,0.24687852157812268,1.0375220439401427,53.24888165999993,0.6961774804994919,0.7902544389894918,0.7455675525475426,2144.7943451007277,0.9862366666669742,0.19601849830299903,0.1542186848738662,0.4883988646964254,4.70218799999921,0.19600721644590013,0.0126,0.0,10.0766,56.168,synthetic_default
profile_sensitivity,full_exposure_low,default,non_markovian,xai_gate,9,5000,0.14205253926929381,1.2763279506907,66.0112584799999,0.6463734828863679,0.8263655067860062,0.6536832416464805,99.95115529777821,0.7864066666666449,0.15399105250765246,0.023481816041269775,0.47815570349123443,4.179683999999655,0.1292973830140065,0.0006,0.0,9.3434,55.1576,synthetic_default
profile_sensitivity,full_exposure_low,default,rtt_uncertainty,xai_gate,9,5000,0.0,0.017411768756251455,0.9002707000000008,0.6856244884596869,0.9081728178133339,0.5596873691127894,0.1831268786666664,0.5644822222222261,0.0068478201560539095,0.0,0.292082719484913,4.299263999999753,0.08178940611373475,0.0,0.0,7.3308,45.177,synthetic_default
profile_sensitivity,full_exposure_low,default,adversarial_explanation_flood,xai_gate,10,5000,0.0,0.019138795182318633,0.9851431799999989,0.7331655881484531,0.8619899220734314,0.6641879906710958,807.5959084062314,0.9540911111112306,0.0005748447919061853,0.12278684755116119,0.542571362874881,7.963363999998878,0.798482310857471,0.001,0.0,12.1772,45.1388,synthetic_default
profile_sensitivity,full_exposure_low,default,transient_overload,xai_gate,10,5000,0.24751476954499707,1.040919894328278,53.423960459999975,0.695070020798377,0.7887918465039907,0.7440822026345042,2167.9441866967277,0.9859577777780788,0.1958601564821234,0.15428345052986037,0.4868970981479647,4.698711999999201,0.19761402360119584,0.012,0.0,10.097,56.2062,synthetic_default
profile_sensitivity,full_exposure_low,default,non_markovian,xai_gate,10,5000,0.13706717308814942,1.2738512062380645,65.89479759999998,0.6444532747518384,0.8258617424641966,0.6504397923800594,94.92447597333378,0.7802666666666438,0.15450884107600527,0.016519135922121,0.47390751868363806,4.131099999999633,0.12937828371278526,0.0004,0.0,9.2862,54.816,synthetic_default
profile_sensitivity,full_exposure_low,default,rtt_uncertainty,xai_gate,10,5000,0.0,0.016184236497957232,0.8369091000000004,0.6855937457512271,0.9078445293878133,0.5608481890134711,0.18680877511111124,0.5668366666666735,0.007858599592114207,0.0,0.29373215499660094,4.3080079999997345,0.09020137968653041,0.0,0.0,7.355,44.9764,synthetic_default
profile_sensitivity,full_exposure_low,default,adversarial_explanation_flood,xai_gate,11,5000,0.0,0.018515630092225704,0.9528933200000014,0.7336152868765595,0.8644107243683868,0.6639892080988817,759.4759234915633,0.9517988888890013,0.00019801653438062078,0.12281975544958004,0.5396280589429218,7.936291999998876,0.7981825599940651,0.0006,0.0,12.1202,44.935,synthetic_default
profile_sensitivity,full_exposure_low,default,transient_overload,xai_gate,11,5000,0.247978941924992,1.0392166441436714,53.335788359999995,0.6949781590339762,0.7882855063454831,0.7444272923132215,2152.147022398507,0.9867255555558547,0.19591643112683574,0.15326230901508114,0.4902852173225545,4.7080359999992085,0.2028940022919974,0.0114,0.0,10.1186,56.0792,synthetic_default
profile_sensitivity,full_exposure_low,default,non_markovian,xai_gate,11,5000,0.13390661335253518,1.2731143792207718,65.85150274000009,0.6451520338947351,0.8280057734109924,0.6480185308026167,93.98359847288911,0.7802977777777527,0.14968009757558898,0.016497977874307235,0.47416172725911027,4.196935999999628,0.1330283348001411,0.0004,0.0,9.3466,54.9948,synthetic_default
profile_sensitivity,full_exposure_low,default,rtt_uncertainty,xai_gate,11,5000,0.0,0.016688969794918268,0.8630873399999996,0.6854943242723615,0.9080025912650521,0.5592831162789875,0.15747384977777779,0.5611466666666718,0.007091223923260863,0.0,0.2890910590110766,4.264767999999732,0.0751334571496507,0.0,0.0,7.2766,45.1206,synthetic_default
profile_sensitivity,full_exposure_low,default,adversarial_explanation_flood,xai_gate,12,5000,0.0,0.01681701615475436,0.8654365400000014,0.7330714850703056,0.8632989161610662,0.6635328917012803,777.0833352595652,0.9526411111112311,0.0006756311383560741,0.1228330367147848,0.5386263265440643,7.934103999998911,0.8026672845474858,0.0002,0.0,12.1368,44.8846,synthetic_default
profile_sensitivity,full_exposure_low,default,transient_overload,xai_gate,12,5000,0.24658647399008904,1.0421061336809498,53.48838556000001,0.6952276953512572,0.7880531283337059,0.7438876360040165,2136.554666821167,0.98573555555586,0.19493570722057368,0.1541839762611276,0.4884470820969337,4.713571999999212,0.2022961358844393,0.0114,0.0,10.11,56.0594,synthetic_default
profile_sensitivity,full_exposure_low,default,non_markovian,xai_gate,12,5000,0.1327957376546702,1.2667383198903661,65.5300830199998,0.6427773811842135,0.823835655115788,0.6492800744153511,88.8703137631115,0.7793355555555356,0.15670495597810805,0.016245916888398555,0.4671512319640037,4.082151999999627,0.1245352142484446,0.0006,0.0,9.2454,54.8102,synthetic_default
profile_sensitivity,full_exposure_low,default,rtt_uncertainty,xai_gate,12,5000,0.0,0.016071344646127816,0.8311376199999997,0.6862249449339591,0.9085554733366473,0.56063391002153,0.16697857733333332,0.5625188888888939,0.007819383259911895,0.0,0.28807819383259914,4.260507999999721,0.077853551990408,0.0,0.0,7.264,44.9288,synthetic_default
profile_sensitivity,full_exposure_low,default,adversarial_explanation_flood,xai_gate,13,5000,0.0,0.018406859402289078,0.9471084800000004,0.7330303976853496,0.862349995890216,0.6639627139263837,812.8464174586738,0.9547144444445617,0.0009370838607855065,0.12282374603383366,0.5402041856412448,7.951007999998778,0.798476704098585,0.0002,0.0,12.1654,45.0952,synthetic_default
profile_sensitivity,full_exposure_low,default,transient_overload,xai_gate,13,5000,0.24862051517677167,1.0386343046503494,53.303037880000055,0.6947316103380922,0.7875862943199935,0.7431907564514498,2200.4195172891714,0.9874277777780837,0.19445702025470937,0.15294372379583882,0.4911127295632148,4.733423999999216,0.20632953172008484,0.0124,0.0,10.1606,56.1516,synthetic_default
profile_sensitivity,full_exposure_low,default,non_markovian,xai_gate,13,5000,0.13563590612777043,1.3140542448605006,67.97346162000007,0.6462953627956194,0.8279185886851302,0.6514349488433463,101.74100514666732,0.7895399999999779,0.15349125317726467,0.025482196637973385,0.4674584018625713,4.184199999999624,0.1303539523878543,0.0008,0.0,9.3634,55.224,synthetic_default
profile_sensitivity,full_exposure_low,default,rtt_uncertainty,xai_gate,13,5000,0.0,0.01604722670470618,0.8298465199999995,0.6855498418809671,0.9086687674025935,0.5596710437553388,0.15637159733333336,0.5618288888888917,0.007617214354461708,0.0,0.2878867042485907,4.260387999999746,0.07604675247817827,0.0,0.0,7.273,45.06,synthetic_default
profile_sensitivity,full_exposure_low,default,adversarial_explanation_flood,xai_gate,14,5000,0.0,0.015670677287924574,0.8066189400000001,0.7338619728129391,0.8658310892756123,0.6631909243307046,724.7057393822301,0.9498911111112156,4.979335756610068e-05,0.12310577768925625,0.5330710883168185,7.894839999998939,0.7884861141414397,0.0006,0.0,12.0498,44.9162,synthetic_default
profile_sensitivity,full_exposure_low,default,transient_overload,xai_gate,14,5000,0.2479245116160038,1.038493949745915,53.29231685999993,0.6941639170399505,0.7859245959618569,0.743905844921105,2260.2509222344906,0.9886188888891869,0.19545918768167178,0.15264356980124125,0.4948739099693613,4.731467999999191,0.2065288480677916,0.013,0.0,10.1832,56.2672,synthetic_default
profile_sensitivity,full_exposure_low,default,non_markovian,xai_gate,14,5000,0.13731314061306862,1.3095027502525491,67.72890394000002,0.6469173785514468,0.8279608758212772,0.6545993105958179,101.51964819866747,0.7882466666666414,0.15488042477572955,0.024428886462414628,0.4771233433960648,4.1765839999996315,0.1322497363732249,0.001,0.0,9.3414,55.002,synthetic_default
profile_sensitivity,full_exposure_low,default,rtt_uncertainty,xai_gate,14,5000,0.0,0.015056369321224403,0.7785607199999997,0.686044776119443,0.9086460928289961,0.5592658975941538,0.18287544355555543,0.5678066666666751,0.0068634927552020915,0.0,0.2864963503649635,4.310091999999726,0.0864570156165636,0.0,0.0,7.3432,45.059,synthetic_default
profile_sensitivity,full_exposure_low,default,adversarial_explanation_flood,xai_gate,15,5000,0.0,0.017326937591833545,0.8919282400000006,0.733480967832371,0.8630061687460187,0.6648505262464447,794.3011726537875,0.9535188888890062,0.0010541399700228946,0.12333437649267867,0.5419597120880207,7.941831999998868,0.8006243002572795,0.0004,0.0,12.1426,44.957,synthetic_default
profile_sensitivity,full_exposure_low,default,transient_overload,xai_gate,15,5000,0.24887407577980794,1.0370218935950501,53.220746039999966,0.694886820727307,0.7879499407755504,0.7439094171465248,2187.1804669704916,0.9871200000003058,0.19514551620790282,0.152496253647764,0.4917580250808423,4.723551999999212,0.20708839549543612,0.0128,0.0,10.1432,56.0202,synthetic_default
profile_sensitivity,full_exposure_low,default,non_markovian,xai_gate,15,5000,0.13623340012491808,1.3014191723372448,67.31151543999995,0.6460852516003768,0.8255628183414212,0.6523748357284921,104.12242266622275,0.7918177777777532,0.15363092967060918,0.02528721014031964,0.47553944635211326,4.211671999999624,0.13552915181907754,0.0016,0.0,9.4356,55.3962,synthetic_default
profile_sensitivity,full_exposure_low,default,rtt_uncertainty,xai_gate,15,5000,0.0,0.016174792627060015,0.8364100600000014,0.6856942085365567,0.9083514535277022,0.5593095239200623,0.17268614755555542,0.5633366666666738,0.00695852282066736,0.0,0.28866911402114953,4.281283999999766,0.08272451954878202,0.0,0.0,7.3004,44.9508,synthetic_default
profile_sensitivity,full_exposure_low,default,adversarial_explanation_flood,xai_gate,16,5000,0.0,0.01686408188333383,0.8680461600000002,0.7330459041757567,0.8639955945063692,0.6637380054973173,768.2909477862323,0.9521444444445577,0.0004279342298006814,0.1227677469262801,0.5411392925918002,7.9457479999989316,0.800831695728595,0.0004,0.0,12.1514,44.9844,synthetic_default
profile_sensitivity,full_exposure_low,default,transient_overload,xai_gate,16,5000,0.2502954412236605,1.0371098920933288,53.222893619999965,0.6962273512077187,0.7894503842350237,0.7455972533688439,2161.2242659167296,0.9859877777780701,0.1956776280537419,0.15418047589751732,0.48917422453313225,4.706911999999201,0.1977276238694552,0.0102,0.0,10.0778,56.094,synthetic_default
profile_sensitivity,full_exposure_low,default,non_markovian,xai_gate,16,5000,0.13666471472841626,1.1967604695433827,61.88749312000001,0.6464199149083035,0.828573016131165,0.6484870428466726,91.87054763644512,0.7773788888888667,0.14843783574713137,0.01469766642313808,0.47599810907215606,4.201895999999604,0.13244782522469256,0.0008,0.0,9.3076,54.7934,synthetic_default
profile_sensitivity,full_exposure_low,default,rtt_uncertainty,xai_gate,16,5000,0.0,0.015225499210314129,0.7873304000000003,0.6868130385706412,0.9078323148328987,0.5599712467030578,0.17925477199999998,0.5616922222222273,0.006221953032513834,0.0,0.2894034083087851,4.274775999999724,0.07929744490302681,0.0,0.0,7.2646,44.8724,synthetic_default
profile_sensitivity,full_exposure_low,default,adversarial_explanation_flood,xai_gate,17,5000,0.0,0.019186164202784777,0.9873504600000007,0.7333353102040547,0.8643862821110987,0.6640562090211213,773.9934378155641,0.9526733333334374,0.0006260090277091365,0.12240123883891799,0.5407400085664393,7.941399999998865,0.7970842011306232,0.0006,0.0,12.1404,45.0374,synthetic_default
profile_sensitivity,full_exposure_low,default,transient_overload,xai_gate,17,5000,0.24641516803813968,1.037739061397561,53.26713808,0.6950474736864151,0.7880446933661688,0.7448502448017382,2120.353933318062,0.9860055555558599,0.1968324446470693,0.15342226803306308,0.4886122618882436,4.68883199999919,0.20016367274016278,0.0122,0.0,10.0898,56.0468,synthetic_default
profile_sensitivity,full_exposure_low,default,non_markovian,xai_gate,17,5000,0.13725417152379124,1.2499895847365947,64.66110603999999,0.6427831139828415,0.828173778769973,0.6454755967996897,84.51711050444506,0.771224444444424,0.15136271980225927,0.012618980507794714,0.46740096702153033,4.109787999999628,0.1235883887015079,0.0006,0.0,9.2242,54.7306,synthetic_default
profile_sensitivity,full_exposure_low,default,rtt_uncertainty,xai_gate,17,5000,0.0,0.015554088704109315,0.8044963399999994,0.685885618948676,0.9086158011492951,0.558644383146426,0.16985002666666676,0.5640388888888952,0.006153930310158088,0.0,0.2878671845085061,4.294267999999767,0.08210655917224408,0.0,0.0,7.3124,45.0504,synthetic_default
profile_sensitivity,full_exposure_low,default,adversarial_explanation_flood,xai_gate,18,5000,0.0,0.018639246532222285,0.9591948000000015,0.7329316788513679,0.8609198776073235,0.663509982624664,824.2508239195644,0.9560122222223442,0.00045897124872963316,0.12215191948332951,0.5408156574763138,7.976651999998848,0.8056591487598386,0.0004,0.0,12.2012,45.048,synthetic_default
profile_sensitivity,full_exposure_low,default,transient_overload,xai_gate,18,5000,0.24758241556075525,1.0375230896327825,53.24996733999996,0.6945135695254332,0.7876407560725125,0.7436932793842522,2188.687189367827,0.9869800000003148,0.19577617684792262,0.15401164511990525,0.4890752985295569,4.708543999999211,0.20658962497246258,0.0124,0.0,10.133,55.987,synthetic_default
profile_sensitivity,full_exposure_low,default,non_markovian,xai_gate,18,5000,0.13714566716521642,1.2704315126493357,65.72038299999997,0.6409962575816801,0.8229689912538194,0.6461625155933757,88.63975455911145,0.7775355555555333,0.15520282186948853,0.013722200714070633,0.4681034111928421,4.09467999999959,0.1279599122261157,0.0008,0.0,9.2988,54.9594,synthetic_default
profile_sensitivity,full_exposure_low,default,rtt_uncertainty,xai_gate,18,5000,0.0,0.01798190426533339,0.9299091600000003,0.6854490291262514,0.9081603288035707,0.5593365237648754,0.17223777111111113,0.5582133333333384,0.006785083848190644,0.0,0.29120697263901146,4.251175999999719,0.0735266249763149,0.0,0.0,7.2512,45.0304,synthetic_default
profile_sensitivity,full_exposure_low,default,adversarial_explanation_flood,xai_gate,19,5000,0.0,0.016951054813800725,0.8725221400000002,0.7327791331686111,0.8612728956025822,0.6636710166522101,826.1018110035661,0.9559977777779004,0.0005894585168568762,0.12234538994318275,0.5423182093560166,7.98161999999888,0.812155712520239,0.0,0.0,12.2146,44.9358,synthetic_default
profile_sensitivity,full_exposure_low,default,transient_overload,xai_gate,19,5000,0.2487734433581739,1.0362668904373709,53.18181336000002,0.6952800537009314,0.7891301972834969,0.7440072259185992,2187.819741024284,0.9871011111114121,0.19470494165959212,0.15383704171684665,0.4898817397484749,4.7260119999992245,0.20001468893224628,0.013,0.0,10.1302,56.2782,synthetic_default
profile_sensitivity,full_exposure_low,default,non_markovian,xai_gate,19,5000,0.13700392827574198,1.2903353725408846,66.74764996,0.6437218599679888,0.8245182106231763,0.6487833244254099,95.79384329777817,0.7839211111110873,0.154206306787814,0.01885622661678247,0.4700160342063068,4.149147999999617,0.1323417626524519,0.0008,0.0,9.355,55.0776,synthetic_default
profile_sensitivity,full_exposure_low,default,rtt_uncertainty,xai_gate,19,5000,0.0,0.016436433507270976,0.8500228,0.6850521119034938,0.9078865791460173,0.5599674587303848,0.17080918311111115,0.5620666666666725,0.008063631376851343,0.0,0.2905924300603401,4.264651999999756,0.08092082833044323,0.0,0.0,7.292,44.974,synthetic_default
profile_sensitivity,full_exposure_low,default,adversarial_explanation_flood,xai_gate,20,5000,0.0,0.017266695057045714,0.8888138400000013,0.7334410398029947,0.8645662637290827,0.663716534651836,747.2632850600075,0.9500522222223304,0.0003472624146313231,0.12307972152861607,0.5383228879003853,7.9151079999989555,0.7952234641017648,0.0006,0.0,12.0946,44.914,synthetic_default
profile_sensitivity,full_exposure_low,default,transient_overload,xai_gate,20,5000,0.24865821530148874,1.0360533682097943,53.16728961999997,0.6949823822366901,0.7877681230246288,0.7431196236295137,2194.6444257002763,0.9877355555558556,0.1938741363358989,0.15279226786874275,0.49077774059565754,4.742119999999216,0.20707311915335502,0.0134,0.0,10.1602,56.1148,synthetic_default
profile_sensitivity,full_exposure_low,default,non_markovian,xai_gate,20,5000,0.13648899790557295,1.2765454043768367,66.03092643999994,0.6443686868687422,0.8259975367132438,0.6501491409824408,90.93305518844497,0.7805288888888661,0.1557670724337391,0.017676767676767676,0.46883363550030216,4.107875999999616,0.12119001208742342,0.0008,0.0,9.2664,55.0986,synthetic_default
profile_sensitivity,full_exposure_low,default,rtt_uncertainty,xai_gate,20,5000,0.0,0.015683755408620322,0.8110570400000009,0.6847803892665464,0.9073021627402202,0.5596321539024284,0.18783083155555583,0.5640755555555615,0.007998252941337046,0.0,0.29091256517347747,4.2826439999997525,0.08755867081110247,0.0,0.0,7.3266,44.9116,synthetic_default
profile_sensitivity,full_exposure_high,default,adversarial_explanation_flood,xai_gate,1,5000,0.0,0.014328278235236016,0.7399854,0.662632864190692,0.7426005226184534,0.7301296879898469,1623.3164088111073,0.9986755555558021,0.18973055917633277,0.15230913920834227,0.6526308842212946,5.190115999999363,0.8040938675334823,0.0,0.0,12.1214,44.7922,synthetic_default
profile_sensitivity,full_exposure_high,default,transient_overload,xai_gate,1,5000,0.24826187930726645,1.0355066741370755,53.23896311999996,0.6790719509785622,0.7456699926700825,0.7768404823088388,2358.170861102049,0.9909766666669549,0.2524609606641629,0.15465507017197075,0.5751927258351452,4.099387999999263,0.20430875438909823,0.0102,0.0,10.118,56.01,synthetic_default
profile_sensitivity,full_exposure_high,default,non_markovian,xai_gate,1,5000,0.1334862651174686,1.238884125246271,64.1089159199999,0.6284627486477276,0.7546044199041572,0.6988758862955513,117.97659897822382,0.7952977777777054,0.23346479601732723,0.05340402146505463,0.5630913126872266,3.3654799999997436,0.1302568599510372,0.0004,0.0,9.2802,54.738,synthetic_default
profile_sensitivity,full_exposure_high,default,rtt_uncertainty,xai_gate,1,5000,0.0,0.017331174194490175,0.8974959200000012,0.6142360330216108,0.7891823855982604,0.5812832730421966,0.816315513333336,0.5150844444444459,0.06319080661528757,0.1885027837963852,0.3986451276706618,3.292936000000025,0.08189346935263364,0.0,0.0,7.2922,44.9348,synthetic_default
profile_sensitivity,full_exposure_high,default,adversarial_explanation_flood,xai_gate,2,5000,0.0,0.016754569511951554,0.8654151999999996,0.6628573079718247,0.7426850452298875,0.7310547519979177,1612.9513442146654,0.9986922222224744,0.19054223631200054,0.15497655372828742,0.6510303150386368,5.182395999999343,0.7978128450824644,0.0,0.0,12.1128,44.9168,synthetic_default
profile_sensitivity,full_exposure_high,default,transient_overload,xai_gate,2,5000,0.24873000426985512,1.0365901480921615,53.29540982,0.6791370628543093,0.7462237971730763,0.7770156592485079,2356.8498069731636,0.9911533333336121,0.25246341896881974,0.15351197646176024,0.5772990264805198,4.104043999999271,0.201276212164337,0.0104,0.0,10.1282,56.208,synthetic_default
profile_sensitivity,full_exposure_high,default,non_markovian,xai_gate,2,5000,0.1350679819313258,1.2214983613531698,63.203354659999874,0.6307912234043159,0.7583667341054716,0.704054993136582,126.1522786582238,0.8106566666665994,0.23543668496911463,0.06494509265614276,0.5573309883321894,3.4009959999997963,0.13048021889961015,0.0012,0.0,9.3248,54.9902,synthetic_default
profile_sensitivity,full_exposure_high,default,rtt_uncertainty,xai_gate,2,5000,0.0,0.014974893711377795,0.7754776999999996,0.6135190012347627,0.7903253675202774,0.5777504233141151,0.6783815168888901,0.512714444444442,0.06050212649197421,0.1865276443956647,0.39876526272465357,3.298748000000001,0.08102416249918276,0.0,0.0,7.289,44.9512,synthetic_default
profile_sensitivity,full_exposure_high,default,adversarial_explanation_flood,xai_gate,3,5000,0.0,0.017050226856629415,0.8807044600000005,0.6575685785537069,0.7364552952875787,0.7269932077700683,1672.603480309775,1.0000377777780336,0.19093713085706784,0.14696810605066282,0.6484938968368552,5.157291999999381,0.8014695016344271,0.0,0.007,12.1904,45.1128,synthetic_default
profile_sensitivity,full_exposure_high,default,transient_overload,xai_gate,3,5000,0.24684026226375388,1.0365995661765808,53.29777621999999,0.6797070614854417,0.7460219036581481,0.7781544476641117,2316.6200657798254,0.990195555555849,0.2536021910848251,0.1550033739530822,0.5745445163339022,4.08219599999924,0.19760934489917714,0.0094,0.0,10.0772,56.0962,synthetic_default
profile_sensitivity,full_exposure_high,default,non_markovian,xai_gate,3,5000,0.13938723559950197,1.2437970835916434,64.35580990000003,0.6302093882871431,0.7566570038349306,0.7014565305642831,129.71065226311327,0.8091955555554866,0.2334038416340833,0.06450441211033481,0.5557763391235605,3.4161239999997686,0.1359482739789848,0.0012,0.0,9.3606,54.9356,synthetic_default
profile_sensitivity,full_exposure_high,default,rtt_uncertainty,xai_gate,3,5000,0.0,0.016213058172265513,0.8395578199999992,0.6132133591851505,0.7893980313696572,0.5788210275291485,0.764021748888889,0.5155966666666673,0.06248122559327125,0.18512247740244137,0.3977716485977225,3.30135600000001,0.08226566771586352,0.0,0.0,7.3238,45.114,synthetic_default
profile_sensitivity,full_exposure_high,default,adversarial_explanation_flood,xai_gate,4,5000,0.0,0.016119573583463807,0.8324056400000017,0.6625168543030905,0.7424760283600043,0.7303202729655538,1616.9994698822213,0.9986266666669124,0.19010335108048856,0.15273542453063443,0.6527106993917616,5.190143999999339,0.8031023096424832,0.0,0.0,12.1334,44.8612,synthetic_default
profile_sensitivity,full_exposure_high,default,transient_overload,xai_gate,4,5000,0.24648432040341067,1.0355307795123438,53.23341399999992,0.6781958722436888,0.7453423032534001,0.7747451542023823,2403.6577056336064,0.9921411111113951,0.25037275366868084,0.1533587067409558,0.5779055167542965,4.133767999999239,0.21184888264404345,0.0124,0.0,10.1944,56.0818,synthetic_default
profile_sensitivity,full_exposure_high,default,non_markovian,xai_gate,4,5000,0.13675954546278993,1.2650716906141974,65.4471343199999,0.6361290048801761,0.7625946162424069,0.7088457458094699,145.6390518982251,0.8266666666666069,0.231487375344791,0.08894546997666031,0.5489921493740717,3.5152239999997903,0.1397892369361362,0.0014,0.0,9.426,55.133,synthetic_default
profile_sensitivity,full_exposure_high,default,rtt_uncertainty,xai_gate,4,5000,0.0,0.016167778429333785,0.8372532600000008,0.6127686130988373,0.7885013862221155,0.5792320471477888,0.7467212715555559,0.5140822222222216,0.06339105260282953,0.18561206096028843,0.3971977931938603,3.291828000000018,0.08534163331851174,0.0,0.0,7.3228,44.98,synthetic_default
profile_sensitivity,full_exposure_high,default,adversarial_explanation_flood,xai_gate,5,5000,0.0,0.015578317999979982,0.8046908600000007,0.6590298691276588,0.7384320828775733,0.7277620322172925,1682.5230103844344,1.0000200000002462,0.19000311991986732,0.14868881262418102,0.6502077209806401,5.176455999999372,0.803132587197253,0.0,0.0056,12.1798,45.032,synthetic_default
profile_sensitivity,full_exposure_high,default,transient_overload,xai_gate,5,5000,0.24781829139901987,1.0348314243516679,53.20823432000001,0.6795042846942243,0.7457258746647686,0.7777598587638647,2308.041551778937,0.9899211111113958,0.25333253987145915,0.154883757835436,0.5745060699833373,4.083871999999251,0.1953591270264683,0.0098,0.0,10.0824,56.2308,synthetic_default
profile_sensitivity,full_exposure_high,default,non_markovian,xai_gate,5,5000,0.13860173234487974,1.1990131680406781,62.029376200000044,0.6337243959803945,0.7590876207687274,0.7072694034637607,133.18122880133564,0.8138422222221546,0.23450930083386787,0.06844130853110969,0.5632670515287578,3.4433159999997764,0.1364299043620254,0.0008,0.0,9.354,54.8736,synthetic_default
profile_sensitivity,full_exposure_high,default,rtt_uncertainty,xai_gate,5,5000,0.0,0.016643398007271396,0.8617730400000008,0.6135413932633709,0.7891617542815921,0.5793158417469557,0.9741657448888902,0.5140844444444441,0.0619258530183727,0.18356299212598426,0.4031878827646544,3.3040440000000113,0.0818629125645014,0.0,0.0,7.3152,45.0778,synthetic_default
profile_sensitivity,full_exposure_high,default,adversarial_explanation_flood,xai_gate,6,5000,0.0,0.015423316838471982,0.7964540399999998,0.6554992482678372,0.7339545818910218,0.7248718786769667,1714.2255694390938,1.0000077777780318,0.18910968754085503,0.14869590796182508,0.6454438488691332,5.172275999999382,0.8119929938955681,0.0,0.011,12.2384,45.0274,synthetic_default
profile_sensitivity,full_exposure_high,default,transient_overload,xai_gate,6,5000,0.24907858590671839,1.0366381887866678,53.29230556000001,0.6782500981547989,0.7454141429632958,0.7750398508049415,2396.564862082053,0.9922122222225076,0.25100117785630155,0.15200235571260307,0.57842559874362,4.127103999999242,0.20762983087492382,0.0114,0.0,10.188,56.2424,synthetic_default
profile_sensitivity,full_exposure_high,default,non_markovian,xai_gate,6,5000,0.13684168521126241,1.1900035600731342,61.57583081999997,0.6282072920048271,0.7562515946475161,0.6994594828518872,116.75558750400121,0.7929488888888195,0.2326950124418479,0.05872552201666126,0.5622416964189116,3.3610479999997724,0.12398491138723555,0.0006,0.0,9.243,54.8228,synthetic_default
profile_sensitivity,full_exposure_high,default,rtt_uncertainty,xai_gate,6,5000,0.0,0.017084632645111064,0.8847985600000006,0.6130586603800026,0.7889973054366848,0.58061839534207,0.6387696857777794,0.5088644444444435,0.06503952295104701,0.18219387047566218,0.3980030508944668,3.236268000000019,0.06714851877832206,0.0,0.0,7.211,45.0484,synthetic_default
profile_sensitivity,full_exposure_high,default,adversarial_explanation_flood,xai_gate,7,5000,0.0,0.015543721935074783,0.8026567600000014,0.6592520066314108,0.7386371201448406,0.7274958554240754,1678.8503393871042,1.0000144444446983,0.18951791605797483,0.1513385749224431,0.6480639495756939,5.183615999999381,0.8055753135595214,0.0,0.0052,12.1846,44.9888,synthetic_default
profile_sensitivity,full_exposure_high,default,transient_overload,xai_gate,7,5000,0.24784618970286446,1.0343141194278898,53.180139679999975,0.6799562821895874,0.7474758267417269,0.7788056453867572,2265.692207146941,0.9879600000002875,0.25478101169800776,0.15560745797899947,0.5714456821176189,4.053331999999265,0.19196930489872566,0.0102,0.0,10.0188,56.035,synthetic_default
profile_sensitivity,full_exposure_high,default,non_markovian,xai_gate,7,5000,0.13685933184436005,1.3646632801972316,70.61203883999994,0.6339401714885046,0.76140866053147,0.7065631748882851,140.39861000489128,0.8252922222221645,0.23591421301344964,0.07994953706673509,0.5390553167832018,3.4351639999998,0.12860312829181964,0.0028,0.0,9.3534,55.2506,synthetic_default
profile_sensitivity,full_exposure_high,default,rtt_uncertainty,xai_gate,7,5000,0.0,0.01586481577154097,0.8215724600000003,0.6132143248575451,0.7890100259728438,0.5799173665502155,0.6511097502222244,0.5123600000000008,0.06302060499780798,0.18448597106532222,0.40146865409907934,3.287812000000034,0.08196405410413177,0.0,0.0,7.2992,44.975,synthetic_default
profile_sensitivity,full_exposure_high,default,adversarial_explanation_flood,xai_gate,8,5000,0.0,0.016016321739697116,0.8275192000000001,0.6626725634455692,0.7422533741900547,0.7311323468628808,1607.6142238617722,0.9983366666669264,0.19150202529552782,0.15256675208729437,0.6512854426717368,5.16489999999935,0.7905326897658242,0.0,0.0,12.097,45.0406,synthetic_default
profile_sensitivity,full_exposure_high,default,transient_overload,xai_gate,8,5000,0.24697053947527894,1.0345152991982411,53.19150725999997,0.679276713959822,0.7466429853447978,0.7772358368886588,2320.7850391113807,0.9896377777780617,0.2531997221946622,0.15535271356285346,0.5726560174620499,4.080567999999283,0.197289675440534,0.0114,0.0,10.079,56.1212,synthetic_default
profile_sensitivity,full_exposure_high,default,non_markovian,xai_gate,8,5000,0.1379647244900924,1.2788386192595702,66.17451095999992,0.6309605040396594,0.7586209123400706,0.7025101257955988,130.10751650666876,0.8122077777777125,0.2341469686903971,0.06994835308488524,0.5485288129781626,3.4095279999998085,0.12981095163383372,0.0012,0.0,9.3326,55.0688,synthetic_default
profile_sensitivity,full_exposure_high,default,rtt_uncertainty,xai_gate,8,5000,0.0,0.01673431645499601,0.8666520000000008,0.6121348869088674,0.7884287572684812,0.5769381164513743,0.8443459191111122,0.5096422222222247,0.061631254283755994,0.18525017135023988,0.3972858122001371,3.282424000000015,0.07936395205523028,0.0,0.0,7.295,45.0574,synthetic_default
profile_sensitivity,full_exposure_high,default,adversarial_explanation_flood,xai_gate,9,5000,0.0,0.01743682483745884,0.9005154200000003,0.6588851190769733,0.7381021553893451,0.7273885037124593,1673.3225132017706,1.0000055555558018,0.1894740292734097,0.14903869793971578,0.6506367704184491,5.188011999999372,0.8078940350253361,0.0,0.0058,12.2022,44.996,synthetic_default
profile_sensitivity,full_exposure_high,default,transient_overload,xai_gate,9,5000,0.2461730958112664,1.0377719108977237,53.35622939999999,0.6790651726323529,0.7463436675071652,0.7768516392145196,2338.421839431373,0.9905677777780608,0.2531279695913842,0.15360706366803928,0.5740616091225847,4.087375999999242,0.20097243769206674,0.0102,0.0,10.1024,56.079,synthetic_default
profile_sensitivity,full_exposure_high,default,non_markovian,xai_gate,9,5000,0.13914388651669904,1.246038240564126,64.47184227999983,0.629395297717886,0.7552394240859959,0.7012932353511605,122.2229430688906,0.7980922222221501,0.23407969312328944,0.056117061396892445,0.56548068012844,3.3752559999997493,0.12132481761526082,0.0014,0.0,9.2806,55.1764,synthetic_default
profile_sensitivity,full_exposure_high,default,rtt_uncertainty,xai_gate,9,5000,0.0,0.014842738550238037,0.7685023599999997,0.6122537170918292,0.7887810987486849,0.5764377818808554,0.7437679853333339,0.5109922222222242,0.06061928795525849,0.18305824580548355,0.4021825126176511,3.3055920000000114,0.08917216378438986,0.0,0.0,7.331,44.872,synthetic_default
profile_sensitivity,full_exposure_high,default,adversarial_explanation_flood,xai_gate,10,5000,0.0,0.016863779240718087,0.8710840400000005,0.6624479020576053,0.7432151744954912,0.7300681439437878,1571.3492033093319,0.9970277777780233,0.18979655815334862,0.15272163281469137,0.652845380896596,5.186571999999373,0.7895274539678041,0.0,0.0,12.1214,45.1568,synthetic_default
profile_sensitivity,full_exposure_high,default,transient_overload,xai_gate,10,5000,0.24948567319535517,1.0349877788596702,53.20867067999998,0.6784766792513275,0.7454840212359161,0.7756463347491727,2370.602932979393,0.9917844444447291,0.2513764354255152,0.15245005505741702,0.5784961459808086,4.121059999999237,0.20691741956613252,0.0104,0.0,10.1712,56.1828,synthetic_default
profile_sensitivity,full_exposure_high,default,non_markovian,xai_gate,10,5000,0.13466958527009984,1.3245332887212093,68.53141610000006,0.6365874428063591,0.7627471685565939,0.7098767158108854,147.99507685200268,0.8341122222221635,0.23527791899678022,0.08335451618369767,0.5451194712760549,3.4967159999998016,0.13666980883346502,0.0014,0.0,9.4416,55.3758,synthetic_default
profile_sensitivity,full_exposure_high,default,rtt_uncertainty,xai_gate,10,5000,0.0,0.016344867089290376,0.8463446400000008,0.6127817217462508,0.7886128963407524,0.5792864577447961,0.7851710600000016,0.515016666666666,0.06291309669522643,0.1842513259893921,0.400734394124847,3.308412000000023,0.09057901692154902,0.0,0.0,7.353,44.9486,synthetic_default
profile_sensitivity,full_exposure_high,default,adversarial_explanation_flood,xai_gate,11,5000,0.0,0.016464351801223787,0.8503534200000018,0.6607310047406731,0.7399426288463171,0.7296121938372586,1664.3192445977772,1.000014444444696,0.19077561232552015,0.15018435607058203,0.6512542796944957,5.174835999999357,0.7983408446743536,0.0,0.0034,12.1504,45.043,synthetic_default
profile_sensitivity,full_exposure_high,default,transient_overload,xai_gate,11,5000,0.24758864444863823,1.0367734018967452,53.29972981999998,0.6778737795554549,0.7451096253444512,0.7741453946595267,2403.6969214447113,0.9926800000002881,0.2504999411833902,0.15258989138532722,0.5765792259734149,4.1312719999992416,0.21086948006395567,0.0106,0.0,10.2012,56.1646,synthetic_default
profile_sensitivity,full_exposure_high,default,non_markovian,xai_gate,11,5000,0.13607105166848438,1.2418025314237713,64.26023711999989,0.6284913718349603,0.7561564352509845,0.7018615591397868,115.60804224533497,0.7951988888888174,0.23671089143253554,0.0501647589316684,0.567854665279223,3.333079999999754,0.1254492354762482,0.0006,0.0,9.2256,54.6484,synthetic_default
profile_sensitivity,full_exposure_high,default,rtt_uncertainty,xai_gate,11,5000,0.0,0.015981226317895978,0.8275452800000008,0.613493613413227,0.7896637002069411,0.5776880869281451,0.76574732488889,0.5147344444444457,0.060611033615054294,0.1860999425617461,0.39829326331336673,3.30844800000002,0.08189444715699534,0.0,0.0,7.3122,45.058,synthetic_default
profile_sensitivity,full_exposure_high,default,adversarial_explanation_flood,xai_gate,12,5000,0.0,0.01681346727849126,0.8684969800000006,0.6628201264943406,0.7430747384771225,0.7301912314977528,1567.0944702128922,0.9964588888891326,0.18954270008940693,0.15604821351700388,0.6488128745984967,5.175727999999368,0.7904616223779524,0.0,0.0,12.0796,44.9776,synthetic_default
profile_sensitivity,full_exposure_high,default,transient_overload,xai_gate,12,5000,0.2497026488912285,1.036514541278556,53.28645159999999,0.6788674926999723,0.7462154107549107,0.7761054770737125,2354.5918161167083,0.9905800000002805,0.25177570831031487,0.15381579985794333,0.5762173466971825,4.108059999999253,0.20156086274174823,0.0108,0.0,10.1368,56.2424,synthetic_default
profile_sensitivity,full_exposure_high,default,non_markovian,xai_gate,12,5000,0.13671539991113899,1.239209261736902,64.11962610000015,0.6307897224371175,0.758854761560933,0.705217624817392,132.83280458800246,0.8081722222221541,0.23564922230815502,0.06326802440491536,0.5638265876084901,3.3979599999997916,0.1301377346259458,0.0002,0.0,9.3096,54.9172,synthetic_default
profile_sensitivity,full_exposure_high,default,rtt_uncertainty,xai_gate,12,5000,0.0,0.014502176229274622,0.751001999999999,0.6119620357182255,0.7882925680680463,0.5775662086739417,0.6419905600000009,0.5105755555555558,0.06289032540812972,0.18269968226142216,0.39804974252218694,3.277528000000034,0.08336041140869588,0.0,0.0,7.3016,44.9318,synthetic_default
profile_sensitivity,full_exposure_high,default,adversarial_explanation_flood,xai_gate,13,5000,0.0,0.01542666119818759,0.7965938400000008,0.6617234736219092,0.7414537516264,0.7294594283079932,1649.9493166564405,1.000057777778024,0.18994928538497002,0.14794507014424027,0.6548113021142067,5.1901479999993425,0.8017408640239254,0.0,0.0016,12.1464,44.9432,synthetic_default
profile_sensitivity,full_exposure_high,default,transient_overload,xai_gate,13,5000,0.24662717520645877,1.0371776955616545,53.32408541999998,0.6786687928184368,0.7457382747806504,0.7757933695567318,2359.540428736727,0.9914100000002816,0.25139774785416175,0.15337821875738247,0.5773682967162769,4.117811999999229,0.206472713281032,0.0108,0.0,10.1592,56.1372,synthetic_default
profile_sensitivity,full_exposure_high,default,non_markovian,xai_gate,13,5000,0.1385598431446796,1.2143473213629996,62.828493259999924,0.6291286101666439,0.7549139142264301,0.7020128696251007,121.70242020089084,0.7974033333332606,0.23438643309086213,0.05307106271252098,0.572117247019326,3.378399999999744,0.1278921868476477,0.0002,0.0,9.2932,54.9296,synthetic_default
profile_sensitivity,full_exposure_high,default,rtt_uncertainty,xai_gate,13,5000,0.0,0.014875717865915994,0.7702554800000002,0.6129163690312881,0.7886287797523642,0.578540507280739,0.6759727942222234,0.5093277777777762,0.061926479476894336,0.1828671905049728,0.40378592230342325,3.2821160000000185,0.08128019915661211,0.0,0.0,7.2796,44.8826,synthetic_default
profile_sensitivity,full_exposure_high,default,adversarial_explanation_flood,xai_gate,14,5000,0.0,0.016776302623651564,0.8664214800000009,0.6625015695734975,0.7429151846001133,0.7302458447609553,1590.0013534359991,0.9981222222224695,0.19052968972012027,0.15074513432243994,0.6525790569342101,5.174487999999366,0.7933470221005476,0.0,0.0,12.1052,45.0004,synthetic_default
profile_sensitivity,full_exposure_high,default,transient_overload,xai_gate,14,5000,0.24742122767340444,1.0356601114181105,53.24595537999999,0.6791110058425187,0.7453949524007484,0.7766840360019708,2351.676380081157,0.9913777777780653,0.252131691141639,0.1542712774356545,0.5761882204326544,4.107295999999252,0.2029561036417078,0.0128,0.0,10.1328,56.155,synthetic_default
profile_sensitivity,full_exposure_high,default,non_markovian,xai_gate,14,5000,0.13491149352036597,1.190247767587324,61.5853108,0.6279804119504983,0.7552401149036639,0.6985500118129694,121.03364970622435,0.7927588888888177,0.23095427307287528,0.05564982065766017,0.5695783844154728,3.3930799999997454,0.12390904734834085,0.0004,0.0,9.3118,55.2346,synthetic_default
profile_sensitivity,full_exposure_high,default,rtt_uncertainty,xai_gate,14,5000,0.0,0.014615255732962264,0.7567411800000006,0.6129994508512078,0.7887668038928815,0.5795169079867039,0.7184528662222242,0.5108688888888878,0.06301482701812192,0.18231740801757276,0.4028830313014827,3.2792600000000203,0.08229546487888961,0.0,0.0,7.284,44.8676,synthetic_default
profile_sensitivity,full_exposure_high,default,adversarial_explanation_flood,xai_gate,15,5000,0.0,0.01834728590452338,0.9477419800000011,0.6625999768745011,0.7423172932324563,0.7302708997505939,1600.9574897022217,0.9978155555558064,0.19010885544855383,0.15373560845075077,0.6508201324765853,5.180075999999369,0.7916300432969552,0.0,0.0,12.1078,45.0532,synthetic_default
profile_sensitivity,full_exposure_high,default,transient_overload,xai_gate,15,5000,0.24942280702376537,1.0369031974388747,53.30715593999998,0.6780633271248955,0.7456642027766134,0.7743354573081779,2400.179986954048,0.9921200000002882,0.25009312812469364,0.1533575139692187,0.5775120086266052,4.136343999999253,0.20573210313435553,0.0124,0.0,10.201,56.4028,synthetic_default
profile_sensitivity,full_exposure_high,default,non_markovian,xai_gate,15,5000,0.1409438208688775,1.291786243200945,66.83865180000008,0.633602092893657,0.7596377505034948,0.707572372089037,131.17982703333521,0.8146366666666015,0.23557919114808937,0.0695415362182099,0.5593129476347729,3.426711999999785,0.12807226977555497,0.0006,0.0,9.3268,55.1194,synthetic_default
profile_sensitivity,full_exposure_high,default,rtt_uncertainty,xai_gate,15,5000,0.0,0.016071986654504048,0.8321236800000003,0.6124817657825232,0.788850222532842,0.5777112024796485,0.7661569773333338,0.5132900000000017,0.062255852705766654,0.18316169038708444,0.39853033572813945,3.2946800000000325,0.0837944500202783,0.0,0.0,7.3214,45.0356,synthetic_default
profile_sensitivity,full_exposure_high,default,adversarial_explanation_flood,xai_gate,16,5000,0.0,0.016584099777725594,0.8566885400000023,0.6626811713824413,0.7423748747651449,0.7309513354683429,1626.138954533337,0.9992911111113616,0.1910594605302255,0.15050018158407344,0.6539007560500512,5.1774279999993364,0.7961969655188721,0.0,0.0,12.1156,44.9676,synthetic_default
profile_sensitivity,full_exposure_high,default,transient_overload,xai_gate,16,5000,0.248247050336703,1.0370907547947503,53.317652699999954,0.6793883592872191,0.7457420319930671,0.7775021216966446,2376.6721726744836,0.9918833333336267,0.2526299169084414,0.15323583397477647,0.5785422464325892,4.107827999999279,0.2003340381300993,0.009,0.0,10.1334,56.281,synthetic_default
profile_sensitivity,full_exposure_high,default,non_markovian,xai_gate,16,5000,0.13658124358122936,1.2770848746098873,66.06901177999984,0.6354193946093603,0.7625215324989485,0.7088321571295015,142.41558262533565,0.8241499999999402,0.23265453617889637,0.08362384151007568,0.5531629963438484,3.495539999999795,0.1381470634842883,0.002,0.0,9.4088,55.1118,synthetic_default
profile_sensitivity,full_exposure_high,default,rtt_uncertainty,xai_gate,16,5000,0.0,0.01537925904756293,0.7964598799999997,0.6120895316804644,0.7896162023133595,0.5759754082846669,0.6463638688888891,0.5100055555555559,0.06168044077134986,0.18168044077134987,0.3950413223140496,3.2661800000000194,0.07908055202550268,0.0,0.0,7.26,44.853,synthetic_default
profile_sensitivity,full_exposure_high,default,adversarial_explanation_flood,xai_gate,17,5000,0.0,0.017119870472255463,0.8840964200000011,0.6630025689898962,0.7435993792279147,0.7308058340929973,1580.5469633422204,0.9969388888891281,0.19025441286152317,0.15574707880997762,0.6488605287146764,5.1671759999993405,0.7917171501199727,0.0,0.0,12.067,44.8992,synthetic_default
profile_sensitivity,full_exposure_high,default,transient_overload,xai_gate,17,5000,0.24757897440272392,1.0350880770374271,53.21268356,0.6790135033759506,0.745948512290546,0.7765224858847131,2356.256853428267,0.9905955555558438,0.2520827575314881,0.1536107711138311,0.5767757728905911,4.105507999999264,0.20039291101324141,0.0096,0.0,10.1308,56.2638,synthetic_default
profile_sensitivity,full_exposure_high,default,non_markovian,xai_gate,17,5000,0.1349666709127503,1.224283926542084,63.348341159999826,0.6322084790399102,0.759219669074012,0.7059297154945432,126.23032466577965,0.8111588888888237,0.2369079998273108,0.06769416742218193,0.5527997236972758,3.382195999999773,0.1240232491274309,0.0012,0.0,9.2652,54.9526,synthetic_default
profile_sensitivity,full_exposure_high,default,rtt_uncertainty,xai_gate,17,5000,0.0,0.014604778500489786,0.7562859000000013,0.6128439588126002,0.7885562257822707,0.5790651867370249,0.7663748568888895,0.511367777777778,0.06249315368605543,0.18315259064519662,0.4024263336619564,3.2890040000000367,0.08194112967382439,0.0,0.0,7.3032,45.0006,synthetic_default
profile_sensitivity,full_exposure_high,default,adversarial_explanation_flood,xai_gate,18,5000,0.0,0.017807160820833248,0.9196614400000007,0.6624006597939018,0.7421723159375044,0.7304384329897112,1628.100906079991,0.9987311111113636,0.19086185567010308,0.14962474226804123,0.6542515463917525,5.178875999999362,0.7951553753244183,0.0,0.0,12.125,45.0286,synthetic_default
profile_sensitivity,full_exposure_high,default,transient_overload,xai_gate,18,5000,0.2466743703086796,1.0395401472338406,53.448922059999944,0.6795804999901932,0.7458843586123706,0.777786522868383,2331.332140878495,0.9899366666669589,0.2532860173271743,0.15418013124244168,0.57554370452608,4.0867039999992665,0.1968257696820377,0.0088,0.0,10.0882,56.1942,synthetic_default
profile_sensitivity,full_exposure_high,default,non_markovian,xai_gate,18,5000,0.13643096344638928,1.1899818162006894,61.57534380000002,0.6303182869120537,0.7577566208354549,0.7035672767345881,119.41371938577942,0.8051088888888207,0.23667322111540873,0.06089154908273731,0.5569048596555674,3.361683999999795,0.1299232255756846,0.0012,0.0,9.2558,54.6102,synthetic_default
profile_sensitivity,full_exposure_high,default,rtt_uncertainty,xai_gate,18,5000,0.0,0.0161267697260564,0.8350849400000012,0.6142271999116423,0.7901626132355193,0.5810464256303501,0.6622070302222233,0.5116300000000007,0.06294536817102138,0.1848864829033862,0.4017566149257029,3.271656000000018,0.07287527373046587,0.0,0.0,7.2412,44.9956,synthetic_default
profile_sensitivity,full_exposure_high,default,adversarial_explanation_flood,xai_gate,19,5000,0.0,0.018408229833757776,0.950862900000001,0.6621381238182299,0.7423048902687972,0.7301749568363282,1609.5695678533295,0.9992400000002403,0.19062731234070543,0.1504069719641536,0.6545753514757873,5.19285999999934,0.801981987587761,0.0,0.0,12.163,44.9986,synthetic_default
profile_sensitivity,full_exposure_high,default,transient_overload,xai_gate,19,5000,0.24782433204407692,1.0367731030693723,53.293125019999934,0.6784954276071589,0.7446192225430218,0.7750653479336728,2426.304037737161,0.9925544444447322,0.25052003610816753,0.15361670395227442,0.577671808155736,4.134147999999227,0.20990661794559462,0.0124,0.0,10.1916,56.1564,synthetic_default
profile_sensitivity,full_exposure_high,default,non_markovian,xai_gate,19,5000,0.14046953382412117,1.2370966004740438,64.00247542000007,0.6341662211006365,0.7615507716019343,0.7077507111234735,138.59114864000236,0.8263311111110536,0.23557969929636205,0.08394464999893064,0.5397480591141434,3.4440639999998304,0.12987510405981428,0.0022,0.0,9.3514,55.1766,synthetic_default
profile_sensitivity,full_exposure_high,default,rtt_uncertainty,xai_gate,19,5000,0.0,0.015565342201148413,0.8061176799999998,0.6130046207908191,0.7883925054608444,0.5799828278387433,0.6194438537777793,0.507824444444443,0.06361196425112753,0.18502531750643314,0.39877147837635923,3.2505720000000196,0.07316247539129206,0.0,0.0,7.2282,44.9028,synthetic_default
profile_sensitivity,full_exposure_high,default,adversarial_explanation_flood,xai_gate,20,5000,0.0,0.016113996450379163,0.8322865600000016,0.6596930681688444,0.7388857050030955,0.7291447292792484,1663.1169407915452,1.0000288888891335,0.19168048872612617,0.14803015124891203,0.6522424580822098,5.167379999999321,0.8047263183944697,0.0,0.0044,12.1786,44.9878,synthetic_default
profile_sensitivity,full_exposure_high,default,transient_overload,xai_gate,20,5000,0.24811553984328838,1.0361337989904484,53.27302115999999,0.6798589478704161,0.7459262368068321,0.7785096153846921,2324.708402748271,0.98979666666695,0.2538342339478703,0.15501827717736807,0.5748172282263191,4.07845999999925,0.19410066446995256,0.0102,0.0,10.0672,56.2052,synthetic_default
profile_sensitivity,full_exposure_high,default,non_markovian,xai_gate,20,5000,0.1369027075262265,1.2400168835229621,64.1653475200001,0.6318279685650342,0.7592508118637171,0.7056066314996274,127.98927840178011,0.8082655555554876,0.23587038432554636,0.06424803531058242,0.5608569275487135,3.3944519999997764,0.12317841717571953,0.0018,0.0,9.289,55.1352,synthetic_default
profile_sensitivity,full_exposure_high,default,rtt_uncertainty,xai_gate,20,5000,0.0,0.015426299462144794,0.7989133600000006,0.6132603750555047,0.7896079068256865,0.578794134130544,0.621148442666668,0.5088044444444438,0.0626664447403462,0.18547492232578783,0.39538948069241014,3.2491720000000313,0.06870636367679017,0.0,0.0,7.2096,44.974,synthetic_default
profile_sensitivity,offload_exposure_low,default,adversarial_explanation_flood,xai_gate,1,5000,0.0,0.01595824413334831,0.8244685400000015,0.6798419775753274,0.7586543151547883,0.7837979476755852,947.913405170222,0.9709283333334786,0.2619008589600682,0.11891023539440036,0.6144679037440168,4.875507999999407,0.8084502449400055,0.0,0.0,12.2008,44.977,synthetic_default
profile_sensitivity,offload_exposure_low,default,transient_overload,xai_gate,1,5000,0.2476776814228689,1.0366947642049673,53.333851460000034,0.7076811651096376,0.7550672023937988,0.8521090131114873,2040.2196695336338,0.9866677777780688,0.34289864175237494,0.14925021590641438,0.4935816911360603,3.8492839999993333,0.21062636631499476,0.0094,0.0,10.1896,56.112,synthetic_default
profile_sensitivity,offload_exposure_low,default,non_markovian,xai_gate,1,5000,0.13710782517817482,1.2368318259907498,64.03492466000013,0.6634854691689621,0.7841835492694822,0.7970492225200881,119.68196739733591,0.8604355555555109,0.34668096514745306,0.08405361930294906,0.4309061662198391,3.089631999999911,0.12795687999264582,0.001,0.0,9.325,55.1144,synthetic_default
profile_sensitivity,offload_exposure_low,default,rtt_uncertainty,xai_gate,1,5000,0.0,0.01768508473284953,0.9162650200000017,0.664358692968318,0.8185690540473075,0.7714288901394716,0.21700486755555592,0.6226349999999636,0.22269472413509286,0.00784658015309062,0.4659387088809021,2.9682119999996663,0.0782164715766045,0.0,0.0,7.2898,45.0732,synthetic_default
profile_sensitivity,offload_exposure_low,default,adversarial_explanation_flood,xai_gate,2,5000,0.0,0.014373728165500626,0.7426734600000001,0.6801611275621583,0.7596712102436507,0.78444424225383,871.3570152871098,0.9671183333334777,0.2635113897665801,0.1202832139489487,0.608496418468461,4.821463999999458,0.798940854191124,0.0,0.0,12.0898,44.8034,synthetic_default
profile_sensitivity,offload_exposure_low,default,transient_overload,xai_gate,2,5000,0.24686506884534073,1.0345175891627887,53.22352346000001,0.7083504707021279,0.7548241658034752,0.8536375298506792,2045.4416844336242,0.9860477777780717,0.3448262251080542,0.15078252975191933,0.48919457656555293,3.8228759999993023,0.20619798510731724,0.0104,0.0,10.1338,56.0096,synthetic_default
profile_sensitivity,offload_exposure_low,default,non_markovian,xai_gate,2,5000,0.13750873697539784,1.2765549254899877,66.09730828,0.6634062493298808,0.7856658069732476,0.799048017328246,126.32543462755888,0.8680444444444024,0.34896738081451456,0.09090909090909091,0.422012052585301,3.0836839999999426,0.12467438494934546,0.0022,0.0,9.3258,55.28,synthetic_default
profile_sensitivity,offload_exposure_low,default,rtt_uncertainty,xai_gate,2,5000,0.0,0.015726365307003328,0.8147181000000002,0.663954830201186,0.818919579056788,0.7670353447663173,0.23103231911111174,0.6214605555555193,0.21884272997032642,0.009259259259259259,0.4621936476535883,2.979523999999658,0.0791626082431569,0.0,0.0,7.2792,44.9682,synthetic_default
profile_sensitivity,offload_exposure_low,default,adversarial_explanation_flood,xai_gate,3,5000,0.0,0.017078393188726716,0.8822843200000013,0.6795227242918016,0.7588345226115544,0.7830066238195375,960.386891653778,0.9714044444445895,0.26196878279118574,0.11926154249737671,0.611047350472193,4.868395999999388,0.8064798936110329,0.0,0.0,12.1984,45.0172,synthetic_default
profile_sensitivity,offload_exposure_low,default,transient_overload,xai_gate,3,5000,0.25013739786565903,1.0370802279583278,53.349283100000015,0.7076090541443683,0.7541452515349127,0.8518697239782488,2078.460865630957,0.9863116666669577,0.34263221956103496,0.149711413875692,0.4931289018021909,3.849507999999328,0.20638123522752538,0.0106,0.0,10.1876,56.2984,synthetic_default
profile_sensitivity,offload_exposure_low,default,non_markovian,xai_gate,3,5000,0.136831542377019,1.2004566998885249,62.146789920000025,0.6627977881057594,0.7849021620841835,0.7985521559514425,119.3052890702248,0.859858888888842,0.34904036491952833,0.08264480592133575,0.4319218521387383,3.0656919999999066,0.128936466353073,0.0026,0.0,9.2952,54.8906,synthetic_default
profile_sensitivity,offload_exposure_low,default,rtt_uncertainty,xai_gate,3,5000,0.0,0.015907165231006784,0.8241400800000002,0.6633932627316415,0.8167755759486225,0.7682520245894497,0.23113373822222238,0.620806111111073,0.22045261746435707,0.00831896669676819,0.46712092603234545,2.978287999999667,0.07876173986973001,0.0,0.0,7.3086,45.1666,synthetic_default
profile_sensitivity,offload_exposure_low,default,adversarial_explanation_flood,xai_gate,4,5000,0.0,0.01654079410870317,0.854622879999999,0.67998570160742,0.7595722014820889,0.7841231962660071,939.241566875108,0.9706111111112559,0.2626631167209019,0.11935049140452947,0.6120205107977517,4.858227999999439,0.7977787035641777,0.0,0.0,12.1692,45.1268,synthetic_default
profile_sensitivity,offload_exposure_low,default,transient_overload,xai_gate,4,5000,0.2473772107933863,1.0348346574351694,53.24352465999997,0.7090279738355316,0.7560116977621913,0.8557564069428395,1957.4071955563106,0.9836238888891754,0.34715788217985166,0.15169890848360737,0.4866294212378472,3.7886959999993293,0.1957070842144184,0.0118,0.0,10.0594,56.0862,synthetic_default
profile_sensitivity,offload_exposure_low,default,non_markovian,xai_gate,4,5000,0.14016092593935892,1.288933808180391,66.73116414000012,0.6646984086242961,0.7841812916642319,0.8001548596851269,124.5820636648917,0.869253888888848,0.349354038329911,0.08720482546201232,0.4271047227926078,3.096651999999931,0.13042216741622048,0.002,0.0,9.3504,55.144,synthetic_default
profile_sensitivity,offload_exposure_low,default,rtt_uncertainty,xai_gate,4,5000,0.0,0.01575125287949335,0.8160076999999998,0.6642297171618365,0.8170354329876834,0.7706804245714486,0.22185092133333356,0.6246099999999626,0.22233163739810713,0.008917336834618962,0.4640024071338695,2.9774919999996605,0.08565599511783817,0.0,0.0,7.3116,44.8982,synthetic_default
profile_sensitivity,offload_exposure_low,default,adversarial_explanation_flood,xai_gate,5,5000,0.0,0.01796596324706575,0.9283341400000034,0.6796287303332913,0.7593795760974762,0.7832406936492328,960.4723961893343,0.9713272222223664,0.2621528062605614,0.1194198808918347,0.6108969205781504,4.865339999999424,0.8016108771152011,0.0,0.0,12.1906,45.11,synthetic_default
profile_sensitivity,offload_exposure_low,default,transient_overload,xai_gate,5,5000,0.2479717167870742,1.0347752046074652,53.226970460000004,0.7077419038081227,0.7537505966017902,0.8522268701271373,2094.844469455861,0.9867616666669441,0.3429564602604136,0.15004222392427188,0.4926844596319645,3.847723999999338,0.20808569699989365,0.0128,0.0,10.1838,56.198,synthetic_default
profile_sensitivity,offload_exposure_low,default,non_markovian,xai_gate,5,5000,0.14306191293764808,1.2935307212025478,66.96931692,0.6643562140269221,0.7860679172850891,0.79780920912383,137.2619908711145,0.8802872222221865,0.34792155190790874,0.10266467704114261,0.4028138989554466,3.112855999999966,0.13277165631934906,0.0018,0.0,9.382,55.2156,synthetic_default
profile_sensitivity,offload_exposure_low,default,rtt_uncertainty,xai_gate,5,5000,0.0,0.014968890829242864,0.7754755000000002,0.6627713885763489,0.8184224992592244,0.7651508858367654,0.21625010755555577,0.6194366666666292,0.21818131913375235,0.008453874234896934,0.46106551752532043,2.9746799999996663,0.08132252990235123,0.0,0.0,7.2866,44.924,synthetic_default
profile_sensitivity,offload_exposure_low,default,adversarial_explanation_flood,xai_gate,6,5000,0.0,0.015371446311429225,0.7939387600000014,0.6801932070716354,0.7598966815899614,0.7846565391887221,868.8876386106675,0.9663338888890266,0.264337125609473,0.11992105874158347,0.6066370360542638,4.80270399999942,0.7920472664428717,0.0,0.0,12.0596,44.8634,synthetic_default
profile_sensitivity,offload_exposure_low,default,transient_overload,xai_gate,6,5000,0.24804030398061366,1.0375916639325062,53.37760233999996,0.7085482307799964,0.7538806332411577,0.8542370300046211,2049.5248966380655,0.9856116666669493,0.3455171186138966,0.15142704562985818,0.48782610415554106,3.8127759999993396,0.20116888207832906,0.0112,0.0,10.1118,56.122,synthetic_default
profile_sensitivity,offload_exposure_low,default,non_markovian,xai_gate,6,5000,0.14108284020018075,1.2312583642421637,63.73683247999989,0.6665225075593617,0.7867452120871141,0.8012767769685882,133.61966227244764,0.8776466666666285,0.34713172352114474,0.09939951450108599,0.4201056173076104,3.1427559999999404,0.13619620324367965,0.0024,0.0,9.3924,55.1102,synthetic_default
profile_sensitivity,offload_exposure_low,default,rtt_uncertainty,xai_gate,6,5000,0.0,0.01616733446891986,0.83752838,0.6647578161202167,0.8162082905953364,0.7730539653878185,0.2214845706666668,0.6266394444444042,0.22332161256030747,0.008640662905116253,0.468449314471066,2.988267999999664,0.08500170793056627,0.0,0.0,7.3374,45.0838,synthetic_default
profile_sensitivity,offload_exposure_low,default,adversarial_explanation_flood,xai_gate,7,5000,0.0,0.016531780389247193,0.854158860000001,0.6799562749563619,0.7587983348899608,0.7840796290796511,912.783536245333,0.9694155555556986,0.2636042636042636,0.11970761970761971,0.6077946077946078,4.829947999999412,0.7924432042517549,0.0,0.0,12.1212,45.0826,synthetic_default
profile_sensitivity,offload_exposure_low,default,transient_overload,xai_gate,7,5000,0.2465416600452511,1.0360631553627062,53.308121140000004,0.7087451462082148,0.7561895479839039,0.8549328393692823,1975.8965859189748,0.9846388888891777,0.34626357080592757,0.15044773753863222,0.4888065615341945,3.8040199999993316,0.19900470922188251,0.0106,0.0,10.0952,56.131,synthetic_default
profile_sensitivity,offload_exposure_low,default,non_markovian,xai_gate,7,5000,0.13317861753276694,1.2005386465204826,62.152148039999965,0.6643579362158807,0.7854213747596318,0.8012094312252195,119.08211174578042,0.8593077777777324,0.3516573927728582,0.08253404637668608,0.4298179141316821,3.043823999999918,0.1266743263054897,0.0016,0.0,9.2374,54.6588,synthetic_default
profile_sensitivity,offload_exposure_low,default,rtt_uncertainty,xai_gate,7,5000,0.0,0.01634075782608106,0.8466221600000005,0.6626976693531437,0.8163614681718203,0.7674719310505316,0.25127150133333337,0.6256427777777439,0.2217926377695491,0.009338923981703332,0.4576889566543237,2.9789159999996753,0.08884679124012873,0.0,0.0,7.3456,44.9748,synthetic_default
profile_sensitivity,offload_exposure_low,default,adversarial_explanation_flood,xai_gate,8,5000,0.0,0.016401116320205703,0.8474199200000003,0.6799784854408035,0.7596394047423223,0.7841521457077855,927.6930255519978,0.9703122222223723,0.2624119299052374,0.11895416249240422,0.6136576393108771,4.863975999999427,0.799519745834723,0.0,0.0,12.1778,45.115,synthetic_default
profile_sensitivity,offload_exposure_low,default,transient_overload,xai_gate,8,5000,0.2476251713609729,1.034444725009406,53.215026500000015,0.7081552363666199,0.7547748698697089,0.8533647699472037,2050.6995760202976,0.9853633333336255,0.3444479520164154,0.1505406045300292,0.4902533343856049,3.8249519999993353,0.20943562136771599,0.011,0.0,10.1368,55.8762,synthetic_default
profile_sensitivity,offload_exposure_low,default,non_markovian,xai_gate,8,5000,0.1342043350324881,1.2397862373834558,64.1799653399999,0.6655263440514396,0.7870515816185445,0.8022263032411608,130.14298147955824,0.8690538888888492,0.3491419120647808,0.09392787335953777,0.42614429623901884,3.0992039999999497,0.13172460565752941,0.0022,0.0,9.3114,54.8508,synthetic_default
profile_sensitivity,offload_exposure_low,default,rtt_uncertainty,xai_gate,8,5000,0.0,0.014422835284365106,0.7472381400000004,0.6646563592961208,0.8183211506941519,0.7708453957519641,0.1868650964444447,0.6175716666666309,0.2224504524510076,0.009132293343696219,0.4616388164103703,2.937391999999678,0.07332362080625865,0.0,0.0,7.2052,44.7532,synthetic_default
profile_sensitivity,offload_exposure_low,default,adversarial_explanation_flood,xai_gate,9,5000,0.0,0.016353735101952708,0.8447024600000014,0.6800930616286663,0.759507491421944,0.7842613645739035,898.3243156480011,0.9677116666668056,0.2628000990017325,0.12005610098176718,0.6109066908670902,4.839263999999396,0.8024247453095492,0.0,0.0,12.121,44.8322,synthetic_default
profile_sensitivity,offload_exposure_low,default,transient_overload,xai_gate,9,5000,0.2469320621403501,1.034996921566543,53.24872470000002,0.7092353256873666,0.7557990390614685,0.8556566419528084,1978.4605154572025,0.9838511111113912,0.3469756902343517,0.15186149595499812,0.4861754358067145,3.7914599999993435,0.19503779848331204,0.01,0.0,10.0618,56.131,synthetic_default
profile_sensitivity,offload_exposure_low,default,non_markovian,xai_gate,9,5000,0.13696020668630945,1.2273386841124652,63.53769485999992,0.6658672602534141,0.7855988071677064,0.8021317504354921,125.93379223155824,0.8648177777777343,0.3491408047831043,0.08843581306320838,0.4321354065853711,3.093923999999938,0.1303567782023971,0.0012,0.0,9.2994,54.8464,synthetic_default
profile_sensitivity,offload_exposure_low,default,rtt_uncertainty,xai_gate,9,5000,0.0,0.016229328873115657,0.840736460000001,0.6649975259773014,0.818030374381924,0.7718977249721475,0.24888193822222257,0.6231088888888547,0.22219473308043322,0.00904392764857881,0.4652537247787124,2.9709279999996774,0.07590612661372775,0.0,0.0,7.2756,45.082,synthetic_default
profile_sensitivity,offload_exposure_low,default,adversarial_explanation_flood,xai_gate,10,5000,0.0,0.017041558576006928,0.880594700000001,0.6800565306964171,0.7599124224637616,0.7843675319324499,893.3990494804424,0.968749444444584,0.2631231973629996,0.11912649361351463,0.6114379892871858,4.841707999999448,0.7932428658193289,0.0,0.0,12.135,45.1138,synthetic_default
profile_sensitivity,offload_exposure_low,default,transient_overload,xai_gate,10,5000,0.24731104507446036,1.0349099786255906,53.242733519999994,0.708786334615653,0.7547906833585017,0.854989292937386,2014.7705928171913,0.9849672222225176,0.3464131339969069,0.15166356029662528,0.4867747947812983,3.8005879999993333,0.19586802628661992,0.0092,0.0,10.0868,56.2314,synthetic_default
profile_sensitivity,offload_exposure_low,default,non_markovian,xai_gate,10,5000,0.1372582497073544,1.228460275730681,63.59404096000006,0.664886709865746,0.7852928244535183,0.7996674247950734,119.03505830800252,0.8603127777777322,0.34791657726472985,0.08101961120885723,0.4382053812813801,3.093771999999911,0.12603029984549075,0.0018,0.0,9.3212,55.1862,synthetic_default
profile_sensitivity,offload_exposure_low,default,rtt_uncertainty,xai_gate,10,5000,0.0,0.01728263937341204,0.8953436400000002,0.6629555119398711,0.8163445764030525,0.7672943515062326,0.2572913417777782,0.6230694444444056,0.22012321448042743,0.009186566350452513,0.46379893141424056,2.9869639999996784,0.08167877820189062,0.0,0.0,7.3368,45.2186,synthetic_default
profile_sensitivity,offload_exposure_low,default,adversarial_explanation_flood,xai_gate,11,5000,0.0,0.018574127365726684,0.9597405600000025,0.6797828017100559,0.758836497776303,0.7835409404801292,942.4539533106653,0.9702933333334749,0.26244656363038477,0.11989477145675764,0.6100789214074318,4.854467999999379,0.7972653906732559,0.0,0.0,12.164,45.1204,synthetic_default
profile_sensitivity,offload_exposure_low,default,transient_overload,xai_gate,11,5000,0.24628465819695838,1.0362593582488295,53.31748413999998,0.7087196573061589,0.7552164919608267,0.8550001983183465,1986.3981007385264,0.9842805555558496,0.34648183404727906,0.15084086942725686,0.4878034269395526,3.7987399999993285,0.19931642959331097,0.0106,0.0,10.0848,56.0586,synthetic_default
profile_sensitivity,offload_exposure_low,default,non_markovian,xai_gate,11,5000,0.13768171880916996,1.2351999254067094,63.94170611999985,0.666048573137455,0.7863874080562779,0.8005145676691574,132.0246535142258,0.8736344444444034,0.34855604921394395,0.09306647300068353,0.42075358851674644,3.1152919999999447,0.13645411556798281,0.002,0.0,9.3632,54.9264,synthetic_default
profile_sensitivity,offload_exposure_low,default,rtt_uncertainty,xai_gate,11,5000,0.0,0.014782150642316645,0.7658439600000011,0.6646799062198926,0.8167717192206599,0.7731714262370658,0.21771108088888913,0.6209177777777406,0.22432767894083575,0.009515928837401738,0.4633567783753965,2.9467199999996687,0.07754104865206868,0.0,0.0,7.251,44.8614,synthetic_default
profile_sensitivity,offload_exposure_low,default,adversarial_explanation_flood,xai_gate,12,5000,0.0,0.017062227569605706,0.8816708000000012,0.6797627040548486,0.7592732614224627,0.7835818193786367,913.9974991622223,0.9690744444445863,0.26247367035281727,0.11940494997367035,0.6108478146392838,4.8499359999994365,0.7951160719428974,0.0,0.0,12.1536,45.1358,synthetic_default
profile_sensitivity,offload_exposure_low,default,transient_overload,xai_gate,12,5000,0.2464769324697768,1.0359947064889323,53.30235666,0.7084850224713588,0.7562270264431726,0.8541315409135816,1995.6188869914145,0.9845772222225179,0.34550278168247245,0.1513789621651587,0.4876358668752104,3.808391999999324,0.20224315260054326,0.0106,0.0,10.1018,56.0164,synthetic_default
profile_sensitivity,offload_exposure_low,default,non_markovian,xai_gate,12,5000,0.13819163166244924,1.1706197977206256,60.58778787999994,0.667425955498838,0.7865211689629118,0.803480251250916,133.02527947422544,0.874522777777735,0.3469605025018631,0.09560310869796657,0.4332375173001171,3.154971999999915,0.13671431112789634,0.0018,0.0,9.393,55.0886,synthetic_default
profile_sensitivity,offload_exposure_low,default,rtt_uncertainty,xai_gate,12,5000,0.0,0.015020910175802342,0.7780769800000009,0.6636930777015586,0.8195811151814276,0.7630210524109676,0.26224503688888934,0.6243466666666296,0.21538166999425648,0.008861417279763695,0.45991849684106884,3.008511999999679,0.08343482293398408,0.0,0.0,7.3126,44.9964,synthetic_default
profile_sensitivity,offload_exposure_low,default,adversarial_explanation_flood,xai_gate,13,5000,0.0,0.015548718146883527,0.803294720000001,0.6800370840407686,0.7594633557901834,0.7841794537933092,919.2852661915542,0.9699722222223633,0.26328020701135596,0.1200369192227185,0.6088540207340992,4.839431999999384,0.8014414976135871,0.0,0.0,12.1346,44.907,synthetic_default
profile_sensitivity,offload_exposure_low,default,transient_overload,xai_gate,13,5000,0.249341235137672,1.0377411275730415,53.383336840000005,0.7082353636436393,0.7549140821731465,0.8533224332204661,2069.356227505192,0.9865850000002877,0.34408242061303285,0.15101252856354896,0.49066267433614374,3.8342159999993433,0.2033033716387922,0.0098,0.0,10.1528,56.2496,synthetic_default
profile_sensitivity,offload_exposure_low,default,non_markovian,xai_gate,13,5000,0.13607392681248848,1.2505224620045694,64.73745462000011,0.6638811489508696,0.7858866002407728,0.7990183178534375,126.45806486533628,0.8657338888888471,0.3490067079463364,0.089890780873753,0.4219126246990024,3.076827999999953,0.1287169798958232,0.0014,0.0,9.3024,54.9438,synthetic_default
profile_sensitivity,offload_exposure_low,default,rtt_uncertainty,xai_gate,13,5000,0.0,0.013699681252305595,0.7097521000000011,0.6636471360937631,0.8180283657956056,0.7679831171905234,0.2501593768888891,0.6232355555555189,0.2201089187488027,0.009249883692290852,0.46205632029774774,2.9818799999996792,0.08554766817136494,0.0,0.0,7.3082,44.8818,synthetic_default
profile_sensitivity,offload_exposure_low,default,adversarial_explanation_flood,xai_gate,14,5000,0.0,0.018036238770855723,0.9319171400000019,0.6800595022848398,0.7589536507936051,0.7841474078701043,925.0179682968881,0.9696616666668115,0.2621223577369407,0.1199086097504849,0.6133008974654,4.863491999999436,0.7944565868219324,0.0,0.0,12.1676,45.2044,synthetic_default
profile_sensitivity,offload_exposure_low,default,transient_overload,xai_gate,14,5000,0.24672303501084708,1.0363757855817164,53.317188399999964,0.7077095664144244,0.7550273623688195,0.8522408809360624,2039.819639018071,0.985790000000282,0.3431717628551765,0.14983777406351392,0.49226231442336055,3.8410239999993507,0.20972729694754877,0.0096,0.0,10.171,56.0512,synthetic_default
profile_sensitivity,offload_exposure_low,default,non_markovian,xai_gate,14,5000,0.13550265291617708,1.3145206250959893,68.06522253999998,0.6635733396626028,0.7865899749814945,0.7991334743019647,125.45642455911423,0.8653266666666249,0.3503646485133561,0.09057955379104993,0.41701549216760886,3.0556359999999514,0.12039414202070264,0.0012,0.0,9.2692,55.1544,synthetic_default
profile_sensitivity,offload_exposure_low,default,rtt_uncertainty,xai_gate,14,5000,0.0,0.015504201055005138,0.8031803000000011,0.6631569858282986,0.8173054473178829,0.7679783804369715,0.2343567048888891,0.6210272222221865,0.22093692607110552,0.008716866313971656,0.4621309722869439,2.968075999999676,0.08265557924788758,0.0,0.0,7.2962,44.9278,synthetic_default
profile_sensitivity,offload_exposure_low,default,adversarial_explanation_flood,xai_gate,15,5000,0.0,0.015652075405929868,0.8089264400000008,0.6796107971348694,0.7587691465018549,0.7831883748439481,950.4754085733338,0.9719850000001478,0.2628146152329631,0.11983308142209372,0.6076099099691135,4.852095999999428,0.809867028235683,0.0,0.0,12.1736,44.8416,synthetic_default
profile_sensitivity,offload_exposure_low,default,transient_overload,xai_gate,15,5000,0.24537858742954988,1.0362145743098374,53.31422561999998,0.708532061053705,0.7547065791507713,0.8543685783858359,1990.513679371868,0.9848616666669505,0.3456337972403144,0.15142636549007185,0.48799318987191415,3.808899999999332,0.20123183753061724,0.01,0.0,10.1026,56.068,synthetic_default
profile_sensitivity,offload_exposure_low,default,non_markovian,xai_gate,15,5000,0.13385601547260892,1.2046769230351704,62.37325517999998,0.6648187215903516,0.7858485497217416,0.801639879075215,115.70992652089144,0.8601788888888454,0.353857195676287,0.08321190108527807,0.4211922834337415,3.017871999999918,0.1260131093503012,0.0024,0.0,9.1958,54.4446,synthetic_default
profile_sensitivity,offload_exposure_low,default,rtt_uncertainty,xai_gate,15,5000,0.0,0.014713565998770078,0.7621937200000006,0.6625101697673752,0.8157685081071451,0.7653457206049553,0.3008283600000002,0.6248072222221847,0.21841948256223898,0.008515485165699409,0.46452785160275534,3.0071639999996616,0.09272808631823004,0.0,0.0,7.3748,44.9932,synthetic_default
profile_sensitivity,offload_exposure_low,default,adversarial_explanation_flood,xai_gate,16,5000,0.0,0.01908839123657947,0.9862452199999999,0.6794343876510714,0.7594002704001419,0.7826363426916616,889.6690987004469,0.9686300000001394,0.2619227857683573,0.12019879537899483,0.6085804561761511,4.848899999999438,0.7959801326754299,0.0,0.0,12.1532,45.1126,synthetic_default
profile_sensitivity,offload_exposure_low,default,transient_overload,xai_gate,16,5000,0.2474716627676422,1.034176466220667,53.20766869999998,0.7086171709367318,0.755315089457369,0.854578057817744,1980.573661738974,0.9845672222225059,0.3460540133547326,0.15104321464661474,0.4875864392003012,3.803347999999318,0.19987732336704678,0.013,0.0,10.0938,56.0824,synthetic_default
profile_sensitivity,offload_exposure_low,default,non_markovian,xai_gate,16,5000,0.13796172240943103,1.1765252656616663,60.90751123999998,0.6658972812271736,0.7860814008783397,0.8030404153560936,123.91844806489162,0.8663222222221802,0.35042440432590805,0.09002972984618036,0.42899306303589124,3.0837279999999327,0.12977519133623416,0.0026,0.0,9.2836,54.7814,synthetic_default
profile_sensitivity,offload_exposure_low,default,rtt_uncertainty,xai_gate,16,5000,0.0,0.01499172227205144,0.7766889399999994,0.664694179141301,0.8165787133224353,0.7728837682660401,0.23383769822222267,0.627035555555518,0.22487069319394654,0.0073889603459128105,0.4618921211789497,2.967391999999665,0.08560088176662606,0.0,0.0,7.3082,44.8796,synthetic_default
profile_sensitivity,offload_exposure_low,default,adversarial_explanation_flood,xai_gate,17,5000,0.0,0.018683707630635406,0.9653020599999993,0.6797180463468347,0.758417236858547,0.783419549661939,945.2521902177766,0.9713616666668048,0.26224315630538964,0.11962515591150791,0.6108448762554979,4.8642679999993925,0.802572567952951,0.0,0.0,12.1864,45.0704,synthetic_default
profile_sensitivity,offload_exposure_low,default,transient_overload,xai_gate,17,5000,0.2470542883669308,1.0363844961028688,53.31559527999994,0.7079886992303261,0.7539196407661499,0.852930128167339,2057.150938786959,0.9860394444447357,0.34376784202547594,0.15035536392810034,0.4916228614179119,3.835943999999326,0.20453470213893699,0.0088,0.0,10.1586,56.2242,synthetic_default
profile_sensitivity,offload_exposure_low,default,non_markovian,xai_gate,17,5000,0.13582084695177454,1.2581139491572726,65.13590759999994,0.6654862361719243,0.7862737881539673,0.8001657233513326,125.6371968066697,0.8661111111110671,0.3474401852328274,0.09010805248263443,0.4288011319783895,3.1074399999999285,0.1317925386715184,0.001,0.0,9.3288,54.95,synthetic_default
profile_sensitivity,offload_exposure_low,default,rtt_uncertainty,xai_gate,17,5000,0.0,0.014688354196347276,0.7609941200000001,0.6663010055680808,0.8201290322580825,0.7736700266115595,0.2100779853333335,0.6235733333332982,0.22338568935427575,0.007507133161583424,0.46222887060583395,2.9542999999996793,0.06962852342728909,0.0,0.0,7.2198,44.9988,synthetic_default
profile_sensitivity,offload_exposure_low,default,adversarial_explanation_flood,xai_gate,18,5000,0.0,0.014970683676744851,0.7734228200000006,0.6799635036497219,0.7594063295508794,0.7838585848622611,955.4947815195524,0.9711577777779298,0.2625435654632735,0.12052015519168804,0.6098342868415861,4.857015999999385,0.8092909535452337,0.0,0.0,12.1656,44.8264,synthetic_default
profile_sensitivity,offload_exposure_low,default,transient_overload,xai_gate,18,5000,0.24819633397004487,1.036519291922616,53.319848619999966,0.7075532332066578,0.753795789520333,0.8518465942512851,2079.4187486247165,0.9872044444447413,0.34245715854280223,0.14979804713540645,0.4937257362456374,3.8554599999993195,0.21396480830224052,0.011,0.0,10.2004,56.017,synthetic_default
profile_sensitivity,offload_exposure_low,default,non_markovian,xai_gate,18,5000,0.1386340579448826,1.2750482093432591,66.0032363799999,0.6654837749330824,0.7863241062036574,0.8011876408794949,135.33289067378092,0.8746238888888475,0.34608514438821075,0.09732913707310849,0.4290179900480585,3.14985599999995,0.1305767321317377,0.0018,0.0,9.4052,55.4596,synthetic_default
profile_sensitivity,offload_exposure_low,default,rtt_uncertainty,xai_gate,18,5000,0.0,0.01398688753870382,0.7246340999999997,0.6646266487509871,0.8182776581206682,0.7704579552190164,0.21813447377777784,0.6229705555555185,0.22124112211040117,0.008884745112019086,0.46677818301478047,2.9797119999996746,0.0804364765451635,0.0,0.0,7.2934,45.0028,synthetic_default
profile_sensitivity,offload_exposure_low,default,adversarial_explanation_flood,xai_gate,19,5000,0.0,0.01698248500364148,0.877588440000001,0.6796079531392629,0.7593210641056951,0.7832060061051384,912.052591109335,0.9692033333334794,0.2633446085306493,0.11997359953799192,0.6054615955779226,4.826251999999416,0.7989498086918365,0.0,0.0,12.121,44.9188,synthetic_default
profile_sensitivity,offload_exposure_low,default,transient_overload,xai_gate,19,5000,0.2477534143089384,1.0369948226679953,53.34740453999997,0.7081144535563423,0.7540878435900927,0.8535714004101144,2055.0553713233994,0.9863011111114071,0.3446617252799243,0.150252326131525,0.49081375177416814,3.8272079999993163,0.20567375886524908,0.0124,0.0,10.1456,56.0992,synthetic_default
profile_sensitivity,offload_exposure_low,default,non_markovian,xai_gate,19,5000,0.13963959940860962,1.280039882708386,66.26930146,0.6642326538405068,0.7855298206777734,0.7988615489043747,137.8781528840034,0.8804983333332971,0.3464141017754492,0.10181787327917188,0.41467450098636066,3.142987999999965,0.13057231281333825,0.0026,0.0,9.4286,55.5978,synthetic_default
profile_sensitivity,offload_exposure_low,default,rtt_uncertainty,xai_gate,19,5000,0.0,0.01566577964370595,0.8115453200000007,0.6640289386424646,0.818012645851242,0.767622258420344,0.24694027244444464,0.6237505555555195,0.21967060371050395,0.009015921734126223,0.4613466334164589,2.9836879999996695,0.08112832454885033,0.0,0.0,7.2982,45.0036,synthetic_default
profile_sensitivity,offload_exposure_low,default,adversarial_explanation_flood,xai_gate,20,5000,0.0,0.01687988745605957,0.8721954800000016,0.6801144006330796,0.7589556966031642,0.7842771660292983,909.8844523764443,0.9695733333334772,0.2630555189239087,0.12038441250164843,0.6095048133983911,4.841895999999417,0.8026997110105718,0.0,0.0,12.1328,44.869,synthetic_default
profile_sensitivity,offload_exposure_low,default,transient_overload,xai_gate,20,5000,0.24616016916735492,1.0349736075619507,53.25039867999996,0.7086235130849714,0.7562939459863189,0.8545335051547172,1970.1735102172029,0.9838066666669539,0.3458366375892149,0.15136796193497223,0.48778747026169705,3.8028439999993178,0.20214164250585887,0.0082,0.0,10.088,55.9446,synthetic_default
profile_sensitivity,offload_exposure_low,default,non_markovian,xai_gate,20,5000,0.13754908950286684,1.2323600556815488,63.80131648000008,0.6654724485628322,0.7875524922827174,0.8022533485262041,129.10877013778082,0.8692766666666253,0.349407692473072,0.09487670113731644,0.4241179885193387,3.094623999999936,0.125954221571847,0.0016,0.0,9.3026,55.0798,synthetic_default
profile_sensitivity,offload_exposure_low,default,rtt_uncertainty,xai_gate,20,5000,0.0,0.017184483492123606,0.8903709999999996,0.6647306591835118,0.8174491743793414,0.7734674687855361,0.2246995871111114,0.6227577777777384,0.22471662815010454,0.007648288764168593,0.4643721800374161,2.953011999999675,0.07605476191533422,0.0,0.0,7.2696,45.0386,synthetic_default
profile_sensitivity,offload_exposure_high,default,adversarial_explanation_flood,xai_gate,1,5000,0.0,0.017710453162326556,0.9121422200000024,0.6956194907757223,0.814296782107601,0.6390311957269771,1591.7156832244477,0.9957361111113625,9.830586230625554e-05,0.14619720155978636,0.6213913556378412,7.392467999998895,0.8038210837880997,0.0002,0.0,12.2068,45.1146,synthetic_default
profile_sensitivity,offload_exposure_high,default,transient_overload,xai_gate,1,5000,0.2478312469293158,1.0405513657752137,53.38281703999995,0.675030879422379,0.7773512530445599,0.6990726307689397,2343.9664932656015,0.9883622222225176,0.14532073163512954,0.15496931789033366,0.5450168702275014,4.818047999999219,0.20290133697899204,0.0148,0.0,10.1362,56.1764,synthetic_default
profile_sensitivity,offload_exposure_high,default,non_markovian,xai_gate,1,5000,0.1374730160524533,1.2760000145206225,65.95595948000006,0.6369312033532742,0.7996235422872623,0.6244590577617882,151.29901621911358,0.7671222222221868,0.10299180941382777,0.03224909646927995,0.5951754667350998,4.341427999999611,0.13679957407393983,0.0012,0.0,9.3522,54.8452,synthetic_default
profile_sensitivity,offload_exposure_high,default,rtt_uncertainty,xai_gate,1,5000,0.0,0.01698350797207125,0.8788267800000013,0.6417585186808785,0.858118821888462,0.5327090797689427,0.3809928057777785,0.5657488888888856,0.0027665169277966473,0.06951900953215734,0.380108469376575,3.8834599999997677,0.08076744316853257,0.0,0.0,7.3016,45.0396,synthetic_default
profile_sensitivity,offload_exposure_high,default,adversarial_explanation_flood,xai_gate,2,5000,0.0,0.01779567178853051,0.9162202600000008,0.6962507400829893,0.8134198775612272,0.6398189263864276,1619.929416647559,0.9964405555558193,0.0,0.15697980396026578,0.6118183014275377,7.3725999999988945,0.7930729420091092,0.0002,0.0,12.1608,45.214,synthetic_default
profile_sensitivity,offload_exposure_high,default,transient_overload,xai_gate,2,5000,0.24850967702633497,1.035886542365192,53.14556104000001,0.6756098481838753,0.7792086940252764,0.7001466497098875,2260.6885013100496,0.9859244444447264,0.14637151259836262,0.15678403942452906,0.541948175820682,4.783355999999203,0.2022135981242028,0.0148,0.0,10.0648,55.8126,synthetic_default
profile_sensitivity,offload_exposure_high,default,non_markovian,xai_gate,2,5000,0.13461131232095871,1.2625306160636809,65.26833696000021,0.6334573623450165,0.7968150850468583,0.6206491137719116,142.11915732711418,0.7577849999999652,0.1032788292347968,0.026715591605510493,0.5953821724389511,4.2905559999996,0.13086809814834632,0.0012,0.0,9.3204,54.9454,synthetic_default
profile_sensitivity,offload_exposure_high,default,rtt_uncertainty,xai_gate,2,5000,0.0,0.017345827648388955,0.8973738200000023,0.6414942183920977,0.8567908819486932,0.5335020811621622,0.3734747751111116,0.5664272222222166,0.003272608268790226,0.06951565397621905,0.38401330860695976,3.895591999999772,0.08282577720684947,0.0,0.0,7.3336,45.151,synthetic_default
profile_sensitivity,offload_exposure_high,default,adversarial_explanation_flood,xai_gate,3,5000,0.0,0.01757900696889537,0.9053123000000012,0.6960266015380931,0.8167653817138495,0.6388646489983191,1525.0401142946635,0.992006666666908,6.60087791676293e-05,0.14208389715832206,0.6217036865903165,7.347103999998828,0.7987260087742696,0.0004,0.0,12.1196,44.9192,synthetic_default
profile_sensitivity,offload_exposure_high,default,transient_overload,xai_gate,3,5000,0.24708709470921467,1.0363298490788801,53.16857492,0.6738095986485146,0.7763895852083922,0.6980117085437123,2335.6460596127095,0.9886688888891776,0.14562992358014262,0.15348800660078973,0.546411802840697,4.822075999999196,0.2068599662620676,0.0168,0.0,10.1806,56.2374,synthetic_default
profile_sensitivity,offload_exposure_high,default,non_markovian,xai_gate,3,5000,0.1343850112564693,1.3647904154080444,70.57463614000002,0.6327053806057479,0.7950691667336631,0.6219049670442984,141.31749418978129,0.761509444444407,0.10849523973635462,0.030844785249644596,0.5848662387455306,4.226579999999575,0.12567117531601935,0.0004,0.0,9.2852,54.9906,synthetic_default
profile_sensitivity,offload_exposure_high,default,rtt_uncertainty,xai_gate,3,5000,0.0,0.015946801543539044,0.8250844600000014,0.6407230790228335,0.8576081514226217,0.532097477277746,0.3758055404444447,0.5651783333333307,0.0032482598607888632,0.06990582776033848,0.380210181520404,3.884503999999787,0.08387253292149777,0.0,0.0,7.327,45.0668,synthetic_default
profile_sensitivity,offload_exposure_high,default,adversarial_explanation_flood,xai_gate,4,5000,0.0,0.017651715220461463,0.9092065199999994,0.6958201537120552,0.8147041892573457,0.6388501226075135,1568.894958429336,0.9940316666669122,0.0,0.1486101739545447,0.6168885670556095,7.362751999998879,0.8035112713889283,0.0,0.0,12.1526,44.922,synthetic_default
profile_sensitivity,offload_exposure_high,default,transient_overload,xai_gate,4,5000,0.24890574136147608,1.0380337543393783,53.256807119999884,0.6753230775308177,0.7768836412139746,0.6994788498755987,2332.585685182497,0.9886888888891857,0.14538488881867373,0.15486393617441446,0.5453216951696355,4.817607999999187,0.19997962039429718,0.0136,0.0,10.1276,56.2654,synthetic_default
profile_sensitivity,offload_exposure_high,default,non_markovian,xai_gate,4,5000,0.13692591349479702,1.2587880630232549,65.07804862,0.6321272133700004,0.795149717983897,0.6198521177004365,135.88652251378096,0.7498449999999611,0.10407973536851664,0.023760620932696257,0.5974747583940501,4.240831999999567,0.1286353426619653,0.0012,0.0,9.2506,54.6418,synthetic_default
profile_sensitivity,offload_exposure_high,default,rtt_uncertainty,xai_gate,4,5000,0.0,0.017400782623495953,0.9003608200000013,0.6425991165102558,0.859073475528163,0.5339271006927893,0.37817479822222233,0.5648633333333289,0.00353395913859746,0.06557150745444505,0.38136388735505244,3.8573279999997836,0.06958188266491816,0.0,0.0,7.244,45.1516,synthetic_default
profile_sensitivity,offload_exposure_high,default,adversarial_explanation_flood,xai_gate,5,5000,0.0,0.017204671680375122,0.8859240999999998,0.6961893851987052,0.8155648736624267,0.6393799241799962,1559.0957134488956,0.9936188888891391,9.889566507334761e-05,0.14643151475193672,0.6194329981869128,7.357155999998907,0.8042290987329928,0.0002,0.0,12.134,44.8354,synthetic_default
profile_sensitivity,offload_exposure_high,default,transient_overload,xai_gate,5,5000,0.24634975621057123,1.0383939295107858,53.276179619999915,0.6739299381808571,0.7766643734061152,0.697196349720354,2334.9568393140635,0.9888500000002971,0.14450004906289862,0.15503875968992248,0.5440094200765381,4.835199999999221,0.21074954556795222,0.0158,0.0,10.191,56.114,synthetic_default
profile_sensitivity,offload_exposure_high,default,non_markovian,xai_gate,5,5000,0.1360707731838865,1.2494586771552834,64.57975850000014,0.6374767409678834,0.8020495746593683,0.6233833642034194,156.306737856892,0.7680361111110752,0.09927402014008643,0.03489387068616806,0.5955376721807073,4.394951999999594,0.13807841597976722,0.0016,0.0,9.3942,55.0296,synthetic_default
profile_sensitivity,offload_exposure_high,default,rtt_uncertainty,xai_gate,5,5000,0.0,0.015633316523190856,0.8088892000000013,0.6415093305565842,0.8587118242176682,0.5320772846336621,0.4276180328888894,0.5659327777777751,0.0027950565861946126,0.07061628257474035,0.3767023812786014,3.8789839999997677,0.08147594958466065,0.0,0.0,7.2986,44.9916,synthetic_default
profile_sensitivity,offload_exposure_high,default,adversarial_explanation_flood,xai_gate,6,5000,0.0,0.01696070340150159,0.8732335000000008,0.6958261297466728,0.8136611797218043,0.6393012384154864,1608.0960564026627,0.9954894444446895,0.0,0.14862626096940867,0.6196834249159354,7.387655999998895,0.8055358115952351,0.0002,0.0,12.193,45.0208,synthetic_default
profile_sensitivity,offload_exposure_high,default,transient_overload,xai_gate,6,5000,0.24915095514211544,1.036275144871889,53.16381144000001,0.6744762655112368,0.7760931680636337,0.6986450659838638,2353.0536754482728,0.9886094444447333,0.1455977939728186,0.15546582627535946,0.5444159936970652,4.817251999999196,0.2040363795904343,0.0142,0.0,10.154,56.222,synthetic_default
profile_sensitivity,offload_exposure_high,default,non_markovian,xai_gate,6,5000,0.13817316731060575,1.2984558026924113,67.11397404000009,0.6359365575068391,0.8019240334234887,0.6219843425808844,150.89659125689224,0.7644316666666318,0.10038287951059871,0.031336228102072684,0.5939765994310282,4.352935999999603,0.12963593881008117,0.0012,0.0,9.3502,55.1812,synthetic_default
profile_sensitivity,offload_exposure_high,default,rtt_uncertainty,xai_gate,6,5000,0.0,0.015191468492444645,0.7859910000000008,0.6406114119344096,0.8561485641636982,0.5316485094376446,0.4653279671111124,0.5669694444444405,0.003074746265407744,0.07052869309678649,0.37860194280427745,3.896455999999756,0.086759489665716,0.0,0.0,7.3502,45.0894,synthetic_default
profile_sensitivity,offload_exposure_high,default,adversarial_explanation_flood,xai_gate,7,5000,0.0,0.01614765033698259,0.831736560000001,0.6960317120911467,0.8149299241965068,0.6393769429412737,1592.331024706223,0.9949672222224789,8.224090004441008e-05,0.14994160896096848,0.6171192657532444,7.369339999998848,0.804424024954514,0.0002,0.0,12.1594,44.9244,synthetic_default
profile_sensitivity,offload_exposure_high,default,transient_overload,xai_gate,7,5000,0.2482990147485491,1.0373705876145247,53.21720937999997,0.6749548270013286,0.7779810229458427,0.6986554621848878,2318.630967235837,0.987688888889182,0.1448494890914112,0.15538328007259242,0.5445220341657789,4.821307999999226,0.20164410058026583,0.0142,0.0,10.1388,56.2496,synthetic_default
profile_sensitivity,offload_exposure_high,default,non_markovian,xai_gate,7,5000,0.13623802837512528,1.2313610119419014,63.66006076000007,0.6328873775016279,0.7977217008774464,0.6193828904195603,136.64860128133643,0.7475722222221842,0.10232285261076465,0.028074140066491383,0.5923165511396971,4.238827999999555,0.12244425095181088,0.0012,0.0,9.2042,54.6676,synthetic_default
profile_sensitivity,offload_exposure_high,default,rtt_uncertainty,xai_gate,7,5000,0.0,0.014931732827451876,0.7726579000000001,0.641344766085922,0.8584959619672032,0.5322195701376424,0.3578555880000001,0.5645538888888874,0.0028810536424749623,0.07306900809438881,0.3757717107970915,3.8715599999997785,0.08256065919017863,0.0,0.0,7.289,44.8874,synthetic_default
profile_sensitivity,offload_exposure_high,default,adversarial_explanation_flood,xai_gate,8,5000,0.0,0.017862868623894083,0.9197690599999998,0.6959101156878854,0.8146282978401659,0.6390642947652585,1572.1056644715593,0.9946305555557998,6.58252011782711e-05,0.15006500238616355,0.6159264074250826,7.36374799999892,0.8013683605167496,0.0,0.0,12.1534,44.9784,synthetic_default
profile_sensitivity,offload_exposure_high,default,transient_overload,xai_gate,8,5000,0.24762929074676246,1.0390226851434168,53.308648239999954,0.674615415035504,0.7775091435314933,0.6985132676869624,2311.49618914694,0.9878594444447443,0.14596432949737018,0.1553367342903468,0.5411080792502077,4.797887999999219,0.20215072166124837,0.0154,0.0,10.1148,56.0928,synthetic_default
profile_sensitivity,offload_exposure_high,default,non_markovian,xai_gate,8,5000,0.1330271662738027,1.2798236592507637,66.1646728800002,0.6351821663137202,0.7999469330637916,0.6216122200115227,148.25989802978106,0.7648777777777408,0.10288171490918427,0.03206897289433712,0.5887084697173909,4.320699999999589,0.12833436528023712,0.0008,0.0,9.3486,55.2354,synthetic_default
profile_sensitivity,offload_exposure_high,default,rtt_uncertainty,xai_gate,8,5000,0.0,0.017161943075695556,0.8880323400000009,0.6416677245757273,0.8582870322303277,0.533643633327176,0.3519557786666676,0.5628877777777753,0.004001655857596246,0.0707879122395474,0.3782530702359597,3.8469559999998078,0.06943743488488074,0.0,0.0,7.247,45.1764,synthetic_default
profile_sensitivity,offload_exposure_high,default,adversarial_explanation_flood,xai_gate,9,5000,0.0,0.019531590581811253,1.0059314000000008,0.6952795996140954,0.8139535451129286,0.6383130796028909,1635.8217152110972,0.9967033333335931,0.0,0.14509085556336992,0.6206800673852243,7.400935999998852,0.8100968833033548,0.0004,0.0,12.2282,45.037,synthetic_default
profile_sensitivity,offload_exposure_high,default,transient_overload,xai_gate,9,5000,0.24877304960239655,1.0393364425233282,53.32846523999996,0.674252889487125,0.7772516283863502,0.6990245012666355,2298.8349454451604,0.9876177777780701,0.14748258391386954,0.15518128562381253,0.5410069664344522,4.777555999999232,0.20120291457167117,0.0142,0.0,10.1056,56.086,synthetic_default
profile_sensitivity,offload_exposure_high,default,non_markovian,xai_gate,9,5000,0.13604348070832983,1.2973127530974171,67.06880842000002,0.6364693987308268,0.7979220241410966,0.6263274174464659,147.88166703511365,0.7654749999999644,0.10726040658276864,0.033688286544046465,0.5931375712595461,4.278607999999599,0.12546849124030302,0.001,0.0,9.297,55.0704,synthetic_default
profile_sensitivity,offload_exposure_high,default,rtt_uncertainty,xai_gate,9,5000,0.0,0.01649311646650547,0.8533993200000006,0.6399798079022446,0.8580869636163629,0.5309808654742478,0.3566986484444447,0.562664444444441,0.0027559484828640034,0.07132722113075747,0.3796932984064615,3.8811319999997913,0.08300752679592427,0.0,0.0,7.3296,45.1188,synthetic_default
profile_sensitivity,offload_exposure_high,default,adversarial_explanation_flood,xai_gate,10,5000,0.0,0.017576772606080916,0.905078120000001,0.6963232869485928,0.8146881295648232,0.639737354085607,1564.5771607142328,0.9940016666669136,0.0,0.1526577853986678,0.6150497922574688,7.356411999998858,0.8013715514450577,0.0002,0.0,12.1304,44.8932,synthetic_default
profile_sensitivity,offload_exposure_high,default,transient_overload,xai_gate,10,5000,0.247821686841356,1.0380069609155438,53.25701739999999,0.6749154617999056,0.7772618268911652,0.699468673461335,2284.075316846928,0.9872544444447376,0.1459666587659003,0.15521055542387613,0.545587421979932,4.806623999999227,0.20165195101110567,0.0158,0.0,10.1256,56.176,synthetic_default
profile_sensitivity,offload_exposure_high,default,non_markovian,xai_gate,10,5000,0.1376521997053933,1.2044715565215809,62.25259643999989,0.6363631111587116,0.7984237821434764,0.6231682892906533,148.2152941968917,0.7654777777777423,0.10225740879426554,0.03543382903605435,0.5903926393495239,4.336807999999587,0.13601007301966783,0.0024,0.0,9.347,54.8528,synthetic_default
profile_sensitivity,offload_exposure_high,default,rtt_uncertainty,xai_gate,10,5000,0.0,0.015158394989289897,0.7843397800000009,0.6421585099621809,0.8601511737569153,0.5328354550462486,0.3174896964444448,0.5637299999999954,0.003177936828142703,0.06756570038964269,0.3777047005830823,3.8510119999997587,0.07512697443576455,0.0,0.0,7.2374,44.8778,synthetic_default
profile_sensitivity,offload_exposure_high,default,adversarial_explanation_flood,xai_gate,11,5000,0.0,0.017893342446662932,0.9215813,0.6960115464325405,0.8145495534419451,0.639457712424757,1608.4666389039983,0.9948488888891469,0.0,0.15331096417645318,0.614789960196059,7.369019999998897,0.8007259415248351,0.0,0.0,12.1596,45.0174,synthetic_default
profile_sensitivity,offload_exposure_high,default,transient_overload,xai_gate,11,5000,0.2467876749278639,1.0390847352138823,53.31518131999997,0.6749318163800344,0.7774094780173989,0.6997201300245892,2271.6291008664907,0.9866027777780736,0.14679299135812257,0.15622770157773724,0.5424760168080551,4.78428399999923,0.19373885720302386,0.0142,0.0,10.0904,56.3518,synthetic_default
profile_sensitivity,offload_exposure_high,default,non_markovian,xai_gate,11,5000,0.13637672181580257,1.2273267203323461,63.4353824400001,0.6389008501004367,0.8044804258028652,0.6241419966679239,155.31917445689217,0.769153333333299,0.09934213336750822,0.03823315818702209,0.5904139433551199,4.390175999999616,0.13768329888790398,0.0022,0.0,9.3636,54.8694,synthetic_default
profile_sensitivity,offload_exposure_high,default,rtt_uncertainty,xai_gate,11,5000,0.0,0.015232340156520238,0.7881251400000024,0.6412703994725385,0.858211598513025,0.5334246203734431,0.33168698755555615,0.5621927777777769,0.0034617286664102424,0.07178965877246002,0.38161437441617674,3.863403999999773,0.08085154401000216,0.0,0.0,7.2796,44.9004,synthetic_default
profile_sensitivity,offload_exposure_high,default,adversarial_explanation_flood,xai_gate,12,5000,0.0,0.018022154808941517,0.9281775799999996,0.6958553224987366,0.8139539193850966,0.6392369253981028,1622.272355481337,0.9959827777780293,0.0,0.14753103629237255,0.6201518605375798,7.3898119999988445,0.8002131547793008,0.0,0.0,12.1954,45.1628,synthetic_default
profile_sensitivity,offload_exposure_high,default,transient_overload,xai_gate,12,5000,0.2472848014295512,1.0409048069700058,53.407963440000024,0.674579904079684,0.7760454952358488,0.6998991454003758,2330.9436247611584,0.9880633333336338,0.1470977164623917,0.15572265971934396,0.545581936960941,4.7976119999992335,0.19998436872750958,0.014,0.0,10.1334,56.2974,synthetic_default
profile_sensitivity,offload_exposure_high,default,non_markovian,xai_gate,12,5000,0.1352815441382499,1.3060706824849093,67.51769654000007,0.6341416672020426,0.7962467756491866,0.6227918031733536,142.283375933336,0.7606533333332953,0.1043874863493287,0.028864478276696432,0.5981242371683689,4.299715999999608,0.13294057283839145,0.0014,0.0,9.3402,54.9614,synthetic_default
profile_sensitivity,offload_exposure_high,default,rtt_uncertainty,xai_gate,12,5000,0.0,0.018188371879351392,0.94120998,0.6401097547624683,0.8568787086048081,0.531404175652306,0.39443066133333365,0.5633594444444421,0.0035581344427414057,0.07201116706809722,0.37609481059776656,3.8660319999997848,0.0812842470060906,0.0,0.0,7.3072,45.0526,synthetic_default
profile_sensitivity,offload_exposure_high,default,adversarial_explanation_flood,xai_gate,13,5000,0.0,0.01778344209793744,0.9157724000000022,0.6961120453721993,0.815631789792173,0.6393645926072536,1567.2485355711121,0.9935166666669117,0.0002308174234180763,0.14749233356415076,0.6182939295017641,7.352543999998871,0.8006287683798994,0.0004,0.0,12.1308,44.9132,synthetic_default
profile_sensitivity,offload_exposure_high,default,transient_overload,xai_gate,13,5000,0.24786066808346735,1.0385711672879347,53.28171250000001,0.6747263386683549,0.776252863886909,0.6997212013436226,2340.6951671935985,0.9883666666669615,0.1468682078640585,0.15570045445564118,0.5440624382533096,4.796339999999229,0.20309223944887123,0.0144,0.0,10.122,56.0888,synthetic_default
profile_sensitivity,offload_exposure_high,default,non_markovian,xai_gate,13,5000,0.13594113026702048,1.2125961446496607,62.66953783999989,0.6359381275905314,0.8012849065729535,0.6221140452078496,150.2940001551143,0.7633599999999657,0.0994316967910097,0.030295261291287442,0.5983634576763662,4.367371999999598,0.12947070086980061,0.001,0.0,9.3612,55.2542,synthetic_default
profile_sensitivity,offload_exposure_high,default,rtt_uncertainty,xai_gate,13,5000,0.0,0.01704862237690866,0.882239740000001,0.6412678192296412,0.8581385344533774,0.5328762616678011,0.3498027382222222,0.5622288888888851,0.003639672429481347,0.0727383020376651,0.37623735075964376,3.8480839999998158,0.07299451476044294,0.0,0.0,7.2534,45.0664,synthetic_default
profile_sensitivity,offload_exposure_high,default,adversarial_explanation_flood,xai_gate,14,5000,0.0,0.01855585716384688,0.9554552800000005,0.6957261247041148,0.8146469347669433,0.638748520126289,1593.6545065124462,0.9945283333335748,9.865824782951855e-05,0.1469843462246777,0.6180939226519337,7.367235999998863,0.7994682904962496,0.0002,0.0,12.1632,45.0622,synthetic_default
profile_sensitivity,offload_exposure_high,default,transient_overload,xai_gate,14,5000,0.248218813157848,1.038823819795411,53.30038591999996,0.6746118135125498,0.7779874468364688,0.6984227578032514,2320.249053702051,0.9877094444447281,0.14563413670485975,0.1557882259976294,0.5416041090478072,4.804247999999225,0.20203981074165722,0.015,0.0,10.124,56.149,synthetic_default
profile_sensitivity,offload_exposure_high,default,non_markovian,xai_gate,14,5000,0.13662679677717268,1.2577320130437004,65.0208281,0.6348178058761623,0.7976143390980329,0.6244265702470104,137.34699491822414,0.7575133333333002,0.10550587827743738,0.029510468313594735,0.597224327191634,4.255739999999579,0.12409539003337966,0.0008,0.0,9.2374,54.7842,synthetic_default
profile_sensitivity,offload_exposure_high,default,rtt_uncertainty,xai_gate,14,5000,0.0,0.0171571421935856,0.887668380000001,0.6427262212921018,0.8583800503673179,0.5338704406464814,0.3586000768888887,0.5659283333333304,0.0028088340584898385,0.07448917772759817,0.37566778652861155,3.871003999999765,0.07207279018206214,0.0,0.0,7.2628,45.1636,synthetic_default
profile_sensitivity,offload_exposure_high,default,adversarial_explanation_flood,xai_gate,15,5000,0.0,0.01694056604274659,0.8724743600000009,0.6966356486465056,0.8171317890766576,0.6397234870436351,1530.5127974831132,0.9915566666669013,8.278831029058697e-05,0.145839887407898,0.6191737726633,7.3310679999989325,0.7939703940675251,0.0006,0.0,12.079,44.8874,synthetic_default
profile_sensitivity,offload_exposure_high,default,transient_overload,xai_gate,15,5000,0.24914322866114755,1.0359744610106323,53.14529374000001,0.6747177760716125,0.7750953504845188,0.6998761640383665,2365.0494397482666,0.9888822222225129,0.14622093595574193,0.15498198570669186,0.5484023389049673,4.818803999999204,0.20832143876677267,0.0144,0.0,10.1586,56.048,synthetic_default
profile_sensitivity,offload_exposure_high,default,non_markovian,xai_gate,15,5000,0.13886461666312785,1.2180927711067306,62.96784599999988,0.6321646625501577,0.7939396008465851,0.6221999783338378,135.24433707155802,0.7494205555555168,0.10503737406564836,0.028772614017982884,0.600043332250027,4.231675999999564,0.12647078204968887,0.0012,0.0,9.231,54.6308,synthetic_default
profile_sensitivity,offload_exposure_high,default,rtt_uncertainty,xai_gate,15,5000,0.0,0.017901486738811756,0.9262127200000004,0.6424369332234543,0.85726313713532,0.5337512558451603,0.36728284266666705,0.5672561111111053,0.0033800494641384998,0.07114591920857379,0.3768892552899148,3.8738159999997688,0.07624671159161256,0.0,0.0,7.278,45.0826,synthetic_default
profile_sensitivity,offload_exposure_high,default,adversarial_explanation_flood,xai_gate,16,5000,0.0,0.02001437741287516,1.0306596000000017,0.6954869471343506,0.8130200348026572,0.6390293771264162,1665.1828960542232,0.9977094444447114,0.0,0.15496597749280294,0.6140735409578645,7.401231999998894,0.8065313009265234,0.0,0.0,12.2272,45.1222,synthetic_default
profile_sensitivity,offload_exposure_high,default,transient_overload,xai_gate,16,5000,0.24904451938872027,1.037910030112406,53.25355013999997,0.6745287569941147,0.7766675729872875,0.6988050376638651,2302.8244893522756,0.987620000000294,0.14644417643686114,0.15621107574289725,0.5411139010261176,4.792911999999222,0.19892668103131816,0.0128,0.0,10.1158,56.2492,synthetic_default
profile_sensitivity,offload_exposure_high,default,non_markovian,xai_gate,16,5000,0.1387998127081528,1.225981037436664,63.37306497999999,0.6320525554380547,0.7940520747255261,0.620935590438937,135.55245242000356,0.7476022222221883,0.10284369399520653,0.025953835856023146,0.6044091291861896,4.260047999999564,0.12503856365857802,0.0016,0.0,9.2626,54.8876,synthetic_default
profile_sensitivity,offload_exposure_high,default,rtt_uncertainty,xai_gate,16,5000,0.0,0.015862887549988974,0.8207885400000005,0.6421363363035434,0.8584411363098062,0.5335791322513785,0.40209989866666745,0.5668505555555527,0.0027332859563767562,0.0701907833597551,0.3824687038757995,3.895651999999772,0.08447788048689908,0.0,0.0,7.3172,44.9814,synthetic_default
profile_sensitivity,offload_exposure_high,default,adversarial_explanation_flood,xai_gate,17,5000,0.0,0.01844650169725062,0.9499411200000022,0.6955538794517935,0.8144638725539391,0.6385815242342804,1610.628984334218,0.9953483333335874,3.279333639404473e-05,0.14329048337377845,0.6221223847314226,7.386979999998868,0.8032849898730037,0.0006,0.0,12.1976,45.094,synthetic_default
profile_sensitivity,offload_exposure_high,default,transient_overload,xai_gate,17,5000,0.24678292112216244,1.0376430486301043,53.2372017,0.6745533743299701,0.7771951030719861,0.6987541390728644,2330.0446855553905,0.9880266666669644,0.14541942604856511,0.1555502995900347,0.5448793755912961,4.81705199999923,0.20281500816125053,0.0156,0.0,10.1472,56.2414,synthetic_default
profile_sensitivity,offload_exposure_high,default,non_markovian,xai_gate,17,5000,0.13085504515789737,1.2286404067963836,63.51783419999994,0.6334225876579911,0.7979556582739673,0.6196411890053273,134.80492072222555,0.7509849999999639,0.0999160550162509,0.028412148345853334,0.5987214533244366,4.303831999999555,0.13114476700375355,0.0008,0.0,9.2918,54.7634,synthetic_default
profile_sensitivity,offload_exposure_high,default,rtt_uncertainty,xai_gate,17,5000,0.0,0.01635176940217012,0.8460455600000005,0.640502315639511,0.8580408840578979,0.5311991823771318,0.3694681146666675,0.5642066666666626,0.00328848209147461,0.07029130470526979,0.3754076347592557,3.8665359999997775,0.08040811009261573,0.0,0.0,7.2982,45.0336,synthetic_default
profile_sensitivity,offload_exposure_high,default,adversarial_explanation_flood,xai_gate,18,5000,0.0,0.01724502328202138,0.8878430400000017,0.695693155073317,0.8118098904958921,0.6392046940376602,1688.9442683195543,0.9988727777780548,0.0,0.1514448221757322,0.6172201882845189,7.411303999998822,0.8127706349171073,0.0004,0.0,12.2368,45.0022,synthetic_default
profile_sensitivity,offload_exposure_high,default,transient_overload,xai_gate,18,5000,0.24944909640584942,1.0389768781320314,53.30343375999998,0.6733526790949598,0.7758211467958899,0.6974295540704442,2381.0924921887135,0.989846666666956,0.14513229374291634,0.15275335131121273,0.5490483448626255,4.8447039999992425,0.21056422739418146,0.0168,0.0,10.2348,56.3638,synthetic_default
profile_sensitivity,offload_exposure_high,default,non_markovian,xai_gate,18,5000,0.1376445840070555,1.161682832955627,60.045542379999986,0.6327865968859815,0.7962705455864502,0.6190759842775861,135.70536961066895,0.7419749999999612,0.0996981476253556,0.02601576581467567,0.6017720254511498,4.262043999999575,0.1281542456759266,0.0014,0.0,9.2098,54.424,synthetic_default
profile_sensitivity,offload_exposure_high,default,rtt_uncertainty,xai_gate,18,5000,0.0,0.0148026348565956,0.7659354600000009,0.6413923355660882,0.8579445085613921,0.5330726393752327,0.370881635555556,0.5638233333333299,0.00337652355331064,0.0716207313055891,0.37943340287690785,3.86805199999979,0.0799097011927663,0.0,0.0,7.2856,44.9766,synthetic_default
profile_sensitivity,offload_exposure_high,default,adversarial_explanation_flood,xai_gate,19,5000,0.0,0.01786824862198398,0.9201433600000007,0.6958758570675992,0.8166481744230972,0.6388342233649864,1515.0061715808897,0.9922644444446844,8.241033755274261e-05,0.14313027426160338,0.621456355485232,7.353339999998918,0.8034840844134699,0.0006,0.0,12.1344,44.8554,synthetic_default
profile_sensitivity,offload_exposure_high,default,transient_overload,xai_gate,19,5000,0.24738822463897062,1.0391173336312896,53.31807295999996,0.6753001824094982,0.7766738270939793,0.7009657784122519,2307.4645843993812,0.9879972222225123,0.14765247045760965,0.15560314061384725,0.5447696090094377,4.782167999999199,0.19657511334438604,0.0142,0.0,10.0872,56.2004,synthetic_default
profile_sensitivity,offload_exposure_high,default,non_markovian,xai_gate,19,5000,0.1366027908215575,1.2099613271517682,62.54669755999992,0.6324045295486189,0.7955128660240964,0.6184485644112828,132.88675112666854,0.7443866666666327,0.10161055445673672,0.02799452281075442,0.5928840009563346,4.23626399999958,0.11912589041278898,0.0008,0.0,9.2018,54.8154,synthetic_default
profile_sensitivity,offload_exposure_high,default,rtt_uncertainty,xai_gate,19,5000,0.0,0.01722710574106943,0.8914111600000008,0.6419870422226285,0.8573164301732886,0.5342194494466523,0.37818137288888903,0.5655622222222193,0.0037885027178389064,0.07151485202877066,0.3801954647779059,3.8714479999997797,0.07561744799971493,0.0,0.0,7.2852,45.1536,synthetic_default
profile_sensitivity,offload_exposure_high,default,adversarial_explanation_flood,xai_gate,20,5000,0.0,0.017897560243547373,0.9216281400000021,0.6957058293023771,0.8142559729966297,0.6389436746741057,1622.9297518760013,0.9964850000002613,1.639747478888251e-05,0.14951217512503073,0.6173157333770599,7.387587999998842,0.8041965282862551,0.0012,0.0,12.197,45.069,synthetic_default
profile_sensitivity,offload_exposure_high,default,transient_overload,xai_gate,20,5000,0.24798180107747625,1.0389226160543608,53.30311109999998,0.675262636470021,0.7774524236749035,0.7003138560304423,2289.5906184727137,0.9874933333336244,0.14678317382947947,0.15504567160038835,0.5449087558699399,4.791231999999193,0.20121814072881716,0.016,0.0,10.0938,56.0198,synthetic_default
profile_sensitivity,offload_exposure_high,default,non_markovian,xai_gate,20,5000,0.14075001719505653,1.3476202626551004,69.64785874000017,0.6403270596143857,0.8002155919572872,0.6314170482712016,168.79651468756006,0.787694999999963,0.10603705415283787,0.04442717304541444,0.5966054698987523,4.430299999999588,0.1369275777658323,0.0032,0.0,9.5212,55.83,synthetic_default
profile_sensitivity,offload_exposure_high,default,rtt_uncertainty,xai_gate,20,5000,0.0,0.017125599650144024,0.8861312400000004,0.6411008292602982,0.858458757363529,0.532353769249527,0.35125927333333345,0.563687222222218,0.0034598275578010874,0.06763139107034982,0.38016914712504807,3.864223999999782,0.07970447322232932,0.0,0.0,7.2836,44.9728,synthetic_default
profile_sensitivity,offload_delay_low,default,adversarial_explanation_flood,xai_gate,1,5000,0.0,0.019511609374939436,1.0057116400000017,0.6869682513572223,0.7992274055258408,0.6414474420134952,1558.2090502479916,0.9956116666669134,0.04964632340845534,0.1283599276196743,0.6392169764763942,6.8031079999992174,0.7980765106844974,0.0002,0.0,12.158,45.0778,synthetic_default
profile_sensitivity,offload_delay_low,default,transient_overload,xai_gate,1,5000,0.2460271243162074,1.0367577448644558,53.290047300000026,0.6806562834384633,0.7494114485218921,0.6758774224229843,2327.7403434402695,0.9904472222225145,0.24681964094637973,0.15495581183370982,0.573257242499901,4.149135999999231,0.2029032142729441,0.0106,0.0,10.0932,55.938,synthetic_default
profile_sensitivity,offload_delay_low,default,non_markovian,xai_gate,1,5000,0.13798978742349174,1.465317843682446,75.83930607999997,0.6343582745165517,0.7708722309235149,0.607533530929482,141.7545514182253,0.8299577777777278,0.21920378702262405,0.06923683817728213,0.5341919525769239,3.5776519999997554,0.13164203558988286,0.001,0.0,9.3794,55.2554,synthetic_default
profile_sensitivity,offload_delay_low,default,rtt_uncertainty,xai_gate,1,5000,0.0,0.01660673378552903,0.8592807400000007,0.6430820380911171,0.8523839109329099,0.5451315400828941,0.4044882226666669,0.5782772222222163,0.02388901050788091,0.05637040280210158,0.3957694833625219,3.792899999999748,0.07974271017074996,0.0,0.0,7.3088,45.1268,synthetic_default
profile_sensitivity,offload_delay_low,default,adversarial_explanation_flood,xai_gate,2,5000,0.0,0.01818126329313488,0.9368557600000024,0.6867814558764652,0.7990079319544299,0.6403290768605172,1663.830791812877,0.9995266666669108,0.044424562830418866,0.1287840585603904,0.6409109394062628,6.922419999999131,0.8179586815474598,0.0002,0.0,12.295,45.0872,synthetic_default
profile_sensitivity,offload_delay_low,default,transient_overload,xai_gate,2,5000,0.24700009333076867,1.0348947015617462,53.19057047999996,0.6796636886021182,0.7491762809546946,0.6748533926322104,2364.100482280714,0.9916938888891715,0.24539515113350127,0.15359335642317382,0.576452298488665,4.176855999999264,0.20679296005775805,0.0108,0.0,10.1632,56.1444,synthetic_default
profile_sensitivity,offload_delay_low,default,non_markovian,xai_gate,2,5000,0.13499562326991357,1.2386973480548666,64.10135917999995,0.6300262609602149,0.7684515504833841,0.6015159736088036,112.93130244266857,0.7931305555555007,0.2120409757791475,0.04108429551176317,0.5614853719940968,3.521199999999682,0.12324736380845325,0.0,0.0,9.2152,54.6938,synthetic_default
profile_sensitivity,offload_delay_low,default,rtt_uncertainty,xai_gate,2,5000,0.0,0.017241290674464203,0.8921373200000003,0.6431774600044315,0.853084698911224,0.5443643400138146,0.3847834075555558,0.5778683333333259,0.02284681130834977,0.05517203594126671,0.39513477975016437,3.7951279999997465,0.08001597656770265,0.0,0.0,7.3008,45.066,synthetic_default
profile_sensitivity,offload_delay_low,default,adversarial_explanation_flood,xai_gate,3,5000,0.0,0.019688250744900975,1.0148173999999996,0.6834004321620402,0.7932980453942429,0.6387031892252009,1727.0092972257607,1.0000400000002567,0.046124352163246736,0.13130574645415996,0.6340758070543127,6.881799999999132,0.8133689225139882,0.0002,0.0058,12.3102,45.2572,synthetic_default
profile_sensitivity,offload_delay_low,default,transient_overload,xai_gate,3,5000,0.24562228018043075,1.0359750472790206,53.25166975999997,0.6806209526837507,0.7490854778810504,0.6759622184259326,2315.2965034167178,0.989726666666956,0.24816256803464304,0.1550991220054825,0.5718286917484406,4.128803999999234,0.1957918540213217,0.0114,0.0,10.0684,56.1324,synthetic_default
profile_sensitivity,offload_delay_low,default,non_markovian,xai_gate,3,5000,0.13664985535903895,1.2677378911389536,65.60502352000005,0.6318841867927619,0.7683283978207037,0.6043337813814279,112.43204324622391,0.79818388888883,0.21658067033777045,0.03882842648397867,0.5663617048952868,3.5100199999996744,0.12602682876219107,0.0006,0.0,9.2252,54.618,synthetic_default
profile_sensitivity,offload_delay_low,default,rtt_uncertainty,xai_gate,3,5000,0.0,0.016685722162153197,0.8634637600000011,0.6426151302191435,0.8526185266634697,0.5438982690196996,0.3844281133333339,0.5739155555555485,0.02381149235221166,0.05269395066832024,0.3954802259887006,3.762319999999777,0.07215197166930354,0.0,0.0,7.257,45.1242,synthetic_default
profile_sensitivity,offload_delay_low,default,adversarial_explanation_flood,xai_gate,4,5000,0.0,0.01706639940474243,0.8795322200000006,0.6868519399557952,0.7990422602913972,0.6409241243540376,1607.9219993728793,0.9977477777780277,0.04816668033795423,0.13386924780575835,0.6335329341317365,6.830923999999225,0.8058734214716872,0.0,0.0,12.191,45.005,synthetic_default
profile_sensitivity,offload_delay_low,default,transient_overload,xai_gate,4,5000,0.24788609453108829,1.0368108711044925,53.29807609999991,0.6808494431186417,0.750049969343159,0.6764681782020299,2293.6458222527226,0.9901000000002892,0.2488862370723946,0.15497215592680985,0.572175815433572,4.122243999999213,0.19518787126771087,0.0102,0.0,10.056,56.0916,synthetic_default
profile_sensitivity,offload_delay_low,default,non_markovian,xai_gate,4,5000,0.13566032603701458,1.1860393050676616,61.36875952000001,0.6339748990316377,0.7707032291349978,0.6041544708385602,113.61933890222426,0.7973105555555035,0.21118686759022018,0.039692534850393014,0.5631215529595692,3.555215999999684,0.12854631110130832,0.0,0.0,9.2108,54.411,synthetic_default
profile_sensitivity,offload_delay_low,default,rtt_uncertainty,xai_gate,4,5000,0.0,0.018123055790567763,0.9377387400000007,0.6422699035475363,0.8518819229338572,0.5440368523378581,0.415946122666667,0.5794711111111044,0.024167620293172033,0.05400250667538554,0.3953463026538063,3.800247999999748,0.08214731143799514,0.0,0.0,7.3404,45.2212,synthetic_default
profile_sensitivity,offload_delay_low,default,adversarial_explanation_flood,xai_gate,5,5000,0.0,0.017647620841351214,0.9094803400000002,0.6872728318759557,0.800752651100866,0.6408766191071135,1556.7004903217694,0.9954205555558004,0.046091130251824576,0.1322736537576435,0.6350351765402065,6.84263999999916,0.7984795876587327,0.0002,0.0,12.1672,45.1018,synthetic_default
profile_sensitivity,offload_delay_low,default,transient_overload,xai_gate,5,5000,0.2475824940500119,1.0383404572505792,53.37288482000004,0.6800840021297392,0.7488296695939751,0.6752789225642019,2334.0530841069385,0.9914761111114018,0.24626821525052747,0.15293908859661232,0.576400528464102,4.166059999999239,0.20275733179647348,0.009,0.0,10.1426,56.2186,synthetic_default
profile_sensitivity,offload_delay_low,default,non_markovian,xai_gate,5,5000,0.13323747017930895,1.2600743682861564,65.20681740000005,0.6332125081151895,0.769687643934082,0.6053936377407456,119.2933752813348,0.8037411111110546,0.21560268340186106,0.04386496429344298,0.5612854360528025,3.536199999999712,0.12894143112443635,0.0004,0.0,9.242,54.5762,synthetic_default
profile_sensitivity,offload_delay_low,default,rtt_uncertainty,xai_gate,5,5000,0.0,0.01693313662036439,0.8762025600000004,0.6425361062969813,0.8529258087597865,0.5442664690123481,0.37204694622222323,0.5740849999999963,0.023823278589309785,0.05653214492035982,0.3946521416192127,3.767915999999784,0.07868229303445862,0.0,0.0,7.2702,44.9326,synthetic_default
profile_sensitivity,offload_delay_low,default,adversarial_explanation_flood,xai_gate,6,5000,0.0,0.01683112202140476,0.8674511200000021,0.6881032472119646,0.8005478070642478,0.6413803524793528,1588.9895244675497,0.9963622222224696,0.04372320680649771,0.1292479017131219,0.6390453821263735,6.88258399999914,0.7989835416481914,0.0,0.0,12.1766,45.124,synthetic_default
profile_sensitivity,offload_delay_low,default,transient_overload,xai_gate,6,5000,0.2480835874800791,1.036244145464064,53.25627942000005,0.6793335431584973,0.7480909323972128,0.6744802895585479,2401.502387499831,0.9919322222225043,0.2459084113620269,0.15311983633645448,0.5758517585962704,4.17083999999923,0.2083052565652086,0.0128,0.0,10.1672,56.0962,synthetic_default
profile_sensitivity,offload_delay_low,default,non_markovian,xai_gate,6,5000,0.1387100164975034,1.2090893347341094,62.56098790000008,0.633758431203589,0.7724228778137974,0.6056593039543112,122.47901739111296,0.8061949999999494,0.2119168193082642,0.050533347699601334,0.5578493696799913,3.581559999999744,0.12666173805266,0.0006,0.0,9.281,54.9174,synthetic_default
profile_sensitivity,offload_delay_low,default,rtt_uncertainty,xai_gate,6,5000,0.0,0.01687826182396353,0.8735083399999994,0.6434047612464845,0.8534484118388767,0.5443914239333323,0.35245484177777836,0.5735572222222183,0.022783200154837282,0.05704094893134626,0.392816656067686,3.7622239999997844,0.06785596182917875,0.0,0.0,7.2334,45.1584,synthetic_default
profile_sensitivity,offload_delay_low,default,adversarial_explanation_flood,xai_gate,7,5000,0.0,0.016555437611104,0.8532786200000011,0.6871462904740089,0.8004665248000675,0.6408377092627119,1533.2699443231052,0.9941927777780226,0.04658512897331643,0.13326968345157944,0.6339363610923636,6.826291999999246,0.8055233577640282,0.0,0.0,12.1498,44.8616,synthetic_default
profile_sensitivity,offload_delay_low,default,transient_overload,xai_gate,7,5000,0.24815354996510905,1.0349500412011463,53.191430319999995,0.6796334336817073,0.7490472045265256,0.6743832516773568,2368.9672312238336,0.9915300000002846,0.2453810282746001,0.15345414477697106,0.5749562206087795,4.174711999999217,0.20629744086358515,0.0106,0.0,10.1646,56.1752,synthetic_default
profile_sensitivity,offload_delay_low,default,non_markovian,xai_gate,7,5000,0.13936762343253148,1.313142509119336,67.93828729999998,0.6345578130616462,0.7716359372572826,0.6065785745998783,138.4536105577807,0.8206566666666183,0.20892619294276835,0.06344743017822788,0.5509841645700755,3.676303999999714,0.13689407432511613,0.0016,0.0,9.4598,55.4716,synthetic_default
profile_sensitivity,offload_delay_low,default,rtt_uncertainty,xai_gate,7,5000,0.0,0.015230678423749101,0.7882181800000013,0.643514091457444,0.8528413326272786,0.5453301078154487,0.3930239191111113,0.5776011111111058,0.02330299374931462,0.054830573527799104,0.39790547209123805,3.7933039999997367,0.0807415505956901,0.0,0.0,7.2952,45.0012,synthetic_default
profile_sensitivity,offload_delay_low,default,adversarial_explanation_flood,xai_gate,8,5000,0.0,0.015474476418645232,0.7975288200000004,0.686679601070068,0.7999729324219886,0.6411949737459173,1464.440285149328,0.9925200000002307,0.050691852977114364,0.12914038505993858,0.6372642911396585,6.763675999999253,0.79545104177784,0.0002,0.0,12.1124,44.9744,synthetic_default
profile_sensitivity,offload_delay_low,default,transient_overload,xai_gate,8,5000,0.24649476574763043,1.0362712762360689,53.269805039999994,0.680880842423865,0.7501729820652825,0.6764987260131783,2271.899508074942,0.9898494444447326,0.24918385221753325,0.15592403853810016,0.570885420813759,4.116431999999263,0.1974766129022627,0.0108,0.0,10.0472,55.9354,synthetic_default
profile_sensitivity,offload_delay_low,default,non_markovian,xai_gate,8,5000,0.13482621507289524,1.2516317406567634,64.76166300000011,0.6356865384615975,0.7739903966249263,0.6078170940170835,131.80841597333574,0.815324999999951,0.2101068376068376,0.058354700854700854,0.5553846153846154,3.6424039999997215,0.13291817208010226,0.001,0.0,9.36,55.079,synthetic_default
profile_sensitivity,offload_delay_low,default,rtt_uncertainty,xai_gate,8,5000,0.0,0.013396849253564486,0.6932434000000005,0.6439002360951412,0.8529038347302805,0.5464233207393875,0.38847124088889007,0.5772316666666599,0.02363696260912535,0.057596222478449456,0.3982045791467633,3.7898119999997792,0.0796007735568054,0.0,0.0,7.2852,44.987,synthetic_default
profile_sensitivity,offload_delay_low,default,adversarial_explanation_flood,xai_gate,9,5000,0.0,0.017911661421758332,0.9233142199999996,0.6868478511825173,0.8009726822276138,0.6410549490418616,1470.7421918555497,0.9928350000002277,0.04919357498598239,0.1286322108248953,0.6379827830733203,6.787887999999254,0.795699832239861,0.0002,0.0,12.1276,45.0246,synthetic_default
profile_sensitivity,offload_delay_low,default,transient_overload,xai_gate,9,5000,0.24789514907022692,1.0367364560444574,53.28555828,0.6800076810967303,0.7496717715046235,0.6753308780083983,2355.4627919122736,0.991125555555844,0.2453027139874739,0.15372040808287707,0.5775002954267933,4.1779319999992355,0.20629399703974327,0.011,0.0,10.1548,56.1212,synthetic_default
profile_sensitivity,offload_delay_low,default,non_markovian,xai_gate,9,5000,0.13627007598001248,1.3024055494685904,67.38866286000014,0.6363794602158863,0.7749726884005927,0.6074072974749212,137.79642322933586,0.8266327777777294,0.2099137108571671,0.06506667797400725,0.5433035808934212,3.67579599999972,0.13284313195688124,0.0016,0.0,9.4334,55.5146,synthetic_default
profile_sensitivity,offload_delay_low,default,rtt_uncertainty,xai_gate,9,5000,0.0,0.017324059747243808,0.8965080400000014,0.6426311325143408,0.8519622531875662,0.5443179553381945,0.4512349995555552,0.576165555555549,0.022902016581388348,0.05847265165403453,0.395244479711057,3.793767999999789,0.08320625732631881,0.0,0.0,7.3094,44.9862,synthetic_default
profile_sensitivity,offload_delay_low,default,adversarial_explanation_flood,xai_gate,10,5000,0.0,0.017887035359082856,0.9219927800000008,0.6877102050984872,0.8033735851695548,0.6406686041684023,1408.82831356489,0.9898305555557848,0.04628414846798971,0.12927011541974592,0.6333637797890891,6.7783279999992345,0.7861009518555113,0.0002,0.0,12.043,44.9508,synthetic_default
profile_sensitivity,offload_delay_low,default,transient_overload,xai_gate,10,5000,0.24613517154808756,1.0378661528350737,53.35186887999999,0.6802511320718444,0.7495677066990624,0.6756724209526854,2304.534717274498,0.9903844444447253,0.24699926835538155,0.15358604733938422,0.5756856696525676,4.151839999999255,0.20228088881914874,0.0108,0.0,10.1142,56.0834,synthetic_default
profile_sensitivity,offload_delay_low,default,non_markovian,xai_gate,10,5000,0.13655909641393804,1.3256784000044182,68.60294012000011,0.6312633409926107,0.7676199825662052,0.6038480039512909,115.18841275422396,0.8021211111110533,0.2152382588528357,0.0438507956278051,0.564455515708549,3.5444679999997004,0.1256632461897358,0.001,0.0,9.3134,55.158,synthetic_default
profile_sensitivity,offload_delay_low,default,rtt_uncertainty,xai_gate,10,5000,0.0,0.01600725194895547,0.8284019200000008,0.6433200822481637,0.8520002997388395,0.5453876542494357,0.38338972800000076,0.5784549999999963,0.024180945853324195,0.05735435229609322,0.3940233036326251,3.7862799999997625,0.08010707792168947,0.0,0.0,7.295,45.0264,synthetic_default
profile_sensitivity,offload_delay_low,default,adversarial_explanation_flood,xai_gate,11,5000,0.0,0.019354942558832692,0.9977638200000011,0.687005346713913,0.7999753850129748,0.641078062021887,1529.7777993346604,0.9937655555557909,0.0469030188368841,0.1362671711770996,0.6330015628855803,6.824751999999295,0.7986468352426479,0.0004,0.0,12.157,45.0598,synthetic_default
profile_sensitivity,offload_delay_low,default,transient_overload,xai_gate,11,5000,0.24854907342757013,1.0362717435530742,53.258841739999966,0.6800933288610189,0.7491876754835618,0.6751946488821972,2389.39427770693,0.9917538888891817,0.2459106963161737,0.15435764882303032,0.5743769854580612,4.166907999999247,0.2036298175116622,0.012,0.0,10.1362,56.1424,synthetic_default
profile_sensitivity,offload_delay_low,default,non_markovian,xai_gate,11,5000,0.14044526103428526,1.2403260147995059,64.16633522000008,0.6349568006844022,0.771957768723251,0.6079422583404522,131.0048581400022,0.8138711111110614,0.21216852010265183,0.05645851154833191,0.5585115483319076,3.6199519999997274,0.12908405591332528,0.0004,0.0,9.352,55.2188,synthetic_default
profile_sensitivity,offload_delay_low,default,rtt_uncertainty,xai_gate,11,5000,0.0,0.016326137419687792,0.8448071000000004,0.6433120166161529,0.8519159632837423,0.5451155124183703,0.4369031520000003,0.580023888888885,0.023776338443879642,0.05684457926812604,0.39438659779727253,3.8004199999997677,0.08510373296323781,0.0,0.0,7.3182,44.9616,synthetic_default
profile_sensitivity,offload_delay_low,default,adversarial_explanation_flood,xai_gate,12,5000,0.0,0.016361145103514173,0.8432288000000017,0.6868393363679285,0.8009255205369274,0.640591068012406,1494.7036251808822,0.9931288888891265,0.04842008048024276,0.12853750247377796,0.6363711326604657,6.79400399999924,0.7982606374697019,0.0,0.0,12.1272,44.959,synthetic_default
profile_sensitivity,offload_delay_low,default,transient_overload,xai_gate,12,5000,0.24822430886083172,1.0379881422653985,53.353526919999986,0.6799049087639193,0.7486136985549702,0.6749872486803563,2337.1150791918203,0.9903361111113986,0.2467429768894688,0.1537275369195184,0.5737500741355791,4.15035999999923,0.20137087810300147,0.0094,0.0,10.1166,56.1392,synthetic_default
profile_sensitivity,offload_delay_low,default,non_markovian,xai_gate,12,5000,0.13758335822580978,1.16949814158955,60.51320329999998,0.6311937551427562,0.7706039296020822,0.6018143432505989,114.88048196844585,0.7959688888888351,0.21010350352951365,0.04092503572820579,0.5607812567667056,3.5516079999996952,0.12154571351552113,0.0006,0.0,9.2364,54.9028,synthetic_default
profile_sensitivity,offload_delay_low,default,rtt_uncertainty,xai_gate,12,5000,0.0,0.017823749760098914,0.9223268600000006,0.6440919552828185,0.8527597577321474,0.5461052075406109,0.4157018542222222,0.5796011111111052,0.023372424375274002,0.0560883384480491,0.39697501096010523,3.8003559999997445,0.08047457275869352,0.0,0.0,7.2992,45.037,synthetic_default
profile_sensitivity,offload_delay_low,default,adversarial_explanation_flood,xai_gate,13,5000,0.0,0.017586121840385383,0.9063302600000003,0.6876938048427401,0.8013885163982812,0.6412723494095179,1504.0122741155462,0.9930005555557893,0.04613379956455763,0.12639374546414198,0.6403476941347233,6.82715199999919,0.7965049521819938,0.0,0.0,12.1256,44.997,synthetic_default
profile_sensitivity,offload_delay_low,default,transient_overload,xai_gate,13,5000,0.24707592248624707,1.0402008371334022,53.47114571999996,0.680465277640212,0.7502655030913254,0.6756229803936815,2317.265516204278,0.9907222222225125,0.24720972186428244,0.15556172313304126,0.5714172432250263,4.14241199999925,0.1966049185033325,0.0096,0.0,10.0886,56.2068,synthetic_default
profile_sensitivity,offload_delay_low,default,non_markovian,xai_gate,13,5000,0.1390326323256576,1.2862083747626285,66.55454018000006,0.6311307230342649,0.769875995769823,0.601448651441106,118.09413896622421,0.7970849999999476,0.20728846029661838,0.04696816410874572,0.5580429214111975,3.587979999999697,0.12668097542047674,0.0006,0.0,9.2914,54.978,synthetic_default
profile_sensitivity,offload_delay_low,default,rtt_uncertainty,xai_gate,13,5000,0.0,0.016480189191132245,0.8528597000000009,0.6432829125523574,0.8526272983563774,0.5456757651154891,0.3414714102222234,0.5771194444444377,0.023386854126206953,0.056511392543559726,0.3998194698979731,3.7992599999997836,0.08363418639255205,0.0,0.0,7.3118,44.9832,synthetic_default
profile_sensitivity,offload_delay_low,default,adversarial_explanation_flood,xai_gate,14,5000,0.0,0.01686857805890118,0.8692694000000014,0.6875162561577322,0.800218231911758,0.6416637110016472,1592.01677038488,0.9963344444446912,0.04661740558292282,0.1318390804597701,0.6379638752052545,6.849595999999187,0.804147762367966,0.0,0.0,12.18,45.0074,synthetic_default
profile_sensitivity,offload_delay_low,default,transient_overload,xai_gate,14,5000,0.2474303467570283,1.036796084609931,53.291290360000005,0.6796555118111284,0.7485476020910579,0.6748454724409119,2353.3463533162653,0.9915361111113925,0.24586614173228347,0.15285433070866142,0.5767716535433071,4.171555999999227,0.20545110685564327,0.0116,0.0,10.16,56.1892,synthetic_default
profile_sensitivity,offload_delay_low,default,non_markovian,xai_gate,14,5000,0.13772184060319406,1.2947571502145623,66.99529003999999,0.6340227219037196,0.7714730780070933,0.6056446105276748,123.35992592800216,0.8091127777777253,0.21306616841698345,0.05098468741275262,0.5563215428559156,3.5843359999997104,0.13288663104726717,0.0012,0.0,9.3126,54.8016,synthetic_default
profile_sensitivity,offload_delay_low,default,rtt_uncertainty,xai_gate,14,5000,0.0,0.01829752918063882,0.9467928200000013,0.6441153059834177,0.8520137147314291,0.545716440497268,0.4200930937777784,0.5810283333333268,0.022025350960883195,0.055663077552133025,0.3993730407523511,3.8274839999997456,0.08342857817903604,0.0,0.0,7.337,45.1468,synthetic_default
profile_sensitivity,offload_delay_low,default,adversarial_explanation_flood,xai_gate,15,5000,0.0,0.01662041786818783,0.8563733800000002,0.6882782697268781,0.8019644341747827,0.6409364372669284,1570.5847089946567,0.9953111111113616,0.04135109826019813,0.13096978757659894,0.6369252000197144,6.903731999999173,0.806094593792658,0.0002,0.0,12.1738,44.936,synthetic_default
profile_sensitivity,offload_delay_low,default,transient_overload,xai_gate,15,5000,0.24679254785025256,1.0376222001757478,53.32463087999999,0.6793929637192857,0.7478822046809557,0.6742983351656696,2417.955353490931,0.9929416666669594,0.245150777446207,0.1530744463640647,0.5759973299827235,4.184263999999245,0.20830412561276757,0.0142,0.0,10.1872,56.2066,synthetic_default
profile_sensitivity,offload_delay_low,default,non_markovian,xai_gate,15,5000,0.13904940356765044,1.212027020552567,62.70254656,0.6357356603126083,0.773047679674769,0.6077535205220599,125.63665411777946,0.8129911111110618,0.21129572385368367,0.05632835308260347,0.5552550231839258,3.617791999999744,0.132893152883667,0.002,0.0,9.3168,54.826,synthetic_default
profile_sensitivity,offload_delay_low,default,rtt_uncertainty,xai_gate,15,5000,0.0,0.017462230710748365,0.903623640000002,0.6424868158592714,0.851999311844348,0.5434201631514052,0.3507794875555559,0.575993333333329,0.021668442768532938,0.05743640189086537,0.39552422329699155,3.804099999999773,0.08220077357085231,0.0,0.0,7.3194,45.0896,synthetic_default
profile_sensitivity,offload_delay_low,default,adversarial_explanation_flood,xai_gate,16,5000,0.0,0.0181395847673944,0.9349660200000001,0.6869237993245848,0.8006239251818554,0.6408704176620864,1509.372654603546,0.9934700000002354,0.048537770821319715,0.12646840761182965,0.6394101655820084,6.801643999999216,0.8003307304991314,0.0002,0.0,12.139,44.951,synthetic_default
profile_sensitivity,offload_delay_low,default,transient_overload,xai_gate,16,5000,0.2475451387225586,1.0368599299780406,53.29569657999998,0.6801174609453301,0.7488464414366394,0.6754306901324574,2340.924770980267,0.991339444444728,0.24759738975677278,0.15327269131896382,0.5743326082657703,4.145915999999256,0.20520547716675708,0.0096,0.0,10.114,55.9462,synthetic_default
profile_sensitivity,offload_delay_low,default,non_markovian,xai_gate,16,5000,0.14123644692299606,1.2322613614121127,63.750174080000086,0.6365536130786136,0.7729409048585894,0.6085864378490496,132.60977776533548,0.8159877777777285,0.2120343226413883,0.05544262084608307,0.5572721631395374,3.6297679999997157,0.13041785040885068,0.0002,0.0,9.3466,55.1218,synthetic_default
profile_sensitivity,offload_delay_low,default,rtt_uncertainty,xai_gate,16,5000,0.0,0.014251653972975455,0.7374779600000008,0.642978043472315,0.8520848723828619,0.5447896094090363,0.3741537697777786,0.5747172222222168,0.023802308603542797,0.058679302460122866,0.3926278960852916,3.7664799999997887,0.0777964838519094,0.0,0.0,7.2598,44.9052,synthetic_default
profile_sensitivity,offload_delay_low,default,adversarial_explanation_flood,xai_gate,17,5000,0.0,0.018704142794330112,0.9639527600000001,0.6870201496834552,0.7992952359140156,0.6417315568714524,1567.0689761293297,0.9963138888891311,0.04949420182580804,0.13575129533678756,0.6336211859527922,6.803927999999198,0.7993820035161827,0.0006,0.0,12.159,45.0488,synthetic_default
profile_sensitivity,offload_delay_low,default,transient_overload,xai_gate,17,5000,0.24748800459025252,1.0345271626231438,53.16694316000001,0.6794810320453479,0.7485595197038885,0.6742514923028351,2400.0323127909387,0.9924872222225076,0.2447769399937166,0.15341266101162426,0.5757147345271756,4.1866039999992495,0.20625581775418778,0.0124,0.0,10.1856,56.2932,synthetic_default
profile_sensitivity,offload_delay_low,default,non_markovian,xai_gate,17,5000,0.13816769313006322,1.3441958913982426,69.55316471999991,0.6338536751265332,0.7702396837163147,0.6057985801130744,130.82966266889156,0.8114738888888375,0.21202652722866983,0.05218296985928666,0.5609616120392807,3.622623999999714,0.13279373575610465,0.0004,0.0,9.4092,55.3746,synthetic_default
profile_sensitivity,offload_delay_low,default,rtt_uncertainty,xai_gate,17,5000,0.0,0.016591950229773098,0.8585815399999995,0.6440182459622318,0.8530614592789075,0.5457780684122512,0.38778278000000066,0.5779616666666618,0.02408907998456535,0.056970398544732924,0.39250868199107,3.7732799999997644,0.0747786057382569,0.0,0.0,7.2564,45.0102,synthetic_default
profile_sensitivity,offload_delay_low,default,adversarial_explanation_flood,xai_gate,18,5000,0.0,0.017447953747708755,0.8992570599999995,0.6873961534649504,0.8020535578317501,0.6407228776312798,1504.4689796991004,0.9924022222224561,0.04661114966458478,0.12920921317867884,0.6354383529956049,6.805359999999186,0.7948877639082905,0.0,0.0,12.1044,44.9588,synthetic_default
profile_sensitivity,offload_delay_low,default,transient_overload,xai_gate,18,5000,0.2474711520720912,1.0355672997606606,53.229679319999974,0.6802846566503454,0.7491485865031776,0.6756757131262399,2329.9860376540514,0.9906472222225111,0.2473820694023794,0.1547597838351446,0.5735890888215848,4.14505599999921,0.19955121012982713,0.0118,0.0,10.1034,56.151,synthetic_default
profile_sensitivity,offload_delay_low,default,non_markovian,xai_gate,18,5000,0.13780473800288984,1.2939559435587653,66.94999392000004,0.6348113669770342,0.7716445160664261,0.6055891187184416,131.45348985289107,0.8178444444443979,0.20991415120465245,0.062096585220373646,0.5449161749355601,3.6407799999997033,0.13335916666968473,0.0018,0.0,9.3886,55.2258,synthetic_default
profile_sensitivity,offload_delay_low,default,rtt_uncertainty,xai_gate,18,5000,0.0,0.01677744887665166,0.8681657600000006,0.6441590247957198,0.8541770345596629,0.5467126757277078,0.4202021791111113,0.5733661111111081,0.023936833356420557,0.05834603130627511,0.3964538024657155,3.7560879999997696,0.07075210731549397,0.0,0.0,7.219,44.9466,synthetic_default
profile_sensitivity,offload_delay_low,default,adversarial_explanation_flood,xai_gate,19,5000,0.0,0.016044045045820632,0.8268041400000006,0.6868112490417394,0.7995677832975379,0.6404489176712452,1630.1816844257658,0.9971944444446854,0.04425558292416358,0.1334029329722852,0.6371792571326036,6.903787999999161,0.81617531603756,0.0,0.0,12.2606,45.0052,synthetic_default
profile_sensitivity,offload_delay_low,default,transient_overload,xai_gate,19,5000,0.24753525705105317,1.0360789870732543,53.2533208,0.6804693497963008,0.7494837674440779,0.6756741461869971,2339.4833138504882,0.9911633333336191,0.2465273655467173,0.15451739285290278,0.573746487791365,4.155579999999249,0.20285612281327725,0.011,0.0,10.1076,56.02,synthetic_default
profile_sensitivity,offload_delay_low,default,non_markovian,xai_gate,19,5000,0.13625866980611037,1.2894751074006319,66.73012894000006,0.6313810527221745,0.7674701765234837,0.6036578653134924,116.89564558355738,0.8026594444443871,0.2157478283306098,0.04235830394770792,0.5634299475359078,3.5375919999997008,0.12661453639913578,0.0004,0.0,9.3016,55.0416,synthetic_default
profile_sensitivity,offload_delay_low,default,rtt_uncertainty,xai_gate,19,5000,0.0,0.016734686363491305,0.8659327600000013,0.6434426364686295,0.852739028029671,0.5457294676600575,0.38466700622222255,0.5763072222222171,0.023912923973393438,0.05703369798251883,0.39637732944862847,3.779375999999772,0.0767027126208184,0.0,0.0,7.2764,45.0536,synthetic_default
profile_sensitivity,offload_delay_low,default,adversarial_explanation_flood,xai_gate,20,5000,0.0,0.015393540522252286,0.7934778800000006,0.6873539513199655,0.8013475968842774,0.6412276219077228,1462.160291615998,0.9913511111113342,0.04954289791110152,0.12838678634832673,0.6352972407957392,6.751527999999229,0.7945007666770894,0.0,0.0,12.0542,44.782,synthetic_default
profile_sensitivity,offload_delay_low,default,transient_overload,xai_gate,20,5000,0.2491504195694604,1.0360983678409248,53.24643303999997,0.6796811520177067,0.7492276817216309,0.6747306589131751,2404.3650024340527,0.99277166666695,0.2448430317079879,0.15299988212643903,0.5770696632745276,4.18808799999923,0.20865448086886285,0.01,0.0,10.1804,56.1528,synthetic_default
profile_sensitivity,offload_delay_low,default,non_markovian,xai_gate,20,5000,0.13517210090306853,1.2975900723427918,67.13947930000005,0.634870036949293,0.7724863089633114,0.606645735887737,131.26566035377982,0.8150872222221707,0.21137950919459217,0.057687789667029754,0.5526579953439695,3.6248119999997064,0.131155145172279,0.0006,0.0,9.3642,55.1896,synthetic_default
profile_sensitivity,offload_delay_low,default,rtt_uncertainty,xai_gate,20,5000,0.0,0.016070810336180328,0.8316371400000011,0.6411355170903179,0.8522932405390863,0.5419676895871378,0.3806765733333339,0.5718038888888839,0.022403593339176162,0.05543382997370727,0.39567813321647677,3.7787479999997937,0.07890242244797507,0.0,0.0,7.3024,45.1224,synthetic_default
profile_sensitivity,offload_delay_high,default,adversarial_explanation_flood,xai_gate,1,5000,0.0,0.018014743838528847,0.9285517400000001,0.6863079692358982,0.7995344843609649,0.6847373588610788,1567.0560390799924,0.99573611111135,0.04884634266077565,0.12716413025691375,0.6419080346915399,6.835807999999209,0.8079025844930456,0.0,0.0,12.222,45.0688,synthetic_default
profile_sensitivity,offload_delay_high,default,transient_overload,xai_gate,1,5000,0.24865170815144755,1.0393409212581566,53.41666595999999,0.679605358649069,0.7479236041529209,0.8952486122826026,2416.725509564718,0.9928950000002899,0.24502285075417296,0.1530314026244042,0.578055430241453,4.19091599999925,0.21117743132887679,0.0126,0.0,10.1966,56.125,synthetic_default
profile_sensitivity,offload_delay_high,default,non_markovian,xai_gate,1,5000,0.13412009353107074,1.245158471051932,64.43287350000016,0.6334190037853311,0.7714044751706062,0.7938007570543282,118.1462712275571,0.8036194444443895,0.20984600825877495,0.047853578802477634,0.5617687543014452,3.598107999999705,0.1280987474600428,0.0002,0.0,9.2992,54.955,synthetic_default
profile_sensitivity,offload_delay_high,default,rtt_uncertainty,xai_gate,1,5000,0.0,0.01573228420642233,0.8140352200000001,0.6425413743972365,0.8526419628224771,0.565927217746157,0.3987474391111121,0.5743716666666598,0.023399824638316528,0.058088557650153444,0.39807102148180623,3.78527999999977,0.07964991842572733,0.0,0.0,7.2992,45.0714,synthetic_default
profile_sensitivity,offload_delay_high,default,adversarial_explanation_flood,xai_gate,2,5000,0.0,0.01776849539461918,0.9155883599999995,0.6869522781893088,0.7996554414016517,0.6838018866382285,1601.895818404437,0.9969700000002396,0.04711690944463518,0.12899112266418167,0.6422090342831919,6.867239999999218,0.8068466807865795,0.0002,0.0,12.2334,45.1372,synthetic_default
profile_sensitivity,offload_delay_high,default,transient_overload,xai_gate,2,5000,0.24769950311842165,1.0354341661174713,53.22257967999997,0.6804657653557137,0.7492780392139319,0.8981709851739758,2321.536886907826,0.9905544444447371,0.24703576872067934,0.15467447890892536,0.5742196005463291,4.149675999999266,0.19961579240441996,0.0118,0.0,10.1038,56.1502,synthetic_default
profile_sensitivity,offload_delay_high,default,non_markovian,xai_gate,2,5000,0.13835614041493527,1.2000878930668823,62.084236500000024,0.6352270038927813,0.7731887494914133,0.7995025485514737,123.94475218666895,0.809611111111057,0.21235778652386175,0.05054089511151257,0.564552551777534,3.60367199999972,0.1318343471815535,0.0016,0.0,9.2994,54.7748,synthetic_default
profile_sensitivity,offload_delay_high,default,rtt_uncertainty,xai_gate,2,5000,0.0,0.015898033773433552,0.82272718,0.6423068047581549,0.8535736479522067,0.5636703088703702,0.361629974666667,0.5748422222222167,0.02285651493090849,0.05686656959973627,0.3915277052828219,3.77564799999977,0.07768599934866849,0.0,0.0,7.2802,45.036,synthetic_default
profile_sensitivity,offload_delay_high,default,adversarial_explanation_flood,xai_gate,3,5000,0.0,0.01790625471370577,0.9229074000000009,0.6871585375919016,0.8018187020055828,0.6802571593628837,1495.0939583591032,0.9923322222224574,0.044829578278451764,0.13450524057109844,0.6294297268300735,6.822403999999232,0.7900670998165129,0.0,0.0,12.117,45.1268,synthetic_default
profile_sensitivity,offload_delay_high,default,transient_overload,xai_gate,3,5000,0.24725735052679698,1.0355977779213306,53.224104399999966,0.6797056623091313,0.7488790473501171,0.8961873917153061,2374.2818921775975,0.9919522222225088,0.2459048669081745,0.15354780280359112,0.5757993384785005,4.171219999999247,0.20853915046302718,0.0114,0.0,10.1584,56.0368,synthetic_default
profile_sensitivity,offload_delay_high,default,non_markovian,xai_gate,3,5000,0.1354595820823652,1.2564762490487922,65.00766173999995,0.63385810681374,0.7734342113160945,0.7907739628344111,125.80570560044646,0.8093849999999498,0.20613465591008748,0.054556291108793294,0.5598671746950765,3.6643559999997137,0.1425368116026613,0.0016,0.0,9.3958,54.8242,synthetic_default
profile_sensitivity,offload_delay_high,default,rtt_uncertainty,xai_gate,3,5000,0.0,0.015584677120588314,0.8064915600000004,0.6440152122805013,0.8539518245577737,0.5656486453938733,0.3814477586666678,0.5743794444444399,0.022597151154750382,0.056645000691467294,0.3944682616512239,3.7678639999997676,0.07545592727770001,0.0,0.0,7.231,44.8244,synthetic_default
profile_sensitivity,offload_delay_high,default,adversarial_explanation_flood,xai_gate,4,5000,0.0,0.01686978516876493,0.8695514200000016,0.6862822776247863,0.8011036589938177,0.6837541868101136,1477.9489456306599,0.9919538888891211,0.04888874222449552,0.1284175095286023,0.6343326678436484,6.777663999999263,0.793968993968994,0.0002,0.0,12.1214,45.045,synthetic_default
profile_sensitivity,offload_delay_high,default,transient_overload,xai_gate,4,5000,0.24865593153845877,1.0360356168158011,53.252911839999946,0.6807514174874215,0.7497191423021177,0.8987607679300494,2300.362761934939,0.9891566666669473,0.24772704665274048,0.15448124937829505,0.5710534168904805,4.127635999999249,0.19511681901344935,0.0116,0.0,10.053,56.0782,synthetic_default
profile_sensitivity,offload_delay_high,default,non_markovian,xai_gate,4,5000,0.136060953405852,1.2241930063507502,63.34188150000006,0.6334507496027055,0.7724113153963813,0.7907511061471271,120.69396783466888,0.8030555555555056,0.20711800335065939,0.05047467674728296,0.5594097684608446,3.6206279999997037,0.12844899462897574,0.0014,0.0,9.3116,55.0112,synthetic_default
profile_sensitivity,offload_delay_high,default,rtt_uncertainty,xai_gate,4,5000,0.0,0.015061653916766712,0.7793741000000008,0.6436935801928638,0.852353923022531,0.5673598863542039,0.41904968711111135,0.5788094444444415,0.023773006134969327,0.05707712532865907,0.3967736634531113,3.7960279999997724,0.08163513181243265,0.0,0.0,7.3024,45.0084,synthetic_default
profile_sensitivity,offload_delay_high,default,adversarial_explanation_flood,xai_gate,5,5000,0.0,0.01792807709101351,0.9239269799999998,0.6869201226347614,0.8001086156062251,0.6845046812157984,1517.9982023146597,0.9944161111113394,0.048724203863651346,0.12710160216258984,0.6371563262345883,6.7965839999992195,0.7952803904944903,0.0004,0.0,12.1336,45.0574,synthetic_default
profile_sensitivity,offload_delay_high,default,transient_overload,xai_gate,5,5000,0.24712276304274033,1.0369832711743923,53.30233230000001,0.6801065620853958,0.7497667415724254,0.8975540238081912,2299.8739156647207,0.9897777777780652,0.2471329253075049,0.1547527086180601,0.5720482500445659,4.141319999999256,0.20230759613495497,0.0082,0.0,10.0974,55.989,synthetic_default
profile_sensitivity,offload_delay_high,default,non_markovian,xai_gate,5,5000,0.13715813579518074,1.2832477940402272,66.39929080000007,0.6326724359524223,0.7713381327286613,0.7935453260217198,124.78329696444632,0.8048444444443923,0.21022191757347272,0.04714677405535087,0.5626552994602005,3.6024159999997174,0.12719585764456376,0.0006,0.0,9.3368,55.2214,synthetic_default
profile_sensitivity,offload_delay_high,default,rtt_uncertainty,xai_gate,5,5000,0.0,0.016795876841634427,0.8691151800000014,0.6421701128076744,0.8520699316764894,0.5653668685809363,0.3820579191111115,0.5774388888888855,0.023927234984021196,0.056076042719401274,0.3944442926989156,3.790847999999752,0.08379254864870123,0.0,0.0,7.3222,45.0406,synthetic_default
profile_sensitivity,offload_delay_high,default,adversarial_explanation_flood,xai_gate,6,5000,0.0,0.019154857006576247,0.9872719400000011,0.6871404036067899,0.801365132173966,0.684592429897288,1476.6662477964385,0.9930200000002347,0.04841959242989728,0.1296859001882617,0.6358456914489546,6.7893439999992395,0.789904776261906,0.0004,0.0,12.1108,45.1078,synthetic_default
profile_sensitivity,offload_delay_high,default,transient_overload,xai_gate,6,5000,0.24760518224390574,1.0363958938580897,53.272798279999904,0.6805367315747697,0.7494781039170699,0.8997038448560704,2314.426376983385,0.9898983333336194,0.2484368486869529,0.15448897358026162,0.5733539768554358,4.129367999999283,0.19606132369437823,0.013,0.0,10.0758,56.161,synthetic_default
profile_sensitivity,offload_delay_high,default,non_markovian,xai_gate,6,5000,0.13726486943107946,1.172614700851887,60.67111610000015,0.6320256399057147,0.7705355547655844,0.7957525989341786,106.76354222000202,0.7894872222221645,0.21258845112256486,0.033939023324888615,0.574429981654582,3.5176319999996717,0.12114200364834415,0.0002,0.0,9.1576,54.454,synthetic_default
profile_sensitivity,offload_delay_high,default,rtt_uncertainty,xai_gate,6,5000,0.0,0.01578058610529733,0.8166371600000005,0.6439650961776382,0.8522326669886983,0.5683229935848815,0.4292044577777785,0.5796572222222162,0.024558900200312817,0.05413934088851083,0.39683889910270836,3.7876759999997622,0.0810177460381063,0.0,0.0,7.2886,44.949,synthetic_default
profile_sensitivity,offload_delay_high,default,adversarial_explanation_flood,xai_gate,7,5000,0.0,0.017543657821601822,0.9042592000000015,0.6870633331145487,0.7995033898698084,0.6848348545538202,1533.511565688879,0.9958483333335684,0.04834526232845229,0.12543502528071443,0.6426226278810164,6.830851999999161,0.7990496188729443,0.0,0.0,12.1832,45.1468,synthetic_default
profile_sensitivity,offload_delay_high,default,transient_overload,xai_gate,7,5000,0.2487905924051717,1.0356630695582476,53.22901238000001,0.6798082450684197,0.7481647398394657,0.8965249832658133,2353.1758196211567,0.9914555555558432,0.24595424656455486,0.1534826948064732,0.5771744694255228,4.172043999999231,0.20504708660875304,0.0108,0.0,10.1588,56.2014,synthetic_default
profile_sensitivity,offload_delay_high,default,non_markovian,xai_gate,7,5000,0.13845594799090166,1.3134475594061958,67.96338786000007,0.6352435938331287,0.7730559232342243,0.7987115364167593,134.76600004355785,0.8196649999999515,0.21216374269005847,0.06001063264221159,0.5533864965443913,3.6403159999997197,0.13008402634338956,0.0014,0.0,9.405,55.4826,synthetic_default
profile_sensitivity,offload_delay_high,default,rtt_uncertainty,xai_gate,7,5000,0.0,0.015291388781122038,0.791269240000001,0.6435214565086134,0.8526693926958353,0.5670799293827027,0.33628334177777774,0.5756394444444395,0.023907894012009035,0.05607888503277695,0.3961879579132926,3.7723359999997665,0.07587200128016702,0.0,0.0,7.2612,44.9942,synthetic_default
profile_sensitivity,offload_delay_high,default,adversarial_explanation_flood,xai_gate,8,5000,0.0,0.01760570664508546,0.9072647200000005,0.6864049756306597,0.799214972413708,0.6832625498465698,1556.6141667942115,0.9960694444446908,0.048066035413623906,0.12959285819781086,0.6351477755714918,6.82353999999924,0.8055728398134523,0.0002,0.0,12.1874,44.9992,synthetic_default
profile_sensitivity,offload_delay_high,default,transient_overload,xai_gate,8,5000,0.24807246343749906,1.0375056951892345,53.32918967999995,0.6807098667513758,0.7496605341349915,0.8981795288706367,2321.2401075158305,0.9903827777780644,0.24702569796954316,0.15474302030456852,0.5727712563451777,4.14531199999923,0.1984207043145494,0.009,0.0,10.0864,56.1094,synthetic_default
profile_sensitivity,offload_delay_high,default,non_markovian,xai_gate,8,5000,0.1380469919443624,1.194156635358402,61.78500204000005,0.6302754379507373,0.768366111694596,0.792934540178827,110.5719829991129,0.7920305555554992,0.21181871332366126,0.037569563240293626,0.5693900088781101,3.533175999999674,0.11868106047117766,0.0006,0.0,9.2362,55.0422,synthetic_default
profile_sensitivity,offload_delay_high,default,rtt_uncertainty,xai_gate,8,5000,0.0,0.016176102284984308,0.8370265400000004,0.6430121408559496,0.8534037817232515,0.5628105842830634,0.41053174399999987,0.5745205555555519,0.02123276383013789,0.05839696753282426,0.3940559248475526,3.7913039999997804,0.07946871613317263,0.0,0.0,7.2812,44.9678,synthetic_default
profile_sensitivity,offload_delay_high,default,adversarial_explanation_flood,xai_gate,9,5000,0.0,0.016417708646707094,0.8461347800000001,0.6874069891045322,0.8018849339705347,0.6852381743290018,1463.7585378475544,0.9912516666668946,0.04922933829391443,0.12762423598192932,0.6342844804677119,6.747987999999244,0.7906177553930676,0.0,0.0,12.0416,44.8322,synthetic_default
profile_sensitivity,offload_delay_high,default,transient_overload,xai_gate,9,5000,0.2482487013957596,1.0374467962960383,53.32427772000003,0.6798614232210782,0.7498181363757142,0.8965722452198648,2347.015507052711,0.9911661111113932,0.24604770352848412,0.15367632564557462,0.5760890991523753,4.167003999999255,0.2035844181726323,0.012,0.0,10.146,56.1988,synthetic_default
profile_sensitivity,offload_delay_high,default,non_markovian,xai_gate,9,5000,0.13443551305312887,1.2629482476565779,65.35911514,0.6321782456444338,0.7692626931070238,0.7956739872897404,117.12548934400161,0.7994622222221666,0.21354459383511304,0.04100557693139077,0.5626215900739268,3.5409639999996916,0.12592895466664578,0.0006,0.0,9.2524,54.7838,synthetic_default
profile_sensitivity,offload_delay_high,default,rtt_uncertainty,xai_gate,9,5000,0.0,0.015115984932854641,0.7822266800000008,0.6423932491767743,0.8532365214796097,0.5630607681915082,0.3624304217777785,0.5759127777777735,0.02244785949506037,0.05889132821075741,0.38907793633369925,3.7822559999997853,0.07913775590283123,0.0,0.0,7.288,45.0236,synthetic_default
profile_sensitivity,offload_delay_high,default,adversarial_explanation_flood,xai_gate,10,5000,0.0,0.0173246327128178,0.892958740000001,0.686736286850587,0.8005793953478215,0.6831151608768601,1557.2384477755531,0.9948127777780204,0.047457849935912184,0.1293094948565419,0.6365892135274591,6.824991999999195,0.8002091477745905,0.0,0.0,12.1708,45.0718,synthetic_default
profile_sensitivity,offload_delay_high,default,transient_overload,xai_gate,10,5000,0.24706181923212683,1.0357087783745762,53.23198724000001,0.6798922566896656,0.7487214739123318,0.8969966058884683,2356.1260242313815,0.9906244444447301,0.24627042386928724,0.15423474623095745,0.5760123135211934,4.162103999999226,0.20469124972810415,0.0102,0.0,10.1352,56.0874,synthetic_default
profile_sensitivity,offload_delay_high,default,non_markovian,xai_gate,10,5000,0.13554944077962647,1.3096601376953758,67.75872788000022,0.6356656960797287,0.7731137294509337,0.7964793011773229,139.71587439511362,0.8227605555555083,0.20895050006329915,0.06783559100308056,0.5522428999451408,3.6937839999997135,0.1395760673156372,0.001,0.0,9.4788,55.4522,synthetic_default
profile_sensitivity,offload_delay_high,default,rtt_uncertainty,xai_gate,10,5000,0.0,0.016061855356059286,0.8312151600000011,0.6429548469106242,0.8532535187396225,0.5663412271453346,0.33721674533333357,0.5726161111111041,0.02387531778490107,0.055736708301094284,0.3953520504034487,3.7548479999997797,0.07211791282450064,0.0,0.0,7.2376,45.005,synthetic_default
profile_sensitivity,offload_delay_high,default,adversarial_explanation_flood,xai_gate,11,5000,0.0,0.017410917348553757,0.8974834400000005,0.6869830861221305,0.8005714995957257,0.6858430511050239,1479.7417688751018,0.9926922222224437,0.0496679990750223,0.1269201546034158,0.6385649631660665,6.775559999999209,0.8019980861471876,0.0004,0.0,12.1084,44.7962,synthetic_default
profile_sensitivity,offload_delay_high,default,transient_overload,xai_gate,11,5000,0.24810352432455493,1.036932101164065,53.29902144,0.6795835467476751,0.7486919438245617,0.8965883928923972,2353.800860105168,0.9916266666669505,0.24642449076080533,0.1541113431306883,0.5748788463811513,4.163227999999244,0.2024180061871388,0.0114,0.0,10.1524,56.2888,synthetic_default
profile_sensitivity,offload_delay_high,default,non_markovian,xai_gate,11,5000,0.13865456602501583,1.3209781234718327,68.33306082000004,0.6408368895709915,0.775704406362645,0.807511404486069,155.23551028578103,0.8430755555555122,0.21404696335848977,0.08276398494818053,0.5414450587567533,3.7219879999997634,0.13720905770076652,0.0012,0.0,9.5138,55.7728,synthetic_default
profile_sensitivity,offload_delay_high,default,rtt_uncertainty,xai_gate,11,5000,0.0,0.014819659501457352,0.766847420000001,0.6421218653641937,0.8516008227768592,0.5656166745617658,0.3778327542222232,0.5761027777777719,0.023630856550331543,0.056703140775506866,0.3980134799574317,3.795847999999777,0.0861073570903581,0.0,0.0,7.3294,44.9888,synthetic_default
profile_sensitivity,offload_delay_high,default,adversarial_explanation_flood,xai_gate,12,5000,0.0,0.016717810714451848,0.8617103400000011,0.6866737336884218,0.8009016258668968,0.6826547349045194,1537.228809831548,0.9940366666669,0.0472011307234658,0.12692699602274596,0.6382999704171186,6.825907999999197,0.8037743903523575,0.0,0.0,12.1692,44.9768,synthetic_default
profile_sensitivity,offload_delay_high,default,transient_overload,xai_gate,12,5000,0.24936731029677833,1.037253007176306,53.31169765999998,0.6807103803487615,0.7495175728044076,0.8980364500793184,2338.44145597804,0.9905988888891802,0.2467511885895404,0.15374405705229793,0.5746434231378764,4.151915999999227,0.1962609735260885,0.011,0.0,10.096,56.2642,synthetic_default
profile_sensitivity,offload_delay_high,default,non_markovian,xai_gate,12,5000,0.1365418845068185,1.2658058460266717,65.49039384000017,0.637297033069848,0.7754251386703812,0.7982049647198386,138.93451646800224,0.824409999999952,0.20972541018447674,0.06373799200884128,0.5511774207260053,3.680891999999743,0.13226344400406953,0.0006,0.0,9.4104,55.4076,synthetic_default
profile_sensitivity,offload_delay_high,default,rtt_uncertainty,xai_gate,12,5000,0.0,0.015853912329991643,0.8204213600000003,0.6429134226526602,0.8534038086171808,0.5655971967531195,0.4522290364444441,0.5754216666666608,0.023576989738369695,0.056370189001072935,0.3935734132988528,3.772507999999796,0.0756067284232842,0.0,0.0,7.2698,45.0586,synthetic_default
profile_sensitivity,offload_delay_high,default,adversarial_explanation_flood,xai_gate,13,5000,0.0,0.017506921430465037,0.9020503399999993,0.6833792879207505,0.7928922802789325,0.6807128922126534,1716.1351193910948,1.0000083333335936,0.046577792228905866,0.13643310030889286,0.6293935945374736,6.870159999999239,0.8195183349528865,0.0,0.0064,12.302,45.0742,synthetic_default
profile_sensitivity,offload_delay_high,default,transient_overload,xai_gate,13,5000,0.247609329631042,1.036673243061451,53.284742639999976,0.679686038480623,0.7486517503580458,0.8968743956586891,2343.3585156358217,0.9911644444447376,0.2467094227923039,0.1540404538727183,0.5739319190922546,4.155455999999232,0.204195137831928,0.0094,0.0,10.135,56.1094,synthetic_default
profile_sensitivity,offload_delay_high,default,non_markovian,xai_gate,13,5000,0.13820877621435904,1.271631818253992,65.80429044000017,0.6335990254840823,0.7711235283357558,0.7973834677245009,121.67452735244693,0.8058238888888352,0.21361735155879435,0.04790651545858307,0.5575438747790091,3.5633039999997367,0.12541885953737997,0.0006,0.0,9.2764,54.9508,synthetic_default
profile_sensitivity,offload_delay_high,default,rtt_uncertainty,xai_gate,13,5000,0.0,0.016042434348134443,0.8301596600000012,0.6423460893931928,0.8518516800104672,0.5638986007342957,0.41963171511111125,0.5738677777777693,0.022691684294387518,0.05835004532842504,0.39303865278426414,3.7768359999997854,0.0772124047662357,0.0,0.0,7.2802,45.0558,synthetic_default
profile_sensitivity,offload_delay_high,default,adversarial_explanation_flood,xai_gate,14,5000,0.0,0.018389534124602328,0.9477993400000014,0.6875723591985814,0.8010014066125438,0.6847899727879995,1519.0196102964364,0.9944272222224503,0.048041560155025975,0.12570297682856435,0.64075204090047,6.80976799999918,0.8022155049680928,0.0002,0.0,12.127,44.8596,synthetic_default
profile_sensitivity,offload_delay_high,default,transient_overload,xai_gate,14,5000,0.24746825664687197,1.0353839947729697,53.21443407999997,0.6800384691261684,0.7493126109474124,0.8960126257645327,2345.9857513878223,0.9913444444447337,0.2456303018346814,0.1536792266719274,0.5745709212862498,4.168427999999243,0.20310638318072072,0.009,0.0,10.138,56.1768,synthetic_default
profile_sensitivity,offload_delay_high,default,non_markovian,xai_gate,14,5000,0.1329985136622412,1.2476100500230671,64.5654828800001,0.6300019568195755,0.7688864174846323,0.7930609005717884,110.8488515351132,0.7919005555555012,0.2128584784641141,0.03650555519318157,0.5648685669558411,3.5098679999996683,0.1211337850240064,0.0006,0.0,9.1986,54.6982,synthetic_default
profile_sensitivity,offload_delay_high,default,rtt_uncertainty,xai_gate,14,5000,0.0,0.015725744158822188,0.8138268000000002,0.6425098114030748,0.8513796205920838,0.5644173662098638,0.41624515777777826,0.5799494444444417,0.02319306660852502,0.055761473890766376,0.39286492968494496,3.8062359999997826,0.08735884590365983,0.0,0.0,7.3384,44.9922,synthetic_default
profile_sensitivity,offload_delay_high,default,adversarial_explanation_flood,xai_gate,15,5000,0.0,0.017589801704387297,0.9066061199999998,0.6864287358212362,0.7996051474445214,0.6857322045043606,1536.3037394182186,0.9947500000002355,0.04994246260069045,0.12867006411310208,0.6379911228012494,6.79623999999918,0.7965654677257676,0.0002,0.0,12.166,45.1454,synthetic_default
profile_sensitivity,offload_delay_high,default,transient_overload,xai_gate,15,5000,0.24778837532870987,1.036397780137393,53.26850532000001,0.6796397212270218,0.7485464251399068,0.8960286648030089,2355.5727700616103,0.9915033333336208,0.24591487183525612,0.1533055085246289,0.5757766665354176,4.169723999999237,0.20497847744371978,0.0132,0.0,10.1588,56.2046,synthetic_default
profile_sensitivity,offload_delay_high,default,non_markovian,xai_gate,15,5000,0.13586647391041023,1.2855128795602617,66.52793262000016,0.6309337794386606,0.7693097007803082,0.7924183105935073,110.62812989200174,0.7921233333332787,0.21184930911619015,0.04041018510471887,0.5615929434257408,3.522507999999697,0.11951860797147451,0.0012,0.0,9.2056,54.8188,synthetic_default
profile_sensitivity,offload_delay_high,default,rtt_uncertainty,xai_gate,15,5000,0.0,0.014716354862853973,0.7614570800000017,0.6434894247387515,0.8540545851027386,0.5648817989254117,0.39175546222222274,0.5780133333333278,0.022659314734041095,0.053932460977148655,0.395440704468768,3.7939159999997782,0.0821618299943414,0.0,0.0,7.2906,44.9138,synthetic_default
profile_sensitivity,offload_delay_high,default,adversarial_explanation_flood,xai_gate,16,5000,0.0,0.01883787995070287,0.9708617200000004,0.6866841227100201,0.8016724174587682,0.6844897824327314,1466.6965604262182,0.9919794444446711,0.048965027340458926,0.1293344126344308,0.6347612046321841,6.775003999999217,0.7868992797260579,0.0,0.0,12.1066,45.168,synthetic_default
profile_sensitivity,offload_delay_high,default,transient_overload,xai_gate,16,5000,0.24695762718504713,1.0352315698134842,53.21703467999996,0.6803238321457888,0.7489938376421408,0.8981977434680064,2291.9468652238393,0.9899700000002835,0.24722882026920032,0.15449326999208235,0.5743665874901029,4.1461039999992595,0.19954981265938243,0.0102,0.0,10.104,56.1544,synthetic_default
profile_sensitivity,offload_delay_high,default,non_markovian,xai_gate,16,5000,0.1365194597064615,1.2955274881096073,67.04486345999992,0.6335024911949776,0.7685672369461976,0.7959056352546523,124.86581565955805,0.8071783333332809,0.21357701228416803,0.04756893737651405,0.5535821664805429,3.5683199999997117,0.12579891370704188,0.001,0.0,9.3128,55.1478,synthetic_default
profile_sensitivity,offload_delay_high,default,rtt_uncertainty,xai_gate,16,5000,0.0,0.01740509236569806,0.900685040000001,0.6417326395510833,0.8510743930700227,0.5664953804657229,0.4523348617777785,0.5783683333333276,0.02503609665731332,0.05625629988830468,0.39436619718309857,3.790787999999764,0.08385264186682351,0.0,0.0,7.3414,45.1562,synthetic_default
profile_sensitivity,offload_delay_high,default,adversarial_explanation_flood,xai_gate,17,5000,0.0,0.018935953450826264,0.975995320000002,0.6867003894904518,0.8013983111370847,0.684338691576451,1498.2088575648845,0.9921222222224527,0.04868629522049115,0.12930749933984684,0.6357274887773964,6.784379999999244,0.792172260549997,0.0,0.0,12.1184,45.079,synthetic_default
profile_sensitivity,offload_delay_high,default,transient_overload,xai_gate,17,5000,0.2474510080954473,1.039555224649915,53.43513879999993,0.6802605598972261,0.749017065085988,0.8987086754378063,2330.2389492447196,0.9910894444447321,0.24762093184291226,0.15514887723810467,0.5739637946384409,4.14561199999925,0.20224584137585477,0.0112,0.0,10.109,56.0562,synthetic_default
profile_sensitivity,offload_delay_high,default,non_markovian,xai_gate,17,5000,0.13820426058293872,1.2357838778918753,63.94598467999994,0.6329069110812441,0.7701947356915773,0.7975876373745323,116.80606187022426,0.7989999999999441,0.21395682203205768,0.04104947656487555,0.5648103905130099,3.5339079999997107,0.12168430489778004,0.0004,0.0,9.2084,54.7296,synthetic_default
profile_sensitivity,offload_delay_high,default,rtt_uncertainty,xai_gate,17,5000,0.0,0.0164471623907873,0.8511045800000003,0.6420787111123669,0.8511662522022365,0.5627917629928283,0.4160928871111114,0.5788927777777741,0.0218611841926822,0.05739238927011853,0.39643060565786975,3.8274959999997686,0.09134771926708907,0.0,0.0,7.3738,45.044,synthetic_default
profile_sensitivity,offload_delay_high,default,adversarial_explanation_flood,xai_gate,18,5000,0.0,0.01879093643635638,0.9683128800000017,0.6884811239385202,0.8037646154617699,0.6818623938428937,1432.5341105364462,0.9906700000002284,0.044768444798301485,0.12627720276008492,0.6389828821656051,6.812823999999213,0.7897394564699542,0.0,0.0,12.0576,44.9138,synthetic_default
profile_sensitivity,offload_delay_high,default,transient_overload,xai_gate,18,5000,0.24740665169371187,1.036025650003444,53.254093459999865,0.679777663894146,0.7489134584751894,0.8966160760043334,2344.025511908264,0.9912272222225157,0.24636338550084755,0.15384160523514803,0.5750187251153073,4.162767999999244,0.20386354441403176,0.0096,0.0,10.1468,56.1902,synthetic_default
profile_sensitivity,offload_delay_high,default,non_markovian,xai_gate,18,5000,0.1377111367967939,1.3285360705160218,68.75564219999981,0.62883121644066,0.7686919977228797,0.789602354818487,112.6354597253349,0.7982472222221698,0.21135143294589523,0.04524184331399737,0.5518512927781252,3.5350999999996797,0.12017759354943114,0.001,0.0,9.2746,55.1972,synthetic_default
profile_sensitivity,offload_delay_high,default,rtt_uncertainty,xai_gate,18,5000,0.0,0.01726687968678313,0.893542239999999,0.6428449823225907,0.8523919341595525,0.5654738660497258,0.47784896622222234,0.5777738888888839,0.02259994560783247,0.05564318738101713,0.4028555887952135,3.8213799999998055,0.08665617542537807,0.0,0.0,7.354,45.117,synthetic_default
profile_sensitivity,offload_delay_high,default,adversarial_explanation_flood,xai_gate,19,5000,0.0,0.01674037315333771,0.8626181800000017,0.6870296475547086,0.7998316176659607,0.6846873096613935,1564.4150707226577,0.995956666666919,0.0485620689087527,0.13134805010947043,0.6345498543137933,6.807567999999208,0.803823403648803,0.0,0.0,12.1494,44.9024,synthetic_default
profile_sensitivity,offload_delay_high,default,transient_overload,xai_gate,19,5000,0.2476191729618576,1.0349882213919828,53.19313415999996,0.680028185115212,0.7479879318773036,0.8963469725639384,2384.579342685604,0.9917805555558483,0.24562440870387892,0.15397350993377484,0.576001261431725,4.1732639999992385,0.20753423679437866,0.0082,0.0,10.1472,56.0216,synthetic_default
profile_sensitivity,offload_delay_high,default,non_markovian,xai_gate,19,5000,0.13571682693351259,1.2826139949210609,66.36200336000002,0.6347711945538307,0.7713924585979064,0.7949033081586634,128.81900383778,0.8116083333332766,0.20967982129560686,0.0517817253483672,0.5615998298053398,3.645479999999708,0.13368594451318327,0.0006,0.0,9.401,55.2828,synthetic_default
profile_sensitivity,offload_delay_high,default,rtt_uncertainty,xai_gate,19,5000,0.0,0.015952369080979256,0.8254647400000007,0.6431889263414221,0.8540226940310163,0.5645654266656682,0.40722366488888934,0.5743472222222143,0.022904348787091782,0.05597612864010609,0.3912803227054208,3.7623599999997785,0.07418602822135134,0.0,0.0,7.2388,44.9258,synthetic_default
profile_sensitivity,offload_delay_high,default,adversarial_explanation_flood,xai_gate,20,5000,0.0,0.01735996085087877,0.8947832600000014,0.6871012406948841,0.8020052088678229,0.6851457402812314,1439.763021859108,0.9908794444446672,0.04891645988420182,0.1269313482216708,0.6387427626137303,6.773595999999238,0.7917242789754759,0.0,0.0,12.09,44.9846,synthetic_default
profile_sensitivity,offload_delay_high,default,transient_overload,xai_gate,20,5000,0.24661064554760376,1.035217473844799,53.208531479999984,0.6800262814687065,0.7490911610686668,0.8969381101055978,2337.325942393172,0.9908105555558432,0.24651227127218117,0.15430976564043788,0.5734695490653282,4.154967999999256,0.20246547479873978,0.0106,0.0,10.1212,56.1136,synthetic_default
profile_sensitivity,offload_delay_high,default,non_markovian,xai_gate,20,5000,0.13703344925417413,1.3002731718215421,67.28006748000006,0.6354493733157042,0.7741092158444982,0.7987357231466327,131.8261775520023,0.8194649999999527,0.21191769688155024,0.06493562048167002,0.5466056380202763,3.6268879999997634,0.12794235079263006,0.0018,0.0,9.3508,55.2676,synthetic_default
profile_sensitivity,offload_delay_high,default,rtt_uncertainty,xai_gate,20,5000,0.0,0.018814204335891656,0.9736978600000002,0.6433770357192221,0.8527007609058297,0.5649112932921546,0.42624461066666725,0.5775788888888833,0.022389489530587108,0.05561790064321883,0.39750923771725744,3.802755999999761,0.08007993803619695,0.0,0.0,7.307,45.1016,synthetic_default
profile_sensitivity,coarse_coverage_low,default,adversarial_explanation_flood,xai_gate,1,5000,0.0,0.015493202971076297,0.79849182,0.6879699174043173,0.8000518631539718,0.6618309003431974,1557.6416020706545,0.9953044444446868,0.04693016305686464,0.1301334997290596,0.6446082858503424,6.855707999999154,0.8106272781870902,0.0,0.0,12.1798,44.8456,synthetic_default
profile_sensitivity,coarse_coverage_low,default,transient_overload,xai_gate,1,5000,0.24820789747500324,1.036197166232858,53.25123231999995,0.6812201497672049,0.7492901184462605,0.7769622044459211,2388.3129229807087,0.9918111111114095,0.24513060398199651,0.1532066274887478,0.5910100434363883,4.2085239999992075,0.2086679922366259,0.0114,0.0,10.1758,56.1268,synthetic_default
profile_sensitivity,coarse_coverage_low,default,non_markovian,xai_gate,1,5000,0.13485225369217196,1.1597038598271718,60.003151740000085,0.6353455577385486,0.773500122365369,0.7120967037764443,103.33850347555693,0.7862855555554896,0.21392709015498798,0.03280943025540275,0.6596594629993451,3.615319999999629,0.12730749212841097,0.0002,0.0,9.162,54.1822,synthetic_default
profile_sensitivity,coarse_coverage_low,default,rtt_uncertainty,xai_gate,1,5000,0.0,0.016108785743163802,0.8329830599999993,0.6848848909061668,0.8661461702339097,0.6493654956910222,0.2686504533333336,0.5699344444444093,0.023732706294088697,0.05624213922458577,0.7068682670749713,4.219719999999552,0.08274531920027073,0.0,0.0,7.3148,45.0386,synthetic_default
profile_sensitivity,coarse_coverage_low,default,adversarial_explanation_flood,xai_gate,2,5000,0.0,0.016718480327498043,0.8617599000000009,0.687816726651312,0.8009444695516675,0.6620511429933169,1529.1649768697719,0.9940355555557902,0.047412447205377246,0.13088136206018175,0.6443984288977633,6.843267999999167,0.7988798573880185,0.0,0.0,12.1698,45.1014,synthetic_default
profile_sensitivity,coarse_coverage_low,default,transient_overload,xai_gate,2,5000,0.2469296586044521,1.0364194160356144,53.27140791999996,0.681933528759412,0.7500224275343391,0.7790661147204038,2323.1206034113793,0.9902611111113941,0.24774203771193154,0.15364046902234194,0.588436856282681,4.166551999999264,0.2007229832572297,0.0098,0.0,10.0976,56.064,synthetic_default
profile_sensitivity,coarse_coverage_low,default,non_markovian,xai_gate,2,5000,0.13788278988988512,1.2565635831217263,65.00534653999986,0.6375468578912985,0.7730966360124275,0.7136217446378882,120.2857334733361,0.7996599999999348,0.21205745324945788,0.045043691092169956,0.6548725765935977,3.7031999999996428,0.12585190637277766,0.001,0.0,9.3154,55.1606,synthetic_default
profile_sensitivity,coarse_coverage_low,default,rtt_uncertainty,xai_gate,2,5000,0.0,0.015523987732719138,0.8027328400000009,0.6841993504190126,0.8658521338298262,0.6499155259346788,0.23752807377777818,0.570054999999967,0.025137148939654467,0.056715521711837115,0.7070061955839406,4.214111999999534,0.08833292490030553,0.0,0.0,7.3278,44.887,synthetic_default
profile_sensitivity,coarse_coverage_low,default,adversarial_explanation_flood,xai_gate,3,5000,0.0,0.020188099534113536,1.0403615999999984,0.6870462493872438,0.7984226797372341,0.6628316718418099,1606.0993108670991,0.9974350000002463,0.04941983984311162,0.13361660402026476,0.6436999509723811,6.851687999999204,0.8043680509787727,0.0,0.0,12.238,45.2162,synthetic_default
profile_sensitivity,coarse_coverage_low,default,transient_overload,xai_gate,3,5000,0.2483170026726264,1.0366658304087832,53.28335233999996,0.6811841561560267,0.7490370873773978,0.7774357057122759,2352.592245452276,0.9912922222225025,0.2459022844886956,0.15397178331791975,0.5903465103008598,4.197587999999223,0.20573054753846765,0.0092,0.0,10.1642,56.1994,synthetic_default
profile_sensitivity,coarse_coverage_low,default,non_markovian,xai_gate,3,5000,0.13850356500462419,1.2890421302450175,66.68556168,0.6386076982559267,0.7738193588421041,0.7182002319786739,124.839209306669,0.8087311111110463,0.21814588882206376,0.04729787782455538,0.6502062032820689,3.672571999999697,0.13010148969689128,0.0014,0.0,9.3112,54.9284,synthetic_default
profile_sensitivity,coarse_coverage_low,default,rtt_uncertainty,xai_gate,3,5000,0.0,0.01627424337586703,0.8417226600000014,0.6857268722467562,0.8666368946204451,0.6505976871562417,0.24023254133333363,0.5694266666666327,0.024366740088105725,0.05875550660792952,0.7031662995594714,4.194523999999564,0.07688521625171463,0.0,0.0,7.264,44.9692,synthetic_default
profile_sensitivity,coarse_coverage_low,default,adversarial_explanation_flood,xai_gate,4,5000,0.0,0.018031978390952334,0.9293912000000004,0.6879598728318925,0.8007736189296562,0.6626680613438346,1501.5965284791062,0.9937172222224467,0.04847875862750589,0.12830480834170688,0.6455598201195908,6.820891999999193,0.8037443435216827,0.0,0.0,12.1414,44.8748,synthetic_default
profile_sensitivity,coarse_coverage_low,default,transient_overload,xai_gate,4,5000,0.2486173286765019,1.036147007006245,53.24630363999997,0.6811247327436785,0.7482129169059842,0.7767123045841371,2410.8763713762746,0.9925727777780654,0.2447774661148271,0.1534297091073145,0.5915144857888233,4.217807999999256,0.20880814518690793,0.0116,0.0,10.1962,56.2328,synthetic_default
profile_sensitivity,coarse_coverage_low,default,non_markovian,xai_gate,4,5000,0.13484056305690698,1.209435449556349,62.57479301999994,0.6343209930125147,0.771991246335824,0.7117922399201176,106.76895285733487,0.7891405555554906,0.2145523197777874,0.03645675100907079,0.6572197387266178,3.62241599999967,0.11960251948224987,0.0008,0.0,9.2164,54.879,synthetic_default
profile_sensitivity,coarse_coverage_low,default,rtt_uncertainty,xai_gate,4,5000,0.0,0.016403890247034744,0.8483193199999992,0.6854411805192899,0.8664689812589547,0.6502402090848375,0.21765747644444455,0.5691138888888541,0.02428213528618231,0.05715386944910938,0.7040167387055034,4.193671999999559,0.07812495362248906,0.0,0.0,7.2646,44.9212,synthetic_default
profile_sensitivity,coarse_coverage_low,default,adversarial_explanation_flood,xai_gate,5,5000,0.0,0.018729432943126817,0.9651300800000002,0.6883789139913762,0.8014951867176493,0.6629138591623783,1492.089433762658,0.993397222222455,0.048173470735896416,0.13086272955476286,0.6429680274805126,6.811955999999247,0.7959532326090428,0.0002,0.0,12.1104,44.9544,synthetic_default
profile_sensitivity,coarse_coverage_low,default,transient_overload,xai_gate,5,5000,0.2490009923810743,1.035873091095552,53.237225360000004,0.6805062250412208,0.7483639265466411,0.7762935557122428,2388.554312222043,0.9922561111114069,0.2450082217524078,0.1517892099287448,0.5934343434343434,4.217587999999243,0.21134515654011476,0.0124,0.0,10.2168,56.2284,synthetic_default
profile_sensitivity,coarse_coverage_low,default,non_markovian,xai_gate,5,5000,0.13481632213136913,1.2055374125209533,62.36577061999991,0.637024921447999,0.7745077649644992,0.7143171351095168,121.26335898000144,0.8040722222221616,0.2141781087246589,0.04831489691387251,0.6469246330650368,3.680763999999675,0.13179053617925063,0.0008,0.0,9.2932,54.7404,synthetic_default
profile_sensitivity,coarse_coverage_low,default,rtt_uncertainty,xai_gate,5,5000,0.0,0.017659997676831758,0.9132502199999993,0.6836780239424219,0.8648426730705812,0.6473467458398223,0.32378914133333364,0.5710166666666296,0.02247982232815124,0.058962136395644876,0.7070039542819999,4.255675999999562,0.09028306845496692,0.0,0.0,7.3844,45.1528,synthetic_default
profile_sensitivity,coarse_coverage_low,default,adversarial_explanation_flood,xai_gate,6,5000,0.0,0.018254528854503668,0.9408811400000004,0.6874375174361345,0.800059405872376,0.662295485501426,1537.7264794866608,0.9943100000002377,0.04832860167057781,0.13029850501337448,0.6453550388105749,6.839591999999145,0.8070184802979616,0.0,0.0,12.1874,44.9632,synthetic_default
profile_sensitivity,coarse_coverage_low,default,transient_overload,xai_gate,6,5000,0.2486894161609053,1.0352073248828373,53.203480839999976,0.6815164120257309,0.7501762826944399,0.7779568260227472,2372.042104831826,0.9918377777780687,0.24646623952686053,0.15304090685066535,0.589886643666831,4.190299999999216,0.2023318957497049,0.0102,0.0,10.145,56.2518,synthetic_default
profile_sensitivity,coarse_coverage_low,default,non_markovian,xai_gate,6,5000,0.13572233563703354,1.153409318453064,59.66639408000021,0.6362231591759266,0.7737094425963877,0.7123011388333194,108.84412163600165,0.7883772222221568,0.21277058158741197,0.03340432930539859,0.6617186820829349,3.6443919999996455,0.12345367023270382,0.0006,0.0,9.2024,54.6078,synthetic_default
profile_sensitivity,coarse_coverage_low,default,rtt_uncertainty,xai_gate,6,5000,0.0,0.018601962460108392,0.9620028399999992,0.6849480444310283,0.8659742394720168,0.6508409265275253,0.2508237537777784,0.5669772222221869,0.02524737465891238,0.06041729831041041,0.7031779719412364,4.1784239999995725,0.07275649128409722,0.0,0.0,7.2562,45.0938,synthetic_default
profile_sensitivity,coarse_coverage_low,default,adversarial_explanation_flood,xai_gate,7,5000,0.0,0.017214040217714877,0.8872382599999994,0.6879217378416285,0.8006373422651446,0.6628122992802965,1509.3886542088837,0.9932983333335584,0.048502116306263277,0.13109570315716662,0.6440982229615112,6.820307999999204,0.7993373872432237,0.0002,0.0,12.1438,44.9936,synthetic_default
profile_sensitivity,coarse_coverage_low,default,transient_overload,xai_gate,7,5000,0.246444563717605,1.0358299058826441,53.24324855999999,0.681661351977763,0.7505710491698269,0.7791140644497535,2303.619631909162,0.9900750000002817,0.24813325674899483,0.15458812810711245,0.5876527560458714,4.160955999999258,0.20319332737563034,0.0104,0.0,10.0978,55.95,synthetic_default
profile_sensitivity,coarse_coverage_low,default,non_markovian,xai_gate,7,5000,0.1376997261935457,1.1985936031358768,61.995107900000015,0.6382873425315523,0.7734767801032632,0.7168469877452799,124.16674691511369,0.8057294444443813,0.21606393007112862,0.04796897763304482,0.6526694661067787,3.6900439999996846,0.12999027999191815,0.0012,0.0,9.3352,55.0754,synthetic_default
profile_sensitivity,coarse_coverage_low,default,rtt_uncertainty,xai_gate,7,5000,0.0,0.015324432412237928,0.7924630000000003,0.6850714561607343,0.867875263867407,0.6484327969449307,0.2477810284444448,0.5655783333332987,0.022485239750593168,0.06036528168625503,0.702918942779893,4.19036799999957,0.07955966975231421,0.0,0.0,7.2492,44.7664,synthetic_default
profile_sensitivity,coarse_coverage_low,default,adversarial_explanation_flood,xai_gate,8,5000,0.0,0.017608152497696473,0.9076179400000014,0.688523251392863,0.8011897767207973,0.6629538278421649,1490.7429095728883,0.9930366666669027,0.047990610173414223,0.1317551371278372,0.6421120497264056,6.808639999999172,0.7909329780541077,0.0002,0.0,12.0982,45.035,synthetic_default
profile_sensitivity,coarse_coverage_low,default,transient_overload,xai_gate,8,5000,0.24917786339195383,1.0379290858418238,53.343181899999976,0.681198364972791,0.7490760513936834,0.7777270762096388,2390.25626897672,0.9922722222225123,0.24641355186102268,0.1526353024407499,0.5917934205871949,4.198843999999237,0.20402477329595037,0.0114,0.0,10.1772,56.351,synthetic_default
profile_sensitivity,coarse_coverage_low,default,non_markovian,xai_gate,8,5000,0.13470201356452963,1.2652540353897694,65.45671004000009,0.636912553072929,0.7727257682500294,0.7126328429900715,116.9849812231129,0.7963472222221556,0.21173392803533903,0.037226058240768536,0.6625423510743235,3.7027559999996265,0.13180941702130977,0.0002,0.0,9.3268,54.9374,synthetic_default
profile_sensitivity,coarse_coverage_low,default,rtt_uncertainty,xai_gate,8,5000,0.0,0.018121528548493547,0.9371177599999994,0.6850747330961426,0.8662149823272365,0.648997743967724,0.2458802026666668,0.5701549999999665,0.023022173555981386,0.059895975910210786,0.703367095537914,4.220271999999564,0.08136590159955137,0.0,0.0,7.306,45.0418,synthetic_default
profile_sensitivity,coarse_coverage_low,default,adversarial_explanation_flood,xai_gate,9,5000,0.0,0.015770209739817433,0.8128288400000001,0.6888426286567602,0.8033050246138059,0.6620077898400606,1434.4086157977754,0.9904516666668919,0.04629153890776498,0.1286649540067954,0.6438551421231458,6.811311999999207,0.7937626352717342,0.0004,0.0,12.067,44.848,synthetic_default
profile_sensitivity,coarse_coverage_low,default,transient_overload,xai_gate,9,5000,0.24589293813294164,1.0378367983785792,53.35095617999997,0.6816761768902675,0.750290075275826,0.7791353621810932,2293.034968180721,0.9893855555558472,0.248137581233159,0.15432318909494372,0.5881676969408781,4.159315999999231,0.1989994084822253,0.0108,0.0,10.0944,56.1268,synthetic_default
profile_sensitivity,coarse_coverage_low,default,non_markovian,xai_gate,9,5000,0.14130643659071054,1.242421021963148,64.26706057999992,0.6381809560757516,0.7770557664907863,0.7155840768998443,126.26270554977944,0.8078127777777203,0.21453510927195138,0.05189878874089401,0.6425276951592741,3.6852239999996868,0.1315522810662897,0.0014,0.0,9.2796,54.6718,synthetic_default
profile_sensitivity,coarse_coverage_low,default,rtt_uncertainty,xai_gate,9,5000,0.0,0.01724872016420162,0.8920720799999999,0.6842804267364002,0.8645648755585814,0.6498369025084864,0.2958708231111118,0.5713911111110757,0.024820378837361202,0.056662312214239056,0.7073807968647943,4.228215999999544,0.08725660338835639,0.0,0.0,7.3488,45.0602,synthetic_default
profile_sensitivity,coarse_coverage_low,default,adversarial_explanation_flood,xai_gate,10,5000,0.0,0.016063781835986363,0.8275284800000005,0.6889373566727555,0.8034027414896339,0.660524474947624,1494.2791621333345,0.9927238888891263,0.043621005394882284,0.1298566314157029,0.6433933314635474,6.86702799999916,0.799195285100897,0.0002,0.0,12.1226,44.9186,synthetic_default
profile_sensitivity,coarse_coverage_low,default,transient_overload,xai_gate,10,5000,0.24767008451488765,1.0370086213493408,53.30610142,0.6823595214873969,0.7508571528987167,0.7801379406438009,2266.2713828113856,0.9889194444447286,0.24891020920002388,0.1551981528294751,0.5858794960090766,4.143115999999227,0.1958719696455753,0.0096,0.0,10.0478,56.0138,synthetic_default
profile_sensitivity,coarse_coverage_low,default,non_markovian,xai_gate,10,5000,0.1362930664426344,1.182869477686119,61.18973560000007,0.637433794487788,0.7748428769072598,0.7121487924373314,114.8720537982242,0.7933649999999389,0.2100662594694926,0.041331232598795675,0.6579327908833876,3.696443999999668,0.12827068950822396,0.0002,0.0,9.2666,54.754,synthetic_default
profile_sensitivity,coarse_coverage_low,default,rtt_uncertainty,xai_gate,10,5000,0.0,0.015169828561901957,0.7845428000000012,0.6858223556223095,0.8677625359671907,0.6505703624473811,0.23502474933333387,0.5651666666666345,0.024234339391918183,0.0605024734589517,0.7008782168862209,4.15759999999954,0.06876010817698286,0.0,0.0,7.1964,44.8894,synthetic_default
profile_sensitivity,coarse_coverage_low,default,adversarial_explanation_flood,xai_gate,11,5000,0.0,0.017073259426866213,0.8798462599999999,0.687918770040378,0.8008118345586586,0.6617628874455386,1521.9639185853237,0.9936538888891248,0.04714297459508345,0.1268108196990874,0.6470114281016197,6.8442479999991965,0.8011494303937112,0.0,0.0,12.163,45.0194,synthetic_default
profile_sensitivity,coarse_coverage_low,default,transient_overload,xai_gate,11,5000,0.2493157495127714,1.0374276198586203,53.324760459999894,0.6826642976923495,0.7506494282545658,0.7807777689052867,2286.139809466507,0.9893388888891681,0.24972051425377306,0.154894993212489,0.5842849157550107,4.130259999999235,0.18982383756904775,0.0108,0.0,10.0184,56.1338,synthetic_default
profile_sensitivity,coarse_coverage_low,default,non_markovian,xai_gate,11,5000,0.13709602644418364,1.2065730221919486,62.4112423199999,0.638491467429959,0.7739059167277219,0.7140394671716377,120.84273863866818,0.8014133333332725,0.21164647399341496,0.04430910929867223,0.6536831005616648,3.7082279999996572,0.12965137338127541,0.0014,0.0,9.2938,54.8476,synthetic_default
profile_sensitivity,coarse_coverage_low,default,rtt_uncertainty,xai_gate,11,5000,0.0,0.01645463726133062,0.8510071599999998,0.6851773460108035,0.8664248701793336,0.6499392023616655,0.2421966960000003,0.5665666666666332,0.023921730742731157,0.06151302190988012,0.7027421799641725,4.187251999999561,0.07307465387908363,0.0,0.0,7.257,45.0854,synthetic_default
profile_sensitivity,coarse_coverage_low,default,adversarial_explanation_flood,xai_gate,12,5000,0.0,0.018409856774247314,0.9488025000000003,0.6877783969841963,0.8010422384820409,0.661241763645306,1575.2744971053282,0.9954822222224579,0.04641861989837732,0.12737256187510243,0.6469103425667924,6.870483999999174,0.8061784863152581,0.0002,0.0,12.202,45.038,synthetic_default
profile_sensitivity,coarse_coverage_low,default,transient_overload,xai_gate,12,5000,0.2472411029558335,1.0365864719470883,53.275574759999955,0.6815250226762842,0.7495227833676853,0.7778522695903224,2360.8629823958295,0.9914155555558383,0.24618448554639744,0.15421777024095912,0.5891469811097527,4.191299999999246,0.20345321828933582,0.0112,0.0,10.1428,56.1872,synthetic_default
profile_sensitivity,coarse_coverage_low,default,non_markovian,xai_gate,12,5000,0.13909533544884223,1.3032405550900508,67.41451855999988,0.6415811938314206,0.7780479406293305,0.7215361516847731,140.88202400933588,0.8218261111110566,0.21836861634815435,0.06614760954893507,0.6328850567316561,3.705851999999737,0.1310936112607186,0.0018,0.0,9.3246,54.9592,synthetic_default
profile_sensitivity,coarse_coverage_low,default,rtt_uncertainty,xai_gate,12,5000,0.0,0.016803256453704136,0.8688424200000016,0.6838374962710436,0.8641752394046852,0.6481058192777236,0.2679952880000008,0.5704727777777415,0.023133458085862285,0.05697936159249315,0.708757085130041,4.247547999999574,0.08867217601573096,0.0,0.0,7.3746,45.1596,synthetic_default
profile_sensitivity,coarse_coverage_low,default,adversarial_explanation_flood,xai_gate,13,5000,0.0,0.015091892905252638,0.777679560000001,0.6884978781725085,0.8013847136805423,0.6625110219448176,1523.1605082702172,0.9932861111113416,0.04666369445682865,0.13975991149419592,0.6366803718564753,6.826303999999186,0.7981561483988788,0.0002,0.0,12.1122,44.906,synthetic_default
profile_sensitivity,coarse_coverage_low,default,transient_overload,xai_gate,13,5000,0.24936445270138136,1.0377043127274495,53.33679721999994,0.6820651140685485,0.7503923098452254,0.7790302202155424,2326.0211422118155,0.9906922222225178,0.2474849493029151,0.1539725918884664,0.5881059885931559,4.170527999999237,0.19696350157335796,0.0116,0.0,10.0992,56.249,synthetic_default
profile_sensitivity,coarse_coverage_low,default,non_markovian,xai_gate,13,5000,0.1372389002066137,1.314072073563143,67.9691731199999,0.6428132785384775,0.7774253590403044,0.7204424759917157,140.09661190978096,0.8217049999999452,0.21427506760641357,0.0669676128015672,0.638225837361327,3.766111999999714,0.13289019314109685,0.0006,0.0,9.3926,55.2722,synthetic_default
profile_sensitivity,coarse_coverage_low,default,rtt_uncertainty,xai_gate,13,5000,0.0,0.01680200596110125,0.8688583399999997,0.6851225030350411,0.8669478148060437,0.6504029199426344,0.23238290222222263,0.5662361111110763,0.024555788544310782,0.05810616929698709,0.7048614943163006,4.179347999999562,0.07396789415590677,0.0,0.0,7.2488,44.997,synthetic_default
profile_sensitivity,coarse_coverage_low,default,adversarial_explanation_flood,xai_gate,14,5000,0.0,0.01689186796460988,0.8703945600000006,0.6879263868140719,0.8002755790225337,0.6614561752006962,1544.1441600857686,0.9948238888891311,0.04606570026102803,0.13406005286227898,0.6419483525684172,6.863651999999218,0.8071508144535289,0.0004,0.0,12.1826,44.9422,synthetic_default
profile_sensitivity,coarse_coverage_low,default,transient_overload,xai_gate,14,5000,0.2478556890519854,1.035013631199539,53.19673567999998,0.6815782516917935,0.7490027924270642,0.7783888023043205,2333.1477703242713,0.991390000000281,0.2470950304799858,0.15259721044013494,0.590443686006826,4.183007999999231,0.205129210992115,0.0112,0.0,10.1378,56.0814,synthetic_default
profile_sensitivity,coarse_coverage_low,default,non_markovian,xai_gate,14,5000,0.13760423035878835,1.2829178141283732,66.37846853999991,0.6347272452309068,0.7715187550115482,0.7123896558428663,115.3944971817797,0.7983144444443824,0.21498476894160348,0.040983429472638104,0.6499881176140169,3.643171999999661,0.12389506233542247,0.0004,0.0,9.2574,54.9126,synthetic_default
profile_sensitivity,coarse_coverage_low,default,rtt_uncertainty,xai_gate,14,5000,0.0,0.01585264478805331,0.8198044199999995,0.6851071751211966,0.8662250230697287,0.6489237335174813,0.2621878168888894,0.5701049999999651,0.023050179309589643,0.0583919625503025,0.7044813709655342,4.220363999999547,0.08622217464480375,0.0,0.0,7.3058,44.8392,synthetic_default
profile_sensitivity,coarse_coverage_low,default,adversarial_explanation_flood,xai_gate,15,5000,0.0,0.01878279872757292,0.9679589400000009,0.6877746571406022,0.8010386870140694,0.6620146177219418,1522.3988887155465,0.9940350000002343,0.04741726205140839,0.1304262133530426,0.6450357230845035,6.84638399999922,0.8017658103951109,0.0,0.0,12.177,45.0558,synthetic_default
profile_sensitivity,coarse_coverage_low,default,transient_overload,xai_gate,15,5000,0.24702794276026058,1.0348629039013106,53.18960026,0.6818574223769275,0.7499141162102607,0.7783659110224621,2325.2086789820523,0.9907666666669532,0.246674704033836,0.1533292487696899,0.5892839496412831,4.182055999999223,0.19893984685360144,0.0102,0.0,10.1194,56.2686,synthetic_default
profile_sensitivity,coarse_coverage_low,default,non_markovian,xai_gate,15,5000,0.13578306529848683,1.223671973030643,63.29562693999996,0.6431219135140291,0.7784145895107858,0.7209129557263505,137.0370389306697,0.8197383333332767,0.21524885129041954,0.06299652166444797,0.6375016103405333,3.7355879999997343,0.13666787474541842,0.001,0.0,9.3148,54.6322,synthetic_default
profile_sensitivity,coarse_coverage_low,default,rtt_uncertainty,xai_gate,15,5000,0.0,0.016606038745599083,0.8586947600000001,0.6848030315422722,0.8652275496674349,0.6486250908315124,0.3086694986666667,0.5718711111110757,0.023118235598811373,0.057686540715901964,0.7050789236934653,4.235315999999555,0.08706668918979221,0.0,0.0,7.3362,44.9908,synthetic_default
profile_sensitivity,coarse_coverage_low,default,adversarial_explanation_flood,xai_gate,16,5000,0.0,0.015526324325625365,0.8000624800000007,0.6879439809297722,0.8022135117650672,0.6635415838961772,1434.641186666661,0.9901000000002185,0.04972851277976427,0.13092636736856045,0.6435902529466296,6.775619999999265,0.797985570397888,0.0004,0.0,12.0816,44.7968,synthetic_default
profile_sensitivity,coarse_coverage_low,default,transient_overload,xai_gate,16,5000,0.24867898246251768,1.0360395331468253,53.246363699999975,0.6810178757547611,0.7488452809443205,0.7774529507778464,2380.2004140513814,0.9916544444447336,0.24624884466382174,0.15283868557157185,0.5911388173290594,4.195951999999235,0.2081535096941447,0.0128,0.0,10.1702,56.1198,synthetic_default
profile_sensitivity,coarse_coverage_low,default,non_markovian,xai_gate,16,5000,0.13581479409914002,1.1880679668653717,61.46702084,0.633849709974331,0.7718977009065172,0.7113677002921748,104.22150302933483,0.7862977777777127,0.2150115574163723,0.03225173361245584,0.6583366043002311,3.599995999999647,0.12497562160312259,0.0004,0.0,9.1716,54.3514,synthetic_default
profile_sensitivity,coarse_coverage_low,default,rtt_uncertainty,xai_gate,16,5000,0.0,0.016985493928678357,0.8784215199999983,0.6844376005015438,0.8649192794365248,0.6503151025935963,0.22944792977777803,0.5714094444444088,0.025292306015099072,0.054945354446594534,0.7081028045024665,4.221331999999553,0.0864743697939323,0.0,0.0,7.3382,45.0276,synthetic_default
profile_sensitivity,coarse_coverage_low,default,adversarial_explanation_flood,xai_gate,17,5000,0.0,0.016949417066930348,0.8736562600000006,0.6880554775861547,0.8011311862229007,0.6630813175926733,1464.3255761906657,0.9922922222224554,0.04910426814166598,0.12736729133988278,0.646082721043507,6.800863999999213,0.7946381610625932,0.0002,0.0,12.113,44.997,synthetic_default
profile_sensitivity,coarse_coverage_low,default,transient_overload,xai_gate,17,5000,0.24754044373648115,1.0353295132933051,53.214377240000005,0.6820836803491065,0.7504733462070635,0.7794784850288303,2305.3747745624996,0.9903650000002904,0.24816577434067025,0.15470949831449535,0.58720999405116,4.160523999999236,0.1980742435419125,0.0114,0.0,10.086,56.1234,synthetic_default
profile_sensitivity,coarse_coverage_low,default,non_markovian,xai_gate,17,5000,0.1337963749424061,1.295941808208887,67.04368243999991,0.639595955277222,0.7733855745724464,0.7178446672509715,125.99590346889067,0.8102711111110514,0.21546914081706822,0.053231288881287815,0.6489514077431217,3.713639999999686,0.1313672208980181,0.0014,0.0,9.3554,55.1274,synthetic_default
profile_sensitivity,coarse_coverage_low,default,rtt_uncertainty,xai_gate,17,5000,0.0,0.017749881912434585,0.9178089199999994,0.6848617064847,0.8649482386562528,0.6496470599055938,0.24192876800000004,0.570836666666631,0.024,0.05815699658703072,0.7055836177474403,4.223711999999528,0.08080432498790202,0.0,0.0,7.325,45.1824,synthetic_default
profile_sensitivity,coarse_coverage_low,default,adversarial_explanation_flood,xai_gate,18,5000,0.0,0.01817887312158662,0.9369477600000008,0.6875128335493669,0.8003116166923487,0.6622808456201981,1545.373559343549,0.9949400000002343,0.047972053203877124,0.1331736998343529,0.643383136798255,6.847147999999198,0.8033773581836368,0.0004,0.0,12.1946,45.0806,synthetic_default
profile_sensitivity,coarse_coverage_low,default,transient_overload,xai_gate,18,5000,0.24722779217815752,1.0360671353288993,53.25255567999993,0.681620648021798,0.7494331707788634,0.7791069413931111,2322.1553866002655,0.9904877777780714,0.24828296023593216,0.1530590028303941,0.5888803119371375,4.162283999999254,0.20090847182061378,0.0106,0.0,10.1046,56.0942,synthetic_default
profile_sensitivity,coarse_coverage_low,default,non_markovian,xai_gate,18,5000,0.13776833997305388,1.2949454327658987,66.98926995999999,0.6412902949796273,0.7786085314046698,0.7181402810755058,138.52593413866938,0.8199188888888351,0.21365162891184838,0.06060022674281803,0.6371045369954438,3.746235999999703,0.1318150949837147,0.0006,0.0,9.3498,55.0726,synthetic_default
profile_sensitivity,coarse_coverage_low,default,rtt_uncertainty,xai_gate,18,5000,0.0,0.016282334288209865,0.8419094399999998,0.684661757056476,0.866043840491802,0.6489531535938315,0.24290665155555607,0.5683344444444118,0.023297834478604867,0.06184466285213677,0.7035069948257453,4.213871999999543,0.08457113164829666,0.0,0.0,7.3054,44.905,synthetic_default
profile_sensitivity,coarse_coverage_low,default,adversarial_explanation_flood,xai_gate,19,5000,0.0,0.016290947173238736,0.8394146400000003,0.6884649101207521,0.8008870628308302,0.6604926536977808,1564.578092223106,0.9952366666669091,0.04411064598210621,0.1300336534515308,0.644324058113765,6.889495999999181,0.8065107340812663,0.0,0.0,12.183,44.9596,synthetic_default
profile_sensitivity,coarse_coverage_low,default,transient_overload,xai_gate,19,5000,0.24613110257113463,1.0349655379376077,53.19518680000004,0.6816055598334695,0.7500565217444283,0.7779559320026832,2331.80218160116,0.9900944444447369,0.24626349977294715,0.15366542281190151,0.5897648522182076,4.185959999999222,0.20261707939922813,0.0102,0.0,10.1298,56.1542,synthetic_default
profile_sensitivity,coarse_coverage_low,default,non_markovian,xai_gate,19,5000,0.1336749260975878,1.2178354893415622,63.01130123999988,0.6332077349022894,0.772977852526776,0.7093292524658016,110.42803983333492,0.7905166666666025,0.21223395051046895,0.03746322893234123,0.6540707734902232,3.642339999999672,0.12482512803668722,0.0006,0.0,9.2464,54.802,synthetic_default
profile_sensitivity,coarse_coverage_low,default,rtt_uncertainty,xai_gate,19,5000,0.0,0.01615406708719389,0.8354172599999998,0.6852582263743542,0.867935712732489,0.6489844633308303,0.19715738133333333,0.562758333333298,0.02292573392842292,0.05832617192914368,0.7050425526016688,4.168995999999541,0.07049007868501334,0.0,0.0,7.2146,44.9302,synthetic_default
profile_sensitivity,coarse_coverage_low,default,adversarial_explanation_flood,xai_gate,20,5000,0.0,0.019460730059876384,1.002852720000001,0.6881372064684955,0.8004094083408259,0.6627602674307581,1568.572555477763,0.9950144444446832,0.04843065573230577,0.12814939235253434,0.6452919671969173,6.8261919999991685,0.7944001453816925,0.0002,0.0,12.1452,45.1226,synthetic_default
profile_sensitivity,coarse_coverage_low,default,transient_overload,xai_gate,20,5000,0.248535766870728,1.0367775749327308,53.28428547999999,0.6817565777770082,0.7503365389701372,0.7782289916382441,2350.8247741562604,0.991014444444731,0.2465850910312926,0.1541305078379821,0.5881155237511614,4.181487999999248,0.20173131789685916,0.0116,0.0,10.1174,56.1268,synthetic_default
profile_sensitivity,coarse_coverage_low,default,non_markovian,xai_gate,20,5000,0.13778827472387964,1.1649423360912905,60.255174759999896,0.6350525097518696,0.7713765559479968,0.7112910969179692,115.53140742400193,0.7965233333332687,0.21205366710960608,0.04194350379356166,0.6560075442582194,3.688011999999642,0.1282516307271908,0.001,0.0,9.3316,55.139,synthetic_default
profile_sensitivity,coarse_coverage_low,default,rtt_uncertainty,xai_gate,20,5000,0.0,0.01593073480476799,0.8237477999999997,0.684919791922054,0.8648592390284274,0.6492879956233275,0.27060925955555565,0.5722783333332981,0.023340686875289375,0.06122504561919547,0.7032981997439878,4.238091999999537,0.08742780986228271,0.0,0.0,7.3434,45.02,synthetic_default
profile_sensitivity,coarse_coverage_high,default,adversarial_explanation_flood,xai_gate,1,5000,0.0,0.017970519380475353,0.9277549200000048,0.6970414318531037,0.745795841949921,0.4429430332677838,961.9922350426648,0.9831061111111596,0.026244029813746714,0.10938868598059792,0.0,5.456916000000302,0.7962441816281918,0.0,0.0,12.1018,44.9152,synthetic_default
profile_sensitivity,coarse_coverage_high,default,transient_overload,xai_gate,1,5000,0.24809362994109094,1.0328316778247275,53.19052799999998,0.6920197276638569,0.7099709027446773,0.5811215687815564,1746.2794272347755,0.9927872222221241,0.2264358556186509,0.14487257579627846,0.0,3.1976280000001784,0.20694480017454597,0.0074,0.0,10.1786,56.2224,synthetic_default
profile_sensitivity,coarse_coverage_high,default,non_markovian,xai_gate,1,5000,0.13893163246346843,1.2472778516391454,64.58013472000007,0.6494803472905201,0.6471061584880102,0.41737479149736284,64.68402742444435,0.6209222222222721,0.1369915743552457,0.0,0.0,2.6060480000000896,0.13574291921535941,0.0,0.0,9.3524,54.8974,synthetic_default
profile_sensitivity,coarse_coverage_high,default,rtt_uncertainty,xai_gate,1,5000,0.0,0.015319035295463562,0.7933708399999989,0.6756217268514565,0.7544757249906836,0.3640740873959748,0.14144328888888905,0.4903583333333732,0.0006580570864522497,0.0,0.0,3.032088000000214,0.08057419670237098,0.0,0.0,7.2942,45.002,synthetic_default
profile_sensitivity,coarse_coverage_high,default,adversarial_explanation_flood,xai_gate,2,5000,0.0,0.016378303376070075,0.8456972800000058,0.696745460212252,0.7428339359728018,0.4439233280294026,1055.6179285600037,0.9907888888889264,0.02816554846541231,0.10982431390561179,0.0,5.47638000000035,0.8031904352018646,0.0,0.0,12.1922,45.0764,synthetic_default
profile_sensitivity,coarse_coverage_high,default,transient_overload,xai_gate,2,5000,0.24733072674667164,1.035111273458854,53.324838199999974,0.6919014669249258,0.7090927717126035,0.5852793483847971,1697.7566371031999,0.9922094444443331,0.23288917006049584,0.14467597168953383,0.0,3.1326000000002012,0.20155259732238529,0.0078,0.0,10.1164,56.1296,synthetic_default
profile_sensitivity,coarse_coverage_high,default,non_markovian,xai_gate,2,5000,0.13609069815044963,1.24894700398722,64.67327647999988,0.649314741727007,0.6463868283768028,0.4176473522140723,56.579135099999924,0.6125750000000528,0.13755041852799585,0.0,0.0,2.565384000000106,0.12371762068377579,0.0,0.0,9.2228,54.716,synthetic_default
profile_sensitivity,coarse_coverage_high,default,rtt_uncertainty,xai_gate,2,5000,0.0,0.016530621444737843,0.8561861599999993,0.6758768318787912,0.7551495105477217,0.36444965395708057,0.136925937777778,0.49088333333337425,0.0006586530545035403,0.0,0.0,3.0326880000002077,0.07803457947243575,0.0,0.0,7.2876,45.0672,synthetic_default
profile_sensitivity,coarse_coverage_high,default,adversarial_explanation_flood,xai_gate,3,5000,0.0,0.01735315921658952,0.8962655600000062,0.6968027681660757,0.7444578419970506,0.4440972153567358,997.7263499359958,0.9871400000000367,0.028538474213214697,0.10921074312077772,0.0,5.449376000000313,0.795548849490761,0.0,0.0,12.138,45.067,synthetic_default
profile_sensitivity,coarse_coverage_high,default,transient_overload,xai_gate,3,5000,0.24642259511819317,1.0334491571081093,53.22720983999998,0.6927184119813912,0.7123737933682439,0.5840742501683867,1683.6278151094227,0.9904933333332291,0.22861444589722255,0.14644003328182575,0.0,3.171696000000211,0.20019401686234994,0.0076,0.0,10.0956,56.0776,synthetic_default
profile_sensitivity,coarse_coverage_high,default,non_markovian,xai_gate,3,5000,0.13810486342243,1.1667776252120283,60.410386999999986,0.6495252786407736,0.6477316393132417,0.4169313663719064,55.5878816688888,0.6109638888889414,0.13611575814196014,0.0,0.0,2.5721120000001148,0.12475502055139187,0.0,0.0,9.2054,54.5624,synthetic_default
profile_sensitivity,coarse_coverage_high,default,rtt_uncertainty,xai_gate,3,5000,0.0,0.01751658729077843,0.9073095599999978,0.6757007804770604,0.7533541827114465,0.36423866511696135,0.13055488000000007,0.48958055555560004,0.0007145212707485984,0.0,0.0,3.0259520000002214,0.07728198569466072,0.0,0.0,7.2776,45.0368,synthetic_default
profile_sensitivity,coarse_coverage_high,default,adversarial_explanation_flood,xai_gate,4,5000,0.0,0.017869339597647665,0.9226847400000073,0.6967177415381522,0.7431090358318031,0.4427314381435752,1001.5900706204429,0.9878766666667155,0.02680199044193723,0.10899804568819695,0.0,5.4791960000003215,0.8084940502443634,0.0,0.0,12.1782,44.8926,synthetic_default
profile_sensitivity,coarse_coverage_high,default,transient_overload,xai_gate,4,5000,0.2490395294971554,1.0353449670701214,53.32342475999999,0.6925402348846716,0.7101762554123077,0.583774961445683,1731.417494507213,0.9917805555554488,0.22893352841156234,0.1455178140693582,0.0,3.1714480000001926,0.19969211902991524,0.0064,0.0,10.1156,56.2122,synthetic_default
profile_sensitivity,coarse_coverage_high,default,non_markovian,xai_gate,4,5000,0.13723946164532028,1.2343852105935011,63.91380916000008,0.6502782653366835,0.6490040108631149,0.41931439702041556,60.83315231777759,0.6251777777778285,0.13808382208142472,0.0,0.0,2.6102800000000967,0.1326152361695967,0.0,0.0,9.3436,54.9972,synthetic_default
profile_sensitivity,coarse_coverage_high,default,rtt_uncertainty,xai_gate,4,5000,0.0,0.01610717498723083,0.8341794399999988,0.6762084612667256,0.7548146129322597,0.36475634184727423,0.13720749333333337,0.496936111111153,0.0004619188653098932,0.0,0.0,3.068416000000226,0.08785324637128622,0.0,0.0,7.3606,45.1078,synthetic_default
profile_sensitivity,coarse_coverage_high,default,adversarial_explanation_flood,xai_gate,5,5000,0.0,0.016238845096949367,0.8384627400000054,0.6970893054024101,0.744578133256453,0.44341226612253415,1007.289406800439,0.9881105555555916,0.026641873323569584,0.10985864503282924,0.0,5.478928000000339,0.8004669380595986,0.0,0.0,12.1538,45.0024,synthetic_default
profile_sensitivity,coarse_coverage_high,default,transient_overload,xai_gate,5,5000,0.2476197507037448,1.0340292342419284,53.25235411999995,0.6921145374448685,0.7090957639934831,0.5811089915040882,1748.1222701729976,0.9922572222221153,0.22628225298930144,0.14468612334801761,0.0,3.197332000000195,0.20484896736709568,0.0058,0.0,10.1696,56.2704,synthetic_default
profile_sensitivity,coarse_coverage_high,default,non_markovian,xai_gate,5,5000,0.14091869737124488,1.2934022196986965,66.97283972,0.6495868122457495,0.6444492235330209,0.4205546992078722,62.37709731999972,0.6252250000000552,0.14112609719546135,0.0,0.0,2.5818480000001136,0.13268902702958307,0.0,0.0,9.342,54.9842,synthetic_default
profile_sensitivity,coarse_coverage_high,default,rtt_uncertainty,xai_gate,5,5000,0.0,0.013990876282740245,0.7245719199999978,0.6762486701764757,0.7541769350200499,0.36500642494932156,0.13579847111111118,0.4952777777778201,0.0006546823426716495,0.0,0.0,3.0560080000002126,0.09006839131727973,0.0,0.0,7.3318,44.84,synthetic_default
profile_sensitivity,coarse_coverage_high,default,adversarial_explanation_flood,xai_gate,6,5000,0.0,0.019204518823031473,0.9916711800000064,0.6966196629489367,0.7426333103252062,0.442565715127997,1043.342168445333,0.9898500000000422,0.02667911364418022,0.1092386052834144,0.0,5.493512000000317,0.8045999432543609,0.0,0.0,12.2118,45.1136,synthetic_default
profile_sensitivity,coarse_coverage_high,default,transient_overload,xai_gate,6,5000,0.24668225739201086,1.0359558625934786,53.358486519999985,0.6927106655306349,0.7097601923931083,0.5852111113312541,1723.687231562325,0.9919861111110018,0.2303897287551267,0.1462225832656377,0.0,3.1590160000001943,0.1990910181618164,0.0066,0.0,10.0942,56.1214,synthetic_default
profile_sensitivity,coarse_coverage_high,default,non_markovian,xai_gate,6,5000,0.1375437768847943,1.2367215334760315,64.03647428000005,0.6498746491246697,0.6471279017473089,0.41864213932159944,59.6178234155556,0.6227861111111673,0.1378216803445542,0.0,0.0,2.6036560000000972,0.1293942836953046,0.0,0.0,9.3338,55.0962,synthetic_default
profile_sensitivity,coarse_coverage_high,default,rtt_uncertainty,xai_gate,6,5000,0.0,0.015825896332239294,0.8196990399999974,0.6751002251633647,0.7534889202550078,0.3631279172445765,0.13986137777777796,0.48755555555559726,0.0004942610796858696,0.0,0.0,3.0216320000001984,0.07797866420393551,0.0,0.0,7.2836,45.0448,synthetic_default
profile_sensitivity,coarse_coverage_high,default,adversarial_explanation_flood,xai_gate,7,5000,0.0,0.015831694893170174,0.8174929400000058,0.696366474938359,0.7421659045245509,0.4429298274445412,994.5671585742201,0.9857888888889346,0.027460969597370582,0.11002465078060805,0.0,5.464068000000366,0.8009778851162572,0.0,0.0,12.17,45.0496,synthetic_default
profile_sensitivity,coarse_coverage_high,default,transient_overload,xai_gate,7,5000,0.24611124556764533,1.0326830271630492,53.19242607999999,0.6927876343551318,0.7127011837334087,0.585103013927241,1655.8017114765257,0.9893394444443355,0.2300280134305525,0.14630560467287862,0.0,3.154280000000188,0.20063880768620712,0.0052,0.0,10.0666,55.8958,synthetic_default
profile_sensitivity,coarse_coverage_high,default,non_markovian,xai_gate,7,5000,0.1356405373221028,1.2413860544422541,64.27680392,0.6504319516554395,0.6485391828173064,0.4192209975316997,61.65752803111086,0.6292305555556171,0.1376074559536982,0.0,0.0,2.631368000000101,0.13747700648659467,0.0,0.0,9.3992,55.088,synthetic_default
profile_sensitivity,coarse_coverage_high,default,rtt_uncertainty,xai_gate,7,5000,0.0,0.01710277173822734,0.8858121599999982,0.6748590110339021,0.7521490927356881,0.3630060569671367,0.1500112533333335,0.49064166666670816,0.0007355946056395587,0.0,0.0,3.041088000000206,0.08682617443404705,0.0,0.0,7.341,45.0302,synthetic_default
profile_sensitivity,coarse_coverage_high,default,adversarial_explanation_flood,xai_gate,8,5000,0.0,0.017631408175667614,0.910612500000005,0.6971749987555677,0.7470365570025694,0.4450608106987075,955.7516969813263,0.9831044444444917,0.028936932751497453,0.10970814183079194,0.0,5.4172240000002745,0.7899964062857305,0.0,0.0,12.0538,44.8932,synthetic_default
profile_sensitivity,coarse_coverage_high,default,transient_overload,xai_gate,8,5000,0.24790847351847178,1.0333290675874767,53.22166059999994,0.6924035819478658,0.7089782628714238,0.5832982782137662,1692.8421217223156,0.9907938888887784,0.22845790420463755,0.14570937197303654,0.0,3.1729400000002026,0.20272132133631593,0.0074,0.0,10.1174,56.0806,synthetic_default
profile_sensitivity,coarse_coverage_high,default,non_markovian,xai_gate,8,5000,0.13677126852759677,1.2449410811823183,64.4621765999999,0.6493060566189703,0.6452320747085588,0.41640168074359557,60.32375010222196,0.6239222222222813,0.13594499384576206,0.0,0.0,2.6296640000001057,0.13237018666974198,0.0,0.0,9.4244,55.4848,synthetic_default
profile_sensitivity,coarse_coverage_high,default,rtt_uncertainty,xai_gate,8,5000,0.0,0.016652930100105417,0.8624823199999991,0.6756604757070939,0.7545073823918823,0.36404745665076016,0.13818416000000036,0.4901805555555966,0.0005761158815944693,0.0,0.0,3.0313280000002134,0.07660840735736563,0.0,0.0,7.2902,45.143,synthetic_default
profile_sensitivity,coarse_coverage_high,default,adversarial_explanation_flood,xai_gate,9,5000,0.0,0.016109038018821978,0.8317627600000059,0.6971262589691163,0.7445658775631021,0.4433292739121888,994.2238547324408,0.9882061111111572,0.02661115133960898,0.10942334276874466,0.0,5.4788760000002945,0.8005268475964427,0.0,0.0,12.1528,44.9972,synthetic_default
profile_sensitivity,coarse_coverage_high,default,transient_overload,xai_gate,9,5000,0.24754851398103567,1.0351653777325225,53.317917919999964,0.6920248520709431,0.7095698717366555,0.5828702169625213,1719.9193504547536,0.9912983333332259,0.22877712031558187,0.14542406311637082,0.0,3.1706200000001985,0.20305247871522392,0.0066,0.0,10.14,56.1904,synthetic_default
profile_sensitivity,coarse_coverage_high,default,non_markovian,xai_gate,9,5000,0.13583242974619059,1.2523776842268146,64.84718447999998,0.6491027004039829,0.6459586640126832,0.41716181160960447,63.075280488888765,0.6238305555556092,0.1371252392090155,0.0,0.0,2.6168000000001035,0.13731308272786236,0.0,0.0,9.406,55.1358,synthetic_default
profile_sensitivity,coarse_coverage_high,default,rtt_uncertainty,xai_gate,9,5000,0.0,0.01608820275984527,0.8332837999999996,0.6749107361879362,0.7523402176139565,0.36279068050984686,0.1193548088888889,0.490419444444491,0.00043609801302842816,0.0,0.0,3.041896000000216,0.08595209130652304,0.0,0.0,7.3378,45.0468,synthetic_default
profile_sensitivity,coarse_coverage_high,default,adversarial_explanation_flood,xai_gate,10,5000,0.0,0.018472978307249723,0.9537972800000054,0.697394020086451,0.7440693958766368,0.4429197692193952,1030.3455172222207,0.9896566666667016,0.025346417476206914,0.10960435261436297,0.0,5.501752000000331,0.798860133501875,0.0,0.0,12.1674,45.093,synthetic_default
profile_sensitivity,coarse_coverage_high,default,transient_overload,xai_gate,10,5000,0.24631863500259618,1.0346343896280858,53.29881844000001,0.6915577612351199,0.7078411784080773,0.583774075386974,1708.6633862285364,0.9925883333332315,0.23112371499468273,0.14545669384379062,0.0,3.151272000000192,0.20383212068193068,0.0072,0.0,10.1556,56.2404,synthetic_default
profile_sensitivity,coarse_coverage_high,default,non_markovian,xai_gate,10,5000,0.1368222540161196,1.1832896611191859,61.26342619999993,0.6501006297474371,0.6488909381480252,0.41749853924559344,60.31593292222187,0.6160444444444956,0.135536367374321,0.0,0.0,2.5965040000001065,0.13012630737117403,0.0,0.0,9.2418,54.5178,synthetic_default
profile_sensitivity,coarse_coverage_high,default,rtt_uncertainty,xai_gate,10,5000,0.0,0.016571064773754425,0.8581666799999988,0.6757807590371148,0.7542595717895946,0.36423071817230973,0.14748377777777769,0.4926277777778215,0.0005737861690210116,0.0,0.0,3.04523200000022,0.08470406923327833,0.0,0.0,7.3198,44.988,synthetic_default
profile_sensitivity,coarse_coverage_high,default,adversarial_explanation_flood,xai_gate,11,5000,0.0,0.016988877333773394,0.8770616000000058,0.6971735365431139,0.7439578329350869,0.4432516865423059,987.3834117528852,0.9858433333333758,0.02620944463687796,0.10988503472050407,0.0,5.471464000000329,0.7971782638274385,0.0,0.0,12.1254,44.9794,synthetic_default
profile_sensitivity,coarse_coverage_high,default,transient_overload,xai_gate,11,5000,0.24601469172841117,1.033718872623518,53.24677592000001,0.6928243213724845,0.7099211699811907,0.5856267995790181,1683.8122557614217,0.9907322222221224,0.23076312079270836,0.14619035326356758,0.0,3.1515440000001846,0.1976507884413483,0.0052,0.0,10.0718,56.0642,synthetic_default
profile_sensitivity,coarse_coverage_high,default,non_markovian,xai_gate,11,5000,0.13385964106526824,1.2807275797764688,66.32548536000006,0.6486664230909589,0.6443496226916487,0.4151297040555289,55.15687079555554,0.6125694444445012,0.1354853962045176,0.0,0.0,2.5886800000001142,0.12532000237016572,0.0,0.0,9.3058,55.1298,synthetic_default
profile_sensitivity,coarse_coverage_high,default,rtt_uncertainty,xai_gate,11,5000,0.0,0.01695526491755549,0.8781943599999992,0.6748757502511944,0.7533446680289386,0.36310016480937884,0.1501055288888891,0.49231111111115367,0.0008147524510469569,0.0,0.0,3.0505360000002413,0.0886121606679331,0.0,0.0,7.3642,45.0984,synthetic_default
profile_sensitivity,coarse_coverage_high,default,adversarial_explanation_flood,xai_gate,12,5000,0.0,0.016225965130315424,0.8377887000000049,0.696981773195862,0.7447342753609966,0.44333245360825335,978.4551677457714,0.9854522222222685,0.02698556701030928,0.10929484536082475,0.0,5.460000000000336,0.7970790240489964,0.0,0.0,12.125,44.9804,synthetic_default
profile_sensitivity,coarse_coverage_high,default,transient_overload,xai_gate,12,5000,0.24450020765425742,1.035166883069923,53.321835160000006,0.6925827236859693,0.7095753530469601,0.5851509744443755,1672.9039934965308,0.9907116666665491,0.23039711334483237,0.14669204385495352,0.0,3.1552280000002093,0.20182135300509496,0.0068,0.0,10.0878,55.9584,synthetic_default
profile_sensitivity,coarse_coverage_high,default,non_markovian,xai_gate,12,5000,0.13562817675741148,1.2495242556957284,64.70124923999992,0.6487776059121587,0.6454110723807746,0.41612829767121456,58.1517386777777,0.6148555555556086,0.13648277047348972,0.0,0.0,2.587232000000107,0.1283501987120974,0.0,0.0,9.3096,55.0042,synthetic_default
profile_sensitivity,coarse_coverage_high,default,rtt_uncertainty,xai_gate,12,5000,0.0,0.016469139067150293,0.8530248799999987,0.6754378223337486,0.7555266686684744,0.3636665808288244,0.12255785777777789,0.48672222222226386,0.0005240078325381284,0.0,0.0,3.0127040000002117,0.07404000953807222,0.0,0.0,7.2518,45.0126,synthetic_default
profile_sensitivity,coarse_coverage_high,default,adversarial_explanation_flood,xai_gate,13,5000,0.0,0.015831673667008075,0.8176007800000052,0.6969324971117264,0.743654320779686,0.4421333553391713,952.9873395902172,0.982396111111152,0.025037134840732795,0.11003465918468394,0.0,5.47246800000033,0.8032174589782182,0.0,0.0,12.118,44.8014,synthetic_default
profile_sensitivity,coarse_coverage_high,default,transient_overload,xai_gate,13,5000,0.24856942389861933,1.0339005626822129,53.25308736000003,0.6919995266925031,0.7088368916157545,0.5829035438894012,1709.5248619329861,0.9916855555554418,0.2292188455242866,0.14457569960754926,0.0,3.166572000000213,0.20267493006117898,0.007,0.0,10.1414,56.2158,synthetic_default
profile_sensitivity,coarse_coverage_high,default,non_markovian,xai_gate,13,5000,0.13575094747847313,1.1807869032328164,61.13564623999989,0.6494886204594686,0.6475048023157849,0.41758779579268646,58.14419809111089,0.6169833333333817,0.13728656632861788,0.0,0.0,2.586600000000112,0.12397810271973642,0.0,0.0,9.2886,55.0936,synthetic_default
profile_sensitivity,coarse_coverage_high,default,rtt_uncertainty,xai_gate,13,5000,0.0,0.015052676719605342,0.7796413599999984,0.6747961048525518,0.7531588091544131,0.3626965144425309,0.15079085333333367,0.4896638888889317,0.000518261913204768,0.0,0.0,3.0376640000002157,0.08551370253413038,0.0,0.0,7.3322,45.0306,synthetic_default
profile_sensitivity,coarse_coverage_high,default,adversarial_explanation_flood,xai_gate,14,5000,0.0,0.01620420127844318,0.8366647200000056,0.6971782153580667,0.7453395584128047,0.44432408221496483,945.3569623604408,0.9819444444444871,0.027703588195285414,0.11006784890761599,0.0,5.428724000000334,0.7898185715833899,0.0,0.0,12.0562,44.9066,synthetic_default
profile_sensitivity,coarse_coverage_high,default,transient_overload,xai_gate,14,5000,0.24527771209555216,1.0342665885886357,53.26849348,0.6922073572004962,0.7098889439614301,0.5826426024077375,1720.5874967045374,0.9925694444443375,0.22800622623293204,0.14550863988335666,0.0,3.182540000000201,0.2063582612829471,0.0064,0.0,10.1506,56.095,synthetic_default
profile_sensitivity,coarse_coverage_high,default,non_markovian,xai_gate,14,5000,0.1389394033912045,1.3399932039937774,69.39176343999999,0.6512932690255536,0.6503205561922815,0.42244291262964084,64.06499400222202,0.6340805555556134,0.1404456016048487,0.0,0.0,2.620616000000082,0.13035318410876795,0.0,0.0,9.3716,55.2724,synthetic_default
profile_sensitivity,coarse_coverage_high,default,rtt_uncertainty,xai_gate,14,5000,0.0,0.01643125218335646,0.8511243599999987,0.6750532408671246,0.7534197841918929,0.3628694694113281,0.13090102222222244,0.49002777777782114,0.0003003330967072571,0.0,0.0,3.0392080000002126,0.0809678123874813,0.0,0.0,7.3252,45.1768,synthetic_default
profile_sensitivity,coarse_coverage_high,default,adversarial_explanation_flood,xai_gate,15,5000,0.0,0.016283414083437003,0.8407776000000057,0.6968886178593705,0.7444654923980069,0.4428964630649105,968.6757200982221,0.9852327777778197,0.02661766160134489,0.10912417180340837,0.0,5.465068000000339,0.799123478095841,0.0,0.0,12.1348,44.9656,synthetic_default
profile_sensitivity,coarse_coverage_high,default,transient_overload,xai_gate,15,5000,0.24656820255620948,1.0335676131547504,53.24063687999998,0.6925625409168698,0.7098165986126823,0.585752177276962,1693.0749042089876,0.9912138888887704,0.23175352629595095,0.1456146963715357,0.0,3.1424880000002084,0.19872391680964707,0.0072,0.0,10.0814,56.0674,synthetic_default
profile_sensitivity,coarse_coverage_high,default,non_markovian,xai_gate,15,5000,0.13499120673185622,1.2435426878043294,64.39043920000012,0.6493483348721174,0.6458675794439924,0.41748931784509835,58.85844507333321,0.618602777777833,0.1372254310437378,0.0,0.0,2.593624000000108,0.13201447679604872,0.0,0.0,9.3146,54.8556,synthetic_default
profile_sensitivity,coarse_coverage_high,default,rtt_uncertainty,xai_gate,15,5000,0.0,0.015622424409286129,0.8090152799999994,0.6752011240907915,0.7536150882876139,0.3633664021466177,0.13029018666666678,0.48636111111115576,0.0005785761516420542,0.0,0.0,3.0124240000002236,0.07954410260071021,0.0,0.0,7.2592,44.8288,synthetic_default
profile_sensitivity,coarse_coverage_high,default,adversarial_explanation_flood,xai_gate,16,5000,0.0,0.016202652446348415,0.8365998800000065,0.6972532061333128,0.7455945578252493,0.4438716226253216,984.9133802159955,0.9864894444444827,0.026903461138528068,0.10999059204119696,0.0,5.464200000000328,0.7993608819354079,0.0,0.0,12.1174,44.8952,synthetic_default
profile_sensitivity,coarse_coverage_high,default,transient_overload,xai_gate,16,5000,0.2479625448968306,1.0338188045119854,53.24670824000004,0.6922481507051318,0.7104666462858438,0.5827438603412529,1713.7430269587599,0.9916772222221149,0.22803037774928495,0.145596212644245,0.0,3.17959600000019,0.20545241619555243,0.0058,0.0,10.139,56.073,synthetic_default
profile_sensitivity,coarse_coverage_high,default,non_markovian,xai_gate,16,5000,0.1360990531534314,1.3471024577649353,69.76743752,0.6497111321893453,0.6469513109775966,0.4195567819263559,58.19458194444414,0.6194194444444964,0.13969129947400188,0.0,0.0,2.572528000000092,0.12318932694111862,0.0,0.0,9.2776,55.067,synthetic_default
profile_sensitivity,coarse_coverage_high,default,rtt_uncertainty,xai_gate,16,5000,0.0,0.017488911044994535,0.9057171599999995,0.6769222289588125,0.7562341125477933,0.3657032550759304,0.1284830933333333,0.49256388888893426,0.00033070605743261867,0.0,0.0,3.0352640000001987,0.07708427948505614,0.0,0.0,7.2572,44.9188,synthetic_default
profile_sensitivity,coarse_coverage_high,default,adversarial_explanation_flood,xai_gate,17,5000,0.0,0.016361505695130504,0.8449871400000064,0.697365042408112,0.7459781020136119,0.4433154831199129,909.9823270399919,0.9785205555556058,0.025810743389323133,0.11006153334442043,0.0,5.434184000000313,0.7895833333333373,0.0,0.0,12.026,44.8,synthetic_default
profile_sensitivity,coarse_coverage_high,default,transient_overload,xai_gate,17,5000,0.24884412487096438,1.0342560570190908,53.26750972000003,0.69193556635125,0.7090295872548034,0.5819115709143801,1747.6224217565357,0.9923977777776741,0.2274846094840981,0.1456247664378577,0.0,3.1868560000001884,0.20654018201449897,0.0068,0.0,10.1686,56.186,synthetic_default
profile_sensitivity,coarse_coverage_high,default,non_markovian,xai_gate,17,5000,0.13828835268491763,1.1792777325248718,61.05367596000004,0.6494882535843627,0.6466915088223374,0.4171355156330889,60.69178786444437,0.6153277777778313,0.13627137674900675,0.0,0.0,2.5882240000000993,0.13408486780804485,0.0,0.0,9.2624,54.4486,synthetic_default
profile_sensitivity,coarse_coverage_high,default,rtt_uncertainty,xai_gate,17,5000,0.0,0.015461130491050008,0.8008556399999981,0.6750131495169157,0.7538724417202531,0.3628161752270946,0.12436543111111141,0.48315000000003866,0.0003045151288652659,0.0,0.0,2.9969280000002074,0.0689523538968222,0.0,0.0,7.2246,45.0572,synthetic_default
profile_sensitivity,coarse_coverage_high,default,adversarial_explanation_flood,xai_gate,18,5000,0.0,0.015549643484997907,0.8030289400000055,0.6971401612342509,0.7452525343183452,0.442789153934024,945.2454369235556,0.9815405555555976,0.025741197503683227,0.1095366584449337,0.0,5.4542760000003065,0.7963872421981089,0.0,0.0,12.0818,44.8374,synthetic_default
profile_sensitivity,coarse_coverage_high,default,transient_overload,xai_gate,18,5000,0.2477608937211004,1.033063527162304,53.21171032000002,0.6931684076229332,0.7102510264597841,0.5873558727374173,1674.9267439734303,0.9900972222221169,0.23221832389761582,0.14701778167610238,0.0,3.1369480000001895,0.19410374972476907,0.0054,0.0,10.0328,56.013,synthetic_default
profile_sensitivity,coarse_coverage_high,default,non_markovian,xai_gate,18,5000,0.13910526928191497,1.3344560522059192,69.10786223999989,0.6499047496735628,0.6461402685011428,0.42046961621609535,60.88010059777766,0.6255833333333859,0.14060660544960293,0.0,0.0,2.588496000000111,0.12547698889916958,0.0,0.0,9.3438,55.3472,synthetic_default
profile_sensitivity,coarse_coverage_high,default,rtt_uncertainty,xai_gate,18,5000,0.0,0.015278250582031253,0.7911336799999991,0.6758119283640772,0.75434355407221,0.3641136232164333,0.1337596088888889,0.49154444444448575,0.0004107563393395038,0.0,0.0,3.039688000000209,0.08424112325456523,0.0,0.0,7.3036,44.9076,synthetic_default
profile_sensitivity,coarse_coverage_high,default,adversarial_explanation_flood,xai_gate,19,5000,0.0,0.01777335847014474,0.9176584200000054,0.6970645277932941,0.7438851545055166,0.4434809835311192,1033.5683707359965,0.9893777777778137,0.02685644784852569,0.10971039742283291,0.0,5.483020000000312,0.7942094119173642,0.0,0.0,12.1684,45.2136,synthetic_default
profile_sensitivity,coarse_coverage_high,default,transient_overload,xai_gate,19,5000,0.24705694426580926,1.0327337994851773,53.19851272,0.6924589968862788,0.7105730210730157,0.5852394740495361,1665.5024111920875,0.9903511111110005,0.23106518850524563,0.1460246316165242,0.0,3.146700000000204,0.20097653924020498,0.0058,0.0,10.0846,55.98,synthetic_default
profile_sensitivity,coarse_coverage_high,default,non_markovian,xai_gate,19,5000,0.13164994843264308,1.2701946848962382,65.77708244000004,0.6491706645440118,0.6467652315513649,0.4169362992922089,57.984292591110886,0.6161416666667184,0.13682421530451994,0.0,0.0,2.5879440000000984,0.1253546768929792,0.0,0.0,9.2966,55.0736,synthetic_default
profile_sensitivity,coarse_coverage_high,default,rtt_uncertainty,xai_gate,19,5000,0.0,0.01611940639084592,0.83473316,0.6755452054794376,0.7538687581979184,0.36379734461044055,0.1400207377777778,0.4903444444444873,0.0004931506849315068,0.0,0.0,3.0342880000002053,0.08215000970970299,0.0,0.0,7.3,44.9722,synthetic_default
profile_sensitivity,coarse_coverage_high,default,adversarial_explanation_flood,xai_gate,20,5000,0.0,0.018156946713637875,0.9375604800000051,0.6965381077529444,0.7428875015980639,0.4441693495400848,1029.8904383271124,0.989615555555591,0.02950065703022339,0.10852496714848883,0.0,5.451868000000315,0.8050391665035952,0.0,0.0,12.176,44.9704,synthetic_default
profile_sensitivity,coarse_coverage_high,default,transient_overload,xai_gate,20,5000,0.2487526481345233,1.0322362464297148,53.15932971999998,0.6924967944291444,0.7100641942433213,0.5829274258773346,1738.8891947663258,0.9924794444443329,0.22750675635689346,0.14621348115124377,0.0,3.188288000000208,0.20118903331212867,0.007,0.0,10.1386,56.2698,synthetic_default
profile_sensitivity,coarse_coverage_high,default,non_markovian,xai_gate,20,5000,0.13859947922136728,1.23176406376478,63.77697167999994,0.6502002044641182,0.648556403054891,0.41760904753790484,62.749387333333246,0.6261833333333888,0.135585278582382,0.0,0.0,2.6388000000000966,0.13359287762185046,0.0,0.0,9.3904,55.225,synthetic_default
profile_sensitivity,coarse_coverage_high,default,rtt_uncertainty,xai_gate,20,5000,0.0,0.0172896217192506,0.8954812800000004,0.6739714479945452,0.7507439528705416,0.3615056607909046,0.14519533333333362,0.48806388888893415,0.0005710401087695446,0.0,0.0,3.035936000000221,0.08906815449219985,0.0,0.0,7.355,45.0232,synthetic_default
profile_sensitivity,redact_exposure_low,default,adversarial_explanation_flood,xai_gate,1,5000,0.0,0.017305529710554723,0.891701940000001,0.6936249876836104,0.8082340460613453,0.6654553814825853,1466.1601618693408,0.9434333333335684,0.04644135711235918,0.12727033862121062,0.633559956645975,6.9480559999991165,0.8049164365838399,0.0004,0.0,12.1788,44.9838,synthetic_default
profile_sensitivity,redact_exposure_low,default,transient_overload,xai_gate,1,5000,0.24811932703998968,1.036912888537979,53.29583672,0.6844712609682639,0.7540698015167225,0.782553090801614,2246.2151609233824,0.9436650000002132,0.25093167701863356,0.15405698511288574,0.5813861776594695,4.191775999999265,0.19852391198771535,0.0104,0.0,10.143,56.4194,synthetic_default
profile_sensitivity,redact_exposure_low,default,non_markovian,xai_gate,1,5000,0.13622309648658043,1.2246433760686937,63.34909923999993,0.6436412298733143,0.7722611620531069,0.7153290938677216,100.073205767558,0.7407366666667918,0.21895340870161015,0.0,0.6695143884892086,3.6932759999995346,0.13774139915590844,0.0,0.0,9.3408,54.733,synthetic_default
profile_sensitivity,redact_exposure_low,default,rtt_uncertainty,xai_gate,1,5000,0.0,0.016381927053034803,0.8471810000000006,0.6774288305122692,0.8573327938796524,0.6295343067760832,0.3409702644444445,0.50101277777783,0.020389096504726312,0.0006045284677951198,0.7083974499890086,4.150247999999422,0.07862664200692282,0.0,0.0,7.2784,44.9856,synthetic_default
profile_sensitivity,redact_exposure_low,default,adversarial_explanation_flood,xai_gate,2,5000,0.0,0.017593232286799675,0.9066832600000007,0.6937934036333465,0.8092868166924875,0.6645644032719102,1447.2492993462256,0.9425150000002296,0.04479156400906672,0.1272297230708584,0.6334713051476627,6.963611999999176,0.8023410717774737,0.0002,0.0,12.1764,45.0392,synthetic_default
profile_sensitivity,redact_exposure_low,default,transient_overload,xai_gate,2,5000,0.248364161514546,1.0386750079665246,53.38619176000002,0.6837986930157856,0.754214741007444,0.781369193633929,2240.6413497233866,0.9438111111113257,0.25003434268108404,0.1538944600349314,0.5826088662990364,4.208847999999245,0.2084539842673503,0.0108,0.0,10.1914,56.2228,synthetic_default
profile_sensitivity,redact_exposure_low,default,non_markovian,xai_gate,2,5000,0.1363792479722956,1.2568704861229083,65.02266048000001,0.6443111605901025,0.7729658382613244,0.7142899655312278,103.60212616266858,0.744391111111248,0.21760260335267292,0.0,0.6646684793080563,3.708687999999567,0.1351256113490682,0.0,0.0,9.3418,54.865,synthetic_default
profile_sensitivity,redact_exposure_low,default,rtt_uncertainty,xai_gate,2,5000,0.0,0.01782973443571692,0.9220526599999997,0.6753670022735392,0.8552420498928387,0.6274962621063458,0.33417151288888874,0.4996433333333848,0.0196492367651835,0.00013532532207426653,0.7144365053588827,4.198071999999414,0.08764957831059239,0.0,0.0,7.3896,45.294,synthetic_default
profile_sensitivity,redact_exposure_low,default,adversarial_explanation_flood,xai_gate,3,5000,0.0,0.016851361922710955,0.8684891400000008,0.6940950621764204,0.8110521833103093,0.6651560180756726,1370.7325355475646,0.9412905555557712,0.045337599366691954,0.12798100075865027,0.6321865619949203,6.9350639999992305,0.796938323412735,0.0,0.0,12.1268,44.9906,synthetic_default
profile_sensitivity,redact_exposure_low,default,transient_overload,xai_gate,3,5000,0.24702108272059478,1.0357594918333866,53.236597779999954,0.6845399027630589,0.7547315921212929,0.7830384600182592,2248.060958836725,0.9430961111113341,0.251808371872406,0.15437369065970988,0.5801810348235108,4.176451999999229,0.20226252891425034,0.011,0.0,10.1196,56.1142,synthetic_default
profile_sensitivity,redact_exposure_low,default,non_markovian,xai_gate,3,5000,0.13741340633151447,1.232026721002246,63.72799279999994,0.6463538720038069,0.7746578501974409,0.7162490163132097,104.62353613911317,0.750404444444566,0.2172831103643363,0.00019142012463577003,0.6682263862007359,3.752787999999529,0.1387377175837452,0.0,0.0,9.4034,55.0516,synthetic_default
profile_sensitivity,redact_exposure_low,default,rtt_uncertainty,xai_gate,3,5000,0.0,0.014414619734339015,0.7455806400000008,0.6770765321623595,0.8580982867717285,0.6280449449914577,0.25031160044444484,0.4963783333333804,0.019139945314441957,0.00016571381224625073,0.7094760681636147,4.132343999999429,0.07650317090792425,0.0,0.0,7.2414,44.8452,synthetic_default
profile_sensitivity,redact_exposure_low,default,adversarial_explanation_flood,xai_gate,4,5000,0.0,0.01687843038490331,0.8696279800000015,0.6938776145317269,0.8088240227320985,0.6637305292123312,1462.4721917764539,0.9438883333335624,0.04329025600707582,0.12713543969993285,0.6337772099651123,6.997567999999145,0.8093879057030702,0.0,0.0,12.2106,44.9898,synthetic_default
profile_sensitivity,redact_exposure_low,default,transient_overload,xai_gate,4,5000,0.24828023195116702,1.0356644545885285,53.23622087999992,0.6848065773592704,0.7548806800259379,0.7830011674615391,2199.8386137958346,0.9429922222224527,0.25161762668935633,0.1549359874943111,0.5788630112590775,4.174999999999222,0.1963784558605013,0.0094,0.0,10.1074,56.3222,synthetic_default
profile_sensitivity,redact_exposure_low,default,non_markovian,xai_gate,4,5000,0.13685147910557197,1.1546421369994444,59.72856430000006,0.6399702014640843,0.7698090920247406,0.7062088920558331,93.49618961955684,0.7179988888890196,0.21005808555202868,0.0,0.6696465202651638,3.6826399999995325,0.13174486803519514,0.0,0.0,9.2622,54.56,synthetic_default
profile_sensitivity,redact_exposure_low,default,rtt_uncertainty,xai_gate,4,5000,0.0,0.01524792445443979,0.7886263000000017,0.6770164727883442,0.8569557341157374,0.6290423035936517,0.26222038311111134,0.4984400000000495,0.02002035035613123,0.0002475043313257982,0.7103099304237824,4.145087999999395,0.07753236997559898,0.0,0.0,7.2726,44.9954,synthetic_default
profile_sensitivity,redact_exposure_low,default,adversarial_explanation_flood,xai_gate,5,5000,0.0,0.017867908045997777,0.9207312600000006,0.6936844016107595,0.8106705369073758,0.6665779919466697,1341.3442797693365,0.9412761111113401,0.04822100468677801,0.12746715954848506,0.6328635553501881,6.899587999999209,0.7973542148662276,0.0004,0.0,12.1192,44.952,synthetic_default
profile_sensitivity,redact_exposure_low,default,transient_overload,xai_gate,5,5000,0.2486818259163936,1.0380889447657304,53.357118359999966,0.684326236940775,0.7537789178308745,0.7823355016756128,2241.0969640527205,0.9437083333335589,0.2509560417898679,0.1545042381233984,0.5805637689729943,4.190583999999232,0.20394003794796012,0.0108,0.0,10.146,56.1822,synthetic_default
profile_sensitivity,redact_exposure_low,default,non_markovian,xai_gate,5,5000,0.13526008846583734,1.166791984312653,60.34973960000006,0.6447836909871911,0.7728749596461454,0.7155051502145504,99.85957405600202,0.7440783333334597,0.21798283261802576,0.0,0.6667167381974249,3.705059999999541,0.13473933868560017,0.0002,0.0,9.32,54.7556,synthetic_default
profile_sensitivity,redact_exposure_low,default,rtt_uncertainty,xai_gate,5,5000,0.0,0.01626662746176803,0.8413929200000001,0.6762222584857114,0.8553957212930093,0.6285845763001341,0.37139877555555617,0.4999516666667225,0.019935813751087904,0.00032637075718015666,0.7139360313315927,4.18430399999941,0.08805369246681005,0.0,0.0,7.3536,45.0566,synthetic_default
profile_sensitivity,redact_exposure_low,default,adversarial_explanation_flood,xai_gate,6,5000,0.0,0.017052198324102354,0.8787835800000005,0.6937517125267101,0.8106591058678733,0.6664991829391113,1365.4428645146716,0.9413638888891183,0.04801677038113002,0.1276595744680851,0.6325371803971411,6.900859999999141,0.7987292538820057,0.0,0.0,12.1166,44.908,synthetic_default
profile_sensitivity,redact_exposure_low,default,transient_overload,xai_gate,6,5000,0.2495150047614983,1.0365175664170663,53.27274908000001,0.6841541216523107,0.7534459252814911,0.7818068756519282,2267.9186544585114,0.9437527777780051,0.25042800637581913,0.15416100911112424,0.5811244268650255,4.1988839999992225,0.20380635624538446,0.0116,0.0,10.1634,56.2848,synthetic_default
profile_sensitivity,redact_exposure_low,default,non_markovian,xai_gate,6,5000,0.1379450321371184,1.271934634199098,65.80436362000005,0.6414114914113425,0.7681588792197828,0.7127343250500416,101.71727934044634,0.7366377777779014,0.21768040577980477,0.0,0.6710498273730873,3.6966519999995384,0.13208548666502828,0.0,0.0,9.3844,55.2632,synthetic_default
profile_sensitivity,redact_exposure_low,default,rtt_uncertainty,xai_gate,6,5000,0.0,0.01726917227684978,0.8931706800000011,0.6775547435228949,0.8556559182143664,0.6293856103884321,0.3492443488888889,0.5011855555556125,0.02008407286314806,0.00032969750254141825,0.7086847817127785,4.1536399999994105,0.07698407766760584,0.0,0.0,7.2794,45.0604,synthetic_default
profile_sensitivity,redact_exposure_low,default,adversarial_explanation_flood,xai_gate,7,5000,0.0,0.016676081493827145,0.8593115600000014,0.6930315703157972,0.8071434623944087,0.66642082820829,1450.001971339553,0.9435433333335655,0.04874128741287413,0.12752767527675277,0.6342107421074211,6.927971999999167,0.8094330888113397,0.0002,0.0,12.195,44.9312,synthetic_default
profile_sensitivity,redact_exposure_low,default,transient_overload,xai_gate,7,5000,0.24800559037415268,1.0351202177191852,53.20606675999997,0.6847568037631732,0.7550454943725535,0.7829570923178043,2215.8639880936103,0.9432433333335503,0.25131924817676937,0.15469296598612567,0.5800739174259344,4.182203999999254,0.2018532440678713,0.0098,0.0,10.1194,56.1322,synthetic_default
profile_sensitivity,redact_exposure_low,default,non_markovian,xai_gate,7,5000,0.1361741094602082,1.24377936774032,64.34023150000007,0.6455412883239616,0.7736464269729801,0.7154825339172802,103.86155984400204,0.7472850000001291,0.21818181818181817,0.0,0.6650357867749173,3.7206359999995526,0.13744617149300598,0.0,0.0,9.361,54.8656,synthetic_default
profile_sensitivity,redact_exposure_low,default,rtt_uncertainty,xai_gate,7,5000,0.0,0.01743559428616576,0.9018067600000004,0.6767841614482987,0.8547365708191252,0.629941811770784,0.30804624222222254,0.5011361111111712,0.021220159151193633,0.00035549235691432633,0.7106292214717383,4.160135999999404,0.08176625282133743,0.0,0.0,7.3138,45.0732,synthetic_default
profile_sensitivity,redact_exposure_low,default,adversarial_explanation_flood,xai_gate,8,5000,0.0,0.018763565732777217,0.9668224200000001,0.6933070236950692,0.8077369046374038,0.6636261639568881,1521.4133633386725,0.9448438888891189,0.043851209210547776,0.126384109848176,0.6355245348249376,7.014579999999132,0.8125281725006874,0.0002,0.0,12.2642,45.109,synthetic_default
profile_sensitivity,redact_exposure_low,default,transient_overload,xai_gate,8,5000,0.24830670088364068,1.036707708305029,53.28921224,0.6848090652007275,0.7544686254317431,0.7833001760041892,2226.032300690494,0.943619444444669,0.2519034152708288,0.15516048015504183,0.5792117388810885,4.175771999999264,0.20407079603873912,0.0096,0.0,10.1134,55.9956,synthetic_default
profile_sensitivity,redact_exposure_low,default,non_markovian,xai_gate,8,5000,0.13600068357293316,1.2994352286396225,67.22529948000009,0.6445487188204458,0.7724205580788245,0.7149643054433845,104.71319159911299,0.7505622222223558,0.21930905536905623,0.00012748055921471974,0.6631538690349722,3.7229119999995497,0.13365199682540752,0.0002,0.0,9.4132,55.3562,synthetic_default
profile_sensitivity,redact_exposure_low,default,rtt_uncertainty,xai_gate,8,5000,0.0,0.01644944898952611,0.8508750800000009,0.677883987152458,0.8568695858027179,0.6309305236916416,0.2745816746666667,0.500183888888942,0.020424410464765147,0.000658851950476295,0.713756279682653,4.158775999999427,0.07837434187252335,0.0,0.0,7.2854,45.0394,synthetic_default
profile_sensitivity,redact_exposure_low,default,adversarial_explanation_flood,xai_gate,9,5000,0.0,0.017440190062631374,0.8986018400000003,0.6930121905200328,0.8085722923281481,0.6663482583799581,1412.3209947706673,0.9428988888891183,0.048680043971189024,0.12708986201578368,0.6345633234343467,6.925351999999188,0.8023556687159736,0.0004,0.0,12.1898,45.0884,synthetic_default
profile_sensitivity,redact_exposure_low,default,transient_overload,xai_gate,9,5000,0.24865627604166662,1.0359505845996475,53.246361199999974,0.6843812081598265,0.7545130223059521,0.7827948814155857,2245.8424616829498,0.9432533333335696,0.2516834850609214,0.15420920634293725,0.5802839708525049,4.178903999999201,0.20431411719939008,0.013,0.0,10.1278,56.064,synthetic_default
profile_sensitivity,redact_exposure_low,default,non_markovian,xai_gate,9,5000,0.13470225427005533,1.256623996864901,65.01607384000006,0.6418635632307876,0.7708776164878659,0.7111275340555188,98.63887479689095,0.7365533333334588,0.21671135900461225,0.0,0.6629625656977368,3.6812399999995433,0.12719548009484183,0.0,0.0,9.323,55.1398,synthetic_default
profile_sensitivity,redact_exposure_low,default,rtt_uncertainty,xai_gate,9,5000,0.0,0.015725868042429644,0.8133004800000005,0.6765997103113484,0.856897977277591,0.6280899934977401,0.3186574964444446,0.4985466666667159,0.01907572900439999,0.00032794949577765023,0.7129895329452598,4.172171999999403,0.08190817485097779,0.0,0.0,7.3182,45.0944,synthetic_default
profile_sensitivity,redact_exposure_low,default,adversarial_explanation_flood,xai_gate,10,5000,0.0,0.01820508065141034,0.9380433200000016,0.693547790475023,0.8107821468689063,0.6670898011757728,1324.744506642228,0.9409355555557811,0.04926018891604465,0.12715503005482529,0.6331494814716956,6.884027999999161,0.7982079092522063,0.0004,0.0,12.1112,44.901,synthetic_default
profile_sensitivity,redact_exposure_low,default,transient_overload,xai_gate,10,5000,0.2482457256015542,1.0386709859714975,53.39075823999998,0.684956530349646,0.7548059485037509,0.7833181503119859,2196.3830534638296,0.9426705555557754,0.25180710961481334,0.15399544509357363,0.5798989999009803,4.172575999999245,0.19788960769382302,0.0108,0.0,10.099,56.2044,synthetic_default
profile_sensitivity,redact_exposure_low,default,non_markovian,xai_gate,10,5000,0.1412161572115611,1.270689450290455,65.73547912000011,0.645794513843142,0.7719858552479933,0.7168706773637064,103.86744086089095,0.7521800000001247,0.2199144517035177,0.000638420123002277,0.6647230320699709,3.7263359999995607,0.13364767925618537,0.0008,0.0,9.3982,55.2682,synthetic_default
profile_sensitivity,redact_exposure_low,default,rtt_uncertainty,xai_gate,10,5000,0.0,0.015508443992364852,0.8019745400000017,0.6764836333879604,0.8568400022769421,0.6289497648022239,0.31996437511111153,0.5003833333333854,0.02026732133115112,0.0003000545553737043,0.7119203491543917,4.172655999999414,0.0857300246110646,0.0,0.0,7.332,45.0204,synthetic_default
profile_sensitivity,redact_exposure_low,default,adversarial_explanation_flood,xai_gate,11,5000,0.0,0.019266882229854895,0.9928188000000017,0.6934920373512575,0.8100246624838681,0.6661533900956929,1384.9226914120056,0.9415338888891241,0.04775942425190626,0.12761647535449022,0.6332240905123433,6.914755999999157,0.7946978664668634,0.0002,0.0,12.1442,45.1114,synthetic_default
profile_sensitivity,redact_exposure_low,default,transient_overload,xai_gate,11,5000,0.24878405774897244,1.03865768353372,53.38482230000001,0.6844773556981809,0.7532579652858541,0.7831384311791583,2270.466128026943,0.9437483333335505,0.25205722742969905,0.15481006413418846,0.5803256043413912,4.17908399999925,0.20369743547718433,0.0124,0.0,10.135,56.1326,synthetic_default
profile_sensitivity,redact_exposure_low,default,non_markovian,xai_gate,11,5000,0.13362691316949474,1.2107461435381333,62.63592546000008,0.6426348413758172,0.7700990096247962,0.7117586414704027,98.87664747422428,0.7320138888890256,0.21611209160173905,0.0,0.6665662261633163,3.6780799999995346,0.1349731841760362,0.0,0.0,9.2924,54.5822,synthetic_default
profile_sensitivity,redact_exposure_low,default,rtt_uncertainty,xai_gate,11,5000,0.0,0.017072517599591792,0.8829182400000009,0.6768319544135302,0.8565858951575878,0.6299442114772336,0.3027290271111112,0.498313888888942,0.020601610870637225,8.218727740945701e-05,0.7142622322064545,4.156459999999416,0.08015813832368979,0.0,0.0,7.3004,45.0576,synthetic_default
profile_sensitivity,redact_exposure_low,default,adversarial_explanation_flood,xai_gate,12,5000,0.0,0.017141580676615534,0.8833620000000012,0.6938429745235413,0.8121868747630908,0.6664881710119571,1309.7014762488914,0.9402238888891131,0.0478449914857738,0.1279283151751616,0.6322680906641096,6.892767999999231,0.794600207684321,0.0,0.0,12.0974,44.94,synthetic_default
profile_sensitivity,redact_exposure_low,default,transient_overload,xai_gate,12,5000,0.24743393669687078,1.0365033229626788,53.27957622000001,0.6848019321759814,0.7543302763524266,0.7835185001881528,2217.2694093869413,0.9431488888891122,0.2522914893195811,0.15502939837269614,0.5790786530200146,4.1686959999992395,0.20370072501325298,0.0114,0.0,10.1026,55.953,synthetic_default
profile_sensitivity,redact_exposure_low,default,non_markovian,xai_gate,12,5000,0.13752924779697887,1.217630140100031,62.99600578000003,0.6385860199961816,0.7680512034192131,0.7077140512642918,93.18347123777926,0.7211300000001283,0.21520654732341446,0.0,0.6657669135589195,3.6355559999995335,0.12697821680015053,0.0,0.0,9.2618,54.7884,synthetic_default
profile_sensitivity,redact_exposure_low,default,rtt_uncertainty,xai_gate,12,5000,0.0,0.01609229817623861,0.832358860000001,0.6761214248499408,0.8565225225893218,0.628116559419708,0.27753740266666743,0.49607277777783243,0.01966161186826446,0.0004113307922231058,0.7125346203416788,4.150395999999425,0.080335651491249,0.0,0.0,7.2934,45.007,synthetic_default
profile_sensitivity,redact_exposure_low,default,adversarial_explanation_flood,xai_gate,13,5000,0.0,0.016874516885719816,0.8694682200000007,0.6938375589478252,0.8110335695434747,0.6644834782037237,1424.3428894840026,0.9422055555557872,0.04461131467819057,0.12708062899488984,0.6335299627006687,6.96327199999912,0.8000615213520508,0.0004,0.0,12.1718,45.0792,synthetic_default
profile_sensitivity,redact_exposure_low,default,transient_overload,xai_gate,13,5000,0.24769429819716146,1.038088289782832,53.36481473999989,0.6847583407584428,0.7542722715969339,0.7837853677854398,2198.719406408736,0.9427916666668815,0.25276705276705275,0.1548955548955549,0.5794871794871795,4.163679999999295,0.19987313488683323,0.0094,0.0,10.101,56.1226,synthetic_default
profile_sensitivity,redact_exposure_low,default,non_markovian,xai_gate,13,5000,0.137150062047795,1.2742025721807584,65.92061082000008,0.6435911472756619,0.771872163965398,0.715289055510549,103.28053574044628,0.7460966666668016,0.22008264814893708,0.0,0.6663187492012099,3.7015559999995413,0.13563188361623757,0.0002,0.0,9.3892,55.1188,synthetic_default
profile_sensitivity,redact_exposure_low,default,rtt_uncertainty,xai_gate,13,5000,0.0,0.015870999078641732,0.8208128000000011,0.6763837527353058,0.8546625526397736,0.6283902027828663,0.32101930444444404,0.4986144444444987,0.019857768052516413,0.0002188183807439825,0.7117341356673961,4.162435999999398,0.08457521051468442,0.0,0.0,7.312,44.9454,synthetic_default
profile_sensitivity,redact_exposure_low,default,adversarial_explanation_flood,xai_gate,14,5000,0.0,0.018832193330893983,0.9705720000000009,0.6937404278445617,0.8101631807330835,0.6655114207137364,1376.0374472693343,0.9414866666668839,0.046358052138398956,0.12774401791742832,0.6329891474400144,6.930951999999189,0.7984486481203428,0.0002,0.0,12.1446,45.0188,synthetic_default
profile_sensitivity,redact_exposure_low,default,transient_overload,xai_gate,14,5000,0.24795702764647887,1.0353427879726265,53.22160655999995,0.6847719305196251,0.7546030266854771,0.783739230327478,2192.352467175838,0.9427622222224418,0.25266889817584026,0.15427122739606647,0.5798094634474836,4.1639799999992695,0.2016555519061658,0.0088,0.0,10.0978,56.0216,synthetic_default
profile_sensitivity,redact_exposure_low,default,non_markovian,xai_gate,14,5000,0.13566734847433354,1.2751761656823999,65.97649459999992,0.6412217087587989,0.7708889119429151,0.7096851155292412,98.85854106044651,0.7364511111112482,0.21655024180548094,0.0,0.658097796883396,3.6684879999995568,0.1328964894210265,0.0004,0.0,9.305,54.7564,synthetic_default
profile_sensitivity,redact_exposure_low,default,rtt_uncertainty,xai_gate,14,5000,0.0,0.016051030592937946,0.8302126800000004,0.6767363074811961,0.8566747000430898,0.6290045218625887,0.3383317662222225,0.4985611111111653,0.020288263555250513,0.00021962937542896363,0.7105559368565546,4.148119999999415,0.07843485572510245,0.0,0.0,7.285,45.0344,synthetic_default
profile_sensitivity,redact_exposure_low,default,adversarial_explanation_flood,xai_gate,15,5000,0.0,0.0179190548851028,0.9233375400000025,0.6939212044510302,0.8114931798971529,0.664229713515563,1383.5403753786752,0.9417738888891088,0.04404924310908762,0.12729902532831477,0.6334051051100409,6.9673439999991755,0.8030248474907242,0.0004,0.0,12.1682,44.9918,synthetic_default
profile_sensitivity,redact_exposure_low,default,transient_overload,xai_gate,15,5000,0.2460567055748505,1.038421988018867,53.38120313999994,0.6850828268383874,0.7557536736621422,0.783806260676202,2167.9974486958395,0.9423622222224493,0.25239343741310133,0.15613951455925,0.5771461486513327,4.158183999999236,0.20176160979626867,0.0104,0.0,10.0692,55.858,synthetic_default
profile_sensitivity,redact_exposure_low,default,non_markovian,xai_gate,15,5000,0.13449712690392499,1.1825521693314351,61.17289511999994,0.6458823403252071,0.7743170643204814,0.716913953588089,100.79044606755718,0.7465044444445736,0.21889074765152491,0.0,0.6670527173679921,3.709503999999541,0.13810779144697927,0.0004,0.0,9.3252,54.624,synthetic_default
profile_sensitivity,redact_exposure_low,default,rtt_uncertainty,xai_gate,15,5000,0.0,0.01598912322502894,0.827012940000001,0.6773568889012117,0.8574856464944499,0.6293796324552952,0.2698553848888887,0.498958888888941,0.020202298597139155,0.000633905685858391,0.7088994846071163,4.138127999999417,0.07452175445298881,0.0,0.0,7.2566,45.0222,synthetic_default
profile_sensitivity,redact_exposure_low,default,adversarial_explanation_flood,xai_gate,16,5000,0.0,0.01790984099513306,0.9230684000000023,0.6933015763886331,0.8087205296145777,0.6647497912881298,1470.9729981204446,0.9434183333335471,0.0456710700780828,0.12704414870107547,0.6346641784936732,6.971975999999171,0.8088224843661178,0.0,0.0,12.2178,45.0304,synthetic_default
profile_sensitivity,redact_exposure_low,default,transient_overload,xai_gate,16,5000,0.24531118660726678,1.0348233964232034,53.19725021999995,0.6854681715037495,0.7558913192505905,0.7843638281779597,2151.399178889607,0.9422694444446632,0.2527767825152275,0.1567538516660695,0.5761574903459533,4.150815999999261,0.19269681527301463,0.009,0.0,10.0476,56.1618,synthetic_default
profile_sensitivity,redact_exposure_low,default,non_markovian,xai_gate,16,5000,0.13697309362628465,1.2875705285176375,66.61906907999999,0.6410091978610318,0.7686411457576167,0.7129026737967555,98.92725142800188,0.7386077777779119,0.22053475935828876,0.0,0.6638716577540107,3.657615999999547,0.12887121330112028,0.0002,0.0,9.35,55.2174,synthetic_default
profile_sensitivity,redact_exposure_low,default,rtt_uncertainty,xai_gate,16,5000,0.0,0.015430325510131633,0.7980213000000009,0.6777293009420655,0.8579419044281732,0.6303657039967631,0.2741158639999999,0.500581666666723,0.020712829835288934,0.0001377182834793147,0.709194072605079,4.141731999999429,0.0761925088037525,0.0,0.0,7.2612,44.9808,synthetic_default
profile_sensitivity,redact_exposure_low,default,adversarial_explanation_flood,xai_gate,17,5000,0.0,0.017304262748427633,0.8917160000000011,0.6933807578070774,0.808233189304642,0.6658223797568165,1476.3178062791142,0.9436694444446719,0.04734242439160472,0.1273732749142585,0.6337977321583879,6.941579999999158,0.8053753310699181,0.0,0.0,12.1878,45.0056,synthetic_default
profile_sensitivity,redact_exposure_low,default,transient_overload,xai_gate,17,5000,0.24719576988396624,1.035604991682245,53.23418421999998,0.6844641905101463,0.7546596364100798,0.7829257745394977,2207.533676350052,0.9431400000002229,0.2517030981576921,0.15514483739114981,0.5799616926327429,4.179167999999253,0.20206361017848273,0.0106,0.0,10.1286,56.1734,synthetic_default
profile_sensitivity,redact_exposure_low,default,non_markovian,xai_gate,17,5000,0.13507238154956372,1.2461358285932493,64.47601301999995,0.6385497415316875,0.768410709295313,0.7087338320936618,90.9973813928903,0.7143261111112422,0.216131917028377,0.0,0.6676118393788034,3.5950719999995737,0.12077953667340102,0.0,0.0,9.1694,54.5418,synthetic_default
profile_sensitivity,redact_exposure_low,default,rtt_uncertainty,xai_gate,17,5000,0.0,0.016327198423735926,0.8443490600000007,0.6770212356275145,0.8570024097815926,0.6306442422528312,0.2883441551111107,0.4991600000000526,0.021703251361610828,0.0002200583154535952,0.7106233151785223,4.135455999999406,0.07842090274811708,0.0,0.0,7.2708,44.9472,synthetic_default
profile_sensitivity,redact_exposure_low,default,adversarial_explanation_flood,xai_gate,18,5000,0.0,0.01720346513635779,0.8865016400000013,0.6936009892828664,0.8098578060650583,0.6666347897774216,1413.453643848,0.9417977777780157,0.0483924154987634,0.12773289365210222,0.6328441879637263,6.90289199999917,0.7962466884940931,0.0002,0.0,12.13,45.0198,synthetic_default
profile_sensitivity,redact_exposure_low,default,transient_overload,xai_gate,18,5000,0.24720621330201784,1.0361299860215796,53.26004479999996,0.6843514099784161,0.7536289143103619,0.7827180043384657,2221.079129310505,0.9428455555557856,0.2512522184973378,0.15505817393019128,0.581246302504437,4.186759999999218,0.20304141015147414,0.011,0.0,10.142,56.202,synthetic_default
profile_sensitivity,redact_exposure_low,default,non_markovian,xai_gate,18,5000,0.13668918453563686,1.2319698458298207,63.73602454000004,0.6431235451148541,0.7729164163159277,0.7106075814201331,100.75865749511263,0.7414155555556935,0.21356113187399894,0.0,0.6637907100907635,3.7341199999995434,0.13395158819818498,0.0006,0.0,9.365,55.0582,synthetic_default
profile_sensitivity,redact_exposure_low,default,rtt_uncertainty,xai_gate,18,5000,0.0,0.0164752687561238,0.8520319000000003,0.6765741468572017,0.8553790076443647,0.6297127955118516,0.31705699866666714,0.5025761111111634,0.020518797603881495,0.00010842165180386523,0.7148781611687854,4.198967999999391,0.09042651451000983,0.0,0.0,7.3786,45.1114,synthetic_default
profile_sensitivity,redact_exposure_low,default,adversarial_explanation_flood,xai_gate,19,5000,0.0,0.016498147287016148,0.8503420600000005,0.6946441127695742,0.8115753383032605,0.6658396351575522,1311.2596807871164,0.9401633333335586,0.045787728026534,0.1282587064676617,0.6306301824212271,6.901451999999224,0.792050783687881,0.0,0.0,12.06,44.8648,synthetic_default
profile_sensitivity,redact_exposure_low,default,transient_overload,xai_gate,19,5000,0.24789254486098977,1.0364031778647806,53.268095419999966,0.6834866358364415,0.7537412946119851,0.7811435961750237,2271.196732768273,0.9438677777779997,0.24992161780843392,0.1540210064273397,0.5832222918952814,4.212651999999249,0.20985388913781966,0.0118,0.0,10.2064,56.2404,synthetic_default
profile_sensitivity,redact_exposure_low,default,non_markovian,xai_gate,19,5000,0.1387655592907759,1.2293319736780877,63.59071973999995,0.6415121015034292,0.7690913180323858,0.7113372427763739,101.88030817777944,0.7355461111112501,0.21616377012474677,0.0,0.6689839002025803,3.703119999999526,0.13496650402726362,0.0002,0.0,9.379,55.0912,synthetic_default
profile_sensitivity,redact_exposure_low,default,rtt_uncertainty,xai_gate,19,5000,0.0,0.018641919569906972,0.9640934200000012,0.6760249070733589,0.8537847317787546,0.6278902181481246,0.3528621475555562,0.5031111111111716,0.020213256640529614,0.00013565944054046722,0.7092275551455626,4.1907559999994275,0.08604978378895933,0.0,0.0,7.3714,45.249,synthetic_default
profile_sensitivity,redact_exposure_low,default,adversarial_explanation_flood,xai_gate,20,5000,0.0,0.017113715365762616,0.8816676800000012,0.6938700793246032,0.8108288361559989,0.665789039695242,1383.0547612448945,0.9413505555557952,0.04667117436548642,0.12767782047264872,0.6326500321585831,6.920471999999146,0.7959733730220413,0.0,0.0,12.1274,45.017,synthetic_default
profile_sensitivity,redact_exposure_low,default,transient_overload,xai_gate,20,5000,0.248381905588498,1.0362825566996237,53.26670389999997,0.6843049398042472,0.7536243329406461,0.7822523694115181,2235.5220656393853,0.9434988888891116,0.2506945675947272,0.1541841540068176,0.5814072629110757,4.194351999999243,0.20349587914530498,0.011,0.0,10.1502,56.2262,synthetic_default
profile_sensitivity,redact_exposure_low,default,non_markovian,xai_gate,20,5000,0.13558944320907232,1.2195267952301994,63.08919040000006,0.642709367012546,0.770928510616327,0.7108464892496889,99.13370043466816,0.7339672222223489,0.2148119509418562,0.0,0.6651846124105935,3.6956359999995643,0.12959519017654997,0.0002,0.0,9.3114,54.9542,synthetic_default
profile_sensitivity,redact_exposure_low,default,rtt_uncertainty,xai_gate,20,5000,0.0,0.013873646733011669,0.7175953600000009,0.6776672360591407,0.8574002856420234,0.6325560902935906,0.2994669777777777,0.4989727777778255,0.022454264932774963,2.7551245316288297e-05,0.71407317610756,4.131395999999398,0.07682494474359425,0.0,0.0,7.2592,44.942,synthetic_default
profile_sensitivity,redact_exposure_high,default,adversarial_explanation_flood,xai_gate,1,5000,0.0,0.01596486904161987,0.8243856400000055,0.5619866008811695,0.6272623217428919,0.4935695780597708,2483.9493250719593,1.0000044444445124,0.04442170921271926,0.21615154865431263,0.04758997376280919,5.225420000000257,0.798750986922174,0.0002,0.1234,12.1202,44.9208,synthetic_default
profile_sensitivity,redact_exposure_high,default,transient_overload,xai_gate,1,5000,0.2455316995091411,1.0347705161080372,53.30259976,0.5692400341290322,0.5952781156322248,0.594312955136207,3176.880073899812,1.0000283333332687,0.25086810722860486,0.15548544556223584,0.016846240847669502,2.8518840000001195,0.19506295795689033,0.0098,0.1424,10.0794,56.228,synthetic_default
profile_sensitivity,redact_exposure_high,default,non_markovian,xai_gate,1,5000,0.1350768384942764,1.2312705522444054,63.74054166,0.6060116007272278,0.7541815601773117,0.6116611115920931,160.66036317400304,0.9119083333334302,0.2153060341096009,0.16907627045277465,0.12951259631200762,3.138760000000128,0.13012425398688965,0.0006,0.0,9.2408,54.512,synthetic_default
profile_sensitivity,redact_exposure_high,default,rtt_uncertainty,xai_gate,1,5000,0.0,0.017455953155606524,0.9033162600000003,0.6383368166318579,0.856620820724785,0.5346223444270971,0.42858395866666676,0.655858333333433,0.025712242877571224,0.18028819711802882,0.16890331096689032,3.6913119999999435,0.08005358092234016,0.0,0.0,7.2728,44.8916,synthetic_default
profile_sensitivity,redact_exposure_high,default,adversarial_explanation_flood,xai_gate,2,5000,0.0,0.018143810209665403,0.9369217200000065,0.5616092106133735,0.6289871479792857,0.49356381922848186,2406.3042278530766,1.0000872222222796,0.04613577714550387,0.20662674518626348,0.05295110170052273,5.194680000000277,0.7962797884352553,0.0,0.1222,12.0904,44.872,synthetic_default
profile_sensitivity,redact_exposure_high,default,transient_overload,xai_gate,2,5000,0.24598471839222288,1.0329017601725468,53.20819689999999,0.5698960341914451,0.5963448170473885,0.5952509690885495,3149.8227371222547,1.0000311111110445,0.2515654507504224,0.15499453334658583,0.017811350760361794,2.8480280000001237,0.19949020772008996,0.0098,0.14,10.061,55.9182,synthetic_default
profile_sensitivity,redact_exposure_high,default,non_markovian,xai_gate,2,5000,0.13916220884755778,1.2377663769081997,64.06611742,0.6070659230720221,0.7443395163320885,0.6079505736605909,201.7333575662261,0.9213800000000839,0.20885927754954342,0.18374167181080908,0.11456182549649843,3.2361920000001243,0.13416671495065668,0.0008,0.0,9.3958,55.2288,synthetic_default
profile_sensitivity,redact_exposure_high,default,rtt_uncertainty,xai_gate,2,5000,0.0,0.014424844839004802,0.7464278799999999,0.6379372847066737,0.855147868560076,0.5356664707903431,0.4929106586666675,0.6572811111112109,0.026190606375416918,0.18349827765323418,0.17280879217015693,3.7066919999999444,0.0861870315599449,0.0,0.0,7.3156,44.9008,synthetic_default
profile_sensitivity,redact_exposure_high,default,adversarial_explanation_flood,xai_gate,3,5000,0.0,0.017020248273048228,0.8790770200000064,0.5602097879067299,0.6260512751737954,0.49136823211698133,2517.2063406615157,1.000027777777849,0.04334079831379265,0.22162758529837967,0.039569885390594126,5.230488000000284,0.7991162620521446,0.0,0.1274,12.1456,45.0058,synthetic_default
profile_sensitivity,redact_exposure_high,default,transient_overload,xai_gate,3,5000,0.2467619071581781,1.0367372811312454,53.40652336,0.5692478876591858,0.5984010932992553,0.5934616605180592,3146.766367094476,1.0000144444443828,0.25070411361021855,0.15532151215835616,0.015252489190368519,2.852432000000123,0.19958457799333962,0.0084,0.1428,10.0836,56.0394,synthetic_default
profile_sensitivity,redact_exposure_high,default,non_markovian,xai_gate,3,5000,0.13727070040242853,1.1500346048696477,59.52267875999988,0.6070843030773403,0.7534279587402887,0.6097862253254248,167.71474646111395,0.9147194444445496,0.2107361434359107,0.18097577795017672,0.11768382036031376,3.1916600000001276,0.1390237885722081,0.0004,0.0,9.2808,54.3202,synthetic_default
profile_sensitivity,redact_exposure_high,default,rtt_uncertainty,xai_gate,3,5000,0.0,0.018199407034369158,0.9418231199999989,0.6368933708141369,0.8546000376296384,0.533531053968404,0.48256881777777844,0.6557222222223202,0.025545154335307442,0.18277339592260036,0.17081957370159112,3.706343999999961,0.084338775594758,0.0,0.0,7.3282,45.0548,synthetic_default
profile_sensitivity,redact_exposure_high,default,adversarial_explanation_flood,xai_gate,4,5000,0.0,0.016968033981593147,0.8761456000000067,0.5613284565465011,0.6263693939212328,0.4929197972225468,2496.2379653619505,1.000068333333404,0.043114978781023466,0.2200663815452699,0.04136461962714048,5.231360000000237,0.7933842691305362,0.0,0.1282,12.1118,45.024,synthetic_default
profile_sensitivity,redact_exposure_high,default,transient_overload,xai_gate,4,5000,0.24818204714997694,1.0348978794877401,53.307152879999975,0.5659851799298569,0.5901884149390434,0.590680895510614,3253.51017279114,1.000012777777711,0.24882740136376177,0.1550589255449135,0.01600252256513342,2.8578000000001214,0.203402311608198,0.0102,0.1544,10.1484,56.2206,synthetic_default
profile_sensitivity,redact_exposure_high,default,non_markovian,xai_gate,4,5000,0.13995667626899055,1.1958048294374681,61.89266934000002,0.6069171537648738,0.75235654162367,0.6113279986196106,174.46346714289214,0.9149738888889882,0.2109440717813774,0.18051032072989237,0.12464680887776891,3.1928240000001047,0.11857422379204974,0.0018,0.0,9.2726,55.2644,synthetic_default
profile_sensitivity,redact_exposure_high,default,rtt_uncertainty,xai_gate,4,5000,0.0,0.014616317015318629,0.7563113799999994,0.6380615986985666,0.8568210723267494,0.5349012076101544,0.4049089817777785,0.6531855555556545,0.026001599250006894,0.17889541456420438,0.17244326798466925,3.6777519999999297,0.07784484526431457,0.0,0.0,7.2534,44.8636,synthetic_default
profile_sensitivity,redact_exposure_high,default,adversarial_explanation_flood,xai_gate,5,5000,0.0,0.01650909391483857,0.8523772400000055,0.5559661622117352,0.6223675082723659,0.4898828943920363,2583.5794903783944,1.0000072222223,0.045089753668763104,0.2109211215932914,0.04810338050314465,5.201652000000241,0.8070026680635882,0.0,0.1338,12.2112,45.0514,synthetic_default
profile_sensitivity,redact_exposure_high,default,transient_overload,xai_gate,5,5000,0.2477992381406507,1.032218607036502,53.164843019999985,0.5641073954731378,0.5939105050277144,0.5885490018861891,3283.749972754701,1.0000238888888278,0.24791732159698207,0.15504165356806035,0.01617022948758252,2.858856000000109,0.20739820821308919,0.0124,0.161,10.1792,56.2046,synthetic_default
profile_sensitivity,redact_exposure_high,default,non_markovian,xai_gate,5,5000,0.1352575334322837,1.2249358594794348,63.41303559999972,0.6081538527821626,0.7507873966953593,0.6118444238599073,175.52258689955886,0.9161838888889846,0.2124254109131643,0.17535167273432284,0.12617134486547038,3.1883640000001168,0.12859561918862705,0.0006,0.0,9.2842,54.8422,synthetic_default
profile_sensitivity,redact_exposure_high,default,rtt_uncertainty,xai_gate,5,5000,0.0,0.016852454321248343,0.8721326399999995,0.6384736087364414,0.8558322536753367,0.5367266923574663,0.4222997373333341,0.653640555555651,0.026667034361039104,0.1796646627323369,0.17638299045833103,3.6779399999999405,0.071667109968379,0.0,0.0,7.2524,45.116,synthetic_default
profile_sensitivity,redact_exposure_high,default,adversarial_explanation_flood,xai_gate,6,5000,0.0,0.016232269673298327,0.8380300200000075,0.5571015418899161,0.6212875271167831,0.49105146733520594,2615.8034350930748,1.0000472222222836,0.04294679578561012,0.21678218551836012,0.045552114568483834,5.232648000000281,0.804521282493674,0.0,0.1338,12.2058,45.0934,synthetic_default
profile_sensitivity,redact_exposure_high,default,transient_overload,xai_gate,6,5000,0.24709751908124666,1.0339294044484673,53.260050099999994,0.5707238632526338,0.5972078418706804,0.5948731650145921,3125.61130772871,1.0000311111110423,0.2507300212550406,0.1564331260801335,0.017719155360441788,2.860860000000119,0.19697077775400218,0.0132,0.1394,10.0682,56.076,synthetic_default
profile_sensitivity,redact_exposure_high,default,non_markovian,xai_gate,6,5000,0.13798762287871102,1.2912624379112663,66.84805248000002,0.6077558313300179,0.7524474930612524,0.6136081692764365,171.14763407400307,0.9137655555556577,0.21410781192471792,0.17479912502977932,0.12990275702250234,3.16323600000009,0.12363980156890686,0.0012,0.0,9.2346,54.7898,synthetic_default
profile_sensitivity,redact_exposure_high,default,rtt_uncertainty,xai_gate,6,5000,0.0,0.016148821513600028,0.8356717600000002,0.6378857813951224,0.8548890949841613,0.5361632192436248,0.4529149582222226,0.6587527777778815,0.02701152564592779,0.18094171628338887,0.17370404763205333,3.705899999999936,0.08417502435499835,0.0,0.0,7.3228,45.0284,synthetic_default
profile_sensitivity,redact_exposure_high,default,adversarial_explanation_flood,xai_gate,7,5000,0.0,0.016713060641136594,0.8629039400000067,0.5594549614802083,0.6251251227000233,0.492206657009285,2556.299892997296,1.0000666666667366,0.044347139000460924,0.21200697965365115,0.047376045301902946,5.215364000000236,0.7982304238043241,0.0002,0.1302,12.1496,45.0428,synthetic_default
profile_sensitivity,redact_exposure_high,default,transient_overload,xai_gate,7,5000,0.24731420336063875,1.0354723657519234,53.34267205999998,0.5692646154456734,0.5968087078420619,0.5934946140570045,3124.0975927182644,1.0000377777777112,0.25062984784463094,0.15544843182764984,0.01632644964192902,2.853924000000129,0.1958664569529358,0.01,0.14,10.0818,56.2036,synthetic_default
profile_sensitivity,redact_exposure_high,default,non_markovian,xai_gate,7,5000,0.13422823806730622,1.2507778404352141,64.7462847599999,0.6070055599682511,0.7531748627447529,0.6083901852607403,171.0237468977816,0.9145261111112121,0.20990490092952366,0.17375437391323015,0.12401519867762918,3.2021240000001048,0.13143663524933924,0.0004,0.0,9.3166,54.8954,synthetic_default
profile_sensitivity,redact_exposure_high,default,rtt_uncertainty,xai_gate,7,5000,0.0,0.01588918881112864,0.8221848999999991,0.6394365579611101,0.8562427131320348,0.5368393816422268,0.4317523928888895,0.6606322222223301,0.026418196766237325,0.1842148533844889,0.16853932584269662,3.710543999999944,0.08344838848557767,0.0,0.0,7.298,44.906,synthetic_default
profile_sensitivity,redact_exposure_high,default,adversarial_explanation_flood,xai_gate,8,5000,0.0,0.016575215012796754,0.8561786400000061,0.5609156253091073,0.6275571700900167,0.4928515612120428,2456.015950353295,1.0000055555556244,0.04555046325299219,0.2093540835503973,0.05197995318012463,5.208272000000236,0.7977774517605645,0.0,0.1236,12.1316,44.9874,synthetic_default
profile_sensitivity,redact_exposure_high,default,transient_overload,xai_gate,8,5000,0.24701536842405677,1.0326471948037288,53.19115105999996,0.5663484510435112,0.5932692392446931,0.5916553793906747,3225.7046839040445,1.0000088888888217,0.24955081248642566,0.15446127115130215,0.01694078622623255,2.8521000000001275,0.2045817249490418,0.0106,0.1528,10.1294,56.0604,synthetic_default
profile_sensitivity,redact_exposure_high,default,non_markovian,xai_gate,8,5000,0.13454179459993332,1.2589773594954028,65.18058021999991,0.60707201509339,0.74654617682923,0.611702720665502,184.60761557244828,0.9182411111112069,0.21257209013142378,0.17074373432240636,0.13444675514010676,3.194980000000114,0.1290806717888393,0.0,0.0,9.3286,55.0808,synthetic_default
profile_sensitivity,redact_exposure_high,default,rtt_uncertainty,xai_gate,8,5000,0.0,0.016707905091731593,0.8645775399999991,0.6396324769779831,0.8565768250448565,0.537417537326116,0.40265866755555585,0.6548861111112115,0.026216089156826414,0.1807195597466884,0.17422084566245402,3.68072399999994,0.07291050079145855,0.0,0.0,7.2322,44.9382,synthetic_default
profile_sensitivity,redact_exposure_high,default,adversarial_explanation_flood,xai_gate,9,5000,0.0,0.01753310850886714,0.9050095600000068,0.5575868186746348,0.6221554839970643,0.49097759306108046,2616.5347049488432,1.000021111111173,0.04310543089003516,0.2177777047672241,0.040986299569602785,5.22296000000025,0.8007608431988547,0.0,0.1356,12.1748,45.0728,synthetic_default
profile_sensitivity,redact_exposure_high,default,transient_overload,xai_gate,9,5000,0.24784795801662318,1.0349912231698983,53.31286334000003,0.5684892299780626,0.5965773663965906,0.5925579049389691,3169.970767350032,1.0000011111110494,0.24952034337480467,0.15503293312498764,0.017406096089562277,2.8624000000001106,0.19715374961521204,0.0108,0.144,10.1114,56.308,synthetic_default
profile_sensitivity,redact_exposure_high,default,non_markovian,xai_gate,9,5000,0.13668614370597862,1.3251418227149427,68.60148287999993,0.6076928890712536,0.7465540248312533,0.6140408991772851,185.7481179253368,0.9178933333334185,0.2168908851411173,0.17424258783389837,0.12457621628625105,3.14896000000013,0.12609441548699363,0.0008,0.0,9.2618,54.8314,synthetic_default
profile_sensitivity,redact_exposure_high,default,rtt_uncertainty,xai_gate,9,5000,0.0,0.015560014318338759,0.80522056,0.638314797567551,0.8553024885471627,0.536803509518398,0.4434658506666671,0.6575305555556604,0.026954473237276063,0.18350408152084588,0.17251958582150878,3.6990279999999163,0.0816256086847682,0.0,0.0,7.3012,45.0014,synthetic_default
profile_sensitivity,redact_exposure_high,default,adversarial_explanation_flood,xai_gate,10,5000,0.0,0.015722157335796218,0.8117505600000059,0.5623257926023757,0.627923069471494,0.49422440554821734,2479.936238451059,1.000050555555626,0.044105019815059446,0.21801519154557464,0.04562417437252312,5.228648000000294,0.798414805443947,0.0,0.1246,12.112,44.8988,synthetic_default
profile_sensitivity,redact_exposure_high,default,transient_overload,xai_gate,10,5000,0.24678855986403536,1.0357764177059923,53.355506079999984,0.5688019181991314,0.5974503397429128,0.5930976537729761,3168.810020179373,1.0000155555554924,0.25009908053265695,0.15571496512365252,0.017477805960684843,2.8580320000001227,0.1986940353902591,0.0118,0.1462,10.0928,56.1322,synthetic_default
profile_sensitivity,redact_exposure_high,default,non_markovian,xai_gate,10,5000,0.13635044679034503,1.2438033209168882,64.38619121999992,0.6061065443191405,0.7420981468809262,0.6075677053463515,205.54275517622597,0.9224350000000878,0.2105184901973279,0.1772977335967204,0.11831177382697168,3.2214840000001317,0.13546249131743582,0.0008,0.0,9.4158,55.2832,synthetic_default
profile_sensitivity,redact_exposure_high,default,rtt_uncertainty,xai_gate,10,5000,0.0,0.015766819588117646,0.8158753200000006,0.6390549492839529,0.8576344493279536,0.5347431746909503,0.40845196622222224,0.6572183333334403,0.024849501085791252,0.1819731163583386,0.1686687374584238,3.7039439999999204,0.07890327268413411,0.0,0.0,7.2758,44.958,synthetic_default
profile_sensitivity,redact_exposure_high,default,adversarial_explanation_flood,xai_gate,11,5000,0.0,0.016143603941277316,0.8334309200000065,0.5588159626266579,0.6257205593283974,0.4922601658112928,2525.1698335357346,1.0000122222222947,0.04640413212264772,0.21111330438215556,0.04987498355046717,5.193000000000228,0.800340273551507,0.0,0.1294,12.1584,45.0226,synthetic_default
profile_sensitivity,redact_exposure_high,default,transient_overload,xai_gate,11,5000,0.2467104194418161,1.0335556796144973,53.23943472,0.5686714034080935,0.5952773083977737,0.5924667999287409,3187.6898147386974,1.0000299999999362,0.2498466166603994,0.15484790310131216,0.018425792150731292,2.8606280000001183,0.20295936527209446,0.0076,0.1452,10.1054,56.003,synthetic_default
profile_sensitivity,redact_exposure_high,default,non_markovian,xai_gate,11,5000,0.134676242168148,1.2140023677863634,62.849701020000154,0.6077725689217839,0.7509857115484732,0.6109092082061214,176.0839111893369,0.9167477777778731,0.21117371295858242,0.1732398606511548,0.12868263730592233,3.200560000000099,0.12929234057020733,0.0,0.0,9.3004,54.904,synthetic_default
profile_sensitivity,redact_exposure_high,default,rtt_uncertainty,xai_gate,11,5000,0.0,0.01478431653720071,0.7651790999999989,0.6388703698619108,0.8564690095917402,0.5352767692530385,0.4025954933333335,0.6564122222223254,0.02479474999313545,0.18273428704796946,0.1726845877152036,3.7067519999999257,0.08007995539580248,0.0,0.0,7.2838,44.9584,synthetic_default
profile_sensitivity,redact_exposure_high,default,adversarial_explanation_flood,xai_gate,12,5000,0.0,0.018233524346269292,0.9414798200000057,0.5564456033323495,0.6197185710602753,0.48937288858277017,2598.7014603235116,1.0000466666667422,0.04142477614877497,0.22942700646134673,0.028338089146905443,5.238008000000232,0.8056962137768098,0.0,0.136,12.1956,45.0264,synthetic_default
profile_sensitivity,redact_exposure_high,default,transient_overload,xai_gate,12,5000,0.2468781231863677,1.032690919475146,53.19628114,0.5674311709329337,0.5953290861799042,0.5919467524521803,3172.956801736042,1.0000349999999372,0.2489687974895893,0.1543942055300085,0.01947936608182518,2.8647280000001074,0.2027150040886534,0.0096,0.1446,10.1338,56.1718,synthetic_default
profile_sensitivity,redact_exposure_high,default,non_markovian,xai_gate,12,5000,0.14112368280288842,1.2606413360444904,65.24996090000003,0.6066704975950487,0.7450157306872783,0.6085142382837646,203.1052837540047,0.9202850000000924,0.20974332779977015,0.17649938279487506,0.12476056697739753,3.2270840000001315,0.13211365952740883,0.0008,0.0,9.3972,55.3372,synthetic_default
profile_sensitivity,redact_exposure_high,default,rtt_uncertainty,xai_gate,12,5000,0.0,0.017603392954387353,0.9108882400000006,0.6394549047593162,0.8568886824183796,0.5365823539054027,0.3995460484444454,0.6597816666667684,0.02601965197343141,0.1809024537519899,0.17115880770708677,3.7075959999999366,0.07757670938938821,0.0,0.0,7.2868,45.0814,synthetic_default
profile_sensitivity,redact_exposure_high,default,adversarial_explanation_flood,xai_gate,13,5000,0.0,0.016270338930023852,0.8401847800000057,0.5613792193222659,0.6267914348545994,0.49451133401524733,2482.78657410329,1.0000200000000667,0.044907117167651035,0.21745801300029696,0.047002342693107206,5.217848000000273,0.7958267042340377,0.0,0.1268,12.1228,45.0036,synthetic_default
profile_sensitivity,redact_exposure_high,default,transient_overload,xai_gate,13,5000,0.24719364883069492,1.0341896867199518,53.27119138,0.5655951420191888,0.592825276397297,0.5899763793476667,3236.19215267314,1.00002888888882,0.24839084306044917,0.15436096293525972,0.01806979902761648,2.8616240000001163,0.20703460040723365,0.0118,0.1538,10.1606,56.1188,synthetic_default
profile_sensitivity,redact_exposure_high,default,non_markovian,xai_gate,13,5000,0.13467125290175633,1.1981044035801025,62.021443959999885,0.6068906891337378,0.754955499953593,0.6102618276085763,159.8625871464473,0.9128083333334331,0.21373946856772522,0.17258587167854827,0.12158133506156837,3.1566840000001357,0.12639247806345333,0.0,0.0,9.258,54.7944,synthetic_default
profile_sensitivity,redact_exposure_high,default,rtt_uncertainty,xai_gate,13,5000,0.0,0.016718204466155538,0.8653103999999997,0.6375657246138927,0.8559695283733105,0.5340159560953206,0.4795718253333331,0.6559244444445459,0.025632599408478476,0.181482090042721,0.1698433563369482,3.699731999999942,0.07811268279289107,0.0,0.0,7.3032,45.1604,synthetic_default
profile_sensitivity,redact_exposure_high,default,adversarial_explanation_flood,xai_gate,14,5000,0.0,0.015297543452649765,0.790414160000006,0.5649275194247891,0.6330959668591319,0.49454382796839447,2345.8048143808423,1.0000316666667324,0.046420702108977654,0.2107983631815245,0.05470419641821706,5.211192000000247,0.7917709325900402,0.0,0.116,12.0722,44.9172,synthetic_default
profile_sensitivity,redact_exposure_high,default,transient_overload,xai_gate,14,5000,0.24927556519134458,1.033907700240211,53.256589500000004,0.5672014009814941,0.5929663848022502,0.592057147380075,3212.892230429802,1.0000305555554918,0.250217666613899,0.15598781066962167,0.01594902643659965,2.8492120000001138,0.2013673945808203,0.012,0.152,10.1072,56.0872,synthetic_default
profile_sensitivity,redact_exposure_high,default,non_markovian,xai_gate,14,5000,0.13855492443265788,1.3433642407251414,69.5448512599999,0.6054115467342677,0.7402946293580626,0.6089532976979137,204.27693919733773,0.9226255555556395,0.21453670379283174,0.17036863513427178,0.12174968588282897,3.180340000000143,0.1310592675826967,0.0008,0.0,9.3914,55.3546,synthetic_default
profile_sensitivity,redact_exposure_high,default,rtt_uncertainty,xai_gate,14,5000,0.0,0.017815253119866745,0.9219301399999995,0.6352977518915897,0.8539416842430749,0.5311309181537766,0.5331001297777781,0.6528866666667642,0.02484894670948778,0.17949485602307985,0.17410592782102227,3.705399999999925,0.08803771500826696,0.0,0.0,7.3484,45.0254,synthetic_default
profile_sensitivity,redact_exposure_high,default,adversarial_explanation_flood,xai_gate,15,5000,0.0,0.01734763649209343,0.8959295800000062,0.5600161510951386,0.6276685571981502,0.49140695815548113,2480.744491277056,1.0000627777778517,0.045486757750053564,0.20871170295169503,0.051568139492723764,5.203860000000256,0.7998528722539608,0.0,0.1268,12.1354,44.9496,synthetic_default
profile_sensitivity,redact_exposure_high,default,transient_overload,xai_gate,15,5000,0.24670818689711907,1.0328425946219275,53.20381885999998,0.5683559204669293,0.5969516097950428,0.5923466218221287,3188.4893155182576,1.0000183333332713,0.24991591651004055,0.15459491542190126,0.01729152240577703,2.857728000000116,0.19985709487167758,0.0104,0.1488,10.109,56.1678,synthetic_default
profile_sensitivity,redact_exposure_high,default,non_markovian,xai_gate,15,5000,0.1400924443242928,1.2432787113735482,64.34759962000008,0.6075055846722403,0.74562542530866,0.6125652977060057,196.34845495889257,0.9200294444445335,0.21292636824469457,0.17591717501503565,0.12825414554514994,3.194796000000096,0.133874990257967,0.0012,0.0,9.3112,54.7456,synthetic_default
profile_sensitivity,redact_exposure_high,default,rtt_uncertainty,xai_gate,15,5000,0.0,0.015117872764341431,0.7823171400000006,0.6388119276178112,0.8563642550824216,0.5354740085439907,0.44599717333333355,0.653201111111212,0.02499172459450513,0.18448637316561844,0.17116297031887895,3.6879079999999305,0.075165492205852,0.0,0.0,7.2504,44.9568,synthetic_default
profile_sensitivity,redact_exposure_high,default,adversarial_explanation_flood,xai_gate,16,5000,0.0,0.01731429093217761,0.8941689800000059,0.5593984591881963,0.6243152849941654,0.4917374377843871,2556.688517117513,1.0000822222222892,0.04377679583422311,0.21500730982144323,0.04704568227737898,5.229708000000262,0.8032580507087603,0.0002,0.1296,12.1754,45.0126,synthetic_default
profile_sensitivity,redact_exposure_high,default,transient_overload,xai_gate,16,5000,0.24697085684601533,1.0347862111550883,53.30302311999999,0.5664134596408255,0.594467818791215,0.5903951055851491,3227.6220295500257,1.00001499999994,0.2493388592855733,0.1551213735938425,0.0152753108348135,2.85391200000012,0.20190426039124043,0.0104,0.1512,10.134,56.2108,synthetic_default
profile_sensitivity,redact_exposure_high,default,non_markovian,xai_gate,16,5000,0.13753432840160348,1.2741012736062887,65.95039705999996,0.6080166934189551,0.7441466847814089,0.6103865168539508,208.22323847511404,0.9210300000000867,0.2093525949705725,0.18647405029427502,0.11619047619047619,3.2316720000001182,0.13208095741703563,0.0014,0.0,9.345,55.0314,synthetic_default
profile_sensitivity,redact_exposure_high,default,rtt_uncertainty,xai_gate,16,5000,0.0,0.014655538072065563,0.7584482199999999,0.6383490992843849,0.854388065084168,0.5365744404462452,0.47965464933333307,0.6569616666667671,0.026788407227660332,0.18340599380329578,0.1723286995146829,3.696663999999931,0.0823154446066714,0.0,0.0,7.2942,44.9296,synthetic_default
profile_sensitivity,redact_exposure_high,default,adversarial_explanation_flood,xai_gate,17,5000,0.0,0.015946106595175116,0.823309740000006,0.5629281082511693,0.6292237768344893,0.4944149076953646,2466.6990799339587,1.000043888888954,0.04522596440150863,0.21774300271289618,0.044812413154238076,5.21390400000029,0.7916879691170049,0.0,0.126,12.0904,44.987,synthetic_default
profile_sensitivity,redact_exposure_high,default,transient_overload,xai_gate,17,5000,0.24893501251084243,1.0361945829678147,53.37443149999999,0.5653062150907042,0.5919142577527929,0.5906349300333433,3264.798097324248,1.000009999999938,0.24976809363096295,0.15479503424319577,0.01513805830224801,2.8442400000001022,0.20568110024022035,0.0106,0.1582,10.1334,56.0314,synthetic_default
profile_sensitivity,redact_exposure_high,default,non_markovian,xai_gate,17,5000,0.13655338647604556,1.1352540452042932,58.7581209800001,0.6090201933405138,0.7517124198848476,0.6136051557465284,176.6830251477817,0.9158033333334339,0.20910848549946295,0.17252416756176156,0.14670247046186896,3.233432000000115,0.13528832177314465,0.0002,0.0,9.31,54.6704,synthetic_default
profile_sensitivity,redact_exposure_high,default,rtt_uncertainty,xai_gate,17,5000,0.0,0.016630201049691432,0.8604844999999983,0.6382547840350149,0.8551350689686785,0.5349308187717833,0.572355434666668,0.657671111111207,0.025068343357025697,0.18359759431383268,0.17203389830508475,3.7156919999999385,0.0839385669372068,0.0,0.0,7.316,44.9964,synthetic_default
profile_sensitivity,redact_exposure_high,default,adversarial_explanation_flood,xai_gate,18,5000,0.0,0.016088181598848443,0.8312698000000062,0.558879466193338,0.6260164611919421,0.49235742694671997,2478.0279559513037,1.000055555555628,0.047102521118890316,0.21169838608947178,0.0495020214968938,5.18881200000025,0.8061356249165146,0.0,0.1242,12.1692,44.918,synthetic_default
profile_sensitivity,redact_exposure_high,default,transient_overload,xai_gate,18,5000,0.24728351430264348,1.0325926973919064,53.185145860000034,0.5614386843186082,0.5863079332621456,0.5864530574730524,3336.7808492024724,1.0000155555554944,0.24669026341005534,0.15374386452079708,0.017795334102508945,2.8601360000001033,0.21686096179060987,0.011,0.1636,10.2274,56.0316,synthetic_default
profile_sensitivity,redact_exposure_high,default,non_markovian,xai_gate,18,5000,0.1388234412074157,1.2575177712765853,65.08913026000015,0.6066210811508345,0.752825000578629,0.6104962800499015,169.01795167289217,0.913095555555651,0.21165010966326925,0.17556874381800197,0.12888659527802865,3.185124000000102,0.12484127272067758,0.0022,0.0,9.3012,55.126,synthetic_default
profile_sensitivity,redact_exposure_high,default,rtt_uncertainty,xai_gate,18,5000,0.0,0.01582577821126765,0.8190120599999997,0.6391172353215933,0.8554250852770602,0.5383237828061047,0.4314200644444454,0.6590077777778807,0.027860887705525514,0.18454063846723945,0.17070626664104746,3.694167999999919,0.08157133781031689,0.0,0.0,7.2862,44.9112,synthetic_default
profile_sensitivity,redact_exposure_high,default,adversarial_explanation_flood,xai_gate,19,5000,0.0,0.01808728555532712,0.9340534600000064,0.5626504868814752,0.6290034592313877,0.49323127283548834,2457.796602543067,1.0000061111111824,0.044984872782581384,0.22146907599980162,0.04065336353265991,5.215948000000253,0.7881304699359548,0.0002,0.124,12.0974,45.1026,synthetic_default
profile_sensitivity,redact_exposure_high,default,transient_overload,xai_gate,19,5000,0.2473597348615714,1.035787951278691,53.35563960000003,0.570019483101408,0.5959218808286656,0.5947574552683808,3157.447306066688,1.000041111111042,0.2514910536779324,0.15562624254473162,0.01697813121272366,2.849080000000116,0.19438142083898624,0.0102,0.142,10.06,56.1518,synthetic_default
profile_sensitivity,redact_exposure_high,default,non_markovian,xai_gate,19,5000,0.13649922492229125,1.1985304855119425,62.04227021999997,0.6061191709844774,0.7540689027358224,0.6121360103627119,163.95153928267013,0.9133211111112145,0.21357944732297063,0.170919689119171,0.13471502590673576,3.1637080000001103,0.12791704257813863,0.0008,0.0,9.264,54.7558,synthetic_default
profile_sensitivity,redact_exposure_high,default,rtt_uncertainty,xai_gate,19,5000,0.0,0.015567267411716816,0.8056583199999999,0.6379788487356074,0.8553334730672287,0.5349396476783256,0.41265855333333396,0.6556622222223272,0.025343160086577714,0.18271733472149923,0.17293624482862544,3.7035559999999283,0.0828378843438129,0.0,0.0,7.2998,44.9424,synthetic_default
profile_sensitivity,redact_exposure_high,default,adversarial_explanation_flood,xai_gate,20,5000,0.0,0.016919053220225116,0.8735791200000054,0.5626355807533953,0.6284103534845737,0.4932974098745466,2453.6047683326187,1.0000850000000687,0.04438089885783236,0.220284632803848,0.042645332980710424,5.223812000000268,0.7956035182538683,0.0,0.1242,12.0998,44.9238,synthetic_default
profile_sensitivity,redact_exposure_high,default,transient_overload,xai_gate,20,5000,0.246264015245048,1.0327382309255433,53.19500434000002,0.5664745715865245,0.5936682912561122,0.5917207612729918,3252.798392522494,1.0000272222221573,0.24960514885888022,0.15420911316433705,0.017570875779831005,2.8526200000001096,0.20843845617048795,0.0112,0.154,10.1304,55.887,synthetic_default
profile_sensitivity,redact_exposure_high,default,non_markovian,xai_gate,20,5000,0.13769280430740677,1.190604909624981,61.63149846000008,0.6064998922181676,0.7507546898568784,0.6110122871308682,170.4689848184477,0.9154205555556534,0.2124811381763311,0.1764820004311274,0.12455270532442336,3.177596000000129,0.12969585392611105,0.001,0.0,9.278,54.7522,synthetic_default
profile_sensitivity,redact_exposure_high,default,rtt_uncertainty,xai_gate,20,5000,0.0,0.016203900657582645,0.8384877399999997,0.6388671132060115,0.85623308338671,0.5370821911864228,0.4060274968888889,0.6554355555556565,0.026985308305080075,0.18189586262024862,0.1723035364811599,3.681255999999928,0.07424581601108948,0.0,0.0,7.2558,45.0288,synthetic_default
profile_sensitivity,audit_coverage_low,default,adversarial_explanation_flood,xai_gate,1,5000,0.0,0.01819230303735654,0.9379508600000008,0.6693834357353534,0.77741914876498,0.6427121872050046,1830.2503150341925,0.8825794444442872,0.050974612059685676,0.0,0.7637248894556415,6.503799999999068,0.7891577331745172,0.0002,0.0,12.0766,44.9992,synthetic_default
profile_sensitivity,audit_coverage_low,default,transient_overload,xai_gate,1,5000,0.2465274565412045,1.0342064499934305,53.22797995999998,0.6592083955039483,0.7201442445957709,0.7525439172386925,2671.7500978589364,0.8778561111109858,0.2485626181239431,0.0,0.7263901322988163,3.875135999999306,0.1954067272396487,0.0004,0.0,10.053,56.0646,synthetic_default
profile_sensitivity,audit_coverage_low,default,non_markovian,xai_gate,1,5000,0.14244896406809682,1.2099488516443628,62.599037499999966,0.6295838061188191,0.7564527385807791,0.6854890920378921,142.13090397866864,0.7811849999999242,0.21081590271682116,0.0,0.6131794729067204,3.565787999999508,0.13008333666002625,0.0004,0.0,9.3418,55.1098,synthetic_default
profile_sensitivity,audit_coverage_low,default,rtt_uncertainty,xai_gate,1,5000,0.0,0.016996063616474388,0.8794237600000008,0.6415186941356702,0.842930002435947,0.5514705256113948,0.5151523199999999,0.5725261111110884,0.023871811641595814,0.0,0.44184652278177455,3.8026319999996216,0.08676724061339369,0.0,0.0,7.3392,45.0216,synthetic_default
profile_sensitivity,audit_coverage_low,default,adversarial_explanation_flood,xai_gate,2,5000,0.0,0.016921331646940464,0.8726963200000007,0.6695026899576181,0.776912406537521,0.6450411795961757,1757.9356604359682,0.8825849999998416,0.05399840595111583,0.0,0.7654091392136025,6.46292799999908,0.7894092548684006,0.0004,0.0,12.0448,44.8744,synthetic_default
profile_sensitivity,audit_coverage_low,default,transient_overload,xai_gate,2,5000,0.2484535737753831,1.037079858290163,53.36472039999997,0.6583074174422978,0.7198954584425371,0.7497373071033734,2769.271130846491,0.8806127777776516,0.24500333765264853,0.0,0.7298857344799152,3.9394239999992933,0.2060936928361119,0.0004,0.0,10.1868,56.3074,synthetic_default
profile_sensitivity,audit_coverage_low,default,non_markovian,xai_gate,2,5000,0.13511439422961155,1.239179535172925,64.12570829999994,0.6289889555201575,0.7563770643578266,0.6859163466930809,131.51367767066887,0.779478888888812,0.21435350964234867,0.0,0.6058069804564477,3.5076239999995487,0.12756562041283237,0.0,0.0,9.2716,54.8178,synthetic_default
profile_sensitivity,audit_coverage_low,default,rtt_uncertainty,xai_gate,2,5000,0.0,0.01491675896317631,0.7719398400000006,0.6425176192050005,0.8437900242389617,0.5536787127946753,0.5220442608888891,0.5691144444444229,0.02472194692214514,0.0,0.4439764343134016,3.7693559999996316,0.07807783743355712,0.0,0.0,7.2648,44.9244,synthetic_default
profile_sensitivity,audit_coverage_low,default,adversarial_explanation_flood,xai_gate,3,5000,0.0,0.01677866513120257,0.8651270400000005,0.6682370940678426,0.7748640047114647,0.6435708880334282,1830.2613765293095,0.8840255555553957,0.05363077024314809,0.0,0.7663277728424308,6.506375999999095,0.8018995446784292,0.0002,0.0,12.1572,44.9792,synthetic_default
profile_sensitivity,audit_coverage_low,default,transient_overload,xai_gate,3,5000,0.24599934663170614,1.0331759640787195,53.172497819999954,0.659024215958828,0.7198766936320794,0.7520383088527695,2685.5480785575955,0.8774077777776531,0.24787614132592298,0.0,0.7277292576419214,3.885603999999328,0.1998066210844951,0.0004,0.0,10.076,55.9868,synthetic_default
profile_sensitivity,audit_coverage_low,default,non_markovian,xai_gate,3,5000,0.13619441129167245,1.2783619899632677,66.15131048000003,0.6290194482523055,0.756382588820835,0.6855504626456008,147.6822176906688,0.7822477777776998,0.21163896504455107,0.0,0.6117631939684716,3.5561999999995315,0.13256338041835725,0.0002,0.0,9.3376,54.9644,synthetic_default
profile_sensitivity,audit_coverage_low,default,rtt_uncertainty,xai_gate,3,5000,0.0,0.015058737473342297,0.7793026000000011,0.6410269189693124,0.8436988798016753,0.5508185678857992,0.502004971555556,0.5703822222222015,0.02442697921516006,0.0,0.43763178793438673,3.776203999999626,0.08384458077709778,0.0,0.0,7.3034,44.9228,synthetic_default
profile_sensitivity,audit_coverage_low,default,adversarial_explanation_flood,xai_gate,4,5000,0.0,0.01760949535938449,0.90809902,0.6686086570988872,0.7755819165174666,0.640757331932081,1945.0771174377535,0.8854211111109516,0.04939406877073139,0.0,0.7630956681664423,6.560491999999043,0.8053400094568541,0.0004,0.0,12.1796,44.9762,synthetic_default
profile_sensitivity,audit_coverage_low,default,transient_overload,xai_gate,4,5000,0.2482146078899209,1.03517835663837,53.268113199999995,0.6583987088902713,0.7200677282865334,0.7499877974375108,2755.7762672638273,0.8796599999998729,0.2453502332263969,0.0,0.7292212009683324,3.928851999999295,0.20623140821564356,0.0004,0.0,10.1618,56.1628,synthetic_default
profile_sensitivity,audit_coverage_low,default,non_markovian,xai_gate,4,5000,0.13753946960212868,1.1845176630936438,61.29904880000006,0.6258808949188691,0.7574031125682598,0.6816272041397172,108.71682817289042,0.7707522222221488,0.21124953797316984,0.0,0.6024395016632966,3.481615999999536,0.11912052937590523,0.0004,0.0,9.1986,54.7966,synthetic_default
profile_sensitivity,audit_coverage_low,default,rtt_uncertainty,xai_gate,4,5000,0.0,0.015414638615860343,0.7976168400000007,0.6415545288023193,0.8440850390933811,0.5512195137053257,0.4511314080000001,0.5698827777777556,0.023320665992290237,0.0,0.4432566913634251,3.793603999999607,0.08628797902086549,0.0,0.0,7.3154,44.8954,synthetic_default
profile_sensitivity,audit_coverage_low,default,adversarial_explanation_flood,xai_gate,5,5000,0.0,0.016983121571421272,0.8756207800000028,0.6691819299829072,0.7762507085407409,0.6399532671968515,1931.4835517057502,0.8856061111109526,0.04673280314831516,0.0,0.7648110191030582,6.602239999999055,0.8042445678141181,0.0,0.0,12.197,45.0678,synthetic_default
profile_sensitivity,audit_coverage_low,default,transient_overload,xai_gate,5,5000,0.24870382840259903,1.0340971135205137,53.21306887999999,0.6583262690981946,0.720089997655116,0.7501563331690985,2740.4455398309296,0.8792083333332074,0.24605224248398225,0.0,0.7279448003942829,3.916227999999313,0.20521145550815434,0.0002,0.0,10.145,56.1174,synthetic_default
profile_sensitivity,audit_coverage_low,default,non_markovian,xai_gate,5,5000,0.13415643994790413,1.2460607262577508,64.4833809,0.6284044996887954,0.7561477518840838,0.6840130095961444,129.08033204977994,0.7795061111110346,0.2118245636632962,0.0,0.607050084798523,3.53602799999952,0.12973755629769856,0.0006,0.0,9.3162,54.9756,synthetic_default
profile_sensitivity,audit_coverage_low,default,rtt_uncertainty,xai_gate,5,5000,0.0,0.016846417243392937,0.8718032800000014,0.6421097793894383,0.8459206992120523,0.5522438703599359,0.3668756355555557,0.5667499999999784,0.02449691366567941,0.0,0.43900683699172366,3.7458559999996215,0.07287578642267278,0.0,0.0,7.2254,44.8974,synthetic_default
profile_sensitivity,audit_coverage_low,default,adversarial_explanation_flood,xai_gate,6,5000,0.0,0.01840438311070763,0.9490107600000031,0.6688209599790264,0.7760943868803806,0.6419275400540664,1862.215618638188,0.8836433333331724,0.05063624975275269,0.0,0.7640106810839322,6.5285079999990625,0.7978180697488677,0.0,0.0,12.1336,44.9938,synthetic_default
profile_sensitivity,audit_coverage_low,default,transient_overload,xai_gate,6,5000,0.24551423765134492,1.0386263352722167,53.45257165999993,0.6588123294714263,0.7201561407031848,0.7513302226264965,2702.92392582337,0.8778699999998746,0.2467673692119103,0.0,0.729506900233303,3.905555999999318,0.20428110527757037,0.0012,0.0,10.1156,55.998,synthetic_default
profile_sensitivity,audit_coverage_low,default,non_markovian,xai_gate,6,5000,0.1381360465074293,1.2973867723920198,67.13118209999986,0.627990264255993,0.7520851527030207,0.6825100096935472,173.19264962755776,0.7870055555554755,0.21043536898891557,0.0,0.6096430227167362,3.5997599999994936,0.14232067739081478,0.0012,0.0,9.4908,55.389,synthetic_default
profile_sensitivity,audit_coverage_low,default,rtt_uncertainty,xai_gate,6,5000,0.0,0.015821496677496816,0.8186726999999996,0.6408649858110164,0.8443807526077928,0.5495362048999904,0.5603963706666674,0.5718816666666433,0.02352106526959179,0.0,0.4365586116568435,3.792827999999622,0.08763588771067377,0.0,0.0,7.3296,44.9268,synthetic_default
profile_sensitivity,audit_coverage_low,default,adversarial_explanation_flood,xai_gate,7,5000,0.0,0.016554255686632133,0.8533274799999994,0.6688672958556875,0.7765858638426999,0.6400544932293772,1891.67723730486,0.8845244444442838,0.047583093967993435,0.0,0.764185473943373,6.583303999999037,0.8062609139072465,0.0002,0.0,12.185,44.9732,synthetic_default
profile_sensitivity,audit_coverage_low,default,transient_overload,xai_gate,7,5000,0.2454318436133185,1.035459484916803,53.29014571999996,0.6594304212262588,0.7196796845878516,0.7522681866026367,2672.613463865151,0.8784611111109853,0.2478898973248863,0.0,0.726868309733283,3.8875839999993143,0.19855990954803215,0.0006,0.0,10.0706,56.015,synthetic_default
profile_sensitivity,audit_coverage_low,default,non_markovian,xai_gate,7,5000,0.13463632136531478,1.2467249021817755,64.51511907999995,0.6282754962873924,0.7563902555797853,0.6842599528066589,121.28448074222396,0.7778294444443689,0.21364708938583768,0.0,0.6010867447448748,3.4945039999995426,0.12927929084204237,0.0002,0.0,9.2386,54.5398,synthetic_default
profile_sensitivity,audit_coverage_low,default,rtt_uncertainty,xai_gate,7,5000,0.0,0.014844783348894402,0.7682244600000001,0.6416065311084719,0.8446028764757183,0.55045466324905,0.4321934866666666,0.566943888888868,0.023593767267101336,0.0,0.43645706707923526,3.7526959999996348,0.0734664341554252,0.0,0.0,7.2392,44.9584,synthetic_default
profile_sensitivity,audit_coverage_low,default,adversarial_explanation_flood,xai_gate,8,5000,0.0,0.01815730042533087,0.93638034,0.6680807287834712,0.7734755532845244,0.6433470716189884,1939.9397585199747,0.8866033333331734,0.05305595080385326,0.0,0.7683136254354546,6.547307999999064,0.8097462217407616,0.0,0.0,12.2286,45.0472,synthetic_default
profile_sensitivity,audit_coverage_low,default,transient_overload,xai_gate,8,5000,0.24586278388956836,1.0318318211928081,53.10883964,0.6591334581972965,0.7212825138230645,0.7523461783693843,2623.167232591813,0.8756216666665425,0.2484657687096517,0.0,0.7265282537658404,3.867939999999301,0.19160312502596644,0.0002,0.0,10.0376,56.1574,synthetic_default
profile_sensitivity,audit_coverage_low,default,non_markovian,xai_gate,8,5000,0.13334082778416426,1.300681540471828,67.31178138000017,0.6280960303748545,0.754115815017662,0.6832394786800141,149.87303961289072,0.7822261111110319,0.2119195409654231,0.0,0.6059811010857277,3.550331999999536,0.12986139730603385,0.0,0.0,9.3762,55.3236,synthetic_default
profile_sensitivity,audit_coverage_low,default,rtt_uncertainty,xai_gate,8,5000,0.0,0.01667422860208385,0.8629788000000009,0.6406201977362812,0.8439220033216793,0.5508545203444037,0.5268985395555551,0.5642783333333115,0.024235080278703424,0.0,0.4417944975351822,3.7523199999996373,0.07522678783733006,0.0,0.0,7.2622,45.0274,synthetic_default
profile_sensitivity,audit_coverage_low,default,adversarial_explanation_flood,xai_gate,9,5000,0.0,0.018611067347179117,0.9594586400000011,0.669475813028145,0.7762222990190142,0.638522197214337,2012.9820681679662,0.8889355555553924,0.0439540724793685,0.0,0.7649639560296181,6.666755999998959,0.8105071067586251,0.0002,0.0,12.2628,45.1542,synthetic_default
profile_sensitivity,audit_coverage_low,default,transient_overload,xai_gate,9,5000,0.2490856335651199,1.0340531440345222,53.204108,0.657941510839428,0.7194485123176687,0.7488261005920064,2800.9571264260426,0.8799672222220942,0.24397271551217217,0.0,0.7303696734485867,3.9494559999992744,0.2109818666039991,0.0004,0.0,10.2036,56.1726,synthetic_default
profile_sensitivity,audit_coverage_low,default,non_markovian,xai_gate,9,5000,0.13466402010779835,1.3284979943516373,68.75183455999993,0.627913909412222,0.7525322683344066,0.6866760895170377,146.69267498266908,0.7803438888888087,0.21625441696113074,0.0,0.6104079665917121,3.507691999999527,0.12988403535197834,0.0008,0.0,9.339,55.103,synthetic_default
profile_sensitivity,audit_coverage_low,default,rtt_uncertainty,xai_gate,9,5000,0.0,0.016476247318157337,0.8527722200000011,0.6408792658131137,0.8427740971435571,0.5497082217215222,0.48182509066666734,0.5657172222221996,0.022943342309171843,0.0,0.4413364840358301,3.769999999999618,0.08240577576528052,0.0,0.0,7.2788,44.831,synthetic_default
profile_sensitivity,audit_coverage_low,default,adversarial_explanation_flood,xai_gate,10,5000,0.0,0.016310008561775363,0.8409922400000005,0.6690699559880798,0.777342879946348,0.6417934081207144,1794.7432636839778,0.8811249999998422,0.05008438399682319,0.0,0.7636751712498759,6.512387999999056,0.7936014031151588,0.0006,0.0,12.0876,44.9286,synthetic_default
profile_sensitivity,audit_coverage_low,default,transient_overload,xai_gate,10,5000,0.24693287128853644,1.036285142295311,53.32934387999995,0.658026238033445,0.7200460584257057,0.7498002600165997,2699.5622814913813,0.8783311111109858,0.24577473111925305,0.0,0.7286766733640626,3.917903999999316,0.20288031618080948,0.0006,0.0,10.1532,56.2716,synthetic_default
profile_sensitivity,audit_coverage_low,default,non_markovian,xai_gate,10,5000,0.13701822278778256,1.1773467613425015,60.917625240000035,0.6272388300968474,0.7574309866157614,0.6806847425479556,120.71045363733475,0.7735527777777044,0.20790137293359484,0.0,0.605858137379572,3.5412159999995527,0.12780648117425963,0.0,0.0,9.2794,54.8522,synthetic_default
profile_sensitivity,audit_coverage_low,default,rtt_uncertainty,xai_gate,10,5000,0.0,0.015600181074009024,0.80718828,0.641836678807195,0.8434933917876634,0.5518019789679673,0.5495368688888891,0.5696583333333073,0.02355067502806912,0.0,0.4437659172440233,3.7889239999996027,0.08162464363730804,0.0,0.0,7.3034,45.015,synthetic_default
profile_sensitivity,audit_coverage_low,default,adversarial_explanation_flood,xai_gate,11,5000,0.0,0.017995679033960432,0.9276677600000006,0.6692401948643029,0.7768269006528224,0.641998183469573,1876.0708927168541,0.8836605555553955,0.05011972586904467,0.0,0.7636528775493353,6.527387999999073,0.7864412779892029,0.0002,0.0,12.111,45.196,synthetic_default
profile_sensitivity,audit_coverage_low,default,transient_overload,xai_gate,11,5000,0.24736782018030545,1.035087600648483,53.27305057999997,0.659358015358408,0.7207912249438417,0.752219193888564,2643.8640147718097,0.8763938888887639,0.24768233000437673,0.0,0.7275892253212908,3.8820919999993326,0.1955158049206256,0.0002,0.0,10.0532,56.0606,synthetic_default
profile_sensitivity,audit_coverage_low,default,non_markovian,xai_gate,11,5000,0.13452350885351214,1.3083665753115856,67.70918265999987,0.6273904561825533,0.7541168643541505,0.6838408935002123,142.9822813346684,0.7805255555554768,0.21280655119190534,0.0,0.6062853712913737,3.5272799999995397,0.12980064763482546,0.0002,0.0,9.3296,55.0516,synthetic_default
profile_sensitivity,audit_coverage_low,default,rtt_uncertainty,xai_gate,11,5000,0.0,0.01478336303800583,0.7649299600000006,0.6403513905220881,0.8434074914408115,0.5493140392639041,0.49647642133333336,0.5669533333333089,0.023052312067598238,0.0,0.4415488528535098,3.7825239999996243,0.08355000481492247,0.0,0.0,7.3138,44.999,synthetic_default
profile_sensitivity,audit_coverage_low,default,adversarial_explanation_flood,xai_gate,12,5000,0.0,0.017843820875246313,0.9199151800000019,0.6693582728581403,0.7765916368953483,0.6435432198766756,1802.9745363013062,0.8830855555553975,0.05169193129783611,0.0,0.766253946737639,6.509395999999061,0.7984038433810354,0.0006,0.0,12.0986,44.8494,synthetic_default
profile_sensitivity,audit_coverage_low,default,transient_overload,xai_gate,12,5000,0.2469739919555425,1.0366588860420818,53.345254859999976,0.658388373604416,0.7194431582012945,0.7506553632264564,2758.691159781152,0.8789844444443191,0.2459778263523759,0.0,0.7307654437683385,3.922619999999291,0.20290225841754728,0.0,0.0,10.1562,56.2872,synthetic_default
profile_sensitivity,audit_coverage_low,default,non_markovian,xai_gate,12,5000,0.13598862877348017,1.224541440761043,63.362360900000006,0.6288407716795277,0.7559510566061391,0.6839158672847612,135.55025385289076,0.7793083333332549,0.20872946354177793,0.0,0.6149721195547675,3.5816279999995233,0.13398527735481802,0.0008,0.0,9.3614,55.0354,synthetic_default
profile_sensitivity,audit_coverage_low,default,rtt_uncertainty,xai_gate,12,5000,0.0,0.013659803405623373,0.7067448400000009,0.6423760511085087,0.8432378686496875,0.5535607253873999,0.580151431111111,0.5722888888888655,0.024325652506279348,0.0,0.4463798187179207,3.8017759999996104,0.08526925065518665,0.0,0.0,7.3256,45.0002,synthetic_default
profile_sensitivity,audit_coverage_low,default,adversarial_explanation_flood,xai_gate,13,5000,0.0,0.01614450964808312,0.8323042399999998,0.6692703301794423,0.7771692070464847,0.6427071064646301,1794.9589398021978,0.8825433333331769,0.05096605571362403,0.0,0.7645073777542513,6.50960799999903,0.7966881994629382,0.0002,0.0,12.0904,44.8618,synthetic_default
profile_sensitivity,audit_coverage_low,default,transient_overload,xai_gate,13,5000,0.24783882559907772,1.0364297410176448,53.331250899999986,0.6583855928870477,0.7191335621793126,0.7496419859942286,2779.015108470924,0.8793688888887625,0.24470847430954443,0.0,0.7296600834054607,3.9355559999993055,0.20690248699878278,0.0006,0.0,10.1672,56.1614,synthetic_default
profile_sensitivity,audit_coverage_low,default,non_markovian,xai_gate,13,5000,0.13802028893122398,1.1978905635666963,61.985130960000106,0.6270161011828443,0.7579216885836837,0.6815224898557755,122.91881358711298,0.774439444444373,0.20892687559354226,0.0,0.6061037727704395,3.5314319999995525,0.12512703575942585,0.0004,0.0,9.2664,54.9058,synthetic_default
profile_sensitivity,audit_coverage_low,default,rtt_uncertainty,xai_gate,13,5000,0.0,0.014430138087388994,0.7467885600000005,0.6411395660620645,0.8433357044537088,0.5509719431437086,0.45184094177777817,0.5690561111110866,0.02380366083887384,0.0,0.44206407836055706,3.7841399999996175,0.08689445980908128,0.0,0.0,7.3098,44.836,synthetic_default
profile_sensitivity,audit_coverage_low,default,adversarial_explanation_flood,xai_gate,14,5000,0.0,0.018041472545975108,0.9303037000000015,0.6687576649296872,0.7755557175826218,0.6443673247957356,1849.5933259630795,0.8846838888887295,0.053247628598201514,0.0,0.7693205543408571,6.522931999999031,0.7962812852053167,0.0002,0.0,12.1658,45.1518,synthetic_default
profile_sensitivity,audit_coverage_low,default,transient_overload,xai_gate,14,5000,0.24652504342863282,1.033212488752317,53.16707557999997,0.6584991611567332,0.7201711493555623,0.7505287673937234,2743.167565348264,0.8781783333332094,0.24598835488009474,0.0,0.7292410934570216,3.9147319999992853,0.20482500728269248,0.0006,0.0,10.133,56.069,synthetic_default
profile_sensitivity,audit_coverage_low,default,non_markovian,xai_gate,14,5000,0.13729622762241328,1.193082713382146,61.73746629999996,0.6277585053826862,0.7573077628419628,0.6814126378011734,126.37831344666918,0.7737883333332584,0.2073004983496214,0.0,0.6083317153150821,3.5501679999995392,0.12349664790657555,0.0,0.0,9.2706,55.0104,synthetic_default
profile_sensitivity,audit_coverage_low,default,rtt_uncertainty,xai_gate,14,5000,0.0,0.014962835981734906,0.7743070800000014,0.6403160301603933,0.8432759931232144,0.5505483376484241,0.4341329693333334,0.5720188888888637,0.024933990255056212,0.0,0.4379236192394589,3.7894959999996107,0.08678416963973978,0.0,0.0,7.3474,45.0712,synthetic_default
profile_sensitivity,audit_coverage_low,default,adversarial_explanation_flood,xai_gate,15,5000,0.0,0.015838067290236305,0.8166311600000007,0.6691473420744216,0.7767117356726606,0.6432050920784337,1823.3954367990866,0.8820133333331757,0.05219711913010327,0.0,0.7635299772911867,6.4837719999990835,0.7940482881468367,0.0002,0.0,12.0658,44.8364,synthetic_default
profile_sensitivity,audit_coverage_low,default,transient_overload,xai_gate,15,5000,0.24724758315360934,1.0354439954276142,53.281752000000026,0.658053069494012,0.7195271815793137,0.7502574794941487,2759.4178573926993,0.8800977777776515,0.24632663899761995,0.0,0.7290072582072818,3.9202479999993085,0.2062048168473416,0.0008,0.0,10.1678,56.1972,synthetic_default
profile_sensitivity,audit_coverage_low,default,non_markovian,xai_gate,15,5000,0.13776733709796946,1.2271374285465875,63.495639860000075,0.6291432614382686,0.7563126558742117,0.6872183868615823,145.53434675866842,0.7811722222221431,0.21253376784872005,0.0,0.6166116375798636,3.551055999999523,0.13503654519814146,0.0,0.0,9.3284,54.7906,synthetic_default
profile_sensitivity,audit_coverage_low,default,rtt_uncertainty,xai_gate,15,5000,0.0,0.01657851763879836,0.8579074200000001,0.6404740073680558,0.8417357385216072,0.5500593128249176,0.5875245191111116,0.5686149999999758,0.023550279710738163,0.0,0.44191567744576343,3.7889999999996458,0.0826741119900718,0.0,0.0,7.329,45.129,synthetic_default
profile_sensitivity,audit_coverage_low,default,adversarial_explanation_flood,xai_gate,16,5000,0.0,0.01710722605042191,0.8819121000000014,0.6684365980058999,0.7746449979712822,0.6416230976121734,1941.0017796106376,0.8858327777776199,0.05062647599055366,0.0,0.7647763054316452,6.555691999999051,0.8048914048914038,0.0002,0.0,12.1952,45.045,synthetic_default
profile_sensitivity,audit_coverage_low,default,transient_overload,xai_gate,16,5000,0.2471871644791721,1.0373064921572548,53.37597225999996,0.6583120360709215,0.7192879620265737,0.7500643840202221,2783.3673084535963,0.8793672222220952,0.24570280966350982,0.0,0.7289373683277875,3.9234639999992877,0.2069600595055645,0.0,0.0,10.1578,56.1068,synthetic_default
profile_sensitivity,audit_coverage_low,default,non_markovian,xai_gate,16,5000,0.135405600575419,1.2219162877670118,63.225858180000024,0.6276667307734195,0.7549538924260848,0.6829852340961542,133.88394945644677,0.7788788888888107,0.20988524905442657,0.0,0.6112357629762591,3.560895999999517,0.12763311984038705,0.0004,0.0,9.3594,55.3336,synthetic_default
profile_sensitivity,audit_coverage_low,default,rtt_uncertainty,xai_gate,16,5000,0.0,0.01579109851085501,0.8172180000000006,0.6415433276981661,0.8424256712937064,0.5521810185642008,0.5840009475555569,0.5726116666666413,0.02454054643616731,0.0,0.44192070676773737,3.79711599999963,0.08654045566319857,0.0,0.0,7.3348,45.004,synthetic_default
profile_sensitivity,audit_coverage_low,default,adversarial_explanation_flood,xai_gate,17,5000,0.0,0.019608050332314518,1.0109222400000002,0.6698556385031192,0.7776218321198143,0.6414411430266475,1897.5188344332955,0.8848672222220619,0.04775794729816582,0.0,0.765429046983405,6.571283999999057,0.7934599492826793,0.0008,0.0,12.1362,45.1128,synthetic_default
profile_sensitivity,audit_coverage_low,default,transient_overload,xai_gate,17,5000,0.24891882298074777,1.0370830196616543,53.36458201999996,0.6581543789230474,0.719476459238413,0.7500409263522992,2774.9702214402555,0.8804877777776505,0.24606969285559688,0.0,0.7280365188989237,3.921995999999314,0.206211551606291,0.001,0.0,10.1646,56.1792,synthetic_default
profile_sensitivity,audit_coverage_low,default,non_markovian,xai_gate,17,5000,0.13625652372577116,1.2554195622386557,64.95981550000002,0.6283917160017037,0.754863777137336,0.6847727029857001,140.78576284800204,0.7814122222221449,0.2122507426959328,0.0,0.61037850776892,3.548835999999536,0.13117320326618764,0.0006,0.0,9.3578,55.151,synthetic_default
profile_sensitivity,audit_coverage_low,default,rtt_uncertainty,xai_gate,17,5000,0.0,0.017818259490364637,0.9220179599999999,0.6412864710565246,0.8441558622574299,0.5499220678338943,0.5611466564444443,0.5695022222222,0.023440287651305135,0.0,0.43691159113990063,3.7750399999996125,0.0801924203004909,0.0,0.0,7.2866,44.971,synthetic_default
profile_sensitivity,audit_coverage_low,default,adversarial_explanation_flood,xai_gate,18,5000,0.0,0.01842424353354683,0.9496827800000005,0.6687488760648052,0.7739806252045891,0.6426135787735581,1989.265739277301,0.8872833333331741,0.050613873040265496,0.0,0.7689352449770308,6.582051999999038,0.8125275943095749,0.0,0.0,12.2338,44.9972,synthetic_default
profile_sensitivity,audit_coverage_low,default,transient_overload,xai_gate,18,5000,0.24683933950112988,1.0340755161771213,53.222861539999954,0.6591129915381911,0.7204432326349499,0.7527846689896006,2649.8986625438283,0.8763777777776546,0.24882030861124937,0.0,0.7275261324041812,3.869079999999315,0.19466853151509977,0.0004,0.0,10.045,56.0546,synthetic_default
profile_sensitivity,audit_coverage_low,default,non_markovian,xai_gate,18,5000,0.1377068250260643,1.3405652589144554,69.3707989200001,0.6291833905607671,0.7550300375053671,0.6853317409199969,161.12803694400202,0.7846738888888091,0.21164878756211478,0.0,0.6112521060376634,3.569523999999518,0.1355427121135615,0.0004,0.0,9.3778,55.0562,synthetic_default
profile_sensitivity,audit_coverage_low,default,rtt_uncertainty,xai_gate,18,5000,0.0,0.017204987426292395,0.8903718799999999,0.6407899844190567,0.8437435272029566,0.5499846733389286,0.47392109822222345,0.571412222222198,0.02421889948883361,0.0,0.4356941748899762,3.7816999999996157,0.08031089612974118,0.0,0.0,7.3166,45.1512,synthetic_default
profile_sensitivity,audit_coverage_low,default,adversarial_explanation_flood,xai_gate,19,5000,0.0,0.016793291118864993,0.865962880000001,0.6690188810380056,0.7764330133597408,0.6433201502540038,1794.290022020862,0.8828516666665068,0.05247306845824163,0.0,0.7640283960219093,6.490395999999075,0.7944480819796489,0.0002,0.0,12.0862,44.9022,synthetic_default
profile_sensitivity,audit_coverage_low,default,transient_overload,xai_gate,19,5000,0.2483672750150604,1.0339738284940534,53.202834399999944,0.6585962319184486,0.7193962068965188,0.7503555240235477,2771.9218604887096,0.8794938888887646,0.24561507232667218,0.0,0.7291395687990225,3.924327999999306,0.20581305406339778,0.0002,0.0,10.1484,56.1082,synthetic_default
profile_sensitivity,audit_coverage_low,default,non_markovian,xai_gate,19,5000,0.13648402902240508,1.3747757422990983,71.14300368,0.6280258961603045,0.7539557930376435,0.6834738699663617,164.55492439244657,0.7851872222221425,0.21148530850023387,0.0,0.6076242718033763,3.568067999999522,0.13074867563639692,0.0002,0.0,9.4068,55.4606,synthetic_default
profile_sensitivity,audit_coverage_low,default,rtt_uncertainty,xai_gate,19,5000,0.0,0.016232795623157697,0.8401474199999996,0.6409616438356833,0.8425309988161321,0.5500634896627776,0.5437927297777779,0.5675972222221981,0.023068493150684932,0.0,0.4415068493150685,3.781131999999615,0.07968201146237619,0.0,0.0,7.3,45.075,synthetic_default
profile_sensitivity,audit_coverage_low,default,adversarial_explanation_flood,xai_gate,20,5000,0.0,0.01665757175531429,0.8588091200000008,0.6688954943680897,0.7762871396507679,0.6415453527435565,1911.0168338195258,0.8840533333331725,0.04989789868915091,0.0,0.7640636321717937,6.542083999999038,0.8005340164949082,0.0002,0.0,12.1448,44.9674,synthetic_default
profile_sensitivity,audit_coverage_low,default,transient_overload,xai_gate,20,5000,0.24718984731981644,1.0354496357683827,53.28339517999997,0.6582952686859488,0.7195779888437797,0.7502382406842354,2739.481260265151,0.8788561111109858,0.2459849843340493,0.0,0.728949494551402,3.9180959999992977,0.20489250892444755,0.0002,0.0,10.1494,56.1566,synthetic_default
profile_sensitivity,audit_coverage_low,default,non_markovian,xai_gate,20,5000,0.13757646750486213,1.2310705727142512,63.70278644000009,0.6269962690591474,0.7553266105213764,0.6815674265133564,125.02408972933557,0.7747772222221453,0.21102460695723435,0.0,0.6022989497293451,3.5118719999995345,0.11748955870621991,0.0,0.0,9.2738,55.3252,synthetic_default
profile_sensitivity,audit_coverage_low,default,rtt_uncertainty,xai_gate,20,5000,0.0,0.016964953887407964,0.8779028200000022,0.6420400593472463,0.843170023991634,0.5524156296593142,0.47175847333333376,0.5683299999999751,0.023958676777667876,0.0,0.4443620178041543,3.7762439999996174,0.07460306915565162,0.0,0.0,7.2792,45.159,synthetic_default
profile_sensitivity,audit_coverage_high,default,adversarial_explanation_flood,xai_gate,1,5000,0.0,0.016032651855512125,0.8259736600000004,0.7740494890079402,0.8682109362520204,0.660635536130926,406.0684069835524,0.9295888888890873,0.0,0.7492688376983997,0.2448818638887976,7.045751999999661,0.8077615947937173,0.0,0.0,12.1724,44.8894,synthetic_default
profile_sensitivity,audit_coverage_high,default,transient_overload,xai_gate,1,5000,0.2478433804613507,1.0390022454389378,53.27067899999998,0.7366966913581939,0.815490165611504,0.7166998518518691,1272.661981357809,0.9680177777780694,0.1401679012345679,0.41558518518518517,0.33880493827160496,4.952107999999178,0.20254833353524138,0.0198,0.0,10.125,56.1308,synthetic_default
profile_sensitivity,audit_coverage_high,default,non_markovian,xai_gate,1,5000,0.1361839082037319,1.3374514942606912,69.13237958000008,0.6626730279626774,0.8559275789862781,0.5929605699493397,76.02838299555559,0.6902722222222817,0.07421749641642242,0.4592755824650735,0.22975546094435292,4.207784000000006,0.12544575029315452,0.001,0.0,9.3482,55.3748,synthetic_default
profile_sensitivity,audit_coverage_high,default,rtt_uncertainty,xai_gate,1,5000,0.0,0.015260577156487798,0.7898552599999997,0.6897938824306129,0.8767485715707617,0.5366394591475375,0.11236235733333333,0.4948294444445051,0.0,0.5779811471129799,0.06865089180201721,3.6096920000002277,0.07891014864035584,0.0,0.0,7.2774,44.9676,synthetic_default
profile_sensitivity,audit_coverage_high,default,adversarial_explanation_flood,xai_gate,2,5000,0.0,0.018312440000201942,0.9436038600000005,0.773716782183115,0.867450421753834,0.6599193574877712,403.1961809706631,0.9300122222224215,0.0,0.7491541569490523,0.24266662286896823,7.043199999999694,0.7996464906213594,0.0,0.0,12.1772,45.1096,synthetic_default
profile_sensitivity,audit_coverage_high,default,transient_overload,xai_gate,2,5000,0.24653073254223393,1.0412057574069966,53.38954888000001,0.7379009419873078,0.8165527686388574,0.7185840320235994,1228.1043269973698,0.9664761111114084,0.14213450700017924,0.41885567482524444,0.3338378507557804,4.907787999999158,0.1986555616825565,0.0194,0.0,10.0426,55.8548,synthetic_default
profile_sensitivity,audit_coverage_high,default,non_markovian,xai_gate,2,5000,0.13893874758724975,1.2060847347301622,62.312293640000014,0.6664971363607869,0.8583501351974377,0.5956708638109399,77.34292983422237,0.681537777777833,0.06844848666852571,0.47060211501748217,0.2430125056307514,4.263032000000014,0.12974265209262592,0.0016,0.0,9.3238,55.0202,synthetic_default
profile_sensitivity,audit_coverage_high,default,rtt_uncertainty,xai_gate,2,5000,0.0,0.015996925923251838,0.827925039999999,0.6900226232011195,0.8768826361150563,0.5368390209333126,0.11718132266666685,0.4997722222222814,0.0,0.5778183602267771,0.06836022677714784,3.6419320000002355,0.08768512630316594,0.0,0.0,7.3376,44.9738,synthetic_default
profile_sensitivity,audit_coverage_high,default,adversarial_explanation_flood,xai_gate,3,5000,0.0,0.01936410725849249,0.9978882600000004,0.7742647837015654,0.87118777293245,0.6602303545442565,378.3849633493324,0.9255411111112933,0.0,0.7512733165762667,0.24052454028310624,6.999359999999731,0.7908715069239607,0.0,0.0,12.0944,45.0224,synthetic_default
profile_sensitivity,audit_coverage_high,default,transient_overload,xai_gate,3,5000,0.2484760622351978,1.0394284559606755,53.29383257999995,0.7360399739044478,0.8155105834133926,0.7164486092165534,1296.5191040275856,0.9679866666669568,0.1413320680861159,0.4147045450052389,0.33669414625467053,4.933255999999149,0.20062662441698942,0.0204,0.0,10.1166,56.174,synthetic_default
profile_sensitivity,audit_coverage_high,default,non_markovian,xai_gate,3,5000,0.1377193683035795,1.3650663596335113,70.55489222,0.664524175636499,0.8569537085754999,0.594265120451092,78.93672407866647,0.6909711111111704,0.07248419613873228,0.4649752263796344,0.23182555954211514,4.2396519999999915,0.1310677676847123,0.001,0.0,9.3648,55.1974,synthetic_default
profile_sensitivity,audit_coverage_high,default,rtt_uncertainty,xai_gate,3,5000,0.0,0.015721530293907326,0.8136922800000007,0.6897117269164513,0.8765774024505063,0.5357905052265195,0.11281494444444456,0.5001000000000624,0.0,0.5801938153310104,0.06350718641114983,3.640380000000249,0.08820323238067984,0.0,0.0,7.3472,45.0112,synthetic_default
profile_sensitivity,audit_coverage_high,default,adversarial_explanation_flood,xai_gate,4,5000,0.0,0.01854277613811658,0.9553203400000002,0.7737841480653702,0.8684656349766146,0.6602896216180743,400.29688774088794,0.928760000000192,0.0,0.7486768138334593,0.2446168513100365,7.039943999999701,0.8009825209551653,0.0,0.0,12.1676,45.0406,synthetic_default
profile_sensitivity,audit_coverage_high,default,transient_overload,xai_gate,4,5000,0.24711075634687935,1.0381776210833276,53.231569539999974,0.7374444687495515,0.8161967558651945,0.7186338417483829,1256.3030045058088,0.9673455555558497,0.14284009783840754,0.41833873565732693,0.33414202477777555,4.905687999999145,0.19571239368367355,0.0182,0.0,10.0574,56.0748,synthetic_default
profile_sensitivity,audit_coverage_high,default,non_markovian,xai_gate,4,5000,0.1345242730706726,1.2446592836641026,64.32732428000004,0.6645691945483191,0.8575569507254869,0.592336220489493,71.74690328755567,0.6773311111111724,0.06961574184072403,0.4656025228416528,0.23368684795991101,4.205091999999995,0.1297296769691052,0.0004,0.0,9.2594,54.6408,synthetic_default
profile_sensitivity,audit_coverage_high,default,rtt_uncertainty,xai_gate,4,5000,0.0,0.017101604924449926,0.8851369400000001,0.6893707576090082,0.8766470355395334,0.536587201664149,0.11302691377777785,0.4960722222222818,0.0,0.575295598861397,0.07165535362382308,3.6239880000002653,0.08014781966001405,0.0,0.0,7.3072,45.1,synthetic_default
profile_sensitivity,audit_coverage_high,default,adversarial_explanation_flood,xai_gate,5,5000,0.0,0.019390323763332752,0.9991187400000013,0.7739773307632919,0.8692616121029005,0.6603049473632272,389.83236671333094,0.9275055555557437,0.0,0.7496334371241701,0.24323300219113989,7.024783999999698,0.7950025949600132,0.0,0.0,12.1398,45.0874,synthetic_default
profile_sensitivity,audit_coverage_high,default,transient_overload,xai_gate,5,5000,0.24756934289400356,1.040520202715065,53.35573567999998,0.737739219997395,0.8178575836692753,0.7165228672727872,1205.8698734822578,0.9668661111114131,0.1396993285400202,0.42353477132727235,0.3310555192425773,4.941491999999211,0.19952671831899216,0.016,0.0,10.0974,56.1188,synthetic_default
profile_sensitivity,audit_coverage_high,default,non_markovian,xai_gate,5,5000,0.13998914605494536,1.2800538827123709,66.13886355999999,0.6668244522017832,0.8573402182557326,0.5973270387349583,82.86542969155549,0.6995955555556135,0.07082474660386087,0.4684148546915086,0.24254531690288936,4.338964000000005,0.1423890378314001,0.0012,0.0,9.5108,55.5024,synthetic_default
profile_sensitivity,audit_coverage_high,default,rtt_uncertainty,xai_gate,5,5000,0.0,0.014670052865396641,0.7592499600000006,0.689398448499644,0.876294614551551,0.5371752753775599,0.09993400355555565,0.4904683333333906,0.0,0.575352676476272,0.07517323247660326,3.5933840000002326,0.07890355305758545,0.0,0.0,7.2446,44.7652,synthetic_default
profile_sensitivity,audit_coverage_high,default,adversarial_explanation_flood,xai_gate,6,5000,0.0,0.01897328946572656,0.977703180000001,0.7735738370380281,0.8659823554123833,0.6601941270828622,422.20144102533243,0.932034444444653,0.0,0.748011261334992,0.24539234622057812,7.068115999999657,0.8014575252147742,0.0,0.0,12.2188,45.2182,synthetic_default
profile_sensitivity,audit_coverage_high,default,transient_overload,xai_gate,6,5000,0.24808915637801565,1.0416211409427003,53.39929783999991,0.7347468552844663,0.8148379161766387,0.7144705905404131,1361.818167220918,0.9700644444447516,0.13921000039186487,0.4106156197343156,0.342411536502214,4.983203999999195,0.20993589743589847,0.02,0.0,10.2076,56.2432,synthetic_default
profile_sensitivity,audit_coverage_high,default,non_markovian,xai_gate,6,5000,0.13469217940049558,1.2572763647162888,64.97688889999996,0.6628323241833028,0.8562484734415508,0.593317144140911,75.51292013688891,0.6869511111111674,0.07295834313956225,0.45927383983397163,0.23579879757803976,4.218836000000028,0.13267949622068964,0.0016,0.0,9.3478,55.0188,synthetic_default
profile_sensitivity,audit_coverage_high,default,rtt_uncertainty,xai_gate,6,5000,0.0,0.014102995082134797,0.7299217199999989,0.6893352059925825,0.8766967911009971,0.5363474884336129,0.11363477733333341,0.49345500000005854,0.0,0.5752643754130866,0.07038995373430271,3.601380000000233,0.07564817489058506,0.0,0.0,7.2624,45.011,synthetic_default
profile_sensitivity,audit_coverage_high,default,adversarial_explanation_flood,xai_gate,7,5000,0.0,0.01830148524084708,0.9429267200000008,0.7739064899044253,0.8709499693597955,0.6599337967014005,381.03033908000003,0.926052222222406,0.0,0.7500949299169569,0.24130359412920374,7.0076639999996795,0.796117224589528,0.0,0.0,12.1142,44.9644,synthetic_default
profile_sensitivity,audit_coverage_high,default,transient_overload,xai_gate,7,5000,0.2488733342604778,1.0390980439512116,53.27355637999995,0.7350191102882117,0.8145406658355094,0.7168172504827041,1335.998767544038,0.969477777778074,0.14238149651286497,0.4079159935379645,0.3434926514047047,4.940367999999124,0.20666640516443335,0.02,0.0,10.1516,56.0862,synthetic_default
profile_sensitivity,audit_coverage_high,default,non_markovian,xai_gate,7,5000,0.13583279102936835,1.1931738398164213,61.65753934000004,0.663841045369629,0.8578317993474494,0.5899241333362427,74.08668904133319,0.6769700000000596,0.06621676803713814,0.4736615873971072,0.22974918867802877,4.23826800000001,0.1315184389427757,0.0006,0.0,9.3058,54.8278,synthetic_default
profile_sensitivity,audit_coverage_high,default,rtt_uncertainty,xai_gate,7,5000,0.0,0.016972865817397098,0.8783710799999993,0.6903247676326589,0.8770621871127247,0.5373086386003658,0.100637453777778,0.4986905555556152,0.0,0.5779934390377255,0.06921815199562603,3.6339480000002555,0.08022230490736315,0.0,0.0,7.316,45.1512,synthetic_default
profile_sensitivity,audit_coverage_high,default,adversarial_explanation_flood,xai_gate,8,5000,0.0,0.018285736109630288,0.9421762800000013,0.7736254033777477,0.8667873542037896,0.6602290038822627,410.6581021039974,0.9313422222224244,0.0,0.7479974445918718,0.2454338460530411,7.063103999999688,0.8055259795570695,0.0,0.0,12.2094,45.0816,synthetic_default
profile_sensitivity,audit_coverage_high,default,transient_overload,xai_gate,8,5000,0.24649538205197763,1.039294123905068,53.283681059999985,0.7369403708763029,0.8166346957798356,0.7163624849096759,1264.0321385613688,0.9676061111114064,0.1399394407172119,0.41760177323913,0.33523323240119535,4.9445039999991565,0.20188671166991945,0.0198,0.0,10.1058,56.0552,synthetic_default
profile_sensitivity,audit_coverage_high,default,non_markovian,xai_gate,8,5000,0.13730278297770654,1.2367965617125987,63.91518541999997,0.6640976151334115,0.8578339080814283,0.5932845827017561,76.88492568400024,0.6816522222222785,0.06798044281230652,0.4685825309050537,0.24226573008518906,4.268200000000026,0.1305952540441797,0.0016,0.0,9.3674,55.2358,synthetic_default
profile_sensitivity,audit_coverage_high,default,rtt_uncertainty,xai_gate,8,5000,0.0,0.015607477473354168,0.8077163800000003,0.689970067280039,0.8767024272024675,0.5372634903199601,0.11844524977777784,0.49485611111117195,0.0,0.5775092681587258,0.0714540711245366,3.614936000000241,0.08083641274505027,0.0,0.0,7.283,44.922,synthetic_default
profile_sensitivity,audit_coverage_high,default,adversarial_explanation_flood,xai_gate,9,5000,0.0,0.02002137029761676,1.0315406000000011,0.7738426367553871,0.868531254731434,0.6603565672181892,393.86768215155087,0.9284322222224122,0.0,0.748972073287063,0.2444656425775468,7.036387999999716,0.8008044118256818,0.0,0.0,12.1604,45.0184,synthetic_default
profile_sensitivity,audit_coverage_high,default,transient_overload,xai_gate,9,5000,0.2460898182051775,1.040470941644245,53.349146480000016,0.7366490415084104,0.8171386543114871,0.7166040874524886,1252.2546175378143,0.9671155555558414,0.14096166032953106,0.4168448986058302,0.3350562420785805,4.930775999999165,0.20140182579958865,0.0146,0.0,10.0992,56.0412,synthetic_default
profile_sensitivity,audit_coverage_high,default,non_markovian,xai_gate,9,5000,0.13635249333715124,1.2277419823076663,63.45135632000001,0.6632574347431581,0.8564889895450306,0.5948887494048294,71.4835050404447,0.6783455555556125,0.0732652266135665,0.4573611531968313,0.2424353924072551,4.176032000000009,0.1307142035540092,0.0,0.0,9.2404,54.4812,synthetic_default
profile_sensitivity,audit_coverage_high,default,rtt_uncertainty,xai_gate,9,5000,0.0,0.015400719644202874,0.7970840600000004,0.6910619225693672,0.877453827890807,0.5385668719754014,0.11928445066666679,0.49643277777783684,0.0,0.5784755829300484,0.07201385833699955,3.6195080000002475,0.07942698478420063,0.0,0.0,7.2736,44.9226,synthetic_default
profile_sensitivity,audit_coverage_high,default,adversarial_explanation_flood,xai_gate,10,5000,0.0,0.01841434637722024,0.9489030600000015,0.7736159356295033,0.8652685089712082,0.6602148954960373,424.9761984897758,0.9328400000002038,0.0,0.7479802440061493,0.2454126189775292,7.074439999999595,0.8056023103772061,0.0,0.0,12.2292,45.1528,synthetic_default
profile_sensitivity,audit_coverage_high,default,transient_overload,xai_gate,10,5000,0.24840331090702006,1.0402302931601748,53.332710079999956,0.7361005657069128,0.8134659416889755,0.7172065519484597,1308.91946393914,0.9690022222225222,0.14109159718526404,0.41339956241499615,0.34216387755504307,4.953383999999164,0.20397266125587454,0.0204,0.0,10.1466,56.184,synthetic_default
profile_sensitivity,audit_coverage_high,default,non_markovian,xai_gate,10,5000,0.13662461090550923,1.2116503805487573,62.60645060000011,0.6645131309686979,0.8573718262465275,0.5914586886085057,74.50666953777784,0.6799133333333919,0.0661238062755798,0.46964529331514326,0.23932042974079126,4.282660000000036,0.13250818987472823,0.001,0.0,9.3824,55.2308,synthetic_default
profile_sensitivity,audit_coverage_high,default,rtt_uncertainty,xai_gate,10,5000,0.0,0.017460793927277063,0.9035578799999997,0.6915008376130162,0.8769473374780863,0.5386757476725748,0.11544072000000023,0.49656500000006076,0.0,0.5834454727707138,0.06890396287040343,3.6217760000002475,0.07701294764006783,0.0,0.0,7.2826,45.079,synthetic_default
profile_sensitivity,audit_coverage_high,default,adversarial_explanation_flood,xai_gate,11,5000,0.0,0.016337831684685042,0.8418837800000006,0.7743662787810748,0.8723944215875807,0.6605515369208734,371.9557770755557,0.9243911111112902,0.0,0.7510800655488057,0.24188502474632942,6.994695999999753,0.7910815033545919,0.0,0.0,12.0826,44.9732,synthetic_default
profile_sensitivity,audit_coverage_high,default,transient_overload,xai_gate,11,5000,0.24856642383420774,1.0387707975411544,53.263835439999994,0.736249107638786,0.8155074218652684,0.7188561910050181,1295.8317770400333,0.9683566666669579,0.1437891647497422,0.41086301261204095,0.34121916395653207,4.910223999999151,0.19936877831013788,0.0186,0.0,10.0856,56.0606,synthetic_default
profile_sensitivity,audit_coverage_high,default,non_markovian,xai_gate,11,5000,0.13826974969099884,1.2598971170423452,65.10449325999994,0.6643772408087811,0.8565466281436867,0.5928512633388217,78.02849587911122,0.6860833333333911,0.06865095360332647,0.4645183189426565,0.24125421643295075,4.289976000000016,0.13570270354923708,0.0006,0.0,9.4274,55.3396,synthetic_default
profile_sensitivity,audit_coverage_high,default,rtt_uncertainty,xai_gate,11,5000,0.0,0.014557847334887674,0.7534093799999996,0.6898187054306846,0.8764510120176606,0.5366662095447448,0.13026123688888905,0.49543000000005716,0.0,0.5788535381239714,0.06851343938562808,3.6160760000002448,0.0836435508199409,0.0,0.0,7.292,44.861,synthetic_default
profile_sensitivity,audit_coverage_high,default,adversarial_explanation_flood,xai_gate,12,5000,0.0,0.016924488170355,0.8720823600000016,0.7741139784946441,0.8725035548444346,0.6602803970223418,373.18305322266167,0.9243911111112905,0.0,0.7503887510339123,0.24201819685690654,6.996427999999772,0.7942690245943989,0.0,0.0,12.09,44.9208,synthetic_default
profile_sensitivity,audit_coverage_high,default,transient_overload,xai_gate,12,5000,0.248990570258237,1.0399773521498619,53.31770135999994,0.7353164881552858,0.815582676275818,0.7160141625737472,1321.34479778137,0.9686855555558482,0.14111288636408467,0.4097678363611259,0.3408682959543957,4.944723999999183,0.203846838824576,0.0206,0.0,10.1394,56.15,synthetic_default
profile_sensitivity,audit_coverage_high,default,non_markovian,xai_gate,12,5000,0.13931139830708494,1.3241321632490326,68.42949125999993,0.6646329641362161,0.8579125386851126,0.5946767575841789,80.97601399555566,0.6881900000000599,0.07004825782861031,0.4658687472097621,0.2418631348455537,4.279100000000011,0.1387534209930632,0.0012,0.0,9.4078,55.0766,synthetic_default
profile_sensitivity,audit_coverage_high,default,rtt_uncertainty,xai_gate,12,5000,0.0,0.015716884653994814,0.8134672599999992,0.6894606729117763,0.8767360966059691,0.5358613713209185,0.10051542177777788,0.4909483333333906,0.0,0.5777118784989745,0.06607172551410675,3.57643600000026,0.07280582042201833,0.0,0.0,7.2164,44.8444,synthetic_default
profile_sensitivity,audit_coverage_high,default,adversarial_explanation_flood,xai_gate,13,5000,0.0,0.01932387730598766,0.995782160000001,0.7742453187530033,0.869947678566383,0.6610456020157894,393.7078624728857,0.927427777777969,0.0,0.7493618352793926,0.246109253800168,7.032495999999692,0.7952868582849504,0.0,0.0,12.1442,45.0966,synthetic_default
profile_sensitivity,audit_coverage_high,default,transient_overload,xai_gate,13,5000,0.2457490849547292,1.0410091942262654,53.37141701999996,0.7345764537675309,0.8137481174872486,0.7149127445796136,1339.5390444329266,0.9696761111114095,0.13974577433065005,0.4098360655737705,0.344399396752649,4.980331999999174,0.21428112759262774,0.0188,0.0,10.2114,56.0628,synthetic_default
profile_sensitivity,audit_coverage_high,default,non_markovian,xai_gate,13,5000,0.13400071220068907,1.2575517619196246,64.99197454,0.6628345846869493,0.856403269754741,0.5918352946238782,72.6912537973333,0.6793744444445032,0.0703698126196674,0.46302949465395954,0.23544091388249466,4.208435999999991,0.13354646923551283,0.001,0.0,9.2966,54.6756,synthetic_default
profile_sensitivity,audit_coverage_high,default,rtt_uncertainty,xai_gate,13,5000,0.0,0.01646711630399519,0.8522392599999997,0.6886279690565136,0.8762206208436389,0.535813902811107,0.13880667733333374,0.4970311111111705,0.0,0.5739267814338636,0.07210176509043364,3.6360520000002405,0.08504793191554882,0.0,0.0,7.3424,45.1126,synthetic_default
profile_sensitivity,audit_coverage_high,default,adversarial_explanation_flood,xai_gate,14,5000,0.0,0.01875366787531943,0.96631394,0.7735043644879972,0.8659942310891295,0.6598352467205018,414.8317970195493,0.9318777777779814,0.0,0.7482517482517482,0.24373986669068637,7.0620559999996795,0.8049631239007333,0.0,0.0,12.2122,45.106,synthetic_default
profile_sensitivity,audit_coverage_high,default,transient_overload,xai_gate,14,5000,0.24813662965438082,1.0383316267084577,53.23189183999998,0.7358441916853998,0.8144237752678196,0.7165719805239851,1321.0959002720383,0.9689466666669586,0.14106329712787558,0.4130576199018313,0.34035758639042757,4.949647999999158,0.20862325496068257,0.0184,0.0,10.1458,55.9634,synthetic_default
profile_sensitivity,audit_coverage_high,default,non_markovian,xai_gate,14,5000,0.13441276614310663,1.2484338300707873,64.52858146000008,0.6619749491489874,0.8568468356970337,0.5920357563430455,72.21300541466672,0.6848633333333939,0.0716411519109303,0.46275559361952684,0.23378653249116796,4.217008000000027,0.1320777583866577,0.0012,0.0,9.341,55.008,synthetic_default
profile_sensitivity,audit_coverage_high,default,rtt_uncertainty,xai_gate,14,5000,0.0,0.015572933617780404,0.8059887199999989,0.6912649216953972,0.8772217042734385,0.5378723579016906,0.10973233155555571,0.4996894444445056,0.0,0.5817818420764429,0.0657102179388895,3.6324040000002364,0.08016667997503957,0.0,0.0,7.3048,45.0844,synthetic_default
profile_sensitivity,audit_coverage_high,default,adversarial_explanation_flood,xai_gate,15,5000,0.0,0.018358962864296117,0.9460246400000004,0.774026569017067,0.8677172558476896,0.6606046175572368,406.25187549199813,0.9301011111113068,0.0,0.7492200072251962,0.24485204768629512,7.049651999999747,0.8034714263291811,0.0,0.0,12.1796,45.0228,synthetic_default
profile_sensitivity,audit_coverage_high,default,transient_overload,xai_gate,15,5000,0.2473076290292664,1.0393520383779769,53.29064797999995,0.7370441584160118,0.8156959543340283,0.7165328712871475,1249.1273405275897,0.9669433333336312,0.14063366336633662,0.4200990099009901,0.3327920792079208,4.932723999999187,0.20099123395309193,0.0216,0.0,10.1,56.0648,synthetic_default
profile_sensitivity,audit_coverage_high,default,non_markovian,xai_gate,15,5000,0.14100000611849714,1.2856720505048835,66.44155029999992,0.6627731092437709,0.8565317685623165,0.5924084671843872,77.86928137688892,0.6905833333333912,0.07184342091266886,0.46331241357302416,0.23212424210190405,4.2469640000000375,0.12784300175876528,0.001,0.0,9.401,55.5692,synthetic_default
profile_sensitivity,audit_coverage_high,default,rtt_uncertainty,xai_gate,15,5000,0.0,0.014780396326849328,0.764935019999999,0.690927113702699,0.8770906481462922,0.5380758017493072,0.1141549791111113,0.4913327777778362,0.0,0.5799527974455088,0.06960988477023462,3.5811200000002312,0.06885928986074674,0.0,0.0,7.203,44.9264,synthetic_default
profile_sensitivity,audit_coverage_high,default,adversarial_explanation_flood,xai_gate,16,5000,0.0,0.018653296184247502,0.9609926199999994,0.7738483812390826,0.8656551750426592,0.6606834950185786,425.15842998755033,0.9325822222224223,0.0,0.7481309405009243,0.24674857264383987,7.075807999999631,0.8046735456061909,0.0,0.0,12.2254,45.162,synthetic_default
profile_sensitivity,audit_coverage_high,default,transient_overload,xai_gate,16,5000,0.24901090865679296,1.0375042153784813,53.18939636,0.7363337801610298,0.8147537137611097,0.7165143510487526,1292.6935109582512,0.9683966666669584,0.14011985491247436,0.4154313199810755,0.3399700362718814,4.9588799999991595,0.2051753548197044,0.0208,0.0,10.1456,56.1224,synthetic_default
profile_sensitivity,audit_coverage_high,default,non_markovian,xai_gate,16,5000,0.13893259739321948,1.2358252058718633,63.85583773999999,0.6654341110046565,0.8571974962060297,0.5969845531053998,78.02813517511092,0.6927166666667259,0.07273889421540428,0.465281772664323,0.2402471503142644,4.262175999999998,0.12972524100083382,0.001,0.0,9.387,55.394,synthetic_default
profile_sensitivity,audit_coverage_high,default,rtt_uncertainty,xai_gate,16,5000,0.0,0.016134348912206782,0.8351179800000001,0.6896869842667697,0.8768525594732834,0.5363846407746012,0.11362489200000034,0.4948255555556142,0.0,0.5772912311585433,0.06788425569369567,3.6064000000002503,0.07869142351901148,0.0,0.0,7.2712,44.9384,synthetic_default
profile_sensitivity,audit_coverage_high,default,adversarial_explanation_flood,xai_gate,17,5000,0.0,0.016580420556846158,0.8543202000000001,0.7736320824135646,0.8655668528247072,0.6603973509933797,424.4014071595526,0.932640000000205,0.0,0.7476575913662007,0.246504782928624,7.076543999999711,0.8120402675615017,0.0,0.0,12.231,44.999,synthetic_default
profile_sensitivity,audit_coverage_high,default,transient_overload,xai_gate,17,5000,0.24782333374780177,1.0421175871653412,53.43578137999995,0.7358709066894439,0.8160417601275038,0.7164140527965828,1280.2917984627054,0.9685405555558427,0.14104055359501608,0.415314551584094,0.3384657847524791,4.946415999999166,0.20131919403638898,0.0174,0.0,10.1446,56.297,synthetic_default
profile_sensitivity,audit_coverage_high,default,non_markovian,xai_gate,17,5000,0.1356920164192329,1.2651975163052838,65.38599806000016,0.6639562347293805,0.8573484231056457,0.591835055081704,75.31878992222228,0.6788011111111737,0.06779116121565433,0.4677440096017832,0.23783702687641992,4.246916000000038,0.12494650488538706,0.0006,0.0,9.3316,55.301,synthetic_default
profile_sensitivity,audit_coverage_high,default,rtt_uncertainty,xai_gate,17,5000,0.0,0.017063111553253248,0.8831854799999992,0.6901935129192616,0.8769011038961971,0.5372636063771661,0.11313154177777776,0.49509944444450626,0.0,0.5784771852666301,0.06976360637713029,3.6122680000002454,0.07449708633486751,0.0,0.0,7.276,45.1436,synthetic_default
profile_sensitivity,audit_coverage_high,default,adversarial_explanation_flood,xai_gate,18,5000,0.0,0.018517865830096805,0.9540086400000004,0.7741695071547586,0.8699880024733028,0.6608094979334462,395.5915532324442,0.9277466666668527,0.0,0.7495265853216749,0.24508883729355002,7.031815999999719,0.8014835118382768,0.0,0.0,12.1458,44.9474,synthetic_default
profile_sensitivity,audit_coverage_high,default,transient_overload,xai_gate,18,5000,0.24732838069447172,1.038541900012873,53.24388043999992,0.7371910357264855,0.8168698274626391,0.7163568272336592,1259.1070690258093,0.9668788888891767,0.14001228525571166,0.418629995838865,0.3336437672142192,4.938011999999186,0.19883363917642383,0.0192,0.0,10.0934,56.129,synthetic_default
profile_sensitivity,audit_coverage_high,default,non_markovian,xai_gate,18,5000,0.13762114325168995,1.2755554743315685,65.91935428000004,0.6652761288387696,0.857190471585126,0.5945125688447395,73.96201165066667,0.6870322222222828,0.07174849452456979,0.4645865032252534,0.23431841073227183,4.234140000000013,0.13048428907139442,0.0016,0.0,9.3326,55.036,synthetic_default
profile_sensitivity,audit_coverage_high,default,rtt_uncertainty,xai_gate,18,5000,0.0,0.01675493570306227,0.86724884,0.690955757076197,0.8770415855562028,0.5371434460016895,0.11527032399999997,0.49770166666672855,0.0,0.5823303105248695,0.0631492168178071,3.6152680000002713,0.07453061260646332,0.0,0.0,7.278,45.1546,synthetic_default
profile_sensitivity,audit_coverage_high,default,adversarial_explanation_flood,xai_gate,19,5000,0.0,0.019090675177249508,0.9836127200000004,0.7734047972829798,0.8644091727749589,0.6600697222539792,434.44591452666094,0.9336544444446562,0.0,0.7472200904593178,0.24606893849092956,7.083943999999671,0.8094123834088218,0.0,0.0,12.2486,45.1292,synthetic_default
profile_sensitivity,audit_coverage_high,default,transient_overload,xai_gate,19,5000,0.24680057810477185,1.0389321119968404,53.26593639999997,0.7357084120240974,0.8151796630801821,0.7154107648725453,1321.7789458386972,0.9689711111114045,0.13961677683349072,0.4146010387157696,0.3391761095372993,4.966311999999153,0.20856351128213646,0.0192,0.0,10.1664,56.0798,synthetic_default
profile_sensitivity,audit_coverage_high,default,non_markovian,xai_gate,19,5000,0.13378069975357176,1.3326084591620373,68.88693359999999,0.6626568138113564,0.8555929535473792,0.5929039994814745,72.01826874444458,0.6840400000000618,0.07450141526760441,0.4589356323329228,0.2287979948575009,4.164044000000015,0.13144307213894013,0.0004,0.0,9.2562,54.5392,synthetic_default
profile_sensitivity,audit_coverage_high,default,rtt_uncertainty,xai_gate,19,5000,0.0,0.0154079723682765,0.797510360000001,0.6900543402922937,0.8767521308649785,0.5374948016302499,0.11662063911111135,0.48993722222227987,0.0,0.5776983004796362,0.07230585821619673,3.5812120000002445,0.07055246134462467,0.0,0.0,7.2138,44.9226,synthetic_default
profile_sensitivity,audit_coverage_high,default,adversarial_explanation_flood,xai_gate,20,5000,0.0,0.01668449908877589,0.8597278000000012,0.7738026963406989,0.8696231790513457,0.6601277387282094,393.1888730662216,0.9278522222224116,0.0,0.749131672949349,0.24339495300334163,7.02885199999972,0.8014756033189223,0.0,0.0,12.1498,44.9624,synthetic_default
profile_sensitivity,audit_coverage_high,default,transient_overload,xai_gate,20,5000,0.24737395799884368,1.0385465564111036,53.24795775999996,0.7360215692096292,0.8154266708047885,0.7174987632334265,1284.3926881360394,0.9683333333336251,0.14227762936578608,0.4120114771940239,0.3399030374987632,4.926831999999169,0.20202085072677511,0.0198,0.0,10.107,56.0556,synthetic_default
profile_sensitivity,audit_coverage_high,default,non_markovian,xai_gate,20,5000,0.13723334038471363,1.2181943936537614,62.95006817999993,0.6644915582738273,0.8570221636563041,0.5937419243690669,75.06666348266693,0.6814600000000552,0.07063485226979067,0.4662546300284262,0.23544232922732364,4.2156880000000365,0.1290961832580746,0.0002,0.0,9.2872,54.8356,synthetic_default
profile_sensitivity,audit_coverage_high,default,rtt_uncertainty,xai_gate,20,5000,0.0,0.016081446938013014,0.8323320000000003,0.6902105927899482,0.8766183406728294,0.5373108920678022,0.12095015955555584,0.4953088888889495,0.0,0.5790889871228138,0.06984981192169352,3.6157480000002424,0.07852238790500987,0.0,0.0,7.2842,45.0258,synthetic_default
profile_sensitivity,debt_scale_low,default,adversarial_explanation_flood,xai_gate,1,5000,0.0,0.01615121025140392,0.8324039000000004,0.6796984360292191,0.8118352757419066,0.6462601773711473,411.9269706418964,0.9423394444445278,0.03228683258740566,0.20713117867582698,0.5869597529355419,6.791131999999373,0.7957637875606458,0.0,0.0,12.1102,44.9584,synthetic_default
profile_sensitivity,debt_scale_low,default,transient_overload,xai_gate,1,5000,0.2484683952656992,1.0359476075155285,53.26072232,0.6758912481392577,0.748115105821301,0.7708005562956233,1338.1465606129593,0.9864155555558405,0.24890307921335109,0.14855441510616627,0.5782143696623051,4.123491999999274,0.21187088442931712,0.0086,0.0,10.2104,56.1688,synthetic_default
profile_sensitivity,debt_scale_low,default,non_markovian,xai_gate,1,5000,0.13220530277599407,1.269125464845264,65.71116556000001,0.591663039965593,0.7381130792832566,0.6394598728858917,41.317466524555535,0.710329444444371,0.19995691048152536,0.00909188839814715,0.5597328449854573,3.258991999999665,0.12905501391402585,0.0,0.0,9.283,54.8128,synthetic_default
profile_sensitivity,debt_scale_low,default,rtt_uncertainty,xai_gate,1,5000,0.0,0.016909504658585164,0.8750521799999993,0.6427808827940122,0.8509470436644908,0.5526720544141125,0.056505264777777856,0.5790566666666593,0.022356116578968892,0.05583576433381499,0.3951852558684806,3.8120039999997557,0.08740863280132505,0.0,0.0,7.3358,44.9742,synthetic_default
profile_sensitivity,debt_scale_low,default,adversarial_explanation_flood,xai_gate,2,5000,0.0,0.01848706941983572,0.9528669199999996,0.6794356964027725,0.8110066571166114,0.6465560350507363,424.1542447528956,0.9431683333334183,0.032975359072341545,0.2047206483067598,0.5902292792199235,6.799867999999353,0.7997379482892473,0.0,0.0,12.1424,44.9784,synthetic_default
profile_sensitivity,debt_scale_low,default,transient_overload,xai_gate,2,5000,0.24749538461538462,1.0365568313623275,53.29897848,0.6770578574539017,0.7497459954862152,0.7734823301279017,1296.4082633490675,0.9850677777780529,0.25179073172662153,0.15010487158178004,0.5739443587003838,4.07605599999927,0.19708651625510631,0.0094,0.0,10.1076,56.29,synthetic_default
profile_sensitivity,debt_scale_low,default,non_markovian,xai_gate,2,5000,0.13867773594750418,1.241920128671047,64.29487711999992,0.5903189537464443,0.736686642374438,0.6363944359105367,42.51991479200008,0.7114555555554805,0.1966205837173579,0.011115378050861921,0.5591184502474825,3.300247999999648,0.13224365268875315,0.0,0.0,9.3744,55.1966,synthetic_default
profile_sensitivity,debt_scale_low,default,rtt_uncertainty,xai_gate,2,5000,0.0,0.015702834086908854,0.8125490800000009,0.6431258398004148,0.8507502807758907,0.5554846119423058,0.052106004888888925,0.5763811111111041,0.024460471110867358,0.05297940603833603,0.4008007239421943,3.783063999999753,0.07936677070522857,0.0,0.0,7.2934,45.0474,synthetic_default
profile_sensitivity,debt_scale_low,default,adversarial_explanation_flood,xai_gate,3,5000,0.0,0.020696685981190545,1.0669305399999998,0.6789924000981455,0.8091377164376455,0.6464888453052298,457.73917127233807,0.9486994444445427,0.033978916401078696,0.19713982185176104,0.5962572525945902,6.839007999999306,0.8030402821919298,0.0,0.0,12.237,45.2458,synthetic_default
profile_sensitivity,debt_scale_low,default,transient_overload,xai_gate,3,5000,0.2483346270240247,1.0361540384406105,53.273896920000006,0.6770191434775055,0.7499027885400628,0.773442076179277,1313.788399987846,0.9850933333336175,0.25097690941385437,0.14971383461614368,0.5775212157094928,4.092667999999283,0.20266594511456848,0.0104,0.0,10.134,56.1752,synthetic_default
profile_sensitivity,debt_scale_low,default,non_markovian,xai_gate,3,5000,0.13640754772018748,1.2186155107144,63.09076932000016,0.5905108655855643,0.7372954634003724,0.6379110938812145,40.69731600455553,0.702984999999926,0.19545131485429992,0.011651698218862397,0.5680041351683143,3.286711999999643,0.1286576361415419,0.0,0.0,9.2862,54.851,synthetic_default
profile_sensitivity,debt_scale_low,default,rtt_uncertainty,xai_gate,3,5000,0.0,0.016633962725904762,0.8607245000000012,0.6424913304343453,0.8507715297068119,0.5548837493060577,0.0492457081111111,0.573945555555548,0.024797710133759015,0.05757692519403314,0.3947542246931249,3.7606119999997647,0.07782281807920799,0.0,0.0,7.2668,44.9474,synthetic_default
profile_sensitivity,debt_scale_low,default,adversarial_explanation_flood,xai_gate,4,5000,0.0,0.015350398764248442,0.7911229600000004,0.6795478785069269,0.8136838335907319,0.6463257262098022,389.466226320453,0.9383900000000746,0.032095657646318436,0.21178496903050578,0.584611308005697,6.770399999999395,0.798568758423996,0.0,0.0,12.0764,44.763,synthetic_default
profile_sensitivity,debt_scale_low,default,transient_overload,xai_gate,4,5000,0.24617549492792318,1.0384879174370025,53.40156003999994,0.6768265594996382,0.749579149422164,0.7733244907252338,1260.3446115881864,0.9837266666669396,0.2515788014966444,0.1499020054243462,0.5749015105022469,4.074047999999271,0.19862371715014282,0.0082,0.0,10.1026,56.19,synthetic_default
profile_sensitivity,debt_scale_low,default,non_markovian,xai_gate,4,5000,0.1338070733879847,1.3183823913869543,68.26359654000014,0.5918212395827331,0.7384139279684572,0.639425627182522,42.52279050155564,0.7166277777777028,0.20039848319300727,0.009276517342588426,0.5566124643828867,3.2757999999996383,0.12674526388969243,0.0,0.0,9.3354,55.2352,synthetic_default
profile_sensitivity,debt_scale_low,default,rtt_uncertainty,xai_gate,4,5000,0.0,0.016423941423257447,0.85007518,0.6424674717355284,0.8516158800523769,0.554546957611273,0.04507616866666668,0.5740133333333303,0.024564685170412347,0.05518114048359145,0.39639094435122274,3.7639039999997643,0.07428027683705651,0.0,0.0,7.2706,45.1192,synthetic_default
profile_sensitivity,debt_scale_low,default,adversarial_explanation_flood,xai_gate,5,5000,0.0,0.018181395347224138,0.9371264000000001,0.6792984626551374,0.8123712105486742,0.6458618698865105,400.36070446545153,0.9386194444445102,0.031192267088941673,0.21225917128529956,0.5865828714700448,6.801499999999384,0.7997301473502334,0.0,0.0,12.1248,44.9134,synthetic_default
profile_sensitivity,debt_scale_low,default,transient_overload,xai_gate,5,5000,0.2479260780960524,1.0362495798051643,53.271681419999965,0.67631965587015,0.7485417322214806,0.7717892007621908,1366.7842141619521,0.9864566666669456,0.24978884720394415,0.14924083204022706,0.5771837127536289,4.111371999999237,0.2092299653223122,0.0118,0.0,10.1822,56.136,synthetic_default
profile_sensitivity,debt_scale_low,default,non_markovian,xai_gate,5,5000,0.1365300661330379,1.234259523379392,63.90156273999995,0.5906642535497196,0.7373624382334936,0.6374211966474598,40.212193448,0.7054688888888164,0.196841402193351,0.011139120505030919,0.5614159825910844,3.272567999999666,0.12681082892082096,0.0,0.0,9.2826,54.9196,synthetic_default
profile_sensitivity,debt_scale_low,default,rtt_uncertainty,xai_gate,5,5000,0.0,0.015311582801179094,0.7923184200000002,0.6428225916897676,0.8509742209871409,0.5556775408397262,0.05392237055555564,0.5764005555555498,0.024925360869922485,0.05478101290092854,0.3998192226574269,3.7818679999997773,0.08168084356232441,0.0,0.0,7.3018,45.0028,synthetic_default
profile_sensitivity,debt_scale_low,default,adversarial_explanation_flood,xai_gate,6,5000,0.0,0.01905731658370151,0.9824603400000002,0.6787354639210036,0.8112951834739269,0.6460479957892677,419.24405350478366,0.9416172222223023,0.03332401269799497,0.2054213201309275,0.5897494942184647,6.7950639999994005,0.7938822057578154,0.0,0.0,12.1594,45.1884,synthetic_default
profile_sensitivity,debt_scale_low,default,transient_overload,xai_gate,6,5000,0.24809375176380288,1.0363657285895822,53.29422421999994,0.6773241651077732,0.7509841187963903,0.7745669307010289,1230.7157017717388,0.9829855555558346,0.2531146757950882,0.1506189547426661,0.572264458862397,4.048063999999285,0.19661111805717013,0.01,0.0,10.0492,55.987,synthetic_default
profile_sensitivity,debt_scale_low,default,non_markovian,xai_gate,6,5000,0.1353945772814095,1.1883284964913243,61.52011450000007,0.5915533311807801,0.7394386591847116,0.6389803035195051,41.69832447477775,0.7100149999999289,0.19687869981702724,0.013518458723495856,0.5610806156495534,3.2887319999996545,0.13107216291529644,0.0,0.0,9.291,54.7622,synthetic_default
profile_sensitivity,debt_scale_low,default,rtt_uncertainty,xai_gate,6,5000,0.0,0.016345296755646086,0.8459382600000012,0.6427816735497536,0.8530968745729061,0.5546477018556336,0.046547955888888944,0.5728805555555492,0.025222428559549877,0.05346600515535353,0.3925552260317636,3.7350319999997867,0.07079682788422903,0.0,0.0,7.2158,44.9248,synthetic_default
profile_sensitivity,debt_scale_low,default,adversarial_explanation_flood,xai_gate,7,5000,0.0,0.015551151480685848,0.8016040599999992,0.6793373722075855,0.8111203641537538,0.6464995143473339,433.76013264878287,0.9446150000000887,0.03373228190902655,0.1995950150634641,0.5925291803170736,6.796367999999336,0.8043314886930379,0.0,0.0,12.1486,44.8868,synthetic_default
profile_sensitivity,debt_scale_low,default,transient_overload,xai_gate,7,5000,0.2486987716853147,1.0354967814196887,53.239233519999985,0.6767636607707944,0.7496256999778341,0.7729299589388071,1309.9263009058484,0.9853577777780597,0.2512634238787113,0.1492419456727732,0.5754106127605811,4.085823999999269,0.20374363891492764,0.0124,0.0,10.1312,56.1094,synthetic_default
profile_sensitivity,debt_scale_low,default,non_markovian,xai_gate,7,5000,0.1348113316986616,1.2375558535404707,64.07113935999995,0.590203441534796,0.737688118735058,0.6367904788502119,42.060869589777795,0.7074455555554833,0.19661002384583987,0.011428816945584223,0.5600120303336269,3.2802559999996577,0.1306437764070525,0.0,0.0,9.3098,54.8938,synthetic_default
profile_sensitivity,debt_scale_low,default,rtt_uncertainty,xai_gate,7,5000,0.0,0.017583359051731036,0.9097819999999998,0.6420372901744684,0.8519612183184361,0.5523074019272194,0.06620276366666669,0.5769688888888828,0.023210673082180545,0.056864782109464704,0.39184755864180654,3.789611999999777,0.0793839089821271,0.0,0.0,7.3156,45.1838,synthetic_default
profile_sensitivity,debt_scale_low,default,adversarial_explanation_flood,xai_gate,8,5000,0.0,0.018002819851090583,0.9279580600000013,0.6794621884729682,0.8108706418936015,0.6468090398458213,435.75244046533936,0.9446472222223165,0.033701757564776225,0.2033306429030292,0.5900772537844471,6.79390799999933,0.7992409929033852,0.0,0.0,12.1418,44.9886,synthetic_default
profile_sensitivity,debt_scale_low,default,transient_overload,xai_gate,8,5000,0.24708078239173037,1.0382778344824346,53.390319140000045,0.6771076654984309,0.7501641641366199,0.7736792807779145,1275.7229723679557,0.9841544444447192,0.25170795461296264,0.1503198083130359,0.5747242519653855,4.074711999999288,0.1999999999999964,0.0102,0.0,10.0998,56.11,synthetic_default
profile_sensitivity,debt_scale_low,default,non_markovian,xai_gate,8,5000,0.1374014621055333,1.3284052027910698,68.7790377200001,0.5920099113087434,0.7375104653026455,0.6391422251525727,44.74569610355563,0.7223388888888137,0.19992768573069317,0.010443031244018122,0.5547355211944616,3.3039239999996526,0.13214452980617342,0.0,0.0,9.4034,55.3722,synthetic_default
profile_sensitivity,debt_scale_low,default,rtt_uncertainty,xai_gate,8,5000,0.0,0.015318629762263867,0.7927463200000008,0.6428153871535836,0.8530278158366663,0.5530867525044214,0.04623061388888896,0.5737433333333254,0.022519797624285087,0.05639573251209855,0.39630994280686316,3.779191999999775,0.07794885018888031,0.0,0.0,7.2736,44.9842,synthetic_default
profile_sensitivity,debt_scale_low,default,adversarial_explanation_flood,xai_gate,9,5000,0.0,0.01918521401143283,0.9885434599999998,0.679117086632365,0.8112201870459477,0.6465861230658125,428.7014769152276,0.943645000000088,0.033164690035809324,0.20592003679490128,0.5906731495778442,6.811603999999349,0.8049557863215597,0.0,0.0,12.1756,44.971,synthetic_default
profile_sensitivity,debt_scale_low,default,transient_overload,xai_gate,9,5000,0.24601008452646703,1.0388218653707102,53.41860006,0.6767807717437524,0.7499576384939316,0.773207745154402,1279.5439714207257,0.9840344444447182,0.2519352986596448,0.14898334950206893,0.5743332871369459,4.069831999999249,0.19690140711567805,0.0094,0.0,10.1018,56.2664,synthetic_default
profile_sensitivity,debt_scale_low,default,non_markovian,xai_gate,9,5000,0.13477725229163942,1.2591699182947793,65.1975127799999,0.5905059729917591,0.738213663902188,0.636852925900245,41.30701461222226,0.7046905555554831,0.19736842105263158,0.01047437673130194,0.5572411703601108,3.252819999999654,0.12233249294413429,0.0,0.0,9.2416,54.8952,synthetic_default
profile_sensitivity,debt_scale_low,default,rtt_uncertainty,xai_gate,9,5000,0.0,0.016815949338765557,0.8701308800000004,0.6421761033841235,0.8516285968118392,0.5536103731113886,0.053855574444444554,0.5765477777777718,0.024367539152338188,0.053280035045449564,0.395739787536962,3.7799839999997547,0.07976911081054983,0.0,0.0,7.3048,45.101,synthetic_default
profile_sensitivity,debt_scale_low,default,adversarial_explanation_flood,xai_gate,10,5000,0.0,0.014975086697132102,0.7719393399999996,0.67952543666139,0.814005224313891,0.6456901156136482,382.632872490897,0.936178333333395,0.03091877187453348,0.2160996566423939,0.5811866571566009,6.768535999999434,0.7933832792673812,0.0,0.0,12.0574,44.8218,synthetic_default
profile_sensitivity,debt_scale_low,default,transient_overload,xai_gate,10,5000,0.24620984387592862,1.0361168988274403,53.278904679999954,0.6772146590616538,0.7503250608253823,0.7739589005704619,1250.5009320990716,0.9827388888891649,0.2526581473458275,0.14969095931792437,0.5728481427748077,4.053911999999291,0.19623799708530476,0.0078,0.0,10.0634,56.0836,synthetic_default
profile_sensitivity,debt_scale_low,default,non_markovian,xai_gate,10,5000,0.13617590284980666,1.3193530032653011,68.31240529999991,0.5905730824273885,0.7362186002769701,0.6364228805775398,43.05292057055558,0.7142283333332587,0.19751372364739303,0.010679881239720614,0.5547557511160476,3.2924719999996683,0.13191991431479066,0.0,0.0,9.3634,55.1476,synthetic_default
profile_sensitivity,debt_scale_low,default,rtt_uncertainty,xai_gate,10,5000,0.0,0.01738915121462784,0.8998151200000019,0.6413477037401762,0.8515132778438466,0.5514505187473475,0.059256524111111174,0.576065555555551,0.023440701581837555,0.0543398082124416,0.3922902494331066,3.784679999999769,0.083531668502008,0.0,0.0,7.3206,45.0416,synthetic_default
profile_sensitivity,debt_scale_low,default,adversarial_explanation_flood,xai_gate,11,5000,0.0,0.018745038459291728,0.9661239799999994,0.6791910789435727,0.8105067441783737,0.6460390705595376,445.849947512006,0.9465727777778714,0.032700715584011525,0.19997052514368993,0.5944259771733613,6.839603999999332,0.8045514920224024,0.0,0.0,12.2138,45.1222,synthetic_default
profile_sensitivity,debt_scale_low,default,transient_overload,xai_gate,11,5000,0.24816241099856323,1.034613184783338,53.202724379999985,0.6770246884179774,0.7509383984260279,0.7737258871160568,1236.8694020218454,0.9827622222224983,0.2522425974438358,0.14944034293879496,0.5742240215924427,4.061055999999294,0.19769104334464038,0.011,0.0,10.0776,56.0946,synthetic_default
profile_sensitivity,debt_scale_low,default,non_markovian,xai_gate,11,5000,0.13652688440847588,1.3743062955140866,71.16339746000001,0.590005975883116,0.7369024116148182,0.636835556504082,44.76246394100001,0.7169466666665917,0.19957315121118344,0.009134564080674422,0.5530679756696191,3.277215999999635,0.13007227108228436,0.0,0.0,9.371,55.2826,synthetic_default
profile_sensitivity,debt_scale_low,default,rtt_uncertainty,xai_gate,11,5000,0.0,0.014557537746694195,0.7532959599999994,0.6429441832495566,0.851156145317265,0.5549710009526717,0.05915327922222234,0.5783333333333297,0.024327574896129456,0.05518806035425323,0.397660179313361,3.7937079999997683,0.08184514568418133,0.0,0.0,7.3168,45.0884,synthetic_default
profile_sensitivity,debt_scale_low,default,adversarial_explanation_flood,xai_gate,12,5000,0.0,0.017935254483912054,0.9246809800000003,0.6794034254818425,0.8119501008172533,0.6470591629164472,417.2530702377843,0.9414566666667529,0.032886603036447255,0.21176005143167995,0.5869475627647824,6.793399999999378,0.7912920228551166,0.0,0.0,12.1326,45.154,synthetic_default
profile_sensitivity,debt_scale_low,default,transient_overload,xai_gate,12,5000,0.24840784190425466,1.0354010481756792,53.232702159999974,0.676468631272377,0.7487915914453973,0.7718888167090655,1331.987505577396,0.98567555555584,0.2500246067835981,0.1501801216559381,0.5751097462548476,4.101863999999249,0.2031619149125179,0.0106,0.0,10.1598,56.295,synthetic_default
profile_sensitivity,debt_scale_low,default,non_markovian,xai_gate,12,5000,0.1371198051338352,1.2953339908282944,67.06569532000007,0.5894441717006348,0.7374713232373339,0.6358321415611501,42.93231984422215,0.7166477777777052,0.19872355866720742,0.011782535379623899,0.5496595444940127,3.278267999999669,0.1279077046046595,0.0,0.0,9.3698,55.3816,synthetic_default
profile_sensitivity,debt_scale_low,default,rtt_uncertainty,xai_gate,12,5000,0.0,0.01544082692923008,0.7989406000000006,0.6425743039620004,0.8529819615160488,0.5539791503850318,0.04819952222222224,0.5718077777777741,0.02419198761370234,0.0547706599574221,0.39508971771406454,3.7477239999998004,0.07844189610653118,0.0,0.0,7.2338,44.7176,synthetic_default
profile_sensitivity,debt_scale_low,default,adversarial_explanation_flood,xai_gate,13,5000,0.0,0.017385944166088765,0.8962696200000002,0.6793397530865104,0.8106129646019989,0.6466539917695514,422.7510731043392,0.9444944444445351,0.03351440329218107,0.20498765432098764,0.5890699588477366,6.797771999999389,0.8001280091028735,0.0,0.0,12.15,44.9968,synthetic_default
profile_sensitivity,debt_scale_low,default,transient_overload,xai_gate,13,5000,0.24615398705476255,1.0365287830165695,53.295645819999955,0.6763427930411148,0.7496890107690356,0.7716045422341906,1300.2758727519567,0.9852533333336084,0.24982287648586948,0.14994489490671495,0.5752578131150122,4.102675999999278,0.2067022654759223,0.0094,0.0,10.1624,56.1442,synthetic_default
profile_sensitivity,debt_scale_low,default,non_markovian,xai_gate,13,5000,0.1379971649041118,1.201875308208166,62.22100628,0.5921434617472181,0.7402732585096656,0.6400896364622534,41.76186365999992,0.7072294444443746,0.1988279978296256,0.012284319045035269,0.5593705914270212,3.2524519999996695,0.12439890720383939,0.0,0.0,9.215,54.6366,synthetic_default
profile_sensitivity,debt_scale_low,default,rtt_uncertainty,xai_gate,13,5000,0.0,0.017410920789617382,0.9010522600000018,0.6425919021903443,0.8524185984879327,0.5526879302726698,0.05653424355555562,0.5765755555555483,0.02305436004276433,0.05400367334630884,0.3943912936209874,3.7859239999997762,0.07865401105887093,0.0,0.0,7.2958,45.092,synthetic_default
profile_sensitivity,debt_scale_low,default,adversarial_explanation_flood,xai_gate,14,5000,0.0,0.01460182413935198,0.7525550399999997,0.679304499810463,0.8119905388333848,0.6458662423532908,413.3733415511173,0.9398416666667413,0.03141128167922568,0.212393028509242,0.5855524593137336,6.802147999999373,0.8031349043533045,0.0,0.0,12.1294,44.8456,synthetic_default
profile_sensitivity,debt_scale_low,default,transient_overload,xai_gate,14,5000,0.24743819286635282,1.0375345190449876,53.34878241999999,0.6768610858477079,0.7502552548226905,0.773284431966549,1284.7132470349572,0.9844377777780551,0.25161137253351257,0.14887895923128633,0.5758630234489304,4.078559999999285,0.20100396313736235,0.0108,0.0,10.1156,56.1508,synthetic_default
profile_sensitivity,debt_scale_low,default,non_markovian,xai_gate,14,5000,0.13450940899724645,1.233373377579304,63.85762317999988,0.5923487421316285,0.7392105820524029,0.6384321529775359,40.2535183032222,0.7044877777777077,0.19632698089943543,0.010426355750719245,0.5627420017737783,3.2764839999996562,0.12399326513369235,0.0,0.0,9.2458,54.839,synthetic_default
profile_sensitivity,debt_scale_low,default,rtt_uncertainty,xai_gate,14,5000,0.0,0.01721396034218052,0.8907614000000004,0.642339755976413,0.8529429655097288,0.552613835813873,0.05070758744444453,0.5713966666666616,0.022828907414564125,0.05816264561364766,0.3925909567713797,3.7578999999997955,0.07237637669640451,0.0,0.0,7.2452,45.0414,synthetic_default
profile_sensitivity,debt_scale_low,default,adversarial_explanation_flood,xai_gate,15,5000,0.0,0.018280695192603377,0.9422795000000006,0.6790844390635795,0.8101788978189662,0.6458677050440969,446.13275983333847,0.945898888888974,0.03200209420657384,0.2052158832479835,0.5916460790890201,6.848827999999329,0.807786784028917,0.0,0.0,12.2242,45.0798,synthetic_default
profile_sensitivity,debt_scale_low,default,transient_overload,xai_gate,15,5000,0.24677089960486698,1.037188761159714,53.32585819999997,0.6769887498271024,0.7495326489336623,0.7732455463946846,1326.2526897767377,0.9851588888891698,0.25145817268718984,0.15036479031971053,0.5740158570101034,4.080635999999269,0.20244497382422977,0.0092,0.0,10.1154,56.0824,synthetic_default
profile_sensitivity,debt_scale_low,default,non_markovian,xai_gate,15,5000,0.13831181756030858,1.2037701781188137,62.31588244000002,0.5921337885416279,0.738271281840088,0.6376127173796791,43.175043506777854,0.7093911111110377,0.19372666168782673,0.012845407020164302,0.566456844126747,3.3376039999996414,0.1301499109553288,0.0,0.0,9.373,55.2906,synthetic_default
profile_sensitivity,debt_scale_low,default,rtt_uncertainty,xai_gate,15,5000,0.0,0.01623057174644897,0.8398760600000014,0.6418402036459652,0.8512124225319843,0.552534870932316,0.05416254711111117,0.5758911111111048,0.02384080582471123,0.05186949143263809,0.395604094815788,3.7806639999997635,0.08232052791787714,0.0,0.0,7.3068,45.007,synthetic_default
profile_sensitivity,debt_scale_low,default,adversarial_explanation_flood,xai_gate,16,5000,0.0,0.015882516657088733,0.8187062800000003,0.679723173749939,0.8105599466720851,0.645739268680447,450.41081028256036,0.9473433333334266,0.03159982298854343,0.19772835297395636,0.5955124317768344,6.851855999999387,0.814413184702103,0.0,0.0,12.2026,44.8358,synthetic_default
profile_sensitivity,debt_scale_low,default,transient_overload,xai_gate,16,5000,0.24558199630697178,1.0390518288659587,53.42879843999997,0.6768010609030557,0.7499707026541271,0.7730712744691255,1273.237315882401,0.9839200000002699,0.25158838548779766,0.14967440571620846,0.574114759614433,4.073471999999273,0.20298442427684749,0.0102,0.0,10.1046,55.9974,synthetic_default
profile_sensitivity,debt_scale_low,default,non_markovian,xai_gate,16,5000,0.13958435744280334,1.2468372429492172,64.54607452000003,0.5926444263629673,0.738377967415068,0.6394248640314886,43.96878510066672,0.7124905555554834,0.19707935420324613,0.01124148858721254,0.5633805832726649,3.3081359999996525,0.12708755671396865,0.0,0.0,9.3404,55.248,synthetic_default
profile_sensitivity,debt_scale_low,default,rtt_uncertainty,xai_gate,16,5000,0.0,0.016108704822732103,0.8335840000000011,0.642562958064737,0.8523668306200358,0.5525014331596264,0.054128492333333396,0.5734888888888828,0.022703477158759023,0.055959662754174244,0.39281974982090706,3.767951999999769,0.07430347430347495,0.0,0.0,7.2588,45.045,synthetic_default
profile_sensitivity,debt_scale_low,default,adversarial_explanation_flood,xai_gate,17,5000,0.0,0.016054120510156672,0.8274235599999998,0.6791832515710725,0.810056694673058,0.6464801719470422,447.2879158305602,0.9458850000000946,0.03345419941262367,0.20151274015980575,0.5927086580583767,6.819067999999381,0.8087501020128038,0.0,0.0,12.1898,44.929,synthetic_default
profile_sensitivity,debt_scale_low,default,transient_overload,xai_gate,17,5000,0.24850822232134928,1.0346548839062046,53.193237679999925,0.6772507720327279,0.7494206418593078,0.7744241428459103,1334.2871697098435,0.9852377777780623,0.2521379364953678,0.15013065167471693,0.5762332726264946,4.076427999999249,0.20179617569215158,0.0118,0.0,10.1032,56.045,synthetic_default
profile_sensitivity,debt_scale_low,default,non_markovian,xai_gate,17,5000,0.13557103774341484,1.2452040107720297,64.46938055999998,0.5911358526462143,0.7378667171637647,0.637892597717023,40.02027652833335,0.705425555555484,0.1978554133517814,0.011220166032514701,0.5586302317537184,3.2571719999996556,0.12411267372882451,0.0,0.0,9.2512,54.8652,synthetic_default
profile_sensitivity,debt_scale_low,default,rtt_uncertainty,xai_gate,17,5000,0.0,0.016080857254313286,0.8321809400000005,0.6414699724518359,0.8523268450631064,0.5514064828419618,0.05025369344444453,0.5722599999999957,0.023360881542699725,0.05691460055096419,0.38892561983471075,3.754431999999787,0.07777817365589601,0.0,0.0,7.26,44.9072,synthetic_default
profile_sensitivity,debt_scale_low,default,adversarial_explanation_flood,xai_gate,18,5000,0.0,0.016598013307086285,0.8555789999999989,0.6798865539947496,0.8130854897000246,0.6460537707528254,376.97629478145296,0.9373316666667328,0.031164480122070556,0.20941071102781417,0.5866518501318561,6.774355999999422,0.7903821855591704,0.0,0.0,12.0586,44.9014,synthetic_default
profile_sensitivity,debt_scale_low,default,transient_overload,xai_gate,18,5000,0.24723297713346276,1.0366821374485176,53.30215952000001,0.6769660789120993,0.7499914031378122,0.7735227721990204,1304.6053884020623,0.9853122222225045,0.2515221001027912,0.15029255950027676,0.5751363959832372,4.082119999999256,0.20009584065778663,0.012,0.0,10.1176,56.2044,synthetic_default
profile_sensitivity,debt_scale_low,default,non_markovian,xai_gate,18,5000,0.1386972057425262,1.2938708968469812,66.98872147999992,0.5926542567869445,0.7384753020381272,0.6383019548744223,44.645156092000065,0.7189716666665934,0.19599685861651772,0.012013669263260671,0.5602487636108929,3.343411999999655,0.13551431715009277,0.0,0.0,9.4226,55.3206,synthetic_default
profile_sensitivity,debt_scale_low,default,rtt_uncertainty,xai_gate,18,5000,0.0,0.015960798795065897,0.8259442400000009,0.6422154996975314,0.8518050550855873,0.5528779764524713,0.05738557233333337,0.5733105555555525,0.023403553159892194,0.05403993179693086,0.39582531213904626,3.7684959999997822,0.076340171091968,0.0,0.0,7.2724,45.044,synthetic_default
profile_sensitivity,debt_scale_low,default,adversarial_explanation_flood,xai_gate,19,5000,0.0,0.01769890194354974,0.9124409999999996,0.6796244053912074,0.8126414893350876,0.646165268234673,402.3858507718956,0.9403188888889628,0.03164640591966173,0.21030985729386892,0.5863339059196617,6.794079999999405,0.7885544802486175,0.0,0.0,12.1088,45.1344,synthetic_default
profile_sensitivity,debt_scale_low,default,transient_overload,xai_gate,19,5000,0.24928093884370542,1.0346272716968388,53.19501048,0.6769908478128679,0.7497006304682312,0.7732649390184412,1291.366584691182,0.9845766666669434,0.2512403882266896,0.15007215007215008,0.5753226986103699,4.083299999999267,0.20146629759856483,0.0106,0.0,10.1178,56.1414,synthetic_default
profile_sensitivity,debt_scale_low,default,non_markovian,xai_gate,19,5000,0.13556214879936074,1.244823438525116,64.45163526000005,0.5910044599574089,0.7381278171629209,0.6354170167840585,41.40975127766665,0.7044366666665959,0.19438519380346023,0.01208713076077823,0.557688578630987,3.288083999999659,0.12406001380463216,0.0,0.0,9.2826,55.054,synthetic_default
profile_sensitivity,debt_scale_low,default,rtt_uncertainty,xai_gate,19,5000,0.0,0.015890654278377873,0.8223101399999994,0.6412495576185353,0.8511030245314083,0.5512053097564872,0.053122746222222246,0.5772477777777745,0.02300383851033131,0.0559986932730787,0.39204529986660497,3.7992719999997693,0.08712412120459034,0.0,0.0,7.3466,45.0522,synthetic_default
profile_sensitivity,debt_scale_low,default,adversarial_explanation_flood,xai_gate,20,5000,0.0,0.018585567756652238,0.9579307399999991,0.6787767544004251,0.8099640152737246,0.6464594054213525,448.46152369444854,0.9458838888889817,0.03387524992625127,0.2062178373594677,0.5890556884853649,6.815439999999349,0.8070412357700463,0.0,0.0,12.2036,45.0224,synthetic_default
profile_sensitivity,debt_scale_low,default,transient_overload,xai_gate,20,5000,0.2467238333629424,1.037732598007598,53.35809018000001,0.6760574586502599,0.748822262859798,0.771351610880382,1314.8278806920637,0.9861022222225087,0.24909853413812025,0.14823234302735752,0.5798973112800815,4.1229479999992895,0.20869307751525334,0.0098,0.0,10.2056,56.29,synthetic_default
profile_sensitivity,debt_scale_low,default,non_markovian,xai_gate,20,5000,0.1373605231033055,1.256154415082939,65.03251778000008,0.5914302461899903,0.7372961793360786,0.6376474475114229,42.922734883999944,0.7158277777777061,0.19707982521581582,0.011190450815304273,0.5584567835447085,3.3118759999996343,0.13633335997655371,0.0,0.0,9.383,55.0484,synthetic_default
profile_sensitivity,debt_scale_low,default,rtt_uncertainty,xai_gate,20,5000,0.0,0.015736374908587595,0.8142815200000006,0.643408293505033,0.852568111132639,0.554795357364328,0.05102240133333338,0.5755316666666652,0.024256153824902617,0.059562947205569525,0.38956267093958064,3.7573399999997776,0.07289471422177729,0.0,0.0,7.2394,44.9836,synthetic_default
profile_sensitivity,debt_scale_high,default,adversarial_explanation_flood,xai_gate,1,5000,0.0,0.018308202342487485,0.9440769799999991,0.6499217486050967,0.7423461808550426,0.6413832667481181,3105.045486907202,1.0000522222225094,0.053488295308218047,0.1463334103740879,0.5507478456103279,6.412059999999432,0.7942429251011556,0.0,0.0734,12.1148,45.0136,synthetic_default
profile_sensitivity,debt_scale_high,default,transient_overload,xai_gate,1,5000,0.24594938911792527,1.037546182563902,53.332471680000005,0.6818161292879182,0.7455713694677963,0.7767337399984917,3339.5520920933477,0.9957522222225164,0.2482175394121841,0.15515329161055216,0.5734769864532996,4.155351999999237,0.20463416263467993,0.01,0.0,10.0984,55.8864,synthetic_default
profile_sensitivity,debt_scale_high,default,non_markovian,xai_gate,1,5000,0.13705520439323368,1.2295315251885794,63.56940491999993,0.6743681743916436,0.7986080904130806,0.7367114541233211,368.30454644778433,0.9159644444444558,0.21409837475277324,0.15349557141628686,0.49836615358156333,3.980287999999855,0.13003573571603932,0.0042,0.0,9.3032,54.8844,synthetic_default
profile_sensitivity,debt_scale_high,default,rtt_uncertainty,xai_gate,1,5000,0.0,0.0152039578447478,0.7866346799999993,0.6501038213943747,0.8610313888153613,0.5664534121389875,4.787622501666695,0.5890955555555549,0.024161073825503355,0.06831940830023285,0.4083550198602931,3.8542839999997804,0.08404343300712513,0.0,0.0,7.301,44.8998,synthetic_default
profile_sensitivity,debt_scale_high,default,adversarial_explanation_flood,xai_gate,2,5000,0.0,0.017887992511382966,0.922266480000002,0.6464713789260553,0.7391576747764905,0.6375254081699577,3139.317141789972,1.0000061111113914,0.052209691167792276,0.1447609992787358,0.548800078683365,6.431007999999406,0.8043422642419031,0.0,0.0746,12.2008,45.0794,synthetic_default
profile_sensitivity,debt_scale_high,default,transient_overload,xai_gate,2,5000,0.24895660284487328,1.0371730891190845,53.307440139999926,0.681960228399333,0.7462181080379336,0.7765898727150925,3365.2490323655597,0.9957288888891839,0.2478884967683096,0.1552995757167215,0.5724850311273246,4.155607999999237,0.1993456126083717,0.014,0.0,10.0876,56.0728,synthetic_default
profile_sensitivity,debt_scale_high,default,non_markovian,xai_gate,2,5000,0.1378824195709479,1.181702815370791,61.09112056000004,0.673360790063871,0.800156477463609,0.7357928670001871,341.79227535000655,0.9122811111111053,0.2141409349663619,0.15070294980162152,0.4995040538209419,3.961095999999826,0.1256911776842462,0.004,0.0,9.2752,54.9304,synthetic_default
profile_sensitivity,debt_scale_high,default,rtt_uncertainty,xai_gate,2,5000,0.0,0.016812536261397584,0.8699402400000016,0.649901856836084,0.8610853008761895,0.5655720292068891,5.474634526111141,0.5910549999999969,0.023081314737786476,0.06660685642824131,0.41277220455101543,3.8878119999997836,0.08826087728329601,0.0,0.0,7.3566,45.0664,synthetic_default
profile_sensitivity,debt_scale_high,default,adversarial_explanation_flood,xai_gate,3,5000,0.0,0.016831921813213118,0.8679856399999999,0.6551730307298123,0.7484019199761208,0.6446129379607428,3005.985752828867,1.0000511111113937,0.05238134680692454,0.14776774621055247,0.5575084900190508,6.451751999999431,0.7911320197672855,0.0,0.0648,12.073,44.9362,synthetic_default
profile_sensitivity,debt_scale_high,default,transient_overload,xai_gate,3,5000,0.24791634557506184,1.0352383534829612,53.20555007999998,0.6814436238307331,0.7456689690425841,0.7754743476120817,3410.934766648895,0.9966922222225097,0.24642048252092566,0.15456425406203841,0.576326932545544,4.186163999999218,0.20565178212073487,0.0122,0.0,10.155,56.1522,synthetic_default
profile_sensitivity,debt_scale_high,default,non_markovian,xai_gate,3,5000,0.13661215999648751,1.1783951838803728,60.92156721999999,0.6735693591628851,0.7993029787598265,0.7372792527890795,355.5428816433399,0.9135172222222221,0.2160555219233763,0.15391766842514917,0.4957623454120903,3.9412439999998465,0.1282103820138134,0.0032,0.0,9.2504,54.6612,synthetic_default
profile_sensitivity,debt_scale_high,default,rtt_uncertainty,xai_gate,3,5000,0.0,0.016195352351560784,0.8379218799999997,0.6481865922704967,0.8576861278711218,0.5637358849662989,3.8417048277777788,0.5846433333333275,0.023850551133721726,0.063838516451957,0.4109296791663248,3.8440799999997655,0.08142403322270941,0.0,0.0,7.3122,45.0776,synthetic_default
profile_sensitivity,debt_scale_high,default,adversarial_explanation_flood,xai_gate,4,5000,0.0,0.016436228221374617,0.8474408000000015,0.6505902977827676,0.7424142119055218,0.6404936706777117,3075.18631150664,1.0000122222225012,0.050206587762761525,0.14490773510675073,0.553424747732473,6.466427999999384,0.8035373664952181,0.0,0.0702,12.1498,44.911,synthetic_default
profile_sensitivity,debt_scale_high,default,transient_overload,xai_gate,4,5000,0.24881796741131781,1.036520053413399,53.26564347999998,0.681360225325596,0.7453460145352729,0.7757708140474738,3477.0519926622314,0.997565555555864,0.247227748123929,0.15327647672884126,0.5765102125228969,4.179663999999222,0.20078379340397712,0.0102,0.0,10.1542,56.3754,synthetic_default
profile_sensitivity,debt_scale_high,default,non_markovian,xai_gate,4,5000,0.13475225151245387,1.276112752786768,65.97862893999995,0.672644844866233,0.7950756056695191,0.7382531186693814,396.6374204177844,0.9182177777778013,0.21582258236485766,0.15645591214415183,0.5053417208657639,3.9894599999998115,0.13596037037709952,0.003,0.0,9.379,55.043,synthetic_default
profile_sensitivity,debt_scale_high,default,rtt_uncertainty,xai_gate,4,5000,0.0,0.014505331781535168,0.7505558399999998,0.6486727504715795,0.8600242679223663,0.5639530634062285,2.9581025772222307,0.5801399999999958,0.024298235881504492,0.06604349273271941,0.40430489293243094,3.792179999999796,0.06892952868900859,0.0,0.0,7.2104,44.9696,synthetic_default
profile_sensitivity,debt_scale_high,default,adversarial_explanation_flood,xai_gate,5,5000,0.0,0.016196989162814417,0.8350673200000016,0.6524187153053977,0.747074654174812,0.6418680610626518,3069.0821887144075,1.0000127777780559,0.052339413164155434,0.14413164155432195,0.5565027755749405,6.443031999999388,0.7936773229970477,0.0,0.0692,12.1056,44.9936,synthetic_default
profile_sensitivity,debt_scale_high,default,transient_overload,xai_gate,5,5000,0.24884117180380577,1.0380098814873475,53.35398371999996,0.6819111146352685,0.7463564530944135,0.7763393264218625,3342.6954044166846,0.9950883333336265,0.24764604436339127,0.15533133783971298,0.5725811247447816,4.156635999999231,0.201870216504364,0.0116,0.0,10.0894,55.965,synthetic_default
profile_sensitivity,debt_scale_high,default,non_markovian,xai_gate,5,5000,0.13751055452574462,1.272041817301542,65.78256897999997,0.6731371482054266,0.7984618191641507,0.7400250310167084,330.06323206834014,0.9112766666666582,0.2213394858846832,0.1537122086063165,0.49419933395729493,3.8765799999998554,0.11982489558692655,0.0034,0.0,9.1886,54.7026,synthetic_default
profile_sensitivity,debt_scale_high,default,rtt_uncertainty,xai_gate,5,5000,0.0,0.015551744984995466,0.8046884200000011,0.6487084709672585,0.8603452698905321,0.5632514240047145,4.556258040000014,0.5878616666666631,0.023013294750348065,0.06677404384264694,0.4061860173077448,3.860163999999778,0.08324461793234073,0.0,0.0,7.3262,45.088,synthetic_default
profile_sensitivity,debt_scale_high,default,adversarial_explanation_flood,xai_gate,6,5000,0.0,0.01710404448109795,0.8819355999999996,0.6471011136297273,0.7395323970341202,0.6391917151210548,3175.51585758441,1.000055000000275,0.05287277027692914,0.1464965014289938,0.5479616306954437,6.419247999999369,0.8008936138115219,0.0,0.075,12.1764,45.0754,synthetic_default
profile_sensitivity,debt_scale_high,default,transient_overload,xai_gate,6,5000,0.24745075815848355,1.0375168420757759,53.32561735999993,0.6814379923787333,0.7452964793177419,0.7760967085909101,3393.4075028422126,0.9963494444447369,0.24757636187730764,0.15459948269394042,0.5750192508934389,4.1682839999992165,0.20239400975266486,0.0114,0.0,10.1294,56.1624,synthetic_default
profile_sensitivity,debt_scale_high,default,non_markovian,xai_gate,6,5000,0.1360619316061721,1.2466552863156355,64.46405845999995,0.673210135676149,0.7997958965319942,0.7377028108973774,342.23434359556336,0.9123166666666624,0.2178391361738039,0.15173219656806528,0.496700062752905,3.920663999999854,0.12704463255754872,0.0026,0.0,9.2426,54.6716,synthetic_default
profile_sensitivity,debt_scale_high,default,rtt_uncertainty,xai_gate,6,5000,0.0,0.01728593269323849,0.8943974000000013,0.6493583784824792,0.8615292377055694,0.5632900432713516,4.548994147222242,0.5852838888888864,0.022304117048486016,0.0699100684799648,0.4032067324881054,3.8410359999997965,0.07816799506594663,0.0,0.0,7.2722,44.9664,synthetic_default
profile_sensitivity,debt_scale_high,default,adversarial_explanation_flood,xai_gate,7,5000,0.0,0.016561230789237543,0.8537856200000017,0.6536125282745568,0.7470552675596732,0.6427896379216439,3052.3466675283007,1.000082222222504,0.05156273218089059,0.1473409612495253,0.5560618818828735,6.463083999999398,0.7936530499831158,0.0006,0.066,12.1134,45.0232,synthetic_default
profile_sensitivity,debt_scale_high,default,transient_overload,xai_gate,7,5000,0.24929622929210196,1.0371401341330744,53.30652707999998,0.6815836390171895,0.7466075803880536,0.7757784088668773,3366.1173148872213,0.9962144444447406,0.24669664339525893,0.15420265846250936,0.5764603794422751,4.180539999999217,0.20431793081335048,0.0114,0.0,10.1412,56.138,synthetic_default
profile_sensitivity,debt_scale_high,default,non_markovian,xai_gate,7,5000,0.1351901340427933,1.2161890354269693,62.8779090000001,0.674199879616535,0.7991513786504867,0.7374065952964566,370.22361259000866,0.9154972222222326,0.21456210499161615,0.1531880132421858,0.5011393439098843,3.9779279999998347,0.1286818094139317,0.0028,0.0,9.3036,54.9526,synthetic_default
profile_sensitivity,debt_scale_high,default,rtt_uncertainty,xai_gate,7,5000,0.0,0.014943380078435512,0.7732862199999999,0.6473191594697584,0.8584938492291841,0.5613177569310268,3.218449510000007,0.5802666666666622,0.022883546949777216,0.06755047032290006,0.4039551130425216,3.8186039999997776,0.07833803426788544,0.0,0.0,7.2716,44.9556,synthetic_default
profile_sensitivity,debt_scale_high,default,adversarial_explanation_flood,xai_gate,8,5000,0.0,0.01642033116893542,0.8469697800000003,0.6500517895432192,0.7428755511573638,0.6421378855352182,3063.981817515523,1.000040555555839,0.05474187695860135,0.14534059046676562,0.5529440870856012,6.405987999999394,0.8039005667871666,0.0,0.0694,12.126,44.814,synthetic_default
profile_sensitivity,debt_scale_high,default,transient_overload,xai_gate,8,5000,0.24887202843544787,1.0386399345485284,53.38169875999998,0.6807435564986147,0.7450777627729277,0.7746031746032458,3410.615890027772,0.9967155555558481,0.24614961496149615,0.1531903190319032,0.5774988213107025,4.190955999999229,0.20262382921720512,0.0128,0.0,10.1808,56.4366,synthetic_default
profile_sensitivity,debt_scale_high,default,non_markovian,xai_gate,8,5000,0.13796531478631302,1.2349461950361382,63.85104814000006,0.6737376125884467,0.7979253680627614,0.735519680130709,370.3428827166728,0.9154238888888987,0.21298824136374384,0.15475397149551795,0.4963348309292977,3.9837999999998486,0.131081334082219,0.0046,0.0,9.3038,54.8372,synthetic_default
profile_sensitivity,debt_scale_high,default,rtt_uncertainty,xai_gate,8,5000,0.0,0.015581325023957772,0.806302820000001,0.647873521936168,0.8594773506868952,0.5624046330823971,3.5544248100000106,0.5808816666666646,0.02389766825063543,0.06663719748038457,0.4017847275942093,3.801571999999803,0.07471425623484884,0.0,0.0,7.2392,44.9062,synthetic_default
profile_sensitivity,debt_scale_high,default,adversarial_explanation_flood,xai_gate,9,5000,0.0,0.016041033403776453,0.8273165000000017,0.6479535618490635,0.7396734244388133,0.6409990291102322,3133.6967121744087,1.0000233333336126,0.053958432753542104,0.14561700867218483,0.5499843670292419,6.407195999999334,0.8018362605871072,0.0,0.073,12.1538,44.9682,synthetic_default
profile_sensitivity,debt_scale_high,default,transient_overload,xai_gate,9,5000,0.24886482991822884,1.039409729846249,53.41932877999994,0.6814733437211449,0.7446333680367864,0.7761578667088194,3423.0666854361257,0.9967577777780761,0.2476479753851009,0.15400090727993532,0.5760044180588154,4.171743999999217,0.19805715352432962,0.0124,0.0,10.1402,56.4258,synthetic_default
profile_sensitivity,debt_scale_high,default,non_markovian,xai_gate,9,5000,0.13851543400442512,1.266110099895686,65.46923602000003,0.672857359767515,0.7973231879404212,0.7393470999089068,333.21871147945234,0.9120688888888809,0.22007722007722008,0.15305192833282721,0.49683310919265977,3.896611999999867,0.12956061753168524,0.0034,0.0,9.2204,54.4188,synthetic_default
profile_sensitivity,debt_scale_high,default,rtt_uncertainty,xai_gate,9,5000,0.0,0.016540302424789002,0.8557504400000001,0.6491495391388525,0.8608628221022415,0.5634675904764949,3.794428253333337,0.5846961111111083,0.023001788416563487,0.06457559499243362,0.4070711239510249,3.834559999999799,0.0806013548769775,0.0,0.0,7.269,44.8454,synthetic_default
profile_sensitivity,debt_scale_high,default,adversarial_explanation_flood,xai_gate,10,5000,0.0,0.01714218142408904,0.8838763799999999,0.6493383347074223,0.7409424065230782,0.6418905193734585,3105.730047379977,1.0000172222225072,0.054773289365210226,0.14471558120362737,0.5522835943940643,6.40125999999941,0.8009831913184571,0.0,0.0712,12.13,44.9014,synthetic_default
profile_sensitivity,debt_scale_high,default,transient_overload,xai_gate,10,5000,0.246565782129883,1.0373246513855294,53.31606413999995,0.6813163138478413,0.7456481547402303,0.775720993548716,3378.5805312877796,0.9966855555558527,0.24738098526249333,0.15453666620632509,0.5744865547379012,4.171007999999242,0.20587724494626602,0.0126,0.0,10.1374,56.0444,synthetic_default
profile_sensitivity,debt_scale_high,default,non_markovian,xai_gate,10,5000,0.14048802623906695,1.243556431791157,64.28615473999992,0.6733906343892605,0.797863932887981,0.7358425615932819,376.9696532711169,0.91695944444446,0.21340887629839472,0.1556571379517555,0.49660915100008585,3.9862679999998325,0.13206997084548178,0.0038,0.0,9.3192,54.88,synthetic_default
profile_sensitivity,debt_scale_high,default,rtt_uncertainty,xai_gate,10,5000,0.0,0.01632857278731259,0.8448796200000004,0.6489991494966026,0.858438796200953,0.5631769432054257,3.503091157777802,0.5864649999999947,0.02315564213009959,0.06351340228812861,0.4067052594035502,3.8433799999997618,0.07709333439716182,0.0,0.0,7.2898,45.1202,synthetic_default
profile_sensitivity,debt_scale_high,default,adversarial_explanation_flood,xai_gate,11,5000,0.0,0.01689766465383535,0.8710795400000004,0.6458902827494172,0.7377022336717964,0.6387616170240706,3196.579872263848,1.0000305555558364,0.05388985583396276,0.14551246264490492,0.5471741486322288,6.4004719999994215,0.8033735895875609,0.0002,0.0778,12.1804,45.0282,synthetic_default
profile_sensitivity,debt_scale_high,default,transient_overload,xai_gate,11,5000,0.2473131423685339,1.0368324195145775,53.288769740000006,0.68172938714274,0.7459957108939634,0.7761076449218892,3410.8596690055615,0.9966144444447435,0.24719633549202338,0.15447796556626125,0.5752448270415417,4.173947999999236,0.2029832312004185,0.013,0.0,10.1296,56.136,synthetic_default
profile_sensitivity,debt_scale_high,default,non_markovian,xai_gate,11,5000,0.13315197767185977,1.198537168634172,61.97109459999995,0.6725041545268533,0.7975571773621931,0.7364320707888331,354.45187676278385,0.9134088888888877,0.216272795942592,0.1547210531995252,0.4944426459479875,3.936835999999853,0.1299414361851945,0.0024,0.0,9.267,54.6754,synthetic_default
profile_sensitivity,debt_scale_high,default,rtt_uncertainty,xai_gate,11,5000,0.0,0.01588720724848165,0.8220320200000019,0.6487160817039357,0.8596595006216925,0.5639932729467579,4.37564089500001,0.5876833333333314,0.023262156044615342,0.06965011317461615,0.40669230139900187,3.8626999999998013,0.08504216600088688,0.0,0.0,7.3338,45.06,synthetic_default
profile_sensitivity,debt_scale_high,default,adversarial_explanation_flood,xai_gate,12,5000,0.0,0.015176799039156481,0.7824108000000009,0.6593731691079439,0.7539004827841556,0.6470610852197112,2928.0861489749545,1.000011111111398,0.05244673768308922,0.14760319573901465,0.5625998668442077,6.463131999999419,0.7856559045827254,0.0,0.0574,12.016,44.8612,synthetic_default
profile_sensitivity,debt_scale_high,default,transient_overload,xai_gate,12,5000,0.2477744083624986,1.0384002098590848,53.37323531999998,0.6821119491862956,0.7460168396711443,0.7771242556570823,3360.4515155083304,0.9951944444447431,0.2483922191345772,0.1556173084557364,0.572647876141326,4.148839999999223,0.19579549001387164,0.0102,0.0,10.076,56.1746,synthetic_default
profile_sensitivity,debt_scale_high,default,non_markovian,xai_gate,12,5000,0.1390918263859048,1.3585168386723625,70.23847039999998,0.6720387312886543,0.7897895493107537,0.7388179629436018,488.98054063834036,0.9281322222222794,0.2175860986077672,0.15052862974981682,0.5152517533759029,4.0389319999997895,0.14035715991023534,0.0056,0.0,9.553,55.848,synthetic_default
profile_sensitivity,debt_scale_high,default,rtt_uncertainty,xai_gate,12,5000,0.0,0.018684658216096807,0.9668843800000015,0.6481808703287513,0.8582168065417737,0.5624444044300094,3.8095014872222324,0.584589999999997,0.023377050979531362,0.06368325742193931,0.4058332876035779,3.834031999999794,0.07424764936481143,0.0,0.0,7.2892,45.236,synthetic_default
profile_sensitivity,debt_scale_high,default,adversarial_explanation_flood,xai_gate,13,5000,0.0,0.01637617522470395,0.8447177200000012,0.6422113592519563,0.7328996923430297,0.6376209005002794,3223.931935967196,1.0000177777780557,0.05434391655494883,0.14609423535951346,0.5428833011803943,6.385623999999395,0.8164189232329451,0.0002,0.0826,12.2332,44.8986,synthetic_default
profile_sensitivity,debt_scale_high,default,transient_overload,xai_gate,13,5000,0.24794950906304164,1.0345198067701733,53.16883397999994,0.6813330577862841,0.7445749032586884,0.775865021256566,3410.4867102850003,0.9973983333336235,0.2471067548417572,0.1541095890410959,0.577054794520548,4.18297199999924,0.20456477131690853,0.0134,0.0,10.1616,56.2394,synthetic_default
profile_sensitivity,debt_scale_high,default,non_markovian,xai_gate,13,5000,0.1337805574614376,1.327193018687717,68.62435748000001,0.6737879666001663,0.7943084811277873,0.7423128769828644,411.1466408988965,0.9196366666666972,0.2213278382381351,0.1556228132311589,0.5037242149097387,3.936955999999799,0.12748354588456778,0.0042,0.0,9.3174,55.0926,synthetic_default
profile_sensitivity,debt_scale_high,default,rtt_uncertainty,xai_gate,13,5000,0.0,0.016624604967449795,0.8600613999999985,0.6499924312051065,0.8593776522822386,0.5675532192607351,5.19625220777783,0.5937394444444392,0.02457155214359085,0.06168567875871763,0.42050062172244146,3.904223999999751,0.09280610180106108,0.0,0.0,7.3988,45.1364,synthetic_default
profile_sensitivity,debt_scale_high,default,adversarial_explanation_flood,xai_gate,14,5000,0.0,0.016461152281995198,0.848882240000001,0.648051777383619,0.7422636385963313,0.639606413036341,3136.0063161721846,1.0000350000002742,0.05340364018660884,0.14429331756357186,0.5517609566988633,6.4229799999994,0.7991116154944178,0.0,0.0732,12.1752,45.1156,synthetic_default
profile_sensitivity,debt_scale_high,default,transient_overload,xai_gate,14,5000,0.24868859639732271,1.0368064297835713,53.28742409999996,0.6814572387913405,0.7455950768861921,0.7758358680624888,3381.8084192644365,0.9955094444447368,0.24716571202844165,0.15459213904799526,0.5751135690302193,4.169667999999201,0.20446100191743133,0.0096,0.0,10.126,56.0472,synthetic_default
profile_sensitivity,debt_scale_high,default,non_markovian,xai_gate,14,5000,0.13561484518032021,1.250540014317928,64.65981739999997,0.6735099838100785,0.7977249034510892,0.7385221802482583,368.588730367784,0.9159488888889024,0.21733405288720992,0.15615758229897464,0.49560712358337833,3.9400359999998575,0.12185541445080661,0.0026,0.0,9.265,55.0576,synthetic_default
profile_sensitivity,debt_scale_high,default,rtt_uncertainty,xai_gate,14,5000,0.0,0.013859356463964688,0.7171203000000003,0.6483953610093821,0.8608889418471924,0.5614155127320096,3.6628064761111183,0.5841072222222188,0.022644004297402275,0.06581085920498057,0.40023690807415774,3.8239839999997822,0.07872066658940624,0.0,0.0,7.2602,44.8692,synthetic_default
profile_sensitivity,debt_scale_high,default,adversarial_explanation_flood,xai_gate,15,5000,0.0,0.01723590446634412,0.8887751000000015,0.6441565503080943,0.7352304556208709,0.6398997946611872,3187.1438180377495,1.0000166666669383,0.05585215605749486,0.14523203285420944,0.5445092402464066,6.3628079999993865,0.806127928745842,0.0,0.0812,12.175,44.9396,synthetic_default
profile_sensitivity,debt_scale_high,default,transient_overload,xai_gate,15,5000,0.24560323497741596,1.0391117250272035,53.40770495999999,0.6808787705870776,0.7453630211944287,0.7743350189882835,3392.965471596106,0.9960611111114055,0.24607937663564275,0.1527518151945062,0.5760610771137915,4.185363999999197,0.20403374165905386,0.0122,0.0,10.1642,56.2786,synthetic_default
profile_sensitivity,debt_scale_high,default,non_markovian,xai_gate,15,5000,0.14203057567086178,1.1774052519983793,60.862116399999955,0.6720445777968685,0.7977645431700328,0.7330004286326679,365.5043089083401,0.9146144444444538,0.21142306043720532,0.1563009001285898,0.4937419631375911,3.9910759999998495,0.13537925463057565,0.0038,0.0,9.332,54.7952,synthetic_default
profile_sensitivity,debt_scale_high,default,rtt_uncertainty,xai_gate,15,5000,0.0,0.016972585141146,0.8782017599999994,0.647404817829289,0.8582213066304232,0.5613068549864046,3.307227682222234,0.5855061111111068,0.02332441142732288,0.06251706997323428,0.4055825640465396,3.8446359999997846,0.08610465926855548,0.0,0.0,7.3228,44.9484,synthetic_default
profile_sensitivity,debt_scale_high,default,adversarial_explanation_flood,xai_gate,16,5000,0.0,0.017701714448010858,0.9129599600000005,0.645293152124046,0.7367166214259477,0.6395579738690825,3180.949959379401,1.0000444444447218,0.05516709342787735,0.14506598384872957,0.5470914582102291,6.384283999999396,0.8028159011416294,0.0,0.0784,12.1848,45.0584,synthetic_default
profile_sensitivity,debt_scale_high,default,transient_overload,xai_gate,16,5000,0.2471470858742378,1.035470603424907,53.22079297999997,0.681058756350286,0.7458714698112178,0.7750539518765779,3388.621443479449,0.9966322222225265,0.24668215649982278,0.15405820501713072,0.5754341747725751,4.180727999999232,0.20882782784211784,0.0092,0.0,10.1572,56.0168,synthetic_default
profile_sensitivity,debt_scale_high,default,non_markovian,xai_gate,16,5000,0.13174558903786301,1.2149954592970869,62.82372577999993,0.6750167990226421,0.8025781564456167,0.7379699362946307,318.6412206305631,0.9083972222222166,0.21561654594641766,0.15705995287546906,0.49181865782354484,3.9197199999998418,0.1267951875943394,0.0034,0.0,9.1672,54.2376,synthetic_default
profile_sensitivity,debt_scale_high,default,rtt_uncertainty,xai_gate,16,5000,0.0,0.014454650250918926,0.7479755800000005,0.6488944917473103,0.8581121366870065,0.5653767009847227,3.1151834155555584,0.5835794444444411,0.025157752610840155,0.06199884268826982,0.41073544404948886,3.815855999999767,0.07542271927173005,0.0,0.0,7.2582,44.9944,synthetic_default
profile_sensitivity,debt_scale_high,default,adversarial_explanation_flood,xai_gate,17,5000,0.0,0.017768233488000728,0.9161321400000001,0.6471372471698621,0.7403001982267094,0.6394904783030216,3189.3911126716375,1.000006111111384,0.05399188314355663,0.1439674011271586,0.5502045644994331,6.407431999999442,0.8001047036797149,0.0002,0.077,12.1722,45.0796,synthetic_default
profile_sensitivity,debt_scale_high,default,transient_overload,xai_gate,17,5000,0.24800413823268963,1.0384340993639474,53.37188203999996,0.6806488789414832,0.7449723261291202,0.7744060941611466,3427.7307265516697,0.9970861111114094,0.24620096595594299,0.15380688734440648,0.5763929791494876,4.19097599999923,0.20750905916282258,0.011,0.0,10.1868,56.2414,synthetic_default
profile_sensitivity,debt_scale_high,default,non_markovian,xai_gate,17,5000,0.1355204644454269,1.3948715921141943,72.14081269999983,0.6731217897746086,0.7922029004088583,0.7426302894844424,407.15972477278405,0.9208561111111392,0.2244954976252391,0.15320968816487932,0.500204164965292,3.9026079999998116,0.12417343741317755,0.0032,0.0,9.3062,55.1884,synthetic_default
profile_sensitivity,debt_scale_high,default,rtt_uncertainty,xai_gate,17,5000,0.0,0.015841028463088887,0.8197032400000016,0.6510824347255373,0.8615494231494605,0.56856935738604,4.790763806111142,0.5908477777777759,0.024467677486452462,0.07083036838360063,0.41088729541846847,3.8654759999997927,0.08057592466902697,0.0,0.0,7.3076,45.0846,synthetic_default
profile_sensitivity,debt_scale_high,default,adversarial_explanation_flood,xai_gate,18,5000,0.0,0.01801724884398202,0.9291176800000001,0.6426146758910972,0.7333262838002812,0.6381096101511557,3253.5945551655254,1.0000061111113914,0.05601823010590511,0.14484081445293287,0.5434112593855537,6.358263999999406,0.8104299021593819,0.0,0.0836,12.1996,44.9234,synthetic_default
profile_sensitivity,debt_scale_high,default,transient_overload,xai_gate,18,5000,0.2471263038032342,1.0361016867039634,53.248135439999984,0.6811201557247573,0.7452741180996868,0.7751265262786028,3417.4921092738964,0.9964994444447348,0.24601348827149572,0.15356180813621975,0.5784226980475432,4.193231999999225,0.2065161694374833,0.0128,0.0,10.1718,56.2048,synthetic_default
profile_sensitivity,debt_scale_high,default,non_markovian,xai_gate,18,5000,0.13452068017313504,1.2214276864704379,63.14636533999996,0.6733972544429512,0.7971032159978422,0.7346761732467927,384.49043353945086,0.9170500000000162,0.2111737788655954,0.15311269554113016,0.5040544854740875,4.029171999999802,0.1393203118369506,0.0046,0.0,9.397,54.986,synthetic_default
profile_sensitivity,debt_scale_high,default,rtt_uncertainty,xai_gate,18,5000,0.0,0.01480951355212095,0.76627432,0.6492212345406828,0.858174639342968,0.5643395519161836,3.10108593777778,0.5846105555555524,0.02443131625441696,0.06100927561837456,0.4072714222614841,3.815491999999763,0.07763820403549015,0.0,0.0,7.2448,44.819,synthetic_default
profile_sensitivity,debt_scale_high,default,adversarial_explanation_flood,xai_gate,19,5000,0.0,0.01539547493908195,0.7939187400000006,0.6515067769469077,0.7451268341452512,0.6419614349627694,3094.262711888297,1.0000244444447224,0.052184966899443644,0.1473593845442689,0.5528040546117907,6.439219999999381,0.7980399752436735,0.0,0.0708,12.1146,44.9178,synthetic_default
profile_sensitivity,debt_scale_high,default,transient_overload,xai_gate,19,5000,0.2468503061889716,1.0361191363522824,53.25234414,0.6822374193549449,0.7464191191435634,0.7771678411911436,3360.4860328083396,0.995118333333625,0.2481588089330025,0.15595037220843672,0.5727642679900744,4.151531999999238,0.19637536856079807,0.0102,0.0,10.075,56.1418,synthetic_default
profile_sensitivity,debt_scale_high,default,non_markovian,xai_gate,19,5000,0.13891913518652238,1.307127635187254,67.57978150000008,0.672584516349112,0.7958414595306418,0.736045956430926,395.9164231311194,0.9188566666666882,0.21554333461226927,0.15234258430319308,0.5005542055676344,3.9854559999998114,0.1348454446165952,0.0044,0.0,9.3828,55.1194,synthetic_default
profile_sensitivity,debt_scale_high,default,rtt_uncertainty,xai_gate,19,5000,0.0,0.017311178752134664,0.8957528999999999,0.6493681845581029,0.8599608228665474,0.5645316234266008,3.901269137777793,0.587155555555553,0.0232341498164283,0.07022302591922845,0.40525508247027237,3.8509039999997863,0.08168182586043216,0.0,0.0,7.2996,44.9892,synthetic_default
profile_sensitivity,debt_scale_high,default,adversarial_explanation_flood,xai_gate,20,5000,0.0,0.015800077355993054,0.8146851000000008,0.647389271248482,0.7389897378422404,0.6414179866302243,3165.252292289412,1.0000261111113906,0.05509269931175289,0.1464418612309415,0.5484078111107452,6.387443999999375,0.8006303125176029,0.0002,0.0758,12.1468,44.9724,synthetic_default
profile_sensitivity,debt_scale_high,default,transient_overload,xai_gate,20,5000,0.24800952048674058,1.0371249504590805,53.30068633999997,0.6812614827783998,0.7449715673794348,0.7749959675040573,3423.698608659452,0.9974366666669656,0.24615929342801504,0.15335287290752797,0.5766272596730727,4.191295999999228,0.2065738898046301,0.0102,0.0,10.1674,56.1778,synthetic_default
profile_sensitivity,debt_scale_high,default,non_markovian,xai_gate,20,5000,0.1330692582993051,1.2702813356159541,65.69159221999989,0.6722496333995037,0.7965917431482825,0.7371413784180229,349.605477805008,0.9143738888888907,0.21886051927887518,0.15442508410247563,0.4926032950918658,3.9158159999998445,0.13014095079334287,0.0026,0.0,9.2744,54.7094,synthetic_default
profile_sensitivity,debt_scale_high,default,rtt_uncertainty,xai_gate,20,5000,0.0,0.01630413804261678,0.8435092200000006,0.6504235164532983,0.8610735849770214,0.5659468229012273,4.527938369444467,0.5857061111111076,0.023213548120611317,0.06468401486988848,0.41236403689935286,3.842783999999786,0.0762056748623039,0.0,0.0,7.263,44.9914,synthetic_default
profile_sensitivity,cost_scale_low,default,adversarial_explanation_flood,xai_gate,1,5000,0.0,0.015967112818632133,0.8244608159999997,0.6858045018414486,0.8064723155311514,0.6559557742803881,1020.0531139573429,0.9766577777779617,0.040592538767691116,0.15616071870922993,0.6226776542863277,5.463510399999956,0.7947452580911447,0.0,0.0,12.1106,44.9854,synthetic_default
profile_sensitivity,cost_scale_low,default,transient_overload,xai_gate,1,5000,0.2479932234664308,1.0347254061420654,53.30696107200002,0.6803256107669672,0.7500414076871879,0.7752823933378858,2108.2321945967465,0.9891361111113935,0.2467142913525674,0.1537080159450606,0.5814224257015432,3.3309504000002126,0.20246120844100868,0.0004,0.0,10.1348,56.1892,synthetic_default
profile_sensitivity,cost_scale_low,default,non_markovian,xai_gate,1,5000,0.13540367861813232,1.2527017548054697,64.89526804800005,0.6224321310632408,0.7595504626350353,0.6769447184457421,86.79341227733447,0.7749705555554912,0.20946090835013081,0.02167946133722177,0.5796414633100313,2.80043520000009,0.13246905890252147,0.0,0.0,9.3268,54.9054,synthetic_default
profile_sensitivity,cost_scale_low,default,rtt_uncertainty,xai_gate,1,5000,0.0,0.013822851193805465,0.7158979359999998,0.6495123027695527,0.8562351951473398,0.5659492478086409,0.21459032622222235,0.5749883333333246,0.021984993931369302,0.0583691934238111,0.4328037073816617,3.0686848000000393,0.07830277071342295,0.0,0.0,7.2504,44.826,synthetic_default
profile_sensitivity,cost_scale_low,default,adversarial_explanation_flood,xai_gate,2,5000,0.0,0.014281179381189599,0.7374007039999999,0.6859727549266806,0.806502975331614,0.6566437971167864,1011.3216735391226,0.9764227777779609,0.04114865758497553,0.1567583652955958,0.623032667636556,5.455916799999944,0.7980547430501062,0.0,0.0,12.0976,44.8544,synthetic_default
profile_sensitivity,cost_scale_low,default,transient_overload,xai_gate,2,5000,0.2484291099081931,1.0346207598884025,53.303592671999986,0.6806310881034795,0.7505607293475101,0.7754893205035238,2100.116220075866,0.9891066666669518,0.246744778803027,0.1541166939993282,0.5804864555136235,3.329116800000201,0.19922896385205302,0.0004,0.0,10.1222,56.2706,synthetic_default
profile_sensitivity,cost_scale_low,default,non_markovian,xai_gate,2,5000,0.13349336406131107,1.2685693717394606,65.716741088,0.6259783142302865,0.7629221116327145,0.6782879767774215,94.25392106133418,0.7810627777777125,0.20659110798061942,0.029689867879020726,0.5757187680092207,2.8497664000000666,0.1317896872848483,0.0,0.0,9.3702,55.194,synthetic_default
profile_sensitivity,cost_scale_low,default,rtt_uncertainty,xai_gate,2,5000,0.0,0.015831630743658093,0.819946432,0.6484197294712913,0.854964088738619,0.5650265418334695,0.2166803595555557,0.5767211111111008,0.021860909960377102,0.0603361114906408,0.4330373001776199,3.0897184000000495,0.08189688941710282,0.0,0.0,7.319,45.0998,synthetic_default
profile_sensitivity,cost_scale_low,default,adversarial_explanation_flood,xai_gate,3,5000,0.0,0.020828091608276585,1.075503312000002,0.6860348280943057,0.8068193853221277,0.656443528496473,1003.911180565339,0.9757805555557372,0.041002466438231445,0.15551803479498766,0.6231481021668239,5.450931199999925,0.7814284513683398,0.0,0.0,12.0822,45.2154,synthetic_default
profile_sensitivity,cost_scale_low,default,transient_overload,xai_gate,3,5000,0.24670831491102413,1.0343224667732305,53.29170036800003,0.6804915596767604,0.7504393339096274,0.7754210255191825,2043.705146199416,0.987647222222516,0.24726581074655254,0.15432318909494372,0.578399904897765,3.3158336000002193,0.19898231885916884,0.0002,0.0,10.0944,56.1276,synthetic_default
profile_sensitivity,cost_scale_low,default,non_markovian,xai_gate,3,5000,0.14076392398963813,1.2300359307349462,63.710712752000035,0.6251132055264672,0.7624970077860248,0.6780539787940155,90.4090555111116,0.774994444444379,0.20466959408803684,0.023819213880261324,0.5876405697761594,2.852096000000083,0.12759572245469686,0.0,0.0,9.337,55.203,synthetic_default
profile_sensitivity,cost_scale_low,default,rtt_uncertainty,xai_gate,3,5000,0.0,0.01393598893357545,0.7218523680000007,0.6472327164375408,0.8548759942766044,0.5634852794267324,0.23443815422222283,0.5746311111110979,0.022224652141822256,0.05800825565184112,0.43153549656925727,3.0780288000000726,0.08438752899501378,0.0,0.0,7.3162,44.979,synthetic_default
profile_sensitivity,cost_scale_low,default,adversarial_explanation_flood,xai_gate,4,5000,0.0,0.01646506868413707,0.8501461279999994,0.6859390207568634,0.8071109800862666,0.6567052338861913,1011.4132305004528,0.9758588888890699,0.04126526963948753,0.1602608666865296,0.6197404575098487,5.447247999999942,0.7931605590158908,0.0,0.0,12.0828,44.9218,synthetic_default
profile_sensitivity,cost_scale_low,default,transient_overload,xai_gate,4,5000,0.24798719186749135,1.036767377875498,53.41562120000006,0.6806511683075411,0.7505957513531342,0.7751535998103039,2055.026445229215,0.9883072222225066,0.24609575771952713,0.15444984778397186,0.5803384335586921,3.331660800000206,0.19869197412383355,0.0004,0.0,10.1172,56.268,synthetic_default
profile_sensitivity,cost_scale_low,default,non_markovian,xai_gate,4,5000,0.1370601544745153,1.3095407145577573,67.82583316800006,0.6301466095222559,0.7646628551009294,0.686130866502571,111.84660221911308,0.8013405555554935,0.21098192310956462,0.04133073071374013,0.5695069167444624,2.879622400000011,0.13672019612595832,0.0,0.0,9.4264,55.2842,synthetic_default
profile_sensitivity,cost_scale_low,default,rtt_uncertainty,xai_gate,4,5000,0.0,0.015815633708123885,0.8191422080000017,0.6475097709261152,0.8538836671648316,0.5632860121599114,0.26189220133333385,0.5780072222222127,0.021278905656280534,0.058191293019216155,0.43382911735967866,3.1063680000000637,0.09121333955292665,0.0,0.0,7.3688,45.019,synthetic_default
profile_sensitivity,cost_scale_low,default,adversarial_explanation_flood,xai_gate,5,5000,0.0,0.017070594814242036,0.8811627039999994,0.6859229666727925,0.806508762930015,0.6549060147279328,1040.990756539119,0.9778533333335181,0.03887909589627848,0.15419844813100278,0.6240753859079752,5.490559999999953,0.8025859406552158,0.0,0.0,12.1402,44.8992,synthetic_default
profile_sensitivity,cost_scale_low,default,transient_overload,xai_gate,5,5000,0.24753813159291577,1.0339439500153094,53.269323711999974,0.6804087473109746,0.7502407054130813,0.7755136479366022,2088.628092175417,0.9888038888891717,0.2469062703534845,0.1538476720547891,0.5818185406674956,3.3295936000002113,0.20335305790188252,0.0002,0.0,10.1334,56.1398,synthetic_default
profile_sensitivity,cost_scale_low,default,non_markovian,xai_gate,5,5000,0.13825704474763462,1.1689580018315653,60.54688222399985,0.6268866561739286,0.7627578273963683,0.6804193527521784,89.44355408000149,0.7750649999999364,0.2068950647894612,0.022358293266639358,0.5869429292167051,2.8329088000000646,0.1261815789026337,0.0,0.0,9.2762,54.9124,synthetic_default
profile_sensitivity,cost_scale_low,default,rtt_uncertainty,xai_gate,5,5000,0.0,0.015578973971209782,0.8068719520000001,0.648460846820391,0.8547302782258253,0.5641616435868837,0.25186163244444504,0.5772749999999877,0.020816304288594628,0.05645468911775925,0.43714239006048716,3.1039616000000487,0.08920455304241215,0.0,0.0,7.3404,44.9282,synthetic_default
profile_sensitivity,cost_scale_low,default,adversarial_explanation_flood,xai_gate,6,5000,0.0,0.018417650758912454,0.950964543999999,0.6850903545309371,0.8039837717416523,0.6560583450854433,1087.1681612991183,0.9801861111112986,0.04189760913056312,0.15096257912170805,0.6280869764848643,5.485267199999939,0.8117941016122272,0.0,0.0,12.1964,44.8778,synthetic_default
profile_sensitivity,cost_scale_low,default,transient_overload,xai_gate,6,5000,0.2447689311478676,1.0361889013470151,53.39398924799997,0.680503006567081,0.7514731104918156,0.7749549014954514,2002.8525992309842,0.9877016666669547,0.24614289105150725,0.15469973890339425,0.57951578447662,3.328003200000214,0.20069967189520654,0.0006,0.0,10.1112,56.1406,synthetic_default
profile_sensitivity,cost_scale_low,default,non_markovian,xai_gate,6,5000,0.13547662470481306,1.2175285032010823,63.068329520000084,0.6258688369696631,0.7597847696375507,0.6802849596288955,88.66094896800121,0.7746555555554894,0.20834049132451468,0.020550592681669817,0.589439099811029,2.8265408000000996,0.1331282081230052,0.0,0.0,9.3136,54.7958,synthetic_default
profile_sensitivity,cost_scale_low,default,rtt_uncertainty,xai_gate,6,5000,0.0,0.015854112865575507,0.821198544,0.6479624547151626,0.855171690926824,0.5632730266299681,0.21168015022222267,0.5744261111111008,0.02140739927544187,0.05758041497420134,0.4304808431221869,3.0747488000000582,0.08081972148928851,0.0,0.0,7.2872,44.9486,synthetic_default
profile_sensitivity,cost_scale_low,default,adversarial_explanation_flood,xai_gate,7,5000,0.0,0.017821282121841513,0.9201784480000004,0.6848676624738848,0.804370811851582,0.6559646881551398,1077.6173059000123,0.9801944444446286,0.04194509958071279,0.1523355607966457,0.6274895178197065,5.488508799999965,0.8086808147595212,0.0,0.0,12.2112,45.0096,synthetic_default
profile_sensitivity,cost_scale_low,default,transient_overload,xai_gate,7,5000,0.2464288116140634,1.0350538824665838,53.332740175999994,0.6808120327590365,0.7504570677841403,0.7760134049853116,2040.169712746961,0.987992777778075,0.24739733090087054,0.15457375716353686,0.5789129270856055,3.3160544000002155,0.1997820697662238,0.0006,0.0,10.0858,56.0424,synthetic_default
profile_sensitivity,cost_scale_low,default,non_markovian,xai_gate,7,5000,0.13831558038793496,1.1988444817112065,62.09094438400014,0.6273891783396651,0.7621868242207409,0.6822804919712739,92.6920989302233,0.782506666666602,0.20705927570891697,0.027417150666211136,0.588849504612231,2.8652960000000656,0.13940234415391006,0.0,0.0,9.3664,54.803,synthetic_default
profile_sensitivity,cost_scale_low,default,rtt_uncertainty,xai_gate,7,5000,0.0,0.01633355746035689,0.8459883200000002,0.6496501227161673,0.8553341578125515,0.5647073942692493,0.21857041555555606,0.5809466666666578,0.02053449686392146,0.05647668393782383,0.43455140441778023,3.1114112000000556,0.08258752293523797,0.0,0.0,7.334,45.1634,synthetic_default
profile_sensitivity,cost_scale_low,default,adversarial_explanation_flood,xai_gate,8,5000,0.0,0.019811032363907608,1.023044752,0.6856002177212713,0.8056673256890562,0.6566314244243657,1042.9587101288955,0.9773955555557455,0.04181236392425942,0.15520881440918388,0.6243649798772845,5.459577599999955,0.792743923083638,0.0,0.0,12.1256,45.0914,synthetic_default
profile_sensitivity,cost_scale_low,default,transient_overload,xai_gate,8,5000,0.24826633271001347,1.037181284836464,53.434974304,0.6803567691367118,0.750798791359302,0.7747758099864587,2087.457306773197,0.988837222222512,0.24608580623506882,0.15368516653833245,0.580505044522103,3.3332800000002005,0.20268561557229425,0.0004,0.0,10.1298,56.151,synthetic_default
profile_sensitivity,cost_scale_low,default,non_markovian,xai_gate,8,5000,0.1344311615244351,1.266797602022246,65.62314417599993,0.6240953257427279,0.7606731061583621,0.6765490968238725,86.81304451600121,0.7753888888888243,0.2058042975772622,0.023242873041691637,0.5818637102987758,2.837020800000089,0.12920045579831663,0.0,0.0,9.3448,55.1706,synthetic_default
profile_sensitivity,cost_scale_low,default,rtt_uncertainty,xai_gate,8,5000,0.0,0.015653042252289535,0.8106760480000009,0.6471524310831851,0.8546186634135499,0.5611866282162622,0.25338765555555565,0.5773627777777687,0.019861080963750815,0.05857933579335793,0.4311102669850228,3.1103616000000605,0.0931859774635686,0.0,0.0,7.3712,44.9524,synthetic_default
profile_sensitivity,cost_scale_low,default,adversarial_explanation_flood,xai_gate,9,5000,0.0,0.017682141720160825,0.9130389759999995,0.6855969447515524,0.8063223608965104,0.6553427256380292,1021.4811435586748,0.9770383333335184,0.040533183760331264,0.15116221522015277,0.6253856178959698,5.467967999999951,0.795716077964363,0.0,0.0,12.1234,45.0086,synthetic_default
profile_sensitivity,cost_scale_low,default,transient_overload,xai_gate,9,5000,0.24713396816334338,1.0348151361970899,53.315556176000044,0.6808942622139575,0.7505830839961596,0.7760552967992046,2057.559924413206,0.9877338888891726,0.24723020513328708,0.15473193935189772,0.5796452284213656,3.3187872000002216,0.20026786277147068,0.0002,0.0,10.091,56.0486,synthetic_default
profile_sensitivity,cost_scale_low,default,non_markovian,xai_gate,9,5000,0.13684708408493262,1.2566279535384346,65.08806116800011,0.6272362182963022,0.7622193925517788,0.6817139698534954,97.96022204266801,0.7851711111110464,0.20645449327125454,0.02925356634139082,0.5870484937389715,2.8791072000000635,0.13583842247480882,0.0,0.0,9.4074,55.2156,synthetic_default
profile_sensitivity,cost_scale_low,default,rtt_uncertainty,xai_gate,9,5000,0.0,0.014367885391730785,0.7442621279999994,0.6492884778970394,0.8556647665318728,0.5660099009208569,0.2256387106666668,0.5781905555555429,0.02250089180363856,0.057980956562302774,0.4318250418461707,3.0809856000000613,0.08149895761460613,0.0,0.0,7.2886,44.929,synthetic_default
profile_sensitivity,cost_scale_low,default,adversarial_explanation_flood,xai_gate,10,5000,0.0,0.017380969307051825,0.8975249600000008,0.6861921300143823,0.8080623325884602,0.656893549137568,980.3865146911241,0.9736416666668491,0.041260925919771346,0.16067333577054738,0.6187975672172554,5.429046399999923,0.7800218590872774,0.0,0.0,12.0356,45.0766,synthetic_default
profile_sensitivity,cost_scale_low,default,transient_overload,xai_gate,10,5000,0.2485595825136689,1.0328927453719492,53.217621648000005,0.6808791861294707,0.751243243781494,0.7763947826776222,2044.9114019949752,0.9884438888891812,0.24748634312405984,0.1538872614994854,0.5816641596073153,3.3219936000002184,0.1981981020545882,0.001,0.0,10.1048,56.2222,synthetic_default
profile_sensitivity,cost_scale_low,default,non_markovian,xai_gate,10,5000,0.13768254490583562,1.281100005483955,66.35670900799995,0.6284533993216915,0.7635044460476045,0.6811833095121023,98.48906926977943,0.7856683333332714,0.20641252639887364,0.03127333233782025,0.578812637327474,2.872566400000047,0.13357611986496853,0.0,0.0,9.3754,55.1376,synthetic_default
profile_sensitivity,cost_scale_low,default,rtt_uncertainty,xai_gate,10,5000,0.0,0.016709422897174843,0.8655653120000003,0.6486497241815091,0.8557502405251609,0.5640705859884109,0.23192815822222268,0.5741677777777667,0.020748140626286465,0.05642616022175261,0.4357109531520158,3.083193600000079,0.07846445273190139,0.0,0.0,7.2874,45.048,synthetic_default
profile_sensitivity,cost_scale_low,default,adversarial_explanation_flood,xai_gate,11,5000,0.0,0.017099858386066022,0.8827296159999991,0.6850301771374302,0.8046349456426116,0.6556716662032473,1103.085820990674,0.9821438888890853,0.04198629352786274,0.14211877852107493,0.634390487250364,5.499772799999942,0.8080865435231357,0.0,0.0,12.2278,45.0856,synthetic_default
profile_sensitivity,cost_scale_low,default,transient_overload,xai_gate,11,5000,0.24768966437795717,1.033045040141424,53.216777983999954,0.6806085704708331,0.7506971444847551,0.7756786763691602,2134.2272127380843,0.9901727777780603,0.246662328186318,0.15350332288153976,0.5825395886331814,3.3364160000001926,0.20267529972607168,0.0002,0.0,10.1418,56.218,synthetic_default
profile_sensitivity,cost_scale_low,default,non_markovian,xai_gate,11,5000,0.13878624074397972,1.215556438006215,62.96193718400001,0.6249104327119732,0.7609159740173695,0.6786463003882738,88.51893072755655,0.7745461111110465,0.20644455409435136,0.02314804882758029,0.5868319996567481,2.8354912000000874,0.13241696305366157,0.0,0.0,9.3226,54.8832,synthetic_default
profile_sensitivity,cost_scale_low,default,rtt_uncertainty,xai_gate,11,5000,0.0,0.01752255615931111,0.9076130719999997,0.6472433423653225,0.8556415561197636,0.5611092517340337,0.23801495866666686,0.5758377777777673,0.020882940580781127,0.05692859293319101,0.4256233407231026,3.0797152000000567,0.07990920214935571,0.0,0.0,7.3074,45.1112,synthetic_default
profile_sensitivity,cost_scale_low,default,adversarial_explanation_flood,xai_gate,12,5000,0.0,0.016164492624125257,0.834680031999999,0.6861983758701575,0.8067990721656338,0.6571693735498928,991.3474075035664,0.9755550000001779,0.04184620483924428,0.15278422273781903,0.6258866423599603,5.441430399999921,0.7950479998334063,0.0,0.0,12.068,44.8196,synthetic_default
profile_sensitivity,cost_scale_low,default,transient_overload,xai_gate,12,5000,0.24777821810396078,1.0359482374837572,53.37119808000001,0.6806296860473097,0.7498813540299263,0.7754183069893331,2098.254718744299,0.9890383333336229,0.2468693742705098,0.154246374804645,0.5790816831193495,3.324732800000205,0.20054197645656147,0.0012,0.0,10.1098,56.1402,synthetic_default
profile_sensitivity,cost_scale_low,default,non_markovian,xai_gate,12,5000,0.13170523621947008,1.222346470377268,63.325877424000076,0.6228242180750655,0.7603652615261933,0.6776440729220383,83.00927183022335,0.7679222222221563,0.20826853291861067,0.019742526352168655,0.5868325557283567,2.7927936000000804,0.12259261279938682,0.0,0.0,9.2592,54.987,synthetic_default
profile_sensitivity,cost_scale_low,default,rtt_uncertainty,xai_gate,12,5000,0.0,0.01617663076130756,0.8378551840000007,0.6486287357275642,0.8558672400444226,0.5646990196322229,0.19484650400000017,0.5708044444444346,0.02153659008598048,0.05968870089298056,0.432501174974427,3.056854400000089,0.07407720848606991,0.0,0.0,7.2342,44.9018,synthetic_default
profile_sensitivity,cost_scale_low,default,adversarial_explanation_flood,xai_gate,13,5000,0.0,0.016951710692749065,0.8752231360000011,0.6856168436278457,0.8058402693699922,0.6559927352815571,1072.2219265368976,0.9803094444446326,0.04120508859011867,0.14999506919562144,0.6277900134775319,5.48426239999998,0.8060329729697648,0.0,0.0,12.1684,44.9176,synthetic_default
profile_sensitivity,cost_scale_low,default,transient_overload,xai_gate,13,5000,0.2484219024273965,1.0329549089359809,53.21847915200006,0.6807526988019572,0.750192882206968,0.7759964806833762,2080.2081369785265,0.9887788888891672,0.2471430266123611,0.15457313456443514,0.5808849697496935,3.325785600000219,0.19959822069163957,0.0004,0.0,10.1156,56.2166,synthetic_default
profile_sensitivity,cost_scale_low,default,non_markovian,xai_gate,13,5000,0.13661764216366157,1.1287922556230452,58.469880304000085,0.624445654778835,0.7592187980518611,0.6798226618156162,79.34181103955578,0.7635155555554886,0.20866647785451298,0.01938955578309841,0.5905317966928825,2.7792512000000844,0.12280367019155669,0.0,0.0,9.1802,54.5076,synthetic_default
profile_sensitivity,cost_scale_low,default,rtt_uncertainty,xai_gate,13,5000,0.0,0.016206815196862526,0.839539776,0.6487192554842021,0.8566568153565022,0.5642477692526569,0.20122890044444458,0.5716255555555441,0.0216042543762464,0.05788832262353202,0.42964768446709506,3.0515776000000567,0.07053796727066741,0.0,0.0,7.2208,44.9668,synthetic_default
profile_sensitivity,cost_scale_low,default,adversarial_explanation_flood,xai_gate,14,5000,0.0,0.015678989784498176,0.8094451199999991,0.6855889502037346,0.8058644305499818,0.6550293982393993,1060.6969322186735,0.9788711111112959,0.039433057416896594,0.15227959532255944,0.6268065957167258,5.499900799999952,0.8016146714068266,0.0,0.0,12.1776,45.0618,synthetic_default
profile_sensitivity,cost_scale_low,default,transient_overload,xai_gate,14,5000,0.24706544666038935,1.0323221818853878,53.18379433600003,0.680294024847279,0.7500600111815477,0.7752587260896058,2093.5087322345266,0.9888100000002917,0.24638138434233878,0.1535397357523171,0.5828830605403273,3.33522560000021,0.2056929822058684,0.0012,0.0,10.142,56.0784,synthetic_default
profile_sensitivity,cost_scale_low,default,non_markovian,xai_gate,14,5000,0.1352461487022844,1.2115471466569736,62.7572527359999,0.628006920861519,0.7647037014185164,0.6824152087004881,93.17060188800168,0.7810366666666025,0.2077333104070842,0.026823711473154797,0.5847912994884581,2.846547200000057,0.13464903456306687,0.0,0.0,9.3052,54.673,synthetic_default
profile_sensitivity,cost_scale_low,default,rtt_uncertainty,xai_gate,14,5000,0.0,0.015869325267351225,0.8219617440000009,0.6477643794979351,0.8555958350836029,0.5634368565364313,0.2438792573333336,0.5726938888888771,0.021589847827281218,0.056556611547547105,0.4331978245344174,3.0701888000000612,0.07779095189670149,0.0,0.0,7.2812,45.0378,synthetic_default
profile_sensitivity,cost_scale_low,default,adversarial_explanation_flood,xai_gate,15,5000,0.0,0.016604139701065168,0.8573143840000008,0.68567523479989,0.8062147005214714,0.6557386719393675,1025.6518925542305,0.9778861111112902,0.04071510957324106,0.15094743779864886,0.6268248475860932,5.474460799999968,0.7988698153557461,0.0,0.0,12.138,44.9838,synthetic_default
profile_sensitivity,cost_scale_low,default,transient_overload,xai_gate,15,5000,0.24743495531139714,1.034540828631484,53.29902894399995,0.6803159037096574,0.749774135326045,0.7755974743489329,2107.256159607416,0.9890733333336231,0.24705998421468034,0.1531767955801105,0.5825769534333071,3.3294528000002175,0.2021329082697596,0.0004,0.0,10.136,56.2112,synthetic_default
profile_sensitivity,cost_scale_low,default,non_markovian,xai_gate,15,5000,0.1354281380252821,1.2766651646233957,66.13436524800008,0.6253561564648356,0.7623085190376464,0.6822013830903053,94.23300993022383,0.7823444444443785,0.2098400667994091,0.02851820926199499,0.5842593187316676,2.8313632000000712,0.1317229899177892,0.0,0.0,9.3414,55.0276,synthetic_default
profile_sensitivity,cost_scale_low,default,rtt_uncertainty,xai_gate,15,5000,0.0,0.015956915684402065,0.8265714720000007,0.6493528287779851,0.8568017240423523,0.5639621349319156,0.20899701733333345,0.5745149999999924,0.02110160338954889,0.05917864362659577,0.42543823211763726,3.05868160000004,0.06936621595209824,0.0,0.0,7.2222,45.0248,synthetic_default
profile_sensitivity,cost_scale_low,default,adversarial_explanation_flood,xai_gate,16,5000,0.0,0.01771884317244377,0.9150169760000015,0.6859527543458007,0.806399780026641,0.6563184046750455,1045.0742251640077,0.9775561111112927,0.04052693266421249,0.1602918599468445,0.6201528632979514,5.46722879999997,0.796263184269905,0.0,0.0,12.1154,44.9652,synthetic_default
profile_sensitivity,cost_scale_low,default,transient_overload,xai_gate,16,5000,0.24611699399554512,1.0360726112944179,53.38334907200002,0.680596669109161,0.7500740068165889,0.776263738439983,2082.5213454256414,0.9882522222225086,0.24779689882567282,0.15367249539576608,0.5809850090104363,3.316659200000228,0.19963177431329093,0.001,0.0,10.0994,56.125,synthetic_default
profile_sensitivity,cost_scale_low,default,non_markovian,xai_gate,16,5000,0.13674640422780607,1.215373342138655,62.95422513599998,0.6266754995192436,0.7632546579692687,0.6793512127363771,93.88979771911195,0.7827883333332706,0.2055347793567689,0.027738006197243294,0.5805962175446094,2.8642528000000675,0.12999875638560177,0.0,0.0,9.359,55.2154,synthetic_default
profile_sensitivity,cost_scale_low,default,rtt_uncertainty,xai_gate,16,5000,0.0,0.015879403251633433,0.8224834719999994,0.647441924474339,0.8556695428951738,0.56371250402338,0.20992986044444456,0.570384444444434,0.021909060882968182,0.058433337003192774,0.4330892876802818,3.0600256000000496,0.07573395629497592,0.0,0.0,7.2664,45.0322,synthetic_default
profile_sensitivity,cost_scale_low,default,adversarial_explanation_flood,xai_gate,17,5000,0.0,0.016989808838065522,0.8772318399999989,0.6852266172905134,0.8052328621028685,0.6554645408664952,1087.9692256853432,0.981312222222413,0.0410958904109589,0.14899718162155076,0.6285639378645868,5.4970015999999475,0.8010089876333373,0.0,0.0,12.2056,45.1806,synthetic_default
profile_sensitivity,cost_scale_low,default,transient_overload,xai_gate,17,5000,0.24685619150878724,1.0337904179911328,53.268888208,0.6811245171824377,0.7517866161379361,0.7772577947677304,2014.26168713142,0.987180000000282,0.2491737347190698,0.15458129255763947,0.5776092063871302,3.29549120000021,0.19421935631134035,0.0006,0.0,10.0452,56.0768,synthetic_default
profile_sensitivity,cost_scale_low,default,non_markovian,xai_gate,17,5000,0.13480281966785704,1.3372274372005242,69.27764118399996,0.6268694142609811,0.7622503728807225,0.6784776784757244,95.57907890311266,0.7840288888888298,0.2074197903941362,0.030347842859898413,0.5681862020189031,2.8396576000000446,0.12643311871256535,0.0,0.0,9.3318,55.2292,synthetic_default
profile_sensitivity,cost_scale_low,default,rtt_uncertainty,xai_gate,17,5000,0.0,0.015989810991808656,0.8282152959999998,0.6493418848024219,0.8557639656397915,0.5658675542914448,0.22298740711111145,0.5758888888888735,0.021863927266734418,0.05515422858241547,0.43744334880654817,3.0815232000000656,0.07902325677890665,0.0,0.0,7.2814,44.9876,synthetic_default
profile_sensitivity,cost_scale_low,default,adversarial_explanation_flood,xai_gate,18,5000,0.0,0.0176345218787926,0.9103199839999996,0.6855300463770931,0.8051434531128611,0.6555734631450871,1086.1326161413426,0.9807311111113041,0.041278821168963586,0.14893267111798178,0.6264842285300792,5.479417599999965,0.8047473825583078,0.0,0.0,12.1612,44.923,synthetic_default
profile_sensitivity,cost_scale_low,default,transient_overload,xai_gate,18,5000,0.24804352942847752,1.035208496658152,53.33153920000004,0.6796458096619857,0.7491609153382767,0.773876307644166,2141.8980751945132,0.9904550000002897,0.24513184186811895,0.15225482897778475,0.5853935665869999,3.3571968000001937,0.2086298911319162,0.0004,0.0,10.2092,56.3128,synthetic_default
profile_sensitivity,cost_scale_low,default,non_markovian,xai_gate,18,5000,0.13484912147410696,1.2622842377602377,65.38725691199986,0.6253856921354842,0.7607707002357994,0.6801636661210854,90.24359308089049,0.7794544444443812,0.21031096563011456,0.025217503660952708,0.5767723318115255,2.80610560000008,0.12644213508766922,0.0,0.0,9.2872,54.9648,synthetic_default
profile_sensitivity,cost_scale_low,default,rtt_uncertainty,xai_gate,18,5000,0.0,0.01566233424142402,0.8112517760000004,0.6474170467269798,0.8548402127468355,0.5635336589964399,0.23108784844444485,0.5743444444444324,0.02182046590381517,0.055547969522353004,0.4359450528443073,3.0845984000000612,0.08837774736094262,0.0,0.0,7.3234,44.8582,synthetic_default
profile_sensitivity,cost_scale_low,default,adversarial_explanation_flood,xai_gate,19,5000,0.0,0.014695041061888826,0.7588106400000001,0.6861400896654127,0.806558936964677,0.6559336278061825,1015.4039109826747,0.9761777777779603,0.040018528628385196,0.15686469138253345,0.6218505467599715,5.4619615999999604,0.7914043884917685,0.0,0.0,12.0894,44.9904,synthetic_default
profile_sensitivity,cost_scale_low,default,transient_overload,xai_gate,19,5000,0.24867752226760975,1.0332221579229646,53.23160028799998,0.6802096551725197,0.7506747627989302,0.7748709359606675,2113.464876646962,0.9899661111114005,0.2464039408866995,0.15428571428571428,0.580551724137931,3.335964800000204,0.20493799021091652,0.001,0.0,10.15,56.1578,synthetic_default
profile_sensitivity,cost_scale_low,default,non_markovian,xai_gate,19,5000,0.13141191353315174,1.3056082235797797,67.63514937600021,0.6277584398348013,0.7627096372329393,0.6824969494573,94.2214794168904,0.785762777777713,0.21002718729261663,0.02815062188255946,0.5786611863935093,2.839462400000058,0.13140781108083743,0.0002,0.0,9.3426,55.05,synthetic_default
profile_sensitivity,cost_scale_low,default,rtt_uncertainty,xai_gate,19,5000,0.0,0.014771630532030804,0.7650839840000008,0.647833521181015,0.855900422421674,0.561921458629432,0.20706994266666734,0.5732005555555463,0.020342524122385023,0.05816862303103609,0.4284025620584435,3.073017600000052,0.07915600548818902,0.0,0.0,7.2754,44.945,synthetic_default
profile_sensitivity,cost_scale_low,default,adversarial_explanation_flood,xai_gate,20,5000,0.0,0.017588865290462694,0.9083476799999993,0.6853651242277763,0.8042344603595187,0.6556576179834377,1084.648589129786,0.9803172222224131,0.04116274484027869,0.15378927303799134,0.6238497436571578,5.4817343999999775,0.7978908993147431,0.0,0.0,12.1712,45.1314,synthetic_default
profile_sensitivity,cost_scale_low,default,transient_overload,xai_gate,20,5000,0.24597805834378902,1.0332816752817313,53.23312363200004,0.68042178776471,0.750320799958127,0.7750914399574654,2087.561631093188,0.9895188888891839,0.24614807946497266,0.1542149184241157,0.5811320010258636,3.3364800000001886,0.2045407018744554,0.0008,0.0,10.1378,56.1088,synthetic_default
profile_sensitivity,cost_scale_low,default,non_markovian,xai_gate,20,5000,0.13544882662303503,1.2696589940589478,65.76835727999998,0.6254994650118338,0.762297108402035,0.6802914615878138,95.42304756311246,0.7833544444443797,0.20915899850203296,0.029574149368713887,0.5763963192809758,2.8317984000000656,0.1377802450378811,0.0,0.0,9.346,54.7616,synthetic_default
profile_sensitivity,cost_scale_low,default,rtt_uncertainty,xai_gate,20,5000,0.0,0.017598969899621248,0.9115211200000009,0.648049467837748,0.8552401318460463,0.5613014536710348,0.25581159555555616,0.5764288888888778,0.019726941913595447,0.05658157541930012,0.4287395003967277,3.091897600000068,0.07948378293364744,0.0,0.0,7.3098,45.1438,synthetic_default
profile_sensitivity,cost_scale_high,default,adversarial_explanation_flood,xai_gate,1,5000,0.0,0.01632388514359275,0.8402660249999979,0.6545933132501244,0.7492838316451111,0.6489362437651279,2332.6674956624033,1.0000200000002766,0.06191252242909115,0.13834428037598565,0.570151612425305,7.982184999999984,0.8055122112152349,0.0016,0.0586,12.1494,44.8604,synthetic_default
profile_sensitivity,cost_scale_high,default,transient_overload,xai_gate,1,5000,0.2497235752606992,1.0389007505980687,53.239981400000026,0.6792833844026015,0.7464239596432707,0.7715886132253396,2633.4439146018062,0.9931022222225208,0.24665414648611247,0.15423544529010577,0.5644360976574083,5.177960000000412,0.19817851284693488,0.0468,0.0,10.117,56.291,synthetic_default
profile_sensitivity,cost_scale_high,default,non_markovian,xai_gate,1,5000,0.13975665413068938,1.236229402308994,63.850474375000104,0.6479381201323404,0.7870778687468194,0.7077149258508456,194.87097726155912,0.8577199999999705,0.2124613250826843,0.10427824602581884,0.522692841139443,4.701905000000201,0.13636088096155863,0.01,0.0,9.373,54.9884,synthetic_default
profile_sensitivity,cost_scale_high,default,rtt_uncertainty,xai_gate,1,5000,0.0,0.016086353609508046,0.8313440499999996,0.6390563145071214,0.8500006333790897,0.5478193109802977,0.8060955120000011,0.5789649999999995,0.02589865031346675,0.0545623785145235,0.3700002737700879,4.676080000000191,0.08147878389521268,0.0,0.0,7.3054,45.0334,synthetic_default
profile_sensitivity,cost_scale_high,default,adversarial_explanation_flood,xai_gate,2,5000,0.0,0.015278277454470603,0.7859290999999986,0.6626696511167793,0.7604658903368197,0.6508034888330937,2192.7629874026293,1.000006111111383,0.05704043874719175,0.13730672657592177,0.582892824104665,8.112310000000003,0.8007421784946673,0.0022,0.045,12.1072,44.823,synthetic_default
profile_sensitivity,cost_scale_high,default,transient_overload,xai_gate,2,5000,0.2480018283661899,1.0387307923811238,53.23150900000005,0.6790701667819093,0.7475138899463915,0.7708662784960795,2608.650073225356,0.9927338888891787,0.24598835488009474,0.15308398302575743,0.5655580775683411,5.1879100000004135,0.2041163119556051,0.0464,0.0,10.133,56.102,synthetic_default
profile_sensitivity,cost_scale_high,default,non_markovian,xai_gate,2,5000,0.13623345213849278,1.288652734493237,66.5887556250001,0.6432150118970899,0.7824235913965513,0.7040752757949302,164.2515221773363,0.8411361111110762,0.21760761410339607,0.0854639844256976,0.5261085874972962,4.536895000000202,0.12289548182126109,0.0062,0.0,9.246,54.8938,synthetic_default
profile_sensitivity,cost_scale_high,default,rtt_uncertainty,xai_gate,2,5000,0.0,0.015499888678951594,0.8011919000000001,0.6395679838335686,0.8507517129214133,0.5480367560559006,0.9576582406666676,0.5809794444444394,0.025232802643436466,0.05685573063163931,0.3694803244217483,4.697750000000186,0.08414972451423575,0.0,0.0,7.3238,45.0356,synthetic_default
profile_sensitivity,cost_scale_high,default,adversarial_explanation_flood,xai_gate,3,5000,0.0,0.017983523975717376,0.9254374499999986,0.659142682180122,0.7552485871543386,0.6511744261101325,2252.148818279293,1.000021666666948,0.06176660432631039,0.1382631866404065,0.5752304662286292,7.999179999999968,0.7896234951579946,0.001,0.0512,12.0842,45.0158,synthetic_default
profile_sensitivity,cost_scale_high,default,transient_overload,xai_gate,3,5000,0.24892429181574563,1.0403368969252167,53.31230645,0.6792359302234863,0.7471373553935249,0.7714231588918553,2649.695574169589,0.9937588888891765,0.24632962349040965,0.1543136790591207,0.5651985160628306,5.188850000000419,0.20393995980214785,0.0452,0.0,10.1352,56.1224,synthetic_default
profile_sensitivity,cost_scale_high,default,non_markovian,xai_gate,3,5000,0.13851447723684154,1.1949076907607776,61.71125737500014,0.6504214294957936,0.7900562858600362,0.7099109261096439,193.5208137380038,0.8597455555555285,0.21354009403442178,0.10404175473407239,0.5169089418970798,4.676305000000216,0.13241232938774483,0.007,0.0,9.2732,54.5926,synthetic_default
profile_sensitivity,cost_scale_high,default,rtt_uncertainty,xai_gate,3,5000,0.0,0.018679192608398044,0.9654934249999997,0.6384335125156538,0.8503541676259772,0.5478850486794078,1.13124516377778,0.582063333333335,0.02647010913829614,0.05739262637780312,0.36870825867405116,4.703285000000216,0.09082509306395803,0.0,0.0,7.3668,45.0228,synthetic_default
profile_sensitivity,cost_scale_high,default,adversarial_explanation_flood,xai_gate,4,5000,0.0,0.017221278172300996,0.8861717499999988,0.6521258316222636,0.7462938407032828,0.6471385626283398,2367.58645251485,1.0000466666669439,0.06171663244353183,0.13723203285420946,0.5673264887063655,7.971049999999977,0.8086554002662092,0.0018,0.0636,12.175,44.8768,synthetic_default
profile_sensitivity,cost_scale_high,default,transient_overload,xai_gate,4,5000,0.248539028620989,1.0411541655278933,53.34974212499998,0.6791378154575183,0.7468387002439465,0.7711660094637917,2650.3860145704584,0.9937172222225078,0.2461159305993691,0.15362776025236594,0.5659700315457413,5.193390000000407,0.20684752723556588,0.0488,0.0,10.144,56.0358,synthetic_default
profile_sensitivity,cost_scale_high,default,non_markovian,xai_gate,4,5000,0.1359497143913265,1.2758092648512325,65.91780210000002,0.6465058846228497,0.7874169956609843,0.7030842283533748,185.99755500578172,0.8539788888888623,0.21103179196947286,0.10307200891804404,0.5105365832743799,4.668125000000196,0.13252897967507637,0.0074,0.0,9.3294,54.9178,synthetic_default
profile_sensitivity,cost_scale_high,default,rtt_uncertainty,xai_gate,4,5000,0.0,0.01652019700617063,0.8538959500000004,0.6393722723904568,0.8505454073129682,0.5472679105206972,0.7546779584444459,0.5784616666666655,0.025114593912112647,0.05635001235143963,0.3670573381275217,4.672010000000196,0.07860943964591982,0.0,0.0,7.2866,45.037,synthetic_default
profile_sensitivity,cost_scale_high,default,adversarial_explanation_flood,xai_gate,5,5000,0.0,0.01761283244474553,0.9064263249999971,0.6590908640753529,0.7560066799716323,0.6514094247751159,2275.4773481079596,1.0000133333336108,0.06211108360155154,0.1389948006932409,0.5768754642238177,8.012444999999975,0.7989328439974681,0.0012,0.051,12.117,44.9044,synthetic_default
profile_sensitivity,cost_scale_high,default,transient_overload,xai_gate,5,5000,0.24756133004004688,1.0390625537226263,53.24871015000002,0.6790701581028729,0.7479073879744595,0.7714543478261628,2628.592330506461,0.9932588888891833,0.24689723320158102,0.15480237154150198,0.563399209486166,5.1738650000003945,0.2018773990042937,0.05,0.0,10.12,56.1344,synthetic_default
profile_sensitivity,cost_scale_high,default,non_markovian,xai_gate,5,5000,0.1376538181655085,1.148057350932432,59.309305625000015,0.6416680370434993,0.7836017103799952,0.6977280595464666,155.23234617444683,0.8285149999999626,0.20934308464601004,0.07642374935087416,0.5370001731002251,4.586990000000174,0.12809171969546806,0.0066,0.0,9.2432,54.6244,synthetic_default
profile_sensitivity,cost_scale_high,default,rtt_uncertainty,xai_gate,5,5000,0.0,0.0186639236634706,0.9646903500000017,0.6397644264890991,0.8502923079997421,0.5486994470420107,0.8081037677777776,0.5828072222222206,0.02609597641535186,0.05391166675765682,0.36990227657367475,4.696670000000212,0.08013279789599181,0.0,0.0,7.3268,45.2216,synthetic_default
profile_sensitivity,cost_scale_high,default,adversarial_explanation_flood,xai_gate,6,5000,0.0,0.018408944523583905,0.9473670999999978,0.6510834385401988,0.7458033358904862,0.6455636077454049,2392.3604798488423,1.0000111111113745,0.060402354445737896,0.1373317374694627,0.5655260612221475,7.98745000000003,0.8073897588852998,0.0008,0.0642,12.1982,44.9938,synthetic_default
profile_sensitivity,cost_scale_high,default,transient_overload,xai_gate,6,5000,0.24885582781963703,1.042081971493605,53.40250925,0.6787456240413349,0.7466312351091376,0.7702912716832007,2644.971299940244,0.9940411111114094,0.24536836722652716,0.15265704283522794,0.5669472524879047,5.207235000000455,0.20645247781174936,0.0464,0.0,10.1692,56.1934,synthetic_default
profile_sensitivity,cost_scale_high,default,non_markovian,xai_gate,6,5000,0.1375751522549053,1.277823396326732,66.03920225000012,0.6405262014898305,0.7821959307474411,0.6958514126870227,158.98357745489193,0.8325066666666319,0.2113927074510826,0.0784633092275284,0.5205550850218256,4.539175000000164,0.12017281707152128,0.007,0.0,9.2094,54.8094,synthetic_default
profile_sensitivity,cost_scale_high,default,rtt_uncertainty,xai_gate,6,5000,0.0,0.017178416942493578,0.8878345749999993,0.6373357694091167,0.849087353240586,0.5458262231525502,0.7948523313333343,0.5765577777777775,0.02574241226036923,0.05794769709034387,0.3669929917373401,4.673805000000198,0.08510616262537152,0.0,0.0,7.3342,45.0598,synthetic_default
profile_sensitivity,cost_scale_high,default,adversarial_explanation_flood,xai_gate,7,5000,0.0,0.017994176010022817,0.9260048749999984,0.6593686344310195,0.7559999122665784,0.650226111605532,2266.472082579073,1.000021666666947,0.05964270411022117,0.13721612446026565,0.5784633639869475,8.057049999999936,0.7943179045886997,0.0016,0.0488,12.1356,45.089,synthetic_default
profile_sensitivity,cost_scale_high,default,transient_overload,xai_gate,7,5000,0.24791132590420845,1.0390799839519398,53.25003692500003,0.6796319955562768,0.7479329225955134,0.7718658122880457,2563.2348321615946,0.9913172222225072,0.2467514432519293,0.1548396056103319,0.5630567183129327,5.163685000000445,0.20006380405489388,0.0492,0.0,10.0814,56.0048,synthetic_default
profile_sensitivity,cost_scale_high,default,non_markovian,xai_gate,7,5000,0.14012312131454058,1.3264801987239103,68.51985990000028,0.6475036955695834,0.7852501855773921,0.7070515690332272,204.46434640044916,0.8712627777777493,0.2130548633695147,0.11587194323605186,0.506398614689361,4.738645000000194,0.1350975598063191,0.0108,0.0,9.4708,55.624,synthetic_default
profile_sensitivity,cost_scale_high,default,rtt_uncertainty,xai_gate,7,5000,0.0,0.016670485253379105,0.8617843,0.638781859584667,0.8502750235377361,0.5467710928555306,0.6661269153333327,0.5776338888888891,0.025405360915251446,0.056654503552909546,0.3659085297264671,4.665000000000207,0.07832652149538033,0.0,0.0,7.2898,45.0686,synthetic_default
profile_sensitivity,cost_scale_high,default,adversarial_explanation_flood,xai_gate,8,5000,0.0,0.018183919498429565,0.9356980499999988,0.6650180127833566,0.7641545348699966,0.6530892338341573,2184.4012974512943,1.0000294444447155,0.05870341163775214,0.13814227608533244,0.584344650120362,8.08431499999995,0.7898956401844723,0.0018,0.0436,12.047,44.8704,synthetic_default
profile_sensitivity,cost_scale_high,default,transient_overload,xai_gate,8,5000,0.24792080097208552,1.0401192625009663,53.30122750000012,0.6787511829654087,0.7466393963744048,0.7708288643533909,2661.6255551131258,0.9938561111114086,0.24660883280757098,0.15319400630914826,0.564609621451104,5.1832950000004,0.20577593297863817,0.0462,0.0,10.144,56.0856,synthetic_default
profile_sensitivity,cost_scale_high,default,non_markovian,xai_gate,8,5000,0.1375627480648204,1.2223875357535843,63.15665785000012,0.6435251190992255,0.7824464496458701,0.7049053702901633,169.37482920955844,0.8429172222221883,0.21905586834127327,0.09021221307925509,0.5199003897791251,4.520565000000192,0.12516964039890022,0.0074,0.0,9.236,54.7236,synthetic_default
profile_sensitivity,cost_scale_high,default,rtt_uncertainty,xai_gate,8,5000,0.0,0.017476765913444395,0.9033574249999994,0.6368079088288182,0.8497906554190627,0.5444297394765013,0.9083052977777794,0.5729722222222211,0.02562130989976658,0.05882191404640945,0.3614993821227516,4.6350700000002,0.0790444907689336,0.0,0.0,7.283,44.9966,synthetic_default
profile_sensitivity,cost_scale_high,default,adversarial_explanation_flood,xai_gate,9,5000,0.0,0.01745974119875842,0.8984006749999981,0.6547293676754267,0.7511349810365433,0.6471651407814141,2326.655725648634,1.0000183333336041,0.06025740068048456,0.13675438452308553,0.5718535807623399,8.01515499999997,0.8029655774311422,0.0016,0.058,12.1678,44.9918,synthetic_default
profile_sensitivity,cost_scale_high,default,transient_overload,xai_gate,9,5000,0.24680840920177022,1.0382252643176657,53.21246067499999,0.6796865390339331,0.7484512750700534,0.7724481698244948,2590.448456772247,0.9929044444447362,0.24769368118242238,0.15423073107826604,0.5628211486955659,5.156885000000406,0.19644851449778655,0.045,0.0,10.081,56.1718,synthetic_default
profile_sensitivity,cost_scale_high,default,non_markovian,xai_gate,9,5000,0.13833981655648495,1.1643412439492256,60.12383147500011,0.6485223419004434,0.7896216958347265,0.7045101844939674,191.47420865578175,0.8584433333333055,0.20831822544523834,0.09956275994454516,0.5209981870534286,4.744955000000225,0.1416292292146064,0.0094,0.0,9.377,54.758,synthetic_default
profile_sensitivity,cost_scale_high,default,rtt_uncertainty,xai_gate,9,5000,0.0,0.017036828272771632,0.8805673749999996,0.6401133401026803,0.8502764931075482,0.5488821248867016,0.7710515813333351,0.5784288888888875,0.025055572326353633,0.05691703943576937,0.3720464337660199,4.682375000000198,0.07619199508552832,0.0,0.0,7.2878,45.1456,synthetic_default
profile_sensitivity,cost_scale_high,default,adversarial_explanation_flood,xai_gate,10,5000,0.0,0.01598912235985791,0.8227880249999991,0.6605778873683156,0.7577223241025425,0.6514473662435704,2225.4939022506283,1.000014444444725,0.0604365598159763,0.13844804474820857,0.5770433746504047,8.031684999999973,0.7935623852625533,0.0012,0.049,12.0854,44.9214,synthetic_default
profile_sensitivity,cost_scale_high,default,transient_overload,xai_gate,10,5000,0.24775752963636294,1.0387258297440984,53.24203649999999,0.6793269973271024,0.7472583769276573,0.7722370062370825,2572.555701549371,0.992546666666965,0.24771804771804773,0.15412335412335412,0.5642213642213643,5.1605100000003965,0.202598784900188,0.0444,0.0,10.101,55.9954,synthetic_default
profile_sensitivity,cost_scale_high,default,non_markovian,xai_gate,10,5000,0.13607090946237824,1.2335935759001846,63.71847145000007,0.6466962680818741,0.7863593839387243,0.7055469485577298,183.9579287415599,0.854820555555527,0.212573825216126,0.09785585894034067,0.5219121800907301,4.673105000000204,0.13663339365283078,0.0096,0.0,9.3464,54.8192,synthetic_default
profile_sensitivity,cost_scale_high,default,rtt_uncertainty,xai_gate,10,5000,0.0,0.015505633525620826,0.8014367000000001,0.6392450552766992,0.8513151021039906,0.5479011299637007,0.6590193162222235,0.5785888888888873,0.025896359696046964,0.05486516884755713,0.3689682604998217,4.668590000000195,0.08029054312360762,0.0,0.0,7.2906,44.9916,synthetic_default
profile_sensitivity,cost_scale_high,default,adversarial_explanation_flood,xai_gate,11,5000,0.0,0.019252136027407957,0.9907239999999987,0.6498000457786516,0.7442291242680389,0.6450376038192422,2393.1655630943974,1.0000383333336043,0.06173566150022889,0.1362075730822052,0.5670001961938396,7.976744999999967,0.8082804129563319,0.0012,0.0638,12.2328,45.0992,synthetic_default
profile_sensitivity,cost_scale_high,default,transient_overload,xai_gate,11,5000,0.24884970134053444,1.040187792575237,53.297449425000046,0.6784471207686885,0.7465261678174746,0.7692636397572394,2673.638034027149,0.9938272222225146,0.24430735377905263,0.15340183500658167,0.5657085600895891,5.217900000000418,0.21042843825504765,0.047,0.0,10.1798,56.0672,synthetic_default
profile_sensitivity,cost_scale_high,default,non_markovian,xai_gate,11,5000,0.1364448868051173,1.2087620282379719,62.44741367500015,0.6411157489511308,0.7821424997004419,0.6978688524590053,162.811965377558,0.830665555555518,0.21134132099139236,0.07777152991046325,0.5320948137895237,4.564155000000186,0.12448275568558587,0.0092,0.0,9.2476,54.8258,synthetic_default
profile_sensitivity,cost_scale_high,default,rtt_uncertainty,xai_gate,11,5000,0.0,0.016025029680043112,0.8282218500000003,0.6386504515881491,0.8494119936693915,0.5473996012471221,0.795780904444446,0.5781911111111111,0.02640898234825816,0.05685343289318363,0.3647020067532325,4.654700000000216,0.08229121171335674,0.0,0.0,7.2854,44.8764,synthetic_default
profile_sensitivity,cost_scale_high,default,adversarial_explanation_flood,xai_gate,12,5000,0.0,0.015384479822707832,0.791725349999998,0.6521739915022885,0.7470120104630452,0.647042013222435,2380.7127521312937,1.0000188888891568,0.06189609068687763,0.13716226192233869,0.5693357612743409,7.979879999999987,0.8112612150844818,0.0016,0.0622,12.1914,44.8726,synthetic_default
profile_sensitivity,cost_scale_high,default,transient_overload,xai_gate,12,5000,0.24963924323201192,1.038896390935897,53.23123672499998,0.6787506625572874,0.7456274858984422,0.7705891360255135,2700.4230757733544,0.9948533333336278,0.24535228410451718,0.15300653723080548,0.5685231355150278,5.21711000000045,0.2061735323298226,0.049,0.0,10.1878,56.3092,synthetic_default
profile_sensitivity,cost_scale_high,default,non_markovian,xai_gate,12,5000,0.13768352384963983,1.304352810359847,67.38295092500022,0.6468175982196814,0.7849206389864755,0.7063697252418004,198.47603305978149,0.8619605555555276,0.2155696310879055,0.10673628348882992,0.5061628006505179,4.645240000000216,0.1312843752420818,0.009,0.0,9.3464,55.0784,synthetic_default
profile_sensitivity,cost_scale_high,default,rtt_uncertainty,xai_gate,12,5000,0.0,0.01659252384729761,0.8577082499999997,0.6399208370239581,0.8511995578791253,0.5482886162907762,0.737149054666668,0.5754983333333366,0.025492692648361383,0.0591784765279008,0.36481399468556247,4.636420000000203,0.07215087508438978,0.0,0.0,7.2256,44.929,synthetic_default
profile_sensitivity,cost_scale_high,default,adversarial_explanation_flood,xai_gate,13,5000,0.0,0.01761924372435689,0.9069145249999979,0.6502478511909516,0.7442622246911291,0.6454945541631214,2391.242653534621,1.0000516666669523,0.062430286726592746,0.13813070008529624,0.5636605209631914,7.94887999999994,0.8057869660711472,0.002,0.0646,12.1928,45.0138,synthetic_default
profile_sensitivity,cost_scale_high,default,transient_overload,xai_gate,13,5000,0.24801945147265825,1.0385777559098037,53.221279800000005,0.6794203327610768,0.7460864714989023,0.77208399944745,2654.8016526220126,0.9941155555558481,0.24682732350445064,0.15339372767284426,0.5669370596246077,5.187045000000437,0.20371327263332462,0.0476,0.0,10.1334,56.123,synthetic_default
profile_sensitivity,cost_scale_high,default,non_markovian,xai_gate,13,5000,0.13590364833362437,1.2905265966236465,66.6926511250002,0.6431533901046084,0.7843001066863224,0.7013180985232272,170.49664414444706,0.8459722222221897,0.21565161151234236,0.08998598684919694,0.5138083432144012,4.562215000000196,0.1246157128587071,0.0092,0.0,9.277,54.9936,synthetic_default
profile_sensitivity,cost_scale_high,default,rtt_uncertainty,xai_gate,13,5000,0.0,0.017468262531121204,0.9028968499999992,0.6395021247430188,0.8500254405043998,0.5485462218360041,0.7965102040000019,0.580667777777775,0.026401644962302948,0.05727210418094585,0.3653735435229609,4.670360000000184,0.08070231576951192,0.0,0.0,7.295,45.0016,synthetic_default
profile_sensitivity,cost_scale_high,default,adversarial_explanation_flood,xai_gate,14,5000,0.0,0.01664576933083124,0.8565858499999977,0.6558654115630875,0.7511901752269576,0.6496035213241311,2322.6312173408396,1.0000172222225072,0.06124400336306236,0.1384130961605038,0.5712095484594207,7.9950249999999246,0.8008413565018111,0.0022,0.0562,12.1318,44.9116,synthetic_default
profile_sensitivity,cost_scale_high,default,transient_overload,xai_gate,14,5000,0.24748743368036435,1.040031228434679,53.304219299999936,0.6796705195425277,0.747660306921353,0.7726318716238403,2581.3717572658074,0.9915544444447296,0.2476962186209088,0.15516761995551318,0.5629766444232602,5.151510000000419,0.20011726598642854,0.0408,0.0,10.0704,55.9412,synthetic_default
profile_sensitivity,cost_scale_high,default,non_markovian,xai_gate,14,5000,0.1361196492825288,1.318305189802791,68.11284340000024,0.6456441678566547,0.7844406916414278,0.7027561219922757,183.6176767300039,0.8551061111110829,0.21246350248289678,0.09999786875812536,0.5133309179258754,4.667190000000209,0.13234002297452285,0.0082,0.0,9.3842,55.2496,synthetic_default
profile_sensitivity,cost_scale_high,default,rtt_uncertainty,xai_gate,14,5000,0.0,0.015959900384939784,0.8249395999999987,0.6385448553843277,0.8496401741331039,0.5469926817673799,0.8276108122222225,0.5824111111111098,0.026145214880984802,0.05672966937197015,0.36401764802004466,4.691585000000187,0.08840512692823221,0.0,0.0,7.3436,44.9808,synthetic_default
profile_sensitivity,cost_scale_high,default,adversarial_explanation_flood,xai_gate,15,5000,0.0,0.017814318197845524,0.917055599999999,0.6592346609792022,0.7546192565917459,0.6517849643701564,2281.479776680188,1.0000416666669438,0.06128994924193575,0.13884893275796506,0.5760461617313956,8.013844999999995,0.7975855059024901,0.0006,0.0518,12.0966,44.8624,synthetic_default
profile_sensitivity,cost_scale_high,default,transient_overload,xai_gate,15,5000,0.25035187374088563,1.040319101223674,53.307558400000026,0.679290533875337,0.7467415231182761,0.7717776111747612,2655.3577452831323,0.9937511111114014,0.24639940022886003,0.15408594089097583,0.5667048100067079,5.1911500000004205,0.20485163989469335,0.0492,0.0,10.1372,56.091,synthetic_default
profile_sensitivity,cost_scale_high,default,non_markovian,xai_gate,15,5000,0.13858799929447527,1.3018452918501404,67.26440022500019,0.6449806363267211,0.7846726224116357,0.7025637075550324,179.42625496333716,0.8537494444444138,0.21362089992939212,0.09786678648608169,0.5118214690716135,4.634735000000187,0.12732009117551213,0.0086,0.0,9.3474,55.278,synthetic_default
profile_sensitivity,cost_scale_high,default,rtt_uncertainty,xai_gate,15,5000,0.0,0.017702173730372955,0.9150081250000001,0.6389952166114442,0.8505874061052626,0.548139040803781,1.0490683477777776,0.5826633333333294,0.025982497146273847,0.05666684785562864,0.3692993422840681,4.708265000000218,0.08657069029162434,0.0,0.0,7.3588,45.15,synthetic_default
profile_sensitivity,cost_scale_high,default,adversarial_explanation_flood,xai_gate,16,5000,0.0,0.017540214591446224,0.9025919249999983,0.6579494831254088,0.7561103798651391,0.6496999324023642,2288.18482574172,1.000012222222507,0.05968377491632731,0.13771783753482927,0.5757340939442401,8.038924999999889,0.7998216588104567,0.0018,0.0538,12.1306,44.9326,synthetic_default
profile_sensitivity,cost_scale_high,default,transient_overload,xai_gate,16,5000,0.24700722161334304,1.0404982716595716,53.32123064999997,0.6797520693889928,0.7469180254312295,0.7723238544101523,2636.4501952262403,0.9930677777780696,0.2470790922412769,0.15446156283417165,0.5643589845142382,5.171805000000384,0.20184401112880512,0.0452,0.0,10.0996,56.0228,synthetic_default
profile_sensitivity,cost_scale_high,default,non_markovian,xai_gate,16,5000,0.1398983740245242,1.1682269306091706,60.33788637500012,0.644723564373416,0.7869330619908779,0.6997271988711636,177.87951707155955,0.8484816666666356,0.209154658571001,0.09195279428742464,0.5193269765254201,4.6737500000001955,0.1376507829953133,0.0086,0.0,9.3548,54.8194,synthetic_default
profile_sensitivity,cost_scale_high,default,rtt_uncertainty,xai_gate,16,5000,0.0,0.01716671005120682,0.8873661749999994,0.6400539469338757,0.8504471238960607,0.5498069267491568,0.7616772937777789,0.5798222222222191,0.02711108664538148,0.05554332269074094,0.3677474402730375,4.654465000000176,0.07614977000156853,0.0,0.0,7.2664,45.0148,synthetic_default
profile_sensitivity,cost_scale_high,default,adversarial_explanation_flood,xai_gate,17,5000,0.0,0.019148713808047488,0.9852383749999976,0.6535782516483072,0.7485684423455137,0.6477694293277267,2367.6256131643986,1.0000255555558344,0.06142413231836641,0.13647797708103843,0.5703270144517699,7.986339999999982,0.803301046289957,0.0016,0.061,12.1646,44.9716,synthetic_default
profile_sensitivity,cost_scale_high,default,transient_overload,xai_gate,17,5000,0.24772803220469525,1.039862377564808,53.287165950000066,0.679417682987199,0.7480297630555981,0.7717372655216069,2625.843623231585,0.993292777778065,0.24662489375580637,0.15457294775750627,0.564507521100591,5.180315000000424,0.2025891167717333,0.0482,0.0,10.1182,56.0912,synthetic_default
profile_sensitivity,cost_scale_high,default,non_markovian,xai_gate,17,5000,0.1379674980232545,1.2262716798692526,63.343844774999994,0.6460304314330222,0.785009093007979,0.70474405067625,181.5389732808923,0.8519561111110772,0.2127418250299606,0.09662300975860298,0.5226416709467557,4.659795000000193,0.13510736369565612,0.008,0.0,9.3456,54.8882,synthetic_default
profile_sensitivity,cost_scale_high,default,rtt_uncertainty,xai_gate,17,5000,0.0,0.01734492158753324,0.8964582499999999,0.6386109434169794,0.8514071839376013,0.5462133767067556,0.7910215973333338,0.5781616666666642,0.025465122660666265,0.05556775149552714,0.36392075078206465,4.661635000000209,0.07839220664695756,0.0,0.0,7.2884,45.0572,synthetic_default
profile_sensitivity,cost_scale_high,default,adversarial_explanation_flood,xai_gate,18,5000,0.0,0.01651520967389585,0.8496207749999986,0.6678193861927526,0.7673103792492095,0.6555653751414721,2143.4832474615137,1.0000405555558278,0.059716397044138204,0.13915518274415817,0.5869782304773318,8.084064999999983,0.7879349208828994,0.0014,0.0368,12.0168,44.807,synthetic_default
profile_sensitivity,cost_scale_high,default,transient_overload,xai_gate,18,5000,0.24865334253838148,1.0397152564099044,53.27932159999999,0.6797059755277726,0.7468389709785239,0.7730190472419839,2649.198051550462,0.9938872222225115,0.2478913396428147,0.1538827070051083,0.5656357660475984,5.166700000000429,0.2013182009007597,0.0454,0.0,10.1012,56.0562,synthetic_default
profile_sensitivity,cost_scale_high,default,non_markovian,xai_gate,18,5000,0.13726776286450018,1.3270862249014908,68.56875862500019,0.6480733042511796,0.7855216714902152,0.7078983833718288,192.63731162489233,0.8634572222221949,0.21730390898982124,0.10914378581815072,0.5037849627918912,4.638395000000204,0.12122912261015983,0.0094,0.0,9.3528,55.6104,synthetic_default
profile_sensitivity,cost_scale_high,default,rtt_uncertainty,xai_gate,18,5000,0.0,0.015470448835036857,0.7997003499999996,0.6383967577964396,0.849845607742738,0.5468286156282016,0.7598832531111129,0.5760638888888892,0.026020057700233547,0.05508998488803407,0.36694600906717956,4.64982000000019,0.07803498170939549,0.0,0.0,7.279,45.014,synthetic_default
profile_sensitivity,cost_scale_high,default,adversarial_explanation_flood,xai_gate,19,5000,0.0,0.01783337373658854,0.9174409499999978,0.6521894152249436,0.7471083809023374,0.6461492581456156,2386.8914976041924,1.0000561111113884,0.06109002481063407,0.13774009628497724,0.5665040009201294,7.9776249999999544,0.8035534100556989,0.001,0.063,12.1722,44.9934,synthetic_default
profile_sensitivity,cost_scale_high,default,transient_overload,xai_gate,19,5000,0.24725805609243107,1.0406638092718714,53.33402995000001,0.6790371291527056,0.7469988974751085,0.7715990604213022,2618.1669014278027,0.9933888888891726,0.2468565563253785,0.15238546416375515,0.5669055091687886,5.181220000000413,0.19994031208253604,0.0442,0.0,10.1322,56.2928,synthetic_default
profile_sensitivity,cost_scale_high,default,non_markovian,xai_gate,19,5000,0.13952988246666423,1.209750562941315,62.479513325000184,0.6484768876179553,0.7881662488257897,0.7060446455247708,190.55080908155915,0.8599861111110854,0.21016688719108798,0.10597976866276837,0.5164966494515344,4.726400000000206,0.12885002228405495,0.0086,0.0,9.3716,55.346,synthetic_default
profile_sensitivity,cost_scale_high,default,rtt_uncertainty,xai_gate,19,5000,0.0,0.01831555954735119,0.9467193749999995,0.6390399692966079,0.8503612149858633,0.5477788829999631,0.738699690888891,0.5799505555555561,0.02653654257360601,0.05518394648829431,0.36564504632929434,4.664635000000224,0.07925631375890685,0.0,0.0,7.2956,45.0656,synthetic_default
profile_sensitivity,cost_scale_high,default,adversarial_explanation_flood,xai_gate,20,5000,0.0,0.018958228487850757,0.9758834749999978,0.6599475757926339,0.7572390316026769,0.6512290014672253,2245.643105440854,1.0000766666669345,0.06050215137077763,0.1372591041725053,0.58042499876358,8.052189999999959,0.7971040254786528,0.001,0.049,12.1318,45.005,synthetic_default
profile_sensitivity,cost_scale_high,default,transient_overload,xai_gate,20,5000,0.2488728228528208,1.0375886028409056,53.169672874999954,0.6792943616076896,0.7478505094298291,0.7717570850203166,2639.3742607031486,0.993647777778066,0.24654882986076823,0.15418188999703764,0.5656364174977783,5.185050000000435,0.2043135044369453,0.0458,0.0,10.127,56.0596,synthetic_default
profile_sensitivity,cost_scale_high,default,non_markovian,xai_gate,20,5000,0.13778066284303755,1.307683694203088,67.58064962500008,0.6412519376507562,0.7811563290231291,0.699489321391654,168.3103900822258,0.8448783333333001,0.2161772304512573,0.08712969342059938,0.5129607302790217,4.542795000000201,0.12405014278108317,0.0072,0.0,9.2896,55.096,synthetic_default
profile_sensitivity,cost_scale_high,default,rtt_uncertainty,xai_gate,20,5000,0.0,0.016408121152799507,0.8481022500000001,0.639132646048153,0.8513653058792079,0.5466426383588505,0.7692888157777785,0.5775116666666654,0.02493470790378007,0.057264604810996565,0.36461855670103094,4.662550000000208,0.08112204864826489,0.0,0.0,7.275,44.8608,synthetic_default
