stage,variant,ablation,regime,policy,seed,slots,packet_drop_rate,mean_packet_delay,mean_packet_queue,explanation_coverage,high_risk_explanation_coverage,mean_explanation_delay,mean_explanation_debt,exposure_use,offload_rate,audit_rate,redaction_rate,local_compute_load,attacker_trigger_gain,budget_violation_rate,exposure_budget_violation_rate,alerts_per_slot,packets_per_slot,calibration_status
toniot_calibrated_anchor,default,default,adversarial_explanation_flood,never_explain,1,5000,0.0,0.014046153846153842,0.7304,0.0,0.0,0.0,30784.24508170213,0.0,0.0,0.0,0.0,0.0,0.7994766430474423,0.0,0.0,12.1442,44.9916,calibrated:/Users/let/Documents/DO_A_PAPER_May_18/Papers/Paper_xAI_in_Cyber_2/6_Analysis_Results/xai_surfacebench/data/toniot/toniot_score_stream.csv
toniot_calibrated_anchor,default,default,adversarial_explanation_flood,always_explain,1,5000,0.0,0.022567257839372294,1.1548260000000001,1.0,1.0,0.849999999999948,0.0,2.8755972222220465,0.0,0.0,0.0,12.179,0.7986525243753653,0.042,0.6516,12.179,45.1412,calibrated:/Users/let/Documents/DO_A_PAPER_May_18/Papers/Paper_xAI_in_Cyber_2/6_Analysis_Results/xai_surfacebench/data/toniot/toniot_score_stream.csv
toniot_calibrated_anchor,default,default,adversarial_explanation_flood,threshold_explain,1,5000,0.0,0.018117942042116985,0.9282117199999999,0.9319135934996906,0.9940025150361874,0.7915269772588249,0.2114806131820307,2.660369444444382,0.0,0.0,0.0,11.276343999999959,0.7934102517396957,0.0236,0.625,12.1102,45.0174,calibrated:/Users/let/Documents/DO_A_PAPER_May_18/Papers/Paper_xAI_in_Cyber_2/6_Analysis_Results/xai_surfacebench/data/toniot/toniot_score_stream.csv
toniot_calibrated_anchor,default,default,adversarial_explanation_flood,rate_limited,1,5000,0.0,0.02038023990528947,1.0480710800000055,0.8107986919684816,0.8545244817424222,0.8597928950106465,4435.924764851796,2.29240277777772,0.0,0.0,0.0,9.762543999999844,0.7957044734688139,0.0006,0.564,12.1098,44.9584,calibrated:/Users/let/Documents/DO_A_PAPER_May_18/Papers/Paper_xAI_in_Cyber_2/6_Analysis_Results/xai_surfacebench/data/toniot/toniot_score_stream.csv
toniot_calibrated_anchor,default,default,adversarial_explanation_flood,fifo_explanation,1,5000,0.0,0.019825805347453103,1.01821099999999,0.8759748222022399,0.8672152010488539,0.868603776669595,2846.9731683758628,2.530119444444247,0.0,0.0,0.0,10.7158,0.8151117362783462,0.0,0.605,12.233,44.9302,calibrated:/Users/let/Documents/DO_A_PAPER_May_18/Papers/Paper_xAI_in_Cyber_2/6_Analysis_Results/xai_surfacebench/data/toniot/toniot_score_stream.csv
toniot_calibrated_anchor,default,default,adversarial_explanation_flood,static_coarse_full,1,5000,0.0,0.020877151008601134,1.0697582000000005,0.9295134285854532,0.9938805465900936,0.7894878970884165,0.2549952981900517,2.677616666666617,0.0,0.0,0.0,11.349455999999963,0.8059933761621574,0.0226,0.6264,12.2202,45.1098,calibrated:/Users/let/Documents/DO_A_PAPER_May_18/Papers/Paper_xAI_in_Cyber_2/6_Analysis_Results/xai_surfacebench/data/toniot/toniot_score_stream.csv
toniot_calibrated_anchor,default,default,adversarial_explanation_flood,static_offload,1,5000,0.0,0.015197290533726704,0.7883918400000004,0.8363552189944069,0.8351346550303235,1.280432532530937,0.09346772105258887,3.1163999999999863,0.9270349365916569,0.0,0.0,1.8094079999999926,0.7891034515400026,0.0,0.6788,12.0962,45.0736,calibrated:/Users/let/Documents/DO_A_PAPER_May_18/Papers/Paper_xAI_in_Cyber_2/6_Analysis_Results/xai_surfacebench/data/toniot/toniot_score_stream.csv
toniot_calibrated_anchor,default,default,adversarial_explanation_flood,budget_only_bexgov,1,5000,0.0,0.020501676185843427,1.0568999800000018,0.6494641094808934,0.7668177257341482,0.6263775577340636,6756.739063978221,0.9308916666666759,0.0,0.7279097309033489,0.18747943943680506,6.730919999999963,0.7920681030683812,0.0,0.0,12.1592,45.2334,calibrated:/Users/let/Documents/DO_A_PAPER_May_18/Papers/Paper_xAI_in_Cyber_2/6_Analysis_Results/xai_surfacebench/data/toniot/toniot_score_stream.csv
toniot_calibrated_anchor,default,default,adversarial_explanation_flood,xai_gate,1,5000,0.0,0.016808396054951578,0.8665811274998872,0.5994054997708798,0.6498988529225537,0.7075732035391069,5120.05088332505,1.0,0.003941257277425263,0.19905802315693072,0.3863719990838201,6.467156499997506,0.8114947023526469,0.0074,0.0,12.2296,45.0074,calibrated:/Users/let/Documents/DO_A_PAPER_May_18/Papers/Paper_xAI_in_Cyber_2/6_Analysis_Results/xai_surfacebench/data/toniot/toniot_score_stream.csv
toniot_calibrated_anchor,default,default,transient_overload,never_explain,1,5000,0.24525560992672385,1.023080769230784,53.2002,0.0,0.0,0.0,22092.263719913906,0.0,0.0,0.0,0.0,0.0,0.19871174833644512,0.0,0.0,10.0754,56.0346,calibrated:/Users/let/Documents/DO_A_PAPER_May_18/Papers/Paper_xAI_in_Cyber_2/6_Analysis_Results/xai_surfacebench/data/toniot/toniot_score_stream.csv
toniot_calibrated_anchor,default,default,transient_overload,always_explain,1,5000,0.2515902197692914,1.0525733249182079,53.295108,1.0,1.0,0.8499999999999523,0.0,2.393599999999866,0.0,0.0,0.0,10.1376,0.2001363791339934,0.2004,0.5264,10.1376,56.3136,calibrated:/Users/let/Documents/DO_A_PAPER_May_18/Papers/Paper_xAI_in_Cyber_2/6_Analysis_Results/xai_surfacebench/data/toniot/toniot_score_stream.csv
toniot_calibrated_anchor,default,default,transient_overload,threshold_explain,1,5000,0.24993053507508367,1.0495595367634263,53.34024980000006,0.8275722784885657,0.9860785682369815,0.7025031338917866,543.0973481655627,1.95847777777774,0.0,0.0,0.0,8.306223999999968,0.1945304069632019,0.165,0.4886,10.0514,56.0968,calibrated:/Users/let/Documents/DO_A_PAPER_May_18/Papers/Paper_xAI_in_Cyber_2/6_Analysis_Results/xai_surfacebench/data/toniot/toniot_score_stream.csv
toniot_calibrated_anchor,default,default,transient_overload,rate_limited,1,5000,0.2479560994541679,1.0375109263043456,53.38281324000003,0.6151897488386926,0.6830095200528785,0.8330554680733743,11030.531854594634,1.3886583333332783,0.0,0.0,0.0,6.061847999999967,0.2059452216402613,0.0002,0.3502,10.1608,56.1706,calibrated:/Users/let/Documents/DO_A_PAPER_May_18/Papers/Paper_xAI_in_Cyber_2/6_Analysis_Results/xai_surfacebench/data/toniot/toniot_score_stream.csv
toniot_calibrated_anchor,default,default,transient_overload,fifo_explanation,1,5000,0.24766615485462148,1.0382050310093833,53.305116000000005,0.7179184380412533,0.662155308040542,0.8923122342937676,10427.491220623433,1.7224777777777212,0.0,0.0,0.0,7.2952,0.2066889441471753,0.0,0.4464,10.1616,56.1404,calibrated:/Users/let/Documents/DO_A_PAPER_May_18/Papers/Paper_xAI_in_Cyber_2/6_Analysis_Results/xai_surfacebench/data/toniot/toniot_score_stream.csv
toniot_calibrated_anchor,default,default,transient_overload,static_coarse_full,1,5000,0.24969086422574588,1.0486807997829855,53.279798320000026,0.8275137419879707,0.9854352693232155,0.7023296886472277,547.7646511742807,1.9628999999999732,0.0,0.0,0.0,8.326511999999957,0.19970050934837102,0.169,0.4884,10.0786,56.0062,calibrated:/Users/let/Documents/DO_A_PAPER_May_18/Papers/Paper_xAI_in_Cyber_2/6_Analysis_Results/xai_surfacebench/data/toniot/toniot_score_stream.csv
toniot_calibrated_anchor,default,default,transient_overload,static_offload,1,5000,0.24640501677607127,1.0313848547726436,53.434773160000006,0.744617636586627,0.8280094830459954,1.1379871028999136,615.8328139470838,2.3140666666666503,0.8230802706017328,0.0,0.0,1.355711999999958,0.20169674236400814,0.0,0.5188,10.1108,56.0918,calibrated:/Users/let/Documents/DO_A_PAPER_May_18/Papers/Paper_xAI_in_Cyber_2/6_Analysis_Results/xai_surfacebench/data/toniot/toniot_score_stream.csv
toniot_calibrated_anchor,default,default,transient_overload,budget_only_bexgov,1,5000,0.2499785359470618,1.039891937284932,53.3128158,0.5945996950434635,0.7862028339718096,0.581399631675867,5205.051527059731,0.8052016666667148,0.0,0.7970850907938771,0.0,5.190607999999991,0.1970856905128502,0.01,0.0,10.0998,56.2466,calibrated:/Users/let/Documents/DO_A_PAPER_May_18/Papers/Paper_xAI_in_Cyber_2/6_Analysis_Results/xai_surfacebench/data/toniot/toniot_score_stream.csv
toniot_calibrated_anchor,default,default,transient_overload,xai_gate,1,5000,0.2481662484946527,1.036708928215424,53.25882197999997,0.6429608363066621,0.6876444399152444,0.793406023894807,4972.932471452613,1.0,0.24915718707489698,0.15304694122981685,0.4956158941696238,3.8698594999965326,0.2048247145480142,0.011,0.0,10.1446,56.1332,calibrated:/Users/let/Documents/DO_A_PAPER_May_18/Papers/Paper_xAI_in_Cyber_2/6_Analysis_Results/xai_surfacebench/data/toniot/toniot_score_stream.csv
toniot_calibrated_anchor,default,default,non_markovian,never_explain,1,5000,0.1371555112741765,1.1912538461538587,61.9452,0.0,0.0,0.0,19611.721868107925,0.0,0.0,0.0,0.0,0.0,0.12675100330049927,0.0,0.0,9.296,55.0018,calibrated:/Users/let/Documents/DO_A_PAPER_May_18/Papers/Paper_xAI_in_Cyber_2/6_Analysis_Results/xai_surfacebench/data/toniot/toniot_score_stream.csv
toniot_calibrated_anchor,default,default,non_markovian,always_explain,1,5000,0.14092923344972924,1.3490371406333703,69.029585,1.0,1.0,0.8499999999999581,0.0,2.20593888888878,0.0,0.0,0.0,9.3428,0.12573892130141773,0.0984,0.548,9.3428,55.3284,calibrated:/Users/let/Documents/DO_A_PAPER_May_18/Papers/Paper_xAI_in_Cyber_2/6_Analysis_Results/xai_surfacebench/data/toniot/toniot_score_stream.csv
toniot_calibrated_anchor,default,default,non_markovian,threshold_explain,1,5000,0.13835903944392677,1.2821318434492077,65.73670267999988,0.8120663027841243,0.9849685954583073,0.6893172971143191,9.631251549986539,1.8073555555555256,0.0,0.0,0.0,7.665559999999967,0.13844753213534933,0.0816,0.4502,9.4536,55.3596,calibrated:/Users/let/Documents/DO_A_PAPER_May_18/Papers/Paper_xAI_in_Cyber_2/6_Analysis_Results/xai_surfacebench/data/toniot/toniot_score_stream.csv
toniot_calibrated_anchor,default,default,non_markovian,rate_limited,1,5000,0.13921863325059486,1.3095440115402923,67.50606344000005,0.7248689970457158,0.8018868448278815,0.7861417203976356,2586.9163015795684,1.475238888888855,0.0,0.0,0.0,6.480007999999986,0.12682045543734288,0.0014,0.3208,9.2746,54.8718,calibrated:/Users/let/Documents/DO_A_PAPER_May_18/Papers/Paper_xAI_in_Cyber_2/6_Analysis_Results/xai_surfacebench/data/toniot/toniot_score_stream.csv
toniot_calibrated_anchor,default,default,non_markovian,fifo_explanation,1,5000,0.14004805146765603,1.2536110994483085,64.51749500000008,0.8183257047525345,0.7795138975648198,0.8772511442870825,2371.3426524923384,1.8067222222221662,0.0,0.0,0.0,7.652,0.1303639339585465,0.0,0.4482,9.3508,55.1492,calibrated:/Users/let/Documents/DO_A_PAPER_May_18/Papers/Paper_xAI_in_Cyber_2/6_Analysis_Results/xai_surfacebench/data/toniot/toniot_score_stream.csv
toniot_calibrated_anchor,default,default,non_markovian,static_coarse_full,1,5000,0.1386388606682911,1.3588208232088115,69.70628527999996,0.8111115862393371,0.9837348119492697,0.6882833379658232,8.875351492033731,1.7850111111110742,0.0,0.0,0.0,7.573359999999963,0.12892850634390185,0.0798,0.447,9.3542,55.2394,calibrated:/Users/let/Documents/DO_A_PAPER_May_18/Papers/Paper_xAI_in_Cyber_2/6_Analysis_Results/xai_surfacebench/data/toniot/toniot_score_stream.csv
toniot_calibrated_anchor,default,default,non_markovian,static_offload,1,5000,0.13376340154555896,1.2000838995576866,62.26337447999992,0.7283295269168126,0.8273021027343803,1.1133170201196838,10.23413368085841,2.0589499999999887,0.8053289831430125,0.0,0.0,1.2050159999999865,0.12042053239166739,0.0,0.5164,9.195,54.7116,calibrated:/Users/let/Documents/DO_A_PAPER_May_18/Papers/Paper_xAI_in_Cyber_2/6_Analysis_Results/xai_surfacebench/data/toniot/toniot_score_stream.csv
toniot_calibrated_anchor,default,default,non_markovian,budget_only_bexgov,1,5000,0.14031421238886282,1.2480869159092016,64.3331434399999,0.5869633247606434,0.7884694423309584,0.5706749367854533,3482.924583794418,0.7302644444444825,0.0,0.7824339218949233,0.0,4.696575999999982,0.12772480892216453,0.0144,0.0,9.2542,54.7072,calibrated:/Users/let/Documents/DO_A_PAPER_May_18/Papers/Paper_xAI_in_Cyber_2/6_Analysis_Results/xai_surfacebench/data/toniot/toniot_score_stream.csv
toniot_calibrated_anchor,default,default,non_markovian,xai_gate,1,5000,0.1322632180875429,1.1867971160821484,61.33503980000012,0.6888845426410627,0.7562269826726934,0.7612598865199317,1204.009895358883,0.9771777777779298,0.21997506877579093,0.2203834250343879,0.45667125171939477,4.120967999999631,0.1366520700880074,0.0048,0.0,9.3056,54.579,calibrated:/Users/let/Documents/DO_A_PAPER_May_18/Papers/Paper_xAI_in_Cyber_2/6_Analysis_Results/xai_surfacebench/data/toniot/toniot_score_stream.csv
toniot_calibrated_anchor,default,default,rtt_uncertainty,never_explain,1,5000,0.0,0.01476538461538461,0.7678,0.0,0.0,0.0,13392.435457669011,0.0,0.0,0.0,0.0,0.0,0.07388506767250802,0.0,0.0,7.26,45.07,calibrated:/Users/let/Documents/DO_A_PAPER_May_18/Papers/Paper_xAI_in_Cyber_2/6_Analysis_Results/xai_surfacebench/data/toniot/toniot_score_stream.csv
toniot_calibrated_anchor,default,default,rtt_uncertainty,always_explain,1,5000,0.0,0.01701595629818295,0.8762499999999993,1.0,1.0,0.8499999999999728,0.0,1.724508333333278,0.0,0.0,0.0,7.3038,0.08232344337651609,0.0004,0.4278,7.3038,44.9884,calibrated:/Users/let/Documents/DO_A_PAPER_May_18/Papers/Paper_xAI_in_Cyber_2/6_Analysis_Results/xai_surfacebench/data/toniot/toniot_score_stream.csv
toniot_calibrated_anchor,default,default,rtt_uncertainty,threshold_explain,1,5000,0.0,0.019197190755914778,0.9906402000000005,0.8080942735136355,0.9840158914362122,0.6858138070732426,0.06213150406309502,1.3894472222222012,0.0,0.0,0.0,5.8942639999999855,0.08099790795598483,0.0,0.2802,7.3064,45.0596,calibrated:/Users/let/Documents/DO_A_PAPER_May_18/Papers/Paper_xAI_in_Cyber_2/6_Analysis_Results/xai_surfacebench/data/toniot/toniot_score_stream.csv
toniot_calibrated_anchor,default,default,rtt_uncertainty,rate_limited,1,5000,0.0,0.015656597353612186,0.8074297999999999,0.8911172110897982,0.9877200603265031,0.7312187757342795,0.0038313932108809466,1.4198055555555236,0.0,0.0,0.0,6.2474719999999735,0.08093031812226847,0.0,0.2944,7.286,44.9366,calibrated:/Users/let/Documents/DO_A_PAPER_May_18/Papers/Paper_xAI_in_Cyber_2/6_Analysis_Results/xai_surfacebench/data/toniot/toniot_score_stream.csv
toniot_calibrated_anchor,default,default,rtt_uncertainty,fifo_explanation,1,5000,0.0,0.017615979634844018,0.9074209999999977,0.990474879559532,0.9883032245489104,0.8514287680660415,0.12139586285614985,1.699008333333277,0.0,0.0,0.0,7.1958,0.07658338519901342,0.0,0.4132,7.265,44.988,calibrated:/Users/let/Documents/DO_A_PAPER_May_18/Papers/Paper_xAI_in_Cyber_2/6_Analysis_Results/xai_surfacebench/data/toniot/toniot_score_stream.csv
toniot_calibrated_anchor,default,default,rtt_uncertainty,static_coarse_full,1,5000,0.0,0.017308812950249622,0.8933604000000008,0.8064267743094962,0.9833903025106955,0.6843014736376418,0.055696108640834234,1.372386111111098,0.0,0.0,0.0,5.822751999999976,0.07364958931842036,0.0,0.271,7.2338,44.9172,calibrated:/Users/let/Documents/DO_A_PAPER_May_18/Papers/Paper_xAI_in_Cyber_2/6_Analysis_Results/xai_surfacebench/data/toniot/toniot_score_stream.csv
toniot_calibrated_anchor,default,default,rtt_uncertainty,static_offload,1,5000,0.0,0.013882197978014718,0.72093604,0.7272785939860064,0.8271020369513048,1.379961777940816,0.03907354817068367,1.6282499999999944,0.8040367980227928,0.0,0.0,0.953448000000006,0.08033619029818717,0.0,0.3788,7.283,44.9428,calibrated:/Users/let/Documents/DO_A_PAPER_May_18/Papers/Paper_xAI_in_Cyber_2/6_Analysis_Results/xai_surfacebench/data/toniot/toniot_score_stream.csv
toniot_calibrated_anchor,default,default,rtt_uncertainty,budget_only_bexgov,1,5000,0.0,0.01717807333885332,0.8889010400000014,0.5896100735555474,0.7929427726839196,0.5684832244127846,839.1405386483196,0.5826283333333574,0.0,0.7787317820130705,0.0,3.731555999999991,0.0809956001696659,0.0,0.0,7.3142,45.1078,calibrated:/Users/let/Documents/DO_A_PAPER_May_18/Papers/Paper_xAI_in_Cyber_2/6_Analysis_Results/xai_surfacebench/data/toniot/toniot_score_stream.csv
toniot_calibrated_anchor,default,default,rtt_uncertainty,xai_gate,1,5000,0.0,0.016490032964142913,0.8516588800000012,0.7713036754757381,0.864060695516824,0.6799658498537856,86.13416048581377,0.9313466666667456,0.005495264131665424,0.21680059647088062,0.25308590837544526,5.0470079999996145,0.07555911966496942,0.0,0.0,7.2426,44.892,calibrated:/Users/let/Documents/DO_A_PAPER_May_18/Papers/Paper_xAI_in_Cyber_2/6_Analysis_Results/xai_surfacebench/data/toniot/toniot_score_stream.csv
toniot_calibrated_anchor,default,default,adversarial_explanation_flood,never_explain,2,5000,0.0,0.014199999999999994,0.7384,0.0,0.0,0.0,30816.79643332184,0.0,0.0,0.0,0.0,0.0,0.8042011782526193,0.0,0.0,12.1612,44.9366,calibrated:/Users/let/Documents/DO_A_PAPER_May_18/Papers/Paper_xAI_in_Cyber_2/6_Analysis_Results/xai_surfacebench/data/toniot/toniot_score_stream.csv
toniot_calibrated_anchor,default,default,adversarial_explanation_flood,always_explain,2,5000,0.0,0.020510599284336628,1.049677000000001,1.0,1.0,0.8499999999999482,0.0,2.8744638888887137,0.0,0.0,0.0,12.1742,0.7965506911456346,0.0432,0.652,12.1742,45.1762,calibrated:/Users/let/Documents/DO_A_PAPER_May_18/Papers/Paper_xAI_in_Cyber_2/6_Analysis_Results/xai_surfacebench/data/toniot/toniot_score_stream.csv
toniot_calibrated_anchor,default,default,adversarial_explanation_flood,threshold_explain,2,5000,0.0,0.02123662666811452,1.0880580000000006,0.9290213202335431,0.9937221778367759,0.7890413337964455,0.21275815802165807,2.647874999999949,0.0,0.0,0.0,11.223815999999964,0.7834276536152169,0.0232,0.6206,12.0918,45.2006,calibrated:/Users/let/Documents/DO_A_PAPER_May_18/Papers/Paper_xAI_in_Cyber_2/6_Analysis_Results/xai_surfacebench/data/toniot/toniot_score_stream.csv
toniot_calibrated_anchor,default,default,adversarial_explanation_flood,rate_limited,2,5000,0.0,0.017462334896461477,0.8979891200000059,0.8079184478789816,0.8528683170928114,0.8612167050312337,4677.639299056079,2.2957777777777184,0.0,0.0,0.0,9.774207999999842,0.8025948236898035,0.001,0.5646,12.164,44.987,calibrated:/Users/let/Documents/DO_A_PAPER_May_18/Papers/Paper_xAI_in_Cyber_2/6_Analysis_Results/xai_surfacebench/data/toniot/toniot_score_stream.csv
toniot_calibrated_anchor,default,default,adversarial_explanation_flood,fifo_explanation,2,5000,0.0,0.01861307495825951,0.9559809999999941,0.8788813759600866,0.8704085517478475,0.8681677936059178,2598.8513026840105,2.528844444444248,0.0,0.0,0.0,10.7104,0.798876661574002,0.0,0.605,12.1864,45.163,calibrated:/Users/let/Documents/DO_A_PAPER_May_18/Papers/Paper_xAI_in_Cyber_2/6_Analysis_Results/xai_surfacebench/data/toniot/toniot_score_stream.csv
toniot_calibrated_anchor,default,default,adversarial_explanation_flood,static_coarse_full,2,5000,0.0,0.01931804812409861,0.9899894000000011,0.9309574960338408,0.9941142313584302,0.7907489423585267,0.2183995947466956,2.656172222222164,0.0,0.0,0.0,11.25804799999996,0.7951342227126956,0.0164,0.6238,12.1024,44.9452,calibrated:/Users/let/Documents/DO_A_PAPER_May_18/Papers/Paper_xAI_in_Cyber_2/6_Analysis_Results/xai_surfacebench/data/toniot/toniot_score_stream.csv
toniot_calibrated_anchor,default,default,adversarial_explanation_flood,static_offload,2,5000,0.0,0.01677734510373243,0.8703285999999988,0.8381971390989919,0.8353201513041782,1.283347418612347,0.08722114053768305,3.141061111111099,0.9291844787898718,0.0,0.0,1.823031999999988,0.801225496728948,0.0,0.6822,12.164,45.0212,calibrated:/Users/let/Documents/DO_A_PAPER_May_18/Papers/Paper_xAI_in_Cyber_2/6_Analysis_Results/xai_surfacebench/data/toniot/toniot_score_stream.csv
toniot_calibrated_anchor,default,default,adversarial_explanation_flood,budget_only_bexgov,2,5000,0.0,0.01792630799253904,0.9240161000000017,0.649674836843066,0.7666748533107077,0.6266352682020735,6820.429740561081,0.9310655555555672,0.0,0.7282964278081899,0.18793049596422876,6.736267999999944,0.8009352393386711,0.0,0.0,12.1662,45.0366,calibrated:/Users/let/Documents/DO_A_PAPER_May_18/Papers/Paper_xAI_in_Cyber_2/6_Analysis_Results/xai_surfacebench/data/toniot/toniot_score_stream.csv
toniot_calibrated_anchor,default,default,adversarial_explanation_flood,xai_gate,2,5000,0.0,0.015534780836840161,0.8006848400000008,0.610250377913082,0.6613988863863371,0.7034124113358928,4789.926923601433,1.0,0.0029236366052592237,0.2015814216182993,0.3946597950128221,6.489751499997425,0.7860952253795883,0.0054,0.0,12.0398,44.939,calibrated:/Users/let/Documents/DO_A_PAPER_May_18/Papers/Paper_xAI_in_Cyber_2/6_Analysis_Results/xai_surfacebench/data/toniot/toniot_score_stream.csv
toniot_calibrated_anchor,default,default,transient_overload,never_explain,2,5000,0.24374592706282028,1.023411538461554,53.2174,0.0,0.0,0.0,22107.529510040353,0.0,0.0,0.0,0.0,0.0,0.19819431634599538,0.0,0.0,10.0942,56.1634,calibrated:/Users/let/Documents/DO_A_PAPER_May_18/Papers/Paper_xAI_in_Cyber_2/6_Analysis_Results/xai_surfacebench/data/toniot/toniot_score_stream.csv
toniot_calibrated_anchor,default,default,transient_overload,always_explain,2,5000,0.2503690219441536,1.051057887328721,53.23099299999999,1.0,1.0,0.8499999999999531,0.0,2.383258333333202,0.0,0.0,0.0,10.0938,0.197426206287856,0.1962,0.5244,10.0938,56.1972,calibrated:/Users/let/Documents/DO_A_PAPER_May_18/Papers/Paper_xAI_in_Cyber_2/6_Analysis_Results/xai_surfacebench/data/toniot/toniot_score_stream.csv
toniot_calibrated_anchor,default,default,transient_overload,threshold_explain,2,5000,0.24993654603332577,1.050021746309057,53.3384764,0.8298160878669308,0.9857687167427082,0.7043202560151638,524.1916952518721,1.9775249999999647,0.0,0.0,0.0,8.388095999999953,0.2003343351532032,0.171,0.4888,10.1244,56.231,calibrated:/Users/let/Documents/DO_A_PAPER_May_18/Papers/Paper_xAI_in_Cyber_2/6_Analysis_Results/xai_surfacebench/data/toniot/toniot_score_stream.csv
toniot_calibrated_anchor,default,default,transient_overload,rate_limited,2,5000,0.24641889514802837,1.035560230719928,53.281768719999995,0.6161185377972471,0.6806397701345617,0.8331125044362863,11039.648974502536,1.388761111111059,0.0,0.0,0.0,6.061503999999949,0.20398527243852493,0.0,0.3456,10.1436,56.1668,calibrated:/Users/let/Documents/DO_A_PAPER_May_18/Papers/Paper_xAI_in_Cyber_2/6_Analysis_Results/xai_surfacebench/data/toniot/toniot_score_stream.csv
toniot_calibrated_anchor,default,default,transient_overload,fifo_explanation,2,5000,0.24836839303070846,1.036685440933487,53.226154999999984,0.7213403182761688,0.6666727728426229,0.8917989522585332,10212.130588281332,1.7230916666666065,0.0,0.0,0.0,7.2978,0.20502448878470947,0.0,0.4464,10.117,55.9712,calibrated:/Users/let/Documents/DO_A_PAPER_May_18/Papers/Paper_xAI_in_Cyber_2/6_Analysis_Results/xai_surfacebench/data/toniot/toniot_score_stream.csv
toniot_calibrated_anchor,default,default,transient_overload,static_coarse_full,2,5000,0.24989881451604207,1.0477192954283832,53.222998520000026,0.8264042293934956,0.9860049634052663,0.7015113399630434,575.9943589140568,1.980033333333297,0.0,0.0,0.0,8.39764799999996,0.2065165456759286,0.1682,0.4906,10.1764,56.2302,calibrated:/Users/let/Documents/DO_A_PAPER_May_18/Papers/Paper_xAI_in_Cyber_2/6_Analysis_Results/xai_surfacebench/data/toniot/toniot_score_stream.csv
toniot_calibrated_anchor,default,default,transient_overload,static_offload,2,5000,0.24667660683224577,1.0271374288794746,53.211292120000024,0.7445247081023758,0.8284800128495483,1.1382574596061281,654.9548414095243,2.3294833333333194,0.8234461611039038,0.0,0.0,1.3622159999999661,0.2089024494567837,0.0,0.519,10.1748,56.1104,calibrated:/Users/let/Documents/DO_A_PAPER_May_18/Papers/Paper_xAI_in_Cyber_2/6_Analysis_Results/xai_surfacebench/data/toniot/toniot_score_stream.csv
toniot_calibrated_anchor,default,default,transient_overload,budget_only_bexgov,2,5000,0.24945271028900695,1.0384075399182504,53.22316628000004,0.5964294266590716,0.7852741613501556,0.5843592360688509,5300.0685595472805,0.8147155555556006,0.0,0.7996937994386323,0.0,5.252591999999987,0.2067915929402675,0.0108,0.0,10.1894,56.2892,calibrated:/Users/let/Documents/DO_A_PAPER_May_18/Papers/Paper_xAI_in_Cyber_2/6_Analysis_Results/xai_surfacebench/data/toniot/toniot_score_stream.csv
toniot_calibrated_anchor,default,default,transient_overload,xai_gate,2,5000,0.24785526315789538,1.037698335282544,53.30931326,0.6432107262676696,0.6874061579550776,0.7955961367669606,4954.140618008639,1.0,0.25202289323070853,0.1549240181567002,0.4965339451345079,3.8461264999964997,0.2017674306084265,0.0104,0.0,10.134,56.2172,calibrated:/Users/let/Documents/DO_A_PAPER_May_18/Papers/Paper_xAI_in_Cyber_2/6_Analysis_Results/xai_surfacebench/data/toniot/toniot_score_stream.csv
toniot_calibrated_anchor,default,default,non_markovian,never_explain,2,5000,0.13265179948212155,1.1801346153846286,61.367,0.0,0.0,0.0,19489.376015389604,0.0,0.0,0.0,0.0,0.0,0.12568250366103317,0.0,0.0,9.2858,54.9936,calibrated:/Users/let/Documents/DO_A_PAPER_May_18/Papers/Paper_xAI_in_Cyber_2/6_Analysis_Results/xai_surfacebench/data/toniot/toniot_score_stream.csv
toniot_calibrated_anchor,default,default,non_markovian,always_explain,2,5000,0.13485272472913004,1.2184592824255502,62.31954199999995,1.0,1.0,0.8499999999999607,0.0,2.1835555555554547,0.0,0.0,0.0,9.248,0.12306881468150399,0.0938,0.5448,9.248,54.8972,calibrated:/Users/let/Documents/DO_A_PAPER_May_18/Papers/Paper_xAI_in_Cyber_2/6_Analysis_Results/xai_surfacebench/data/toniot/toniot_score_stream.csv
toniot_calibrated_anchor,default,default,non_markovian,threshold_explain,2,5000,0.139865279927901,1.290450940290689,66.16939307999999,0.8134770628377085,0.9842937536921954,0.6903687598217461,9.26817641161637,1.7784749999999672,0.0,0.0,0.0,7.544735999999969,0.12540488944125938,0.0812,0.4324,9.2906,55.0356,calibrated:/Users/let/Documents/DO_A_PAPER_May_18/Papers/Paper_xAI_in_Cyber_2/6_Analysis_Results/xai_surfacebench/data/toniot/toniot_score_stream.csv
toniot_calibrated_anchor,default,default,non_markovian,rate_limited,2,5000,0.13620584744990033,1.258005452818086,64.84390239999992,0.7290977151610826,0.8071297711601338,0.7835681460225622,2608.706658516818,1.4816638888888636,0.0,0.0,0.0,6.511375999999994,0.1268697993593615,0.0006,0.3226,9.2698,54.841,calibrated:/Users/let/Documents/DO_A_PAPER_May_18/Papers/Paper_xAI_in_Cyber_2/6_Analysis_Results/xai_surfacebench/data/toniot/toniot_score_stream.csv
toniot_calibrated_anchor,default,default,non_markovian,fifo_explanation,2,5000,0.13694550664028232,1.3638491399535722,70.19944999999996,0.8278770580843042,0.7905966768101443,0.875818441287316,1964.2072084790402,1.8354333333332769,0.0,0.0,0.0,7.7736,0.13231483122843612,0.0,0.4644,9.3898,55.2838,calibrated:/Users/let/Documents/DO_A_PAPER_May_18/Papers/Paper_xAI_in_Cyber_2/6_Analysis_Results/xai_surfacebench/data/toniot/toniot_score_stream.csv
toniot_calibrated_anchor,default,default,non_markovian,static_coarse_full,2,5000,0.13729138625911902,1.3372744546317374,68.59315851999982,0.810847158565189,0.9845715448482775,0.6882221935317182,8.964174222283535,1.773958333333297,0.0,0.0,0.0,7.524599999999962,0.12899111587263068,0.0782,0.4274,9.2946,54.8844,calibrated:/Users/let/Documents/DO_A_PAPER_May_18/Papers/Paper_xAI_in_Cyber_2/6_Analysis_Results/xai_surfacebench/data/toniot/toniot_score_stream.csv
toniot_calibrated_anchor,default,default,non_markovian,static_offload,2,5000,0.13604328398246446,1.205015983454599,62.51673120000005,0.7298177196489206,0.8272019960400697,1.1154308247154483,11.117268823220558,2.0651611111110997,0.8067915182063092,0.0,0.0,1.209543999999983,0.12758589856185343,0.0,0.5216,9.2056,54.4266,calibrated:/Users/let/Documents/DO_A_PAPER_May_18/Papers/Paper_xAI_in_Cyber_2/6_Analysis_Results/xai_surfacebench/data/toniot/toniot_score_stream.csv
toniot_calibrated_anchor,default,default,non_markovian,budget_only_bexgov,2,5000,0.13759538114661382,1.2967809147068805,66.85890774000008,0.5882677114641419,0.7885443243743858,0.5723153714040279,3718.8801305161155,0.7368622222222636,0.0,0.7840918849291542,0.0,4.738587999999968,0.13294465888831186,0.0126,0.0,9.316,54.8188,calibrated:/Users/let/Documents/DO_A_PAPER_May_18/Papers/Paper_xAI_in_Cyber_2/6_Analysis_Results/xai_surfacebench/data/toniot/toniot_score_stream.csv
toniot_calibrated_anchor,default,default,non_markovian,xai_gate,2,5000,0.13674146395601444,1.243209898871453,64.26554591999995,0.687764197797528,0.7552858392810872,0.7647860073418051,1187.2496586462046,0.9763472222223706,0.22787734830490175,0.21112070827035198,0.46208162383934354,4.0411759999996075,0.12341424778428456,0.0042,0.0,9.262,54.9634,calibrated:/Users/let/Documents/DO_A_PAPER_May_18/Papers/Paper_xAI_in_Cyber_2/6_Analysis_Results/xai_surfacebench/data/toniot/toniot_score_stream.csv
toniot_calibrated_anchor,default,default,rtt_uncertainty,never_explain,2,5000,0.0,0.014984615384615393,0.7792,0.0,0.0,0.0,13642.056840499965,0.0,0.0,0.0,0.0,0.0,0.0832644328079104,0.0,0.0,7.3108,44.9924,calibrated:/Users/let/Documents/DO_A_PAPER_May_18/Papers/Paper_xAI_in_Cyber_2/6_Analysis_Results/xai_surfacebench/data/toniot/toniot_score_stream.csv
toniot_calibrated_anchor,default,default,rtt_uncertainty,always_explain,2,5000,0.0,0.017581575924074333,0.9054719999999997,1.0,1.0,0.8499999999999726,0.0,1.7159611111110558,0.0,0.0,0.0,7.2676,0.07739016478987693,0.0,0.417,7.2676,44.9704,calibrated:/Users/let/Documents/DO_A_PAPER_May_18/Papers/Paper_xAI_in_Cyber_2/6_Analysis_Results/xai_surfacebench/data/toniot/toniot_score_stream.csv
toniot_calibrated_anchor,default,default,rtt_uncertainty,threshold_explain,2,5000,0.0,0.018304436918648498,0.9444489599999999,0.8078228488196373,0.9841435567544748,0.6856116195344418,0.06713420426690916,1.383588888888869,0.0,0.0,0.0,5.869159999999981,0.07720932711052142,0.0,0.2832,7.2774,45.0386,calibrated:/Users/let/Documents/DO_A_PAPER_May_18/Papers/Paper_xAI_in_Cyber_2/6_Analysis_Results/xai_surfacebench/data/toniot/toniot_score_stream.csv
toniot_calibrated_anchor,default,default,rtt_uncertainty,rate_limited,2,5000,0.0,0.01510037571961091,0.7788951599999998,0.8927242707760425,0.9872375001293626,0.7329719317556339,0.005495584310406992,1.4207222222221918,0.0,0.0,0.0,6.247327999999965,0.07834627853322451,0.0002,0.2962,7.268,44.933,calibrated:/Users/let/Documents/DO_A_PAPER_May_18/Papers/Paper_xAI_in_Cyber_2/6_Analysis_Results/xai_surfacebench/data/toniot/toniot_score_stream.csv
toniot_calibrated_anchor,default,default,rtt_uncertainty,fifo_explanation,2,5000,0.0,0.01747001992003528,0.8999379999999993,0.9912349045578497,0.9892767358575902,0.8513147643162917,0.1150808564447288,1.6821972222221617,0.0,0.0,0.0,7.1246,0.06742465757493288,0.0,0.4102,7.1876,44.8906,calibrated:/Users/let/Documents/DO_A_PAPER_May_18/Papers/Paper_xAI_in_Cyber_2/6_Analysis_Results/xai_surfacebench/data/toniot/toniot_score_stream.csv
toniot_calibrated_anchor,default,default,rtt_uncertainty,static_coarse_full,2,5000,0.0,0.016007690038883415,0.8260591200000019,0.8045373372163351,0.9828671305092338,0.6826226715753557,0.06665610528375199,1.3775138888888716,0.0,0.0,0.0,5.845183999999978,0.07962045103325721,0.0,0.274,7.2796,44.9516,calibrated:/Users/let/Documents/DO_A_PAPER_May_18/Papers/Paper_xAI_in_Cyber_2/6_Analysis_Results/xai_surfacebench/data/toniot/toniot_score_stream.csv
toniot_calibrated_anchor,default,default,rtt_uncertainty,static_offload,2,5000,0.0,0.014170461248214597,0.735964839999999,0.7247646029497652,0.826870368945689,1.3748102727363587,0.03842636994385994,1.6041444444444364,0.8011832347304392,0.0,0.0,0.9396160000000094,0.06797066884989111,0.0,0.3744,7.2006,44.9488,calibrated:/Users/let/Documents/DO_A_PAPER_May_18/Papers/Paper_xAI_in_Cyber_2/6_Analysis_Results/xai_surfacebench/data/toniot/toniot_score_stream.csv
toniot_calibrated_anchor,default,default,rtt_uncertainty,budget_only_bexgov,2,5000,0.0,0.016105306423231873,0.833416680000003,0.5858939743167549,0.7929508081474989,0.5650971353309187,913.1187835859591,0.5767800000000226,0.0,0.7749149379870486,0.0,3.695307999999955,0.07926100649884438,0.0,0.0,7.2888,45.0234,calibrated:/Users/let/Documents/DO_A_PAPER_May_18/Papers/Paper_xAI_in_Cyber_2/6_Analysis_Results/xai_surfacebench/data/toniot/toniot_score_stream.csv
toniot_calibrated_anchor,default,default,rtt_uncertainty,xai_gate,2,5000,0.0,0.016788582959976785,0.8671389200000005,0.7682596985690999,0.8611029049699004,0.6780273167310863,103.51197632628897,0.9333244444445271,0.005468197399205615,0.21736764785896948,0.26152130148539093,5.094363999999607,0.08808136781282161,0.0,0.0,7.3516,45.0432,calibrated:/Users/let/Documents/DO_A_PAPER_May_18/Papers/Paper_xAI_in_Cyber_2/6_Analysis_Results/xai_surfacebench/data/toniot/toniot_score_stream.csv
toniot_calibrated_anchor,default,default,adversarial_explanation_flood,never_explain,3,5000,0.0,0.014561538461538459,0.7572,0.0,0.0,0.0,30869.198426459836,0.0,0.0,0.0,0.0,0.0,0.7996890290086431,0.0,0.0,12.1418,44.9774,calibrated:/Users/let/Documents/DO_A_PAPER_May_18/Papers/Paper_xAI_in_Cyber_2/6_Analysis_Results/xai_surfacebench/data/toniot/toniot_score_stream.csv
toniot_calibrated_anchor,default,default,adversarial_explanation_flood,always_explain,3,5000,0.0,0.01939625387249743,0.9927369999999962,1.0,1.0,0.8499999999999429,0.0,2.87073333333314,0.0,0.0,0.0,12.1584,0.7992772346678738,0.042,0.656,12.1584,45.0492,calibrated:/Users/let/Documents/DO_A_PAPER_May_18/Papers/Paper_xAI_in_Cyber_2/6_Analysis_Results/xai_surfacebench/data/toniot/toniot_score_stream.csv
toniot_calibrated_anchor,default,default,adversarial_explanation_flood,threshold_explain,3,5000,0.0,0.019446211816727243,0.9960462399999995,0.9314489167130968,0.994070528982033,0.79115179127469,0.23177004070418958,2.6796916666666015,0.0,0.0,0.0,11.357951999999962,0.8079568114679558,0.0266,0.6266,12.2036,44.9996,calibrated:/Users/let/Documents/DO_A_PAPER_May_18/Papers/Paper_xAI_in_Cyber_2/6_Analysis_Results/xai_surfacebench/data/toniot/toniot_score_stream.csv
toniot_calibrated_anchor,default,default,adversarial_explanation_flood,rate_limited,3,5000,0.0,0.020578412334190586,1.0584238000000048,0.8074038129389833,0.8500042417085429,0.860365502607203,4600.0686968605405,2.291983333333276,0.0,0.0,0.0,9.76079999999984,0.7994745994746049,0.0006,0.564,12.1586,45.045,calibrated:/Users/let/Documents/DO_A_PAPER_May_18/Papers/Paper_xAI_in_Cyber_2/6_Analysis_Results/xai_surfacebench/data/toniot/toniot_score_stream.csv
toniot_calibrated_anchor,default,default,adversarial_explanation_flood,fifo_explanation,3,5000,0.0,0.02161551405118245,1.1102679999999883,0.8746380960170115,0.8660013831355061,0.8688042855973795,2867.4417864977636,2.525019444444247,0.0,0.0,0.0,10.6942,0.8087625945469354,0.0,0.603,12.227,45.0658,calibrated:/Users/let/Documents/DO_A_PAPER_May_18/Papers/Paper_xAI_in_Cyber_2/6_Analysis_Results/xai_surfacebench/data/toniot/toniot_score_stream.csv
toniot_calibrated_anchor,default,default,adversarial_explanation_flood,static_coarse_full,3,5000,0.0,0.017519362732620804,0.8976774400000013,0.9314394379764451,0.9934707635729553,0.7910149308265776,0.19182535197955042,2.643305555555488,0.0,0.0,0.0,11.205631999999953,0.7871591438637728,0.0186,0.6216,12.0422,44.9212,calibrated:/Users/let/Documents/DO_A_PAPER_May_18/Papers/Paper_xAI_in_Cyber_2/6_Analysis_Results/xai_surfacebench/data/toniot/toniot_score_stream.csv
toniot_calibrated_anchor,default,default,adversarial_explanation_flood,static_offload,3,5000,0.0,0.014294699547586854,0.7415664399999992,0.8389132848360423,0.8353322450407149,1.284423417899867,0.0752653051894165,3.119233333333319,0.9299550930452218,0.0,0.0,1.8105119999999832,0.7939753914390237,0.0,0.6802,12.0694,44.8516,calibrated:/Users/let/Documents/DO_A_PAPER_May_18/Papers/Paper_xAI_in_Cyber_2/6_Analysis_Results/xai_surfacebench/data/toniot/toniot_score_stream.csv
toniot_calibrated_anchor,default,default,adversarial_explanation_flood,budget_only_bexgov,3,5000,0.0,0.01655097097378037,0.8530855800000016,0.6497198034171195,0.7671814949785122,0.626688765749722,6814.892656377129,0.9301150000000072,0.0,0.7297315126327594,0.1856982650570618,6.7169759999999235,0.7977328216097941,0.0,0.0,12.1272,44.9722,calibrated:/Users/let/Documents/DO_A_PAPER_May_18/Papers/Paper_xAI_in_Cyber_2/6_Analysis_Results/xai_surfacebench/data/toniot/toniot_score_stream.csv
toniot_calibrated_anchor,default,default,adversarial_explanation_flood,xai_gate,3,5000,0.0,0.01680447890623491,0.8660003324998721,0.6038086778015866,0.654497275120419,0.7050981673232046,5068.607635196596,1.0,0.002159969661494831,0.19705188873682997,0.3897858991900041,6.4809674999972335,0.7997430167929367,0.0066,0.0,12.1298,44.9316,calibrated:/Users/let/Documents/DO_A_PAPER_May_18/Papers/Paper_xAI_in_Cyber_2/6_Analysis_Results/xai_surfacebench/data/toniot/toniot_score_stream.csv
toniot_calibrated_anchor,default,default,transient_overload,never_explain,3,5000,0.24386270094518497,1.0248807692307844,53.2938,0.0,0.0,0.0,22370.39461011992,0.0,0.0,0.0,0.0,0.0,0.2058904790194125,0.0,0.0,10.1696,56.2218,calibrated:/Users/let/Documents/DO_A_PAPER_May_18/Papers/Paper_xAI_in_Cyber_2/6_Analysis_Results/xai_surfacebench/data/toniot/toniot_score_stream.csv
toniot_calibrated_anchor,default,default,transient_overload,always_explain,3,5000,0.2520235125203464,1.052777963449124,53.30144400000002,1.0,1.0,0.8499999999999573,0.0,2.405924999999879,0.0,0.0,0.0,10.1898,0.20711346141543951,0.1978,0.526,10.1898,56.2764,calibrated:/Users/let/Documents/DO_A_PAPER_May_18/Papers/Paper_xAI_in_Cyber_2/6_Analysis_Results/xai_surfacebench/data/toniot/toniot_score_stream.csv
toniot_calibrated_anchor,default,default,transient_overload,threshold_explain,3,5000,0.2507526794324768,1.047052005013977,53.18093123999997,0.8283976435935166,0.9857548796154723,0.703131075110449,542.3011181359909,1.9860499999999666,0.0,0.0,0.0,8.424071999999963,0.20813775973182258,0.1704,0.49,10.185,56.2022,calibrated:/Users/let/Documents/DO_A_PAPER_May_18/Papers/Paper_xAI_in_Cyber_2/6_Analysis_Results/xai_surfacebench/data/toniot/toniot_score_stream.csv
toniot_calibrated_anchor,default,default,transient_overload,rate_limited,3,5000,0.2479126041195201,1.0360436308677128,53.30745919999998,0.6189847272149697,0.684263566605955,0.8338205795316858,10816.990580986469,1.3868444444443886,0.0,0.0,0.0,6.049359999999969,0.19641060186455683,0.0002,0.3496,10.0702,56.1134,calibrated:/Users/let/Documents/DO_A_PAPER_May_18/Papers/Paper_xAI_in_Cyber_2/6_Analysis_Results/xai_surfacebench/data/toniot/toniot_score_stream.csv
toniot_calibrated_anchor,default,default,transient_overload,fifo_explanation,3,5000,0.2477882512442761,1.0377460167244066,53.28185099999997,0.7183582413677374,0.6642428527396309,0.892246263794797,10324.143617012567,1.718274999999942,0.0,0.0,0.0,7.2774,0.20479749778499245,0.0,0.4442,10.1306,56.057,calibrated:/Users/let/Documents/DO_A_PAPER_May_18/Papers/Paper_xAI_in_Cyber_2/6_Analysis_Results/xai_surfacebench/data/toniot/toniot_score_stream.csv
toniot_calibrated_anchor,default,default,transient_overload,static_coarse_full,3,5000,0.2495247607033139,1.049269451966967,53.31666948000001,0.8244364184791193,0.9849788293214596,0.6996666137482047,572.4964084133883,1.9552555555555162,0.0,0.0,0.0,8.29471999999996,0.19718426973232583,0.1718,0.4878,10.0784,56.1228,calibrated:/Users/let/Documents/DO_A_PAPER_May_18/Papers/Paper_xAI_in_Cyber_2/6_Analysis_Results/xai_surfacebench/data/toniot/toniot_score_stream.csv
toniot_calibrated_anchor,default,default,transient_overload,static_offload,3,5000,0.24582118430243372,1.0310059466345802,53.41338596000002,0.7434085827908987,0.8283539215474239,1.1364980313792643,628.3852758476272,2.3107222222222092,0.8221514354114319,0.0,0.0,1.3515679999999637,0.20081443362651075,0.0,0.517,10.1086,56.1208,calibrated:/Users/let/Documents/DO_A_PAPER_May_18/Papers/Paper_xAI_in_Cyber_2/6_Analysis_Results/xai_surfacebench/data/toniot/toniot_score_stream.csv
toniot_calibrated_anchor,default,default,transient_overload,budget_only_bexgov,3,5000,0.24600118716076033,1.0371937552315356,53.16240303999998,0.5958490159600461,0.7855513469159195,0.5830696171545996,5272.842713121595,0.8148644444444887,0.0,0.8004308234602957,0.0,5.258576000000001,0.2093030966116296,0.0088,0.0,10.213,56.3024,calibrated:/Users/let/Documents/DO_A_PAPER_May_18/Papers/Paper_xAI_in_Cyber_2/6_Analysis_Results/xai_surfacebench/data/toniot/toniot_score_stream.csv
toniot_calibrated_anchor,default,default,transient_overload,xai_gate,3,5000,0.24674388346531007,1.0359145384453232,53.21976213999997,0.645096142438765,0.6905774097289069,0.792650046465048,4912.652283140864,1.0,0.24913002214489086,0.15568649161657702,0.49506930164437535,3.876705499996544,0.20484453465214458,0.012,0.0,10.1152,55.9696,calibrated:/Users/let/Documents/DO_A_PAPER_May_18/Papers/Paper_xAI_in_Cyber_2/6_Analysis_Results/xai_surfacebench/data/toniot/toniot_score_stream.csv
toniot_calibrated_anchor,default,default,non_markovian,never_explain,3,5000,0.1323371605413027,1.2007461538461657,62.4388,0.0,0.0,0.0,19355.66593349849,0.0,0.0,0.0,0.0,0.0,0.12850751097194157,0.0,0.0,9.244,54.609,calibrated:/Users/let/Documents/DO_A_PAPER_May_18/Papers/Paper_xAI_in_Cyber_2/6_Analysis_Results/xai_surfacebench/data/toniot/toniot_score_stream.csv
toniot_calibrated_anchor,default,default,non_markovian,always_explain,3,5000,0.13987927051321736,1.3950484584651035,71.38811699999985,1.0,1.0,0.849999999999961,0.0,2.239466666666564,0.0,0.0,0.0,9.4848,0.1376999863257229,0.0958,0.553,9.4848,55.5788,calibrated:/Users/let/Documents/DO_A_PAPER_May_18/Papers/Paper_xAI_in_Cyber_2/6_Analysis_Results/xai_surfacebench/data/toniot/toniot_score_stream.csv
toniot_calibrated_anchor,default,default,non_markovian,threshold_explain,3,5000,0.13963904415418582,1.2390534417245078,63.50705511999987,0.8149492467143923,0.984173300834214,0.6915770915696033,8.13947190569158,1.7945833333332983,0.0,0.0,0.0,7.613543999999959,0.13157267927247696,0.0812,0.4316,9.359,55.1386,calibrated:/Users/let/Documents/DO_A_PAPER_May_18/Papers/Paper_xAI_in_Cyber_2/6_Analysis_Results/xai_surfacebench/data/toniot/toniot_score_stream.csv
toniot_calibrated_anchor,default,default,non_markovian,rate_limited,3,5000,0.13900696193381415,1.2502828051739647,64.44024339999996,0.7281460817175304,0.8052227759277298,0.7856188213330997,2933.855328550078,1.5068361111110826,0.0,0.0,0.0,6.617728000000007,0.13581710496513844,0.0014,0.3348,9.4276,55.3352,calibrated:/Users/let/Documents/DO_A_PAPER_May_18/Papers/Paper_xAI_in_Cyber_2/6_Analysis_Results/xai_surfacebench/data/toniot/toniot_score_stream.csv
toniot_calibrated_anchor,default,default,non_markovian,fifo_explanation,3,5000,0.13759859288699322,1.2280346307572867,63.19580099999993,0.8265460030165912,0.7885809608850981,0.8760180995474691,1953.1082854131562,1.8114444444443785,0.0,0.0,0.0,7.672,0.13022005318682472,0.0,0.4556,9.282,54.7504,calibrated:/Users/let/Documents/DO_A_PAPER_May_18/Papers/Paper_xAI_in_Cyber_2/6_Analysis_Results/xai_surfacebench/data/toniot/toniot_score_stream.csv
toniot_calibrated_anchor,default,default,non_markovian,static_coarse_full,3,5000,0.1401631334467116,1.3195287571663246,67.66754919999994,0.812127718373334,0.98437204048084,0.6892551178758863,8.960869981746594,1.798174999999966,0.0,0.0,0.0,7.627943999999968,0.13719133731970357,0.0794,0.4398,9.4082,55.1546,calibrated:/Users/let/Documents/DO_A_PAPER_May_18/Papers/Paper_xAI_in_Cyber_2/6_Analysis_Results/xai_surfacebench/data/toniot/toniot_score_stream.csv
toniot_calibrated_anchor,default,default,non_markovian,static_offload,3,5000,0.1366420617970568,1.1597297406270208,60.16302407999994,0.7308655593044534,0.8270580615009508,1.1168539666061728,10.63941530649828,2.077055555555541,0.80774720996626,0.0,0.0,1.2175039999999822,0.12339730740354815,0.0,0.5238,9.2472,54.8764,calibrated:/Users/let/Documents/DO_A_PAPER_May_18/Papers/Paper_xAI_in_Cyber_2/6_Analysis_Results/xai_surfacebench/data/toniot/toniot_score_stream.csv
toniot_calibrated_anchor,default,default,non_markovian,budget_only_bexgov,3,5000,0.14010587629765964,1.3290441925711434,68.52691436000005,0.5876574998918956,0.7879835324802863,0.5719418861071417,3455.817330144123,0.7305150000000372,0.0,0.7841051584727807,0.0,4.700095999999985,0.12164354462057947,0.014,0.0,9.2508,54.9836,calibrated:/Users/let/Documents/DO_A_PAPER_May_18/Papers/Paper_xAI_in_Cyber_2/6_Analysis_Results/xai_surfacebench/data/toniot/toniot_score_stream.csv
toniot_calibrated_anchor,default,default,non_markovian,xai_gate,3,5000,0.13777796403557516,1.3589909659259303,70.2430383599999,0.6874481953291608,0.7534087611738542,0.7607191082802404,1329.1227342469397,0.9799677777779325,0.2216348195329087,0.20983014861995752,0.4694267515923567,4.14037199999964,0.13245381824476965,0.0058,0.0,9.42,55.4548,calibrated:/Users/let/Documents/DO_A_PAPER_May_18/Papers/Paper_xAI_in_Cyber_2/6_Analysis_Results/xai_surfacebench/data/toniot/toniot_score_stream.csv
toniot_calibrated_anchor,default,default,rtt_uncertainty,never_explain,3,5000,0.0,0.014069230769230777,0.7316,0.0,0.0,0.0,13292.639160821573,0.0,0.0,0.0,0.0,0.0,0.07177537776514642,0.0,0.0,7.2404,45.0368,calibrated:/Users/let/Documents/DO_A_PAPER_May_18/Papers/Paper_xAI_in_Cyber_2/6_Analysis_Results/xai_surfacebench/data/toniot/toniot_score_stream.csv
toniot_calibrated_anchor,default,default,rtt_uncertainty,always_explain,3,5000,0.0,0.01645029351721906,0.8472620000000008,1.0,1.0,0.849999999999967,0.0,1.7301277777777107,0.0,0.0,0.0,7.3276,0.08766836178821857,0.0,0.4204,7.3276,44.9132,calibrated:/Users/let/Documents/DO_A_PAPER_May_18/Papers/Paper_xAI_in_Cyber_2/6_Analysis_Results/xai_surfacebench/data/toniot/toniot_score_stream.csv
toniot_calibrated_anchor,default,default,rtt_uncertainty,threshold_explain,3,5000,0.0,0.016877050054284918,0.8708551599999993,0.8076424587115865,0.9839099183054296,0.6854164388056355,0.06382291555118165,1.3901305555555348,0.0,0.0,0.0,5.897287999999981,0.08394240629760952,0.0002,0.2758,7.3144,44.9864,calibrated:/Users/let/Documents/DO_A_PAPER_May_18/Papers/Paper_xAI_in_Cyber_2/6_Analysis_Results/xai_surfacebench/data/toniot/toniot_score_stream.csv
toniot_calibrated_anchor,default,default,rtt_uncertainty,rate_limited,3,5000,0.0,0.016325033236216077,0.8419260799999992,0.89355469818862,0.9876633479969539,0.7338778525693568,0.004805457195697445,1.4310749999999686,0.0,0.0,0.0,6.290687999999971,0.07992145703406783,0.0,0.3016,7.3092,45.1218,calibrated:/Users/let/Documents/DO_A_PAPER_May_18/Papers/Paper_xAI_in_Cyber_2/6_Analysis_Results/xai_surfacebench/data/toniot/toniot_score_stream.csv
toniot_calibrated_anchor,default,default,rtt_uncertainty,fifo_explanation,3,5000,0.0,0.01790253195161491,0.9222669999999985,0.9920471119183246,0.9902296783247843,0.851192933212224,0.10743211310957865,1.7023611111110566,0.0,0.0,0.0,7.21,0.07563069983039394,0.0,0.41,7.2678,45.0452,calibrated:/Users/let/Documents/DO_A_PAPER_May_18/Papers/Paper_xAI_in_Cyber_2/6_Analysis_Results/xai_surfacebench/data/toniot/toniot_score_stream.csv
toniot_calibrated_anchor,default,default,rtt_uncertainty,static_coarse_full,3,5000,0.0,0.018979832345904314,0.9790686400000006,0.8088622819966143,0.9838831712771438,0.686431851730356,0.06560728081271121,1.3925249999999885,0.0,0.0,0.0,5.907623999999979,0.08405565186469333,0.0,0.2798,7.3164,44.994,calibrated:/Users/let/Documents/DO_A_PAPER_May_18/Papers/Paper_xAI_in_Cyber_2/6_Analysis_Results/xai_surfacebench/data/toniot/toniot_score_stream.csv
toniot_calibrated_anchor,default,default,rtt_uncertainty,static_offload,3,5000,0.0,0.014720788054703778,0.7645120000000004,0.7270907762260593,0.8266183252761546,1.3782478554019857,0.03967870884710693,1.6509055555555463,0.8033723070260907,0.0,0.0,0.9685040000000056,0.09415255592473559,0.0,0.398,7.3896,45.0248,calibrated:/Users/let/Documents/DO_A_PAPER_May_18/Papers/Paper_xAI_in_Cyber_2/6_Analysis_Results/xai_surfacebench/data/toniot/toniot_score_stream.csv
toniot_calibrated_anchor,default,default,rtt_uncertainty,budget_only_bexgov,3,5000,0.0,0.015614030358540865,0.807883680000003,0.5901599039484777,0.793999114546226,0.5690397576882128,855.4460318291888,0.5861016666666923,0.0,0.7777444265560619,0.0,3.745719999999973,0.08740289720902306,0.0,0.0,7.3294,44.9352,calibrated:/Users/let/Documents/DO_A_PAPER_May_18/Papers/Paper_xAI_in_Cyber_2/6_Analysis_Results/xai_surfacebench/data/toniot/toniot_score_stream.csv
toniot_calibrated_anchor,default,default,rtt_uncertainty,xai_gate,3,5000,0.0,0.014629480686601304,0.7555701399999996,0.7693521234886823,0.8634982663431744,0.6781891059312604,104.41032673140083,0.9316750000000759,0.00518191538946618,0.21758561127409318,0.2558604995476106,5.06749599999962,0.08438284158074483,0.0,0.0,7.2946,44.8464,calibrated:/Users/let/Documents/DO_A_PAPER_May_18/Papers/Paper_xAI_in_Cyber_2/6_Analysis_Results/xai_surfacebench/data/toniot/toniot_score_stream.csv
toniot_calibrated_anchor,default,default,adversarial_explanation_flood,never_explain,4,5000,0.0,0.014584615384615406,0.7584,0.0,0.0,0.0,30727.55654005764,0.0,0.0,0.0,0.0,0.0,0.7934511952191257,0.0,0.0,12.1002,44.9792,calibrated:/Users/let/Documents/DO_A_PAPER_May_18/Papers/Paper_xAI_in_Cyber_2/6_Analysis_Results/xai_surfacebench/data/toniot/toniot_score_stream.csv
toniot_calibrated_anchor,default,default,adversarial_explanation_flood,always_explain,4,5000,0.0,0.019786496520516048,1.0125379999999986,1.0,1.0,0.8499999999999486,0.0,2.877674999999826,0.0,0.0,0.0,12.1878,0.8030836965301753,0.0442,0.649,12.1878,45.0628,calibrated:/Users/let/Documents/DO_A_PAPER_May_18/Papers/Paper_xAI_in_Cyber_2/6_Analysis_Results/xai_surfacebench/data/toniot/toniot_score_stream.csv
toniot_calibrated_anchor,default,default,adversarial_explanation_flood,threshold_explain,4,5000,0.0,0.019485437871320413,0.9985863599999991,0.9316683983969092,0.994207694188087,0.7913652631405208,0.2123428386169062,2.6636055555554994,0.0,0.0,0.0,11.289367999999964,0.7974360456584857,0.0222,0.625,12.1266,44.9774,calibrated:/Users/let/Documents/DO_A_PAPER_May_18/Papers/Paper_xAI_in_Cyber_2/6_Analysis_Results/xai_surfacebench/data/toniot/toniot_score_stream.csv
toniot_calibrated_anchor,default,default,adversarial_explanation_flood,rate_limited,4,5000,0.0,0.01696613265298743,0.8725693600000047,0.808355276150344,0.8521010161783024,0.8607530774800807,4544.071108218787,2.2943611111110536,0.0,0.0,0.0,9.769311999999848,0.802184960932002,0.0004,0.5642,12.1528,44.9558,calibrated:/Users/let/Documents/DO_A_PAPER_May_18/Papers/Paper_xAI_in_Cyber_2/6_Analysis_Results/xai_surfacebench/data/toniot/toniot_score_stream.csv
toniot_calibrated_anchor,default,default,adversarial_explanation_flood,fifo_explanation,4,5000,0.0,0.019877578830450715,1.0209029999999923,0.881156458099822,0.8729729990166111,0.8678265312849573,2549.043597727661,2.524405555555352,0.0,0.0,0.0,10.6916,0.7982177287527226,0.0,0.6038,12.1336,44.9838,calibrated:/Users/let/Documents/DO_A_PAPER_May_18/Papers/Paper_xAI_in_Cyber_2/6_Analysis_Results/xai_surfacebench/data/toniot/toniot_score_stream.csv
toniot_calibrated_anchor,default,default,adversarial_explanation_flood,static_coarse_full,4,5000,0.0,0.02042101944705378,1.0462523200000022,0.9307104728844602,0.9938711594009313,0.7904899135446545,0.2567877138651758,2.6796861111110486,0.0,0.0,0.0,11.358447999999955,0.8028022664913232,0.0256,0.6286,12.2144,45.1682,calibrated:/Users/let/Documents/DO_A_PAPER_May_18/Papers/Paper_xAI_in_Cyber_2/6_Analysis_Results/xai_surfacebench/data/toniot/toniot_score_stream.csv
toniot_calibrated_anchor,default,default,adversarial_explanation_flood,static_offload,4,5000,0.0,0.014367933714960004,0.74538624,0.8361280788177484,0.8349575123292078,1.279924466338323,0.08573840699695927,3.1366444444444292,0.9266009852216749,0.0,0.0,1.8223359999999833,0.8089870118297076,0.0,0.6804,12.18,44.887,calibrated:/Users/let/Documents/DO_A_PAPER_May_18/Papers/Paper_xAI_in_Cyber_2/6_Analysis_Results/xai_surfacebench/data/toniot/toniot_score_stream.csv
toniot_calibrated_anchor,default,default,adversarial_explanation_flood,budget_only_bexgov,4,5000,0.0,0.01928895780968749,0.9942457200000036,0.6495894807512922,0.7661118286582433,0.6264585960143472,6955.961775258051,0.9322555555555609,0.0,0.725015965547168,0.1916193158558352,6.760039999999918,0.8018041940504317,0.0,0.0,12.2138,45.191,calibrated:/Users/let/Documents/DO_A_PAPER_May_18/Papers/Paper_xAI_in_Cyber_2/6_Analysis_Results/xai_surfacebench/data/toniot/toniot_score_stream.csv
toniot_calibrated_anchor,default,default,adversarial_explanation_flood,xai_gate,4,5000,0.0,0.016053814868841543,0.8282401349997889,0.604561145446899,0.6555310920375631,0.7048230119487013,4961.358639799269,1.0,0.0027358879274824886,0.1987968685620107,0.39049649773348205,6.483574499997651,0.7988810915139051,0.005,0.0,12.135,44.9724,calibrated:/Users/let/Documents/DO_A_PAPER_May_18/Papers/Paper_xAI_in_Cyber_2/6_Analysis_Results/xai_surfacebench/data/toniot/toniot_score_stream.csv
toniot_calibrated_anchor,default,default,transient_overload,never_explain,4,5000,0.24563909479826027,1.0241576923077083,53.2562,0.0,0.0,0.0,22301.450489308398,0.0,0.0,0.0,0.0,0.0,0.20714937918472676,0.0,0.0,10.1666,56.1466,calibrated:/Users/let/Documents/DO_A_PAPER_May_18/Papers/Paper_xAI_in_Cyber_2/6_Analysis_Results/xai_surfacebench/data/toniot/toniot_score_stream.csv
toniot_calibrated_anchor,default,default,transient_overload,always_explain,4,5000,0.25130978510268165,1.0535894061183102,53.34389600000002,1.0,1.0,0.849999999999952,0.0,2.410411111110975,0.0,0.0,0.0,10.2088,0.21053012273918048,0.1988,0.5284,10.2088,56.2222,calibrated:/Users/let/Documents/DO_A_PAPER_May_18/Papers/Paper_xAI_in_Cyber_2/6_Analysis_Results/xai_surfacebench/data/toniot/toniot_score_stream.csv
toniot_calibrated_anchor,default,default,transient_overload,threshold_explain,4,5000,0.2496631963861653,1.0491405336258626,53.30329275999997,0.8285472440944847,0.9856314662688392,0.7032322834645596,562.9446264144693,1.9813777777777457,0.0,0.0,0.0,8.404575999999958,0.20937263794406413,0.1696,0.4904,10.16,56.007,calibrated:/Users/let/Documents/DO_A_PAPER_May_18/Papers/Paper_xAI_in_Cyber_2/6_Analysis_Results/xai_surfacebench/data/toniot/toniot_score_stream.csv
toniot_calibrated_anchor,default,default,transient_overload,rate_limited,4,5000,0.24699248699673015,1.036229232461147,53.31631012000002,0.6153735063701994,0.6808216218292157,0.8331358312890655,10973.042394842347,1.3822249999999425,0.0,0.0,0.0,6.033431999999956,0.20217565539597304,0.0002,0.3452,10.1096,56.0628,calibrated:/Users/let/Documents/DO_A_PAPER_May_18/Papers/Paper_xAI_in_Cyber_2/6_Analysis_Results/xai_surfacebench/data/toniot/toniot_score_stream.csv
toniot_calibrated_anchor,default,default,transient_overload,fifo_explanation,4,5000,0.24596624155505353,1.0379164010551905,53.29098699999997,0.7203321302487032,0.6652915413569703,0.8919501804626501,10277.871815956622,1.724697222222159,0.0,0.0,0.0,7.3046,0.20382208704756932,0.0,0.4462,10.1406,56.1578,calibrated:/Users/let/Documents/DO_A_PAPER_May_18/Papers/Paper_xAI_in_Cyber_2/6_Analysis_Results/xai_surfacebench/data/toniot/toniot_score_stream.csv
toniot_calibrated_anchor,default,default,transient_overload,static_coarse_full,4,5000,0.25253235448832706,1.0482905365711228,53.25199107999998,0.8251067151495945,0.9849263665842672,0.7002173827121374,571.0857983015889,1.9648916666666287,0.0,0.0,0.0,8.335823999999953,0.19901997023893903,0.1692,0.49,10.1204,56.2704,calibrated:/Users/let/Documents/DO_A_PAPER_May_18/Papers/Paper_xAI_in_Cyber_2/6_Analysis_Results/xai_surfacebench/data/toniot/toniot_score_stream.csv
toniot_calibrated_anchor,default,default,transient_overload,static_offload,4,5000,0.24614473499136894,1.0273018300675771,53.22199396000005,0.745194169004075,0.8283542196953821,1.1391372022281487,610.9665656750032,2.319844444444431,0.8240232291707819,0.0,0.0,1.3574559999999658,0.19879613645996597,0.0,0.518,10.1252,56.3076,calibrated:/Users/let/Documents/DO_A_PAPER_May_18/Papers/Paper_xAI_in_Cyber_2/6_Analysis_Results/xai_surfacebench/data/toniot/toniot_score_stream.csv
toniot_calibrated_anchor,default,default,transient_overload,budget_only_bexgov,4,5000,0.24732351781685136,1.0380615220558012,53.21947042000005,0.59612971247265,0.7858608130951625,0.5832883353368857,5188.319481657189,0.8103650000000426,0.0,0.8000709457462113,0.0,5.227960000000011,0.2058024326112997,0.008,0.0,10.1486,56.1098,calibrated:/Users/let/Documents/DO_A_PAPER_May_18/Papers/Paper_xAI_in_Cyber_2/6_Analysis_Results/xai_surfacebench/data/toniot/toniot_score_stream.csv
toniot_calibrated_anchor,default,default,transient_overload,xai_gate,4,5000,0.24834374744170715,1.034887449985087,53.16639753999996,0.6445253777028184,0.6897468553097983,0.7922306457986977,4917.592301467294,1.0,0.24925446825318456,0.15435963266515257,0.4958551397247838,3.8749334999963865,0.20152293358106466,0.0102,0.0,10.127,56.1898,calibrated:/Users/let/Documents/DO_A_PAPER_May_18/Papers/Paper_xAI_in_Cyber_2/6_Analysis_Results/xai_surfacebench/data/toniot/toniot_score_stream.csv
toniot_calibrated_anchor,default,default,non_markovian,never_explain,4,5000,0.13598977736983245,1.2623230769230889,65.6408,0.0,0.0,0.0,20361.57196923385,0.0,0.0,0.0,0.0,0.0,0.14294284565868387,0.0,0.0,9.5258,55.563,calibrated:/Users/let/Documents/DO_A_PAPER_May_18/Papers/Paper_xAI_in_Cyber_2/6_Analysis_Results/xai_surfacebench/data/toniot/toniot_score_stream.csv
toniot_calibrated_anchor,default,default,non_markovian,always_explain,4,5000,0.14092653410195935,1.2098957703357387,61.86631900000006,1.0,1.0,0.8499999999999579,0.0,2.163061111111004,0.0,0.0,0.0,9.1612,0.1205497313356938,0.096,0.5434,9.1612,54.5042,calibrated:/Users/let/Documents/DO_A_PAPER_May_18/Papers/Paper_xAI_in_Cyber_2/6_Analysis_Results/xai_surfacebench/data/toniot/toniot_score_stream.csv
toniot_calibrated_anchor,default,default,non_markovian,threshold_explain,4,5000,0.1384077232712634,1.2416167396459197,63.65744275999991,0.8108461040362626,0.9845571937814259,0.6882182171379159,8.685370496340859,1.768480555555526,0.0,0.0,0.0,7.5013999999999665,0.12309842322605369,0.0796,0.4284,9.266,55.0026,calibrated:/Users/let/Documents/DO_A_PAPER_May_18/Papers/Paper_xAI_in_Cyber_2/6_Analysis_Results/xai_surfacebench/data/toniot/toniot_score_stream.csv
toniot_calibrated_anchor,default,default,non_markovian,rate_limited,4,5000,0.13988073326564177,1.2423286278100385,64.03074068000006,0.7232367076550269,0.7984363322563037,0.7860928299272538,2765.376010848294,1.465608333333302,0.0,0.0,0.0,6.43895999999998,0.1288077896339428,0.0006,0.319,9.2384,54.5614,calibrated:/Users/let/Documents/DO_A_PAPER_May_18/Papers/Paper_xAI_in_Cyber_2/6_Analysis_Results/xai_surfacebench/data/toniot/toniot_score_stream.csv
toniot_calibrated_anchor,default,default,non_markovian,fifo_explanation,4,5000,0.1389232045188005,1.2530444512070336,64.48800499999977,0.8234367922696978,0.7857741495174227,0.8764844811595034,1898.0391908253855,1.8028027777777196,0.0,0.0,0.0,7.6354,0.1292858508615844,0.0,0.4432,9.2726,54.7402,calibrated:/Users/let/Documents/DO_A_PAPER_May_18/Papers/Paper_xAI_in_Cyber_2/6_Analysis_Results/xai_surfacebench/data/toniot/toniot_score_stream.csv
toniot_calibrated_anchor,default,default,non_markovian,static_coarse_full,4,5000,0.13979438015684476,1.2223749232829877,62.64180727999981,0.8120055375501716,0.9844150522305273,0.6891609967590219,9.954823881701582,1.7807583333333001,0.0,0.0,0.0,7.553951999999964,0.13348100626819193,0.0824,0.4382,9.3182,54.8058,calibrated:/Users/let/Documents/DO_A_PAPER_May_18/Papers/Paper_xAI_in_Cyber_2/6_Analysis_Results/xai_surfacebench/data/toniot/toniot_score_stream.csv
toniot_calibrated_anchor,default,default,non_markovian,static_offload,4,5000,0.13577147752542756,1.2506036854327467,64.88302508000008,0.7326543766920355,0.827315453912269,1.1197163852005216,10.754449734023087,2.0962222222222073,0.809870654462636,0.0,0.0,1.2280159999999813,0.13112901461849757,0.0,0.5214,9.3084,54.862,calibrated:/Users/let/Documents/DO_A_PAPER_May_18/Papers/Paper_xAI_in_Cyber_2/6_Analysis_Results/xai_surfacebench/data/toniot/toniot_score_stream.csv
toniot_calibrated_anchor,default,default,non_markovian,budget_only_bexgov,4,5000,0.14100964363036275,1.2002682357092618,61.85754330000001,0.5881158072330792,0.788574670103758,0.5716646478629437,3563.7210041122266,0.7321383333333742,0.0,0.7824883197785084,0.0,4.703247999999996,0.12527275670163363,0.0118,0.0,9.2464,54.7802,calibrated:/Users/let/Documents/DO_A_PAPER_May_18/Papers/Paper_xAI_in_Cyber_2/6_Analysis_Results/xai_surfacebench/data/toniot/toniot_score_stream.csv
toniot_calibrated_anchor,default,default,non_markovian,xai_gate,4,5000,0.13703219092875046,1.355760306816393,70.08066201999995,0.6866798427328024,0.7532138789988816,0.758092922972843,1366.4148208555673,0.9813405555557166,0.2180815084129534,0.2167498097573349,0.4636425128942251,4.175471999999646,0.14054819025852194,0.005,0.0,9.4616,55.3044,calibrated:/Users/let/Documents/DO_A_PAPER_May_18/Papers/Paper_xAI_in_Cyber_2/6_Analysis_Results/xai_surfacebench/data/toniot/toniot_score_stream.csv
toniot_calibrated_anchor,default,default,rtt_uncertainty,never_explain,4,5000,0.0,0.015111538461538456,0.7858,0.0,0.0,0.0,13527.589666066751,0.0,0.0,0.0,0.0,0.0,0.07957101536491784,0.0,0.0,7.3192,45.1982,calibrated:/Users/let/Documents/DO_A_PAPER_May_18/Papers/Paper_xAI_in_Cyber_2/6_Analysis_Results/xai_surfacebench/data/toniot/toniot_score_stream.csv
toniot_calibrated_anchor,default,default,rtt_uncertainty,always_explain,4,5000,0.0,0.0172512613461053,0.8883880000000006,1.0,1.0,0.8499999999999769,0.0,1.7089249999999536,0.0,0.0,0.0,7.2378,0.07817988434346468,0.0004,0.4138,7.2378,44.7532,calibrated:/Users/let/Documents/DO_A_PAPER_May_18/Papers/Paper_xAI_in_Cyber_2/6_Analysis_Results/xai_surfacebench/data/toniot/toniot_score_stream.csv
toniot_calibrated_anchor,default,default,rtt_uncertainty,threshold_explain,4,5000,0.0,0.01765381576480635,0.9108786000000009,0.8055742688136748,0.9836579297218485,0.6836386789352555,0.057924551590283056,1.3843499999999833,0.0,0.0,0.0,5.872967999999981,0.08171517440568676,0.0,0.2772,7.3032,45.01,calibrated:/Users/let/Documents/DO_A_PAPER_May_18/Papers/Paper_xAI_in_Cyber_2/6_Analysis_Results/xai_surfacebench/data/toniot/toniot_score_stream.csv
toniot_calibrated_anchor,default,default,rtt_uncertainty,rate_limited,4,5000,0.0,0.015972360801903816,0.8239466400000003,0.8915589259075469,0.9876249170769518,0.7317006464445478,0.004786252314067918,1.4119749999999727,0.0,0.0,0.0,6.211871999999981,0.07346844362200144,0.0,0.293,7.2396,44.9608,calibrated:/Users/let/Documents/DO_A_PAPER_May_18/Papers/Paper_xAI_in_Cyber_2/6_Analysis_Results/xai_surfacebench/data/toniot/toniot_score_stream.csv
toniot_calibrated_anchor,default,default,rtt_uncertainty,fifo_explanation,4,5000,0.0,0.019112894190430895,0.9846269999999988,0.9916005599626692,0.9897088686124328,0.8512599160055696,0.10427409011798579,1.705902777777718,0.0,0.0,0.0,7.225,0.07835389046261865,0.0,0.412,7.2862,45.0452,calibrated:/Users/let/Documents/DO_A_PAPER_May_18/Papers/Paper_xAI_in_Cyber_2/6_Analysis_Results/xai_surfacebench/data/toniot/toniot_score_stream.csv
toniot_calibrated_anchor,default,default,rtt_uncertainty,static_coarse_full,4,5000,0.0,0.017638156513039897,0.9100981199999995,0.804628631450925,0.9838038508128534,0.6828758603532576,0.05743736278613104,1.3700583333333185,0.0,0.0,0.0,5.811983999999981,0.06793365155553954,0.0,0.2714,7.2354,45.1676,calibrated:/Users/let/Documents/DO_A_PAPER_May_18/Papers/Paper_xAI_in_Cyber_2/6_Analysis_Results/xai_surfacebench/data/toniot/toniot_score_stream.csv
toniot_calibrated_anchor,default,default,rtt_uncertainty,static_offload,4,5000,0.0,0.014404832622868272,0.7480899599999999,0.7240594961882784,0.826831822390209,1.3730969200646974,0.04282048519398665,1.611538888888882,0.8004087946083306,0.0,0.0,0.9439280000000048,0.07531097408846188,0.0,0.384,7.2408,44.8912,calibrated:/Users/let/Documents/DO_A_PAPER_May_18/Papers/Paper_xAI_in_Cyber_2/6_Analysis_Results/xai_surfacebench/data/toniot/toniot_score_stream.csv
toniot_calibrated_anchor,default,default,rtt_uncertainty,budget_only_bexgov,4,5000,0.0,0.01633987961589124,0.8456164600000022,0.5885876498405352,0.793520158763347,0.5678090289233448,904.2157103480333,0.5785677777778009,0.0,0.7787033982184097,0.0,3.7056759999999804,0.07555212533322564,0.0,0.0,7.2744,45.0894,calibrated:/Users/let/Documents/DO_A_PAPER_May_18/Papers/Paper_xAI_in_Cyber_2/6_Analysis_Results/xai_surfacebench/data/toniot/toniot_score_stream.csv
toniot_calibrated_anchor,default,default,rtt_uncertainty,xai_gate,4,5000,0.0,0.0183117605405565,0.9458751400000015,0.7706918308612644,0.8646496415958258,0.6787769346078931,77.18471957362979,0.9304055555556309,0.005783705999557228,0.21845251272968785,0.24623644011512066,5.028927999999645,0.07135339304403177,0.0,0.0,7.2272,44.9724,calibrated:/Users/let/Documents/DO_A_PAPER_May_18/Papers/Paper_xAI_in_Cyber_2/6_Analysis_Results/xai_surfacebench/data/toniot/toniot_score_stream.csv
toniot_calibrated_anchor,default,default,adversarial_explanation_flood,never_explain,5,5000,0.0,0.013384615384615387,0.696,0.0,0.0,0.0,30681.9112758416,0.0,0.0,0.0,0.0,0.0,0.8054631535550096,0.0,0.0,12.1306,44.7922,calibrated:/Users/let/Documents/DO_A_PAPER_May_18/Papers/Paper_xAI_in_Cyber_2/6_Analysis_Results/xai_surfacebench/data/toniot/toniot_score_stream.csv
toniot_calibrated_anchor,default,default,adversarial_explanation_flood,always_explain,5,5000,0.0,0.01959997201559373,1.0031860000000017,1.0,1.0,0.8499999999999515,0.0,2.853119444444282,0.0,0.0,0.0,12.0838,0.7922556780175101,0.0366,0.651,12.0838,44.9482,calibrated:/Users/let/Documents/DO_A_PAPER_May_18/Papers/Paper_xAI_in_Cyber_2/6_Analysis_Results/xai_surfacebench/data/toniot/toniot_score_stream.csv
toniot_calibrated_anchor,default,default,adversarial_explanation_flood,threshold_explain,5,5000,0.0,0.016986692089409068,0.8703267200000013,0.9313739866868735,0.9940112553042907,0.7910762538719951,0.21364981229558416,2.665074999999939,0.0,0.0,0.0,11.29617599999996,0.8037649268591309,0.0226,0.6246,12.1384,44.8632,calibrated:/Users/let/Documents/DO_A_PAPER_May_18/Papers/Paper_xAI_in_Cyber_2/6_Analysis_Results/xai_surfacebench/data/toniot/toniot_score_stream.csv
toniot_calibrated_anchor,default,default,adversarial_explanation_flood,rate_limited,5,5000,0.0,0.020283139377635852,1.0431060400000083,0.8073049493887132,0.850268983827937,0.8611509136321781,4701.841857968374,2.2951527777777208,0.0,0.0,0.0,9.77204799999984,0.7994857851682025,0.0004,0.5646,12.1712,45.0914,calibrated:/Users/let/Documents/DO_A_PAPER_May_18/Papers/Paper_xAI_in_Cyber_2/6_Analysis_Results/xai_surfacebench/data/toniot/toniot_score_stream.csv
toniot_calibrated_anchor,default,default,adversarial_explanation_flood,fifo_explanation,5,5000,0.0,0.01824769102621369,0.9372229999999944,0.8833998972540311,0.87534267618552,0.8674900154118271,2443.354890006011,2.517274999999813,0.0,0.0,0.0,10.6614,0.7900968129020565,0.0,0.604,12.0686,44.9458,calibrated:/Users/let/Documents/DO_A_PAPER_May_18/Papers/Paper_xAI_in_Cyber_2/6_Analysis_Results/xai_surfacebench/data/toniot/toniot_score_stream.csv
toniot_calibrated_anchor,default,default,adversarial_explanation_flood,static_coarse_full,5,5000,0.0,0.020234217745918295,1.0367162799999998,0.9312786259541943,0.9939662461513811,0.7909865582475782,0.20784999124308437,2.6457722222221585,0.0,0.0,0.0,11.21448799999996,0.7805513326803326,0.0198,0.6274,12.052,45.1246,calibrated:/Users/let/Documents/DO_A_PAPER_May_18/Papers/Paper_xAI_in_Cyber_2/6_Analysis_Results/xai_surfacebench/data/toniot/toniot_score_stream.csv
toniot_calibrated_anchor,default,default,adversarial_explanation_flood,static_offload,5,5000,0.0,0.014786069633533313,0.767066,0.8379921844084042,0.8354704948078792,1.2831874093128104,0.08354136282651156,3.1318833333333203,0.9291320406278855,0.0,0.0,1.8165839999999862,0.797976653696497,0.0,0.6806,12.1296,44.975,calibrated:/Users/let/Documents/DO_A_PAPER_May_18/Papers/Paper_xAI_in_Cyber_2/6_Analysis_Results/xai_surfacebench/data/toniot/toniot_score_stream.csv
toniot_calibrated_anchor,default,default,adversarial_explanation_flood,budget_only_bexgov,5,5000,0.0,0.017742106329320256,0.9142777400000017,0.6503468521807853,0.766799736195248,0.6272383395829245,6874.97026990045,0.9314427777777837,0.0,0.7273205710150648,0.18965857509374384,6.740927999999919,0.8014879074190939,0.0,0.0,12.1608,45.0028,calibrated:/Users/let/Documents/DO_A_PAPER_May_18/Papers/Paper_xAI_in_Cyber_2/6_Analysis_Results/xai_surfacebench/data/toniot/toniot_score_stream.csv
toniot_calibrated_anchor,default,default,adversarial_explanation_flood,xai_gate,5,5000,0.0,0.01689027340059856,0.8708539800000009,0.605553248918484,0.6561982709870909,0.7048490895435418,4948.317004088223,1.0,0.0018489781094198831,0.1975104830455311,0.391729537424871,6.492657499997166,0.791790903497559,0.0076,0.0,12.1148,45.0752,calibrated:/Users/let/Documents/DO_A_PAPER_May_18/Papers/Paper_xAI_in_Cyber_2/6_Analysis_Results/xai_surfacebench/data/toniot/toniot_score_stream.csv
toniot_calibrated_anchor,default,default,transient_overload,never_explain,5,5000,0.24556640881779193,1.0218461538461694,53.136,0.0,0.0,0.0,22384.509509088748,0.0,0.0,0.0,0.0,0.0,0.20114699517821188,0.0,0.0,10.1412,56.2862,calibrated:/Users/let/Documents/DO_A_PAPER_May_18/Papers/Paper_xAI_in_Cyber_2/6_Analysis_Results/xai_surfacebench/data/toniot/toniot_score_stream.csv
toniot_calibrated_anchor,default,default,transient_overload,always_explain,5,5000,0.25146256657943084,1.0527117311858358,53.29736199999994,1.0,1.0,0.8499999999999558,0.0,2.39921944444432,0.0,0.0,0.0,10.1614,0.2011366672104109,0.1994,0.5246,10.1614,56.3988,calibrated:/Users/let/Documents/DO_A_PAPER_May_18/Papers/Paper_xAI_in_Cyber_2/6_Analysis_Results/xai_surfacebench/data/toniot/toniot_score_stream.csv
toniot_calibrated_anchor,default,default,transient_overload,threshold_explain,5,5000,0.24983875990506715,1.0485959096863995,53.27868931999999,0.8255718405562319,0.9854612166838838,0.7007101094299308,552.4478110767933,1.967519444444414,0.0,0.0,0.0,8.345751999999957,0.20090757167646012,0.1652,0.4884,10.1252,56.2086,calibrated:/Users/let/Documents/DO_A_PAPER_May_18/Papers/Paper_xAI_in_Cyber_2/6_Analysis_Results/xai_surfacebench/data/toniot/toniot_score_stream.csv
toniot_calibrated_anchor,default,default,transient_overload,rate_limited,5,5000,0.24709970578388085,1.0346926072338243,53.23730128000005,0.6135891381346092,0.6774132804288543,0.8347963400236085,11211.31808408464,1.387008333333274,0.0,0.0,0.0,6.05128799999995,0.20678478054896687,0.0002,0.351,10.164,56.1492,calibrated:/Users/let/Documents/DO_A_PAPER_May_18/Papers/Paper_xAI_in_Cyber_2/6_Analysis_Results/xai_surfacebench/data/toniot/toniot_score_stream.csv
toniot_calibrated_anchor,default,default,transient_overload,fifo_explanation,5,5000,0.2476038477267544,1.0373929406325861,53.26332199999999,0.7184471767747538,0.6651992795303572,0.8922329234837425,10391.285179577879,1.7190305555554979,0.0,0.0,0.0,7.2806,0.2012351605886571,0.0,0.4438,10.1338,56.241,calibrated:/Users/let/Documents/DO_A_PAPER_May_18/Papers/Paper_xAI_in_Cyber_2/6_Analysis_Results/xai_surfacebench/data/toniot/toniot_score_stream.csv
toniot_calibrated_anchor,default,default,transient_overload,static_coarse_full,5,5000,0.24996668960427193,1.0482619318000204,53.26358148000005,0.8257579350962447,0.9850117742094379,0.7007786869046131,551.2302757076826,1.9663388888888556,0.0,0.0,0.0,8.341855999999956,0.20269118732417835,0.1692,0.4888,10.1196,56.0942,calibrated:/Users/let/Documents/DO_A_PAPER_May_18/Papers/Paper_xAI_in_Cyber_2/6_Analysis_Results/xai_surfacebench/data/toniot/toniot_score_stream.csv
toniot_calibrated_anchor,default,default,transient_overload,static_offload,5,5000,0.24514647723419097,1.0275251924691764,53.23275540000002,0.7439329885758202,0.8285309171256889,1.1374269028846007,634.8561499723236,2.327044444444431,0.8228759069547948,0.0,0.0,1.3603359999999687,0.21029741612674657,0.0,0.5194,10.1714,56.027,calibrated:/Users/let/Documents/DO_A_PAPER_May_18/Papers/Paper_xAI_in_Cyber_2/6_Analysis_Results/xai_surfacebench/data/toniot/toniot_score_stream.csv
toniot_calibrated_anchor,default,default,transient_overload,budget_only_bexgov,5,5000,0.24841645335334242,1.0390190300211193,53.258648920000056,0.5958504181411941,0.7854855117741312,0.583050947984412,5251.548351647609,0.807398333333382,0.0,0.7994701567782369,0.0,5.2086799999999815,0.2048689272400277,0.0098,0.0,10.1162,55.974,calibrated:/Users/let/Documents/DO_A_PAPER_May_18/Papers/Paper_xAI_in_Cyber_2/6_Analysis_Results/xai_surfacebench/data/toniot/toniot_score_stream.csv
toniot_calibrated_anchor,default,default,transient_overload,xai_gate,5,5000,0.24697485893349838,1.0371021860937977,53.28647587999997,0.6470990552019873,0.6926562660735214,0.7925846257455696,4869.868238414998,1.0,0.2505397429041139,0.1547527086180601,0.49935626993018867,3.8759919999964785,0.20126915238750853,0.0098,0.0,10.0974,56.0374,calibrated:/Users/let/Documents/DO_A_PAPER_May_18/Papers/Paper_xAI_in_Cyber_2/6_Analysis_Results/xai_surfacebench/data/toniot/toniot_score_stream.csv
toniot_calibrated_anchor,default,default,non_markovian,never_explain,5,5000,0.13822098628649415,1.2008923076923201,62.4464,0.0,0.0,0.0,19554.393260385747,0.0,0.0,0.0,0.0,0.0,0.12596516715704564,0.0,0.0,9.2074,54.5156,calibrated:/Users/let/Documents/DO_A_PAPER_May_18/Papers/Paper_xAI_in_Cyber_2/6_Analysis_Results/xai_surfacebench/data/toniot/toniot_score_stream.csv
toniot_calibrated_anchor,default,default,non_markovian,always_explain,5,5000,0.13955491196482245,1.28942871837376,65.97010600000003,1.0,1.0,0.8499999999999631,0.0,2.180533333333239,0.0,0.0,0.0,9.2352,0.1242791560601968,0.0922,0.54,9.2352,54.7622,calibrated:/Users/let/Documents/DO_A_PAPER_May_18/Papers/Paper_xAI_in_Cyber_2/6_Analysis_Results/xai_surfacebench/data/toniot/toniot_score_stream.csv
toniot_calibrated_anchor,default,default,non_markovian,threshold_explain,5,5000,0.13730183768459067,1.2254861702018498,62.82278499999992,0.8110202888508773,0.9840536517494023,0.6882684104540571,8.593941959620357,1.7627138888888634,0.0,0.0,0.0,7.478047999999967,0.12484807743362203,0.0794,0.4278,9.2366,54.7428,calibrated:/Users/let/Documents/DO_A_PAPER_May_18/Papers/Paper_xAI_in_Cyber_2/6_Analysis_Results/xai_surfacebench/data/toniot/toniot_score_stream.csv
toniot_calibrated_anchor,default,default,non_markovian,rate_limited,5,5000,0.13817440590082505,1.260444641209951,64.96987200000002,0.7249785343236341,0.8024289159513771,0.7849944189241327,2602.710958920686,1.481044444444415,0.0,0.0,0.0,6.508167999999989,0.13405876481900236,0.0012,0.3178,9.3172,54.772,calibrated:/Users/let/Documents/DO_A_PAPER_May_18/Papers/Paper_xAI_in_Cyber_2/6_Analysis_Results/xai_surfacebench/data/toniot/toniot_score_stream.csv
toniot_calibrated_anchor,default,default,non_markovian,fifo_explanation,5,5000,0.13438464373823097,1.3074998577239325,67.29649899999995,0.82767376802238,0.7903433230441469,0.8758489347966062,1860.3255590837844,1.816261111111052,0.0,0.0,0.0,7.6924,0.1306074186531987,0.0,0.4532,9.294,54.8024,calibrated:/Users/let/Documents/DO_A_PAPER_May_18/Papers/Paper_xAI_in_Cyber_2/6_Analysis_Results/xai_surfacebench/data/toniot/toniot_score_stream.csv
toniot_calibrated_anchor,default,default,non_markovian,static_coarse_full,5,5000,0.1408722347087088,1.2971873552380917,66.51134375999993,0.8121825837893302,0.9841518065397759,0.6892591484268052,9.526301328317988,1.7882361111110812,0.0,0.0,0.0,7.5862719999999655,0.1361447962921809,0.0806,0.4338,9.3568,54.9038,calibrated:/Users/let/Documents/DO_A_PAPER_May_18/Papers/Paper_xAI_in_Cyber_2/6_Analysis_Results/xai_surfacebench/data/toniot/toniot_score_stream.csv
toniot_calibrated_anchor,default,default,non_markovian,static_offload,5,5000,0.1368719379428897,1.2832412855275808,66.57957191999994,0.73285631592489,0.8274381077624978,1.120118986364864,10.82195213723269,2.1016166666666525,0.810200668896321,0.0,0.0,1.2306479999999853,0.12770448166065917,0.0,0.5234,9.3288,55.1492,calibrated:/Users/let/Documents/DO_A_PAPER_May_18/Papers/Paper_xAI_in_Cyber_2/6_Analysis_Results/xai_surfacebench/data/toniot/toniot_score_stream.csv
toniot_calibrated_anchor,default,default,non_markovian,budget_only_bexgov,5,5000,0.13455389065769124,1.3336480241402449,68.76878623999995,0.5870548062513314,0.7886512388298477,0.5707792763862031,3747.391187986729,0.7384061111111482,0.0,0.7811817597944766,0.0,4.7434359999999876,0.13308469025743785,0.0108,0.0,9.342,54.965,calibrated:/Users/let/Documents/DO_A_PAPER_May_18/Papers/Paper_xAI_in_Cyber_2/6_Analysis_Results/xai_surfacebench/data/toniot/toniot_score_stream.csv
toniot_calibrated_anchor,default,default,non_markovian,xai_gate,5,5000,0.14202350036384434,1.2494682408200446,64.56035483999987,0.6879922779923527,0.7539805716114181,0.7607915057914949,1372.0438779826302,0.9810394444446024,0.21910136195850483,0.21615257329543044,0.4681997539140396,4.170187999999635,0.13770453423697182,0.0064,0.0,9.4276,55.2434,calibrated:/Users/let/Documents/DO_A_PAPER_May_18/Papers/Paper_xAI_in_Cyber_2/6_Analysis_Results/xai_surfacebench/data/toniot/toniot_score_stream.csv
toniot_calibrated_anchor,default,default,rtt_uncertainty,never_explain,5,5000,0.0,0.014380769230769232,0.7478,0.0,0.0,0.0,13545.711314836088,0.0,0.0,0.0,0.0,0.0,0.0815713814324397,0.0,0.0,7.3094,45.0542,calibrated:/Users/let/Documents/DO_A_PAPER_May_18/Papers/Paper_xAI_in_Cyber_2/6_Analysis_Results/xai_surfacebench/data/toniot/toniot_score_stream.csv
toniot_calibrated_anchor,default,default,rtt_uncertainty,always_explain,5,5000,0.0,0.0173154064786757,0.8914779999999984,1.0,1.0,0.8499999999999698,0.0,1.7298444444443828,0.0,0.0,0.0,7.3264,0.08722880123467958,0.0,0.4186,7.3264,44.924,calibrated:/Users/let/Documents/DO_A_PAPER_May_18/Papers/Paper_xAI_in_Cyber_2/6_Analysis_Results/xai_surfacebench/data/toniot/toniot_score_stream.csv
toniot_calibrated_anchor,default,default,rtt_uncertainty,threshold_explain,5,5000,0.0,0.01535295337247868,0.7921845200000006,0.8048972668326493,0.982824074679405,0.6829156521025356,0.07286011943755576,1.383869444444427,0.0,0.0,0.0,5.87226399999998,0.08117141940168926,0.0,0.273,7.3102,45.0758,calibrated:/Users/let/Documents/DO_A_PAPER_May_18/Papers/Paper_xAI_in_Cyber_2/6_Analysis_Results/xai_surfacebench/data/toniot/toniot_score_stream.csv
toniot_calibrated_anchor,default,default,rtt_uncertainty,rate_limited,5,5000,0.0,0.01846803170532809,0.9523548000000003,0.893337106258493,0.9875185440723492,0.7336747370455169,0.006090406442412193,1.4178583333332995,0.0,0.0,0.0,6.233087999999967,0.07012078482811646,0.0,0.2914,7.2446,45.1326,calibrated:/Users/let/Documents/DO_A_PAPER_May_18/Papers/Paper_xAI_in_Cyber_2/6_Analysis_Results/xai_surfacebench/data/toniot/toniot_score_stream.csv
toniot_calibrated_anchor,default,default,rtt_uncertainty,fifo_explanation,5,5000,0.0,0.018293339212054414,0.9424979999999985,0.9904251244733818,0.9882668175883839,0.8514362313289658,0.14350834063998388,1.7096333333332796,0.0,0.0,0.0,7.2408,0.08103951794758024,0.0,0.4124,7.3108,45.085,calibrated:/Users/let/Documents/DO_A_PAPER_May_18/Papers/Paper_xAI_in_Cyber_2/6_Analysis_Results/xai_surfacebench/data/toniot/toniot_score_stream.csv
toniot_calibrated_anchor,default,default,rtt_uncertainty,static_coarse_full,5,5000,0.0,0.016183126484859534,0.8350028400000002,0.8040388365514058,0.9831038728937516,0.6822502677909246,0.06682287191961227,1.3772944444444277,0.0,0.0,0.0,5.843799999999979,0.08083155960470179,0.0,0.2766,7.2818,44.9148,calibrated:/Users/let/Documents/DO_A_PAPER_May_18/Papers/Paper_xAI_in_Cyber_2/6_Analysis_Results/xai_surfacebench/data/toniot/toniot_score_stream.csv
toniot_calibrated_anchor,default,default,rtt_uncertainty,static_offload,5,5000,0.0,0.016513146250119654,0.8575965999999992,0.730891019199968,0.826450782740605,1.385689211263099,0.03779701934009686,1.65328888888888,0.8071857263123591,0.0,0.0,0.9714080000000036,0.08719111540204683,0.0,0.3934,7.3646,45.1598,calibrated:/Users/let/Documents/DO_A_PAPER_May_18/Papers/Paper_xAI_in_Cyber_2/6_Analysis_Results/xai_surfacebench/data/toniot/toniot_score_stream.csv
toniot_calibrated_anchor,default,default,rtt_uncertainty,budget_only_bexgov,5,5000,0.0,0.017077627522029574,0.8835787400000014,0.5869322752770508,0.7934961848962628,0.5661485839376093,849.2748225939328,0.5800655555555787,0.0,0.7758106444110001,0.0,3.7133279999999673,0.08138738346863383,0.0,0.0,7.309,45.0594,calibrated:/Users/let/Documents/DO_A_PAPER_May_18/Papers/Paper_xAI_in_Cyber_2/6_Analysis_Results/xai_surfacebench/data/toniot/toniot_score_stream.csv
toniot_calibrated_anchor,default,default,rtt_uncertainty,xai_gate,5,5000,0.0,0.015426404020192828,0.7969914800000005,0.771371359223381,0.8640610689643409,0.6809807699603899,99.3723811034185,0.9307616666667358,0.005102603706972639,0.21999117387466902,0.257171226831421,5.0573679999996,0.07560951007790662,0.0,0.0,7.2512,44.9432,calibrated:/Users/let/Documents/DO_A_PAPER_May_18/Papers/Paper_xAI_in_Cyber_2/6_Analysis_Results/xai_surfacebench/data/toniot/toniot_score_stream.csv
toniot_calibrated_anchor,default,default,adversarial_explanation_flood,never_explain,6,5000,0.0,0.014692307692307694,0.764,0.0,0.0,0.0,30887.547454969124,0.0,0.0,0.0,0.0,0.0,0.8000499513048649,0.0,0.0,12.1802,45.1106,calibrated:/Users/let/Documents/DO_A_PAPER_May_18/Papers/Paper_xAI_in_Cyber_2/6_Analysis_Results/xai_surfacebench/data/toniot/toniot_score_stream.csv
toniot_calibrated_anchor,default,default,adversarial_explanation_flood,always_explain,6,5000,0.0,0.020821993329204064,1.0656300000000016,1.0,1.0,0.8499999999999477,0.0,2.8635555555553793,0.0,0.0,0.0,12.128,0.7955596614967331,0.0438,0.6504,12.128,45.0296,calibrated:/Users/let/Documents/DO_A_PAPER_May_18/Papers/Paper_xAI_in_Cyber_2/6_Analysis_Results/xai_surfacebench/data/toniot/toniot_score_stream.csv
toniot_calibrated_anchor,default,default,adversarial_explanation_flood,threshold_explain,6,5000,0.0,0.018917863301206293,0.9693795600000004,0.9312822925436172,0.9938384537705226,0.7909622146288167,0.24693042950012153,2.659591666666602,0.0,0.0,0.0,11.273471999999957,0.7970258701243282,0.0188,0.6252,12.1158,44.9476,calibrated:/Users/let/Documents/DO_A_PAPER_May_18/Papers/Paper_xAI_in_Cyber_2/6_Analysis_Results/xai_surfacebench/data/toniot/toniot_score_stream.csv
toniot_calibrated_anchor,default,default,adversarial_explanation_flood,rate_limited,6,5000,0.0,0.01985027783186556,1.0209016000000055,0.8089754375546362,0.852252892028854,0.859041421289645,4454.176242500881,2.2884805555554917,0.0,0.0,0.0,9.74895199999984,0.7976158704741556,0.0002,0.563,12.1242,44.964,calibrated:/Users/let/Documents/DO_A_PAPER_May_18/Papers/Paper_xAI_in_Cyber_2/6_Analysis_Results/xai_surfacebench/data/toniot/toniot_score_stream.csv
toniot_calibrated_anchor,default,default,adversarial_explanation_flood,fifo_explanation,6,5000,0.0,0.018300096507925134,0.9399429999999928,0.8785553492499055,0.8701800966862984,0.8682166976124441,2672.7813535172277,2.5248777777775775,0.0,0.0,0.0,10.6936,0.7996942302972245,0.0,0.6034,12.1718,45.0884,calibrated:/Users/let/Documents/DO_A_PAPER_May_18/Papers/Paper_xAI_in_Cyber_2/6_Analysis_Results/xai_surfacebench/data/toniot/toniot_score_stream.csv
toniot_calibrated_anchor,default,default,adversarial_explanation_flood,static_coarse_full,6,5000,0.0,0.01927350624512955,0.9873819200000007,0.9320766062602927,0.9936630210941821,0.7915906095551754,0.19612976470680873,2.666844444444383,0.0,0.0,0.0,11.304903999999958,0.7993342166967556,0.0238,0.6238,12.14,44.9796,calibrated:/Users/let/Documents/DO_A_PAPER_May_18/Papers/Paper_xAI_in_Cyber_2/6_Analysis_Results/xai_surfacebench/data/toniot/toniot_score_stream.csv
toniot_calibrated_anchor,default,default,adversarial_explanation_flood,static_offload,6,5000,0.0,0.013557830589233499,0.7033530800000001,0.838078142713976,0.8352858356611293,1.2831373741025454,0.08596123101126033,3.142749999999986,0.9290209158273499,0.0,0.0,1.8242159999999892,0.8060210593159314,0.0,0.681,12.1726,44.9334,calibrated:/Users/let/Documents/DO_A_PAPER_May_18/Papers/Paper_xAI_in_Cyber_2/6_Analysis_Results/xai_surfacebench/data/toniot/toniot_score_stream.csv
toniot_calibrated_anchor,default,default,adversarial_explanation_flood,budget_only_bexgov,6,5000,0.0,0.01600160587218475,0.8245610000000015,0.6492135960721055,0.7670130103934801,0.6261566217418565,6768.466010189802,0.9302777777777841,0.0,0.7283092233169671,0.18598213991498336,6.718167999999956,0.801455256717919,0.0,0.0,12.1388,44.9222,calibrated:/Users/let/Documents/DO_A_PAPER_May_18/Papers/Paper_xAI_in_Cyber_2/6_Analysis_Results/xai_surfacebench/data/toniot/toniot_score_stream.csv
toniot_calibrated_anchor,default,default,adversarial_explanation_flood,xai_gate,6,5000,0.0,0.018620544252406956,0.9595153649998869,0.601812502052311,0.652490558256784,0.7056941890251395,5093.615055282637,1.0,0.003037667071688943,0.195510820662704,0.38948228301168286,6.475994999997491,0.8039905686086282,0.0066,0.0,12.1804,45.0128,calibrated:/Users/let/Documents/DO_A_PAPER_May_18/Papers/Paper_xAI_in_Cyber_2/6_Analysis_Results/xai_surfacebench/data/toniot/toniot_score_stream.csv
toniot_calibrated_anchor,default,default,transient_overload,never_explain,6,5000,0.2441553611911692,1.0237153846154001,53.2332,0.0,0.0,0.0,22017.566570739073,0.0,0.0,0.0,0.0,0.0,0.19946506089581217,0.0,0.0,10.0632,55.9316,calibrated:/Users/let/Documents/DO_A_PAPER_May_18/Papers/Paper_xAI_in_Cyber_2/6_Analysis_Results/xai_surfacebench/data/toniot/toniot_score_stream.csv
toniot_calibrated_anchor,default,default,transient_overload,always_explain,6,5000,0.2500622336286469,1.050211193870838,53.189401000000025,1.0,1.0,0.8499999999999578,0.0,2.383258333333215,0.0,0.0,0.0,10.0938,0.20098231686858026,0.1956,0.5268,10.0938,56.0308,calibrated:/Users/let/Documents/DO_A_PAPER_May_18/Papers/Paper_xAI_in_Cyber_2/6_Analysis_Results/xai_surfacebench/data/toniot/toniot_score_stream.csv
toniot_calibrated_anchor,default,default,transient_overload,threshold_explain,6,5000,0.24831500611768598,1.0477772435577466,53.244867800000044,0.8243839825552539,0.9851302588105675,0.6996520963425407,566.5569294920385,1.9573666666666238,0.0,0.0,0.0,8.303303999999956,0.1961501251991773,0.1686,0.4892,10.089,56.2304,calibrated:/Users/let/Documents/DO_A_PAPER_May_18/Papers/Paper_xAI_in_Cyber_2/6_Analysis_Results/xai_surfacebench/data/toniot/toniot_score_stream.csv
toniot_calibrated_anchor,default,default,transient_overload,rate_limited,6,5000,0.24885372379558382,1.034965749418329,53.25121756000002,0.6127384827858503,0.6777273242538445,0.8343385617046454,11131.148180734837,1.3806055555554932,0.0,0.0,0.0,6.025111999999941,0.20674261633512536,0.0002,0.3454,10.137,56.002,calibrated:/Users/let/Documents/DO_A_PAPER_May_18/Papers/Paper_xAI_in_Cyber_2/6_Analysis_Results/xai_surfacebench/data/toniot/toniot_score_stream.csv
toniot_calibrated_anchor,default,default,transient_overload,fifo_explanation,6,5000,0.25001908920285476,1.0378951266824072,53.289661999999986,0.7149715504978663,0.6591075325956125,0.8927542674252742,10501.018637327712,1.7089249999999387,0.0,0.0,0.0,7.2378,0.20176503897972742,0.0,0.444,10.1232,56.1574,calibrated:/Users/let/Documents/DO_A_PAPER_May_18/Papers/Paper_xAI_in_Cyber_2/6_Analysis_Results/xai_surfacebench/data/toniot/toniot_score_stream.csv
toniot_calibrated_anchor,default,default,transient_overload,static_coarse_full,6,5000,0.24972353972212216,1.0474390551193353,53.22249752,0.8281079791674918,0.9854389694071255,0.7028276945095938,544.1677059097584,1.960880555555523,0.0,0.0,0.0,8.31802399999996,0.19477496734354327,0.171,0.4872,10.0612,56.14,calibrated:/Users/let/Documents/DO_A_PAPER_May_18/Papers/Paper_xAI_in_Cyber_2/6_Analysis_Results/xai_surfacebench/data/toniot/toniot_score_stream.csv
toniot_calibrated_anchor,default,default,transient_overload,static_offload,6,5000,0.24591885671095845,1.0282761583747577,53.272286119999954,0.7418406691185249,0.8282465027167927,1.1340872780480482,646.2655281696036,2.3072277777777623,0.8204017874797327,0.0,0.0,1.3496079999999568,0.20204357390129224,0.0,0.5156,10.1148,56.0978,calibrated:/Users/let/Documents/DO_A_PAPER_May_18/Papers/Paper_xAI_in_Cyber_2/6_Analysis_Results/xai_surfacebench/data/toniot/toniot_score_stream.csv
toniot_calibrated_anchor,default,default,transient_overload,budget_only_bexgov,6,5000,0.24759366159808194,1.0392681700026245,53.285169700000004,0.5965850811238568,0.7857169026735931,0.5841472101305815,5170.060210008007,0.8081538888889341,0.0,0.8006133755441235,0.0,5.211876000000001,0.2001230042968416,0.0098,0.0,10.108,56.1498,calibrated:/Users/let/Documents/DO_A_PAPER_May_18/Papers/Paper_xAI_in_Cyber_2/6_Analysis_Results/xai_surfacebench/data/toniot/toniot_score_stream.csv
toniot_calibrated_anchor,default,default,transient_overload,xai_gate,6,5000,0.24829028565330372,1.0376457793134715,53.30712274000001,0.6405571518535679,0.6852844047304448,0.7940462882780221,5003.713931273442,1.0,0.2505510509328505,0.15336928284657167,0.4930134613864241,3.8452399999966422,0.2050324309582232,0.0126,0.0,10.1624,56.222,calibrated:/Users/let/Documents/DO_A_PAPER_May_18/Papers/Paper_xAI_in_Cyber_2/6_Analysis_Results/xai_surfacebench/data/toniot/toniot_score_stream.csv
toniot_calibrated_anchor,default,default,non_markovian,never_explain,6,5000,0.133800202374626,1.2518884615384744,65.0982,0.0,0.0,0.0,19516.71216538336,0.0,0.0,0.0,0.0,0.0,0.12422259267617686,0.0,0.0,9.266,54.9476,calibrated:/Users/let/Documents/DO_A_PAPER_May_18/Papers/Paper_xAI_in_Cyber_2/6_Analysis_Results/xai_surfacebench/data/toniot/toniot_score_stream.csv
toniot_calibrated_anchor,default,default,non_markovian,always_explain,6,5000,0.13675395255123363,1.312518800550511,67.16402900000006,1.0,1.0,0.8499999999999609,0.0,2.2023027777776765,0.0,0.0,0.0,9.3274,0.12872641024244458,0.0948,0.5398,9.3274,55.091,calibrated:/Users/let/Documents/DO_A_PAPER_May_18/Papers/Paper_xAI_in_Cyber_2/6_Analysis_Results/xai_surfacebench/data/toniot/toniot_score_stream.csv
toniot_calibrated_anchor,default,default,non_markovian,threshold_explain,6,5000,0.14091895839972446,1.2180254169560423,62.41797788000009,0.8122785438380711,0.9844504071068888,0.6893959992231423,9.4119568146739,1.7718166666666375,0.0,0.0,0.0,7.515983999999968,0.13163591608883318,0.0816,0.4264,9.2682,54.6006,calibrated:/Users/let/Documents/DO_A_PAPER_May_18/Papers/Paper_xAI_in_Cyber_2/6_Analysis_Results/xai_surfacebench/data/toniot/toniot_score_stream.csv
toniot_calibrated_anchor,default,default,non_markovian,rate_limited,6,5000,0.1421823436778307,1.2440081950397432,64.11340072000006,0.7234675313557002,0.799014932294047,0.7887440606138361,3107.973914287132,1.4858194444444104,0.0,0.0,0.0,6.521247999999988,0.13281519924644214,0.0014,0.3294,9.3444,54.9922,calibrated:/Users/let/Documents/DO_A_PAPER_May_18/Papers/Paper_xAI_in_Cyber_2/6_Analysis_Results/xai_surfacebench/data/toniot/toniot_score_stream.csv
toniot_calibrated_anchor,default,default,non_markovian,fifo_explanation,6,5000,0.13871391595394106,1.2734611416847448,65.52959899999993,0.8244588975370508,0.7859597976662853,0.8763311653694008,2159.5407930416777,1.8257527777777116,0.0,0.0,0.0,7.7326,0.13491706235690804,0.0,0.46,9.379,55.0936,calibrated:/Users/let/Documents/DO_A_PAPER_May_18/Papers/Paper_xAI_in_Cyber_2/6_Analysis_Results/xai_surfacebench/data/toniot/toniot_score_stream.csv
toniot_calibrated_anchor,default,default,non_markovian,static_coarse_full,6,5000,0.1346784423063571,1.3021192233354772,66.79712440000006,0.8097616543988795,0.9842457405442243,0.6872524535576511,8.741356279492459,1.7398722222221932,0.0,0.0,0.0,7.380559999999967,0.1120327704714974,0.0764,0.4248,9.1296,54.7322,calibrated:/Users/let/Documents/DO_A_PAPER_May_18/Papers/Paper_xAI_in_Cyber_2/6_Analysis_Results/xai_surfacebench/data/toniot/toniot_score_stream.csv
toniot_calibrated_anchor,default,default,non_markovian,static_offload,6,5000,0.1349236399475329,1.2422707089992786,64.45252003999991,0.7282799769038435,0.8270673685297697,1.1130450589166794,10.727865783748351,2.0935444444444307,0.8050512178952546,0.0,0.0,1.2263679999999841,0.1295664209984717,0.0,0.5248,9.3522,55.1964,calibrated:/Users/let/Documents/DO_A_PAPER_May_18/Papers/Paper_xAI_in_Cyber_2/6_Analysis_Results/xai_surfacebench/data/toniot/toniot_score_stream.csv
toniot_calibrated_anchor,default,default,non_markovian,budget_only_bexgov,6,5000,0.1384924346780766,1.3294038637505905,68.54417133999995,0.5870309300571115,0.7882422420361006,0.5712037935122249,3695.840199437233,0.7321722222222612,0.0,0.7827352085354026,0.0,4.709539999999985,0.1301396140790647,0.0148,0.0,9.279,54.7366,calibrated:/Users/let/Documents/DO_A_PAPER_May_18/Papers/Paper_xAI_in_Cyber_2/6_Analysis_Results/xai_surfacebench/data/toniot/toniot_score_stream.csv
toniot_calibrated_anchor,default,default,non_markovian,xai_gate,6,5000,0.1392251693789077,1.2673047918068392,65.50865190000005,0.688179532364898,0.7546286252776744,0.7623287200206205,1217.4775212000004,0.9775538888890472,0.22373850253588928,0.21490587122840196,0.45912490329235794,4.087567999999644,0.12633645343925548,0.005,0.0,9.3064,55.0836,calibrated:/Users/let/Documents/DO_A_PAPER_May_18/Papers/Paper_xAI_in_Cyber_2/6_Analysis_Results/xai_surfacebench/data/toniot/toniot_score_stream.csv
toniot_calibrated_anchor,default,default,rtt_uncertainty,never_explain,6,5000,0.0,0.014834615384615378,0.7714,0.0,0.0,0.0,13623.762416456604,0.0,0.0,0.0,0.0,0.0,0.08395377626146994,0.0,0.0,7.3202,45.0216,calibrated:/Users/let/Documents/DO_A_PAPER_May_18/Papers/Paper_xAI_in_Cyber_2/6_Analysis_Results/xai_surfacebench/data/toniot/toniot_score_stream.csv
toniot_calibrated_anchor,default,default,rtt_uncertainty,always_explain,6,5000,0.0,0.017926043504081876,0.9229470000000005,1.0,1.0,0.8499999999999672,0.0,1.7278138888888224,0.0,0.0,0.0,7.3178,0.08433538559563836,0.0004,0.4268,7.3178,44.991,calibrated:/Users/let/Documents/DO_A_PAPER_May_18/Papers/Paper_xAI_in_Cyber_2/6_Analysis_Results/xai_surfacebench/data/toniot/toniot_score_stream.csv
toniot_calibrated_anchor,default,default,rtt_uncertainty,threshold_explain,6,5000,0.0,0.016715356293782912,0.8623804400000008,0.8062086598855025,0.9836734335070239,0.6841726418764871,0.048586076349388566,1.3651611111110913,0.0,0.0,0.0,5.7915999999999785,0.06749498248877406,0.0,0.268,7.1964,44.9426,calibrated:/Users/let/Documents/DO_A_PAPER_May_18/Papers/Paper_xAI_in_Cyber_2/6_Analysis_Results/xai_surfacebench/data/toniot/toniot_score_stream.csv
toniot_calibrated_anchor,default,default,rtt_uncertainty,rate_limited,6,5000,0.0,0.017038332778460646,0.8787051599999999,0.8917247913005638,0.9876183031884294,0.7318815905096597,0.007961572947364276,1.4209361111110825,0.0,0.0,0.0,6.2508639999999875,0.07770413742385185,0.0,0.2988,7.2832,45.0538,calibrated:/Users/let/Documents/DO_A_PAPER_May_18/Papers/Paper_xAI_in_Cyber_2/6_Analysis_Results/xai_surfacebench/data/toniot/toniot_score_stream.csv
toniot_calibrated_anchor,default,default,rtt_uncertainty,fifo_explanation,6,5000,0.0,0.01914273040243827,0.9861279999999976,0.9919065977633773,0.9901077979234231,0.8512140103354662,0.09910272097021768,1.7130805555555013,0.0,0.0,0.0,7.2554,0.08250901276882927,0.0,0.4162,7.3146,45.0472,calibrated:/Users/let/Documents/DO_A_PAPER_May_18/Papers/Paper_xAI_in_Cyber_2/6_Analysis_Results/xai_surfacebench/data/toniot/toniot_score_stream.csv
toniot_calibrated_anchor,default,default,rtt_uncertainty,static_coarse_full,6,5000,0.0,0.01839215361896473,0.9490416799999988,0.803505298230286,0.9830617372405003,0.6817962093074035,0.07805355367887234,1.3841999999999886,0.0,0.0,0.0,5.8731119999999795,0.08267617586095644,0.0,0.2722,7.3232,45.0932,calibrated:/Users/let/Documents/DO_A_PAPER_May_18/Papers/Paper_xAI_in_Cyber_2/6_Analysis_Results/xai_surfacebench/data/toniot/toniot_score_stream.csv
toniot_calibrated_anchor,default,default,rtt_uncertainty,static_offload,6,5000,0.0,0.01406620330152065,0.7305115599999985,0.7250812997021393,0.8269018590906608,1.3755347164895748,0.03475226515964713,1.631166666666659,0.8015467439127703,0.0,0.0,0.9553920000000026,0.0835531945764647,0.0,0.3878,7.3186,45.0284,calibrated:/Users/let/Documents/DO_A_PAPER_May_18/Papers/Paper_xAI_in_Cyber_2/6_Analysis_Results/xai_surfacebench/data/toniot/toniot_score_stream.csv
toniot_calibrated_anchor,default,default,rtt_uncertainty,budget_only_bexgov,6,5000,0.0,0.015023784192023808,0.7773665000000026,0.5864824422478246,0.7931050899063182,0.5657255201791255,968.791193068349,0.580173333333359,0.0,0.7759816503740921,0.0,3.717207999999965,0.08324274759485584,0.0,0.0,7.3244,45.077,calibrated:/Users/let/Documents/DO_A_PAPER_May_18/Papers/Paper_xAI_in_Cyber_2/6_Analysis_Results/xai_surfacebench/data/toniot/toniot_score_stream.csv
toniot_calibrated_anchor,default,default,rtt_uncertainty,xai_gate,6,5000,0.0,0.016054510152276668,0.82909518,0.7684998632759843,0.8619596727023042,0.6776188134435404,102.21185969204693,0.932299444444513,0.005715066994804485,0.2168444079846869,0.25561936013125514,5.069903999999615,0.08705829896332551,0.0,0.0,7.314,44.855,calibrated:/Users/let/Documents/DO_A_PAPER_May_18/Papers/Paper_xAI_in_Cyber_2/6_Analysis_Results/xai_surfacebench/data/toniot/toniot_score_stream.csv
toniot_calibrated_anchor,default,default,adversarial_explanation_flood,never_explain,7,5000,0.0,0.014157692307692302,0.7362,0.0,0.0,0.0,30482.42686697976,0.0,0.0,0.0,0.0,0.0,0.7889724533843656,0.0,0.0,12.06,44.942,calibrated:/Users/let/Documents/DO_A_PAPER_May_18/Papers/Paper_xAI_in_Cyber_2/6_Analysis_Results/xai_surfacebench/data/toniot/toniot_score_stream.csv
toniot_calibrated_anchor,default,default,adversarial_explanation_flood,always_explain,7,5000,0.0,0.021989714225974465,1.1256230000000012,1.0,1.0,0.8499999999999481,0.0,2.867097222222047,0.0,0.0,0.0,12.143,0.7980120143864695,0.042,0.6514,12.143,45.0238,calibrated:/Users/let/Documents/DO_A_PAPER_May_18/Papers/Paper_xAI_in_Cyber_2/6_Analysis_Results/xai_surfacebench/data/toniot/toniot_score_stream.csv
toniot_calibrated_anchor,default,default,adversarial_explanation_flood,threshold_explain,7,5000,0.0,0.01692133989910686,0.8672943600000012,0.9316313205613473,0.9941075828439397,0.7913127923698546,0.2011115533760574,2.6573749999999388,0.0,0.0,0.0,11.263271999999965,0.798811536157161,0.019,0.62,12.0994,44.8422,calibrated:/Users/let/Documents/DO_A_PAPER_May_18/Papers/Paper_xAI_in_Cyber_2/6_Analysis_Results/xai_surfacebench/data/toniot/toniot_score_stream.csv
toniot_calibrated_anchor,default,default,adversarial_explanation_flood,rate_limited,7,5000,0.0,0.016667949819230567,0.8570469600000035,0.8095194893027317,0.8526964703327277,0.8597710439931994,4438.392384162204,2.2912444444443842,0.0,0.0,0.0,9.758319999999836,0.8009435027241567,0.0008,0.5638,12.1246,44.8824,calibrated:/Users/let/Documents/DO_A_PAPER_May_18/Papers/Paper_xAI_in_Cyber_2/6_Analysis_Results/xai_surfacebench/data/toniot/toniot_score_stream.csv
toniot_calibrated_anchor,default,default,adversarial_explanation_flood,fifo_explanation,7,5000,0.0,0.019438246951873614,0.998342999999991,0.8785693210503885,0.8698971521812805,0.8682146018423736,2708.4100408316135,2.531016666666472,0.0,0.0,0.0,10.7196,0.8062605940828562,0.0,0.6046,12.2012,45.033,calibrated:/Users/let/Documents/DO_A_PAPER_May_18/Papers/Paper_xAI_in_Cyber_2/6_Analysis_Results/xai_surfacebench/data/toniot/toniot_score_stream.csv
toniot_calibrated_anchor,default,default,adversarial_explanation_flood,static_coarse_full,7,5000,0.0,0.01890332765899054,0.9682396399999987,0.9307616627039399,0.9942042269210912,0.7906042469459555,0.22921948405376355,2.6765277777777166,0.0,0.0,0.0,11.343999999999966,0.8092546855646754,0.0264,0.6248,12.197,44.943,calibrated:/Users/let/Documents/DO_A_PAPER_May_18/Papers/Paper_xAI_in_Cyber_2/6_Analysis_Results/xai_surfacebench/data/toniot/toniot_score_stream.csv
toniot_calibrated_anchor,default,default,adversarial_explanation_flood,static_offload,7,5000,0.0,0.01581187012398983,0.8202158000000005,0.8404455298993614,0.8352497796216815,1.28662078152758,0.07903828813269939,3.1481388888888744,0.9314847707387672,0.0,0.0,1.8283759999999865,0.8006636548994484,0.0,0.6784,12.1608,45.0234,calibrated:/Users/let/Documents/DO_A_PAPER_May_18/Papers/Paper_xAI_in_Cyber_2/6_Analysis_Results/xai_surfacebench/data/toniot/toniot_score_stream.csv
toniot_calibrated_anchor,default,default,adversarial_explanation_flood,budget_only_bexgov,7,5000,0.0,0.015619681846925372,0.8050310400000023,0.6493847802786785,0.7669509794300502,0.6261117981696764,6741.7757943678935,0.9301655555555635,0.0,0.7277104460384203,0.18591804765438205,6.714579999999951,0.8006502471830068,0.0,0.0,12.129,44.906,calibrated:/Users/let/Documents/DO_A_PAPER_May_18/Papers/Paper_xAI_in_Cyber_2/6_Analysis_Results/xai_surfacebench/data/toniot/toniot_score_stream.csv
toniot_calibrated_anchor,default,default,adversarial_explanation_flood,xai_gate,7,5000,0.0,0.017446182593098634,0.8992582000000002,0.6043326365340405,0.6545691755513602,0.7057670688347396,4999.492346500853,1.0,0.0018435000164598217,0.19776475623004247,0.390982486749449,6.497356999997374,0.8003025494458009,0.0062,0.0,12.1508,44.9954,calibrated:/Users/let/Documents/DO_A_PAPER_May_18/Papers/Paper_xAI_in_Cyber_2/6_Analysis_Results/xai_surfacebench/data/toniot/toniot_score_stream.csv
toniot_calibrated_anchor,default,default,transient_overload,never_explain,7,5000,0.24642445809725189,1.0240653846154009,53.2514,0.0,0.0,0.0,22239.146841893125,0.0,0.0,0.0,0.0,0.0,0.20253262351413048,0.0,0.0,10.1174,56.0894,calibrated:/Users/let/Documents/DO_A_PAPER_May_18/Papers/Paper_xAI_in_Cyber_2/6_Analysis_Results/xai_surfacebench/data/toniot/toniot_score_stream.csv
toniot_calibrated_anchor,default,default,transient_overload,always_explain,7,5000,0.2516947637428645,1.0526367153904976,53.30878000000004,1.0,1.0,0.8499999999999591,0.0,2.38179444444433,0.0,0.0,0.0,10.0876,0.1951594596451829,0.1988,0.5242,10.0876,56.2692,calibrated:/Users/let/Documents/DO_A_PAPER_May_18/Papers/Paper_xAI_in_Cyber_2/6_Analysis_Results/xai_surfacebench/data/toniot/toniot_score_stream.csv
toniot_calibrated_anchor,default,default,transient_overload,threshold_explain,7,5000,0.24973523782357498,1.0495885177998354,53.329252879999984,0.8295713122728959,0.9857911361945992,0.704120088159956,521.4387476071234,1.966872222222202,0.0,0.0,0.0,8.342815999999962,0.1971522974161508,0.1668,0.4886,10.0726,56.092,calibrated:/Users/let/Documents/DO_A_PAPER_May_18/Papers/Paper_xAI_in_Cyber_2/6_Analysis_Results/xai_surfacebench/data/toniot/toniot_score_stream.csv
toniot_calibrated_anchor,default,default,transient_overload,rate_limited,7,5000,0.2451275223629284,1.033750757376251,53.18867576,0.6189011097899483,0.6848366868718916,0.8341944114149787,10847.495813374753,1.3900666666666086,0.0,0.0,0.0,6.062519999999964,0.20030114570956403,0.0002,0.3548,10.092,56.0526,calibrated:/Users/let/Documents/DO_A_PAPER_May_18/Papers/Paper_xAI_in_Cyber_2/6_Analysis_Results/xai_surfacebench/data/toniot/toniot_score_stream.csv
toniot_calibrated_anchor,default,default,transient_overload,fifo_explanation,7,5000,0.24745405160221842,1.038341332647257,53.311987999999964,0.7184854882307677,0.6627189284529491,0.8922271767653432,10343.284251459649,1.7195972222221583,0.0,0.0,0.0,7.283,0.20678981480159075,0.0,0.4432,10.1366,55.9976,calibrated:/Users/let/Documents/DO_A_PAPER_May_18/Papers/Paper_xAI_in_Cyber_2/6_Analysis_Results/xai_surfacebench/data/toniot/toniot_score_stream.csv
toniot_calibrated_anchor,default,default,transient_overload,static_coarse_full,7,5000,0.25085414978964443,1.0486104408486894,53.27214756000005,0.8282190966719455,0.9859275030213225,0.703015055467501,549.5588000126277,1.9684833333332927,0.0,0.0,0.0,8.349119999999964,0.19782360576226776,0.1698,0.4892,10.096,56.1908,calibrated:/Users/let/Documents/DO_A_PAPER_May_18/Papers/Paper_xAI_in_Cyber_2/6_Analysis_Results/xai_surfacebench/data/toniot/toniot_score_stream.csv
toniot_calibrated_anchor,default,default,transient_overload,static_offload,7,5000,0.24623291949196457,1.0280809843376701,53.26021223999997,0.7447266546140612,0.828293255826004,1.138395102971272,639.7780288112832,2.3303166666666497,0.8234750825341928,0.0,0.0,1.3637519999999559,0.2113637959620409,0.0,0.5178,10.1776,56.0118,calibrated:/Users/let/Documents/DO_A_PAPER_May_18/Papers/Paper_xAI_in_Cyber_2/6_Analysis_Results/xai_surfacebench/data/toniot/toniot_score_stream.csv
toniot_calibrated_anchor,default,default,transient_overload,budget_only_bexgov,7,5000,0.24772425320082225,1.040509850349309,53.34645370000007,0.5956928269709003,0.7859962181316176,0.5825352335083397,5190.142676311555,0.8079683333333773,0.0,0.7998499861829379,0.0,5.214919999999987,0.20352586373802972,0.0088,0.0,10.1324,56.1262,calibrated:/Users/let/Documents/DO_A_PAPER_May_18/Papers/Paper_xAI_in_Cyber_2/6_Analysis_Results/xai_surfacebench/data/toniot/toniot_score_stream.csv
toniot_calibrated_anchor,default,default,transient_overload,xai_gate,7,5000,0.2474851342072967,1.037592222945446,53.30472301999996,0.6451135331513473,0.6902256699661274,0.7922762903286025,4933.047400665663,1.0,0.24789716858192157,0.15458279034869488,0.49718635232725766,3.8922099999965636,0.20115975026236632,0.0106,0.0,10.1292,56.219,calibrated:/Users/let/Documents/DO_A_PAPER_May_18/Papers/Paper_xAI_in_Cyber_2/6_Analysis_Results/xai_surfacebench/data/toniot/toniot_score_stream.csv
toniot_calibrated_anchor,default,default,non_markovian,never_explain,7,5000,0.1367263949897795,1.2451038461538593,64.7454,0.0,0.0,0.0,19532.61116949993,0.0,0.0,0.0,0.0,0.0,0.12456931336590427,0.0,0.0,9.3086,55.1832,calibrated:/Users/let/Documents/DO_A_PAPER_May_18/Papers/Paper_xAI_in_Cyber_2/6_Analysis_Results/xai_surfacebench/data/toniot/toniot_score_stream.csv
toniot_calibrated_anchor,default,default,non_markovian,always_explain,7,5000,0.14093996267487047,1.3034592440027095,66.6775679999999,1.0,1.0,0.8499999999999599,0.0,2.2060805555554515,0.0,0.0,0.0,9.3434,0.13523312410849098,0.0942,0.5452,9.3434,54.8692,calibrated:/Users/let/Documents/DO_A_PAPER_May_18/Papers/Paper_xAI_in_Cyber_2/6_Analysis_Results/xai_surfacebench/data/toniot/toniot_score_stream.csv
toniot_calibrated_anchor,default,default,non_markovian,threshold_explain,7,5000,0.13750936406057132,1.3945861464601736,71.55224891999995,0.8141783887468026,0.9846386561378978,0.6910208866155058,9.169094408671288,1.798219444444409,0.0,0.0,0.0,7.627839999999971,0.1323609798832126,0.082,0.4492,9.384,55.2474,calibrated:/Users/let/Documents/DO_A_PAPER_May_18/Papers/Paper_xAI_in_Cyber_2/6_Analysis_Results/xai_surfacebench/data/toniot/toniot_score_stream.csv
toniot_calibrated_anchor,default,default,non_markovian,rate_limited,7,5000,0.1376098909821796,1.3007029245008737,67.0465412000002,0.72816918077943,0.8050400592323147,0.7851046889457839,2822.713756097665,1.4850194444444136,0.0,0.0,0.0,6.523119999999974,0.12807105699464416,0.0012,0.3282,9.2942,54.9268,calibrated:/Users/let/Documents/DO_A_PAPER_May_18/Papers/Paper_xAI_in_Cyber_2/6_Analysis_Results/xai_surfacebench/data/toniot/toniot_score_stream.csv
toniot_calibrated_anchor,default,default,non_markovian,fifo_explanation,7,5000,0.1366602200587849,1.259439749434846,64.81775100000002,0.8299736124929705,0.7927031146735617,0.8755039581260137,1719.875222358135,1.8120583333332687,0.0,0.0,0.0,7.6746,0.12260816885985015,0.0,0.4498,9.2468,54.9126,calibrated:/Users/let/Documents/DO_A_PAPER_May_18/Papers/Paper_xAI_in_Cyber_2/6_Analysis_Results/xai_surfacebench/data/toniot/toniot_score_stream.csv
toniot_calibrated_anchor,default,default,non_markovian,static_coarse_full,7,5000,0.14051887867127552,1.2620665569006204,64.69438107999981,0.8120250202119068,0.9842107556826334,0.6891387600527535,9.345890909068618,1.7962944444444071,0.0,0.0,0.0,7.620303999999962,0.135338690937731,0.0816,0.4388,9.4004,55.1988,calibrated:/Users/let/Documents/DO_A_PAPER_May_18/Papers/Paper_xAI_in_Cyber_2/6_Analysis_Results/xai_surfacebench/data/toniot/toniot_score_stream.csv
toniot_calibrated_anchor,default,default,non_markovian,static_offload,7,5000,0.13595291304204743,1.1376643286979793,59.01805803999993,0.7303028337980816,0.8274002638800887,1.1163167109785987,10.352931060028398,2.0774222222222094,0.807491948209152,0.0,0.0,1.215919999999981,0.1277730851223322,0.0,0.5236,9.2526,54.6954,calibrated:/Users/let/Documents/DO_A_PAPER_May_18/Papers/Paper_xAI_in_Cyber_2/6_Analysis_Results/xai_surfacebench/data/toniot/toniot_score_stream.csv
toniot_calibrated_anchor,default,default,non_markovian,budget_only_bexgov,7,5000,0.13966224734114593,1.338076727170585,68.99055355999997,0.5879273814789034,0.7880432680764685,0.5722278385038153,3905.4899155478874,0.7510672222222587,0.0,0.7833449169141341,0.0,4.828111999999983,0.14313573247142486,0.011,0.0,9.4962,55.381,calibrated:/Users/let/Documents/DO_A_PAPER_May_18/Papers/Paper_xAI_in_Cyber_2/6_Analysis_Results/xai_surfacebench/data/toniot/toniot_score_stream.csv
toniot_calibrated_anchor,default,default,non_markovian,xai_gate,7,5000,0.13495100964425502,1.295820030046976,66.98349678000001,0.6880482996550736,0.7553269344148223,0.7614241326847512,1274.5106701214625,0.9788394444445924,0.22212698480725138,0.21027706944950394,0.4640966850236784,4.111939999999642,0.12545248896059435,0.006,0.0,9.3334,55.2868,calibrated:/Users/let/Documents/DO_A_PAPER_May_18/Papers/Paper_xAI_in_Cyber_2/6_Analysis_Results/xai_surfacebench/data/toniot/toniot_score_stream.csv
toniot_calibrated_anchor,default,default,rtt_uncertainty,never_explain,7,5000,0.0,0.014223076923076934,0.7396,0.0,0.0,0.0,13524.58744129286,0.0,0.0,0.0,0.0,0.0,0.08677696960008685,0.0,0.0,7.3422,45.0396,calibrated:/Users/let/Documents/DO_A_PAPER_May_18/Papers/Paper_xAI_in_Cyber_2/6_Analysis_Results/xai_surfacebench/data/toniot/toniot_score_stream.csv
toniot_calibrated_anchor,default,default,rtt_uncertainty,always_explain,7,5000,0.0,0.016315253008164554,0.8402680000000006,1.0,1.0,0.8499999999999731,0.0,1.712986111111057,0.0,0.0,0.0,7.255,0.07745817888033568,0.0004,0.421,7.255,44.8896,calibrated:/Users/let/Documents/DO_A_PAPER_May_18/Papers/Paper_xAI_in_Cyber_2/6_Analysis_Results/xai_surfacebench/data/toniot/toniot_score_stream.csv
toniot_calibrated_anchor,default,default,rtt_uncertainty,threshold_explain,7,5000,0.0,0.01730292584565703,0.8927365199999997,0.8079287537393349,0.9836799082976468,0.6856121524823625,0.05364640263718976,1.3852861111110986,0.0,0.0,0.0,5.877159999999985,0.07888596740572473,0.0,0.279,7.2874,45.0304,calibrated:/Users/let/Documents/DO_A_PAPER_May_18/Papers/Paper_xAI_in_Cyber_2/6_Analysis_Results/xai_surfacebench/data/toniot/toniot_score_stream.csv
toniot_calibrated_anchor,default,default,rtt_uncertainty,rate_limited,7,5000,0.0,0.016571508128217127,0.8545749200000003,0.8913889651386591,0.9875723410764169,0.7315152346966709,0.00647299187201731,1.4205555555555158,0.0,0.0,0.0,6.250063999999969,0.07956574371648362,0.0,0.2972,7.286,44.9934,calibrated:/Users/let/Documents/DO_A_PAPER_May_18/Papers/Paper_xAI_in_Cyber_2/6_Analysis_Results/xai_surfacebench/data/toniot/toniot_score_stream.csv
toniot_calibrated_anchor,default,default,rtt_uncertainty,fifo_explanation,7,5000,0.0,0.017512255241830164,0.9021949999999992,0.9924041542371008,0.9907229560174265,0.8511393768644019,0.08261676429931186,1.6966472222221576,0.0,0.0,0.0,7.1858,0.07366548042704557,0.0,0.4124,7.2408,44.96,calibrated:/Users/let/Documents/DO_A_PAPER_May_18/Papers/Paper_xAI_in_Cyber_2/6_Analysis_Results/xai_surfacebench/data/toniot/toniot_score_stream.csv
toniot_calibrated_anchor,default,default,rtt_uncertainty,static_coarse_full,7,5000,0.0,0.017108243698950244,0.8827310399999991,0.8096321235014008,0.9829051536263893,0.6868889253845689,0.05619964040718779,1.3911722222222063,0.0,0.0,0.0,5.903647999999969,0.084204341090798,0.0,0.2822,7.3068,44.9288,calibrated:/Users/let/Documents/DO_A_PAPER_May_18/Papers/Paper_xAI_in_Cyber_2/6_Analysis_Results/xai_surfacebench/data/toniot/toniot_score_stream.csv
toniot_calibrated_anchor,default,default,rtt_uncertainty,static_offload,7,5000,0.0,0.016410211425222296,0.8522467200000001,0.7265845262812944,0.8267514913178696,1.3781018101156233,0.036356052383438774,1.634655555555547,0.8029723527483336,0.0,0.0,0.9583520000000059,0.08205739894141506,0.0,0.3856,7.3208,45.1042,calibrated:/Users/let/Documents/DO_A_PAPER_May_18/Papers/Paper_xAI_in_Cyber_2/6_Analysis_Results/xai_surfacebench/data/toniot/toniot_score_stream.csv
toniot_calibrated_anchor,default,default,rtt_uncertainty,budget_only_bexgov,7,5000,0.0,0.015395425803414528,0.7967232200000027,0.588307899955923,0.7929120084213946,0.5672267518730693,819.5437588367841,0.5772116666666919,0.0,0.7768840899074482,0.0,3.69631999999997,0.07770974804260078,0.0,0.0,7.2608,44.915,calibrated:/Users/let/Documents/DO_A_PAPER_May_18/Papers/Paper_xAI_in_Cyber_2/6_Analysis_Results/xai_surfacebench/data/toniot/toniot_score_stream.csv
toniot_calibrated_anchor,default,default,rtt_uncertainty,xai_gate,7,5000,0.0,0.017375183186049324,0.8975993400000012,0.7688897392445958,0.8615560780065941,0.6782683290207362,107.69447098326322,0.9328450000000832,0.0055759033510085826,0.21778822500409992,0.2570108784781064,5.07645999999963,0.08251891434472225,0.0,0.0,7.3172,45.0628,calibrated:/Users/let/Documents/DO_A_PAPER_May_18/Papers/Paper_xAI_in_Cyber_2/6_Analysis_Results/xai_surfacebench/data/toniot/toniot_score_stream.csv
toniot_calibrated_anchor,default,default,adversarial_explanation_flood,never_explain,8,5000,0.0,0.013765384615384617,0.7158,0.0,0.0,0.0,30843.085898930247,0.0,0.0,0.0,0.0,0.0,0.8045447265868297,0.0,0.0,12.1692,44.9576,calibrated:/Users/let/Documents/DO_A_PAPER_May_18/Papers/Paper_xAI_in_Cyber_2/6_Analysis_Results/xai_surfacebench/data/toniot/toniot_score_stream.csv
toniot_calibrated_anchor,default,default,adversarial_explanation_flood,always_explain,8,5000,0.0,0.02110575494470718,1.0800480000000015,1.0,1.0,0.8499999999999464,0.0,2.873472222222041,0.0,0.0,0.0,12.17,0.8029148852326882,0.0426,0.6508,12.17,45.0012,calibrated:/Users/let/Documents/DO_A_PAPER_May_18/Papers/Paper_xAI_in_Cyber_2/6_Analysis_Results/xai_surfacebench/data/toniot/toniot_score_stream.csv
toniot_calibrated_anchor,default,default,adversarial_explanation_flood,threshold_explain,8,5000,0.0,0.020016070341509682,1.02515136,0.9312812458886953,0.9940928285239072,0.7910159847388353,0.25417313162901817,2.6700361111110484,0.0,0.0,0.0,11.31692799999996,0.8068419191604013,0.021,0.6236,12.1616,44.8724,calibrated:/Users/let/Documents/DO_A_PAPER_May_18/Papers/Paper_xAI_in_Cyber_2/6_Analysis_Results/xai_surfacebench/data/toniot/toniot_score_stream.csv
toniot_calibrated_anchor,default,default,adversarial_explanation_flood,rate_limited,8,5000,0.0,0.019048300010396375,0.9796682800000052,0.8033797932207783,0.8472388468625476,0.8614055751864883,4731.083149617141,2.2936111111110598,0.0,0.0,0.0,9.766719999999854,0.8085314114284678,0.0002,0.5638,12.2256,45.0664,calibrated:/Users/let/Documents/DO_A_PAPER_May_18/Papers/Paper_xAI_in_Cyber_2/6_Analysis_Results/xai_surfacebench/data/toniot/toniot_score_stream.csv
toniot_calibrated_anchor,default,default,adversarial_explanation_flood,fifo_explanation,8,5000,0.0,0.020583175604326407,1.0571699999999908,0.8802590065907927,0.8718515312622994,0.8679611490113076,2538.668700821442,2.5164722222220175,0.0,0.0,0.0,10.658,0.7949767099852061,0.0,0.6022,12.1078,44.9692,calibrated:/Users/let/Documents/DO_A_PAPER_May_18/Papers/Paper_xAI_in_Cyber_2/6_Analysis_Results/xai_surfacebench/data/toniot/toniot_score_stream.csv
toniot_calibrated_anchor,default,default,adversarial_explanation_flood,static_coarse_full,8,5000,0.0,0.020325716591346934,1.04146172,0.9295666506534989,0.9937370672646185,0.7895017145128816,0.19799782736999585,2.6453777777777163,0.0,0.0,0.0,11.213271999999959,0.7912232523429867,0.0202,0.6224,12.0734,44.9354,calibrated:/Users/let/Documents/DO_A_PAPER_May_18/Papers/Paper_xAI_in_Cyber_2/6_Analysis_Results/xai_surfacebench/data/toniot/toniot_score_stream.csv
toniot_calibrated_anchor,default,default,adversarial_explanation_flood,static_offload,8,5000,0.0,0.016419984934099296,0.8517699999999997,0.8382159616736815,0.8352718063377718,1.2833291911248312,0.09608439079293515,3.158494444444431,0.9291518827972989,0.0,0.0,1.8334959999999871,0.8077958777087051,0.0,0.684,12.2318,45.1076,calibrated:/Users/let/Documents/DO_A_PAPER_May_18/Papers/Paper_xAI_in_Cyber_2/6_Analysis_Results/xai_surfacebench/data/toniot/toniot_score_stream.csv
toniot_calibrated_anchor,default,default,adversarial_explanation_flood,budget_only_bexgov,8,5000,0.0,0.016919544152830035,0.8718530800000023,0.649503143412008,0.7670313605216055,0.6265190415062089,6792.9192278542905,0.930737777777783,0.0,0.7284322438366084,0.1872551923899806,6.728235999999949,0.801436417405994,0.0,0.0,12.1524,44.973,calibrated:/Users/let/Documents/DO_A_PAPER_May_18/Papers/Paper_xAI_in_Cyber_2/6_Analysis_Results/xai_surfacebench/data/toniot/toniot_score_stream.csv
toniot_calibrated_anchor,default,default,adversarial_explanation_flood,xai_gate,8,5000,0.0,0.017101526835774095,0.881742300000001,0.6018314058545423,0.6512960852196256,0.7080213638007955,5145.3303124417425,1.0,0.0032197654170910404,0.1959292965798206,0.3897025002460264,6.472840999997391,0.800688931977948,0.0072,0.0,12.1748,45.0746,calibrated:/Users/let/Documents/DO_A_PAPER_May_18/Papers/Paper_xAI_in_Cyber_2/6_Analysis_Results/xai_surfacebench/data/toniot/toniot_score_stream.csv
toniot_calibrated_anchor,default,default,transient_overload,never_explain,8,5000,0.2459138558083149,1.0243230769230927,53.2648,0.0,0.0,0.0,22167.72557333742,0.0,0.0,0.0,0.0,0.0,0.20392688202713982,0.0,0.0,10.1296,56.092,calibrated:/Users/let/Documents/DO_A_PAPER_May_18/Papers/Paper_xAI_in_Cyber_2/6_Analysis_Results/xai_surfacebench/data/toniot/toniot_score_stream.csv
toniot_calibrated_anchor,default,default,transient_overload,always_explain,8,5000,0.2519199760270551,1.0507355638795486,53.20428900000006,1.0,1.0,0.8499999999999569,0.0,2.3944027777776564,0.0,0.0,0.0,10.141,0.2059009593934482,0.2006,0.5254,10.141,56.0632,calibrated:/Users/let/Documents/DO_A_PAPER_May_18/Papers/Paper_xAI_in_Cyber_2/6_Analysis_Results/xai_surfacebench/data/toniot/toniot_score_stream.csv
toniot_calibrated_anchor,default,default,transient_overload,threshold_explain,8,5000,0.24955485328600768,1.047574161090533,53.227630239999996,0.8265407750714885,0.9857675583238732,0.7015797258652905,544.5572947142617,1.9731861111110733,0.0,0.0,0.0,8.369199999999957,0.20462034443517751,0.1678,0.4894,10.141,56.1228,calibrated:/Users/let/Documents/DO_A_PAPER_May_18/Papers/Paper_xAI_in_Cyber_2/6_Analysis_Results/xai_surfacebench/data/toniot/toniot_score_stream.csv
toniot_calibrated_anchor,default,default,transient_overload,rate_limited,8,5000,0.24701952267746602,1.035782062139919,53.29344220000002,0.6125194493136288,0.6777829846151329,0.83390778563409,11153.201335735721,1.3819361111110526,0.0,0.0,0.0,6.032175999999952,0.20825093582155563,0.0002,0.3424,10.1546,56.0292,calibrated:/Users/let/Documents/DO_A_PAPER_May_18/Papers/Paper_xAI_in_Cyber_2/6_Analysis_Results/xai_surfacebench/data/toniot/toniot_score_stream.csv
toniot_calibrated_anchor,default,default,transient_overload,fifo_explanation,8,5000,0.24820391878744946,1.0386237310645214,53.32689399999996,0.7134925809574615,0.6573920250087085,0.8929761128563338,10528.483467444832,1.705288888888835,0.0,0.0,0.0,7.2224,0.20250751077166962,0.0,0.442,10.1226,56.1194,calibrated:/Users/let/Documents/DO_A_PAPER_May_18/Papers/Paper_xAI_in_Cyber_2/6_Analysis_Results/xai_surfacebench/data/toniot/toniot_score_stream.csv
toniot_calibrated_anchor,default,default,transient_overload,static_coarse_full,8,5000,0.2513936982325516,1.0475354441096993,53.22649611999992,0.8282871456403279,0.9856441690887838,0.7030167786569037,542.0932402023294,1.9613694444444085,0.0,0.0,0.0,8.319639999999957,0.19569803525861595,0.1688,0.4888,10.0604,56.0922,calibrated:/Users/let/Documents/DO_A_PAPER_May_18/Papers/Paper_xAI_in_Cyber_2/6_Analysis_Results/xai_surfacebench/data/toniot/toniot_score_stream.csv
toniot_calibrated_anchor,default,default,transient_overload,static_offload,8,5000,0.2462985672739719,1.0286433095512848,53.28957548000003,0.7453744103773686,0.828592980283954,1.1396126179245778,646.9314606229227,2.3325611111110987,0.8244496855345912,0.0,0.0,1.3636719999999651,0.20890713654378001,0.0,0.5176,10.176,56.1168,calibrated:/Users/let/Documents/DO_A_PAPER_May_18/Papers/Paper_xAI_in_Cyber_2/6_Analysis_Results/xai_surfacebench/data/toniot/toniot_score_stream.csv
toniot_calibrated_anchor,default,default,transient_overload,budget_only_bexgov,8,5000,0.2482241434834762,1.0398707887954017,53.30960042000005,0.5958234793114994,0.7861234320075399,0.583450195099721,5209.95058196342,0.805712777777824,0.0,0.8005427139659714,0.0,5.19915599999999,0.20169375339179396,0.0096,0.0,10.0974,56.0176,calibrated:/Users/let/Documents/DO_A_PAPER_May_18/Papers/Paper_xAI_in_Cyber_2/6_Analysis_Results/xai_surfacebench/data/toniot/toniot_score_stream.csv
toniot_calibrated_anchor,default,default,transient_overload,xai_gate,8,5000,0.2485170158258659,1.0361043727875012,53.22698034000002,0.6422263510184542,0.6871693394479951,0.793728344325559,4960.178242812997,1.0,0.2514026971158579,0.15385372576040948,0.49600108278304256,3.849550499996419,0.20322534033546846,0.0132,0.0,10.159,56.2876,calibrated:/Users/let/Documents/DO_A_PAPER_May_18/Papers/Paper_xAI_in_Cyber_2/6_Analysis_Results/xai_surfacebench/data/toniot/toniot_score_stream.csv
toniot_calibrated_anchor,default,default,non_markovian,never_explain,8,5000,0.13198458222872125,1.1619730769230865,60.4226,0.0,0.0,0.0,19728.234045292076,0.0,0.0,0.0,0.0,0.0,0.1310984615048003,0.0,0.0,9.3054,54.8458,calibrated:/Users/let/Documents/DO_A_PAPER_May_18/Papers/Paper_xAI_in_Cyber_2/6_Analysis_Results/xai_surfacebench/data/toniot/toniot_score_stream.csv
toniot_calibrated_anchor,default,default,non_markovian,always_explain,8,5000,0.13790364013299994,1.3148026933036938,67.26670300000009,1.0,1.0,0.849999999999962,0.0,2.2139194444443455,0.0,0.0,0.0,9.3766,0.13083759360230052,0.0976,0.5512,9.3766,55.2782,calibrated:/Users/let/Documents/DO_A_PAPER_May_18/Papers/Paper_xAI_in_Cyber_2/6_Analysis_Results/xai_surfacebench/data/toniot/toniot_score_stream.csv
toniot_calibrated_anchor,default,default,non_markovian,threshold_explain,8,5000,0.14038762450578582,1.3942520396228468,71.53106376000001,0.8114529804727648,0.9842244771372469,0.6886626413155086,9.465538461618815,1.7836999999999605,0.0,0.0,0.0,7.566767999999959,0.1293844535529034,0.08,0.4424,9.3408,55.138,calibrated:/Users/let/Documents/DO_A_PAPER_May_18/Papers/Paper_xAI_in_Cyber_2/6_Analysis_Results/xai_surfacebench/data/toniot/toniot_score_stream.csv
toniot_calibrated_anchor,default,default,non_markovian,rate_limited,8,5000,0.14028495722701506,1.3050733897486717,67.26977107999987,0.7231803440647984,0.8007855211092971,0.7868634694271963,2923.1074616937503,1.4780083333333025,0.0,0.0,0.0,6.491639999999995,0.1294784885787108,0.001,0.3294,9.3122,54.9646,calibrated:/Users/let/Documents/DO_A_PAPER_May_18/Papers/Paper_xAI_in_Cyber_2/6_Analysis_Results/xai_surfacebench/data/toniot/toniot_score_stream.csv
toniot_calibrated_anchor,default,default,non_markovian,fifo_explanation,8,5000,0.13726314091650482,1.3861660394555264,71.33909799999995,0.8292,0.7923343255308919,0.8756199999999571,2111.5527679956367,1.8599416666665938,0.0,0.0,0.0,7.8774,0.1350263146890347,0.0,0.465,9.5,55.799,calibrated:/Users/let/Documents/DO_A_PAPER_May_18/Papers/Paper_xAI_in_Cyber_2/6_Analysis_Results/xai_surfacebench/data/toniot/toniot_score_stream.csv
toniot_calibrated_anchor,default,default,non_markovian,static_coarse_full,8,5000,0.13986446811530373,1.2522068383951788,64.18055875999994,0.8150443799607402,0.9846182497062749,0.6917417000938718,9.092053519421867,1.7980583333333,0.0,0.0,0.0,7.627319999999966,0.1370746553997566,0.0788,0.4356,9.3736,54.9574,calibrated:/Users/let/Documents/DO_A_PAPER_May_18/Papers/Paper_xAI_in_Cyber_2/6_Analysis_Results/xai_surfacebench/data/toniot/toniot_score_stream.csv
toniot_calibrated_anchor,default,default,non_markovian,static_offload,8,5000,0.13599465091291896,1.3041568461224629,67.6673464,0.729416444482684,0.8269861105757464,1.1146542530317969,10.81536135760327,2.0851666666666535,0.8061623806656919,0.0,0.0,1.222175999999988,0.12167068830998073,0.0,0.5222,9.3016,55.2842,calibrated:/Users/let/Documents/DO_A_PAPER_May_18/Papers/Paper_xAI_in_Cyber_2/6_Analysis_Results/xai_surfacebench/data/toniot/toniot_score_stream.csv
toniot_calibrated_anchor,default,default,non_markovian,budget_only_bexgov,8,5000,0.13711742395889737,1.2684709589997392,65.38710277999975,0.5892862955032078,0.7887798904676092,0.5727558886509556,3621.619003440153,0.7398161111111459,0.0,0.7853533190578158,0.0,4.75847999999996,0.1312450114396253,0.0166,0.0,9.34,55.0426,calibrated:/Users/let/Documents/DO_A_PAPER_May_18/Papers/Paper_xAI_in_Cyber_2/6_Analysis_Results/xai_surfacebench/data/toniot/toniot_score_stream.csv
toniot_calibrated_anchor,default,default,non_markovian,xai_gate,8,5000,0.13318828060522714,1.2532204633924593,64.77962699999998,0.6874766016416916,0.7552489065785122,0.7599703656326477,1287.6273088861599,0.9789500000001664,0.21952883487901076,0.22114913122268415,0.4587144227694276,4.141203999999632,0.13190472743068105,0.005,0.0,9.381,55.252,calibrated:/Users/let/Documents/DO_A_PAPER_May_18/Papers/Paper_xAI_in_Cyber_2/6_Analysis_Results/xai_surfacebench/data/toniot/toniot_score_stream.csv
toniot_calibrated_anchor,default,default,rtt_uncertainty,never_explain,8,5000,0.0,0.014376923076923077,0.7476,0.0,0.0,0.0,13444.605331696406,0.0,0.0,0.0,0.0,0.0,0.07869142351900837,0.0,0.0,7.2834,45.0138,calibrated:/Users/let/Documents/DO_A_PAPER_May_18/Papers/Paper_xAI_in_Cyber_2/6_Analysis_Results/xai_surfacebench/data/toniot/toniot_score_stream.csv
toniot_calibrated_anchor,default,default,rtt_uncertainty,always_explain,8,5000,0.0,0.016860534236752652,0.8683409999999987,1.0,1.0,0.84999999999997,0.0,1.7128916666666063,0.0,0.0,0.0,7.2546,0.07559691136177715,0.0004,0.4122,7.2546,44.9648,calibrated:/Users/let/Documents/DO_A_PAPER_May_18/Papers/Paper_xAI_in_Cyber_2/6_Analysis_Results/xai_surfacebench/data/toniot/toniot_score_stream.csv
toniot_calibrated_anchor,default,default,rtt_uncertainty,threshold_explain,8,5000,0.0,0.01753643873541133,0.9047903999999996,0.8063163365794982,0.9836568104981285,0.6842597658387093,0.06456625603875304,1.3871055555555425,0.0,0.0,0.0,5.884735999999981,0.08476064997804289,0.0,0.2776,7.3112,44.9328,calibrated:/Users/let/Documents/DO_A_PAPER_May_18/Papers/Paper_xAI_in_Cyber_2/6_Analysis_Results/xai_surfacebench/data/toniot/toniot_score_stream.csv
toniot_calibrated_anchor,default,default,rtt_uncertainty,rate_limited,8,5000,0.0,0.017602456035068253,0.907753839999999,0.8936223996464142,0.9880143894707316,0.733951708705132,0.005988522507777154,1.4175944444444077,0.0,0.0,0.0,6.231255999999974,0.07082370029834717,0.0002,0.2938,7.2394,45.0706,calibrated:/Users/let/Documents/DO_A_PAPER_May_18/Papers/Paper_xAI_in_Cyber_2/6_Analysis_Results/xai_surfacebench/data/toniot/toniot_score_stream.csv
toniot_calibrated_anchor,default,default,rtt_uncertainty,fifo_explanation,8,5000,0.0,0.016977076360257345,0.8747449999999996,0.9908847333093942,0.9888481266681104,0.8513672900035607,0.10834260353720856,1.6940027777777193,0.0,0.0,0.0,7.1746,0.0726099741498687,0.0,0.4148,7.2406,45.003,calibrated:/Users/let/Documents/DO_A_PAPER_May_18/Papers/Paper_xAI_in_Cyber_2/6_Analysis_Results/xai_surfacebench/data/toniot/toniot_score_stream.csv
toniot_calibrated_anchor,default,default,rtt_uncertainty,static_coarse_full,8,5000,0.0,0.015765615421869095,0.8135273200000004,0.8054164287462312,0.9836657505988081,0.6835087146858039,0.06921764850802598,1.3939888888888714,0.0,0.0,0.0,5.913823999999978,0.08837316666074813,0.0,0.2844,7.3554,45.0544,calibrated:/Users/let/Documents/DO_A_PAPER_May_18/Papers/Paper_xAI_in_Cyber_2/6_Analysis_Results/xai_surfacebench/data/toniot/toniot_score_stream.csv
toniot_calibrated_anchor,default,default,rtt_uncertainty,static_offload,8,5000,0.0,0.015106689836060595,0.7845441199999985,0.7216913776124441,0.8266298123491769,1.3683156055022982,0.0346304227807957,1.6217944444444374,0.7977349819455083,0.0,0.0,0.9501520000000048,0.08510357253639445,0.0,0.3758,7.3112,44.9186,calibrated:/Users/let/Documents/DO_A_PAPER_May_18/Papers/Paper_xAI_in_Cyber_2/6_Analysis_Results/xai_surfacebench/data/toniot/toniot_score_stream.csv
toniot_calibrated_anchor,default,default,rtt_uncertainty,budget_only_bexgov,8,5000,0.0,0.015847482202717908,0.8199983600000019,0.5898905270106681,0.7931168201477523,0.5685980305864217,841.2150169301351,0.5802650000000261,0.0,0.7775332819892178,0.0,3.7123599999999723,0.07634895188019297,0.0,0.0,7.2712,45.0362,calibrated:/Users/let/Documents/DO_A_PAPER_May_18/Papers/Paper_xAI_in_Cyber_2/6_Analysis_Results/xai_surfacebench/data/toniot/toniot_score_stream.csv
toniot_calibrated_anchor,default,default,rtt_uncertainty,xai_gate,8,5000,0.0,0.017047332014533862,0.8805991000000011,0.7710872623942094,0.8646239025465128,0.6796374065612493,89.86698031608047,0.9311166666667466,0.004965928214748807,0.21781112919689904,0.2540899936546473,5.053371999999595,0.07563927936589909,0.0,0.0,7.2494,44.9308,calibrated:/Users/let/Documents/DO_A_PAPER_May_18/Papers/Paper_xAI_in_Cyber_2/6_Analysis_Results/xai_surfacebench/data/toniot/toniot_score_stream.csv
toniot_calibrated_anchor,default,default,adversarial_explanation_flood,never_explain,9,5000,0.0,0.01443461538461539,0.7506,0.0,0.0,0.0,30851.997798518943,0.0,0.0,0.0,0.0,0.0,0.808150060843495,0.0,0.0,12.1844,44.924,calibrated:/Users/let/Documents/DO_A_PAPER_May_18/Papers/Paper_xAI_in_Cyber_2/6_Analysis_Results/xai_surfacebench/data/toniot/toniot_score_stream.csv
toniot_calibrated_anchor,default,default,adversarial_explanation_flood,always_explain,9,5000,0.0,0.020750460521639792,1.0619400000000008,1.0,1.0,0.8499999999999459,0.0,2.879516666666483,0.0,0.0,0.0,12.1956,0.8046060692153358,0.0392,0.6526,12.1956,45.0536,calibrated:/Users/let/Documents/DO_A_PAPER_May_18/Papers/Paper_xAI_in_Cyber_2/6_Analysis_Results/xai_surfacebench/data/toniot/toniot_score_stream.csv
toniot_calibrated_anchor,default,default,adversarial_explanation_flood,threshold_explain,9,5000,0.0,0.021188754018877612,1.0853834000000007,0.929811392113653,0.9936493377266167,0.7896882296839383,0.24861415622986588,2.66551388888882,0.0,0.0,0.0,11.298943999999954,0.8005039066085196,0.0256,0.6264,12.1628,45.0348,calibrated:/Users/let/Documents/DO_A_PAPER_May_18/Papers/Paper_xAI_in_Cyber_2/6_Analysis_Results/xai_surfacebench/data/toniot/toniot_score_stream.csv
toniot_calibrated_anchor,default,default,adversarial_explanation_flood,rate_limited,9,5000,0.0,0.019771341901574313,1.016786400000006,0.8058122548134462,0.8496585645793703,0.8606437634390892,4755.081348630866,2.2923611111110493,0.0,0.0,0.0,9.762399999999845,0.8010834940836438,0.0004,0.5638,12.1846,45.101,calibrated:/Users/let/Documents/DO_A_PAPER_May_18/Papers/Paper_xAI_in_Cyber_2/6_Analysis_Results/xai_surfacebench/data/toniot/toniot_score_stream.csv
toniot_calibrated_anchor,default,default,adversarial_explanation_flood,fifo_explanation,9,5000,0.0,0.020556502609635322,1.0557899999999902,0.8805772759584071,0.8723965940405004,0.867913408606168,2442.8753754605623,2.5153861111109097,0.0,0.0,0.0,10.6534,0.7931707085708508,0.0,0.6004,12.0982,44.9788,calibrated:/Users/let/Documents/DO_A_PAPER_May_18/Papers/Paper_xAI_in_Cyber_2/6_Analysis_Results/xai_surfacebench/data/toniot/toniot_score_stream.csv
toniot_calibrated_anchor,default,default,adversarial_explanation_flood,static_coarse_full,9,5000,0.0,0.016039244239988294,0.8218577999999996,0.9309738465864875,0.9939491499154937,0.7907272005425722,0.2154040667173195,2.653286111111044,0.0,0.0,0.0,11.24634399999996,0.8009700349760756,0.017,0.6276,12.0902,44.7544,calibrated:/Users/let/Documents/DO_A_PAPER_May_18/Papers/Paper_xAI_in_Cyber_2/6_Analysis_Results/xai_surfacebench/data/toniot/toniot_score_stream.csv
toniot_calibrated_anchor,default,default,adversarial_explanation_flood,static_offload,9,5000,0.0,0.0163265047460691,0.8469350399999989,0.8387865190781887,0.8352750436564287,1.2841795476666296,0.08351024978437319,3.132666666666653,0.9297579966677114,0.0,0.0,1.8186719999999879,0.7991891346416362,0.0,0.6812,12.1238,44.9232,calibrated:/Users/let/Documents/DO_A_PAPER_May_18/Papers/Paper_xAI_in_Cyber_2/6_Analysis_Results/xai_surfacebench/data/toniot/toniot_score_stream.csv
toniot_calibrated_anchor,default,default,adversarial_explanation_flood,budget_only_bexgov,9,5000,0.0,0.01589503997555764,0.8192438200000018,0.6495691793735391,0.76761727318358,0.6265719577944658,6737.612681783862,0.9291994444444487,0.0,0.7322627592365958,0.18244964112062978,6.697819999999964,0.7984352251315774,0.0,0.0,12.0932,44.8286,calibrated:/Users/let/Documents/DO_A_PAPER_May_18/Papers/Paper_xAI_in_Cyber_2/6_Analysis_Results/xai_surfacebench/data/toniot/toniot_score_stream.csv
toniot_calibrated_anchor,default,default,adversarial_explanation_flood,xai_gate,9,5000,0.0,0.017808685430626723,0.9183394400000016,0.6073554265679275,0.658570310679424,0.7038818607267924,4853.552652367866,1.0,0.0034396652941079196,0.20146847249094607,0.39210530667553395,6.482623999997353,0.7936545366370198,0.005,0.0,12.0942,44.9518,calibrated:/Users/let/Documents/DO_A_PAPER_May_18/Papers/Paper_xAI_in_Cyber_2/6_Analysis_Results/xai_surfacebench/data/toniot/toniot_score_stream.csv
toniot_calibrated_anchor,default,default,transient_overload,never_explain,9,5000,0.24486077102670692,1.0231692307692466,53.2048,0.0,0.0,0.0,22351.73746452259,0.0,0.0,0.0,0.0,0.0,0.20551221456636415,0.0,0.0,10.1616,56.1952,calibrated:/Users/let/Documents/DO_A_PAPER_May_18/Papers/Paper_xAI_in_Cyber_2/6_Analysis_Results/xai_surfacebench/data/toniot/toniot_score_stream.csv
toniot_calibrated_anchor,default,default,transient_overload,always_explain,9,5000,0.2493616960616956,1.0521722754265863,53.28910999999999,1.0,1.0,0.8499999999999526,0.0,2.3800944444443117,0.0,0.0,0.0,10.0804,0.19746878448674576,0.194,0.5252,10.0804,56.1206,calibrated:/Users/let/Documents/DO_A_PAPER_May_18/Papers/Paper_xAI_in_Cyber_2/6_Analysis_Results/xai_surfacebench/data/toniot/toniot_score_stream.csv
toniot_calibrated_anchor,default,default,transient_overload,threshold_explain,9,5000,0.2501278088998431,1.0478126112602981,53.24118536,0.8264594021749867,0.9855762469067293,0.7014747538775338,542.2502413376671,1.964138888888853,0.0,0.0,0.0,8.331271999999963,0.1970554375880995,0.1686,0.4876,10.0966,56.2302,calibrated:/Users/let/Documents/DO_A_PAPER_May_18/Papers/Paper_xAI_in_Cyber_2/6_Analysis_Results/xai_surfacebench/data/toniot/toniot_score_stream.csv
toniot_calibrated_anchor,default,default,transient_overload,rate_limited,9,5000,0.247060646088812,1.0346317918459496,53.233764240000035,0.6188811740571417,0.6844589023967984,0.8333389222029353,10914.163472474456,1.3955194444443888,0.0,0.0,0.0,6.088503999999954,0.20269215531373308,0.0002,0.3518,10.1392,56.2028,calibrated:/Users/let/Documents/DO_A_PAPER_May_18/Papers/Paper_xAI_in_Cyber_2/6_Analysis_Results/xai_surfacebench/data/toniot/toniot_score_stream.csv
toniot_calibrated_anchor,default,default,transient_overload,fifo_explanation,9,5000,0.24837900095699925,1.0381388552900648,53.301829000000026,0.7150469724480935,0.6577226048146616,0.8927429541327442,10502.906731904408,1.7108611111110532,0.0,0.0,0.0,7.246,0.2017071698524897,0.0,0.4446,10.1336,56.2178,calibrated:/Users/let/Documents/DO_A_PAPER_May_18/Papers/Paper_xAI_in_Cyber_2/6_Analysis_Results/xai_surfacebench/data/toniot/toniot_score_stream.csv
toniot_calibrated_anchor,default,default,transient_overload,static_coarse_full,9,5000,0.2495288032975094,1.048055911998381,53.250063800000035,0.8264046053281164,0.9854536859096401,0.7014050990382433,563.642085647829,1.969861111111071,0.0,0.0,0.0,8.355831999999957,0.20369115790825143,0.169,0.487,10.1274,56.0908,calibrated:/Users/let/Documents/DO_A_PAPER_May_18/Papers/Paper_xAI_in_Cyber_2/6_Analysis_Results/xai_surfacebench/data/toniot/toniot_score_stream.csv
toniot_calibrated_anchor,default,default,transient_overload,static_offload,9,5000,0.24650376717577707,1.02567575724667,53.138747159999994,0.7452689282593219,0.8286579878627546,1.1395121951219944,605.6474579107075,2.307999999999985,0.8244021609597203,0.0,0.0,1.3489439999999637,0.19639048790195313,0.0,0.5184,10.0696,56.111,calibrated:/Users/let/Documents/DO_A_PAPER_May_18/Papers/Paper_xAI_in_Cyber_2/6_Analysis_Results/xai_surfacebench/data/toniot/toniot_score_stream.csv
toniot_calibrated_anchor,default,default,transient_overload,budget_only_bexgov,9,5000,0.24830347931804045,1.04090026247518,53.36921235999995,0.5944216096236514,0.786279554508172,0.5808646623991649,5152.074078065229,0.8036605555555971,0.0,0.7973998692007372,0.0,5.1838640000000105,0.19932307970213614,0.0078,0.0,10.0918,56.0972,calibrated:/Users/let/Documents/DO_A_PAPER_May_18/Papers/Paper_xAI_in_Cyber_2/6_Analysis_Results/xai_surfacebench/data/toniot/toniot_score_stream.csv
toniot_calibrated_anchor,default,default,transient_overload,xai_gate,9,5000,0.2472855359419862,1.0359077030289925,53.21589624,0.6447973493068817,0.690422586424034,0.7919316454825078,4910.629830872628,1.0,0.25042434768878535,0.15509414597560495,0.4969136107047123,3.8687294999964377,0.20307643355962557,0.0118,0.0,10.1332,56.1516,calibrated:/Users/let/Documents/DO_A_PAPER_May_18/Papers/Paper_xAI_in_Cyber_2/6_Analysis_Results/xai_surfacebench/data/toniot/toniot_score_stream.csv
toniot_calibrated_anchor,default,default,non_markovian,never_explain,9,5000,0.1369952786467385,1.2151038461538606,63.1854,0.0,0.0,0.0,19765.499199508482,0.0,0.0,0.0,0.0,0.0,0.12740412466689777,0.0,0.0,9.3414,55.2384,calibrated:/Users/let/Documents/DO_A_PAPER_May_18/Papers/Paper_xAI_in_Cyber_2/6_Analysis_Results/xai_surfacebench/data/toniot/toniot_score_stream.csv
toniot_calibrated_anchor,default,default,non_markovian,always_explain,9,5000,0.13747628780787463,1.3680674950587888,70.01647799999989,1.0,1.0,0.8499999999999609,0.0,2.1794944444443445,0.0,0.0,0.0,9.2308,0.12507069170615503,0.0912,0.5426,9.2308,54.6976,calibrated:/Users/let/Documents/DO_A_PAPER_May_18/Papers/Paper_xAI_in_Cyber_2/6_Analysis_Results/xai_surfacebench/data/toniot/toniot_score_stream.csv
toniot_calibrated_anchor,default,default,non_markovian,threshold_explain,9,5000,0.14029804040820898,1.212078630756383,62.116415519999954,0.8119561508275042,0.9842502810122944,0.689088892680421,9.24451350130392,1.791833333333299,0.0,0.0,0.0,7.601279999999961,0.13161327536252498,0.082,0.4402,9.3776,55.2462,calibrated:/Users/let/Documents/DO_A_PAPER_May_18/Papers/Paper_xAI_in_Cyber_2/6_Analysis_Results/xai_surfacebench/data/toniot/toniot_score_stream.csv
toniot_calibrated_anchor,default,default,non_markovian,rate_limited,9,5000,0.13589400621231454,1.264126222913746,65.15490943999995,0.7288498119407067,0.8069059133843035,0.7840236046863441,2306.4119701554164,1.4787861111110816,0.0,0.0,0.0,6.497823999999988,0.12703575126378208,0.0016,0.3184,9.2524,54.73,calibrated:/Users/let/Documents/DO_A_PAPER_May_18/Papers/Paper_xAI_in_Cyber_2/6_Analysis_Results/xai_surfacebench/data/toniot/toniot_score_stream.csv
toniot_calibrated_anchor,default,default,non_markovian,fifo_explanation,9,5000,0.13549954675659076,1.289367078336723,66.35956599999986,0.829036054348989,0.7918088234895331,0.8756445918476096,2105.479840463517,1.8296249999999321,0.0,0.0,0.0,7.749,0.12972430714190986,0.0,0.4562,9.347,55.158,calibrated:/Users/let/Documents/DO_A_PAPER_May_18/Papers/Paper_xAI_in_Cyber_2/6_Analysis_Results/xai_surfacebench/data/toniot/toniot_score_stream.csv
toniot_calibrated_anchor,default,default,non_markovian,static_coarse_full,9,5000,0.13671866844516609,1.324302559645124,67.93199592000006,0.8113371278270061,0.9840718830315134,0.6885367483776309,8.95363040669821,1.7710361111110815,0.0,0.0,0.0,7.513359999999963,0.12081714318854075,0.0778,0.4276,9.2766,55.1776,calibrated:/Users/let/Documents/DO_A_PAPER_May_18/Papers/Paper_xAI_in_Cyber_2/6_Analysis_Results/xai_surfacebench/data/toniot/toniot_score_stream.csv
toniot_calibrated_anchor,default,default,non_markovian,static_offload,9,5000,0.13409673180824955,1.2157111079327276,63.07246064000003,0.7308827621636814,0.8274452563548145,1.1172115075883076,10.13147867244565,2.0994944444444306,0.8081426461459426,0.0,0.0,1.228791999999981,0.12858124700291929,0.0,0.5224,9.3434,55.1926,calibrated:/Users/let/Documents/DO_A_PAPER_May_18/Papers/Paper_xAI_in_Cyber_2/6_Analysis_Results/xai_surfacebench/data/toniot/toniot_score_stream.csv
toniot_calibrated_anchor,default,default,non_markovian,budget_only_bexgov,9,5000,0.1376901517324511,1.2505373471231795,64.44802463999984,0.5890814385935184,0.7883931677091778,0.5733433353055463,3906.7493852163775,0.7493461111111496,0.0,0.7857957907192967,0.0,4.820612000000001,0.14550315458749763,0.0166,0.0,9.4648,55.0838,calibrated:/Users/let/Documents/DO_A_PAPER_May_18/Papers/Paper_xAI_in_Cyber_2/6_Analysis_Results/xai_surfacebench/data/toniot/toniot_score_stream.csv
toniot_calibrated_anchor,default,default,non_markovian,xai_gate,9,5000,0.13510896252431137,1.3353141260039287,69.03823526000006,0.6849723768783349,0.7522754591954782,0.767030890603824,1242.5980530485508,0.9784972222223739,0.23521571830864807,0.21530987338506846,0.459317698144844,3.9808359999996785,0.1253108459848884,0.0042,0.0,9.3038,55.1184,calibrated:/Users/let/Documents/DO_A_PAPER_May_18/Papers/Paper_xAI_in_Cyber_2/6_Analysis_Results/xai_surfacebench/data/toniot/toniot_score_stream.csv
toniot_calibrated_anchor,default,default,rtt_uncertainty,never_explain,9,5000,0.0,0.013130769230769241,0.6828,0.0,0.0,0.0,13244.955341999243,0.0,0.0,0.0,0.0,0.0,0.07396772398442031,0.0,0.0,7.2372,44.925,calibrated:/Users/let/Documents/DO_A_PAPER_May_18/Papers/Paper_xAI_in_Cyber_2/6_Analysis_Results/xai_surfacebench/data/toniot/toniot_score_stream.csv
toniot_calibrated_anchor,default,default,rtt_uncertainty,always_explain,9,5000,0.0,0.019391932929526637,0.9987749999999989,1.0,1.0,0.8499999999999724,0.0,1.7299388888888327,0.0,0.0,0.0,7.3268,0.0801949033223488,0.0002,0.4216,7.3268,45.219,calibrated:/Users/let/Documents/DO_A_PAPER_May_18/Papers/Paper_xAI_in_Cyber_2/6_Analysis_Results/xai_surfacebench/data/toniot/toniot_score_stream.csv
toniot_calibrated_anchor,default,default,rtt_uncertainty,threshold_explain,9,5000,0.0,0.01768147991134029,0.9122685999999992,0.805022146413936,0.9829726924910279,0.6830476766898632,0.0613833812958575,1.3765472222222073,0.0,0.0,0.0,5.840959999999978,0.07852693201829819,0.0,0.2758,7.2698,44.9366,calibrated:/Users/let/Documents/DO_A_PAPER_May_18/Papers/Paper_xAI_in_Cyber_2/6_Analysis_Results/xai_surfacebench/data/toniot/toniot_score_stream.csv
toniot_calibrated_anchor,default,default,rtt_uncertainty,rate_limited,9,5000,0.0,0.015836013398944627,0.8167940800000005,0.8923297739564943,0.9870531376517904,0.7326792400499139,0.008453011937413163,1.4086166666666284,0.0,0.0,0.0,6.194855999999982,0.06997020523960407,0.0002,0.2874,7.211,44.9296,calibrated:/Users/let/Documents/DO_A_PAPER_May_18/Papers/Paper_xAI_in_Cyber_2/6_Analysis_Results/xai_surfacebench/data/toniot/toniot_score_stream.csv
toniot_calibrated_anchor,default,default,rtt_uncertainty,fifo_explanation,9,5000,0.0,0.015919231955562493,0.8199959999999988,0.9909830898676241,0.9889880529574158,0.851352536519831,0.12236024858408985,1.7074611111110598,0.0,0.0,0.0,7.2316,0.08583536442012063,0.0,0.412,7.2974,44.8036,calibrated:/Users/let/Documents/DO_A_PAPER_May_18/Papers/Paper_xAI_in_Cyber_2/6_Analysis_Results/xai_surfacebench/data/toniot/toniot_score_stream.csv
toniot_calibrated_anchor,default,default,rtt_uncertainty,static_coarse_full,9,5000,0.0,0.01526178467025194,0.7874309600000002,0.8064298659929741,0.9835455929342927,0.6843338093145794,0.062406854610773506,1.3818916666666456,0.0,0.0,0.0,5.862815999999976,0.08309390819160845,0.0,0.2766,7.2832,44.8296,calibrated:/Users/let/Documents/DO_A_PAPER_May_18/Papers/Paper_xAI_in_Cyber_2/6_Analysis_Results/xai_surfacebench/data/toniot/toniot_score_stream.csv
toniot_calibrated_anchor,default,default,rtt_uncertainty,static_offload,9,5000,0.0,0.01577516540518928,0.8192848799999994,0.7252841836179825,0.8269803717228904,1.3752402021767798,0.04610338079904868,1.639705555555549,0.8018329163493962,0.0,0.0,0.9601520000000062,0.086267454810246,0.0,0.3906,7.3544,45.1356,calibrated:/Users/let/Documents/DO_A_PAPER_May_18/Papers/Paper_xAI_in_Cyber_2/6_Analysis_Results/xai_surfacebench/data/toniot/toniot_score_stream.csv
toniot_calibrated_anchor,default,default,rtt_uncertainty,budget_only_bexgov,9,5000,0.0,0.01712897168400079,0.8862548000000026,0.589549950544012,0.7937542221144198,0.5686078140454998,840.1632208172072,0.5806150000000241,0.0,0.7786020441806792,0.0,3.715103999999957,0.07937863663054379,0.0,0.0,7.2792,44.9592,calibrated:/Users/let/Documents/DO_A_PAPER_May_18/Papers/Paper_xAI_in_Cyber_2/6_Analysis_Results/xai_surfacebench/data/toniot/toniot_score_stream.csv
toniot_calibrated_anchor,default,default,rtt_uncertainty,xai_gate,9,5000,0.0,0.01636758217448119,0.8455026800000013,0.7697378122593465,0.8638301257730621,0.6784338829507658,90.55427637585535,0.9308627777778513,0.0053097832067789145,0.21830637173984813,0.2528612303290415,5.053367999999619,0.07570127892678569,0.0,0.0,7.2696,45.0534,calibrated:/Users/let/Documents/DO_A_PAPER_May_18/Papers/Paper_xAI_in_Cyber_2/6_Analysis_Results/xai_surfacebench/data/toniot/toniot_score_stream.csv
toniot_calibrated_anchor,default,default,adversarial_explanation_flood,never_explain,10,5000,0.0,0.0157692307692308,0.82,0.0,0.0,0.0,30891.67420817184,0.0,0.0,0.0,0.0,0.0,0.8029049408785685,0.0,0.0,12.2178,45.1782,calibrated:/Users/let/Documents/DO_A_PAPER_May_18/Papers/Paper_xAI_in_Cyber_2/6_Analysis_Results/xai_surfacebench/data/toniot/toniot_score_stream.csv
toniot_calibrated_anchor,default,default,adversarial_explanation_flood,always_explain,10,5000,0.0,0.01909780920868271,0.9774050000000006,1.0,1.0,0.8499999999999489,0.0,2.8622805555553836,0.0,0.0,0.0,12.1226,0.7942023580116402,0.0392,0.649,12.1226,45.0436,calibrated:/Users/let/Documents/DO_A_PAPER_May_18/Papers/Paper_xAI_in_Cyber_2/6_Analysis_Results/xai_surfacebench/data/toniot/toniot_score_stream.csv
toniot_calibrated_anchor,default,default,adversarial_explanation_flood,threshold_explain,10,5000,0.0,0.019700647992729303,1.0091927600000004,0.9323830203377985,0.9938746925469809,0.7918930566375398,0.20577634923744495,2.6518055555555082,0.0,0.0,0.0,11.240527999999957,0.7912074046033877,0.0198,0.6234,12.0662,44.909,calibrated:/Users/let/Documents/DO_A_PAPER_May_18/Papers/Paper_xAI_in_Cyber_2/6_Analysis_Results/xai_surfacebench/data/toniot/toniot_score_stream.csv
toniot_calibrated_anchor,default,default,adversarial_explanation_flood,rate_limited,10,5000,0.0,0.01833921553466644,0.9430888000000046,0.8099924062334856,0.8535023806823523,0.8595953843106103,4385.12833360921,2.290674999999936,0.0,0.0,0.0,9.756167999999843,0.7956025877592727,0.0002,0.5634,12.1152,44.981,calibrated:/Users/let/Documents/DO_A_PAPER_May_18/Papers/Paper_xAI_in_Cyber_2/6_Analysis_Results/xai_surfacebench/data/toniot/toniot_score_stream.csv
toniot_calibrated_anchor,default,default,adversarial_explanation_flood,fifo_explanation,10,5000,0.0,0.02021666502005088,1.0383119999999915,0.8802976062820661,0.8722373328951977,0.8679553590576167,2669.0887296384917,2.519824999999798,0.0,0.0,0.0,10.6722,0.7978091268093517,0.0,0.6036,12.1234,44.9562,calibrated:/Users/let/Documents/DO_A_PAPER_May_18/Papers/Paper_xAI_in_Cyber_2/6_Analysis_Results/xai_surfacebench/data/toniot/toniot_score_stream.csv
toniot_calibrated_anchor,default,default,adversarial_explanation_flood,static_coarse_full,10,5000,0.0,0.019808037081817373,1.0147607200000004,0.9308076044872396,0.9940102588729396,0.7906011118832392,0.2163492912697424,2.6523499999999447,0.0,0.0,0.0,11.242151999999964,0.7949517538779509,0.0204,0.6196,12.0876,44.8948,calibrated:/Users/let/Documents/DO_A_PAPER_May_18/Papers/Paper_xAI_in_Cyber_2/6_Analysis_Results/xai_surfacebench/data/toniot/toniot_score_stream.csv
toniot_calibrated_anchor,default,default,adversarial_explanation_flood,static_offload,10,5000,0.0,0.017546715454592462,0.9102257199999991,0.8379514213923369,0.8353473145583019,1.2830089832652365,0.08240540517891207,3.1439222222222094,0.9289550179829531,0.0,0.0,1.8244159999999892,0.8010719292952602,0.0,0.6838,12.1782,45.0776,calibrated:/Users/let/Documents/DO_A_PAPER_May_18/Papers/Paper_xAI_in_Cyber_2/6_Analysis_Results/xai_surfacebench/data/toniot/toniot_score_stream.csv
toniot_calibrated_anchor,default,default,adversarial_explanation_flood,budget_only_bexgov,10,5000,0.0,0.017233801968556124,0.8882471800000027,0.6498247415849506,0.7678140723350207,0.6268412072621298,6661.7432870329585,0.928646666666674,0.0,0.7337662337662337,0.18130466472303208,6.689915999999945,0.7884271274011472,0.0,0.0,12.0736,45.0064,calibrated:/Users/let/Documents/DO_A_PAPER_May_18/Papers/Paper_xAI_in_Cyber_2/6_Analysis_Results/xai_surfacebench/data/toniot/toniot_score_stream.csv
toniot_calibrated_anchor,default,default,adversarial_explanation_flood,xai_gate,10,5000,0.0,0.015897087377605597,0.8194876299998792,0.6072003047465795,0.6584804105403178,0.7030834906755767,4871.944883903722,1.0,0.0014077975421511147,0.19647884991221967,0.3927506707737248,6.493861999997351,0.789781190667812,0.0068,0.0,12.0756,44.9798,calibrated:/Users/let/Documents/DO_A_PAPER_May_18/Papers/Paper_xAI_in_Cyber_2/6_Analysis_Results/xai_surfacebench/data/toniot/toniot_score_stream.csv
toniot_calibrated_anchor,default,default,transient_overload,never_explain,10,5000,0.24477587507651136,1.0246230769230922,53.2804,0.0,0.0,0.0,22369.46808787466,0.0,0.0,0.0,0.0,0.0,0.20574796088311698,0.0,0.0,10.1646,56.2008,calibrated:/Users/let/Documents/DO_A_PAPER_May_18/Papers/Paper_xAI_in_Cyber_2/6_Analysis_Results/xai_surfacebench/data/toniot/toniot_score_stream.csv
toniot_calibrated_anchor,default,default,transient_overload,always_explain,10,5000,0.2521996041391266,1.0528954697376545,53.302015000000026,1.0,1.0,0.8499999999999592,0.0,2.4042249999998844,0.0,0.0,0.0,10.1826,0.20613193467229274,0.2024,0.5262,10.1826,56.2824,calibrated:/Users/let/Documents/DO_A_PAPER_May_18/Papers/Paper_xAI_in_Cyber_2/6_Analysis_Results/xai_surfacebench/data/toniot/toniot_score_stream.csv
toniot_calibrated_anchor,default,default,transient_overload,threshold_explain,10,5000,0.24896670421651423,1.0489674905013777,53.294902719999975,0.8253700017736405,0.9854195835781537,0.7005330784541643,569.2789658213906,1.9715499999999682,0.0,0.0,0.0,8.362919999999963,0.20594428362968853,0.1692,0.4884,10.1486,56.1032,calibrated:/Users/let/Documents/DO_A_PAPER_May_18/Papers/Paper_xAI_in_Cyber_2/6_Analysis_Results/xai_surfacebench/data/toniot/toniot_score_stream.csv
toniot_calibrated_anchor,default,default,transient_overload,rate_limited,10,5000,0.24768832570691574,1.0362054631970656,53.31517363999997,0.6186992830694258,0.6829926775001463,0.8344983455447823,11020.556013619418,1.3984972222221694,0.0,0.0,0.0,6.098647999999962,0.20344593417454937,0.0002,0.3536,10.1544,56.2518,calibrated:/Users/let/Documents/DO_A_PAPER_May_18/Papers/Paper_xAI_in_Cyber_2/6_Analysis_Results/xai_surfacebench/data/toniot/toniot_score_stream.csv
toniot_calibrated_anchor,default,default,transient_overload,fifo_explanation,10,5000,0.24736521338111306,1.0368661130065082,53.236290999999966,0.7222167322173252,0.6670619851974013,0.8916674901673595,10180.917124365413,1.725594444444388,0.0,0.0,0.0,7.3084,0.1966133361713196,0.0,0.447,10.1194,56.378,calibrated:/Users/let/Documents/DO_A_PAPER_May_18/Papers/Paper_xAI_in_Cyber_2/6_Analysis_Results/xai_surfacebench/data/toniot/toniot_score_stream.csv
toniot_calibrated_anchor,default,default,transient_overload,static_coarse_full,10,5000,0.25141607466776816,1.048391777101686,53.26986611999994,0.8272766807013346,0.9854925166868745,0.7021427583071339,574.2766401779375,1.9700555555555193,0.0,0.0,0.0,8.356687999999957,0.20191159752390564,0.1688,0.4882,10.1178,56.1206,calibrated:/Users/let/Documents/DO_A_PAPER_May_18/Papers/Paper_xAI_in_Cyber_2/6_Analysis_Results/xai_surfacebench/data/toniot/toniot_score_stream.csv
toniot_calibrated_anchor,default,default,transient_overload,static_offload,10,5000,0.2466832169844506,1.0280672383727083,53.26050704000002,0.7437286236584575,0.8283505171797348,1.136967606242927,641.7642315047955,2.326805555555541,0.8224829972087904,0.0,0.0,1.3610959999999617,0.20491258735048024,0.0,0.5198,10.1748,56.2962,calibrated:/Users/let/Documents/DO_A_PAPER_May_18/Papers/Paper_xAI_in_Cyber_2/6_Analysis_Results/xai_surfacebench/data/toniot/toniot_score_stream.csv
toniot_calibrated_anchor,default,default,transient_overload,budget_only_bexgov,10,5000,0.24884519786706596,1.0396521203630325,53.29717450000006,0.5957210467156977,0.7846267317540362,0.5838388120920417,5276.782285326366,0.8080566666667118,0.0,0.8014631933899943,0.0,5.219643999999983,0.205832872624375,0.0074,0.0,10.1422,56.073,calibrated:/Users/let/Documents/DO_A_PAPER_May_18/Papers/Paper_xAI_in_Cyber_2/6_Analysis_Results/xai_surfacebench/data/toniot/toniot_score_stream.csv
toniot_calibrated_anchor,default,default,transient_overload,xai_gate,10,5000,0.24885117198893147,1.0370239742976166,53.26603617999997,0.6400659716083319,0.685836085957672,0.7918081325718169,5081.471449558875,1.0,0.24741316683355913,0.15413009758300444,0.4910565274580842,3.8728319999966945,0.207699913923725,0.0114,0.0,10.1862,56.2292,calibrated:/Users/let/Documents/DO_A_PAPER_May_18/Papers/Paper_xAI_in_Cyber_2/6_Analysis_Results/xai_surfacebench/data/toniot/toniot_score_stream.csv
toniot_calibrated_anchor,default,default,non_markovian,never_explain,10,5000,0.1375860687092426,1.2457538461538578,64.7792,0.0,0.0,0.0,19887.236822296563,0.0,0.0,0.0,0.0,0.0,0.13565764387287982,0.0,0.0,9.3518,54.898,calibrated:/Users/let/Documents/DO_A_PAPER_May_18/Papers/Paper_xAI_in_Cyber_2/6_Analysis_Results/xai_surfacebench/data/toniot/toniot_score_stream.csv
toniot_calibrated_anchor,default,default,non_markovian,always_explain,10,5000,0.13734026518151402,1.3375364473416524,68.45567000000004,1.0,1.0,0.8499999999999616,0.0,2.1824222222221237,0.0,0.0,0.0,9.2432,0.12447278172950393,0.0926,0.5394,9.2432,54.8002,calibrated:/Users/let/Documents/DO_A_PAPER_May_18/Papers/Paper_xAI_in_Cyber_2/6_Analysis_Results/xai_surfacebench/data/toniot/toniot_score_stream.csv
toniot_calibrated_anchor,default,default,non_markovian,threshold_explain,10,5000,0.13727222993683733,1.2540859108888618,64.30326059999997,0.8092547973496257,0.9841295548721892,0.6868062128904462,8.947546903122301,1.7705388888888505,0.0,0.0,0.0,7.510831999999962,0.12946825041033438,0.0776,0.4346,9.2968,54.8742,calibrated:/Users/let/Documents/DO_A_PAPER_May_18/Papers/Paper_xAI_in_Cyber_2/6_Analysis_Results/xai_surfacebench/data/toniot/toniot_score_stream.csv
toniot_calibrated_anchor,default,default,non_markovian,rate_limited,10,5000,0.13737968758476754,1.379313051645551,71.10889204000004,0.7270965257573379,0.8035581170949653,0.7844664555878726,2695.0882969240574,1.490516666666636,0.0,0.0,0.0,6.549551999999991,0.12707707182753158,0.0016,0.328,9.3488,55.2982,calibrated:/Users/let/Documents/DO_A_PAPER_May_18/Papers/Paper_xAI_in_Cyber_2/6_Analysis_Results/xai_surfacebench/data/toniot/toniot_score_stream.csv
toniot_calibrated_anchor,default,default,non_markovian,fifo_explanation,10,5000,0.13584425584840834,1.2478351801030823,64.22028000000012,0.8255376748383215,0.7871936023700907,0.8761693487742099,1936.0304940315302,1.8144194444443833,0.0,0.0,0.0,7.6846,0.1350636206780942,0.0,0.4492,9.3086,54.673,calibrated:/Users/let/Documents/DO_A_PAPER_May_18/Papers/Paper_xAI_in_Cyber_2/6_Analysis_Results/xai_surfacebench/data/toniot/toniot_score_stream.csv
toniot_calibrated_anchor,default,default,non_markovian,static_coarse_full,10,5000,0.13792804701330477,1.271514341229139,65.19205795999983,0.8100092648452999,0.9839486440556151,0.687403042316633,8.902745711690644,1.7692055555555206,0.0,0.0,0.0,7.50567199999996,0.12939000723936922,0.0828,0.4274,9.2824,54.793,calibrated:/Users/let/Documents/DO_A_PAPER_May_18/Papers/Paper_xAI_in_Cyber_2/6_Analysis_Results/xai_surfacebench/data/toniot/toniot_score_stream.csv
toniot_calibrated_anchor,default,default,non_markovian,static_offload,10,5000,0.1319746142748152,1.291690545322821,67.01928703999987,0.7316440602176313,0.8274619202831783,1.1183501905756228,10.06788939369676,2.1126888888888753,0.8089559866277708,0.0,0.0,1.2366559999999773,0.13208729725396995,0.0,0.5218,9.3926,55.3114,calibrated:/Users/let/Documents/DO_A_PAPER_May_18/Papers/Paper_xAI_in_Cyber_2/6_Analysis_Results/xai_surfacebench/data/toniot/toniot_score_stream.csv
toniot_calibrated_anchor,default,default,non_markovian,budget_only_bexgov,10,5000,0.137337729038918,1.2599686171460893,64.95392672,0.5866267185919868,0.7884971075661528,0.5704563547561102,3611.010389389927,0.7329194444444799,0.0,0.782107278869118,0.0,4.714471999999972,0.12623598929425128,0.0132,0.0,9.2954,55.0234,calibrated:/Users/let/Documents/DO_A_PAPER_May_18/Papers/Paper_xAI_in_Cyber_2/6_Analysis_Results/xai_surfacebench/data/toniot/toniot_score_stream.csv
toniot_calibrated_anchor,default,default,non_markovian,xai_gate,10,5000,0.1378791033777756,1.2421205586942072,64.19360127999985,0.6873931414183132,0.7528010274007235,0.7653155075649157,1321.5747325723542,0.9799372222223851,0.22769467147521394,0.21877467403597875,0.4644160389236252,4.07905999999965,0.1284778035849965,0.006,0.0,9.3722,55.3678,calibrated:/Users/let/Documents/DO_A_PAPER_May_18/Papers/Paper_xAI_in_Cyber_2/6_Analysis_Results/xai_surfacebench/data/toniot/toniot_score_stream.csv
toniot_calibrated_anchor,default,default,rtt_uncertainty,never_explain,10,5000,0.0,0.015642307692307674,0.8134,0.0,0.0,0.0,13707.482976047228,0.0,0.0,0.0,0.0,0.0,0.0841224341282063,0.0,0.0,7.3296,45.0724,calibrated:/Users/let/Documents/DO_A_PAPER_May_18/Papers/Paper_xAI_in_Cyber_2/6_Analysis_Results/xai_surfacebench/data/toniot/toniot_score_stream.csv
toniot_calibrated_anchor,default,default,rtt_uncertainty,always_explain,10,5000,0.0,0.017523926174128915,0.9026830000000001,1.0,1.0,0.8499999999999652,0.0,1.7228555555554852,0.0,0.0,0.0,7.2968,0.08156020484543758,0.0004,0.4222,7.2968,44.977,calibrated:/Users/let/Documents/DO_A_PAPER_May_18/Papers/Paper_xAI_in_Cyber_2/6_Analysis_Results/xai_surfacebench/data/toniot/toniot_score_stream.csv
toniot_calibrated_anchor,default,default,rtt_uncertainty,threshold_explain,10,5000,0.0,0.018724382682915486,0.9661458800000003,0.8082874133886228,0.9843892990588087,0.6860467019477285,0.061390222404551185,1.3948722222222079,0.0,0.0,0.0,5.916655999999981,0.08290462327426562,0.0,0.2818,7.3316,45.1354,calibrated:/Users/let/Documents/DO_A_PAPER_May_18/Papers/Paper_xAI_in_Cyber_2/6_Analysis_Results/xai_surfacebench/data/toniot/toniot_score_stream.csv
toniot_calibrated_anchor,default,default,rtt_uncertainty,rate_limited,10,5000,0.0,0.01769565629408762,0.9127088399999999,0.8914587541628356,0.9877625407973983,0.7316591144838058,0.00523402654769697,1.428761111111076,0.0,0.0,0.0,6.28585599999998,0.08272818894100298,0.0,0.3078,7.3268,45.1132,calibrated:/Users/let/Documents/DO_A_PAPER_May_18/Papers/Paper_xAI_in_Cyber_2/6_Analysis_Results/xai_surfacebench/data/toniot/toniot_score_stream.csv
toniot_calibrated_anchor,default,default,rtt_uncertainty,fifo_explanation,10,5000,0.0,0.01785114036214562,0.9194589999999975,0.9908326967150497,0.9887575249997065,0.8513750954927145,0.12718596251622605,1.7149222222221665,0.0,0.0,0.0,7.2632,0.08698037610731046,0.0,0.416,7.3304,44.9588,calibrated:/Users/let/Documents/DO_A_PAPER_May_18/Papers/Paper_xAI_in_Cyber_2/6_Analysis_Results/xai_surfacebench/data/toniot/toniot_score_stream.csv
toniot_calibrated_anchor,default,default,rtt_uncertainty,static_coarse_full,10,5000,0.0,0.018506861103101457,0.9547546399999972,0.8080250621092614,0.9837776403354331,0.685710775614944,0.05852225007515949,1.3928249999999824,0.0,0.0,0.0,5.908991999999979,0.08654477929605542,0.0,0.2796,7.3258,44.9486,calibrated:/Users/let/Documents/DO_A_PAPER_May_18/Papers/Paper_xAI_in_Cyber_2/6_Analysis_Results/xai_surfacebench/data/toniot/toniot_score_stream.csv
toniot_calibrated_anchor,default,default,rtt_uncertainty,static_offload,10,5000,0.0,0.01569483023750084,0.8150921999999997,0.7285255454668773,0.8271247562889761,1.3816276045244729,0.043649017551837824,1.6524611111111018,0.8053665808375119,0.0,0.0,0.9678160000000007,0.08965953123523596,0.0,0.396,7.379,45.1456,calibrated:/Users/let/Documents/DO_A_PAPER_May_18/Papers/Paper_xAI_in_Cyber_2/6_Analysis_Results/xai_surfacebench/data/toniot/toniot_score_stream.csv
toniot_calibrated_anchor,default,default,rtt_uncertainty,budget_only_bexgov,10,5000,0.0,0.016131054713176638,0.8346685800000014,0.5900054231405358,0.7930377707324794,0.569044713793755,946.0983224175552,0.5874427777778011,0.0,0.7806068494265029,0.0,3.765087999999967,0.09143534446402568,0.0,0.0,7.3758,45.0526,calibrated:/Users/let/Documents/DO_A_PAPER_May_18/Papers/Paper_xAI_in_Cyber_2/6_Analysis_Results/xai_surfacebench/data/toniot/toniot_score_stream.csv
toniot_calibrated_anchor,default,default,rtt_uncertainty,xai_gate,10,5000,0.0,0.015110482069443449,0.7803798399999992,0.7709555984556756,0.8641199445360838,0.6791736644958732,86.27798815796629,0.9305244444445147,0.0050744622173193605,0.21737451737451738,0.25336458907887477,5.051139999999637,0.07853591575164787,0.0,0.0,7.252,44.8262,calibrated:/Users/let/Documents/DO_A_PAPER_May_18/Papers/Paper_xAI_in_Cyber_2/6_Analysis_Results/xai_surfacebench/data/toniot/toniot_score_stream.csv
toniot_calibrated_anchor,default,default,adversarial_explanation_flood,never_explain,11,5000,0.0,0.015292307692307681,0.7952,0.0,0.0,0.0,30812.77436214702,0.0,0.0,0.0,0.0,0.0,0.7989975403293028,0.0,0.0,12.1924,45.1822,calibrated:/Users/let/Documents/DO_A_PAPER_May_18/Papers/Paper_xAI_in_Cyber_2/6_Analysis_Results/xai_surfacebench/data/toniot/toniot_score_stream.csv
toniot_calibrated_anchor,default,default,adversarial_explanation_flood,always_explain,11,5000,0.0,0.018931035667805945,0.9686950000000006,1.0,1.0,0.849999999999947,0.0,2.875172222222043,0.0,0.0,0.0,12.1772,0.8085147462002049,0.036,0.6504,12.1772,44.8884,calibrated:/Users/let/Documents/DO_A_PAPER_May_18/Papers/Paper_xAI_in_Cyber_2/6_Analysis_Results/xai_surfacebench/data/toniot/toniot_score_stream.csv
toniot_calibrated_anchor,default,default,adversarial_explanation_flood,threshold_explain,11,5000,0.0,0.02019207705706154,1.0342804000000012,0.9311232589731389,0.9938654289718613,0.7908345472102514,0.23696338273899772,2.6820166666666063,0.0,0.0,0.0,11.368415999999959,0.8112181753234529,0.027,0.6276,12.2198,44.9782,calibrated:/Users/let/Documents/DO_A_PAPER_May_18/Papers/Paper_xAI_in_Cyber_2/6_Analysis_Results/xai_surfacebench/data/toniot/toniot_score_stream.csv
toniot_calibrated_anchor,default,default,adversarial_explanation_flood,rate_limited,11,5000,0.0,0.01910193836081131,0.9822913200000049,0.8060982213179247,0.8508622656012977,0.8614695458125431,4614.374079829409,2.295191666666611,0.0,0.0,0.0,9.771887999999848,0.8032156319716917,0.0012,0.5642,12.1888,45.0632,calibrated:/Users/let/Documents/DO_A_PAPER_May_18/Papers/Paper_xAI_in_Cyber_2/6_Analysis_Results/xai_surfacebench/data/toniot/toniot_score_stream.csv
toniot_calibrated_anchor,default,default,adversarial_explanation_flood,fifo_explanation,11,5000,0.0,0.019299701131502898,0.9912619999999907,0.8780387580334983,0.869567948722462,0.8682941862949053,2736.817876010659,2.522563888888691,0.0,0.0,0.0,10.6838,0.8005723807071601,0.0,0.604,12.1678,45.0516,calibrated:/Users/let/Documents/DO_A_PAPER_May_18/Papers/Paper_xAI_in_Cyber_2/6_Analysis_Results/xai_surfacebench/data/toniot/toniot_score_stream.csv
toniot_calibrated_anchor,default,default,adversarial_explanation_flood,static_coarse_full,11,5000,0.0,0.020294322382865666,1.039741440000001,0.9299907433426418,0.9940712594898646,0.7899292526902019,0.22331414185877793,2.652766666666607,0.0,0.0,0.0,11.243591999999964,0.7935718753983916,0.0194,0.6228,12.0994,44.9732,calibrated:/Users/let/Documents/DO_A_PAPER_May_18/Papers/Paper_xAI_in_Cyber_2/6_Analysis_Results/xai_surfacebench/data/toniot/toniot_score_stream.csv
toniot_calibrated_anchor,default,default,adversarial_explanation_flood,static_offload,11,5000,0.0,0.014929054031175875,0.774464479999999,0.8391442704039664,0.8352031397664126,1.2846420445177742,0.0813700353400142,3.135344444444429,0.9300577081615828,0.0,0.0,1.8208479999999858,0.7995964631179158,0.0,0.6792,12.13,44.936,calibrated:/Users/let/Documents/DO_A_PAPER_May_18/Papers/Paper_xAI_in_Cyber_2/6_Analysis_Results/xai_surfacebench/data/toniot/toniot_score_stream.csv
toniot_calibrated_anchor,default,default,adversarial_explanation_flood,budget_only_bexgov,11,5000,0.0,0.01651378583343694,0.8511837600000004,0.64916260566883,0.7679740435476899,0.6260558594397478,6632.595375739904,0.9290477777777832,0.0,0.729388363998011,0.18224763799104923,6.68203599999993,0.792566775563686,0.0,0.0,12.066,44.8742,calibrated:/Users/let/Documents/DO_A_PAPER_May_18/Papers/Paper_xAI_in_Cyber_2/6_Analysis_Results/xai_surfacebench/data/toniot/toniot_score_stream.csv
toniot_calibrated_anchor,default,default,adversarial_explanation_flood,xai_gate,11,5000,0.0,0.019071367611397265,0.983586539999768,0.598871538008078,0.6485081653959334,0.7084637923130083,5207.701301125735,1.0,0.004321351404439206,0.1922019249656256,0.38874157009063287,6.454323999997422,0.8075064239971206,0.0082,0.0,12.2184,45.0654,calibrated:/Users/let/Documents/DO_A_PAPER_May_18/Papers/Paper_xAI_in_Cyber_2/6_Analysis_Results/xai_surfacebench/data/toniot/toniot_score_stream.csv
toniot_calibrated_anchor,default,default,transient_overload,never_explain,11,5000,0.24488303050199112,1.0231769230769394,53.2052,0.0,0.0,0.0,22189.42324218875,0.0,0.0,0.0,0.0,0.0,0.20247593763529514,0.0,0.0,10.1096,56.0488,calibrated:/Users/let/Documents/DO_A_PAPER_May_18/Papers/Paper_xAI_in_Cyber_2/6_Analysis_Results/xai_surfacebench/data/toniot/toniot_score_stream.csv
toniot_calibrated_anchor,default,default,transient_overload,always_explain,11,5000,0.2512903110971878,1.0531384669526673,53.324639000000026,1.0,1.0,0.8499999999999609,0.0,2.3971888888887785,0.0,0.0,0.0,10.1528,0.20475551394460978,0.1978,0.5258,10.1528,56.1818,calibrated:/Users/let/Documents/DO_A_PAPER_May_18/Papers/Paper_xAI_in_Cyber_2/6_Analysis_Results/xai_surfacebench/data/toniot/toniot_score_stream.csv
toniot_calibrated_anchor,default,default,transient_overload,threshold_explain,11,5000,0.2510390290154693,1.05063705159745,53.36950080000006,0.8260392814844029,0.9855642390166989,0.7011212001579055,548.9236710727662,1.9700416666666267,0.0,0.0,0.0,8.35627199999996,0.20386872935529587,0.173,0.4886,10.132,56.108,calibrated:/Users/let/Documents/DO_A_PAPER_May_18/Papers/Paper_xAI_in_Cyber_2/6_Analysis_Results/xai_surfacebench/data/toniot/toniot_score_stream.csv
toniot_calibrated_anchor,default,default,transient_overload,rate_limited,11,5000,0.24962492690788765,1.0358706233486508,53.29768204,0.6158934657132336,0.6789743908382432,0.8354441226877817,11156.162076636236,1.392136111111053,0.0,0.0,0.0,6.07040799999994,0.2066260678580092,0.0002,0.3522,10.1526,56.0936,calibrated:/Users/let/Documents/DO_A_PAPER_May_18/Papers/Paper_xAI_in_Cyber_2/6_Analysis_Results/xai_surfacebench/data/toniot/toniot_score_stream.csv
toniot_calibrated_anchor,default,default,transient_overload,fifo_explanation,11,5000,0.2470547545375175,1.0371993075413197,53.25274099999998,0.7203719122953095,0.6654562619806271,0.8919442131556574,10236.505267844976,1.7159138888888292,0.0,0.0,0.0,7.2674,0.20432048361912147,0.0,0.444,10.0884,55.8456,calibrated:/Users/let/Documents/DO_A_PAPER_May_18/Papers/Paper_xAI_in_Cyber_2/6_Analysis_Results/xai_surfacebench/data/toniot/toniot_score_stream.csv
toniot_calibrated_anchor,default,default,transient_overload,static_coarse_full,11,5000,0.25042230464180665,1.0479496111868474,53.239513439999996,0.8274566874566825,0.9853885549625271,0.7022730422730346,554.3807596566949,1.967077777777742,0.0,0.0,0.0,8.344335999999956,0.20075033522581487,0.1666,0.4886,10.101,56.0816,calibrated:/Users/let/Documents/DO_A_PAPER_May_18/Papers/Paper_xAI_in_Cyber_2/6_Analysis_Results/xai_surfacebench/data/toniot/toniot_score_stream.csv
toniot_calibrated_anchor,default,default,transient_overload,static_offload,11,5000,0.244152542650277,1.0283035267267397,53.273616160000024,0.7435522970496128,0.8282175817858735,1.1365927590217015,632.3549143605856,2.319811111111096,0.8221683517609728,0.0,0.0,1.3576479999999587,0.20349385373490048,0.0,0.5174,10.1478,56.213,calibrated:/Users/let/Documents/DO_A_PAPER_May_18/Papers/Paper_xAI_in_Cyber_2/6_Analysis_Results/xai_surfacebench/data/toniot/toniot_score_stream.csv
toniot_calibrated_anchor,default,default,transient_overload,budget_only_bexgov,11,5000,0.24793897582095673,1.0372273319400764,53.16665545999998,0.5930323489696431,0.7848593573863353,0.5809575529853722,5306.561262397243,0.8111150000000442,0.0,0.7968453394391279,0.0,5.2363839999999815,0.21094277650203774,0.0092,0.0,10.2198,56.2636,calibrated:/Users/let/Documents/DO_A_PAPER_May_18/Papers/Paper_xAI_in_Cyber_2/6_Analysis_Results/xai_surfacebench/data/toniot/toniot_score_stream.csv
toniot_calibrated_anchor,default,default,transient_overload,xai_gate,11,5000,0.24557290196790071,1.0399018913729927,53.42075923999999,0.6394258715233817,0.6849458834379962,0.7915825989035556,5051.2988294885445,1.0,0.24567175871523697,0.15387779083431258,0.4915834312567129,3.890162999996703,0.2111249871024481,0.0098,0.0,10.212,56.2122,calibrated:/Users/let/Documents/DO_A_PAPER_May_18/Papers/Paper_xAI_in_Cyber_2/6_Analysis_Results/xai_surfacebench/data/toniot/toniot_score_stream.csv
toniot_calibrated_anchor,default,default,non_markovian,never_explain,11,5000,0.13529738583313491,1.2070153846153973,62.7648,0.0,0.0,0.0,20044.995492375703,0.0,0.0,0.0,0.0,0.0,0.1257585268884711,0.0,0.0,9.3612,55.4364,calibrated:/Users/let/Documents/DO_A_PAPER_May_18/Papers/Paper_xAI_in_Cyber_2/6_Analysis_Results/xai_surfacebench/data/toniot/toniot_score_stream.csv
toniot_calibrated_anchor,default,default,non_markovian,always_explain,11,5000,0.1387232887097304,1.2661576293216388,64.75850800000003,1.0,1.0,0.8499999999999602,0.0,2.192480555555453,0.0,0.0,0.0,9.2858,0.12814008385301245,0.0936,0.5468,9.2858,54.8738,calibrated:/Users/let/Documents/DO_A_PAPER_May_18/Papers/Paper_xAI_in_Cyber_2/6_Analysis_Results/xai_surfacebench/data/toniot/toniot_score_stream.csv
toniot_calibrated_anchor,default,default,non_markovian,threshold_explain,11,5000,0.13593526222862332,1.3501904332096757,69.26399659999984,0.8121430107526888,0.9842648962105773,0.68924731182795,9.212724246674144,1.7774138888888615,0.0,0.0,0.0,7.540111999999964,0.13321075161116958,0.0788,0.4336,9.3,54.7118,calibrated:/Users/let/Documents/DO_A_PAPER_May_18/Papers/Paper_xAI_in_Cyber_2/6_Analysis_Results/xai_surfacebench/data/toniot/toniot_score_stream.csv
toniot_calibrated_anchor,default,default,non_markovian,rate_limited,11,5000,0.13588922314313473,1.3651784453555946,70.37312768000005,0.7290041849984089,0.8046018270350002,0.7864910398111311,2646.668098124551,1.4924388888888567,0.0,0.0,0.0,6.551815999999996,0.12723111685270805,0.0016,0.3296,9.319,55.1144,calibrated:/Users/let/Documents/DO_A_PAPER_May_18/Papers/Paper_xAI_in_Cyber_2/6_Analysis_Results/xai_surfacebench/data/toniot/toniot_score_stream.csv
toniot_calibrated_anchor,default,default,non_markovian,fifo_explanation,11,5000,0.1393489933862538,1.3355050432642153,68.73553299999995,0.8237504048364461,0.7849186140526858,0.8764374392744912,1898.2915744944241,1.8016222222221554,0.0,0.0,0.0,7.6304,0.12326986367483794,0.0,0.4466,9.263,54.9764,calibrated:/Users/let/Documents/DO_A_PAPER_May_18/Papers/Paper_xAI_in_Cyber_2/6_Analysis_Results/xai_surfacebench/data/toniot/toniot_score_stream.csv
toniot_calibrated_anchor,default,default,non_markovian,static_coarse_full,11,5000,0.1378019554009834,1.3467985969370793,69.08215368000002,0.811553503878951,0.9846285939457868,0.6888237054134263,8.764313691863151,1.7876638888888585,0.0,0.0,0.0,7.582711999999968,0.12540181325559763,0.0806,0.4378,9.3582,55.4362,calibrated:/Users/let/Documents/DO_A_PAPER_May_18/Papers/Paper_xAI_in_Cyber_2/6_Analysis_Results/xai_surfacebench/data/toniot/toniot_score_stream.csv
toniot_calibrated_anchor,default,default,non_markovian,static_offload,11,5000,0.13318221222728024,1.2477279180936116,64.73586076000001,0.7309167326161035,0.8273844374491712,1.11720980471848,10.063030269891376,2.1010833333333188,0.808119265073899,0.0,0.0,1.2300239999999862,0.13054885531716898,0.0,0.524,9.3506,55.139,calibrated:/Users/let/Documents/DO_A_PAPER_May_18/Papers/Paper_xAI_in_Cyber_2/6_Analysis_Results/xai_surfacebench/data/toniot/toniot_score_stream.csv
toniot_calibrated_anchor,default,default,non_markovian,budget_only_bexgov,11,5000,0.13402698890535217,1.4183491134328707,73.16049368000003,0.5886445602939868,0.7888177812647685,0.5723720194855061,3648.757036631965,0.7409855555555903,0.0,0.7844628664216734,0.0,4.764575999999979,0.12763061207281012,0.0112,0.0,9.3608,55.342,calibrated:/Users/let/Documents/DO_A_PAPER_May_18/Papers/Paper_xAI_in_Cyber_2/6_Analysis_Results/xai_surfacebench/data/toniot/toniot_score_stream.csv
toniot_calibrated_anchor,default,default,non_markovian,xai_gate,11,5000,0.13824951477177508,1.2580169654766276,65.0225307799999,0.6900043074670636,0.7560076945742571,0.7641853503047376,1243.669005282995,0.977185555555709,0.22286834227132735,0.2177424565484267,0.461286640391118,4.102151999999641,0.12760919456485809,0.005,0.0,9.2862,54.902,calibrated:/Users/let/Documents/DO_A_PAPER_May_18/Papers/Paper_xAI_in_Cyber_2/6_Analysis_Results/xai_surfacebench/data/toniot/toniot_score_stream.csv
toniot_calibrated_anchor,default,default,rtt_uncertainty,never_explain,11,5000,0.0,0.015184615384615395,0.7896,0.0,0.0,0.0,13590.968433126092,0.0,0.0,0.0,0.0,0.0,0.08095994966067122,0.0,0.0,7.2838,44.9218,calibrated:/Users/let/Documents/DO_A_PAPER_May_18/Papers/Paper_xAI_in_Cyber_2/6_Analysis_Results/xai_surfacebench/data/toniot/toniot_score_stream.csv
toniot_calibrated_anchor,default,default,rtt_uncertainty,always_explain,11,5000,0.0,0.020850116233309252,1.073726999999997,1.0,1.0,0.849999999999974,0.0,1.7353222222221691,0.0,0.0,0.0,7.3496,0.08235952491402987,0.0002,0.4264,7.3496,45.269,calibrated:/Users/let/Documents/DO_A_PAPER_May_18/Papers/Paper_xAI_in_Cyber_2/6_Analysis_Results/xai_surfacebench/data/toniot/toniot_score_stream.csv
toniot_calibrated_anchor,default,default,rtt_uncertainty,threshold_explain,11,5000,0.0,0.018501759932274146,0.9545870400000005,0.8071248354541497,0.9845838203198665,0.6851113426941555,0.06511992415444899,1.385716666666645,0.0,0.0,0.0,5.8773599999999835,0.08259925954296299,0.0,0.2786,7.2928,44.9092,calibrated:/Users/let/Documents/DO_A_PAPER_May_18/Papers/Paper_xAI_in_Cyber_2/6_Analysis_Results/xai_surfacebench/data/toniot/toniot_score_stream.csv
toniot_calibrated_anchor,default,default,rtt_uncertainty,rate_limited,11,5000,0.0,0.020106324082752536,1.0368921999999996,0.8907814306955589,0.9875025422691444,0.7308524698496532,0.0053086140373385295,1.4145166666666342,0.0,0.0,0.0,6.225071999999972,0.07669183631722842,0.0,0.2938,7.2636,44.9748,calibrated:/Users/let/Documents/DO_A_PAPER_May_18/Papers/Paper_xAI_in_Cyber_2/6_Analysis_Results/xai_surfacebench/data/toniot/toniot_score_stream.csv
toniot_calibrated_anchor,default,default,rtt_uncertainty,fifo_explanation,11,5000,0.0,0.0182368555779893,0.9394669999999969,0.9896763240046005,0.9873522920185047,0.8515485513992818,0.12304316302913976,1.7066583333332779,0.0,0.0,0.0,7.2282,0.07966833563203846,0.0,0.4102,7.3036,45.0978,calibrated:/Users/let/Documents/DO_A_PAPER_May_18/Papers/Paper_xAI_in_Cyber_2/6_Analysis_Results/xai_surfacebench/data/toniot/toniot_score_stream.csv
toniot_calibrated_anchor,default,default,rtt_uncertainty,static_coarse_full,11,5000,0.0,0.018491752706232507,0.9539838799999983,0.8084170509442287,0.9838099349850312,0.6860452349582717,0.06346635113269343,1.3860138888888707,0.0,0.0,0.0,5.88007999999998,0.07783793378894344,0.0,0.2844,7.2864,45.068,calibrated:/Users/let/Documents/DO_A_PAPER_May_18/Papers/Paper_xAI_in_Cyber_2/6_Analysis_Results/xai_surfacebench/data/toniot/toniot_score_stream.csv
toniot_calibrated_anchor,default,default,rtt_uncertainty,static_offload,11,5000,0.0,0.01478245043842395,0.7677061599999996,0.7254684977977307,0.8269126332066928,1.3755784256290267,0.043517558786536424,1.6302277777777707,0.8019587995513364,0.0,0.0,0.9549040000000035,0.08185940237722922,0.0,0.3874,7.3106,45.0496,calibrated:/Users/let/Documents/DO_A_PAPER_May_18/Papers/Paper_xAI_in_Cyber_2/6_Analysis_Results/xai_surfacebench/data/toniot/toniot_score_stream.csv
toniot_calibrated_anchor,default,default,rtt_uncertainty,budget_only_bexgov,11,5000,0.0,0.01598545685425459,0.8271310800000025,0.5898605708650575,0.7933507315211039,0.5689804415712488,852.332638422703,0.5816805555555783,0.0,0.7804196570426779,0.0,3.7267919999999615,0.08210652995830903,0.0,0.0,7.3012,44.9814,calibrated:/Users/let/Documents/DO_A_PAPER_May_18/Papers/Paper_xAI_in_Cyber_2/6_Analysis_Results/xai_surfacebench/data/toniot/toniot_score_stream.csv
toniot_calibrated_anchor,default,default,rtt_uncertainty,xai_gate,11,5000,0.0,0.01580276082726704,0.8163390600000004,0.770776362485978,0.8647941160641955,0.6797018365651699,94.74571419918476,0.9308250000000701,0.004731904591598118,0.21926325345951744,0.25709097911909545,5.0651559999995985,0.07853653253576298,0.0,0.0,7.2698,44.9362,calibrated:/Users/let/Documents/DO_A_PAPER_May_18/Papers/Paper_xAI_in_Cyber_2/6_Analysis_Results/xai_surfacebench/data/toniot/toniot_score_stream.csv
toniot_calibrated_anchor,default,default,adversarial_explanation_flood,never_explain,12,5000,0.0,0.015976923076923062,0.8308,0.0,0.0,0.0,31011.497471513183,0.0,0.0,0.0,0.0,0.0,0.8041131971727309,0.0,0.0,12.2058,45.1036,calibrated:/Users/let/Documents/DO_A_PAPER_May_18/Papers/Paper_xAI_in_Cyber_2/6_Analysis_Results/xai_surfacebench/data/toniot/toniot_score_stream.csv
toniot_calibrated_anchor,default,default,adversarial_explanation_flood,always_explain,12,5000,0.0,0.020473382714330125,1.0476290000000004,1.0,1.0,0.8499999999999485,0.0,2.8697416666664926,0.0,0.0,0.0,12.1542,0.8012386461144474,0.0412,0.6508,12.1542,44.9846,calibrated:/Users/let/Documents/DO_A_PAPER_May_18/Papers/Paper_xAI_in_Cyber_2/6_Analysis_Results/xai_surfacebench/data/toniot/toniot_score_stream.csv
toniot_calibrated_anchor,default,default,adversarial_explanation_flood,threshold_explain,12,5000,0.0,0.01983958088318954,1.0165427999999999,0.9308740655549128,0.9939320609863327,0.7906399408526922,0.241064155702981,2.6711527777777153,0.0,0.0,0.0,11.322111999999958,0.8005824935397625,0.0216,0.6294,12.173,45.0706,calibrated:/Users/let/Documents/DO_A_PAPER_May_18/Papers/Paper_xAI_in_Cyber_2/6_Analysis_Results/xai_surfacebench/data/toniot/toniot_score_stream.csv
toniot_calibrated_anchor,default,default,adversarial_explanation_flood,rate_limited,12,5000,0.0,0.018634926303674283,0.9583237200000047,0.8106270856047765,0.8555844044622097,0.859351769253636,4323.957823409836,2.2906944444443824,0.0,0.0,0.0,9.756639999999836,0.7895278300046131,0.0006,0.563,12.1068,45.1024,calibrated:/Users/let/Documents/DO_A_PAPER_May_18/Papers/Paper_xAI_in_Cyber_2/6_Analysis_Results/xai_surfacebench/data/toniot/toniot_score_stream.csv
toniot_calibrated_anchor,default,default,adversarial_explanation_flood,fifo_explanation,12,5000,0.0,0.019416750236289988,0.9972189999999916,0.8816569021130933,0.8734078316110278,0.867751464682969,2563.124042573765,2.529836111110927,0.0,0.0,0.0,10.7146,0.8004148148148165,0.0,0.606,12.1528,45.0,calibrated:/Users/let/Documents/DO_A_PAPER_May_18/Papers/Paper_xAI_in_Cyber_2/6_Analysis_Results/xai_surfacebench/data/toniot/toniot_score_stream.csv
toniot_calibrated_anchor,default,default,adversarial_explanation_flood,static_coarse_full,12,5000,0.0,0.018188181411109876,0.9320495200000005,0.9314698262977819,0.9942607891547192,0.7912102693546659,0.20431476347045407,2.6449083333332823,0.0,0.0,0.0,11.209919999999967,0.7891831344130582,0.0218,0.622,12.0436,44.8756,calibrated:/Users/let/Documents/DO_A_PAPER_May_18/Papers/Paper_xAI_in_Cyber_2/6_Analysis_Results/xai_surfacebench/data/toniot/toniot_score_stream.csv
toniot_calibrated_anchor,default,default,adversarial_explanation_flood,static_offload,12,5000,0.0,0.0176115971946687,0.9136548399999997,0.8380177101644639,0.8352753649387096,1.2830376710641482,0.09585501307402591,3.1428111111110977,0.9289457687821386,0.0,0.0,1.8243039999999884,0.7992397370412441,0.0,0.6814,12.1738,45.1072,calibrated:/Users/let/Documents/DO_A_PAPER_May_18/Papers/Paper_xAI_in_Cyber_2/6_Analysis_Results/xai_surfacebench/data/toniot/toniot_score_stream.csv
toniot_calibrated_anchor,default,default,adversarial_explanation_flood,budget_only_bexgov,12,5000,0.0,0.018060830642283747,0.9310459400000007,0.6489247276545544,0.766509591946875,0.6257834033337709,6792.10790770257,0.9316150000000083,0.0,0.72455374721092,0.18982149888436803,6.742435999999965,0.8027882407049991,0.0,0.0,12.1904,45.0798,calibrated:/Users/let/Documents/DO_A_PAPER_May_18/Papers/Paper_xAI_in_Cyber_2/6_Analysis_Results/xai_surfacebench/data/toniot/toniot_score_stream.csv
toniot_calibrated_anchor,default,default,adversarial_explanation_flood,xai_gate,12,5000,0.0,0.01782525103774482,0.9187463400000005,0.6054810215362628,0.6564870469224713,0.704466436999901,4937.256246510901,1.0,0.0021453915339549466,0.19773908738344748,0.39181656902347456,6.490875499997496,0.7945221098332218,0.0054,0.0,12.119,45.0222,calibrated:/Users/let/Documents/DO_A_PAPER_May_18/Papers/Paper_xAI_in_Cyber_2/6_Analysis_Results/xai_surfacebench/data/toniot/toniot_score_stream.csv
toniot_calibrated_anchor,default,default,transient_overload,never_explain,12,5000,0.24634217678824932,1.0249153846153998,53.2956,0.0,0.0,0.0,22252.30000097041,0.0,0.0,0.0,0.0,0.0,0.20148762177882595,0.0,0.0,10.1054,56.0716,calibrated:/Users/let/Documents/DO_A_PAPER_May_18/Papers/Paper_xAI_in_Cyber_2/6_Analysis_Results/xai_surfacebench/data/toniot/toniot_score_stream.csv
toniot_calibrated_anchor,default,default,transient_overload,always_explain,12,5000,0.25296111006229943,1.0516985835580495,53.25168300000004,1.0,1.0,0.8499999999999571,0.0,2.393174999999879,0.0,0.0,0.0,10.1358,0.20345799152955912,0.1988,0.525,10.1358,56.1482,calibrated:/Users/let/Documents/DO_A_PAPER_May_18/Papers/Paper_xAI_in_Cyber_2/6_Analysis_Results/xai_surfacebench/data/toniot/toniot_score_stream.csv
toniot_calibrated_anchor,default,default,transient_overload,threshold_explain,12,5000,0.2504709448790762,1.0497409186865296,53.33030456000005,0.8291695694579874,0.9858733280264624,0.7037998367801799,517.7777880361043,1.9612027777777366,0.0,0.0,0.0,8.318511999999963,0.19646578311244167,0.1724,0.4874,10.0478,55.986,calibrated:/Users/let/Documents/DO_A_PAPER_May_18/Papers/Paper_xAI_in_Cyber_2/6_Analysis_Results/xai_surfacebench/data/toniot/toniot_score_stream.csv
toniot_calibrated_anchor,default,default,transient_overload,rate_limited,12,5000,0.2469732186014066,1.0354100365461274,53.273852399999996,0.6205811643155353,0.6860470581093845,0.8340522551162286,10803.411945000938,1.3906055555555006,0.0,0.0,0.0,6.064087999999961,0.1960352370564178,0.0,0.3532,10.066,56.1076,calibrated:/Users/let/Documents/DO_A_PAPER_May_18/Papers/Paper_xAI_in_Cyber_2/6_Analysis_Results/xai_surfacebench/data/toniot/toniot_score_stream.csv
toniot_calibrated_anchor,default,default,transient_overload,fifo_explanation,12,5000,0.24798555879633613,1.0410583814944314,53.45133299999997,0.7154941241422825,0.6597827631590809,0.89267588137861,10460.776729639556,1.713552777777709,0.0,0.0,0.0,7.2574,0.20262739797490936,0.0,0.4444,10.1432,56.228,calibrated:/Users/let/Documents/DO_A_PAPER_May_18/Papers/Paper_xAI_in_Cyber_2/6_Analysis_Results/xai_surfacebench/data/toniot/toniot_score_stream.csv
toniot_calibrated_anchor,default,default,transient_overload,static_coarse_full,12,5000,0.2492356622307275,1.047941854388874,53.239883040000024,0.8263259046822375,0.9856761658818336,0.7013821672541786,540.4257077847622,1.9533638888888527,0.0,0.0,0.0,8.285311999999962,0.19523960851386457,0.1676,0.4868,10.0422,56.0122,calibrated:/Users/let/Documents/DO_A_PAPER_May_18/Papers/Paper_xAI_in_Cyber_2/6_Analysis_Results/xai_surfacebench/data/toniot/toniot_score_stream.csv
toniot_calibrated_anchor,default,default,transient_overload,static_offload,12,5000,0.24581240069047605,1.026413850260792,53.176109279999984,0.7464935760171388,0.8288935298872117,1.1415264890158283,596.2556251678656,2.316194444444431,0.8259179950828773,0.0,0.0,1.3528719999999625,0.20168544746914874,0.0,0.5176,10.0872,55.9614,calibrated:/Users/let/Documents/DO_A_PAPER_May_18/Papers/Paper_xAI_in_Cyber_2/6_Analysis_Results/xai_surfacebench/data/toniot/toniot_score_stream.csv
toniot_calibrated_anchor,default,default,transient_overload,budget_only_bexgov,12,5000,0.2483077043424215,1.0382065646660814,53.23085564000002,0.5940877643803057,0.7848693939107627,0.5818630164063942,5196.768043199552,0.804786111111157,0.0,0.7975884562166436,0.0,5.193712000000005,0.20470021205486066,0.0094,0.0,10.118,55.9918,calibrated:/Users/let/Documents/DO_A_PAPER_May_18/Papers/Paper_xAI_in_Cyber_2/6_Analysis_Results/xai_surfacebench/data/toniot/toniot_score_stream.csv
toniot_calibrated_anchor,default,default,transient_overload,xai_gate,12,5000,0.24846468908120473,1.0349716124935273,53.171386119999944,0.6451901024157332,0.6903530642371566,0.793326989995299,4888.980034567784,1.0,0.25131480090157776,0.15490924908062795,0.4969304836088005,3.859676999996524,0.2023358281956269,0.0116,0.0,10.1156,56.0886,calibrated:/Users/let/Documents/DO_A_PAPER_May_18/Papers/Paper_xAI_in_Cyber_2/6_Analysis_Results/xai_surfacebench/data/toniot/toniot_score_stream.csv
toniot_calibrated_anchor,default,default,non_markovian,never_explain,12,5000,0.13797350618019577,1.2675730769230897,65.9138,0.0,0.0,0.0,19699.665965531272,0.0,0.0,0.0,0.0,0.0,0.1327815604176783,0.0,0.0,9.3534,55.0468,calibrated:/Users/let/Documents/DO_A_PAPER_May_18/Papers/Paper_xAI_in_Cyber_2/6_Analysis_Results/xai_surfacebench/data/toniot/toniot_score_stream.csv
toniot_calibrated_anchor,default,default,non_markovian,always_explain,12,5000,0.14185940104326047,1.3672248659275625,69.95754700000006,1.0,1.0,0.8499999999999603,0.0,2.2320527777776737,0.0,0.0,0.0,9.4534,0.1343866735305428,0.0966,0.5494,9.4534,55.5566,calibrated:/Users/let/Documents/DO_A_PAPER_May_18/Papers/Paper_xAI_in_Cyber_2/6_Analysis_Results/xai_surfacebench/data/toniot/toniot_score_stream.csv
toniot_calibrated_anchor,default,default,non_markovian,threshold_explain,12,5000,0.1398218067678673,1.3167024100935245,67.51590036000006,0.8129999788032312,0.9846282442068348,0.6900332789282796,9.108489082512596,1.8055222222221792,0.0,0.0,0.0,7.658671999999962,0.13864582315112117,0.082,0.4564,9.4354,55.2434,calibrated:/Users/let/Documents/DO_A_PAPER_May_18/Papers/Paper_xAI_in_Cyber_2/6_Analysis_Results/xai_surfacebench/data/toniot/toniot_score_stream.csv
toniot_calibrated_anchor,default,default,non_markovian,rate_limited,12,5000,0.13818296982656178,1.2850998910875977,66.24055327999999,0.7255581516095749,0.8044548735486429,0.786098130841113,2497.9344352089897,1.4720666666666333,0.0,0.0,0.0,6.465695999999984,0.12637754262843037,0.0014,0.3182,9.2448,54.717,calibrated:/Users/let/Documents/DO_A_PAPER_May_18/Papers/Paper_xAI_in_Cyber_2/6_Analysis_Results/xai_surfacebench/data/toniot/toniot_score_stream.csv
toniot_calibrated_anchor,default,default,non_markovian,fifo_explanation,12,5000,0.13826191315471084,1.2981803920265593,66.81320799999986,0.8283806415596685,0.7908940024066649,0.8757429037660114,1850.6186531700293,1.8218805555554973,0.0,0.0,0.0,7.7162,0.1283322249638692,0.0,0.4504,9.3148,55.0358,calibrated:/Users/let/Documents/DO_A_PAPER_May_18/Papers/Paper_xAI_in_Cyber_2/6_Analysis_Results/xai_surfacebench/data/toniot/toniot_score_stream.csv
toniot_calibrated_anchor,default,default,non_markovian,static_coarse_full,12,5000,0.13795493432107434,1.3051945283591442,66.94359775999992,0.8085593476944378,0.9842467678225701,0.686246647633868,9.037283173595284,1.7597472222221857,0.0,0.0,0.0,7.464703999999967,0.12596618886892097,0.0774,0.4368,9.2472,54.7512,calibrated:/Users/let/Documents/DO_A_PAPER_May_18/Papers/Paper_xAI_in_Cyber_2/6_Analysis_Results/xai_surfacebench/data/toniot/toniot_score_stream.csv
toniot_calibrated_anchor,default,default,non_markovian,static_offload,12,5000,0.13010876834246618,1.2578824283139638,65.26793643999999,0.7280642268063922,0.8270002751664913,1.1126690438169187,8.544114311433454,2.045911111111098,0.8047601338787653,0.0,0.0,1.1987199999999847,0.12078751547693467,0.0,0.5146,9.1426,54.382,calibrated:/Users/let/Documents/DO_A_PAPER_May_18/Papers/Paper_xAI_in_Cyber_2/6_Analysis_Results/xai_surfacebench/data/toniot/toniot_score_stream.csv
toniot_calibrated_anchor,default,default,non_markovian,budget_only_bexgov,12,5000,0.1377992149981867,1.219305100042946,62.84518427999998,0.5872822307224144,0.7881480946815983,0.5710445101277858,3493.313168726258,0.7269116666667055,0.0,0.7819481874293662,0.0,4.673027999999989,0.12364297497249344,0.0128,0.0,9.2024,54.5986,calibrated:/Users/let/Documents/DO_A_PAPER_May_18/Papers/Paper_xAI_in_Cyber_2/6_Analysis_Results/xai_surfacebench/data/toniot/toniot_score_stream.csv
toniot_calibrated_anchor,default,default,non_markovian,xai_gate,12,5000,0.1351695011881702,1.2494468351900536,64.58668629999995,0.6885136832078322,0.7552417327418911,0.7663044513726329,1186.1076651575213,0.9768400000001551,0.22958344158655927,0.2187797696371352,0.45453364510262406,4.022203999999659,0.12746192911987908,0.0036,0.0,9.2376,54.6218,calibrated:/Users/let/Documents/DO_A_PAPER_May_18/Papers/Paper_xAI_in_Cyber_2/6_Analysis_Results/xai_surfacebench/data/toniot/toniot_score_stream.csv
toniot_calibrated_anchor,default,default,rtt_uncertainty,never_explain,12,5000,0.0,0.01465384615384616,0.762,0.0,0.0,0.0,13873.237850065809,0.0,0.0,0.0,0.0,0.0,0.08795215890922936,0.0,0.0,7.3426,44.9934,calibrated:/Users/let/Documents/DO_A_PAPER_May_18/Papers/Paper_xAI_in_Cyber_2/6_Analysis_Results/xai_surfacebench/data/toniot/toniot_score_stream.csv
toniot_calibrated_anchor,default,default,rtt_uncertainty,always_explain,12,5000,0.0,0.02079043133482041,1.0710209999999998,1.0,1.0,0.8499999999999744,0.0,1.7249805555555038,0.0,0.0,0.0,7.3058,0.0786780295647993,0.0002,0.4242,7.3058,45.1528,calibrated:/Users/let/Documents/DO_A_PAPER_May_18/Papers/Paper_xAI_in_Cyber_2/6_Analysis_Results/xai_surfacebench/data/toniot/toniot_score_stream.csv
toniot_calibrated_anchor,default,default,rtt_uncertainty,threshold_explain,12,5000,0.0,0.01934099788212311,0.9978232800000002,0.8099944971798091,0.9839108427073489,0.6873834089971079,0.054951133150005514,1.3853999999999869,0.0,0.0,0.0,5.877479999999977,0.07604718087185125,0.0,0.2764,7.269,45.0352,calibrated:/Users/let/Documents/DO_A_PAPER_May_18/Papers/Paper_xAI_in_Cyber_2/6_Analysis_Results/xai_surfacebench/data/toniot/toniot_score_stream.csv
toniot_calibrated_anchor,default,default,rtt_uncertainty,rate_limited,12,5000,0.0,0.01623649921561099,0.837267960000001,0.893252590388045,0.9873875754009312,0.7335482804232746,0.005536232918944499,1.4201416666666362,0.0,0.0,0.0,6.243407999999973,0.07463163926634464,0.0,0.2962,7.2576,45.0238,calibrated:/Users/let/Documents/DO_A_PAPER_May_18/Papers/Paper_xAI_in_Cyber_2/6_Analysis_Results/xai_surfacebench/data/toniot/toniot_score_stream.csv
toniot_calibrated_anchor,default,default,rtt_uncertainty,fifo_explanation,12,5000,0.0,0.017205900779468535,0.8863479999999985,0.9901402278702892,0.9879102306305219,0.8514789658194245,0.1357990915793164,1.7071777777777148,0.0,0.0,0.0,7.2304,0.07976868014307348,0.0,0.4156,7.3024,45.0862,calibrated:/Users/let/Documents/DO_A_PAPER_May_18/Papers/Paper_xAI_in_Cyber_2/6_Analysis_Results/xai_surfacebench/data/toniot/toniot_score_stream.csv
toniot_calibrated_anchor,default,default,rtt_uncertainty,static_coarse_full,12,5000,0.0,0.0172563707883061,0.8903349200000011,0.8106847263817083,0.983717880751731,0.6879240402940294,0.05886267296214006,1.4010722222222,0.0,0.0,0.0,5.944375999999979,0.08820923955713211,0.0,0.2836,7.346,45.0036,calibrated:/Users/let/Documents/DO_A_PAPER_May_18/Papers/Paper_xAI_in_Cyber_2/6_Analysis_Results/xai_surfacebench/data/toniot/toniot_score_stream.csv
toniot_calibrated_anchor,default,default,rtt_uncertainty,static_offload,12,5000,0.0,0.016280197536949113,0.84550764,0.7243471142038576,0.826690663944582,1.374237529224603,0.039582168886674804,1.6315666666666597,0.8005730659025788,0.0,0.0,0.9562560000000032,0.0841876359117748,0.0,0.391,7.329,45.066,calibrated:/Users/let/Documents/DO_A_PAPER_May_18/Papers/Paper_xAI_in_Cyber_2/6_Analysis_Results/xai_surfacebench/data/toniot/toniot_score_stream.csv
toniot_calibrated_anchor,default,default,rtt_uncertainty,budget_only_bexgov,12,5000,0.0,0.016406379574389604,0.848963800000002,0.5868556132023365,0.7926384000181648,0.5660006623247592,805.7385513084803,0.5738388888889132,0.0,0.77671376531626,0.0,3.6792119999999704,0.07292966708564053,0.0,0.0,7.2472,45.0306,calibrated:/Users/let/Documents/DO_A_PAPER_May_18/Papers/Paper_xAI_in_Cyber_2/6_Analysis_Results/xai_surfacebench/data/toniot/toniot_score_stream.csv
toniot_calibrated_anchor,default,default,rtt_uncertainty,xai_gate,12,5000,0.0,0.018229180918963958,0.9415793400000015,0.7689692898273315,0.8633492031839807,0.677407134822969,96.86344810376609,0.9316233333334141,0.005237181244858788,0.2199890320811626,0.2510282423910063,5.061999999999609,0.07937889099516071,0.0,0.0,7.294,45.0506,calibrated:/Users/let/Documents/DO_A_PAPER_May_18/Papers/Paper_xAI_in_Cyber_2/6_Analysis_Results/xai_surfacebench/data/toniot/toniot_score_stream.csv
toniot_calibrated_anchor,default,default,adversarial_explanation_flood,never_explain,13,5000,0.0,0.014446153846153829,0.7512,0.0,0.0,0.0,30824.320228011497,0.0,0.0,0.0,0.0,0.0,0.8023564440411284,0.0,0.0,12.1552,44.9604,calibrated:/Users/let/Documents/DO_A_PAPER_May_18/Papers/Paper_xAI_in_Cyber_2/6_Analysis_Results/xai_surfacebench/data/toniot/toniot_score_stream.csv
toniot_calibrated_anchor,default,default,adversarial_explanation_flood,always_explain,13,5000,0.0,0.01988533301284222,1.017618000000001,1.0,1.0,0.8499999999999498,0.0,2.867994444444275,0.0,0.0,0.0,12.1468,0.795846436116818,0.0414,0.6528,12.1468,45.0922,calibrated:/Users/let/Documents/DO_A_PAPER_May_18/Papers/Paper_xAI_in_Cyber_2/6_Analysis_Results/xai_surfacebench/data/toniot/toniot_score_stream.csv
toniot_calibrated_anchor,default,default,adversarial_explanation_flood,threshold_explain,13,5000,0.0,0.019268962455277257,0.987287360000001,0.9316366180949994,0.9938243106443204,0.7912562772700914,0.23258955049861357,2.6674055555554874,0.0,0.0,0.0,11.306695999999961,0.8007320338176502,0.0222,0.6236,12.147,44.9706,calibrated:/Users/let/Documents/DO_A_PAPER_May_18/Papers/Paper_xAI_in_Cyber_2/6_Analysis_Results/xai_surfacebench/data/toniot/toniot_score_stream.csv
toniot_calibrated_anchor,default,default,adversarial_explanation_flood,rate_limited,13,5000,0.0,0.018294739939025157,0.9408350800000053,0.8030353291064716,0.8467718795018907,0.8621576573632234,4906.396004306398,2.296152777777725,0.0,0.0,0.0,9.775503999999845,0.8150621447310056,0.0008,0.5654,12.2392,44.9542,calibrated:/Users/let/Documents/DO_A_PAPER_May_18/Papers/Paper_xAI_in_Cyber_2/6_Analysis_Results/xai_surfacebench/data/toniot/toniot_score_stream.csv
toniot_calibrated_anchor,default,default,adversarial_explanation_flood,fifo_explanation,13,5000,0.0,0.018006547885956386,0.9247999999999931,0.8773751801860831,0.8688777927885442,0.8683937229720163,2751.848418707579,2.529316666666467,0.0,0.0,0.0,10.7124,0.807078771086974,0.0,0.604,12.2096,45.0436,calibrated:/Users/let/Documents/DO_A_PAPER_May_18/Papers/Paper_xAI_in_Cyber_2/6_Analysis_Results/xai_surfacebench/data/toniot/toniot_score_stream.csv
toniot_calibrated_anchor,default,default,adversarial_explanation_flood,static_coarse_full,13,5000,0.0,0.020970299231801992,1.0744038800000006,0.9320786710136104,0.9941048904412323,0.7916872819017208,0.22574299545073687,2.682430555555496,0.0,0.0,0.0,11.369551999999961,0.8072617345141084,0.0262,0.6278,12.2078,45.0324,calibrated:/Users/let/Documents/DO_A_PAPER_May_18/Papers/Paper_xAI_in_Cyber_2/6_Analysis_Results/xai_surfacebench/data/toniot/toniot_score_stream.csv
toniot_calibrated_anchor,default,default,adversarial_explanation_flood,static_offload,13,5000,0.0,0.014499878798923666,0.7521661599999998,0.8387625203532906,0.8352944380358976,1.2841630894229197,0.08522669291600893,3.14204444444443,0.92975444482821,0.0,0.0,1.8239679999999825,0.8045588104353962,0.0,0.683,12.1602,44.924,calibrated:/Users/let/Documents/DO_A_PAPER_May_18/Papers/Paper_xAI_in_Cyber_2/6_Analysis_Results/xai_surfacebench/data/toniot/toniot_score_stream.csv
toniot_calibrated_anchor,default,default,adversarial_explanation_flood,budget_only_bexgov,13,5000,0.0,0.016230019556562662,0.8363114800000012,0.6498099535588489,0.7670251068518481,0.6266904910905443,6770.02714620818,0.9308394444444483,0.0,0.7275781430124173,0.18785613122097428,6.727451999999961,0.802671559131882,0.0,0.0,12.1444,44.9126,calibrated:/Users/let/Documents/DO_A_PAPER_May_18/Papers/Paper_xAI_in_Cyber_2/6_Analysis_Results/xai_surfacebench/data/toniot/toniot_score_stream.csv
toniot_calibrated_anchor,default,default,adversarial_explanation_flood,xai_gate,13,5000,0.0,0.01782634600246186,0.9187027,0.603011176992141,0.653395868058415,0.706112915544471,5068.916958817795,1.0,0.003317784639642599,0.19658695223704092,0.39137745548874237,6.482645499997418,0.7980408312734637,0.0056,0.0,12.1768,45.1484,calibrated:/Users/let/Documents/DO_A_PAPER_May_18/Papers/Paper_xAI_in_Cyber_2/6_Analysis_Results/xai_surfacebench/data/toniot/toniot_score_stream.csv
toniot_calibrated_anchor,default,default,transient_overload,never_explain,13,5000,0.2442825216168165,1.023323076923092,53.2128,0.0,0.0,0.0,22020.564171336653,0.0,0.0,0.0,0.0,0.0,0.19785604973355353,0.0,0.0,10.0658,56.0212,calibrated:/Users/let/Documents/DO_A_PAPER_May_18/Papers/Paper_xAI_in_Cyber_2/6_Analysis_Results/xai_surfacebench/data/toniot/toniot_score_stream.csv
toniot_calibrated_anchor,default,default,transient_overload,always_explain,13,5000,0.24941220461197997,1.0505159584367296,53.190320999999976,1.0,1.0,0.8499999999999586,0.0,2.3990305555554383,0.0,0.0,0.0,10.1606,0.20899074272387375,0.199,0.5268,10.1606,56.028,calibrated:/Users/let/Documents/DO_A_PAPER_May_18/Papers/Paper_xAI_in_Cyber_2/6_Analysis_Results/xai_surfacebench/data/toniot/toniot_score_stream.csv
toniot_calibrated_anchor,default,default,transient_overload,threshold_explain,13,5000,0.25189969300763326,1.0510456936215082,53.39480260000002,0.827732542092185,0.9859845332051043,0.7026191790544487,557.9433557322762,1.976861111111084,0.0,0.0,0.0,8.38443999999996,0.20567300024127766,0.1716,0.4918,10.1444,56.0926,calibrated:/Users/let/Documents/DO_A_PAPER_May_18/Papers/Paper_xAI_in_Cyber_2/6_Analysis_Results/xai_surfacebench/data/toniot/toniot_score_stream.csv
toniot_calibrated_anchor,default,default,transient_overload,rate_limited,13,5000,0.2483237087648177,1.0351525185247918,53.26104816000001,0.6163148038636083,0.6816766527165085,0.8335984624482494,10994.752962327937,1.3901611111110492,0.0,0.0,0.0,6.066231999999939,0.20351588911426588,0.0002,0.3468,10.146,56.202,calibrated:/Users/let/Documents/DO_A_PAPER_May_18/Papers/Paper_xAI_in_Cyber_2/6_Analysis_Results/xai_surfacebench/data/toniot/toniot_score_stream.csv
toniot_calibrated_anchor,default,default,transient_overload,fifo_explanation,13,5000,0.24725114067220028,1.0394205261296703,53.367291999999956,0.7169236249925782,0.661558703513698,0.892461456251071,10400.896572632415,1.7105777777777242,0.0,0.0,0.0,7.2448,0.20260289850933622,0.0,0.4446,10.1054,56.0196,calibrated:/Users/let/Documents/DO_A_PAPER_May_18/Papers/Paper_xAI_in_Cyber_2/6_Analysis_Results/xai_surfacebench/data/toniot/toniot_score_stream.csv
toniot_calibrated_anchor,default,default,transient_overload,static_coarse_full,13,5000,0.24960750174161414,1.0505533414372397,53.38315668000001,0.8245449894732667,0.9851278344077863,0.6997865139798826,592.469751653954,1.9724055555555189,0.0,0.0,0.0,8.367127999999957,0.20427371084919743,0.1678,0.487,10.1646,56.2696,calibrated:/Users/let/Documents/DO_A_PAPER_May_18/Papers/Paper_xAI_in_Cyber_2/6_Analysis_Results/xai_surfacebench/data/toniot/toniot_score_stream.csv
toniot_calibrated_anchor,default,default,transient_overload,static_offload,13,5000,0.24535292735950445,1.030925780449112,53.40923487999997,0.7453312027314123,0.8286951962320172,1.1396357464716504,619.9891550391911,2.309594444444429,0.8245032455287135,0.0,0.0,1.3497039999999692,0.19888291156938465,0.0,0.517,10.0754,56.0266,calibrated:/Users/let/Documents/DO_A_PAPER_May_18/Papers/Paper_xAI_in_Cyber_2/6_Analysis_Results/xai_surfacebench/data/toniot/toniot_score_stream.csv
toniot_calibrated_anchor,default,default,transient_overload,budget_only_bexgov,13,5000,0.24739850199579014,1.0392715511785129,53.28111826000006,0.5962237928372,0.7862152561017206,0.5829076834748806,5183.504649366183,0.8066372222222653,0.0,0.8001821385440795,0.0,5.204543999999995,0.20333477463827498,0.0098,0.0,10.1022,55.9678,calibrated:/Users/let/Documents/DO_A_PAPER_May_18/Papers/Paper_xAI_in_Cyber_2/6_Analysis_Results/xai_surfacebench/data/toniot/toniot_score_stream.csv
toniot_calibrated_anchor,default,default,transient_overload,xai_gate,13,5000,0.24712193816418268,1.0364478903964998,53.24533490000002,0.6471438622217142,0.6921726311060695,0.7934195271317936,4877.103697340886,1.0,0.2504062784890404,0.1554163859051092,0.4987861191479341,3.8761049999965596,0.1995815800109335,0.0102,0.0,10.0916,56.084,calibrated:/Users/let/Documents/DO_A_PAPER_May_18/Papers/Paper_xAI_in_Cyber_2/6_Analysis_Results/xai_surfacebench/data/toniot/toniot_score_stream.csv
toniot_calibrated_anchor,default,default,non_markovian,never_explain,13,5000,0.1374698707179899,1.2547692307692437,65.248,0.0,0.0,0.0,19612.721056099508,0.0,0.0,0.0,0.0,0.0,0.12784554330095155,0.0,0.0,9.2648,54.764,calibrated:/Users/let/Documents/DO_A_PAPER_May_18/Papers/Paper_xAI_in_Cyber_2/6_Analysis_Results/xai_surfacebench/data/toniot/toniot_score_stream.csv
toniot_calibrated_anchor,default,default,non_markovian,always_explain,13,5000,0.14122479103875296,1.2680293844031905,64.83864599999995,1.0,1.0,0.8499999999999605,0.0,2.203011111111009,0.0,0.0,0.0,9.3304,0.13074787342468874,0.0962,0.552,9.3304,55.0102,calibrated:/Users/let/Documents/DO_A_PAPER_May_18/Papers/Paper_xAI_in_Cyber_2/6_Analysis_Results/xai_surfacebench/data/toniot/toniot_score_stream.csv
toniot_calibrated_anchor,default,default,non_markovian,threshold_explain,13,5000,0.1429324339191107,1.3334447251422066,68.37234320000009,0.8109257688229061,0.984108125289773,0.6881993637327599,10.411103433009552,1.7994749999999669,0.0,0.0,0.0,7.633871999999959,0.13753703328411615,0.082,0.4498,9.43,55.2656,calibrated:/Users/let/Documents/DO_A_PAPER_May_18/Papers/Paper_xAI_in_Cyber_2/6_Analysis_Results/xai_surfacebench/data/toniot/toniot_score_stream.csv
toniot_calibrated_anchor,default,default,non_markovian,rate_limited,13,5000,0.13799623252530677,1.3017815990481687,67.10747971999992,0.7267486614918408,0.8030173297218596,0.7876448706646213,2561.428571174156,1.4855388888888557,0.0,0.0,0.0,6.520351999999991,0.12815623946303134,0.0016,0.3246,9.3014,54.9652,calibrated:/Users/let/Documents/DO_A_PAPER_May_18/Papers/Paper_xAI_in_Cyber_2/6_Analysis_Results/xai_surfacebench/data/toniot/toniot_score_stream.csv
toniot_calibrated_anchor,default,default,non_markovian,fifo_explanation,13,5000,0.13762628585613088,1.3085511175793016,67.34861599999984,0.8292028311075518,0.7913010600645078,0.8756195753338262,1762.9762787852292,1.8090833333332725,0.0,0.0,0.0,7.662,0.1243499232197558,0.0,0.4514,9.2402,54.7884,calibrated:/Users/let/Documents/DO_A_PAPER_May_18/Papers/Paper_xAI_in_Cyber_2/6_Analysis_Results/xai_surfacebench/data/toniot/toniot_score_stream.csv
toniot_calibrated_anchor,default,default,non_markovian,static_coarse_full,13,5000,0.13648666117004693,1.2067734234740715,61.86371636000002,0.8084081032581676,0.9837078585979933,0.6860182042245823,8.345290037338494,1.7595166666666338,0.0,0.0,0.0,7.464863999999964,0.12993397949150243,0.0798,0.4292,9.2506,54.579,calibrated:/Users/let/Documents/DO_A_PAPER_May_18/Papers/Paper_xAI_in_Cyber_2/6_Analysis_Results/xai_surfacebench/data/toniot/toniot_score_stream.csv
toniot_calibrated_anchor,default,default,non_markovian,static_offload,13,5000,0.136450794008826,1.3456448750212886,69.82026603999998,0.731416494538034,0.8270882683392579,1.117691914567462,10.501106910200239,2.111205555555543,0.8083516109111816,0.0,0.0,1.2375439999999793,0.13898277131211767,0.0,0.524,9.3922,54.9742,calibrated:/Users/let/Documents/DO_A_PAPER_May_18/Papers/Paper_xAI_in_Cyber_2/6_Analysis_Results/xai_surfacebench/data/toniot/toniot_score_stream.csv
toniot_calibrated_anchor,default,default,non_markovian,budget_only_bexgov,13,5000,0.13946395754595614,1.308878322128446,67.47705509999989,0.5886260705316633,0.7891479105932387,0.5724162355920871,3547.4409560152167,0.7378222222222559,0.0,0.7845199510614094,0.0,4.743159999999981,0.12546457512739684,0.0142,0.0,9.3178,55.1938,calibrated:/Users/let/Documents/DO_A_PAPER_May_18/Papers/Paper_xAI_in_Cyber_2/6_Analysis_Results/xai_surfacebench/data/toniot/toniot_score_stream.csv
toniot_calibrated_anchor,default,default,non_markovian,xai_gate,13,5000,0.13711245359971852,1.2118561222955733,62.631634479999995,0.6861882568261392,0.7525683857115878,0.7639964672582856,1264.0397008455554,0.9793972222223806,0.2272021111323927,0.2237757773095831,0.4603205005426802,4.079827999999646,0.13668443454249246,0.006,0.0,9.3978,55.1182,calibrated:/Users/let/Documents/DO_A_PAPER_May_18/Papers/Paper_xAI_in_Cyber_2/6_Analysis_Results/xai_surfacebench/data/toniot/toniot_score_stream.csv
toniot_calibrated_anchor,default,default,rtt_uncertainty,never_explain,13,5000,0.0,0.013946153846153846,0.7252,0.0,0.0,0.0,13587.840120673067,0.0,0.0,0.0,0.0,0.0,0.08387547845047139,0.0,0.0,7.3172,45.0064,calibrated:/Users/let/Documents/DO_A_PAPER_May_18/Papers/Paper_xAI_in_Cyber_2/6_Analysis_Results/xai_surfacebench/data/toniot/toniot_score_stream.csv
toniot_calibrated_anchor,default,default,rtt_uncertainty,always_explain,13,5000,0.0,0.015588912511923946,0.8027730000000017,1.0,1.0,0.8499999999999677,0.0,1.7188888888888236,0.0,0.0,0.0,7.28,0.07933881601869341,0.0002,0.4234,7.28,44.9658,calibrated:/Users/let/Documents/DO_A_PAPER_May_18/Papers/Paper_xAI_in_Cyber_2/6_Analysis_Results/xai_surfacebench/data/toniot/toniot_score_stream.csv
toniot_calibrated_anchor,default,default,rtt_uncertainty,threshold_explain,13,5000,0.0,0.01837366667549419,0.948010399999999,0.8085784313725533,0.98375729902179,0.686170445831956,0.06618162901725654,1.3894361111110898,0.0,0.0,0.0,5.894703999999982,0.08073072739783815,0.0,0.2804,7.3032,45.051,calibrated:/Users/let/Documents/DO_A_PAPER_May_18/Papers/Paper_xAI_in_Cyber_2/6_Analysis_Results/xai_surfacebench/data/toniot/toniot_score_stream.csv
toniot_calibrated_anchor,default,default,rtt_uncertainty,rate_limited,13,5000,0.0,0.019488624069353276,1.0050314399999998,0.891897692475978,0.9876399215258792,0.7320702099737441,0.00782174934097784,1.427658333333304,0.0,0.0,0.0,6.279983999999984,0.07933922342817512,0.0,0.2964,7.3152,45.1832,calibrated:/Users/let/Documents/DO_A_PAPER_May_18/Papers/Paper_xAI_in_Cyber_2/6_Analysis_Results/xai_surfacebench/data/toniot/toniot_score_stream.csv
toniot_calibrated_anchor,default,default,rtt_uncertainty,fifo_explanation,13,5000,0.0,0.01893405581916716,0.9753479999999985,0.989930223012724,0.9877244216045872,0.851510466548064,0.13450528311624044,1.7083583333332788,0.0,0.0,0.0,7.2354,0.07938476987941945,0.0,0.4148,7.309,45.143,calibrated:/Users/let/Documents/DO_A_PAPER_May_18/Papers/Paper_xAI_in_Cyber_2/6_Analysis_Results/xai_surfacebench/data/toniot/toniot_score_stream.csv
toniot_calibrated_anchor,default,default,rtt_uncertainty,static_coarse_full,13,5000,0.0,0.017002338576392644,0.8772294800000014,0.8111714892560655,0.9838446677757257,0.6883554464458059,0.05299791564183406,1.3837861111110972,0.0,0.0,0.0,5.870871999999985,0.07613827455135924,0.0,0.2724,7.2506,44.9174,calibrated:/Users/let/Documents/DO_A_PAPER_May_18/Papers/Paper_xAI_in_Cyber_2/6_Analysis_Results/xai_surfacebench/data/toniot/toniot_score_stream.csv
toniot_calibrated_anchor,default,default,rtt_uncertainty,static_offload,13,5000,0.0,0.015248339648754728,0.7919177999999987,0.7270025981129614,0.8271000071094902,1.379847866866317,0.038335390550061965,1.6343611111111047,0.8037467523588131,0.0,0.0,0.9569679999999987,0.08205603964233865,0.0,0.382,7.313,45.0562,calibrated:/Users/let/Documents/DO_A_PAPER_May_18/Papers/Paper_xAI_in_Cyber_2/6_Analysis_Results/xai_surfacebench/data/toniot/toniot_score_stream.csv
toniot_calibrated_anchor,default,default,rtt_uncertainty,budget_only_bexgov,13,5000,0.0,0.015462431140382009,0.8000741200000026,0.5899761375791959,0.7936976000046043,0.5690803368166961,870.7795532403017,0.581682222222247,0.0,0.7798348830192819,0.0,3.723759999999964,0.08098251731146289,0.0,0.0,7.2918,44.9702,calibrated:/Users/let/Documents/DO_A_PAPER_May_18/Papers/Paper_xAI_in_Cyber_2/6_Analysis_Results/xai_surfacebench/data/toniot/toniot_score_stream.csv
toniot_calibrated_anchor,default,default,rtt_uncertainty,xai_gate,13,5000,0.0,0.017699594811227383,0.9142209400000006,0.7673286907321025,0.8617378871269602,0.6768889853802833,109.0022593599875,0.9326405555556306,0.005603764859497837,0.2162073937052855,0.2599766056418487,5.086907999999616,0.08670332269126191,0.0,0.0,7.3522,45.104,calibrated:/Users/let/Documents/DO_A_PAPER_May_18/Papers/Paper_xAI_in_Cyber_2/6_Analysis_Results/xai_surfacebench/data/toniot/toniot_score_stream.csv
toniot_calibrated_anchor,default,default,adversarial_explanation_flood,never_explain,14,5000,0.0,0.015676923076923067,0.8152,0.0,0.0,0.0,30967.1063064967,0.0,0.0,0.0,0.0,0.0,0.7981187917982435,0.0,0.0,12.1448,45.0278,calibrated:/Users/let/Documents/DO_A_PAPER_May_18/Papers/Paper_xAI_in_Cyber_2/6_Analysis_Results/xai_surfacebench/data/toniot/toniot_score_stream.csv
toniot_calibrated_anchor,default,default,adversarial_explanation_flood,always_explain,14,5000,0.0,0.02028410032543572,1.037843000000001,1.0,1.0,0.8499999999999469,0.0,2.86426388888871,0.0,0.0,0.0,12.131,0.8016211768829398,0.0398,0.6504,12.131,44.8892,calibrated:/Users/let/Documents/DO_A_PAPER_May_18/Papers/Paper_xAI_in_Cyber_2/6_Analysis_Results/xai_surfacebench/data/toniot/toniot_score_stream.csv
toniot_calibrated_anchor,default,default,adversarial_explanation_flood,threshold_explain,14,5000,0.0,0.0210168715326585,1.076588600000002,0.9317547095244324,0.9938604868981862,0.7913631273876837,0.20881624932612508,2.667483333333278,0.0,0.0,0.0,11.306927999999958,0.7961709213628065,0.0238,0.6298,12.1456,45.0796,calibrated:/Users/let/Documents/DO_A_PAPER_May_18/Papers/Paper_xAI_in_Cyber_2/6_Analysis_Results/xai_surfacebench/data/toniot/toniot_score_stream.csv
toniot_calibrated_anchor,default,default,adversarial_explanation_flood,rate_limited,14,5000,0.0,0.018478542358757878,0.9502895600000073,0.8077972148693693,0.8512399075082243,0.8611347680975885,4465.214727596114,2.2954027777777197,0.0,0.0,0.0,9.772911999999858,0.8067480881110114,0.0002,0.564,12.1646,44.8858,calibrated:/Users/let/Documents/DO_A_PAPER_May_18/Papers/Paper_xAI_in_Cyber_2/6_Analysis_Results/xai_surfacebench/data/toniot/toniot_score_stream.csv
toniot_calibrated_anchor,default,default,adversarial_explanation_flood,fifo_explanation,14,5000,0.0,0.01937425203288482,0.9950369999999918,0.8821479879126142,0.8740525959197141,0.8676778018130382,2430.605091617115,2.5227055555553592,0.0,0.0,0.0,10.6844,0.7937189181824333,0.0,0.602,12.1118,45.0156,calibrated:/Users/let/Documents/DO_A_PAPER_May_18/Papers/Paper_xAI_in_Cyber_2/6_Analysis_Results/xai_surfacebench/data/toniot/toniot_score_stream.csv
toniot_calibrated_anchor,default,default,adversarial_explanation_flood,static_coarse_full,14,5000,0.0,0.017382654487969797,0.8904684400000001,0.9299367905483626,0.994199709083546,0.7899113082039766,0.209166186214286,2.650049999999939,0.0,0.0,0.0,11.231663999999963,0.79280433828154,0.0254,0.6198,12.0868,44.9456,calibrated:/Users/let/Documents/DO_A_PAPER_May_18/Papers/Paper_xAI_in_Cyber_2/6_Analysis_Results/xai_surfacebench/data/toniot/toniot_score_stream.csv
toniot_calibrated_anchor,default,default,adversarial_explanation_flood,static_offload,14,5000,0.0,0.014512095024686422,0.7528313600000002,0.83869017090483,0.8353928340759731,1.2841498601989172,0.07807174049558767,3.1235722222222093,0.9297850867759707,0.0,0.0,1.812535999999981,0.785238546715457,0.0,0.6812,12.0886,45.1428,calibrated:/Users/let/Documents/DO_A_PAPER_May_18/Papers/Paper_xAI_in_Cyber_2/6_Analysis_Results/xai_surfacebench/data/toniot/toniot_score_stream.csv
toniot_calibrated_anchor,default,default,adversarial_explanation_flood,budget_only_bexgov,14,5000,0.0,0.017886422529647256,0.9218806800000015,0.6497022160664887,0.767103282190017,0.6265664160401025,6761.853280798721,0.9304938888888982,0.0,0.7276414721013059,0.186865189289012,6.718827999999939,0.8031565943745016,0.0,0.0,12.1296,44.8458,calibrated:/Users/let/Documents/DO_A_PAPER_May_18/Papers/Paper_xAI_in_Cyber_2/6_Analysis_Results/xai_surfacebench/data/toniot/toniot_score_stream.csv
toniot_calibrated_anchor,default,default,adversarial_explanation_flood,xai_gate,14,5000,0.0,0.016610215875511262,0.8560432600000007,0.6017249156307553,0.6516210722816485,0.7074725491811474,5088.511989970441,1.0,0.0027821219853485886,0.1932833978105194,0.38936537986629444,6.465195999997538,0.801837877601381,0.007,0.0,12.149,44.9504,calibrated:/Users/let/Documents/DO_A_PAPER_May_18/Papers/Paper_xAI_in_Cyber_2/6_Analysis_Results/xai_surfacebench/data/toniot/toniot_score_stream.csv
toniot_calibrated_anchor,default,default,transient_overload,never_explain,14,5000,0.24478221577041037,1.024346153846169,53.266,0.0,0.0,0.0,22338.908128618976,0.0,0.0,0.0,0.0,0.0,0.20542141954092452,0.0,0.0,10.1638,56.2116,calibrated:/Users/let/Documents/DO_A_PAPER_May_18/Papers/Paper_xAI_in_Cyber_2/6_Analysis_Results/xai_surfacebench/data/toniot/toniot_score_stream.csv
toniot_calibrated_anchor,default,default,transient_overload,always_explain,14,5000,0.2524651286027255,1.0517586014826503,53.23599100000003,1.0,1.0,0.8499999999999515,0.0,2.4093249999998623,0.0,0.0,0.0,10.2042,0.20970495348108975,0.2028,0.5262,10.2042,56.2352,calibrated:/Users/let/Documents/DO_A_PAPER_May_18/Papers/Paper_xAI_in_Cyber_2/6_Analysis_Results/xai_surfacebench/data/toniot/toniot_score_stream.csv
toniot_calibrated_anchor,default,default,transient_overload,threshold_explain,14,5000,0.24868216540043298,1.0480310621659006,53.25627095999998,0.8249703052619045,0.9855818520186881,0.700230629132507,583.7531354623642,1.9619222222221822,0.0,0.0,0.0,8.321623999999963,0.20230206786244542,0.1664,0.4868,10.1028,56.0192,calibrated:/Users/let/Documents/DO_A_PAPER_May_18/Papers/Paper_xAI_in_Cyber_2/6_Analysis_Results/xai_surfacebench/data/toniot/toniot_score_stream.csv
toniot_calibrated_anchor,default,default,transient_overload,rate_limited,14,5000,0.2473459605039739,1.035610011129325,53.28417540000003,0.6197050753104382,0.6851321595284429,0.8333201729277262,10890.840266565052,1.396538888888829,0.0,0.0,0.0,6.092431999999942,0.19992230599593674,0.0002,0.3562,10.1314,56.2892,calibrated:/Users/let/Documents/DO_A_PAPER_May_18/Papers/Paper_xAI_in_Cyber_2/6_Analysis_Results/xai_surfacebench/data/toniot/toniot_score_stream.csv
toniot_calibrated_anchor,default,default,transient_overload,fifo_explanation,14,5000,0.24766859523259194,1.0369148579271115,53.23826199999996,0.719301710178127,0.6649348082385803,0.8921047434732341,10335.926528627491,1.7200222222221577,0.0,0.0,0.0,7.2848,0.20195348892409992,0.0,0.4466,10.1276,56.173,calibrated:/Users/let/Documents/DO_A_PAPER_May_18/Papers/Paper_xAI_in_Cyber_2/6_Analysis_Results/xai_surfacebench/data/toniot/toniot_score_stream.csv
toniot_calibrated_anchor,default,default,transient_overload,static_coarse_full,14,5000,0.2501593106320263,1.047090138441954,53.189358000000006,0.8289429133858229,0.9856832573212276,0.7035738188976269,551.5996080336794,1.98235833333329,0.0,0.0,0.0,8.408663999999957,0.20542107280102884,0.1732,0.4906,10.16,56.1906,calibrated:/Users/let/Documents/DO_A_PAPER_May_18/Papers/Paper_xAI_in_Cyber_2/6_Analysis_Results/xai_surfacebench/data/toniot/toniot_score_stream.csv
toniot_calibrated_anchor,default,default,transient_overload,static_offload,14,5000,0.24448458549869234,1.0273005002143105,53.22296911999999,0.7442191390964151,0.8278273372388635,1.1372402071228562,611.7722610240899,2.3144888888888735,0.8224831020988972,0.0,0.0,1.356799999999961,0.20233537928527268,0.0,0.5158,10.1196,56.1108,calibrated:/Users/let/Documents/DO_A_PAPER_May_18/Papers/Paper_xAI_in_Cyber_2/6_Analysis_Results/xai_surfacebench/data/toniot/toniot_score_stream.csv
toniot_calibrated_anchor,default,default,transient_overload,budget_only_bexgov,14,5000,0.2493752097686939,1.042594629337724,53.45055882000003,0.5952222750505121,0.7854222571496247,0.5833135227227604,5201.943022994391,0.8048116666667111,0.0,0.7996354847656405,0.0,5.193039999999983,0.19697093649850728,0.0084,0.0,10.0956,56.2286,calibrated:/Users/let/Documents/DO_A_PAPER_May_18/Papers/Paper_xAI_in_Cyber_2/6_Analysis_Results/xai_surfacebench/data/toniot/toniot_score_stream.csv
toniot_calibrated_anchor,default,default,transient_overload,xai_gate,14,5000,0.24705250823874075,1.0403867173460069,53.454027219999944,0.6459321404519835,0.6909703315858782,0.7940824899984458,4866.575784694194,1.0,0.25208935715134473,0.15550362419297342,0.4984923951353591,3.856040499996436,0.19671185086961418,0.0116,0.0,10.0988,56.2586,calibrated:/Users/let/Documents/DO_A_PAPER_May_18/Papers/Paper_xAI_in_Cyber_2/6_Analysis_Results/xai_surfacebench/data/toniot/toniot_score_stream.csv
toniot_calibrated_anchor,default,default,non_markovian,never_explain,14,5000,0.13230446891688172,1.1820923076923224,61.4688,0.0,0.0,0.0,19494.824825234857,0.0,0.0,0.0,0.0,0.0,0.1312885018074479,0.0,0.0,9.2978,54.7918,calibrated:/Users/let/Documents/DO_A_PAPER_May_18/Papers/Paper_xAI_in_Cyber_2/6_Analysis_Results/xai_surfacebench/data/toniot/toniot_score_stream.csv
toniot_calibrated_anchor,default,default,non_markovian,always_explain,14,5000,0.1419320911498967,1.321884428106815,67.64022099999988,1.0,1.0,0.8499999999999621,0.0,2.1829416666665695,0.0,0.0,0.0,9.2454,0.11825537936790131,0.0962,0.539,9.2454,55.118,calibrated:/Users/let/Documents/DO_A_PAPER_May_18/Papers/Paper_xAI_in_Cyber_2/6_Analysis_Results/xai_surfacebench/data/toniot/toniot_score_stream.csv
toniot_calibrated_anchor,default,default,non_markovian,threshold_explain,14,5000,0.1363596233236703,1.2510636335893213,64.14810348000002,0.8125366396371341,0.983872767124622,0.6895023427972264,8.420258815555608,1.7869777777777416,0.0,0.0,0.0,7.581591999999958,0.1333510347444795,0.0826,0.429,9.3478,54.9862,calibrated:/Users/let/Documents/DO_A_PAPER_May_18/Papers/Paper_xAI_in_Cyber_2/6_Analysis_Results/xai_surfacebench/data/toniot/toniot_score_stream.csv
toniot_calibrated_anchor,default,default,non_markovian,rate_limited,14,5000,0.1350020199464285,1.3036354269678527,67.19176379999988,0.7318970822281375,0.8098301174120861,0.7830864721485341,2746.293376148711,1.512633333333301,0.0,0.0,0.0,6.6466319999999905,0.1356475239269186,0.0018,0.344,9.425,55.3282,calibrated:/Users/let/Documents/DO_A_PAPER_May_18/Papers/Paper_xAI_in_Cyber_2/6_Analysis_Results/xai_surfacebench/data/toniot/toniot_score_stream.csv
toniot_calibrated_anchor,default,default,non_markovian,fifo_explanation,14,5000,0.1369169129804955,1.3122276979898144,67.53397700000004,0.8289728473686475,0.7921086785768892,0.8756540728946653,1700.2787510286994,1.8194249999999326,0.0,0.0,0.0,7.7058,0.13348258488071796,0.0,0.4536,9.2956,54.6728,calibrated:/Users/let/Documents/DO_A_PAPER_May_18/Papers/Paper_xAI_in_Cyber_2/6_Analysis_Results/xai_surfacebench/data/toniot/toniot_score_stream.csv
toniot_calibrated_anchor,default,default,non_markovian,static_coarse_full,14,5000,0.1378639982702576,1.235173476639185,63.325176519999935,0.8111284451378062,0.9838609666746844,0.6883222828913093,8.548125443719847,1.761558333333307,0.0,0.0,0.0,7.4735759999999605,0.12755750843798808,0.0782,0.4234,9.2304,54.5746,calibrated:/Users/let/Documents/DO_A_PAPER_May_18/Papers/Paper_xAI_in_Cyber_2/6_Analysis_Results/xai_surfacebench/data/toniot/toniot_score_stream.csv
toniot_calibrated_anchor,default,default,non_markovian,static_offload,14,5000,0.1326845684672115,1.275906726938775,66.19814604,0.7299296227953621,0.8270965777165472,1.1155057288761687,10.262287078611891,2.0911888888888766,0.8068059906449814,0.0,0.0,1.2253279999999847,0.12601397672157444,0.0,0.5232,9.3212,55.187,calibrated:/Users/let/Documents/DO_A_PAPER_May_18/Papers/Paper_xAI_in_Cyber_2/6_Analysis_Results/xai_surfacebench/data/toniot/toniot_score_stream.csv
toniot_calibrated_anchor,default,default,non_markovian,budget_only_bexgov,14,5000,0.1380334613858069,1.1469412110521662,59.09830696000009,0.5861417696405008,0.7884225665964021,0.5699391861292545,3540.773317993395,0.731261666666704,0.0,0.7810700653425633,0.0,4.700939999999963,0.12567227548638993,0.0156,0.0,9.2742,54.9254,calibrated:/Users/let/Documents/DO_A_PAPER_May_18/Papers/Paper_xAI_in_Cyber_2/6_Analysis_Results/xai_surfacebench/data/toniot/toniot_score_stream.csv
toniot_calibrated_anchor,default,default,non_markovian,xai_gate,14,5000,0.13726757013130575,1.236392294951871,63.90667887999994,0.6873854146541153,0.7541129599873283,0.7641765956076391,1289.4050626341182,0.9790761111112635,0.2268521500182478,0.21470127305124406,0.46147570898005624,4.066451999999647,0.13297311496462938,0.004,0.0,9.3162,54.8186,calibrated:/Users/let/Documents/DO_A_PAPER_May_18/Papers/Paper_xAI_in_Cyber_2/6_Analysis_Results/xai_surfacebench/data/toniot/toniot_score_stream.csv
toniot_calibrated_anchor,default,default,rtt_uncertainty,never_explain,14,5000,0.0,0.012750000000000008,0.663,0.0,0.0,0.0,13436.404343359276,0.0,0.0,0.0,0.0,0.0,0.08102331173602395,0.0,0.0,7.2828,44.913,calibrated:/Users/let/Documents/DO_A_PAPER_May_18/Papers/Paper_xAI_in_Cyber_2/6_Analysis_Results/xai_surfacebench/data/toniot/toniot_score_stream.csv
toniot_calibrated_anchor,default,default,rtt_uncertainty,always_explain,14,5000,0.0,0.016244024525997627,0.8364370000000008,1.0,1.0,0.8499999999999693,0.0,1.7154888888888271,0.0,0.0,0.0,7.2656,0.07605041394529244,0.0008,0.4188,7.2656,45.014,calibrated:/Users/let/Documents/DO_A_PAPER_May_18/Papers/Paper_xAI_in_Cyber_2/6_Analysis_Results/xai_surfacebench/data/toniot/toniot_score_stream.csv
toniot_calibrated_anchor,default,default,rtt_uncertainty,threshold_explain,14,5000,0.0,0.016500458331451303,0.8512847600000006,0.8058791314110499,0.9836971735866158,0.6839015307100378,0.06460390861307519,1.3850055555555443,0.0,0.0,0.0,5.875711999999982,0.07999485421000996,0.0,0.2782,7.3038,45.0854,calibrated:/Users/let/Documents/DO_A_PAPER_May_18/Papers/Paper_xAI_in_Cyber_2/6_Analysis_Results/xai_surfacebench/data/toniot/toniot_score_stream.csv
toniot_calibrated_anchor,default,default,rtt_uncertainty,rate_limited,14,5000,0.0,0.01776828630705443,0.9163838800000016,0.8909810647640315,0.9874424282764723,0.7310702524698066,0.005977823057606759,1.4198194444444139,0.0,0.0,0.0,6.247887999999958,0.08245554624794238,0.0,0.2962,7.288,44.8856,calibrated:/Users/let/Documents/DO_A_PAPER_May_18/Papers/Paper_xAI_in_Cyber_2/6_Analysis_Results/xai_surfacebench/data/toniot/toniot_score_stream.csv
toniot_calibrated_anchor,default,default,rtt_uncertainty,fifo_explanation,14,5000,0.0,0.015555162909240238,0.8012809999999992,0.9918789017181371,0.9900542263131741,0.851218164742249,0.10666443746692254,1.6956555555554957,0.0,0.0,0.0,7.1816,0.07811911366827706,0.0,0.4092,7.2404,44.7718,calibrated:/Users/let/Documents/DO_A_PAPER_May_18/Papers/Paper_xAI_in_Cyber_2/6_Analysis_Results/xai_surfacebench/data/toniot/toniot_score_stream.csv
toniot_calibrated_anchor,default,default,rtt_uncertainty,static_coarse_full,14,5000,0.0,0.016654982271261592,0.8595430400000001,0.8058826748385731,0.9827438513024643,0.6837241435919804,0.07226599817056355,1.3853305555555326,0.0,0.0,0.0,5.878711999999975,0.08129857603971824,0.0002,0.282,7.3096,45.0668,calibrated:/Users/let/Documents/DO_A_PAPER_May_18/Papers/Paper_xAI_in_Cyber_2/6_Analysis_Results/xai_surfacebench/data/toniot/toniot_score_stream.csv
toniot_calibrated_anchor,default,default,rtt_uncertainty,static_offload,14,5000,0.0,0.01468476731628509,0.76265272,0.7301181534075452,0.8272408561899013,1.3850982375770997,0.03177146199088395,1.6373833333333239,0.8071440320192993,0.0,0.0,0.9589200000000055,0.08207521843663068,0.0,0.388,7.2956,44.9482,calibrated:/Users/let/Documents/DO_A_PAPER_May_18/Papers/Paper_xAI_in_Cyber_2/6_Analysis_Results/xai_surfacebench/data/toniot/toniot_score_stream.csv
toniot_calibrated_anchor,default,default,rtt_uncertainty,budget_only_bexgov,14,5000,0.0,0.015691968009564402,0.8119300800000031,0.5904840481027893,0.7931245905740062,0.5695307781011442,897.175602260041,0.5806455555555794,0.0,0.781340947778815,0.0,3.721519999999966,0.0792758995694387,0.0,0.0,7.2844,44.9956,calibrated:/Users/let/Documents/DO_A_PAPER_May_18/Papers/Paper_xAI_in_Cyber_2/6_Analysis_Results/xai_surfacebench/data/toniot/toniot_score_stream.csv
toniot_calibrated_anchor,default,default,rtt_uncertainty,xai_gate,14,5000,0.0,0.017334766749101452,0.8952887600000007,0.7698112014950759,0.8640783687975663,0.6786791634223479,99.48193973548672,0.9318305555556357,0.005029130482576674,0.2193855117071562,0.25368253270308894,5.062135999999631,0.07777496397593331,0.0,0.0,7.2776,45.0162,calibrated:/Users/let/Documents/DO_A_PAPER_May_18/Papers/Paper_xAI_in_Cyber_2/6_Analysis_Results/xai_surfacebench/data/toniot/toniot_score_stream.csv
toniot_calibrated_anchor,default,default,adversarial_explanation_flood,never_explain,15,5000,0.0,0.01308846153846153,0.6806,0.0,0.0,0.0,30249.610620397933,0.0,0.0,0.0,0.0,0.0,0.787926908367063,0.0,0.0,11.991,44.711,calibrated:/Users/let/Documents/DO_A_PAPER_May_18/Papers/Paper_xAI_in_Cyber_2/6_Analysis_Results/xai_surfacebench/data/toniot/toniot_score_stream.csv
toniot_calibrated_anchor,default,default,adversarial_explanation_flood,always_explain,15,5000,0.0,0.01874890492065721,0.9598759999999995,1.0,1.0,0.8499999999999499,0.0,2.857180555555387,0.0,0.0,0.0,12.101,0.7961734277359624,0.0354,0.6488,12.101,44.914,calibrated:/Users/let/Documents/DO_A_PAPER_May_18/Papers/Paper_xAI_in_Cyber_2/6_Analysis_Results/xai_surfacebench/data/toniot/toniot_score_stream.csv
toniot_calibrated_anchor,default,default,adversarial_explanation_flood,threshold_explain,15,5000,0.0,0.019701915190307798,1.0091722399999998,0.9325834375617115,0.9940886905333038,0.7921071687183032,0.20961649015269523,2.671727777777709,0.0,0.0,0.0,11.324319999999961,0.8009190721550199,0.0214,0.6236,12.1528,44.9874,calibrated:/Users/let/Documents/DO_A_PAPER_May_18/Papers/Paper_xAI_in_Cyber_2/6_Analysis_Results/xai_surfacebench/data/toniot/toniot_score_stream.csv
toniot_calibrated_anchor,default,default,adversarial_explanation_flood,rate_limited,15,5000,0.0,0.018474301998604167,0.9499984800000039,0.8038186040426456,0.8465433140722352,0.8622162621835505,4792.035188466734,2.2968611111110566,0.0,0.0,0.0,9.777951999999853,0.8112290990950983,0.0006,0.5648,12.2296,45.014,calibrated:/Users/let/Documents/DO_A_PAPER_May_18/Papers/Paper_xAI_in_Cyber_2/6_Analysis_Results/xai_surfacebench/data/toniot/toniot_score_stream.csv
toniot_calibrated_anchor,default,default,adversarial_explanation_flood,fifo_explanation,15,5000,0.0,0.020323102439745847,1.043840999999992,0.8792141286150412,0.8707414086503948,0.8681178807076707,2731.7103015203866,2.529552777777571,0.0,0.0,0.0,10.7134,0.8024990495801134,0.0,0.605,12.1852,45.0678,calibrated:/Users/let/Documents/DO_A_PAPER_May_18/Papers/Paper_xAI_in_Cyber_2/6_Analysis_Results/xai_surfacebench/data/toniot/toniot_score_stream.csv
toniot_calibrated_anchor,default,default,adversarial_explanation_flood,static_coarse_full,15,5000,0.0,0.018991092037831503,0.9726935999999996,0.9290501002662767,0.993609780698233,0.7890413886057905,0.2271204242974699,2.664380555555491,0.0,0.0,0.0,11.294143999999957,0.8006227210304506,0.026,0.6258,12.1676,45.0496,calibrated:/Users/let/Documents/DO_A_PAPER_May_18/Papers/Paper_xAI_in_Cyber_2/6_Analysis_Results/xai_surfacebench/data/toniot/toniot_score_stream.csv
toniot_calibrated_anchor,default,default,adversarial_explanation_flood,static_offload,15,5000,0.0,0.014907842070035584,0.7733715200000002,0.8381425752343484,0.8353926806445012,1.2833358000329371,0.08559365884221895,3.140561111111097,0.9292057227429699,0.0,0.0,1.8222159999999876,0.8019219315322983,0.0,0.6788,12.162,44.9964,calibrated:/Users/let/Documents/DO_A_PAPER_May_18/Papers/Paper_xAI_in_Cyber_2/6_Analysis_Results/xai_surfacebench/data/toniot/toniot_score_stream.csv
toniot_calibrated_anchor,default,default,adversarial_explanation_flood,budget_only_bexgov,15,5000,0.0,0.01974101696463237,1.0174635400000032,0.6485726224028393,0.7665699444512469,0.6255939896441006,6884.020598566632,0.9316805555555594,0.0,0.7253719604116143,0.18960149439601495,6.746659999999932,0.8018863885653384,0.0,0.0,12.2056,45.1586,calibrated:/Users/let/Documents/DO_A_PAPER_May_18/Papers/Paper_xAI_in_Cyber_2/6_Analysis_Results/xai_surfacebench/data/toniot/toniot_score_stream.csv
toniot_calibrated_anchor,default,default,adversarial_explanation_flood,xai_gate,15,5000,0.0,0.01549000143499776,0.7983731200000005,0.6053907617127818,0.6560631012384357,0.7052482088026039,4996.471272020613,1.0,0.0021626440386964705,0.19930993495559152,0.39024168785250674,6.487417999997526,0.7985982133975824,0.0068,0.0,12.1148,44.9046,calibrated:/Users/let/Documents/DO_A_PAPER_May_18/Papers/Paper_xAI_in_Cyber_2/6_Analysis_Results/xai_surfacebench/data/toniot/toniot_score_stream.csv
toniot_calibrated_anchor,default,default,transient_overload,never_explain,15,5000,0.24383582158737177,1.024188461538477,53.2578,0.0,0.0,0.0,22129.693611122988,0.0,0.0,0.0,0.0,0.0,0.19818910730692219,0.0,0.0,10.081,56.0902,calibrated:/Users/let/Documents/DO_A_PAPER_May_18/Papers/Paper_xAI_in_Cyber_2/6_Analysis_Results/xai_surfacebench/data/toniot/toniot_score_stream.csv
toniot_calibrated_anchor,default,default,transient_overload,always_explain,15,5000,0.2509436648870872,1.055051429906867,53.41839299999996,1.0,1.0,0.8499999999999573,0.0,2.3974722222221017,0.0,0.0,0.0,10.154,0.2078777324159442,0.2006,0.5252,10.154,56.0432,calibrated:/Users/let/Documents/DO_A_PAPER_May_18/Papers/Paper_xAI_in_Cyber_2/6_Analysis_Results/xai_surfacebench/data/toniot/toniot_score_stream.csv
toniot_calibrated_anchor,default,default,transient_overload,threshold_explain,15,5000,0.25065678775266803,1.0470074092700452,53.18812472000008,0.8231097214326274,0.9849943102444768,0.6985601144850995,604.6184724460609,1.9762055555555085,0.0,0.0,0.0,8.383351999999949,0.2138583209296634,0.1732,0.49,10.2022,56.0318,calibrated:/Users/let/Documents/DO_A_PAPER_May_18/Papers/Paper_xAI_in_Cyber_2/6_Analysis_Results/xai_surfacebench/data/toniot/toniot_score_stream.csv
toniot_calibrated_anchor,default,default,transient_overload,rate_limited,15,5000,0.2466432362588262,1.0353353303369903,53.269993039999946,0.6191981753475458,0.6843178257681387,0.8337963782221399,10974.45066423989,1.401358333333274,0.0,0.0,0.0,6.112583999999959,0.20358669260369355,0.0004,0.3572,10.1718,56.3416,calibrated:/Users/let/Documents/DO_A_PAPER_May_18/Papers/Paper_xAI_in_Cyber_2/6_Analysis_Results/xai_surfacebench/data/toniot/toniot_score_stream.csv
toniot_calibrated_anchor,default,default,transient_overload,fifo_explanation,15,5000,0.24826711692637954,1.0370969461720447,53.24807499999994,0.7134575325236804,0.657389770212885,0.8929813701214024,10588.287563322463,1.7144027777777182,0.0,0.0,0.0,7.261,0.20716097970628455,0.0,0.4452,10.1772,56.2046,calibrated:/Users/let/Documents/DO_A_PAPER_May_18/Papers/Paper_xAI_in_Cyber_2/6_Analysis_Results/xai_surfacebench/data/toniot/toniot_score_stream.csv
toniot_calibrated_anchor,default,default,transient_overload,static_coarse_full,15,5000,0.2503191374912386,1.048999746442326,53.29791804000002,0.8283226406874944,0.9853800975485938,0.7029959209536153,534.8129391178375,1.968947222222182,0.0,0.0,0.0,8.352415999999959,0.19777862370013533,0.1672,0.4882,10.1004,56.2174,calibrated:/Users/let/Documents/DO_A_PAPER_May_18/Papers/Paper_xAI_in_Cyber_2/6_Analysis_Results/xai_surfacebench/data/toniot/toniot_score_stream.csv
toniot_calibrated_anchor,default,default,transient_overload,static_offload,15,5000,0.2458551553697471,1.0314731758530644,53.44023979999999,0.744730706919042,0.8284443526717418,1.138530050974082,605.682340963526,2.3181111111110964,0.8236258742640377,0.0,0.0,1.3558239999999686,0.2016020093964921,0.0,0.5192,10.1228,56.1628,calibrated:/Users/let/Documents/DO_A_PAPER_May_18/Papers/Paper_xAI_in_Cyber_2/6_Analysis_Results/xai_surfacebench/data/toniot/toniot_score_stream.csv
toniot_calibrated_anchor,default,default,transient_overload,budget_only_bexgov,15,5000,0.24741816449541695,1.0404858046158854,53.34965506000003,0.5963124627310603,0.7862338616602534,0.5829815146094132,5095.893870416214,0.8035088888889339,0.0,0.8006161796859471,0.0,5.184723999999996,0.19907334582219294,0.0078,0.0,10.062,55.9432,calibrated:/Users/let/Documents/DO_A_PAPER_May_18/Papers/Paper_xAI_in_Cyber_2/6_Analysis_Results/xai_surfacebench/data/toniot/toniot_score_stream.csv
toniot_calibrated_anchor,default,default,transient_overload,xai_gate,15,5000,0.24916220619127408,1.0385027609391315,53.349596499999976,0.6411247762541237,0.686185283345983,0.794399943940987,5002.757296621913,1.0,0.2527783788036743,0.1536418891008871,0.4956357324095048,3.8325934999966322,0.20265232160937208,0.0104,0.0,10.1678,56.3632,calibrated:/Users/let/Documents/DO_A_PAPER_May_18/Papers/Paper_xAI_in_Cyber_2/6_Analysis_Results/xai_surfacebench/data/toniot/toniot_score_stream.csv
toniot_calibrated_anchor,default,default,non_markovian,never_explain,15,5000,0.1360714428795676,1.1990500000000117,62.3506,0.0,0.0,0.0,20039.193267635383,0.0,0.0,0.0,0.0,0.0,0.13115464600883753,0.0,0.0,9.3174,54.9138,calibrated:/Users/let/Documents/DO_A_PAPER_May_18/Papers/Paper_xAI_in_Cyber_2/6_Analysis_Results/xai_surfacebench/data/toniot/toniot_score_stream.csv
toniot_calibrated_anchor,default,default,non_markovian,always_explain,15,5000,0.13984576486844166,1.2645021461633845,64.66647299999998,1.0,1.0,0.8499999999999559,0.0,2.1970138888887747,0.0,0.0,0.0,9.305,0.13080242615149507,0.0952,0.5378,9.305,54.8578,calibrated:/Users/let/Documents/DO_A_PAPER_May_18/Papers/Paper_xAI_in_Cyber_2/6_Analysis_Results/xai_surfacebench/data/toniot/toniot_score_stream.csv
toniot_calibrated_anchor,default,default,non_markovian,threshold_explain,15,5000,0.13885215681631471,1.3972888140838056,71.68695584000017,0.8071717129210759,0.9839692842929391,0.6850337702779412,10.016727383697864,1.8055805555555284,0.0,0.0,0.0,7.659535999999959,0.13678792292890019,0.0808,0.4424,9.5054,55.7442,calibrated:/Users/let/Documents/DO_A_PAPER_May_18/Papers/Paper_xAI_in_Cyber_2/6_Analysis_Results/xai_surfacebench/data/toniot/toniot_score_stream.csv
toniot_calibrated_anchor,default,default,non_markovian,rate_limited,15,5000,0.13734389137958705,1.2240279443577906,63.08262543999995,0.7241681055616143,0.8023960248389783,0.7860267314702216,2842.341685078114,1.4905638888888537,0.0,0.0,0.0,6.548095999999977,0.14177022942009687,0.0012,0.3254,9.3822,54.7816,calibrated:/Users/let/Documents/DO_A_PAPER_May_18/Papers/Paper_xAI_in_Cyber_2/6_Analysis_Results/xai_surfacebench/data/toniot/toniot_score_stream.csv
toniot_calibrated_anchor,default,default,non_markovian,fifo_explanation,15,5000,0.13901159282255673,1.2873726630129907,66.25663600000004,0.8251424884396171,0.7869603854686342,0.8762286267340194,1884.8006391932656,1.8116805555554962,0.0,0.0,0.0,7.673,0.12680732673171646,0.0,0.4476,9.299,55.0168,calibrated:/Users/let/Documents/DO_A_PAPER_May_18/Papers/Paper_xAI_in_Cyber_2/6_Analysis_Results/xai_surfacebench/data/toniot/toniot_score_stream.csv
toniot_calibrated_anchor,default,default,non_markovian,static_coarse_full,15,5000,0.13900376702214937,1.2690339864417717,65.06671963999999,0.8104465174667765,0.9842864819488985,0.6878327778018192,8.686732274538343,1.7624722222221907,0.0,0.0,0.0,7.476439999999958,0.12300914532251639,0.081,0.4268,9.2404,54.855,calibrated:/Users/let/Documents/DO_A_PAPER_May_18/Papers/Paper_xAI_in_Cyber_2/6_Analysis_Results/xai_surfacebench/data/toniot/toniot_score_stream.csv
toniot_calibrated_anchor,default,default,non_markovian,static_offload,15,5000,0.137701363965281,1.2921068837484253,67.03848235999993,0.732897916037463,0.8273246050432976,1.1200843508651417,10.475620524188084,2.0884388888888745,0.810135047676576,0.0,0.0,1.2234799999999815,0.12370472994020965,0.0,0.5224,9.2708,55.0014,calibrated:/Users/let/Documents/DO_A_PAPER_May_18/Papers/Paper_xAI_in_Cyber_2/6_Analysis_Results/xai_surfacebench/data/toniot/toniot_score_stream.csv
toniot_calibrated_anchor,default,default,non_markovian,budget_only_bexgov,15,5000,0.1368549282310565,1.2318102543676375,63.49314935999999,0.5865997259570028,0.7881764896789821,0.5705350261197162,3714.388670837719,0.7372916666667041,0.0,0.7809154748651195,0.0,4.7386519999999654,0.13182537980534725,0.0114,0.0,9.3416,55.0238,calibrated:/Users/let/Documents/DO_A_PAPER_May_18/Papers/Paper_xAI_in_Cyber_2/6_Analysis_Results/xai_surfacebench/data/toniot/toniot_score_stream.csv
toniot_calibrated_anchor,default,default,non_markovian,xai_gate,15,5000,0.1378253486043082,1.291043310538986,66.73205005999988,0.6891031890905953,0.756570729244673,0.7610546547836206,1245.9083520418487,0.9780694444445974,0.21984322989369698,0.21653602491141416,0.45894985504134006,4.127015999999629,0.1305134227984246,0.0038,0.0,9.313,54.919,calibrated:/Users/let/Documents/DO_A_PAPER_May_18/Papers/Paper_xAI_in_Cyber_2/6_Analysis_Results/xai_surfacebench/data/toniot/toniot_score_stream.csv
toniot_calibrated_anchor,default,default,rtt_uncertainty,never_explain,15,5000,0.0,0.014526923076923071,0.7554,0.0,0.0,0.0,13651.073865350205,0.0,0.0,0.0,0.0,0.0,0.08256389075173698,0.0,0.0,7.3126,45.0326,calibrated:/Users/let/Documents/DO_A_PAPER_May_18/Papers/Paper_xAI_in_Cyber_2/6_Analysis_Results/xai_surfacebench/data/toniot/toniot_score_stream.csv
toniot_calibrated_anchor,default,default,rtt_uncertainty,always_explain,15,5000,0.0,0.019501709562601062,1.004314999999999,1.0,1.0,0.8499999999999717,0.0,1.7248388888888313,0.0,0.0,0.0,7.3052,0.08020666057449666,0.0002,0.4188,7.3052,45.0852,calibrated:/Users/let/Documents/DO_A_PAPER_May_18/Papers/Paper_xAI_in_Cyber_2/6_Analysis_Results/xai_surfacebench/data/toniot/toniot_score_stream.csv
toniot_calibrated_anchor,default,default,rtt_uncertainty,threshold_explain,15,5000,0.0,0.0189134066537666,0.9759103999999996,0.8066893517000155,0.9829088377828094,0.6844293210888761,0.06533078267671821,1.388324999999983,0.0,0.0,0.0,5.8912319999999765,0.0806548080544045,0.0,0.2802,7.3176,45.143,calibrated:/Users/let/Documents/DO_A_PAPER_May_18/Papers/Paper_xAI_in_Cyber_2/6_Analysis_Results/xai_surfacebench/data/toniot/toniot_score_stream.csv
toniot_calibrated_anchor,default,default,rtt_uncertainty,rate_limited,15,5000,0.0,0.017899492671997475,0.9229452800000004,0.8913372948809167,0.9875319858007554,0.7314588671427744,0.006859256197778866,1.4303944444444119,0.0,0.0,0.0,6.293487999999953,0.08515506335198064,0.0,0.2998,7.3372,45.0762,calibrated:/Users/let/Documents/DO_A_PAPER_May_18/Papers/Paper_xAI_in_Cyber_2/6_Analysis_Results/xai_surfacebench/data/toniot/toniot_score_stream.csv
toniot_calibrated_anchor,default,default,rtt_uncertainty,fifo_explanation,15,5000,0.0,0.017704743130891112,0.9121479999999983,0.9902289909659107,0.9880579859895879,0.8514656513550841,0.12320551550721325,1.7132694444443854,0.0,0.0,0.0,7.2562,0.08538292341531428,0.0,0.42,7.3278,45.009,calibrated:/Users/let/Documents/DO_A_PAPER_May_18/Papers/Paper_xAI_in_Cyber_2/6_Analysis_Results/xai_surfacebench/data/toniot/toniot_score_stream.csv
toniot_calibrated_anchor,default,default,rtt_uncertainty,static_coarse_full,15,5000,0.0,0.016179402512410058,0.8348670800000013,0.8070926615188087,0.9839138826022903,0.6849577801233194,0.05485089859906244,1.3675666666666484,0.0,0.0,0.0,5.801495999999983,0.07200974283616968,0.0,0.2742,7.2004,44.7782,calibrated:/Users/let/Documents/DO_A_PAPER_May_18/Papers/Paper_xAI_in_Cyber_2/6_Analysis_Results/xai_surfacebench/data/toniot/toniot_score_stream.csv
toniot_calibrated_anchor,default,default,rtt_uncertainty,static_offload,15,5000,0.0,0.013818686635516868,0.7176883199999999,0.7266194416004985,0.8271250495882893,1.3790081118321103,0.03419107797676724,1.6145444444444368,0.8033703201527436,0.0,0.0,0.9451840000000035,0.07347124879884581,0.0,0.384,7.2278,44.8874,calibrated:/Users/let/Documents/DO_A_PAPER_May_18/Papers/Paper_xAI_in_Cyber_2/6_Analysis_Results/xai_surfacebench/data/toniot/toniot_score_stream.csv
toniot_calibrated_anchor,default,default,rtt_uncertainty,budget_only_bexgov,15,5000,0.0,0.01567712978369573,0.8112410200000023,0.5875842293906764,0.7936151197908357,0.5666060104769765,785.8112345577905,0.5770311111111348,0.0,0.7751309622277365,0.0,3.690263999999981,0.076446391367059,0.0,0.0,7.254,44.9256,calibrated:/Users/let/Documents/DO_A_PAPER_May_18/Papers/Paper_xAI_in_Cyber_2/6_Analysis_Results/xai_surfacebench/data/toniot/toniot_score_stream.csv
toniot_calibrated_anchor,default,default,rtt_uncertainty,xai_gate,15,5000,0.0,0.018363338699237532,0.94851188,0.7663449880927361,0.8608385216032418,0.675588842552198,108.81185116461664,0.9329722222222993,0.005195929854946958,0.21598289673089413,0.26215089846287076,5.104623999999578,0.0904251395048945,0.0002,0.0,7.3904,45.1836,calibrated:/Users/let/Documents/DO_A_PAPER_May_18/Papers/Paper_xAI_in_Cyber_2/6_Analysis_Results/xai_surfacebench/data/toniot/toniot_score_stream.csv
toniot_calibrated_anchor,default,default,adversarial_explanation_flood,never_explain,16,5000,0.0,0.01481153846153846,0.7702,0.0,0.0,0.0,30892.584592325467,0.0,0.0,0.0,0.0,0.0,0.8050108593788126,0.0,0.0,12.192,45.0302,calibrated:/Users/let/Documents/DO_A_PAPER_May_18/Papers/Paper_xAI_in_Cyber_2/6_Analysis_Results/xai_surfacebench/data/toniot/toniot_score_stream.csv
toniot_calibrated_anchor,default,default,adversarial_explanation_flood,always_explain,16,5000,0.0,0.02105427595108474,1.077225000000001,1.0,1.0,0.8499999999999469,0.0,2.8944861111109303,0.0,0.0,0.0,12.259,0.8172950632547362,0.0442,0.654,12.259,44.9716,calibrated:/Users/let/Documents/DO_A_PAPER_May_18/Papers/Paper_xAI_in_Cyber_2/6_Analysis_Results/xai_surfacebench/data/toniot/toniot_score_stream.csv
toniot_calibrated_anchor,default,default,adversarial_explanation_flood,threshold_explain,16,5000,0.0,0.02209293403597887,1.1319832800000005,0.9314429365598399,0.9942582205159943,0.7911870503597007,0.21830105830841712,2.6862027777777264,0.0,0.0,0.0,11.384943999999962,0.8000279598849249,0.0242,0.6274,12.232,45.303,calibrated:/Users/let/Documents/DO_A_PAPER_May_18/Papers/Paper_xAI_in_Cyber_2/6_Analysis_Results/xai_surfacebench/data/toniot/toniot_score_stream.csv
toniot_calibrated_anchor,default,default,adversarial_explanation_flood,rate_limited,16,5000,0.0,0.017199622786534145,0.8844922400000058,0.8068391654345287,0.8506909456225011,0.8608772794479987,4562.391782210444,2.293861111111054,0.0,0.0,0.0,9.767583999999848,0.8038120977205618,0.0004,0.5638,12.174,44.9936,calibrated:/Users/let/Documents/DO_A_PAPER_May_18/Papers/Paper_xAI_in_Cyber_2/6_Analysis_Results/xai_surfacebench/data/toniot/toniot_score_stream.csv
toniot_calibrated_anchor,default,default,adversarial_explanation_flood,fifo_explanation,16,5000,0.0,0.019013789724638373,0.9765359999999904,0.8784358128620424,0.869849751788874,0.868234628070626,2883.8647945815774,2.527852777777588,0.0,0.0,0.0,10.7062,0.8024757087714631,0.0,0.605,12.1878,45.078,calibrated:/Users/let/Documents/DO_A_PAPER_May_18/Papers/Paper_xAI_in_Cyber_2/6_Analysis_Results/xai_surfacebench/data/toniot/toniot_score_stream.csv
toniot_calibrated_anchor,default,default,adversarial_explanation_flood,static_coarse_full,16,5000,0.0,0.019709439131829536,1.00958608,0.9295359724047267,0.9939628811884795,0.7895244743758063,0.24099052910248023,2.6681222222221574,0.0,0.0,0.0,11.308951999999955,0.8024739606463818,0.0232,0.6226,12.176,45.0344,calibrated:/Users/let/Documents/DO_A_PAPER_May_18/Papers/Paper_xAI_in_Cyber_2/6_Analysis_Results/xai_surfacebench/data/toniot/toniot_score_stream.csv
toniot_calibrated_anchor,default,default,adversarial_explanation_flood,static_offload,16,5000,0.0,0.01457382887418787,0.7560437600000001,0.8390241690846891,0.8352499238021259,1.284508869691431,0.08340643152790607,3.1353611111110964,0.9299821946715906,0.0,0.0,1.820487999999987,0.7976782163105771,0.0,0.6806,12.1312,44.9884,calibrated:/Users/let/Documents/DO_A_PAPER_May_18/Papers/Paper_xAI_in_Cyber_2/6_Analysis_Results/xai_surfacebench/data/toniot/toniot_score_stream.csv
toniot_calibrated_anchor,default,default,adversarial_explanation_flood,budget_only_bexgov,16,5000,0.0,0.017693419994208898,0.9117880200000027,0.6485601320110518,0.7657512119303512,0.6251049716535716,6877.636571784481,0.9332505555555692,0.0,0.7176793504010979,0.1949286846275753,6.766239999999953,0.8108044140705923,0.0,0.0,12.2414,45.068,calibrated:/Users/let/Documents/DO_A_PAPER_May_18/Papers/Paper_xAI_in_Cyber_2/6_Analysis_Results/xai_surfacebench/data/toniot/toniot_score_stream.csv
toniot_calibrated_anchor,default,default,adversarial_explanation_flood,xai_gate,16,5000,0.0,0.016578874263664323,0.8547003000000004,0.6049213449759595,0.65605266883174,0.7044598141333113,4863.657704635191,1.0,0.0025750647892903715,0.19615060827652234,0.39164094352974005,6.480475999997285,0.7985256964050835,0.0062,0.0,12.1162,44.9116,calibrated:/Users/let/Documents/DO_A_PAPER_May_18/Papers/Paper_xAI_in_Cyber_2/6_Analysis_Results/xai_surfacebench/data/toniot/toniot_score_stream.csv
toniot_calibrated_anchor,default,default,transient_overload,never_explain,16,5000,0.2446777049729387,1.0246076923077079,53.2796,0.0,0.0,0.0,22272.847746980624,0.0,0.0,0.0,0.0,0.0,0.2055436193625204,0.0,0.0,10.1504,56.1318,calibrated:/Users/let/Documents/DO_A_PAPER_May_18/Papers/Paper_xAI_in_Cyber_2/6_Analysis_Results/xai_surfacebench/data/toniot/toniot_score_stream.csv
toniot_calibrated_anchor,default,default,transient_overload,always_explain,16,5000,0.2511065665640734,1.052902869193147,53.31589800000003,1.0,1.0,0.8499999999999547,0.0,2.3985583333332055,0.0,0.0,0.0,10.1586,0.204860431603479,0.1984,0.5266,10.1586,56.209,calibrated:/Users/let/Documents/DO_A_PAPER_May_18/Papers/Paper_xAI_in_Cyber_2/6_Analysis_Results/xai_surfacebench/data/toniot/toniot_score_stream.csv
toniot_calibrated_anchor,default,default,transient_overload,threshold_explain,16,5000,0.24985120413966322,1.0485015662047283,53.272269520000016,0.8270848577135255,0.9857755490649932,0.7020369015365696,543.643764800151,1.9690833333333067,0.0,0.0,0.0,8.351855999999964,0.19973854255267454,0.1672,0.4882,10.1134,56.1978,calibrated:/Users/let/Documents/DO_A_PAPER_May_18/Papers/Paper_xAI_in_Cyber_2/6_Analysis_Results/xai_surfacebench/data/toniot/toniot_score_stream.csv
toniot_calibrated_anchor,default,default,transient_overload,rate_limited,16,5000,0.24916258612607237,1.036429382176862,53.32709500000001,0.6154348774490536,0.6790380420295019,0.8336935829301158,10997.476995084588,1.379747222222162,0.0,0.0,0.0,6.021151999999964,0.19399733867492341,0.0002,0.3426,10.0856,56.3128,calibrated:/Users/let/Documents/DO_A_PAPER_May_18/Papers/Paper_xAI_in_Cyber_2/6_Analysis_Results/xai_surfacebench/data/toniot/toniot_score_stream.csv
toniot_calibrated_anchor,default,default,transient_overload,fifo_explanation,16,5000,0.2464666514780499,1.0399066860850663,53.39216999999992,0.7192791580946353,0.6646617089122664,0.8921081262857583,10261.587167061385,1.7170472222221633,0.0,0.0,0.0,7.2722,0.199711416149299,0.0,0.445,10.1104,56.1824,calibrated:/Users/let/Documents/DO_A_PAPER_May_18/Papers/Paper_xAI_in_Cyber_2/6_Analysis_Results/xai_surfacebench/data/toniot/toniot_score_stream.csv
toniot_calibrated_anchor,default,default,transient_overload,static_coarse_full,16,5000,0.24969450087914624,1.0513904616245673,53.44314056000002,0.8269736057558504,0.985647517423292,0.701918949000268,554.1384692644552,1.958827777777737,0.0,0.0,0.0,8.30864799999996,0.1938846454105163,0.165,0.4888,10.0628,56.1908,calibrated:/Users/let/Documents/DO_A_PAPER_May_18/Papers/Paper_xAI_in_Cyber_2/6_Analysis_Results/xai_surfacebench/data/toniot/toniot_score_stream.csv
toniot_calibrated_anchor,default,default,transient_overload,static_offload,16,5000,0.24580701092296986,1.029807368261087,53.35205019999999,0.7456882156488628,0.8281573674183338,1.1396974395674786,611.0029699471204,2.3061222222222075,0.8243479643765903,0.0,0.0,1.3506079999999643,0.19397883763653723,0.0,0.5182,10.0608,56.1752,calibrated:/Users/let/Documents/DO_A_PAPER_May_18/Papers/Paper_xAI_in_Cyber_2/6_Analysis_Results/xai_surfacebench/data/toniot/toniot_score_stream.csv
toniot_calibrated_anchor,default,default,transient_overload,budget_only_bexgov,16,5000,0.2486341097529704,1.0405534049737841,53.346725539999994,0.5974267799031611,0.7866038945085327,0.5836147710135653,5140.33431310143,0.8059716666667094,0.0,0.8022660528613382,0.0,5.2024919999999835,0.19658850234113356,0.0076,0.0,10.0792,56.1552,calibrated:/Users/let/Documents/DO_A_PAPER_May_18/Papers/Paper_xAI_in_Cyber_2/6_Analysis_Results/xai_surfacebench/data/toniot/toniot_score_stream.csv
toniot_calibrated_anchor,default,default,transient_overload,xai_gate,16,5000,0.2472568736220755,1.0374598122377512,53.30258395999997,0.6471433177251322,0.6923782310265296,0.7933561416217044,4842.432393939662,1.0,0.25229157573112176,0.15517241379310345,0.49866820761010117,3.8571444999963793,0.19484152383661635,0.0112,0.0,10.0804,56.244,calibrated:/Users/let/Documents/DO_A_PAPER_May_18/Papers/Paper_xAI_in_Cyber_2/6_Analysis_Results/xai_surfacebench/data/toniot/toniot_score_stream.csv
toniot_calibrated_anchor,default,default,non_markovian,never_explain,16,5000,0.13583823443778023,1.2208153846154008,63.4824,0.0,0.0,0.0,19823.287950257694,0.0,0.0,0.0,0.0,0.0,0.13210660144801145,0.0,0.0,9.332,54.9536,calibrated:/Users/let/Documents/DO_A_PAPER_May_18/Papers/Paper_xAI_in_Cyber_2/6_Analysis_Results/xai_surfacebench/data/toniot/toniot_score_stream.csv
toniot_calibrated_anchor,default,default,non_markovian,always_explain,16,5000,0.14087392419138353,1.2441308499893013,63.612120999999995,1.0,1.0,0.8499999999999615,0.0,2.191630555555456,0.0,0.0,0.0,9.2822,0.13170372483683446,0.1004,0.5444,9.2822,54.6798,calibrated:/Users/let/Documents/DO_A_PAPER_May_18/Papers/Paper_xAI_in_Cyber_2/6_Analysis_Results/xai_surfacebench/data/toniot/toniot_score_stream.csv
toniot_calibrated_anchor,default,default,non_markovian,threshold_explain,16,5000,0.1380117294937846,1.317811035943196,67.57102267999993,0.8118582976091449,0.9847203060997298,0.6890961247253952,9.496694909617135,1.7920805555555224,0.0,0.0,0.0,7.601287999999963,0.12854135902981212,0.082,0.4358,9.3774,55.3954,calibrated:/Users/let/Documents/DO_A_PAPER_May_18/Papers/Paper_xAI_in_Cyber_2/6_Analysis_Results/xai_surfacebench/data/toniot/toniot_score_stream.csv
toniot_calibrated_anchor,default,default,non_markovian,rate_limited,16,5000,0.13597788109805706,1.375105711637232,70.88200688,0.7321287023226266,0.8094976174241568,0.7865768165352545,2712.391433156183,1.5106916666666312,0.0,0.0,0.0,6.629543999999984,0.13202040193598963,0.0006,0.3338,9.386,55.2758,calibrated:/Users/let/Documents/DO_A_PAPER_May_18/Papers/Paper_xAI_in_Cyber_2/6_Analysis_Results/xai_surfacebench/data/toniot/toniot_score_stream.csv
toniot_calibrated_anchor,default,default,non_markovian,fifo_explanation,16,5000,0.13662010828990426,1.2317030299499891,63.3806309999999,0.8280538147284666,0.7915333088374457,0.8757919277906888,1802.787341851702,1.8281611111110474,0.0,0.0,0.0,7.7428,0.1296023813147955,0.0,0.4494,9.3506,55.1852,calibrated:/Users/let/Documents/DO_A_PAPER_May_18/Papers/Paper_xAI_in_Cyber_2/6_Analysis_Results/xai_surfacebench/data/toniot/toniot_score_stream.csv
toniot_calibrated_anchor,default,default,non_markovian,static_coarse_full,16,5000,0.13883467313509265,1.3243835133571322,67.92885527999978,0.8108355287112601,0.9838784984193735,0.6880807042343928,9.184186335709612,1.7814499999999631,0.0,0.0,0.0,7.557887999999957,0.1302557473246928,0.0808,0.4324,9.3378,55.0778,calibrated:/Users/let/Documents/DO_A_PAPER_May_18/Papers/Paper_xAI_in_Cyber_2/6_Analysis_Results/xai_surfacebench/data/toniot/toniot_score_stream.csv
toniot_calibrated_anchor,default,default,non_markovian,static_offload,16,5000,0.13607520020881927,1.274096466702599,66.10234511999984,0.7319047111490193,0.8273557883899868,1.118642720102383,10.762868662216892,2.1108055555555416,0.8091238541888723,0.0,0.0,1.2361519999999835,0.1337613638972781,0.0,0.5226,9.382,55.1674,calibrated:/Users/let/Documents/DO_A_PAPER_May_18/Papers/Paper_xAI_in_Cyber_2/6_Analysis_Results/xai_surfacebench/data/toniot/toniot_score_stream.csv
toniot_calibrated_anchor,default,default,non_markovian,budget_only_bexgov,16,5000,0.13474690173343315,1.3658126102478743,70.43448802000009,0.5853138407413704,0.7890978125948681,0.5688883645100321,3643.98003908111,0.7340183333333702,0.0,0.7802471254504891,0.0,4.719119999999982,0.1274691201261633,0.0124,0.0,9.3232,55.1276,calibrated:/Users/let/Documents/DO_A_PAPER_May_18/Papers/Paper_xAI_in_Cyber_2/6_Analysis_Results/xai_surfacebench/data/toniot/toniot_score_stream.csv
toniot_calibrated_anchor,default,default,non_markovian,xai_gate,16,5000,0.1371259186903137,1.2670098442249205,65.49376323999982,0.6880961833049972,0.7550912069102674,0.7644007421950686,1237.8972389203136,0.9769783333334862,0.2260458693822952,0.22302530798938489,0.4535372931454832,4.057479999999657,0.12412308625132518,0.0052,0.0,9.2698,54.975,calibrated:/Users/let/Documents/DO_A_PAPER_May_18/Papers/Paper_xAI_in_Cyber_2/6_Analysis_Results/xai_surfacebench/data/toniot/toniot_score_stream.csv
toniot_calibrated_anchor,default,default,rtt_uncertainty,never_explain,16,5000,0.0,0.015242307692307694,0.7926,0.0,0.0,0.0,13484.472977357334,0.0,0.0,0.0,0.0,0.0,0.08071876276212553,0.0,0.0,7.3038,45.0552,calibrated:/Users/let/Documents/DO_A_PAPER_May_18/Papers/Paper_xAI_in_Cyber_2/6_Analysis_Results/xai_surfacebench/data/toniot/toniot_score_stream.csv
toniot_calibrated_anchor,default,default,rtt_uncertainty,always_explain,16,5000,0.0,0.018390119169164946,0.9470250000000006,1.0,1.0,0.8499999999999684,0.0,1.7145444444443807,0.0,0.0,0.0,7.2616,0.07535289274311285,0.0002,0.4124,7.2616,45.0184,calibrated:/Users/let/Documents/DO_A_PAPER_May_18/Papers/Paper_xAI_in_Cyber_2/6_Analysis_Results/xai_surfacebench/data/toniot/toniot_score_stream.csv
toniot_calibrated_anchor,default,default,rtt_uncertainty,threshold_explain,16,5000,0.0,0.016264963087067933,0.8393256400000002,0.8077887173299005,0.9832532080798505,0.685413981296101,0.061108493026042196,1.3856916666666463,0.0,0.0,0.0,5.879591999999978,0.08320150910887159,0.0,0.282,7.2926,44.883,calibrated:/Users/let/Documents/DO_A_PAPER_May_18/Papers/Paper_xAI_in_Cyber_2/6_Analysis_Results/xai_surfacebench/data/toniot/toniot_score_stream.csv
toniot_calibrated_anchor,default,default,rtt_uncertainty,rate_limited,16,5000,0.0,0.01610752439914555,0.8306849599999999,0.8918020518682163,0.9874494461437251,0.7319658747652799,0.005847844497529852,1.4340666666666295,0.0,0.0,0.0,6.308423999999959,0.09113745891198066,0.0,0.3066,7.3494,44.9036,calibrated:/Users/let/Documents/DO_A_PAPER_May_18/Papers/Paper_xAI_in_Cyber_2/6_Analysis_Results/xai_surfacebench/data/toniot/toniot_score_stream.csv
toniot_calibrated_anchor,default,default,rtt_uncertainty,fifo_explanation,16,5000,0.0,0.018672403961959898,0.9617779999999985,0.989769820971867,0.987467392883409,0.8515345268541898,0.13722542619493375,1.6995749999999405,0.0,0.0,0.0,7.1982,0.07907680665910322,0.0,0.4142,7.2726,44.931,calibrated:/Users/let/Documents/DO_A_PAPER_May_18/Papers/Paper_xAI_in_Cyber_2/6_Analysis_Results/xai_surfacebench/data/toniot/toniot_score_stream.csv
toniot_calibrated_anchor,default,default,rtt_uncertainty,static_coarse_full,16,5000,0.0,0.018628390717995685,0.9611678799999994,0.8060801360283066,0.9837801497786761,0.6840852370896469,0.059908822214462906,1.3832833333333165,0.0,0.0,0.0,5.8682879999999775,0.07941131630869269,0.0,0.2742,7.2926,45.0406,calibrated:/Users/let/Documents/DO_A_PAPER_May_18/Papers/Paper_xAI_in_Cyber_2/6_Analysis_Results/xai_surfacebench/data/toniot/toniot_score_stream.csv
toniot_calibrated_anchor,default,default,rtt_uncertainty,static_offload,16,5000,0.0,0.012928548373222052,0.6714489599999988,0.7276981694690712,0.8268058229052879,1.3787394065640102,0.036597528487069715,1.6199222222222134,0.8041911703801872,0.0,0.0,0.9497600000000012,0.07793680413567716,0.0,0.3788,7.2438,44.8004,calibrated:/Users/let/Documents/DO_A_PAPER_May_18/Papers/Paper_xAI_in_Cyber_2/6_Analysis_Results/xai_surfacebench/data/toniot/toniot_score_stream.csv
toniot_calibrated_anchor,default,default,rtt_uncertainty,budget_only_bexgov,16,5000,0.0,0.01675284908774241,0.8669486200000028,0.5898052518815543,0.7927955214230972,0.5689858814481109,844.6614376819012,0.5788638888889139,0.0,0.7818766137449871,0.0,3.7144119999999674,0.07788668363170137,0.0,0.0,7.2812,45.0338,calibrated:/Users/let/Documents/DO_A_PAPER_May_18/Papers/Paper_xAI_in_Cyber_2/6_Analysis_Results/xai_surfacebench/data/toniot/toniot_score_stream.csv
toniot_calibrated_anchor,default,default,rtt_uncertainty,xai_gate,16,5000,0.0,0.016517345514359096,0.8532719400000005,0.7710507876080093,0.8640951782088717,0.6789750493208204,99.37105106299539,0.9313816666667448,0.004882893321195067,0.21807498137879666,0.25142762558967147,5.0521559999996395,0.07456501149445849,0.0,0.0,7.2498,44.9782,calibrated:/Users/let/Documents/DO_A_PAPER_May_18/Papers/Paper_xAI_in_Cyber_2/6_Analysis_Results/xai_surfacebench/data/toniot/toniot_score_stream.csv
toniot_calibrated_anchor,default,default,adversarial_explanation_flood,never_explain,17,5000,0.0,0.014761538461538475,0.7676,0.0,0.0,0.0,30804.746075933774,0.0,0.0,0.0,0.0,0.0,0.7990870826039207,0.0,0.0,12.1474,45.0132,calibrated:/Users/let/Documents/DO_A_PAPER_May_18/Papers/Paper_xAI_in_Cyber_2/6_Analysis_Results/xai_surfacebench/data/toniot/toniot_score_stream.csv
toniot_calibrated_anchor,default,default,adversarial_explanation_flood,always_explain,17,5000,0.0,0.018192245571550098,0.930941,1.0,1.0,0.8499999999999509,0.0,2.8571333333331683,0.0,0.0,0.0,12.1008,0.7981455064194005,0.0388,0.6514,12.1008,44.864,calibrated:/Users/let/Documents/DO_A_PAPER_May_18/Papers/Paper_xAI_in_Cyber_2/6_Analysis_Results/xai_surfacebench/data/toniot/toniot_score_stream.csv
toniot_calibrated_anchor,default,default,adversarial_explanation_flood,threshold_explain,17,5000,0.0,0.01857011885188802,0.9514619600000013,0.9303072786950101,0.9939826493533492,0.7901754935756681,0.23206744809038476,2.659297222222163,0.0,0.0,0.0,11.271607999999958,0.8012662251813036,0.0194,0.6264,12.1258,44.8788,calibrated:/Users/let/Documents/DO_A_PAPER_May_18/Papers/Paper_xAI_in_Cyber_2/6_Analysis_Results/xai_surfacebench/data/toniot/toniot_score_stream.csv
toniot_calibrated_anchor,default,default,adversarial_explanation_flood,rate_limited,17,5000,0.0,0.019428229882795613,0.9991252800000057,0.8067433913286276,0.8512881573950548,0.8607225590221262,4588.62612596197,2.2932361111110584,0.0,0.0,0.0,9.76542399999984,0.8061156362665218,0.0004,0.564,12.1734,44.934,calibrated:/Users/let/Documents/DO_A_PAPER_May_18/Papers/Paper_xAI_in_Cyber_2/6_Analysis_Results/xai_surfacebench/data/toniot/toniot_score_stream.csv
toniot_calibrated_anchor,default,default,adversarial_explanation_flood,fifo_explanation,17,5000,0.0,0.018879555619233844,0.9696349999999913,0.8807580942353251,0.8724667824590923,0.8678862858646313,2754.6812080352556,2.528088888888696,0.0,0.0,0.0,10.7072,0.8020966747307996,0.0,0.6032,12.1568,44.9728,calibrated:/Users/let/Documents/DO_A_PAPER_May_18/Papers/Paper_xAI_in_Cyber_2/6_Analysis_Results/xai_surfacebench/data/toniot/toniot_score_stream.csv
toniot_calibrated_anchor,default,default,adversarial_explanation_flood,static_coarse_full,17,5000,0.0,0.02048658923764988,1.049889599999999,0.9319645170935877,0.9942146448546045,0.7916151699391831,0.1999202800022178,2.6453249999999287,0.0,0.0,0.0,11.211911999999963,0.7873064367437272,0.0214,0.6208,12.0396,44.9078,calibrated:/Users/let/Documents/DO_A_PAPER_May_18/Papers/Paper_xAI_in_Cyber_2/6_Analysis_Results/xai_surfacebench/data/toniot/toniot_score_stream.csv
toniot_calibrated_anchor,default,default,adversarial_explanation_flood,static_offload,17,5000,0.0,0.01430462501478438,0.7420353999999999,0.8385864909390613,0.8354936296658975,1.2840929159802894,0.07473107075242733,3.1367777777777666,0.9297858319604613,0.0,0.0,1.819455999999987,0.8057495422410079,0.0,0.6812,12.14,44.8198,calibrated:/Users/let/Documents/DO_A_PAPER_May_18/Papers/Paper_xAI_in_Cyber_2/6_Analysis_Results/xai_surfacebench/data/toniot/toniot_score_stream.csv
toniot_calibrated_anchor,default,default,adversarial_explanation_flood,budget_only_bexgov,17,5000,0.0,0.016938797581884095,0.8729673800000024,0.6497562775745898,0.766355589123628,0.6266544750783178,6868.45833355013,0.9318122222222317,0.0,0.7260664906266914,0.19061521050991456,6.751707999999952,0.8097091067212203,0.0,0.0,12.1942,44.9214,calibrated:/Users/let/Documents/DO_A_PAPER_May_18/Papers/Paper_xAI_in_Cyber_2/6_Analysis_Results/xai_surfacebench/data/toniot/toniot_score_stream.csv
toniot_calibrated_anchor,default,default,adversarial_explanation_flood,xai_gate,17,5000,0.0,0.017570568900857043,0.905842800000002,0.6036255191849581,0.6538288986374217,0.7068042301227794,5062.805981569077,1.0,0.00402162447257384,0.1962354957805907,0.39134815071165224,6.463412499997477,0.796052485513205,0.0056,0.0,12.1344,45.041,calibrated:/Users/let/Documents/DO_A_PAPER_May_18/Papers/Paper_xAI_in_Cyber_2/6_Analysis_Results/xai_surfacebench/data/toniot/toniot_score_stream.csv
toniot_calibrated_anchor,default,default,transient_overload,never_explain,17,5000,0.24525324346853425,1.0242730769230923,53.2622,0.0,0.0,0.0,22233.029846339407,0.0,0.0,0.0,0.0,0.0,0.2035803427876619,0.0,0.0,10.136,56.1436,calibrated:/Users/let/Documents/DO_A_PAPER_May_18/Papers/Paper_xAI_in_Cyber_2/6_Analysis_Results/xai_surfacebench/data/toniot/toniot_score_stream.csv
toniot_calibrated_anchor,default,default,transient_overload,always_explain,17,5000,0.2520282740213523,1.0521590894508255,53.26957300000001,1.0,1.0,0.8499999999999583,0.0,2.3972361111109937,0.0,0.0,0.0,10.153,0.20438908659549138,0.205,0.5258,10.153,56.2,calibrated:/Users/let/Documents/DO_A_PAPER_May_18/Papers/Paper_xAI_in_Cyber_2/6_Analysis_Results/xai_surfacebench/data/toniot/toniot_score_stream.csv
toniot_calibrated_anchor,default,default,transient_overload,threshold_explain,17,5000,0.24973374036747303,1.0485428660712384,53.28398763999999,0.8266353562634021,0.9855470797583888,0.701616490587012,561.985891712523,1.9595694444444096,0.0,0.0,0.0,8.311983999999962,0.1993335977030828,0.1668,0.4882,10.0712,55.9822,calibrated:/Users/let/Documents/DO_A_PAPER_May_18/Papers/Paper_xAI_in_Cyber_2/6_Analysis_Results/xai_surfacebench/data/toniot/toniot_score_stream.csv
toniot_calibrated_anchor,default,default,transient_overload,rate_limited,17,5000,0.2485715220227798,1.0369976413874327,53.35599300000002,0.6132346560429311,0.6778674663978748,0.8347763490059884,11160.308130496287,1.3829083333332681,0.0,0.0,0.0,6.033695999999941,0.201757223899099,0.0002,0.3494,10.1408,56.2554,calibrated:/Users/let/Documents/DO_A_PAPER_May_18/Papers/Paper_xAI_in_Cyber_2/6_Analysis_Results/xai_surfacebench/data/toniot/toniot_score_stream.csv
toniot_calibrated_anchor,default,default,transient_overload,fifo_explanation,17,5000,0.24912696941282866,1.037469366037459,53.266618999999935,0.7185626380561692,0.6632033467285664,0.8922156042915304,10291.69642257783,1.7204944444443846,0.0,0.0,0.0,7.2868,0.20518497654590417,0.0,0.4474,10.1408,56.0954,calibrated:/Users/let/Documents/DO_A_PAPER_May_18/Papers/Paper_xAI_in_Cyber_2/6_Analysis_Results/xai_surfacebench/data/toniot/toniot_score_stream.csv
toniot_calibrated_anchor,default,default,transient_overload,static_coarse_full,17,5000,0.2503678609433437,1.0501084712675195,53.33546880000002,0.8281001472754017,0.9858278145245926,0.7028964162984715,546.0590107766712,1.9854444444444141,0.0,0.0,0.0,8.42127999999996,0.20827535153872412,0.1716,0.4918,10.185,56.1958,calibrated:/Users/let/Documents/DO_A_PAPER_May_18/Papers/Paper_xAI_in_Cyber_2/6_Analysis_Results/xai_surfacebench/data/toniot/toniot_score_stream.csv
toniot_calibrated_anchor,default,default,transient_overload,static_offload,17,5000,0.24510336896340723,1.030040045172012,53.35990900000001,0.7455046392358041,0.8283198862515448,1.139567200407201,648.3333435429831,2.3417833333333182,0.824315859530987,0.0,0.0,1.3705679999999625,0.21184949021952093,0.0,0.519,10.2172,56.2072,calibrated:/Users/let/Documents/DO_A_PAPER_May_18/Papers/Paper_xAI_in_Cyber_2/6_Analysis_Results/xai_surfacebench/data/toniot/toniot_score_stream.csv
toniot_calibrated_anchor,default,default,transient_overload,budget_only_bexgov,17,5000,0.2465737274959518,1.0404031082084269,53.344528500000024,0.5962366104254809,0.786679565897332,0.5824450008942845,5090.333698432079,0.8037755555556013,0.0,0.7995786879707466,0.0,5.184879999999973,0.19900065407833778,0.0088,0.0,10.0638,55.9566,calibrated:/Users/let/Documents/DO_A_PAPER_May_18/Papers/Paper_xAI_in_Cyber_2/6_Analysis_Results/xai_surfacebench/data/toniot/toniot_score_stream.csv
toniot_calibrated_anchor,default,default,transient_overload,xai_gate,17,5000,0.24579570117711844,1.0360484716632459,53.227949119999955,0.6472548190730383,0.6920168957482478,0.7953863961888338,4868.371767690786,1.0,0.25278004336668725,0.15641846863872366,0.49745618572013106,3.8481334999964587,0.1979462688843523,0.0114,0.0,10.0538,55.9502,calibrated:/Users/let/Documents/DO_A_PAPER_May_18/Papers/Paper_xAI_in_Cyber_2/6_Analysis_Results/xai_surfacebench/data/toniot/toniot_score_stream.csv
toniot_calibrated_anchor,default,default,non_markovian,never_explain,17,5000,0.13452537927636823,1.2316923076923205,64.048,0.0,0.0,0.0,19769.533185135348,0.0,0.0,0.0,0.0,0.0,0.1234115311607964,0.0,0.0,9.3036,55.2104,calibrated:/Users/let/Documents/DO_A_PAPER_May_18/Papers/Paper_xAI_in_Cyber_2/6_Analysis_Results/xai_surfacebench/data/toniot/toniot_score_stream.csv
toniot_calibrated_anchor,default,default,non_markovian,always_explain,17,5000,0.1386598792319796,1.2170581562959109,62.23305299999997,1.0,1.0,0.8499999999999616,0.0,2.1935666666665674,0.0,0.0,0.0,9.2904,0.12784802750422553,0.096,0.5512,9.2904,54.9152,calibrated:/Users/let/Documents/DO_A_PAPER_May_18/Papers/Paper_xAI_in_Cyber_2/6_Analysis_Results/xai_surfacebench/data/toniot/toniot_score_stream.csv
toniot_calibrated_anchor,default,default,non_markovian,threshold_explain,17,5000,0.13880040043044442,1.2587576043392752,64.53322752000024,0.810047836533259,0.9844544415340664,0.6875311153920957,9.210250787552843,1.7616916666666242,0.0,0.0,0.0,7.472711999999965,0.1273300488764284,0.0816,0.4288,9.2398,54.6412,calibrated:/Users/let/Documents/DO_A_PAPER_May_18/Papers/Paper_xAI_in_Cyber_2/6_Analysis_Results/xai_surfacebench/data/toniot/toniot_score_stream.csv
toniot_calibrated_anchor,default,default,non_markovian,rate_limited,17,5000,0.13512117107798802,1.3600525156182892,70.11381071999993,0.7282224598930666,0.8077751461583708,0.7825593582887604,2712.8566840708713,1.4913249999999678,0.0,0.0,0.0,6.556871999999985,0.13110813514746167,0.0014,0.33,9.35,55.1082,calibrated:/Users/let/Documents/DO_A_PAPER_May_18/Papers/Paper_xAI_in_Cyber_2/6_Analysis_Results/xai_surfacebench/data/toniot/toniot_score_stream.csv
toniot_calibrated_anchor,default,default,non_markovian,fifo_explanation,17,5000,0.13819412397535494,1.2613923708688612,64.91494599999989,0.8230227427019687,0.7855190184909395,0.8765465885946596,2483.4092996243016,1.8319388888888244,0.0,0.0,0.0,7.7588,0.1382579119139593,0.0,0.4636,9.4272,55.2142,calibrated:/Users/let/Documents/DO_A_PAPER_May_18/Papers/Paper_xAI_in_Cyber_2/6_Analysis_Results/xai_surfacebench/data/toniot/toniot_score_stream.csv
toniot_calibrated_anchor,default,default,non_markovian,static_coarse_full,17,5000,0.13957265424900012,1.2477142640588,63.953218120000024,0.8127997601918469,0.9842910823607086,0.6898017300445265,8.807116435628613,1.7866388888888547,0.0,0.0,0.0,7.579279999999967,0.13117749851954574,0.0792,0.4392,9.3408,55.0506,calibrated:/Users/let/Documents/DO_A_PAPER_May_18/Papers/Paper_xAI_in_Cyber_2/6_Analysis_Results/xai_surfacebench/data/toniot/toniot_score_stream.csv
toniot_calibrated_anchor,default,default,non_markovian,static_offload,17,5000,0.13585007746637678,1.2692165949152212,65.85065015999992,0.7343511532195948,0.8274695208854456,1.1223550973163627,10.675907696158557,2.106149999999987,0.8117979936551487,0.0,0.0,1.2335759999999856,0.13113033020800513,0.0,0.5232,9.3304,54.9916,calibrated:/Users/let/Documents/DO_A_PAPER_May_18/Papers/Paper_xAI_in_Cyber_2/6_Analysis_Results/xai_surfacebench/data/toniot/toniot_score_stream.csv
toniot_calibrated_anchor,default,default,non_markovian,budget_only_bexgov,17,5000,0.13493878433681508,1.3626967054071033,70.27446939999993,0.5864161911478634,0.7883711119150302,0.5707486482443119,3677.2874537704224,0.7375277777778124,0.0,0.7826291380821098,0.0,4.744927999999984,0.13374184966308222,0.0126,0.0,9.3582,55.0284,calibrated:/Users/let/Documents/DO_A_PAPER_May_18/Papers/Paper_xAI_in_Cyber_2/6_Analysis_Results/xai_surfacebench/data/toniot/toniot_score_stream.csv
toniot_calibrated_anchor,default,default,non_markovian,xai_gate,17,5000,0.137574436531879,1.29887032162418,67.13692263999982,0.6864394099945641,0.7513548219104367,0.7643341245284507,1379.3067819729354,0.9818022222223814,0.22674098249480779,0.2198321536048828,0.46674861187640404,4.103667999999657,0.14061805031811225,0.0056,0.0,9.4372,55.1584,calibrated:/Users/let/Documents/DO_A_PAPER_May_18/Papers/Paper_xAI_in_Cyber_2/6_Analysis_Results/xai_surfacebench/data/toniot/toniot_score_stream.csv
toniot_calibrated_anchor,default,default,rtt_uncertainty,never_explain,17,5000,0.0,0.013269230769230773,0.69,0.0,0.0,0.0,13522.873458630913,0.0,0.0,0.0,0.0,0.0,0.08168904977914848,0.0,0.0,7.261,44.751,calibrated:/Users/let/Documents/DO_A_PAPER_May_18/Papers/Paper_xAI_in_Cyber_2/6_Analysis_Results/xai_surfacebench/data/toniot/toniot_score_stream.csv
toniot_calibrated_anchor,default,default,rtt_uncertainty,always_explain,17,5000,0.0,0.017368056106388297,0.8946879999999988,1.0,1.0,0.849999999999971,0.0,1.7141666666666082,0.0,0.0,0.0,7.26,0.07634487513065191,0.0,0.4218,7.26,44.967,calibrated:/Users/let/Documents/DO_A_PAPER_May_18/Papers/Paper_xAI_in_Cyber_2/6_Analysis_Results/xai_surfacebench/data/toniot/toniot_score_stream.csv
toniot_calibrated_anchor,default,default,rtt_uncertainty,threshold_explain,17,5000,0.0,0.016510304637812757,0.8519926800000005,0.8084715590759848,0.9834355009285078,0.686019650594757,0.06104097203579589,1.3782277777777627,0.0,0.0,0.0,5.847687999999979,0.07599015266926212,0.0002,0.2732,7.2466,44.8988,calibrated:/Users/let/Documents/DO_A_PAPER_May_18/Papers/Paper_xAI_in_Cyber_2/6_Analysis_Results/xai_surfacebench/data/toniot/toniot_score_stream.csv
toniot_calibrated_anchor,default,default,rtt_uncertainty,rate_limited,17,5000,0.0,0.01821391557955289,0.9393758399999993,0.8917878787879175,0.9877005867578561,0.7319504132231337,0.007780797469313923,1.4165833333332998,0.0,0.0,0.0,6.231551999999982,0.07537393684622362,0.0,0.2938,7.26,45.0076,calibrated:/Users/let/Documents/DO_A_PAPER_May_18/Papers/Paper_xAI_in_Cyber_2/6_Analysis_Results/xai_surfacebench/data/toniot/toniot_score_stream.csv
toniot_calibrated_anchor,default,default,rtt_uncertainty,fifo_explanation,17,5000,0.0,0.018036852905501395,0.929092,0.9907488986784141,0.9887153229257297,0.8513876651982094,0.1180617070441375,1.6992444444443888,0.0,0.0,0.0,7.1968,0.07824713590604748,0.0,0.4096,7.264,44.9124,calibrated:/Users/let/Documents/DO_A_PAPER_May_18/Papers/Paper_xAI_in_Cyber_2/6_Analysis_Results/xai_surfacebench/data/toniot/toniot_score_stream.csv
toniot_calibrated_anchor,default,default,rtt_uncertainty,static_coarse_full,17,5000,0.0,0.01722464135791252,0.8888051200000001,0.8060789684845513,0.9831118509545347,0.6839572784372241,0.06625582859367454,1.3705222222222004,0.0,0.0,0.0,5.8152799999999765,0.07115388890123908,0.0,0.2736,7.2282,44.987,calibrated:/Users/let/Documents/DO_A_PAPER_May_18/Papers/Paper_xAI_in_Cyber_2/6_Analysis_Results/xai_surfacebench/data/toniot/toniot_score_stream.csv
toniot_calibrated_anchor,default,default,rtt_uncertainty,static_offload,17,5000,0.0,0.015713534498000566,0.8160474799999999,0.7276433642818266,0.8269957423117035,1.3810374181796479,0.03794588418257238,1.6380333333333246,0.8043145821955215,0.0,0.0,0.959664000000006,0.08454537646637195,0.0,0.393,7.324,45.0204,calibrated:/Users/let/Documents/DO_A_PAPER_May_18/Papers/Paper_xAI_in_Cyber_2/6_Analysis_Results/xai_surfacebench/data/toniot/toniot_score_stream.csv
toniot_calibrated_anchor,default,default,rtt_uncertainty,budget_only_bexgov,17,5000,0.0,0.017416950931786194,0.9012696800000009,0.5902475111379963,0.7935075628859812,0.5694598756944033,853.7703351258714,0.5796422222222426,0.0,0.7815576700951543,0.0,3.714547999999975,0.07931136835856578,0.0,0.0,7.2724,44.92,calibrated:/Users/let/Documents/DO_A_PAPER_May_18/Papers/Paper_xAI_in_Cyber_2/6_Analysis_Results/xai_surfacebench/data/toniot/toniot_score_stream.csv
toniot_calibrated_anchor,default,default,rtt_uncertainty,xai_gate,17,5000,0.0,0.019230149950736096,0.9933629000000003,0.7688136659555422,0.8620591287267012,0.6773904269679012,100.20901469953513,0.9325211111111906,0.005060451884676405,0.21546583511132994,0.25698889435964767,5.075367999999591,0.07967785092187896,0.0,0.0,7.3116,45.1468,calibrated:/Users/let/Documents/DO_A_PAPER_May_18/Papers/Paper_xAI_in_Cyber_2/6_Analysis_Results/xai_surfacebench/data/toniot/toniot_score_stream.csv
toniot_calibrated_anchor,default,default,adversarial_explanation_flood,never_explain,18,5000,0.0,0.013876923076923103,0.7216,0.0,0.0,0.0,30534.857529795987,0.0,0.0,0.0,0.0,0.0,0.7876559002238521,0.0,0.0,12.0744,45.0288,calibrated:/Users/let/Documents/DO_A_PAPER_May_18/Papers/Paper_xAI_in_Cyber_2/6_Analysis_Results/xai_surfacebench/data/toniot/toniot_score_stream.csv
toniot_calibrated_anchor,default,default,adversarial_explanation_flood,always_explain,18,5000,0.0,0.01978487356884607,1.0125049999999993,1.0,1.0,0.8499999999999487,0.0,2.8730944444442708,0.0,0.0,0.0,12.1684,0.806563870504148,0.043,0.6522,12.1684,44.9044,calibrated:/Users/let/Documents/DO_A_PAPER_May_18/Papers/Paper_xAI_in_Cyber_2/6_Analysis_Results/xai_surfacebench/data/toniot/toniot_score_stream.csv
toniot_calibrated_anchor,default,default,adversarial_explanation_flood,threshold_explain,18,5000,0.0,0.017680130188765422,0.9057995599999993,0.932064009482882,0.9938575890661023,0.7916218040532623,0.21370015205806475,2.6689111111110524,0.0,0.0,0.0,11.313039999999955,0.7992295490595949,0.0198,0.6238,12.1482,45.0126,calibrated:/Users/let/Documents/DO_A_PAPER_May_18/Papers/Paper_xAI_in_Cyber_2/6_Analysis_Results/xai_surfacebench/data/toniot/toniot_score_stream.csv
toniot_calibrated_anchor,default,default,adversarial_explanation_flood,rate_limited,18,5000,0.0,0.01924680185251763,0.9896517600000049,0.811143338787241,0.8544617596319576,0.8594575834200929,4555.027593866417,2.291402777777713,0.0,0.0,0.0,9.759087999999837,0.7937167885808349,0.0006,0.5644,12.1014,44.977,calibrated:/Users/let/Documents/DO_A_PAPER_May_18/Papers/Paper_xAI_in_Cyber_2/6_Analysis_Results/xai_surfacebench/data/toniot/toniot_score_stream.csv
toniot_calibrated_anchor,default,default,adversarial_explanation_flood,fifo_explanation,18,5000,0.0,0.019252600093698082,0.988883999999992,0.882812113210661,0.8747658410595879,0.8675781830183337,2396.04801026453,2.5261055555553646,0.0,0.0,0.0,10.6988,0.798044539398524,0.0,0.6054,12.119,44.934,calibrated:/Users/let/Documents/DO_A_PAPER_May_18/Papers/Paper_xAI_in_Cyber_2/6_Analysis_Results/xai_surfacebench/data/toniot/toniot_score_stream.csv
toniot_calibrated_anchor,default,default,adversarial_explanation_flood,static_coarse_full,18,5000,0.0,0.02020482712217461,1.0348826000000004,0.9318572465441551,0.993850366199859,0.7914469994391314,0.21629279245180816,2.6630972222221554,0.0,0.0,0.0,11.288383999999962,0.8014114850308318,0.0226,0.6204,12.1244,44.87,calibrated:/Users/let/Documents/DO_A_PAPER_May_18/Papers/Paper_xAI_in_Cyber_2/6_Analysis_Results/xai_surfacebench/data/toniot/toniot_score_stream.csv
toniot_calibrated_anchor,default,default,adversarial_explanation_flood,static_offload,18,5000,0.0,0.015158312903909663,0.7863601999999996,0.8381544986766293,0.8352507595393005,1.283217215472944,0.08764112899931038,3.141166666666653,0.9290634401354617,0.0,0.0,1.8235679999999863,0.8009959970629323,0.0,0.6848,12.1658,45.0336,calibrated:/Users/let/Documents/DO_A_PAPER_May_18/Papers/Paper_xAI_in_Cyber_2/6_Analysis_Results/xai_surfacebench/data/toniot/toniot_score_stream.csv
toniot_calibrated_anchor,default,default,adversarial_explanation_flood,budget_only_bexgov,18,5000,0.0,0.016222322401856306,0.8360352000000008,0.6509537327556233,0.7678590819823712,0.6280043826883823,6634.177280221929,0.9284538888888906,0.0,0.7362750468980859,0.18047047495725219,6.686623999999952,0.7918479352118344,0.0,0.0,12.0474,44.823,calibrated:/Users/let/Documents/DO_A_PAPER_May_18/Papers/Paper_xAI_in_Cyber_2/6_Analysis_Results/xai_surfacebench/data/toniot/toniot_score_stream.csv
toniot_calibrated_anchor,default,default,adversarial_explanation_flood,xai_gate,18,5000,0.0,0.017838725624123766,0.9192153200000012,0.6013433245406817,0.6518743684323955,0.7066658543180291,5120.491991460766,1.0,0.0032603175123285875,0.19940364041483036,0.38886454117955666,6.482411499997384,0.8031583409773455,0.005,0.0,12.2074,45.1334,calibrated:/Users/let/Documents/DO_A_PAPER_May_18/Papers/Paper_xAI_in_Cyber_2/6_Analysis_Results/xai_surfacebench/data/toniot/toniot_score_stream.csv
toniot_calibrated_anchor,default,default,transient_overload,never_explain,18,5000,0.24677129456641578,1.0252500000000155,53.313,0.0,0.0,0.0,22277.870612438488,0.0,0.0,0.0,0.0,0.0,0.20037294516784732,0.0,0.0,10.158,56.4158,calibrated:/Users/let/Documents/DO_A_PAPER_May_18/Papers/Paper_xAI_in_Cyber_2/6_Analysis_Results/xai_surfacebench/data/toniot/toniot_score_stream.csv
toniot_calibrated_anchor,default,default,transient_overload,always_explain,18,5000,0.24915015858438055,1.0519023228857927,53.26895100000002,1.0,1.0,0.8499999999999551,0.0,2.3880749999998736,0.0,0.0,0.0,10.1142,0.20011533409510873,0.1982,0.526,10.1142,56.1846,calibrated:/Users/let/Documents/DO_A_PAPER_May_18/Papers/Paper_xAI_in_Cyber_2/6_Analysis_Results/xai_surfacebench/data/toniot/toniot_score_stream.csv
toniot_calibrated_anchor,default,default,transient_overload,threshold_explain,18,5000,0.25028112824819654,1.0480224148880635,53.24124267999999,0.8252954710821769,0.9848455547576879,0.7003598749287068,570.4998747750283,1.9749055555555222,0.0,0.0,0.0,8.378527999999953,0.20642083211744633,0.1712,0.4886,10.1702,56.2004,calibrated:/Users/let/Documents/DO_A_PAPER_May_18/Papers/Paper_xAI_in_Cyber_2/6_Analysis_Results/xai_surfacebench/data/toniot/toniot_score_stream.csv
toniot_calibrated_anchor,default,default,transient_overload,rate_limited,18,5000,0.24545880188144834,1.0354510330480096,53.276297440000015,0.6157780667533773,0.6814833546066927,0.8334584466248901,11035.11459170233,1.3892749999999454,0.0,0.0,0.0,6.063095999999963,0.20660573490762113,0.0002,0.3502,10.1508,56.0846,calibrated:/Users/let/Documents/DO_A_PAPER_May_18/Papers/Paper_xAI_in_Cyber_2/6_Analysis_Results/xai_surfacebench/data/toniot/toniot_score_stream.csv
toniot_calibrated_anchor,default,default,transient_overload,fifo_explanation,18,5000,0.24930350684854186,1.0371821275762492,53.25180600000003,0.7136057353286844,0.6567402406484136,0.8929591397006578,10631.732904687044,1.7203527777777143,0.0,0.0,0.0,7.2862,0.21147402492619927,0.0,0.4468,10.2104,56.1872,calibrated:/Users/let/Documents/DO_A_PAPER_May_18/Papers/Paper_xAI_in_Cyber_2/6_Analysis_Results/xai_surfacebench/data/toniot/toniot_score_stream.csv
toniot_calibrated_anchor,default,default,transient_overload,static_coarse_full,18,5000,0.24883424093885212,1.0506411905168112,53.38241755999999,0.8258467358580226,0.9858597342083927,0.701017073363961,547.4463629972353,1.9632499999999709,0.0,0.0,0.0,8.326727999999965,0.20428876405834084,0.1672,0.4876,10.0976,55.898,calibrated:/Users/let/Documents/DO_A_PAPER_May_18/Papers/Paper_xAI_in_Cyber_2/6_Analysis_Results/xai_surfacebench/data/toniot/toniot_score_stream.csv
toniot_calibrated_anchor,default,default,transient_overload,static_offload,18,5000,0.24525078721246774,1.0309907256182311,53.41394716000001,0.7435025741168187,0.828262245955793,1.1365569954830135,629.6890709843822,2.3178388888888737,0.822159102116496,0.0,0.0,1.3562479999999635,0.20254042803009753,0.0,0.5168,10.1394,56.211,calibrated:/Users/let/Documents/DO_A_PAPER_May_18/Papers/Paper_xAI_in_Cyber_2/6_Analysis_Results/xai_surfacebench/data/toniot/toniot_score_stream.csv
toniot_calibrated_anchor,default,default,transient_overload,budget_only_bexgov,18,5000,0.24895458105546187,1.0396410315154356,53.29534260000001,0.5960614354632222,0.786272968971568,0.5829132617898907,5235.564862335396,0.8103950000000437,0.0,0.8010042335335237,0.0,5.231163999999979,0.20423360970121407,0.0096,0.0,10.157,56.2294,calibrated:/Users/let/Documents/DO_A_PAPER_May_18/Papers/Paper_xAI_in_Cyber_2/6_Analysis_Results/xai_surfacebench/data/toniot/toniot_score_stream.csv
toniot_calibrated_anchor,default,default,transient_overload,xai_gate,18,5000,0.24763828605449603,1.0376249805829831,53.29737792,0.6402743417561578,0.6853776260519526,0.7931595442857295,5071.591264238632,1.0,0.24931770434509434,0.15442461369303567,0.4927377235861419,3.859161499996531,0.21048559887914298,0.0116,0.0,10.1862,56.0998,calibrated:/Users/let/Documents/DO_A_PAPER_May_18/Papers/Paper_xAI_in_Cyber_2/6_Analysis_Results/xai_surfacebench/data/toniot/toniot_score_stream.csv
toniot_calibrated_anchor,default,default,non_markovian,never_explain,18,5000,0.13374668492990996,1.2112153846153972,62.9832,0.0,0.0,0.0,19874.822650368304,0.0,0.0,0.0,0.0,0.0,0.129673884533561,0.0,0.0,9.303,54.9008,calibrated:/Users/let/Documents/DO_A_PAPER_May_18/Papers/Paper_xAI_in_Cyber_2/6_Analysis_Results/xai_surfacebench/data/toniot/toniot_score_stream.csv
toniot_calibrated_anchor,default,default,non_markovian,always_explain,18,5000,0.13688872623456458,1.219292097859359,62.35009600000008,1.0,1.0,0.8499999999999626,0.0,2.2011694444443477,0.0,0.0,0.0,9.3226,0.13161283900984433,0.0938,0.5438,9.3226,54.9222,calibrated:/Users/let/Documents/DO_A_PAPER_May_18/Papers/Paper_xAI_in_Cyber_2/6_Analysis_Results/xai_surfacebench/data/toniot/toniot_score_stream.csv
toniot_calibrated_anchor,default,default,non_markovian,threshold_explain,18,5000,0.14005335556815054,1.2491403049863086,64.04175136,0.8082495012976988,0.9837723799888419,0.6858979858861788,9.739805827823497,1.7732472222221858,0.0,0.0,0.0,7.522951999999964,0.12920414856152007,0.081,0.4332,9.3242,55.0488,calibrated:/Users/let/Documents/DO_A_PAPER_May_18/Papers/Paper_xAI_in_Cyber_2/6_Analysis_Results/xai_surfacebench/data/toniot/toniot_score_stream.csv
toniot_calibrated_anchor,default,default,non_markovian,rate_limited,18,5000,0.13770765645464564,1.2668183253788612,65.29854035999993,0.7272760511883204,0.8042117531985196,0.7865996343692754,2764.867983464813,1.485280555555518,0.0,0.0,0.0,6.521336000000002,0.13400502918242885,0.001,0.3246,9.299,54.6676,calibrated:/Users/let/Documents/DO_A_PAPER_May_18/Papers/Paper_xAI_in_Cyber_2/6_Analysis_Results/xai_surfacebench/data/toniot/toniot_score_stream.csv
toniot_calibrated_anchor,default,default,non_markovian,fifo_explanation,18,5000,0.1422761843540323,1.3072180606616957,67.27469799999996,0.8232979815258297,0.7844764795399758,0.8765053027710844,1999.0941071758416,1.8182444444443873,0.0,0.0,0.0,7.7008,0.12598199603710558,0.0,0.45,9.3536,55.3804,calibrated:/Users/let/Documents/DO_A_PAPER_May_18/Papers/Paper_xAI_in_Cyber_2/6_Analysis_Results/xai_surfacebench/data/toniot/toniot_score_stream.csv
toniot_calibrated_anchor,default,default,non_markovian,static_coarse_full,18,5000,0.1352866240453197,1.2693457229693048,65.08708908000006,0.8132203353303752,0.9841499595725155,0.6901265031679583,8.791455006845789,1.775827777777744,0.0,0.0,0.0,7.533783999999964,0.13206396373648466,0.0782,0.4348,9.2804,54.6518,calibrated:/Users/let/Documents/DO_A_PAPER_May_18/Papers/Paper_xAI_in_Cyber_2/6_Analysis_Results/xai_surfacebench/data/toniot/toniot_score_stream.csv
toniot_calibrated_anchor,default,default,non_markovian,static_offload,18,5000,0.1352926616656628,1.2032510597190351,62.42608391999991,0.7303233917114746,0.8274141498053308,1.1163577249870562,9.669605574256611,2.0717999999999877,0.8075255765562684,0.0,0.0,1.2125759999999821,0.12275578431194023,0.0,0.5218,9.2272,54.789,calibrated:/Users/let/Documents/DO_A_PAPER_May_18/Papers/Paper_xAI_in_Cyber_2/6_Analysis_Results/xai_surfacebench/data/toniot/toniot_score_stream.csv
toniot_calibrated_anchor,default,default,non_markovian,budget_only_bexgov,18,5000,0.13889809759352487,1.2638969547241625,65.14423519999993,0.5900910314763688,0.7889573281854216,0.5740720559010156,3707.637391782458,0.7423433333333707,0.0,0.7875932217877214,0.0,4.775523999999998,0.13136250888466527,0.0162,0.0,9.3594,55.1512,calibrated:/Users/let/Documents/DO_A_PAPER_May_18/Papers/Paper_xAI_in_Cyber_2/6_Analysis_Results/xai_surfacebench/data/toniot/toniot_score_stream.csv
toniot_calibrated_anchor,default,default,non_markovian,xai_gate,18,5000,0.13893562243032925,1.2195316198518944,63.032949580000015,0.6882248635172452,0.7544956043022018,0.7633164252245931,1194.4089642879696,0.9773944444445958,0.22561578472252075,0.21418131797274642,0.45985040622447665,4.072215999999662,0.13156105859791656,0.0044,0.0,9.3052,54.8222,calibrated:/Users/let/Documents/DO_A_PAPER_May_18/Papers/Paper_xAI_in_Cyber_2/6_Analysis_Results/xai_surfacebench/data/toniot/toniot_score_stream.csv
toniot_calibrated_anchor,default,default,rtt_uncertainty,never_explain,18,5000,0.0,0.014638461538461522,0.7612,0.0,0.0,0.0,13138.966240465721,0.0,0.0,0.0,0.0,0.0,0.07175003310258421,0.0,0.0,7.2038,44.8102,calibrated:/Users/let/Documents/DO_A_PAPER_May_18/Papers/Paper_xAI_in_Cyber_2/6_Analysis_Results/xai_surfacebench/data/toniot/toniot_score_stream.csv
toniot_calibrated_anchor,default,default,rtt_uncertainty,always_explain,18,5000,0.0,0.01745356504783342,0.898799999999999,1.0,1.0,0.8499999999999683,0.0,1.7338583333332687,0.0,0.0,0.0,7.3434,0.0851283597175223,0.0004,0.4242,7.3434,45.1154,calibrated:/Users/let/Documents/DO_A_PAPER_May_18/Papers/Paper_xAI_in_Cyber_2/6_Analysis_Results/xai_surfacebench/data/toniot/toniot_score_stream.csv
toniot_calibrated_anchor,default,default,rtt_uncertainty,threshold_explain,18,5000,0.0,0.017313452682497836,0.8934048399999989,0.8049520722898228,0.9826884845589771,0.6829355379164432,0.061893973335146305,1.3784722222222034,0.0,0.0,0.0,5.8495999999999775,0.07891945071683049,0.0,0.269,7.2818,44.9944,calibrated:/Users/let/Documents/DO_A_PAPER_May_18/Papers/Paper_xAI_in_Cyber_2/6_Analysis_Results/xai_surfacebench/data/toniot/toniot_score_stream.csv
toniot_calibrated_anchor,default,default,rtt_uncertainty,rate_limited,18,5000,0.0,0.01691485295996996,0.87243584,0.8934405259683471,0.9877007302754903,0.7337533010563323,0.00572541606641489,1.423163888888858,0.0,0.0,0.0,6.256207999999983,0.07803058947384045,0.0,0.2948,7.2704,44.961,calibrated:/Users/let/Documents/DO_A_PAPER_May_18/Papers/Paper_xAI_in_Cyber_2/6_Analysis_Results/xai_surfacebench/data/toniot/toniot_score_stream.csv
toniot_calibrated_anchor,default,default,rtt_uncertainty,fifo_explanation,18,5000,0.0,0.016096942063653186,0.8292069999999989,0.9921592446370889,0.9903893750260689,0.8511761133044112,0.10323192661226831,1.6970249999999498,0.0,0.0,0.0,7.1874,0.07841517242406137,0.0,0.4098,7.2442,44.783,calibrated:/Users/let/Documents/DO_A_PAPER_May_18/Papers/Paper_xAI_in_Cyber_2/6_Analysis_Results/xai_surfacebench/data/toniot/toniot_score_stream.csv
toniot_calibrated_anchor,default,default,rtt_uncertainty,static_coarse_full,18,5000,0.0,0.016867701825129602,0.8704502400000002,0.8079848534738263,0.9839530898947588,0.6857109537921136,0.0575006439384045,1.385869444444427,0.0,0.0,0.0,5.879175999999982,0.08095121571418806,0.0,0.2788,7.2888,44.953,calibrated:/Users/let/Documents/DO_A_PAPER_May_18/Papers/Paper_xAI_in_Cyber_2/6_Analysis_Results/xai_surfacebench/data/toniot/toniot_score_stream.csv
toniot_calibrated_anchor,default,default,rtt_uncertainty,static_offload,18,5000,0.0,0.013424432072489691,0.6971825199999987,0.7268543785661259,0.8267138583291462,1.3788813017793857,0.03490574074682576,1.6206611111111047,0.8032194933708205,0.0,0.0,0.9503440000000039,0.07750977893808031,0.0,0.384,7.2558,44.8924,calibrated:/Users/let/Documents/DO_A_PAPER_May_18/Papers/Paper_xAI_in_Cyber_2/6_Analysis_Results/xai_surfacebench/data/toniot/toniot_score_stream.csv
toniot_calibrated_anchor,default,default,rtt_uncertainty,budget_only_bexgov,18,5000,0.0,0.017241312813371285,0.8920374600000011,0.5907855597249949,0.7929156512858331,0.5697896409104586,845.4232607367184,0.5820266666666886,0.0,0.7819167876414035,0.0,3.7317399999999767,0.08288879100800894,0.0,0.0,7.3018,44.9526,calibrated:/Users/let/Documents/DO_A_PAPER_May_18/Papers/Paper_xAI_in_Cyber_2/6_Analysis_Results/xai_surfacebench/data/toniot/toniot_score_stream.csv
toniot_calibrated_anchor,default,default,rtt_uncertainty,xai_gate,18,5000,0.0,0.017049912591084477,0.8807041599999995,0.7696939082820713,0.8615480826759917,0.6790037253882099,101.85999564377376,0.9330944444445229,0.00542094455852156,0.21900068446269677,0.25634496919917865,5.075711999999586,0.08107868121720219,0.0,0.0,7.305,45.0476,calibrated:/Users/let/Documents/DO_A_PAPER_May_18/Papers/Paper_xAI_in_Cyber_2/6_Analysis_Results/xai_surfacebench/data/toniot/toniot_score_stream.csv
toniot_calibrated_anchor,default,default,adversarial_explanation_flood,never_explain,19,5000,0.0,0.014207692307692312,0.7388,0.0,0.0,0.0,30706.175840105367,0.0,0.0,0.0,0.0,0.0,0.7991705468679482,0.0,0.0,12.16,45.0578,calibrated:/Users/let/Documents/DO_A_PAPER_May_18/Papers/Paper_xAI_in_Cyber_2/6_Analysis_Results/xai_surfacebench/data/toniot/toniot_score_stream.csv
toniot_calibrated_anchor,default,default,adversarial_explanation_flood,always_explain,19,5000,0.0,0.01898725671168014,0.9716990000000012,1.0,1.0,0.8499999999999471,0.0,2.8694111111109324,0.0,0.0,0.0,12.1528,0.8034044586507112,0.0412,0.6516,12.1528,44.9254,calibrated:/Users/let/Documents/DO_A_PAPER_May_18/Papers/Paper_xAI_in_Cyber_2/6_Analysis_Results/xai_surfacebench/data/toniot/toniot_score_stream.csv
toniot_calibrated_anchor,default,default,adversarial_explanation_flood,threshold_explain,19,5000,0.0,0.020514129908842046,1.0509693999999994,0.9300217280373944,0.9939018879893282,0.789918684466083,0.2243597747326009,2.66372777777771,0.0,0.0,0.0,11.29059999999996,0.7960384331116093,0.0226,0.6256,12.1502,45.1,calibrated:/Users/let/Documents/DO_A_PAPER_May_18/Papers/Paper_xAI_in_Cyber_2/6_Analysis_Results/xai_surfacebench/data/toniot/toniot_score_stream.csv
toniot_calibrated_anchor,default,default,adversarial_explanation_flood,rate_limited,19,5000,0.0,0.01818056648527993,0.9349402000000043,0.8098403948041576,0.8527189652896208,0.8595540297423494,4417.003456555176,2.290566666666609,0.0,0.0,0.0,9.755903999999823,0.796799468555196,0.0008,0.5634,12.1174,44.9592,calibrated:/Users/let/Documents/DO_A_PAPER_May_18/Papers/Paper_xAI_in_Cyber_2/6_Analysis_Results/xai_surfacebench/data/toniot/toniot_score_stream.csv
toniot_calibrated_anchor,default,default,adversarial_explanation_flood,fifo_explanation,19,5000,0.0,0.019419440800845542,0.9973359999999906,0.8794672184995401,0.8710679362628412,0.8680799172249981,2679.1574050980607,2.528702777777579,0.0,0.0,0.0,10.7098,0.8045701075842404,0.0,0.6052,12.1776,44.988,calibrated:/Users/let/Documents/DO_A_PAPER_May_18/Papers/Paper_xAI_in_Cyber_2/6_Analysis_Results/xai_surfacebench/data/toniot/toniot_score_stream.csv
toniot_calibrated_anchor,default,default,adversarial_explanation_flood,static_coarse_full,19,5000,0.0,0.021280638612343833,1.090083600000001,0.9312702945255734,0.9941236700853205,0.7910132985232784,0.2275090102812323,2.690997222222162,0.0,0.0,0.0,11.405671999999962,0.8124364161165913,0.0256,0.629,12.257,45.0848,calibrated:/Users/let/Documents/DO_A_PAPER_May_18/Papers/Paper_xAI_in_Cyber_2/6_Analysis_Results/xai_surfacebench/data/toniot/toniot_score_stream.csv
toniot_calibrated_anchor,default,default,adversarial_explanation_flood,static_offload,19,5000,0.0,0.016911189690661042,0.8772635999999998,0.8378851459631051,0.8354769284655843,1.2830344132565064,0.08828844389329492,3.12537222222221,0.9290257562490707,0.0,0.0,1.8127279999999824,0.7929737255250418,0.0,0.6824,12.1058,45.012,calibrated:/Users/let/Documents/DO_A_PAPER_May_18/Papers/Paper_xAI_in_Cyber_2/6_Analysis_Results/xai_surfacebench/data/toniot/toniot_score_stream.csv
toniot_calibrated_anchor,default,default,adversarial_explanation_flood,budget_only_bexgov,19,5000,0.0,0.016735867327654634,0.8626564000000019,0.6487962704575019,0.7665684124344766,0.6257645397987495,6844.554399632548,0.9310572222222301,0.0,0.7261773830824537,0.1884797846320524,6.7370639999999575,0.8044620588740563,0.0,0.0,12.1838,45.0136,calibrated:/Users/let/Documents/DO_A_PAPER_May_18/Papers/Paper_xAI_in_Cyber_2/6_Analysis_Results/xai_surfacebench/data/toniot/toniot_score_stream.csv
toniot_calibrated_anchor,default,default,adversarial_explanation_flood,xai_gate,19,5000,0.0,0.017296584477129725,0.8914967000000003,0.6040651640826583,0.6546731499506351,0.7059502032521754,5022.045888669146,1.0,0.002435732859352885,0.19912116125209836,0.390702659556604,6.490608499997591,0.800947867298575,0.0062,0.0,12.1524,44.9852,calibrated:/Users/let/Documents/DO_A_PAPER_May_18/Papers/Paper_xAI_in_Cyber_2/6_Analysis_Results/xai_surfacebench/data/toniot/toniot_score_stream.csv
toniot_calibrated_anchor,default,default,transient_overload,never_explain,19,5000,0.244498377270398,1.0237961538461684,53.2374,0.0,0.0,0.0,22415.236414026196,0.0,0.0,0.0,0.0,0.0,0.20667976237924002,0.0,0.0,10.1726,56.2016,calibrated:/Users/let/Documents/DO_A_PAPER_May_18/Papers/Paper_xAI_in_Cyber_2/6_Analysis_Results/xai_surfacebench/data/toniot/toniot_score_stream.csv
toniot_calibrated_anchor,default,default,transient_overload,always_explain,19,5000,0.2504391995711989,1.0522288416370535,53.291135,1.0,1.0,0.8499999999999569,0.0,2.376977777777657,0.0,0.0,0.0,10.0672,0.19911857542731726,0.1974,0.5258,10.0672,55.97,calibrated:/Users/let/Documents/DO_A_PAPER_May_18/Papers/Paper_xAI_in_Cyber_2/6_Analysis_Results/xai_surfacebench/data/toniot/toniot_score_stream.csv
toniot_calibrated_anchor,default,default,transient_overload,threshold_explain,19,5000,0.2517853635649514,1.0507644036964208,53.37370175999998,0.8288836616681341,0.9860246539959572,0.7035901205527714,571.6738076457025,1.9910083333333,0.0,0.0,0.0,8.444519999999965,0.20886190680993377,0.1706,0.491,10.203,56.2678,calibrated:/Users/let/Documents/DO_A_PAPER_May_18/Papers/Paper_xAI_in_Cyber_2/6_Analysis_Results/xai_surfacebench/data/toniot/toniot_score_stream.csv
toniot_calibrated_anchor,default,default,transient_overload,rate_limited,19,5000,0.24597171864343115,1.0379829195560686,53.40784332,0.614550348953157,0.6799807121236544,0.8345184446660006,10951.743829119343,1.3708444444443832,0.0,0.0,0.0,5.980815999999942,0.19392396263720402,0.0002,0.3366,10.03,56.0058,calibrated:/Users/let/Documents/DO_A_PAPER_May_18/Papers/Paper_xAI_in_Cyber_2/6_Analysis_Results/xai_surfacebench/data/toniot/toniot_score_stream.csv
toniot_calibrated_anchor,default,default,transient_overload,fifo_explanation,19,5000,0.24687800380215302,1.0390768452448094,53.34984499999998,0.720903999525044,0.6663778403008429,0.8918644000712003,10231.745121342323,1.7202111111110554,0.0,0.0,0.0,7.2856,0.19928988633909772,0.0,0.4464,10.1062,56.1788,calibrated:/Users/let/Documents/DO_A_PAPER_May_18/Papers/Paper_xAI_in_Cyber_2/6_Analysis_Results/xai_surfacebench/data/toniot/toniot_score_stream.csv
toniot_calibrated_anchor,default,default,transient_overload,static_coarse_full,19,5000,0.24942204108341762,1.051459020026526,53.423806639999945,0.825361560042673,0.9851621670763048,0.7004761528430796,581.6707041683904,1.9662194444444112,0.0,0.0,0.0,8.34092799999996,0.20002086415538334,0.1706,0.4886,10.1228,56.2368,calibrated:/Users/let/Documents/DO_A_PAPER_May_18/Papers/Paper_xAI_in_Cyber_2/6_Analysis_Results/xai_surfacebench/data/toniot/toniot_score_stream.csv
toniot_calibrated_anchor,default,default,transient_overload,static_offload,19,5000,0.24663325288547602,1.0295608352505343,53.338265800000016,0.7444544181183359,0.828520499628056,1.1381895480282187,621.5288179801635,2.3208944444444284,0.8234133638461993,0.0,0.0,1.3569519999999602,0.19935925647250308,0.0,0.5178,10.1378,56.3512,calibrated:/Users/let/Documents/DO_A_PAPER_May_18/Papers/Paper_xAI_in_Cyber_2/6_Analysis_Results/xai_surfacebench/data/toniot/toniot_score_stream.csv
toniot_calibrated_anchor,default,default,transient_overload,budget_only_bexgov,19,5000,0.24869844455647955,1.0383876389278832,53.231804860000054,0.5948907668971448,0.7863308718470238,0.5816854795815749,5185.211845596707,0.8093988888889337,0.0,0.7980615802848532,0.0,5.219791999999973,0.2015366262391005,0.009,0.0,10.1526,56.3312,calibrated:/Users/let/Documents/DO_A_PAPER_May_18/Papers/Paper_xAI_in_Cyber_2/6_Analysis_Results/xai_surfacebench/data/toniot/toniot_score_stream.csv
toniot_calibrated_anchor,default,default,transient_overload,xai_gate,19,5000,0.2486123972081857,1.036631577119232,53.25099475999995,0.6413874682819029,0.686961632969647,0.7927755512503287,5016.083214598697,1.0,0.2496508585928126,0.15454670626880937,0.4934376167896171,3.859640499996659,0.20445591116607864,0.012,0.0,10.1678,56.2788,calibrated:/Users/let/Documents/DO_A_PAPER_May_18/Papers/Paper_xAI_in_Cyber_2/6_Analysis_Results/xai_surfacebench/data/toniot/toniot_score_stream.csv
toniot_calibrated_anchor,default,default,non_markovian,never_explain,19,5000,0.13568832447617254,1.2754346153846279,66.3226,0.0,0.0,0.0,20013.710870999974,0.0,0.0,0.0,0.0,0.0,0.13296842796256314,0.0,0.0,9.389,55.2472,calibrated:/Users/let/Documents/DO_A_PAPER_May_18/Papers/Paper_xAI_in_Cyber_2/6_Analysis_Results/xai_surfacebench/data/toniot/toniot_score_stream.csv
toniot_calibrated_anchor,default,default,non_markovian,always_explain,19,5000,0.14023932325886979,1.2972189070308613,66.36746200000017,1.0,1.0,0.8499999999999619,0.0,2.1682555555554583,0.0,0.0,0.0,9.1832,0.1173407310069623,0.0952,0.5368,9.1832,54.792,calibrated:/Users/let/Documents/DO_A_PAPER_May_18/Papers/Paper_xAI_in_Cyber_2/6_Analysis_Results/xai_surfacebench/data/toniot/toniot_score_stream.csv
toniot_calibrated_anchor,default,default,non_markovian,threshold_explain,19,5000,0.1413464269809374,1.2971922584539686,66.50128304000006,0.814299714517024,0.9846027665626225,0.6911159401763928,9.130183707761622,1.7991333333332968,0.0,0.0,0.0,7.631807999999962,0.1329676496678096,0.0834,0.4476,9.3876,55.239,calibrated:/Users/let/Documents/DO_A_PAPER_May_18/Papers/Paper_xAI_in_Cyber_2/6_Analysis_Results/xai_surfacebench/data/toniot/toniot_score_stream.csv
toniot_calibrated_anchor,default,default,non_markovian,rate_limited,19,5000,0.13970645697165765,1.248832088005751,64.37044747999991,0.723423529664036,0.8010048708140063,0.7870751945796322,2721.8395617984706,1.4812861111110764,0.0,0.0,0.0,6.505359999999983,0.12776355146740714,0.0012,0.319,9.3278,55.1404,calibrated:/Users/let/Documents/DO_A_PAPER_May_18/Papers/Paper_xAI_in_Cyber_2/6_Analysis_Results/xai_surfacebench/data/toniot/toniot_score_stream.csv
toniot_calibrated_anchor,default,default,non_markovian,fifo_explanation,19,5000,0.14043800252375654,1.2773742261255774,65.73900100000003,0.8216683269089177,0.7833439770244611,0.8767497509636214,1844.4091439353515,1.791752777777718,0.0,0.0,0.0,7.5886,0.1195195894108958,0.0,0.4388,9.2356,54.9974,calibrated:/Users/let/Documents/DO_A_PAPER_May_18/Papers/Paper_xAI_in_Cyber_2/6_Analysis_Results/xai_surfacebench/data/toniot/toniot_score_stream.csv
toniot_calibrated_anchor,default,default,non_markovian,static_coarse_full,19,5000,0.14058660923388774,1.2677847992945614,64.99060295999995,0.8085986790740864,0.9838661530938079,0.6862072967440982,9.636707379193167,1.8033861111110758,0.0,0.0,0.0,7.650663999999961,0.143612111559549,0.0818,0.4384,9.4782,55.253,calibrated:/Users/let/Documents/DO_A_PAPER_May_18/Papers/Paper_xAI_in_Cyber_2/6_Analysis_Results/xai_surfacebench/data/toniot/toniot_score_stream.csv
toniot_calibrated_anchor,default,default,non_markovian,static_offload,19,5000,0.13641096544640896,1.2548385402984092,65.10443215999985,0.7273413602343128,0.8272347949573934,1.1118012799653547,11.57014522544344,2.061511111111097,0.8042303937520339,0.0,0.0,1.2065439999999854,0.12721003594746905,0.0,0.522,9.219,54.524,calibrated:/Users/let/Documents/DO_A_PAPER_May_18/Papers/Paper_xAI_in_Cyber_2/6_Analysis_Results/xai_surfacebench/data/toniot/toniot_score_stream.csv
toniot_calibrated_anchor,default,default,non_markovian,budget_only_bexgov,19,5000,0.13781231412908262,1.2599523747752865,64.94918705999987,0.5873952497603517,0.7881933560946777,0.5713206944296452,3713.9908851135915,0.7414466666667057,0.0,0.7827457663222921,0.0,4.768335999999974,0.13173932748960704,0.0128,0.0,9.389,55.3072,calibrated:/Users/let/Documents/DO_A_PAPER_May_18/Papers/Paper_xAI_in_Cyber_2/6_Analysis_Results/xai_surfacebench/data/toniot/toniot_score_stream.csv
toniot_calibrated_anchor,default,default,non_markovian,xai_gate,19,5000,0.13597603836766725,1.2531608048091045,64.77170525999999,0.6886738121216717,0.7549232577252403,0.762172731745922,1317.4782955295755,0.9791144444445945,0.22148770938964124,0.21412831867873264,0.4648824422908243,4.12713999999964,0.13178080599703956,0.0056,0.0,9.3486,55.0672,calibrated:/Users/let/Documents/DO_A_PAPER_May_18/Papers/Paper_xAI_in_Cyber_2/6_Analysis_Results/xai_surfacebench/data/toniot/toniot_score_stream.csv
toniot_calibrated_anchor,default,default,rtt_uncertainty,never_explain,19,5000,0.0,0.013107692307692301,0.6816,0.0,0.0,0.0,13480.902056118997,0.0,0.0,0.0,0.0,0.0,0.07813702848345105,0.0,0.0,7.2826,45.032,calibrated:/Users/let/Documents/DO_A_PAPER_May_18/Papers/Paper_xAI_in_Cyber_2/6_Analysis_Results/xai_surfacebench/data/toniot/toniot_score_stream.csv
toniot_calibrated_anchor,default,default,rtt_uncertainty,always_explain,19,5000,0.0,0.0165747640631869,0.8536370000000004,1.0,1.0,0.8499999999999738,0.0,1.715488888888836,0.0,0.0,0.0,7.2656,0.07742430106665599,0.0002,0.4186,7.2656,44.9566,calibrated:/Users/let/Documents/DO_A_PAPER_May_18/Papers/Paper_xAI_in_Cyber_2/6_Analysis_Results/xai_surfacebench/data/toniot/toniot_score_stream.csv
toniot_calibrated_anchor,default,default,rtt_uncertainty,threshold_explain,19,5000,0.0,0.017131851441653075,0.8840225600000015,0.8087729673231415,0.9840150764530603,0.6863818901969343,0.06231448188284432,1.3838805555555378,0.0,0.0,0.0,5.870719999999983,0.07813482319727605,0.0,0.2746,7.2712,44.9616,calibrated:/Users/let/Documents/DO_A_PAPER_May_18/Papers/Paper_xAI_in_Cyber_2/6_Analysis_Results/xai_surfacebench/data/toniot/toniot_score_stream.csv
toniot_calibrated_anchor,default,default,rtt_uncertainty,rate_limited,19,5000,0.0,0.017835536212248055,0.9196028799999992,0.8927789725859955,0.9874557805752457,0.7330316064574006,0.005717528749985915,1.4362388888888522,0.0,0.0,0.0,6.315415999999977,0.08614049482920216,0.0,0.3032,7.3466,45.093,calibrated:/Users/let/Documents/DO_A_PAPER_May_18/Papers/Paper_xAI_in_Cyber_2/6_Analysis_Results/xai_surfacebench/data/toniot/toniot_score_stream.csv
toniot_calibrated_anchor,default,default,rtt_uncertainty,fifo_explanation,19,5000,0.0,0.017007303455577973,0.8761729999999989,0.9913667482334827,0.9894670288904805,0.8512949877649485,0.10760022293840543,1.7026916666666096,0.0,0.0,0.0,7.2114,0.08073334521899178,0.0,0.4146,7.2742,44.872,calibrated:/Users/let/Documents/DO_A_PAPER_May_18/Papers/Paper_xAI_in_Cyber_2/6_Analysis_Results/xai_surfacebench/data/toniot/toniot_score_stream.csv
toniot_calibrated_anchor,default,default,rtt_uncertainty,static_coarse_full,19,5000,0.0,0.017084700349970082,0.8817622400000011,0.8079971458367676,0.9838036387081612,0.6856921345847686,0.059294514588627716,1.3855361111110942,0.0,0.0,0.0,5.878023999999977,0.07752292153670726,0.0,0.2772,7.2876,45.0886,calibrated:/Users/let/Documents/DO_A_PAPER_May_18/Papers/Paper_xAI_in_Cyber_2/6_Analysis_Results/xai_surfacebench/data/toniot/toniot_score_stream.csv
toniot_calibrated_anchor,default,default,rtt_uncertainty,static_offload,19,5000,0.0,0.015439092116336059,0.8018426799999991,0.7250130785539357,0.8270822503125151,1.3758945893185173,0.03760649119211299,1.6190833333333272,0.801646521104656,0.0,0.0,0.9476400000000053,0.07722446897333368,0.0,0.3782,7.2638,44.9538,calibrated:/Users/let/Documents/DO_A_PAPER_May_18/Papers/Paper_xAI_in_Cyber_2/6_Analysis_Results/xai_surfacebench/data/toniot/toniot_score_stream.csv
toniot_calibrated_anchor,default,default,rtt_uncertainty,budget_only_bexgov,19,5000,0.0,0.018556307296950257,0.9600861000000015,0.5922240348015188,0.7934976033305929,0.5711759108210945,945.7571371615868,0.5886361111111378,0.0,0.7828983143012507,0.0,3.7700279999999684,0.08561384556124607,0.0,0.0,7.356,45.1726,calibrated:/Users/let/Documents/DO_A_PAPER_May_18/Papers/Paper_xAI_in_Cyber_2/6_Analysis_Results/xai_surfacebench/data/toniot/toniot_score_stream.csv
toniot_calibrated_anchor,default,default,rtt_uncertainty,xai_gate,19,5000,0.0,0.016510796962898047,0.8527857600000008,0.7698208424508377,0.8625218306900175,0.6798001682020596,108.06839143832619,0.9321666666667386,0.005060175054704595,0.22086980306345733,0.26066739606126915,5.084339999999608,0.08242699317117319,0.0,0.0,7.312,45.0346,calibrated:/Users/let/Documents/DO_A_PAPER_May_18/Papers/Paper_xAI_in_Cyber_2/6_Analysis_Results/xai_surfacebench/data/toniot/toniot_score_stream.csv
toniot_calibrated_anchor,default,default,adversarial_explanation_flood,never_explain,20,5000,0.0,0.014380769230769221,0.7478,0.0,0.0,0.0,30810.560713371135,0.0,0.0,0.0,0.0,0.0,0.8014035835167674,0.0,0.0,12.1772,45.0656,calibrated:/Users/let/Documents/DO_A_PAPER_May_18/Papers/Paper_xAI_in_Cyber_2/6_Analysis_Results/xai_surfacebench/data/toniot/toniot_score_stream.csv
toniot_calibrated_anchor,default,default,adversarial_explanation_flood,always_explain,20,5000,0.0,0.021424734564773618,1.0963300000000016,1.0,1.0,0.8499999999999499,0.0,2.8614777777776093,0.0,0.0,0.0,12.1192,0.7919964039414653,0.0402,0.6534,12.1192,45.0864,calibrated:/Users/let/Documents/DO_A_PAPER_May_18/Papers/Paper_xAI_in_Cyber_2/6_Analysis_Results/xai_surfacebench/data/toniot/toniot_score_stream.csv
toniot_calibrated_anchor,default,default,adversarial_explanation_flood,threshold_explain,20,5000,0.0,0.018363590663154874,0.9406491200000011,0.9323318119655265,0.9943053195255654,0.7919427921767471,0.21575466346143998,2.668152777777708,0.0,0.0,0.0,11.308431999999963,0.8003322357687359,0.026,0.6218,12.1382,44.948,calibrated:/Users/let/Documents/DO_A_PAPER_May_18/Papers/Paper_xAI_in_Cyber_2/6_Analysis_Results/xai_surfacebench/data/toniot/toniot_score_stream.csv
toniot_calibrated_anchor,default,default,adversarial_explanation_flood,rate_limited,20,5000,0.0,0.019718449304235382,1.0140932000000054,0.8111271843536556,0.8543231256721253,0.8591829649346068,4493.748581281788,2.290213888888824,0.0,0.0,0.0,9.754831999999846,0.7894715043074843,0.0008,0.564,12.0974,45.0688,calibrated:/Users/let/Documents/DO_A_PAPER_May_18/Papers/Paper_xAI_in_Cyber_2/6_Analysis_Results/xai_surfacebench/data/toniot/toniot_score_stream.csv
toniot_calibrated_anchor,default,default,adversarial_explanation_flood,fifo_explanation,20,5000,0.0,0.018952380768404435,0.9733789999999907,0.8793860731382322,0.87110293747625,0.8680920890291961,2733.5472668822395,2.524358333333139,0.0,0.0,0.0,10.6914,0.8012916531471288,0.0,0.6034,12.1578,44.9966,calibrated:/Users/let/Documents/DO_A_PAPER_May_18/Papers/Paper_xAI_in_Cyber_2/6_Analysis_Results/xai_surfacebench/data/toniot/toniot_score_stream.csv
toniot_calibrated_anchor,default,default,adversarial_explanation_flood,static_coarse_full,20,5000,0.0,0.02017704476632014,1.0337139200000005,0.9301166524673917,0.9937881710548129,0.789973949800104,0.2546615931673216,2.6763138888888274,0.0,0.0,0.0,11.34432799999996,0.8072050145527416,0.0204,0.625,12.2072,45.0316,calibrated:/Users/let/Documents/DO_A_PAPER_May_18/Papers/Paper_xAI_in_Cyber_2/6_Analysis_Results/xai_surfacebench/data/toniot/toniot_score_stream.csv
toniot_calibrated_anchor,default,default,adversarial_explanation_flood,static_offload,20,5000,0.0,0.01619329836459799,0.8400596799999995,0.8381605356672923,0.8351667120413293,1.2831454001053417,0.0911700664893766,3.138616666666651,0.9289780205317189,0.0,0.0,1.8226799999999888,0.8001593323441654,0.0,0.6828,12.1568,45.0212,calibrated:/Users/let/Documents/DO_A_PAPER_May_18/Papers/Paper_xAI_in_Cyber_2/6_Analysis_Results/xai_surfacebench/data/toniot/toniot_score_stream.csv
toniot_calibrated_anchor,default,default,adversarial_explanation_flood,budget_only_bexgov,20,5000,0.0,0.01823842197849524,0.940128820000003,0.6490415209575007,0.766763700164815,0.6259050386642397,6855.237050892164,0.9316155555555601,0.0,0.7244085438933491,0.18998834326618397,6.739947999999966,0.7997916805176937,0.0,0.0,12.1818,45.123,calibrated:/Users/let/Documents/DO_A_PAPER_May_18/Papers/Paper_xAI_in_Cyber_2/6_Analysis_Results/xai_surfacebench/data/toniot/toniot_score_stream.csv
toniot_calibrated_anchor,default,default,adversarial_explanation_flood,xai_gate,20,5000,0.0,0.01733388781055485,0.8934525000000009,0.6000644589871759,0.6498327753133903,0.7075558070496447,5184.704052419686,1.0,0.002771900474011383,0.1924092571634765,0.38941101215332474,6.470659999997356,0.8086673282041943,0.0094,0.0,12.1938,44.9458,calibrated:/Users/let/Documents/DO_A_PAPER_May_18/Papers/Paper_xAI_in_Cyber_2/6_Analysis_Results/xai_surfacebench/data/toniot/toniot_score_stream.csv
toniot_calibrated_anchor,default,default,transient_overload,never_explain,20,5000,0.2443991635322918,1.0246192307692457,53.2802,0.0,0.0,0.0,22407.217097555065,0.0,0.0,0.0,0.0,0.0,0.21302091882979646,0.0,0.0,10.1976,56.0452,calibrated:/Users/let/Documents/DO_A_PAPER_May_18/Papers/Paper_xAI_in_Cyber_2/6_Analysis_Results/xai_surfacebench/data/toniot/toniot_score_stream.csv
toniot_calibrated_anchor,default,default,transient_overload,always_explain,20,5000,0.25315477992102015,1.0493100662613333,53.12763700000006,1.0,1.0,0.8499999999999579,0.0,2.3851944444443265,0.0,0.0,0.0,10.102,0.19906040762356403,0.1982,0.5256,10.102,56.1662,calibrated:/Users/let/Documents/DO_A_PAPER_May_18/Papers/Paper_xAI_in_Cyber_2/6_Analysis_Results/xai_surfacebench/data/toniot/toniot_score_stream.csv
toniot_calibrated_anchor,default,default,transient_overload,threshold_explain,20,5000,0.2484172953895241,1.0469054201570307,53.199003679999954,0.8295566747621104,0.9857083571006752,0.7040918501413301,524.6035977241327,1.9617055555555203,0.0,0.0,0.0,8.321095999999962,0.2036304911418152,0.1646,0.4874,10.0468,55.6472,calibrated:/Users/let/Documents/DO_A_PAPER_May_18/Papers/Paper_xAI_in_Cyber_2/6_Analysis_Results/xai_surfacebench/data/toniot/toniot_score_stream.csv
toniot_calibrated_anchor,default,default,transient_overload,rate_limited,20,5000,0.24742284646727544,1.0371783938845562,53.365584359999964,0.616019312247529,0.6812037487230967,0.834404374815247,11038.438978819171,1.3907527777777173,0.0,0.0,0.0,6.0669519999999455,0.2038503282742936,0.0002,0.3534,10.149,56.203,calibrated:/Users/let/Documents/DO_A_PAPER_May_18/Papers/Paper_xAI_in_Cyber_2/6_Analysis_Results/xai_surfacebench/data/toniot/toniot_score_stream.csv
toniot_calibrated_anchor,default,default,transient_overload,fifo_explanation,20,5000,0.24722806679237352,1.03793585592393,53.291380999999994,0.7150997712753372,0.6597719600493395,0.8927350343086516,10514.811636672886,1.712608333333272,0.0,0.0,0.0,7.2534,0.2073858225726537,0.0,0.4432,10.1432,56.0064,calibrated:/Users/let/Documents/DO_A_PAPER_May_18/Papers/Paper_xAI_in_Cyber_2/6_Analysis_Results/xai_surfacebench/data/toniot/toniot_score_stream.csv
toniot_calibrated_anchor,default,default,transient_overload,static_coarse_full,20,5000,0.2504370226329744,1.0485357792376488,53.275491040000006,0.826013346759065,0.9857243266559452,0.7011303283381651,574.7174161128995,1.9697388888888616,0.0,0.0,0.0,8.354599999999959,0.2025571166550908,0.1664,0.489,10.1298,56.157,calibrated:/Users/let/Documents/DO_A_PAPER_May_18/Papers/Paper_xAI_in_Cyber_2/6_Analysis_Results/xai_surfacebench/data/toniot/toniot_score_stream.csv
toniot_calibrated_anchor,default,default,transient_overload,static_offload,20,5000,0.24661472365580359,1.0297695454816582,53.35089887999997,0.7427311734834537,0.8283711348893438,1.1355115537535323,634.8690309863969,2.320755555555541,0.8214580955005314,0.0,0.0,1.3571359999999628,0.20470586003587643,0.0,0.5188,10.1612,56.2306,calibrated:/Users/let/Documents/DO_A_PAPER_May_18/Papers/Paper_xAI_in_Cyber_2/6_Analysis_Results/xai_surfacebench/data/toniot/toniot_score_stream.csv
toniot_calibrated_anchor,default,default,transient_overload,budget_only_bexgov,20,5000,0.24687445113485051,1.0389490873833362,53.266220259999976,0.5953937490121652,0.7861937428073081,0.5822645013434387,5183.710427435092,0.8068638888889339,0.0,0.799845898530109,0.0,5.2078999999999755,0.20441590611380933,0.008,0.0,10.1232,56.0338,calibrated:/Users/let/Documents/DO_A_PAPER_May_18/Papers/Paper_xAI_in_Cyber_2/6_Analysis_Results/xai_surfacebench/data/toniot/toniot_score_stream.csv
toniot_calibrated_anchor,default,default,transient_overload,xai_gate,20,5000,0.24777854290067217,1.0363314512984179,53.23818117499982,0.6438817361423181,0.6889522774517657,0.794444669339387,4948.970075384662,1.0,0.25299658379573864,0.15507197725163405,0.4970231630490377,3.8405249999965765,0.2017551353609015,0.0146,0.0,10.1282,56.1856,calibrated:/Users/let/Documents/DO_A_PAPER_May_18/Papers/Paper_xAI_in_Cyber_2/6_Analysis_Results/xai_surfacebench/data/toniot/toniot_score_stream.csv
toniot_calibrated_anchor,default,default,non_markovian,never_explain,20,5000,0.13881950025703962,1.2848153846153993,66.8104,0.0,0.0,0.0,19908.518695350136,0.0,0.0,0.0,0.0,0.0,0.13172255166738145,0.0,0.0,9.3782,55.2444,calibrated:/Users/let/Documents/DO_A_PAPER_May_18/Papers/Paper_xAI_in_Cyber_2/6_Analysis_Results/xai_surfacebench/data/toniot/toniot_score_stream.csv
toniot_calibrated_anchor,default,default,non_markovian,always_explain,20,5000,0.1417014102223853,1.2101545309567416,61.853912000000044,1.0,1.0,0.8499999999999577,0.0,2.216091666666556,0.0,0.0,0.0,9.3858,0.13741215648778682,0.0956,0.554,9.3858,55.0126,calibrated:/Users/let/Documents/DO_A_PAPER_May_18/Papers/Paper_xAI_in_Cyber_2/6_Analysis_Results/xai_surfacebench/data/toniot/toniot_score_stream.csv
toniot_calibrated_anchor,default,default,non_markovian,threshold_explain,20,5000,0.14164996015416703,1.2369609465853897,63.397659080000174,0.8132786325515888,0.9845061599938976,0.6902434860544917,9.107100066575946,1.7938972222221856,0.0,0.0,0.0,7.609663999999963,0.1316458019396456,0.0842,0.4372,9.3722,55.2128,calibrated:/Users/let/Documents/DO_A_PAPER_May_18/Papers/Paper_xAI_in_Cyber_2/6_Analysis_Results/xai_surfacebench/data/toniot/toniot_score_stream.csv
toniot_calibrated_anchor,default,default,non_markovian,rate_limited,20,5000,0.13974992313912893,1.2440568889032275,64.11952251999999,0.7243656403755877,0.8009135415723223,0.7871291064177126,2857.8214729614187,1.480516666666629,0.0,0.0,0.0,6.501191999999992,0.13027978328391487,0.001,0.3282,9.3086,54.9044,calibrated:/Users/let/Documents/DO_A_PAPER_May_18/Papers/Paper_xAI_in_Cyber_2/6_Analysis_Results/xai_surfacebench/data/toniot/toniot_score_stream.csv
toniot_calibrated_anchor,default,default,non_markovian,fifo_explanation,20,5000,0.13762000921881587,1.2679247704827956,65.25555899999989,0.8282422119895367,0.7907524986365171,0.8757636682015288,1780.8421880131737,1.8091777777777243,0.0,0.0,0.0,7.6624,0.12813421424233984,0.0,0.4476,9.2514,54.6708,calibrated:/Users/let/Documents/DO_A_PAPER_May_18/Papers/Paper_xAI_in_Cyber_2/6_Analysis_Results/xai_surfacebench/data/toniot/toniot_score_stream.csv
toniot_calibrated_anchor,default,default,non_markovian,static_coarse_full,20,5000,0.13961655107073898,1.2559117122812637,64.38245804,0.8098920901894329,0.9839225433060271,0.6872996803466761,8.448691770472818,1.7765888888888557,0.0,0.0,0.0,7.537039999999958,0.12372742022193806,0.0794,0.4284,9.3226,55.3076,calibrated:/Users/let/Documents/DO_A_PAPER_May_18/Papers/Paper_xAI_in_Cyber_2/6_Analysis_Results/xai_surfacebench/data/toniot/toniot_score_stream.csv
toniot_calibrated_anchor,default,default,non_markovian,static_offload,20,5000,0.13450569108056712,1.1770722106916445,61.06453248000002,0.7283569075760647,0.8269884816299038,1.1130911322095833,10.724116674808084,2.0796277777777648,0.8050550065663415,0.0,0.0,1.2186159999999848,0.12628619439221067,0.0,0.5224,9.2898,54.9878,calibrated:/Users/let/Documents/DO_A_PAPER_May_18/Papers/Paper_xAI_in_Cyber_2/6_Analysis_Results/xai_surfacebench/data/toniot/toniot_score_stream.csv
toniot_calibrated_anchor,default,default,non_markovian,budget_only_bexgov,20,5000,0.14019739646576726,1.222861490241018,63.02742223999997,0.5889376906318016,0.7882079221690036,0.5735065359477065,3389.855521761068,0.7259461111111497,0.0,0.7866448801742919,0.0,4.673563999999995,0.12256090626616523,0.013,0.0,9.18,54.5182,calibrated:/Users/let/Documents/DO_A_PAPER_May_18/Papers/Paper_xAI_in_Cyber_2/6_Analysis_Results/xai_surfacebench/data/toniot/toniot_score_stream.csv
toniot_calibrated_anchor,default,default,non_markovian,xai_gate,20,5000,0.13870592377781227,1.3467636538898522,69.61704492,0.6868093029194671,0.7535118781100718,0.7595337901097785,1327.0962663216014,0.9785855555557094,0.22033790109796578,0.21778449229721678,0.46106051578857776,4.135387999999657,0.13147538891757748,0.0062,0.0,9.3992,55.3802,calibrated:/Users/let/Documents/DO_A_PAPER_May_18/Papers/Paper_xAI_in_Cyber_2/6_Analysis_Results/xai_surfacebench/data/toniot/toniot_score_stream.csv
toniot_calibrated_anchor,default,default,rtt_uncertainty,never_explain,20,5000,0.0,0.014534615384615375,0.7558,0.0,0.0,0.0,13612.874173720562,0.0,0.0,0.0,0.0,0.0,0.0816963281351748,0.0,0.0,7.3082,45.0416,calibrated:/Users/let/Documents/DO_A_PAPER_May_18/Papers/Paper_xAI_in_Cyber_2/6_Analysis_Results/xai_surfacebench/data/toniot/toniot_score_stream.csv
toniot_calibrated_anchor,default,default,rtt_uncertainty,always_explain,20,5000,0.0,0.018281781757850647,0.941415999999998,1.0,1.0,0.8499999999999722,0.0,1.7356999999999434,0.0,0.0,0.0,7.3512,0.08880535338185624,0.0,0.4246,7.3512,45.0108,calibrated:/Users/let/Documents/DO_A_PAPER_May_18/Papers/Paper_xAI_in_Cyber_2/6_Analysis_Results/xai_surfacebench/data/toniot/toniot_score_stream.csv
toniot_calibrated_anchor,default,default,rtt_uncertainty,threshold_explain,20,5000,0.0,0.017800084988152266,0.9181131200000001,0.809194477037688,0.983635001189958,0.6866619368570365,0.06432814383802103,1.395347222222206,0.0,0.0,0.0,5.920063999999978,0.0853835878936493,0.0,0.2854,7.3294,45.0188,calibrated:/Users/let/Documents/DO_A_PAPER_May_18/Papers/Paper_xAI_in_Cyber_2/6_Analysis_Results/xai_surfacebench/data/toniot/toniot_score_stream.csv
toniot_calibrated_anchor,default,default,rtt_uncertainty,rate_limited,20,5000,0.0,0.016974477942076405,0.8754019200000004,0.890594317371547,0.986900556393118,0.7306483462234574,0.006504425257386119,1.4196083333332978,0.0,0.0,0.0,6.247967999999973,0.0812782463257562,0.0,0.2916,7.2924,44.9616,calibrated:/Users/let/Documents/DO_A_PAPER_May_18/Papers/Paper_xAI_in_Cyber_2/6_Analysis_Results/xai_surfacebench/data/toniot/toniot_score_stream.csv
toniot_calibrated_anchor,default,default,rtt_uncertainty,fifo_explanation,20,5000,0.0,0.018145256565905286,0.9347799999999977,0.992048424817719,0.9902941358663926,0.8511927362773124,0.10335085891977412,1.7026444444443856,0.0,0.0,0.0,7.2112,0.0785426542921357,0.0,0.4114,7.269,44.931,calibrated:/Users/let/Documents/DO_A_PAPER_May_18/Papers/Paper_xAI_in_Cyber_2/6_Analysis_Results/xai_surfacebench/data/toniot/toniot_score_stream.csv
toniot_calibrated_anchor,default,default,rtt_uncertainty,static_coarse_full,20,5000,0.0,0.017910677620328386,0.9241544800000001,0.8052596079726946,0.9831766368169115,0.6832851558198385,0.05990374017945576,1.3761611111110954,0.0,0.0,0.0,5.838999999999979,0.07796266125370166,0.0,0.275,7.2648,44.9292,calibrated:/Users/let/Documents/DO_A_PAPER_May_18/Papers/Paper_xAI_in_Cyber_2/6_Analysis_Results/xai_surfacebench/data/toniot/toniot_score_stream.csv
toniot_calibrated_anchor,default,default,rtt_uncertainty,static_offload,20,5000,0.0,0.014476693745180071,0.7518357599999989,0.7264554558961205,0.8270385222541097,1.3781007372440757,0.03837948851961245,1.6233055555555487,0.8031145105376107,0.0,0.0,0.9506000000000032,0.07846671740617461,0.0,0.3876,7.2692,44.9354,calibrated:/Users/let/Documents/DO_A_PAPER_May_18/Papers/Paper_xAI_in_Cyber_2/6_Analysis_Results/xai_surfacebench/data/toniot/toniot_score_stream.csv
toniot_calibrated_anchor,default,default,rtt_uncertainty,budget_only_bexgov,20,5000,0.0,0.01602846089140746,0.829425680000002,0.591909321008027,0.7932027797845499,0.571091944536149,873.9941830742899,0.5802050000000236,0.0,0.7848024650599758,0.0,3.7222239999999642,0.07901591895803306,0.0,0.0,7.2696,44.915,calibrated:/Users/let/Documents/DO_A_PAPER_May_18/Papers/Paper_xAI_in_Cyber_2/6_Analysis_Results/xai_surfacebench/data/toniot/toniot_score_stream.csv
toniot_calibrated_anchor,default,default,rtt_uncertainty,xai_gate,20,5000,0.0,0.01620546404970827,0.8371167000000003,0.7714621806923235,0.8643690843489185,0.6800672140117965,95.16119076017192,0.9305650000000725,0.00536326440340595,0.2198385491540418,0.25082937078403184,5.042587999999605,0.07528991388049366,0.0,0.0,7.2344,44.8524,calibrated:/Users/let/Documents/DO_A_PAPER_May_18/Papers/Paper_xAI_in_Cyber_2/6_Analysis_Results/xai_surfacebench/data/toniot/toniot_score_stream.csv
