stage,variant,ablation,regime,policy,seed_count,ci95_alerts_per_slot,ci95_attacker_trigger_gain,ci95_audit_rate,ci95_budget_violation_rate,ci95_explanation_coverage,ci95_exposure_budget_violation_rate,ci95_exposure_use,ci95_high_risk_explanation_coverage,ci95_local_compute_load,ci95_mean_explanation_debt,ci95_mean_explanation_delay,ci95_mean_packet_delay,ci95_mean_packet_queue,ci95_offload_rate,ci95_packet_drop_rate,ci95_packets_per_slot,ci95_redaction_rate,mean_alerts_per_slot,mean_attacker_trigger_gain,mean_audit_rate,mean_budget_violation_rate,mean_explanation_coverage,mean_exposure_budget_violation_rate,mean_exposure_use,mean_high_risk_explanation_coverage,mean_local_compute_load,mean_mean_explanation_debt,mean_mean_explanation_delay,mean_mean_packet_delay,mean_mean_packet_queue,mean_offload_rate,mean_packet_drop_rate,mean_packets_per_slot,mean_redaction_rate
tuned_baseline_envelopes,always_default,default,adversarial_explanation_flood,always_explain,20,0.018030746363744386,0.002172557596782923,0.0,0.001042142388493404,0.0,0.0009672806156817628,0.004257259558107258,0.0,0.018030746363744386,0.0,1.5121830663719953e-15,0.0004312217377361936,0.02206149233125949,0.0,0.0,0.041149274111241495,0.0,12.15074,0.7995693652637067,0.0,0.04135,1.0,0.65195,2.868924722222167,1.0,12.15074,0.0,0.8499999999999837,0.020112911473985282,1.0292772500000011,0.0,0.0,45.01352,0.0
tuned_baseline_envelopes,always_default,default,non_markovian,always_explain,20,0.03874249572223464,0.0026449139389485084,0.0,0.0009518567384466609,0.0,0.003984243825766424,0.009147533712193491,0.0,0.03874249572223464,0.0,1.5534399387351774e-15,0.024199975824813622,1.2457934096335344,0.0,0.0008727015373127432,0.1381236192195503,0.0,9.30038,0.12894052678315182,0.0,0.09573000000000001,1.0,0.54535,2.1959230555554066,1.0,9.30038,0.0,0.8499999999999422,1.274941373027371,65.21507959999995,0.0,0.13849643299720502,54.92024,0.0
tuned_baseline_envelopes,always_default,default,rtt_uncertainty,always_explain,20,0.013315720829629613,0.0017636829281956665,0.0,8.279023588500479e-05,0.0,0.0015225913063970182,0.0031439896403292252,0.0,0.013315720829629613,0.0,1.5216708837245592e-15,0.00044831504295279336,0.0230902610844135,0.0,0.0,0.04188738378170406,0.0,7.2849900000000005,0.07960161196680317,0.0,0.00019,1.0,0.41780999999999996,1.720067083333252,1.0,7.2849900000000005,0.0,0.8499999999999597,0.017656120426326354,0.90928695,0.0,0.0,44.98569,0.0
tuned_baseline_envelopes,always_default,default,transient_overload,always_explain,20,0.022444272511923286,0.002269843694587262,0.0,0.0008781978868233821,0.0,0.0005041551223268652,0.005299342120870825,0.0,0.022444272511923286,0.0,1.368255776487205e-15,0.00038752197531427747,0.019392722017571817,0.0,0.0005311282441571348,0.046900549698585266,0.0,10.1158,0.20156223686336242,0.0,0.19924,1.0,0.52543,2.388452777777555,1.0,10.1158,0.0,0.8499999999999206,1.0520863645447012,53.27354660000001,0.0,0.2508558869933341,56.12573,0.0
tuned_baseline_envelopes,bexgov_pressure_0.55,default,adversarial_explanation_flood,budget_only_bexgov,20,0.020416454517915288,0.0027621028861023783,0.0005543226187376128,0.0,0.0005130987129123995,0.0,0.0005384178465838604,0.0002862067711809258,0.00941674411234622,26.73043260749498,0.0005600771568118619,0.00045035352100900267,0.023255497193383004,0.0,0.0,0.039445598503468474,0.0018179556464872368,12.16183,0.8013552278776309,0.14053615239497821,0.0,0.5095509210654572,0.0,0.9185125833333692,0.7731177141219168,5.347934199999903,5353.829919010381,0.42339939473286725,0.016834697423982827,0.869265662000001,0.0,0.0,45.00996,0.14201918290566123
tuned_baseline_envelopes,bexgov_pressure_0.55,default,non_markovian,budget_only_bexgov,20,0.03187215251641273,0.002034935490997237,0.000560134959433848,0.0001560243975523666,0.0005568094548863934,0.0,0.002050102990608916,0.0006086744362876588,0.010185870807813009,47.67523432840188,0.0005539384782071783,0.020396077030079673,1.0576421358030423,0.0,0.0010024368305308934,0.12925329666881158,0.0,9.33567,0.13123001456632197,0.08988485128000423,0.00046,0.3892212258072159,0.0,0.5951001111111535,0.7515771915240401,3.117648200000139,3317.741408491945,0.30267734082209896,1.2535615179929303,64.79979627299997,0.0,0.13686937484655753,55.01742,0.0
tuned_baseline_envelopes,bexgov_pressure_0.55,default,rtt_uncertainty,budget_only_bexgov,20,0.017176279822935757,0.0022112318343237036,0.0006899181010304044,0.0,0.0009137125584294222,0.0,0.001592550008702649,0.0007263945160905586,0.006901153004245656,27.270814372732435,0.0008013327713027661,0.00047526925579964807,0.024640172751435548,0.0,0.0,0.03930273931784321,0.0,7.30183,0.08038949733708452,0.08310772727208317,0.0,0.3920929323671826,0.0,0.4568625277778028,0.753455889889963,2.426922400000108,594.3694854204062,0.3005256615556743,0.01565505880111857,0.8114485429999997,0.0,0.0,45.056709999999995,0.0
tuned_baseline_envelopes,bexgov_pressure_0.55,default,transient_overload,budget_only_bexgov,20,0.026524307282030653,0.0022928878525905953,0.0007325175337335153,4.1211546670167185e-05,0.0006342046494130075,0.0,0.0021018482783219656,0.000520371418914053,0.009564741559604031,28.807284283913763,0.0005591195486763556,0.0005290363721413124,0.026753656379931778,0.0,0.0005196718948781789,0.06255100989274381,0.0,10.11849,0.20165705523661007,0.09592434793259225,6.000000000000001e-05,0.39979215414000235,0.0,0.6675021944444968,0.7572535611875565,3.4839606000000565,4759.7118853639795,0.31250424176664277,1.0349383127350738,53.28730508900001,0.0,0.24703917491504415,56.13604,0.0
tuned_baseline_envelopes,bexgov_pressure_0.72,default,adversarial_explanation_flood,budget_only_bexgov,20,0.023164651458361503,0.002261784481192173,0.0008717233840144185,0.0,0.00048475290162558303,0.0,0.0005244585417183063,0.00031031293972450744,0.00899145795881298,31.290917161128036,0.0005185638019986297,0.0006686080065676641,0.03453415995409636,0.0,0.0,0.044387774565242184,0.0017138372884370119,12.14238,0.797827955869032,0.14031157122391885,0.0,0.5106973873793706,0.0,0.9184609722222564,0.7736797284070993,5.3492201999999045,5294.8107579353455,0.42408974036100017,0.017086759412152114,0.8822300900000011,0.0,0.0,45.02599,0.14211409464648567
tuned_baseline_envelopes,bexgov_pressure_0.72,default,non_markovian,budget_only_bexgov,20,0.0297271163258839,0.0024580316728387373,0.0006018629276537347,0.00010866400168941825,0.0005507707446641897,0.0,0.002454098839708579,0.0005801818109912748,0.012084061785704819,47.789648326562414,0.0005240537031039535,0.012363518379533688,0.6409314049044095,0.0,0.0006797334031446524,0.10444843068216197,0.0,9.3208,0.129564476807438,0.08976447591683002,0.00035999999999999997,0.39773013254889045,0.0,0.5991281944444882,0.7568678391187794,3.1621564000001428,3169.223130875191,0.3073913771029566,1.2506149849947072,64.63421489499999,0.0,0.1370506830911884,55.01092,0.0
tuned_baseline_envelopes,bexgov_pressure_0.72,default,rtt_uncertainty,budget_only_bexgov,20,0.010578889584948233,0.001455264170042682,0.0007637086374480051,0.0,0.0009410701381757268,0.0,0.0011402048055676806,0.0005116018861882826,0.00580319573076048,20.99571709992691,0.0007585656830992959,0.0004053932910480825,0.02101392533809888,0.0,0.0,0.034891371593440586,0.0,7.28583,0.0796704870753459,0.08226064755164067,0.0,0.39208360149467436,0.0,0.4561705833333585,0.7535398736029377,2.421858000000107,585.3605525102265,0.3004099253936014,0.015359181219950396,0.796110798,0.0,0.0,44.98802,0.0
tuned_baseline_envelopes,bexgov_pressure_0.72,default,transient_overload,budget_only_bexgov,20,0.020345505595714842,0.002285972139581887,0.0005305534611965599,4.1211546670167185e-05,0.0005647593115769515,0.0,0.0015683934190127338,0.0004830104940602883,0.007997205612115319,23.186837834178284,0.00043732787839103184,0.0005058828120775026,0.026333150562984187,0.0,0.00043059137319490214,0.06026783364527683,0.0,10.12128,0.20193737633101222,0.09636254021032085,6.000000000000001e-05,0.41134536309316233,0.0,0.6744633888889415,0.7637158834641832,3.5570198000000355,4570.856693200647,0.3189435368056007,1.0353498104183987,53.28995006500001,0.0,0.2473648311194315,56.1388,0.0
tuned_baseline_envelopes,bexgov_pressure_0.88,default,adversarial_explanation_flood,budget_only_bexgov,20,0.022651609625157523,0.0028669324766426533,0.0007048307075560807,0.0,0.0003946689309737788,0.0,0.0005664121919611214,0.00030384794240071063,0.009823934356269295,30.77003468833638,0.000467722884209561,0.00047674566610447577,0.024621390990221276,0.0,0.0,0.04544502754942967,0.0018608217658722644,12.148399999999999,0.7988739008889081,0.14044820639374073,0.0,0.5101231161389478,0.0,0.9180244166667011,0.7735824529756471,5.3439073999999085,5314.5254904159465,0.4232957816701638,0.01708076062211724,0.881956416000001,0.0,0.0,45.02225,0.14035869172155419
tuned_baseline_envelopes,bexgov_pressure_0.88,default,non_markovian,budget_only_bexgov,20,0.02818579820353731,0.0019199552578983141,0.0006160781423852013,0.00022478244921186397,0.0004919046642449722,0.0,0.0022149226064579895,0.0005424009690612459,0.011004451327196806,36.00307391743174,0.00045423321542816225,0.02149415372251215,1.1142651490579465,0.0,0.0008029201613116304,0.11923942519309187,0.0,9.31589,0.13092267011420877,0.08963396574675431,0.0011899999999999999,0.4003439902478382,0.0,0.5998980277778221,0.7585912896116543,3.1746560000001414,3122.279433483816,0.30873990197959744,1.2366818642225248,63.90685242099998,0.0,0.13743764929318508,54.915949999999995,0.0
tuned_baseline_envelopes,bexgov_pressure_0.88,default,rtt_uncertainty,budget_only_bexgov,20,0.01511323224170065,0.002235758642971136,0.0007080409324202743,0.0,0.000804125257380893,0.0,0.0015387984067071513,0.0006136629872605603,0.006941386653048207,26.099305908917838,0.000715944029160902,0.00037462865543580844,0.01942090893182651,0.0,0.0,0.036358008063554395,0.0,7.28199,0.07969222732196025,0.0824132492198468,0.0,0.3928651164363496,0.0,0.45717991666669155,0.7540209975241593,2.4261394000001077,574.9424261162272,0.3010848627935289,0.014983400617784462,0.7766136609999998,0.0,0.0,44.963440000000006,0.0
tuned_baseline_envelopes,bexgov_pressure_0.88,default,transient_overload,budget_only_bexgov,20,0.020080368279071906,0.0023228958443543887,0.0004026669802020979,0.00012157323112558861,0.000587067983315977,0.0,0.0021057169599561784,0.0004968604609132897,0.009749538669182062,20.51534123093834,0.0004971875309996804,0.0005620254497974786,0.02829503777928673,0.0,0.0004641645690217852,0.04424935606130326,0.0,10.12809,0.202597998935242,0.09599863221597929,0.00027,0.41305334936238874,0.0,0.6763807500000525,0.7650718522432289,3.5708044000000276,4546.587156222868,0.319879167134474,1.0351217902960383,53.274134573000005,0.0,0.24729977078103862,56.145669999999996,0.0
tuned_baseline_envelopes,fifo_quota_10,default,adversarial_explanation_flood,fifo_explanation,20,0.021088542988576868,0.002296795773193696,0.0,0.0,0.0011572736731224392,0.0005810821121430544,0.001558962919533286,0.001962490982542982,0.006602666482725405,84.16842420814432,0.0001735910509680513,0.0006487167101475064,0.03338481161380604,0.0,0.0,0.05428542859337428,0.0,12.14291,0.8003089784850486,0.0,0.0,0.7797744403276315,0.5527,2.2356463888888363,0.5917236509496397,9.46862,6270.460296710994,0.8830338339508309,0.018101745803228785,0.9314361500000092,0.0,0.0,44.96603,0.0
tuned_baseline_envelopes,fifo_quota_10,default,non_markovian,fifo_explanation,20,0.03045792436802644,0.0016248478999613182,0.0,0.0,0.0012723462892424199,0.0022092654649762773,0.0054446863711965195,0.0016398324151233297,0.023059848160361943,72.60610195147058,0.00019085194338610157,0.021513739472983576,1.1092929184524456,0.0,0.0007741683899330961,0.14561448888233336,0.0,9.31887,0.12911206535680667,0.0,0.0,0.7800204078211312,0.41740000000000005,1.7162562499999292,0.5888749568033378,7.2688500000000005,2021.4832792032933,0.8829969388267681,1.295093816615787,66.72972659999982,0.0,0.13752645653369372,55.0216,0.0
tuned_baseline_envelopes,fifo_quota_10,default,rtt_uncertainty,fifo_explanation,20,0.014484869018828988,0.0019483419592806665,0.0,0.0,0.0007539279422244808,0.0014091927244833612,0.0028253032662460815,0.0017424553900189728,0.011965990304103339,0.015075071563762279,0.00011308919133368929,0.0005227823452198042,0.026940690624499244,0.0,0.0,0.03287603127078932,0.0,7.29633,0.08125547704239054,0.0,0.0,0.9650644915938618,0.39872,1.6625527777777034,0.913888282129278,7.0414,0.3686156722222212,0.8552403262608804,0.017295306874736616,0.8914357000000033,0.0,0.0,44.98676,0.0
tuned_baseline_envelopes,fifo_quota_10,default,transient_overload,fifo_explanation,20,0.020754089290394892,0.001828806218314372,0.0,0.0,0.0009739525721635597,0.000761113040916151,0.003543671183197083,0.001257999174680924,0.015008489717069114,41.7639786924248,0.00014609288582412665,0.0004571328283531376,0.023592873948939417,0.0,0.0004258859825285456,0.05332864299042292,0.0,10.14145,0.20411949281103992,0.0,0.0,0.6688139939791037,0.41183,1.6014755555554576,0.43743752416874865,6.78272,9472.300810891353,0.8996779009030564,1.0354736752910132,53.27730885,0.0,0.24729542421252115,56.1485,0.0
tuned_baseline_envelopes,fifo_quota_14,default,adversarial_explanation_flood,fifo_explanation,20,0.021208465600916646,0.002824910799140929,0.0,0.0,0.0007628552167384787,0.0009160055113601128,0.0038158140284870307,0.0015218888104723285,0.016161094708882648,1.7062439493360329,0.00011442828251112026,0.00036273967612485364,0.018596046427304933,0.0,0.0,0.0375762308472004,0.0,12.13107,0.7973166574162746,0.0,0.0,0.9444837862529674,0.63029,2.7052548611110465,0.8884389540603221,11.457550000000001,16.43259442888889,0.858327432062034,0.01902169032367254,0.9755069000000043,0.0,0.0,44.99698,0.0
tuned_baseline_envelopes,fifo_quota_14,default,non_markovian,fifo_explanation,20,0.03373751113074058,0.002313450375551513,0.0,0.0,0.001188840185197772,0.001453957372863893,0.006162984238150399,0.002023063810427123,0.02610205089098917,8.997094771318743,0.00017832602777960473,0.01563641166507837,0.8062268960124775,0.0,0.000815008724005971,0.11966117529473765,0.0,9.29864,0.12710445813437718,0.0,0.0,0.8588875909048161,0.47045000000000003,1.885677777777681,0.7026903410249976,7.986400000000001,234.87680397666645,0.8711668613642155,1.2969468803442377,66.68698729999997,0.0,0.13790212262849147,54.99959,0.0
tuned_baseline_envelopes,fifo_quota_14,default,rtt_uncertainty,fifo_explanation,20,0.015055380740942299,0.0019456267210327647,0.0,0.0,0.00018336901985466046,0.0016866492450386594,0.003498506566870496,0.00048810421460642524,0.014817204283215037,0.002821511243651046,2.75053529779547e-05,0.00036783273151417596,0.01895658911385072,0.0,0.0,0.03814473595589904,0.0,7.28599,0.07940558497924072,0.0,0.0,0.9980994666366391,0.41811,1.7170330555554734,0.9948236344386275,7.27214,0.022240997777777778,0.8502850800044633,0.017724956435809493,0.9129349000000003,0.0,0.0,44.99998,0.0
tuned_baseline_envelopes,fifo_quota_14,default,transient_overload,fifo_explanation,20,0.023485906965936568,0.002654153464019039,0.0,0.0,0.0013357272699749758,0.0006695328835130238,0.0031526761696840035,0.0020764610119152053,0.01335251083630654,55.61292456376921,0.00020035909049645305,0.0005717886928707923,0.029488951045208652,0.0,0.00036422013048635263,0.04206569054519631,0.0,10.11861,0.20205593592898782,0.0,0.0,0.7617394219352243,0.46663,1.8198594444443483,0.5243985302664308,7.7076400000000005,7252.506749340091,0.885739086709638,1.0399268158223351,53.28064744999999,0.0,0.24799392780648807,56.118359999999996,0.0
tuned_baseline_envelopes,fifo_quota_18,default,adversarial_explanation_flood,fifo_explanation,20,0.022346499176946345,0.002686872433250942,0.0,0.0,0.00023969789117200214,0.0008632787389091873,0.004882365696672133,0.0005104206850176161,0.020678254715318155,0.028793529954375827,3.595468367608264e-05,0.0005759317931476974,0.029506018547546205,0.0,0.0,0.046568917485694764,0.0,12.14414,0.7995233758799357,0.0,0.0,0.992810932991906,0.6486099999999999,2.846749166666612,0.9849737970757955,12.05682,0.46429735111111103,0.8510783600511976,0.019854834291002887,1.0165226499999978,0.0,0.0,44.9902,0.0
tuned_baseline_envelopes,fifo_quota_18,default,non_markovian,fifo_explanation,20,0.030563154143648585,0.0023510920367929085,0.0,0.0,0.001441119156287061,0.0034812549400890912,0.006277970740318334,0.0031765280862218735,0.02658905254724213,4.08347032135112,0.00021616787344290044,0.01931868464847974,0.994096316349548,0.0,0.0010501266971180135,0.11407922534360891,0.0,9.32662,0.1299189704997184,0.0,0.0,0.9054598267472924,0.49955,1.9939134722221017,0.7776387739466619,8.44481,122.8103405322222,0.8641810259878449,1.2895101573355094,66.18990699999996,0.0,0.13939645502588133,55.02797,0.0
tuned_baseline_envelopes,fifo_quota_18,default,rtt_uncertainty,fifo_explanation,20,0.01568210427985385,0.002130515067005904,0.0,0.0,2.0403669514445875e-05,0.0018888928843163774,0.0036942689724365524,5.639096995654659e-05,0.015646315647966116,0.0004142852653039189,3.0605504273823056e-06,0.0004627815094832477,0.023837220717354224,0.0,0.0,0.04638829244049898,0.0,7.29316,0.0802921070549935,0.0,0.0,0.9999465776373903,0.41875999999999997,1.7219040277776947,0.999847999504037,7.29277,0.0008160322222222222,0.8500080133543504,0.01816703238559799,0.9356556499999998,0.0,0.0,45.00737,0.0
tuned_baseline_envelopes,fifo_quota_18,default,transient_overload,fifo_explanation,20,0.016267099518514808,0.0018452729754664685,0.0,0.0,0.001048128788653188,0.0005233024203631155,0.0035089331269346834,0.0020335823957686214,0.01486136383172642,39.93439386880647,0.00015721931829771197,0.000633478489490435,0.032590279737525256,0.0,0.0005149995802948419,0.04524111919542594,0.0,10.128730000000001,0.20232773331573678,0.0,0.0,0.8455337793568335,0.49576000000000003,2.0220933333331863,0.6462380063956069,8.56416,4926.920868199944,0.8731699330963952,1.0444387099280545,53.29212970000001,0.0,0.24890522650516167,56.16184,0.0
tuned_baseline_envelopes,fifo_quota_24,default,adversarial_explanation_flood,fifo_explanation,20,0.01908607619899099,0.002765011799125718,0.0,0.0006658991926236595,2.6825681013353235e-05,0.0011654997897897702,0.004481531367991551,5.733405871186415e-05,0.018980603440909124,0.0020066447161278364,4.023852151864943e-06,0.0006487928837663301,0.033207873103899936,0.0,0.0,0.03974507840981218,0.0,12.1488,0.8005518413746662,0.0,0.04127,0.9998881221609299,0.65104,2.8681455555554987,0.9997590796806506,12.14744,0.005950308888888889,0.8500167816758436,0.019973937373446972,1.0222004500000008,0.0,0.0,44.98184,0.0
tuned_baseline_envelopes,fifo_quota_24,default,non_markovian,fifo_explanation,20,0.02426649313028364,0.002022206356848708,0.0,0.0007556342195031998,0.0009593247476213173,0.0014074914721626305,0.005436290188221599,0.002386968686693366,0.023024287855996518,1.1846950894717656,0.00014389871214322264,0.025675589668419038,1.3233604603477214,0.0,0.0005946650364246741,0.1013878132029267,0.0,9.3337,0.13135958204068326,0.0,0.0954,0.9582464731920245,0.52529,2.111768333333192,0.8899499076677401,8.94396,32.231364874444466,0.8562630290211365,1.2983283115454625,66.51818075,0.0,0.13903589988525505,54.99988,0.0
tuned_baseline_envelopes,fifo_quota_24,default,rtt_uncertainty,fifo_explanation,20,0.017295487487172644,0.0027110530175996263,0.0,0.00012363464001050153,0.0,0.001946808132086441,0.004083656767803679,0.0,0.017295487487172644,0.0,1.288086677018621e-15,0.0005334794331738202,0.027484735882404486,0.0,0.0,0.04377892226116878,0.0,7.28957,0.07914184675394975,0.0,0.00022,1.0,0.41913,1.7211484722221388,1.0,7.28957,0.0,0.8499999999999588,0.018294612718517393,0.9421621,0.0,0.0,45.03331,0.0
tuned_baseline_envelopes,fifo_quota_24,default,transient_overload,fifo_explanation,20,0.02033904649402999,0.0022348767485300307,0.0,0.0008382897677634161,0.0008969582107920255,0.0005550096063654206,0.0035893660203315386,0.002140608834206289,0.01520202079198682,37.75714562225794,0.00013454373161873658,0.0005190037648421672,0.0270367004648596,0.0,0.0004243739738563754,0.04210686033025485,0.0,10.12689,0.20208573444336392,0.0,0.19841999999999999,0.9453343768752601,0.51755,2.2603483333331287,0.858637196341719,9.57324,1269.3509791800002,0.8581998434686302,1.0495902108040496,53.29166685000001,0.0,0.24986020588983573,56.162879999999994,0.0
tuned_baseline_envelopes,fifo_quota_6,default,adversarial_explanation_flood,fifo_explanation,20,0.020452482976993563,0.0026427520083048737,0.0,0.0,0.0008371933165759766,0.00018922937348486463,0.00036611204384260655,0.0009141299072443852,0.001550592185687731,84.30855629910442,0.00012557899748650512,0.0005507085978742635,0.028455729128577044,0.0,0.0,0.050238502761045724,0.0,12.144580000000001,0.7981913879415847,0.0,0.0,0.49161302153587866,0.29073000000000004,1.4096659722222016,0.20907913648355586,5.97035,16820.20931467616,0.926258046769586,0.016196743694182458,0.8368881999999896,0.0,0.0,45.02523,0.0
tuned_baseline_envelopes,fifo_quota_6,default,non_markovian,fifo_explanation,20,0.031081225888578548,0.0017965839107537609,0.0,0.0,0.0010704653691645319,0.00193238610939674,0.002391124952418507,0.0017082938075824949,0.010127117445541437,76.97603616425918,0.00016056980537519817,0.02146674094688652,1.1094059931800995,0.0,0.000791579025563521,0.15716908872405383,0.0,9.30165,0.12887303092544616,0.0,0.0,0.5868775340152705,0.22406,1.2888786111110841,0.324538008345905,5.45878,6908.892857740962,0.9119683698976431,1.2683548548676389,65.55121394999978,0.0,0.13677273743792837,54.931709999999995,0.0
tuned_baseline_envelopes,fifo_quota_6,default,rtt_uncertainty,fifo_explanation,20,0.01635106246771618,0.0022976683928251965,0.0,0.0,0.0013034719516353984,0.0009039739912420628,0.0015228616368138223,0.0022583189256741736,0.006449766932386454,43.83087046433135,0.00019552079274577286,0.0004815346777087658,0.02488887271753246,0.0,0.0,0.04428979639838652,0.0,7.29204,0.08010902143995956,0.0,0.0,0.752431461135602,0.22827999999999998,1.295463749999978,0.5095822843422984,5.48667,315.99889736000824,0.8871352808296207,0.016869922104544938,0.8718265999999909,0.0,0.0,45.0081,0.0
tuned_baseline_envelopes,fifo_quota_6,default,transient_overload,fifo_explanation,20,0.018478820389784018,0.002093090619995675,0.0,0.0,0.0008106710940859515,0.0011185836307345844,0.0013784401053298773,0.001184984882652888,0.005838099269634344,46.3998920173311,0.0001216006641129713,0.0006477218403847644,0.03348921834336066,0.0,0.00038006513230667187,0.048583673607195725,0.0,10.11928,0.2014841633810483,0.0,0.0,0.5161472839120914,0.19785999999999998,1.2332036111110807,0.2840288822066096,5.22298,11763.237700898297,0.9225779074130976,1.0313052622510412,53.288029150000135,0.0,0.24661259585279777,56.14883999999999,0.0
tuned_baseline_envelopes,never_default,default,adversarial_explanation_flood,never_explain,20,0.021950509686253585,0.0031829597117853086,0.0,0.0,0.0,0.0,0.0,0.0,0.0,65.9871538703124,0.0,0.00035150359821011206,0.018278187106925824,0.0,0.0,0.02740947628617002,0.0,12.14894,0.7999231869162848,0.0,0.0,0.0,0.0,0.0,0.0,0.0,20088.797527039056,0.0,0.014708653846153849,0.76485,0.0,0.0,44.99802,0.0
tuned_baseline_envelopes,never_default,default,non_markovian,never_explain,20,0.030571919370077524,0.0020999915083623846,0.0,0.0,0.0,0.0,0.0,0.0,0.0,64.09505255155008,0.0,0.020409353542339616,1.0612863842016544,0.0,0.001018969718878899,0.14234980840832334,0.0,9.29741,0.12826059230461723,0.0,0.0,0.0,0.0,0.0,0.0,0.0,11364.397658389911,0.0,1.2109011538461665,62.96686,0.0,0.13552181620169687,54.93646,0.0
tuned_baseline_envelopes,never_default,default,rtt_uncertainty,never_explain,20,0.012948572901167221,0.001911820072692398,0.0,0.0,0.0,0.0,0.0,0.0,0.0,40.538009742550315,0.0,0.00041578176370118817,0.021620651712461834,0.0,0.0,0.036745514696110926,0.0,7.2845200000000006,0.07816035461308063,0.0,0.0,0.0,0.0,0.0,0.0,0.0,6872.661657630206,0.0,0.014779423076923079,0.7685299999999999,0.0,0.0,45.042970000000004,0.0
tuned_baseline_envelopes,never_default,default,transient_overload,never_explain,20,0.009213701948042826,0.001277994224827098,0.0,0.0,0.0,0.0,0.0,0.0,0.0,31.434094795830564,0.0,0.00036350522385538656,0.01890227164048065,0.0,0.0005540710304409284,0.035840594626646106,0.0,10.13163,0.20304554353025636,0.0,0.0,0.0,0.0,0.0,0.0,0.0,13158.545890709764,0.0,1.024354038461554,53.26640999999999,0.0,0.24528231899962397,56.144439999999996,0.0
tuned_baseline_envelopes,rate_quota_10,default,adversarial_explanation_flood,rate_limited,20,0.027700140990558942,0.0035799205474240973,0.0,0.0,0.0010449135547650112,0.001851895686501866,0.0028655675794224014,0.0004530929830393595,0.009909858552835984,78.54327282448676,0.0013728009952813681,0.0004599925865555782,0.023721580941567965,0.0,0.0,0.04332639646132838,0.0,12.13374,0.797842533481819,0.0,0.0,0.6171561414362408,0.28989000000000004,1.4097724999999885,0.8768840840922628,6.7120836000001045,4954.342959986955,0.6505920331532485,0.017193545144394914,0.8867127999999995,0.0,0.0,44.993669999999995,0.0
tuned_baseline_envelopes,rate_quota_10,default,non_markovian,rate_limited,20,0.027579514173653178,0.0024827722218395167,0.0,0.0,0.0007550966750872723,0.0,0.0021311237184206576,0.0009009643050567452,0.011094309738605843,69.17986849823872,0.0011129981117989148,0.020606995668830348,1.067458609610375,0.0,0.0007604297057320769,0.11077079118084089,0.0,9.31806,0.1289944688141495,0.0,0.0,0.5181620987772961,0.0,0.7476831944445064,0.7765230601587155,3.978330400000135,3065.7144554014853,0.5560936655639998,1.2664545153751061,65.44692043199998,0.0,0.13605150246395703,55.02278,0.0
tuned_baseline_envelopes,rate_quota_10,default,rtt_uncertainty,rate_limited,20,0.013709658944969024,0.00174158713014755,0.0,0.0,0.0005628621410191195,0.0,0.001591791059047975,0.0008323732627793002,0.006934324810067679,0.012173323338728741,0.0006079584572284345,0.0004247796620156144,0.021983400434127446,0.0,0.0,0.03598153497852092,0.0,7.28357,0.07875056499417543,0.0,0.0,0.6038634109719822,0.0,0.6268359722222773,0.827026070218025,3.506494400000141,0.4051419265555561,0.41787659802438365,0.016286912726963677,0.8430049679999989,0.0,0.0,45.01235,0.0
tuned_baseline_envelopes,rate_quota_10,default,transient_overload,rate_limited,20,0.01862247508203599,0.0019251952924536056,0.0,2.6979290303178063e-05,0.0006860141342546823,0.0,0.0022006736832020576,0.0009503901495340728,0.009288112170659205,36.85842247529752,0.0007442319866887478,0.0004586913192820365,0.02390397462714401,0.0,0.00041988116780159053,0.039595232233878,0.0,10.11299,0.20189799381242693,0.0,2e-05,0.46313627064556373,0.0,0.8009970833333885,0.7655349720359466,4.023212400000084,7894.121988016673,0.6683326396326696,1.0342422074433961,53.29270481200001,0.0,0.24694033646280503,56.09451,0.0
tuned_baseline_envelopes,rate_quota_12,default,adversarial_explanation_flood,rate_limited,20,0.01951305342401397,0.0024830603672853866,0.0,4.5855975906263184e-05,0.0005796180954140956,0.0016040203463731206,0.00338713316711757,0.0002850126215116862,0.012847381308717218,30.10024441530126,0.0010316991014700167,0.0004671549484000671,0.024063019727662255,0.0,0.0,0.043784000381874515,0.0,12.16126,0.8025397696629228,0.0,4e-05,0.6860279626560161,0.32012999999999997,1.4692077777777663,0.8922250049255067,7.258337200000045,2126.981423472601,0.5390392826940353,0.017135318371117175,0.8826953680000008,0.0,0.0,44.978269999999995,0.0
tuned_baseline_envelopes,rate_quota_12,default,non_markovian,rate_limited,20,0.030050747397518705,0.0017125998801045296,0.0,1.96e-05,0.0008637607761684219,0.0,0.0029392537477609605,0.0011705374368296238,0.01352014185750816,58.51738178766757,0.0011627506986519839,0.027343644877527436,1.4158271926538215,0.0,0.000694528560133621,0.15512717722271085,0.0,9.31784,0.12885979206429354,0.0,1e-05,0.5367425067111498,0.0,0.769725138888952,0.7974977259654256,4.110592400000137,2461.9084140831437,0.5357396484365208,1.2617708317442706,65.17015398600002,0.0,0.13696393854338207,55.028009999999995,0.0
tuned_baseline_envelopes,rate_quota_12,default,rtt_uncertainty,rate_limited,20,0.017198071406930922,0.002241885195706796,0.0,0.0,0.0004812268569607615,0.0,0.0018851695391137614,0.0006312019042484855,0.00904072853786328,0.01097324419400728,0.000526815282164029,0.0004511845037701649,0.023367331918461437,0.0,0.0,0.041487478898527795,0.0,7.29509,0.08114868596276857,0.0,0.0,0.6032239074154458,0.0,0.6260450000000548,0.826371617407205,3.5059044000001442,0.4089384904444451,0.41715674559592913,0.016260288327557874,0.841623609999999,0.0,0.0,44.98353,0.0
tuned_baseline_envelopes,rate_quota_12,default,transient_overload,rate_limited,20,0.01637192957820436,0.0016276453529336966,0.0,3.211177845883771e-05,0.0007498092211223106,0.0,0.0016723436734529446,0.0008597217907480332,0.006933871193579133,33.290340882795064,0.0008479898104526368,0.00047403053272831303,0.024619079069611544,0.0,0.0005319320618687789,0.05041806602992524,0.0,10.11742,0.20119701195202686,0.0,3.0000000000000004e-05,0.4887799170093837,0.0,0.835130972222277,0.7958193718698046,4.224893600000077,7006.830649957645,0.6408751972595017,1.0347154620476442,53.26756048200002,0.0,0.24721372475539768,56.151880000000006,0.0
tuned_baseline_envelopes,rate_quota_16,default,adversarial_explanation_flood,rate_limited,20,0.022992640147115207,0.002785058938872935,0.0,6.66945906431146e-05,0.0004803402483591635,0.002392818692847849,0.0038653339191470916,0.00035909487185610236,0.01701594642985653,23.926270461877913,0.0005258380536951885,0.0004896381103973726,0.025229050239196495,0.0,0.0,0.03512376270108474,0.0,12.14962,0.8009084166604792,0.0,0.0001,0.6971577803275395,0.32191000000000003,1.4749508333333254,0.8935863558645591,7.332952800000032,1642.8675887220827,0.5196307324874285,0.01759785543602186,0.9063063860000009,0.0,0.0,44.97583,0.0
tuned_baseline_envelopes,rate_quota_16,default,non_markovian,rate_limited,20,0.028160806293929364,0.002086664403784402,0.0,0.00012031943448915254,0.0006488270141478363,0.0,0.0035218451744785757,0.0006887419775918191,0.016069313789505026,41.2796654755979,0.001209482682063141,0.024338679822894557,1.2602739782443333,0.0,0.0007636487748882969,0.12559699350139453,0.0,9.32407,0.13109582396039254,0.0,0.00041999999999999996,0.5645603708460604,0.0,0.7966145833333981,0.8193810946879057,4.297209600000144,1570.6369910498513,0.4990279661628131,1.23976789591558,63.981064880000005,0.0,0.1367983225517765,54.9559,0.0
tuned_baseline_envelopes,rate_quota_16,default,rtt_uncertainty,rate_limited,20,0.011258405367499755,0.0017372662669998505,0.0,0.0,0.0005100307332807868,0.0,0.0016441571055955575,0.0006212887977059338,0.006986821609533698,0.010309341139115297,0.0005563971635788207,0.0005391450370180558,0.02791657154390237,0.0,0.0,0.050683303627712846,0.0,7.296819999999999,0.08124568542960105,0.0,0.0,0.6038299990332068,0.0,0.6278665277778325,0.8271921397567967,3.5125216000001442,0.4021762516666674,0.41781454439987875,0.0157687539377951,0.8161802399999989,0.0,0.0,44.99037,0.0
tuned_baseline_envelopes,rate_quota_16,default,transient_overload,rate_limited,20,0.01977848145115498,0.002376081817157542,0.0,4.289433774434938e-05,0.0008681190297166509,0.0,0.002614810661559767,0.000654505209204319,0.011220661503301288,38.85897165194188,0.0009546355548233779,0.0005856839234676549,0.03010984053226888,0.0,0.00040038218615997813,0.0449473635941326,0.0,10.125530000000001,0.202431380933825,0.0,7e-05,0.5305492974861025,0.0,0.8697125000000545,0.8220679239205086,4.5083532000000615,5549.540487890403,0.5779554093660504,1.0368352796411948,53.304359974,0.0,0.24729680437953788,56.139300000000006,0.0
tuned_baseline_envelopes,rate_quota_20,default,adversarial_explanation_flood,rate_limited,20,0.030275501356846583,0.003652201759504085,0.0,4.289433774434938e-05,0.00048312372880847686,0.002298765535993981,0.004241160056296145,0.00031224055324849794,0.01962067364045983,28.355903949890358,0.0005268421590982787,0.000734560465846959,0.037842889411392716,0.0,0.0,0.04628779230364371,0.0,12.14817,0.7993811172389421,0.0,7e-05,0.6979931319025157,0.32305,1.4786111111111047,0.8939187489272535,7.345339600000038,1635.430799127636,0.5205400107606308,0.018270731773924517,0.9409611560000007,0.0,0.0,45.00858,0.0
tuned_baseline_envelopes,rate_quota_20,default,non_markovian,rate_limited,20,0.028051384723865574,0.0018453624423092195,0.0,0.000458647935154027,0.0008530950549810618,0.0,0.0027519961232094,0.0006307384470638686,0.012751271303180737,51.04250287013074,0.0014210025134877415,0.022670398758819533,1.1734817027253743,0.0,0.0010107395467774142,0.12256721211966665,0.0,9.320400000000001,0.1302638737909116,0.0,0.00554,0.5863358534783114,0.0,0.8109866666667322,0.8286706846778934,4.426444800000141,867.7964092499949,0.46476439566007033,1.2584826369552489,64.91725598800005,0.0,0.1371836808393402,54.97458,0.0
tuned_baseline_envelopes,rate_quota_20,default,rtt_uncertainty,rate_limited,20,0.018318156666628834,0.0025039203229025794,0.0,0.0,0.0006038208924610856,0.0,0.0023528985422707066,0.0007584440493027718,0.010791307251373814,0.01376609744009443,0.0006587137008661175,0.0004050485670748494,0.020967547025971995,0.0,0.0,0.028207066638139447,0.0,7.2699,0.07709232628867889,0.0,0.0,0.6033215378022413,0.0,0.6241520833333887,0.8264475409318341,3.4947312000001434,0.409162499444445,0.41725985942064214,0.01663045354903664,0.860789193999999,0.0,0.0,44.99701,0.0
tuned_baseline_envelopes,rate_quota_20,default,transient_overload,rate_limited,20,0.016001301486803374,0.0016489558322693636,0.0,0.00020757306386452276,0.0006680733042631255,0.0,0.002429123613541268,0.0005215977232049695,0.009953445830365231,28.85159613001458,0.000885504190650904,0.000465968607932392,0.024290297901014106,0.0,0.00038813853059853576,0.025382261278883073,0.0,10.13163,0.20301156546393084,0.0,0.00143,0.5690425562733588,0.0,0.8937811111111651,0.8328089165281497,4.752593200000062,4231.325384453448,0.5133435185161025,1.0382296011465906,53.31167645800001,0.0,0.24790705469259686,56.14587,0.0
tuned_baseline_envelopes,rate_quota_4,default,adversarial_explanation_flood,rate_limited,20,0.02310739202301428,0.0031782354740523405,0.0,0.0,0.000566026477661714,0.0,0.0009317890911857145,0.0010756178058445318,0.0032202630991390196,84.42376625424235,0.00028667489147573313,0.00030758852214050403,0.015928176479330786,0.0,0.0,0.028733320993834473,0.0,12.15245,0.8003093522814767,0.0,0.0,0.314401159856618,0.0,0.8765215277778273,0.5882391858232644,3.765258400000017,17510.833104903937,0.9345283906912385,0.016001529735518476,0.828637167999991,0.0,0.0,45.00133,0.0
tuned_baseline_envelopes,rate_quota_4,default,non_markovian,rate_limited,20,0.02210316583678502,0.0018292343813082006,0.0,0.0,0.0006218781176623252,0.0,0.0018342220794826708,0.0016283791657559395,0.006343553683347181,75.24289520648912,0.0008981839271258543,0.019499495050557942,1.0110233380478417,0.0,0.0008747512907752182,0.07692043857443981,0.0,9.33352,0.12894359976047404,0.0,0.0,0.31347939579818657,0.0,0.5375726388889396,0.6032639095735284,2.593830800000087,9523.068332727125,0.8101698542708917,1.2624517387293994,65.42685931799993,0.0,0.13592403814774884,55.1164,0.0
tuned_baseline_envelopes,rate_quota_4,default,rtt_uncertainty,rate_limited,20,0.013797931092511094,0.0020335644621274035,0.0,0.0,0.0007294639588284115,0.0,0.001673540422120813,0.0007969014202803335,0.0057844017051694036,47.14038493451114,0.0009707824673760539,0.0004849527913976456,0.025143515461306373,0.0,0.0,0.03702486008462832,0.0,7.27004,0.0772064966004415,0.0,0.0,0.39568606475312385,0.0,0.5189233333333856,0.7555382244046867,2.5293972000000937,3374.436752664448,0.7488948002271101,0.015407283781058764,0.7987665360000008,0.0,0.0,44.99324,0.0
tuned_baseline_envelopes,rate_quota_4,default,transient_overload,rate_limited,20,0.01760896572975199,0.0018704989403086883,0.0,0.0,0.0005449180404333504,0.0,0.0010159466990386878,0.0012111563720766452,0.0035172317215804933,46.103227185261325,0.0004308252524011216,0.00062259952728088,0.03233693077219782,0.0,0.00039421595634464985,0.042616400197304324,0.0,10.12332,0.20225705324726873,0.0,0.0,0.28739271523026544,0.0,0.531372083333381,0.5375631042939251,2.5723428000001,11965.26037629104,0.8232477597791414,1.0291792845532908,53.29326862399995,0.0,0.24580073102386404,56.13508,0.0
tuned_baseline_envelopes,rate_quota_6,default,adversarial_explanation_flood,rate_limited,20,0.018541477867629354,0.002193061083043734,0.0,0.0,0.0005357735748643562,0.0014443582556022305,0.0016772185223919718,0.0005786956974993142,0.005796467213388512,70.11165663295878,0.000545835879409897,0.0005231712045059033,0.02704515270100723,0.0,0.0,0.03819496304912767,0.0,12.1601,0.8009362499028079,0.0,0.0,0.4383507349708694,0.14061,1.1630104166666713,0.7530561035178736,5.123364000000029,12443.318687100003,0.8659081094420902,0.016648795857230697,0.8606485819999923,0.0,0.0,45.01398,0.0
tuned_baseline_envelopes,rate_quota_6,default,non_markovian,rate_limited,20,0.03152584266060229,0.0015638843478144602,0.0,0.0,0.0009238242497182555,0.0,0.0025807931466993624,0.0015095335823586075,0.009541622289893997,84.63771927077934,0.0015305074243298726,0.020395550731047655,1.0568808041225457,0.0,0.0006994340393089679,0.1335550272875444,0.0,9.34477,0.13166809168732843,0.0,0.0,0.4223982463021271,0.0,0.6446637500000574,0.6896116008386104,3.324721200000132,6135.189292536915,0.6692320999604482,1.2482855000855766,64.61480989800006,0.0,0.1362053557821,55.04963,0.0
tuned_baseline_envelopes,rate_quota_6,default,rtt_uncertainty,rate_limited,20,0.01326071380661884,0.0017743522930980997,0.0,0.0,0.0009589546014413345,0.0,0.001571150884553378,0.0007316506565301085,0.005434219703698628,34.382804462557544,0.0011383521041003028,0.00040643061481974063,0.021054775785936813,0.0,0.0,0.03791538657967705,0.0,7.29422,0.07984700323217633,0.0,0.0,0.523033881202041,0.0,0.5894620833333903,0.8113301165075718,3.1406400000001415,240.6906941586708,0.5503326949482921,0.016045691540750077,0.8311577799999995,0.0,0.0,45.032439999999994,0.0
tuned_baseline_envelopes,rate_quota_6,default,transient_overload,rate_limited,20,0.01700915996712859,0.0018223465944023928,0.0,0.0,0.0005402138136514676,0.0,0.0012658994229112592,0.0009670454680774993,0.0048146431252995454,34.242641749514114,0.0005052160113435809,0.0005317943988709924,0.02757422785559372,0.0,0.00043282269131187734,0.0458785905536732,0.0,10.11443,0.201733107044802,0.0,0.0,0.39059382075938187,0.0,0.6672166666667216,0.6443811698647007,3.3752904000001065,10124.266694285407,0.7130529511482739,1.030616641534092,53.262913132000016,0.0,0.24609771158983484,56.11026,0.0
tuned_baseline_envelopes,rate_quota_8,default,adversarial_explanation_flood,rate_limited,20,0.01766446812976177,0.00240264834264786,0.0,0.0,0.0007641261074711187,0.001625214573039834,0.0024317894748117417,0.0005756190121966789,0.00840623459999517,64.93725756789894,0.0007669716380059451,0.00044828291225892616,0.023156997356391276,0.0,0.0,0.03903572007719705,0.0,12.140260000000001,0.7985057550140846,0.0,0.0,0.5360594132608665,0.24402,1.3236874999999924,0.8393712089094139,6.046654800000073,8347.744569316801,0.7670736576215547,0.01700239777021361,0.8777612799999988,0.0,0.0,45.00133,0.0
tuned_baseline_envelopes,rate_quota_8,default,non_markovian,rate_limited,20,0.04265730580541687,0.0025078799692469333,0.0,0.0,0.0006445820967114239,0.0,0.0030115426957854838,0.001265148020026339,0.015237043291923446,82.59501538898937,0.0010072929120521856,0.03432912728490895,1.7776160786449795,0.0,0.0007449641243688278,0.16522235222288506,0.0,9.32932,0.13076726746665432,0.0,0.0,0.4906068831390146,0.0,0.7119627777778356,0.7420541097748379,3.7781968000001327,3981.9521165937817,0.5826729645327856,1.2873338462446076,66.57333681600002,0.0,0.13677360916998052,55.00195,0.0
tuned_baseline_envelopes,rate_quota_8,default,rtt_uncertainty,rate_limited,20,0.01881703746043376,0.002637492387817747,0.0,0.0,0.0005808039628081135,0.0,0.0023690606988856196,0.0005359031260204394,0.01090673741330845,0.03658556480031729,0.0006031931397316848,0.0004655581620752072,0.024093628467004864,0.0,0.0,0.03757557842182538,0.0,7.275830000000001,0.07757819381151106,0.0,0.0,0.6021766499705341,0.0,0.6245508333333889,0.8266977924100564,3.4932720000001476,0.5191011585555568,0.41964851952583676,0.01632252375862193,0.8448592939999993,0.0,0.0,45.01347,0.0
tuned_baseline_envelopes,rate_quota_8,default,transient_overload,rate_limited,20,0.027833866586777382,0.0027265640955609557,0.0,0.0,0.0005564394812182717,0.0,0.0023144557588903212,0.0009733743768837324,0.01098970214982553,47.652594647564044,0.000722508084565181,0.00040621579466514995,0.021031599332199065,0.0,0.0004883638813640928,0.057211148945049715,0.0,10.13681,0.2034112002348636,0.0,0.0,0.43314614433523146,0.0,0.7498601388889432,0.7171039918179167,3.769317200000092,8918.566939775712,0.6889229917090341,1.032752224758733,53.28415533599999,0.0,0.24701860359818634,56.15579,0.0
tuned_baseline_envelopes,static_cf_h0.70_m0.35,default,adversarial_explanation_flood,static_coarse_full,20,0.0179722623298999,0.0022121124898804912,0.0,3.211177845883771e-05,0.0005779979350596157,0.0020209221344931125,0.003352042491328627,0.000321810267535815,0.014381909002830158,19.960433088463333,0.0005209457733872441,0.0003981021722236416,0.020506176215916147,0.0,0.0,0.03954567722105125,0.0,12.169039999999999,0.8025059319109236,0.0,3.0000000000000004e-05,0.57865068364123,0.28115,1.3910330555555501,0.884755309438993,6.453306800000112,3685.5317803091357,0.45417068125740967,0.017853500080818825,0.9205265800000004,0.0,0.0,45.00787,0.0
tuned_baseline_envelopes,static_cf_h0.70_m0.35,default,non_markovian,static_coarse_full,20,0.03924901963991878,0.0029628920924097395,0.0,0.0004969855742902722,0.0010308341474766327,0.0,0.0037623632596652137,0.0006682285416500393,0.017496645267812447,54.28940825809746,0.0008705364389669522,0.028722814268762047,1.4885222038704646,0.0,0.0007951772912022936,0.15006407552436074,0.0,9.31265,0.12880799858434097,0.0,0.007520000000000001,0.4260863601933419,0.0,0.7178620833333883,0.8133964372832155,3.4935036000000643,2482.484955124005,0.3224616039405726,1.2552089552577976,64.82158091400001,0.0,0.13746150186136705,54.99944000000001,0.0
tuned_baseline_envelopes,static_cf_h0.70_m0.35,default,rtt_uncertainty,static_coarse_full,20,0.017717986336577844,0.0025632946310924377,0.0,0.0,0.000885444177325427,0.0,0.0024599499583455886,0.0006757050406238517,0.010931599485872237,19.645749371317443,0.0007588217432306293,0.0004285867284217532,0.022210758242254047,0.0,0.0,0.04537097333999958,0.0,7.30189,0.08170985869221266,0.0,0.0,0.4152870756588266,0.0,0.5422430555555966,0.8048583415453855,2.656019600000065,171.76078195422275,0.31281735136885913,0.015408538316864479,0.7984161199999988,0.0,0.0,45.00223,0.0
tuned_baseline_envelopes,static_cf_h0.70_m0.35,default,transient_overload,static_coarse_full,20,0.018827349855379098,0.0018859624768630093,0.0,0.00029472122063865173,0.0008695458859546828,0.0,0.0025477439989071353,0.0006115982177186843,0.011349289801196559,15.243346607166226,0.0007475423345483512,0.000568727031024876,0.029336789600465273,0.0,0.0005038416664790715,0.06213484914271047,0.0,10.130469999999999,0.20207588465295273,0.0,0.00308,0.43985116709815486,0.0,0.8135337500000499,0.8212018329345202,3.9391043999999957,4039.2193787821852,0.3341128846098812,1.0359485249267504,53.25343173600002,0.0,0.2475410305779681,56.18323,0.0
tuned_baseline_envelopes,static_cf_h0.70_m0.45,default,adversarial_explanation_flood,static_coarse_full,20,0.019220405993630788,0.00215834842483178,0.0,4.5855975906263184e-05,0.000610937276473413,0.0016758558008561333,0.002883474667257796,0.0002883524714766386,0.012807731590717512,30.38048008604182,0.0005486109466932152,0.0005153302441316017,0.026568642374079503,0.0,0.0,0.031746167859443834,0.0,12.17559,0.8033453898441916,0.0,4e-05,0.5787607077918786,0.28115999999999997,1.3915979166666608,0.884645250829036,6.4570272000001125,3687.2895083162484,0.45419576794509203,0.017384232542913276,0.8963264380000006,0.0,0.0,45.01106,0.0
tuned_baseline_envelopes,static_cf_h0.70_m0.45,default,non_markovian,static_coarse_full,20,0.02997860104513149,0.0025435377897750438,0.0,0.0007005818634309777,0.0008524105404828898,0.0,0.003255972809622755,0.0006620185233619596,0.014149590215504533,32.648420317365485,0.0007516532700823292,0.01742820983729607,0.9034566488575252,0.0,0.0010945910824547039,0.10197682059035698,0.0,9.31076,0.1300441215343934,0.0,0.00785,0.42727711179666966,0.0,0.7197970833333889,0.8137801335202065,3.5027136000000647,2453.47543335311,0.3233756323384215,1.246500770924257,64.36860968199998,0.0,0.13744780881573135,54.928340000000006,0.0
tuned_baseline_envelopes,static_cf_h0.70_m0.45,default,rtt_uncertainty,static_coarse_full,20,0.011233526242083501,0.0016123274657448602,0.0,0.0,0.0008446467546133163,0.0,0.0019353309958008364,0.0006760719160750542,0.008490531686651634,17.191032069285853,0.0007152067874563073,0.0005052030995717157,0.026172794935746136,0.0,0.0,0.03739893013904605,0.0,7.280799999999999,0.07875547170490373,0.0,0.0,0.41548868486906426,0.0,0.5416509722222627,0.8055219191938658,2.651169200000066,149.09710684822264,0.31313529651222344,0.01558223062963227,0.8074133099999988,0.0,0.0,44.99512,0.0
tuned_baseline_envelopes,static_cf_h0.70_m0.45,default,transient_overload,static_coarse_full,20,0.015134155479020283,0.0017204797638110058,0.0,0.0003348041878628855,0.0007373626130559597,0.0,0.002566789232834766,0.0006429752995343623,0.010915186432966802,17.057039243145272,0.0006529827195358741,0.0006970650218158438,0.03577511441389903,0.0,0.00046839297505581797,0.05901611133341387,0.0,10.143,0.20400811360245347,0.0,0.00324,0.43989735084671544,0.0,0.814522777777827,0.8211162151484238,3.9441747999999963,4044.0149924690713,0.3341300475394816,1.0366108757523542,53.286838888,0.0,0.24755431931641697,56.16254,0.0
tuned_baseline_envelopes,static_cf_h0.70_m0.55,default,adversarial_explanation_flood,static_coarse_full,20,0.01650550802713096,0.0020333505877814908,0.0,2.6979290303178063e-05,0.0009332278037360762,0.0022022806857772146,0.0036922911530866635,0.00040641447392835415,0.015702945435551122,20.676480026802917,0.000826044645235504,0.0005460844347065206,0.02816823341336385,0.0,0.0,0.04492741320832514,0.0,12.14954,0.7996933985420314,0.0,2e-05,0.5785210046193241,0.27902,1.3873456944444382,0.884390011277908,6.439032400000106,3664.0929729953577,0.45390994099093823,0.017401922182727365,0.8972260660000003,0.0,0.0,45.006009999999996,0.0
tuned_baseline_envelopes,static_cf_h0.70_m0.55,default,non_markovian,static_coarse_full,20,0.037490190235790914,0.0024737152036683977,0.0,0.00044595242606783683,0.0007483423485331356,0.0,0.0031257840410847193,0.0006213492751200685,0.014762776164244344,44.584835485078315,0.0006476006421366374,0.024159532222267036,1.2525552311559789,0.0,0.00081267530087637,0.1320438443326264,0.0,9.31045,0.1294059267907132,0.0,0.00738,0.42675147959960463,0.0,0.7189822222222785,0.8137078601638585,3.4984880000000635,2494.2967535682205,0.32299670713643536,1.2439762498562652,64.23830155200001,0.0,0.13777809611143627,54.95703999999999,0.0
tuned_baseline_envelopes,static_cf_h0.70_m0.55,default,rtt_uncertainty,static_coarse_full,20,0.022059765285576727,0.003023825354490313,0.0,0.0,0.0009290047432479432,0.0,0.00237423783196543,0.0007563503463059503,0.010243033903896278,28.887320344644692,0.0008018862537903059,0.0003636744504604522,0.018836046027601343,0.0,0.0,0.03546622743559967,0.0,7.3082899999999995,0.08176951950792012,0.0,0.0,0.41469607077613474,0.0,0.5425754166667072,0.805266361488272,2.6559060000000647,188.02980610288972,0.3125194686131021,0.015675389834013453,0.8122399599999991,0.0,0.0,45.039030000000004,0.0
tuned_baseline_envelopes,static_cf_h0.70_m0.55,default,transient_overload,static_coarse_full,20,0.022078400105843003,0.0023757620944632367,0.0,0.0003346531778927017,0.000989983313987986,0.0,0.0028081010513488374,0.0008042001594389763,0.011796752842338602,21.678645650494243,0.0009040340063202767,0.0003318276055846184,0.016638337324403743,0.0,0.00031100973100681113,0.042419407915270074,0.0,10.123990000000001,0.20292516611165676,0.0,0.0032099999999999997,0.44068505533225294,0.0,0.8143165277778269,0.8211556602116057,3.9435171999999965,4016.104590468637,0.33470776757270065,1.0367722263441432,53.29666192200001,0.0,0.2475683529700626,56.10758,0.0
tuned_baseline_envelopes,static_cf_h0.78_m0.35,default,adversarial_explanation_flood,static_coarse_full,20,0.018701755574445818,0.0023019250142241178,0.0,4.2894337744349374e-05,0.0007147473776325486,0.0016561954219805938,0.002585198680697235,0.00026897162244864483,0.01145308273025529,24.992226544524307,0.0005889323160578624,0.00043981495765817814,0.022674566309192054,0.0,0.0,0.03551271433151172,0.0,12.151869999999999,0.7992745540633034,0.0,3.0000000000000004e-05,0.5785394161133277,0.27904,1.3885012499999951,0.8846701637821864,6.442290000000111,3663.1000637538045,0.45404262048689875,0.017582855888098336,0.9065982600000005,0.0,0.0,45.02506,0.0
tuned_baseline_envelopes,static_cf_h0.78_m0.35,default,non_markovian,static_coarse_full,20,0.034271185918263884,0.0023768930338073616,0.0,0.0005548092057066484,0.0008899232162042007,0.0,0.0035662134450746273,0.0006159645526371582,0.01627664272751198,49.27183442248356,0.0007637691230659065,0.022081320800456248,1.1454217717292385,0.0,0.0008959557565829199,0.11651635741284543,0.0,9.31239,0.12994091242911104,0.0,0.007639999999999999,0.4270802005311177,0.0,0.7202011111111674,0.8140956706901502,3.503046400000065,2473.093021247776,0.32333688135836447,1.252174959780778,64.664110292,0.0,0.13639818363153738,54.942600000000006,0.0
tuned_baseline_envelopes,static_cf_h0.78_m0.35,default,rtt_uncertainty,static_coarse_full,20,0.015428817311429768,0.0021897761465298907,0.0,0.0,0.0007199476983256669,0.0,0.0016364780485851964,0.0006465051044634892,0.007232110503520097,21.58752168236163,0.0006034748078526227,0.0003700636078440073,0.019183934279744776,0.0,0.0,0.029822690971244445,0.0,7.288670000000001,0.07944405852952133,0.0,0.0,0.4145879633711414,0.0,0.540588194444485,0.80480723053298,2.6472460000000657,172.55344986555627,0.31234809364814803,0.015866292744516185,0.8221696019999989,0.0,0.0,45.01497,0.0
tuned_baseline_envelopes,static_cf_h0.78_m0.35,default,transient_overload,static_coarse_full,20,0.015439955531978517,0.0020892896739396296,0.0,0.0002948241081337178,0.0007535655194799655,0.0,0.0020831241643655234,0.0005465976396180428,0.009139705976042474,15.864782409097279,0.0006454704342696047,0.00045944154288823176,0.024159774300206556,0.0,0.00046677963249490753,0.04976183540996515,0.0,10.12948,0.20258884007771938,0.0,0.00341,0.44067330975776187,0.0,0.8146587500000498,0.8211621890653766,3.945393599999997,4030.6389497604105,0.33468482931569626,1.035920715648163,53.25217524200001,0.0,0.2474944353148231,56.153949999999995,0.0
tuned_baseline_envelopes,static_cf_h0.78_m0.45,default,adversarial_explanation_flood,static_coarse_full,20,0.017012659167498622,0.0017487085789443925,0.0,4.1211546670167185e-05,0.0008612717816080767,0.001980906916169036,0.002505743556700651,0.00040711650128690967,0.010075817811515552,34.45860529048252,0.0007732193135398921,0.0006398963034519081,0.03301237496088139,0.0,0.0,0.037262584730531186,0.0,12.14671,0.798699698205783,0.0,6.000000000000001e-05,0.5780479573961805,0.27775,1.3858440277777722,0.8843224732932855,6.432148000000107,3669.193499846026,0.4535343001469868,0.017674015258719866,0.9112975180000005,0.0,0.0,45.020300000000006,0.0
tuned_baseline_envelopes,static_cf_h0.78_m0.45,default,non_markovian,static_coarse_full,20,0.022848570277970787,0.0019174570332953394,0.0,0.0004936178022892227,0.0009539378162476702,0.0,0.0033131014138089924,0.0006926729228692165,0.014406499685369176,32.01105930006266,0.0008305484028632862,0.01929964746489651,1.0008620071069736,0.0,0.0005788666743425721,0.09759208701188173,0.0,9.33185,0.12992478020967152,0.0,0.00723,0.42630717063724777,0.0,0.7196295833333888,0.8134359605369029,3.502350000000066,2510.935508381778,0.32261147240981114,1.2436939853314077,64.22481187600003,0.0,0.13760822395395073,55.05883,0.0
tuned_baseline_envelopes,static_cf_h0.78_m0.45,default,rtt_uncertainty,static_coarse_full,20,0.01965485018829223,0.0027607638632746283,0.0,0.0,0.0010855270745315322,0.0,0.002830484128096817,0.0007821703667862432,0.012448045496827398,24.935007957524288,0.0009312817178138534,0.0005268613529401247,0.02730068805101099,0.0,0.0,0.03594388199296525,0.0,7.293729999999999,0.07983558387904208,0.0,0.0,0.41545567475075973,0.0,0.5424534722222634,0.8054481361431634,2.655422000000066,165.64940375244493,0.31308205777915127,0.015899070540822933,0.8238452379999994,0.0,0.0,45.02987,0.0
tuned_baseline_envelopes,static_cf_h0.78_m0.45,default,transient_overload,static_coarse_full,20,0.01977631412009938,0.0019661530375077165,0.0,0.00042324918627708013,0.0007230869917764275,0.0,0.0016998447443361182,0.0004109901458891871,0.007915264676410594,18.29930892673237,0.0005960032422488252,0.0005094285337728275,0.0259747711946795,0.0,0.00044869415270799954,0.04772884703061239,0.0,10.12673,0.2022081221006502,0.0,0.0031,0.4406743684957144,0.0,0.8148186111111608,0.82139955892179,3.9451419999999984,4036.8828347979675,0.3347496561815747,1.0365217926916972,53.282046428000015,0.0,0.24779969409609395,56.15622,0.0
tuned_baseline_envelopes,static_cf_h0.78_m0.55,default,adversarial_explanation_flood,static_coarse_full,20,0.021537220080399832,0.002313309279593961,0.0,4.8220109367030896e-05,0.0009111314196755926,0.002164007998817786,0.0032370681112919527,0.0003894028360947943,0.01361709325928587,31.33189814869237,0.0007935982816880922,0.0005717622834093887,0.029484348613757157,0.0,0.0,0.05619129386740153,0.0,12.164539999999999,0.8021111763084139,0.0,5e-05,0.5782305075258557,0.27953,1.388120972222215,0.8842798000169296,6.4432040000001125,3681.6062769900227,0.4536499066396272,0.017389592215530533,0.8966178300000003,0.0,0.0,45.00108,0.0
tuned_baseline_envelopes,static_cf_h0.78_m0.55,default,non_markovian,static_coarse_full,20,0.03189703352172917,0.0015218001643647855,0.0,0.0005912747406640744,0.001094672998340243,0.0,0.003977922544250153,0.000629141696283021,0.018244034462509395,43.49549916171056,0.0009147652536092362,0.02796453311551424,1.449674061948796,0.0,0.0012359512415172195,0.14852692788613303,0.0,9.29314,0.12859312857512722,0.0,0.00747,0.4258550948720983,0.0,0.7158879166667231,0.8133169227793726,3.484147200000064,2486.7632921126688,0.3222689655199888,1.2481074475527056,64.453700292,0.0,0.13720804187653246,54.89477000000001,0.0
tuned_baseline_envelopes,static_cf_h0.78_m0.55,default,rtt_uncertainty,static_coarse_full,20,0.015090391588933966,0.002169318257569261,0.0,0.0,0.0006581690134986868,0.0,0.0016955298671939918,0.0005792392459160981,0.0074526981117729145,22.883744200763168,0.0005421834984318844,0.0005520515189358649,0.028608766374348713,0.0,0.0,0.0445194467578994,0.0,7.289910000000001,0.0800109328890785,0.0,0.0,0.415073504089526,0.0,0.5418519444444854,0.8054287349887019,2.651966800000067,166.9299685220006,0.31283798268392127,0.015650307263287016,0.8109560219999988,0.0,0.0,44.99907,0.0
tuned_baseline_envelopes,static_cf_h0.78_m0.55,default,transient_overload,static_coarse_full,20,0.021303472723281015,0.0023113399513123604,0.0,0.00032437540305217834,0.0006965328235810998,0.0,0.0027873908517681654,0.0005580642134516062,0.012367458331191863,18.326501699641895,0.0006059452884333126,0.00047688481464739144,0.024007913386057338,0.0,0.00040881054029531723,0.041706153828800684,0.0,10.12713,0.20408546684598772,0.0,0.0031399999999999996,0.4413252127011974,0.0,0.815996111111161,0.8215181877806987,3.951021999999996,4029.4481429917455,0.3352323697685876,1.0368103108580602,53.296335772,0.0,0.24727516563251858,56.070910000000005,0.0
tuned_baseline_envelopes,static_cf_h0.86_m0.35,default,adversarial_explanation_flood,static_coarse_full,20,0.0230307027798705,0.0027565765305971835,0.0,0.0,0.0005498508228256993,0.0,0.0016490440175562406,0.0006269400422778243,0.008026604260445887,36.47548780690839,0.00044045276558687745,0.0003951082616937007,0.020440262523371586,0.0,0.0,0.04515983541212845,0.0,12.18222,0.8030902241088578,0.0,0.0,0.42653485778639455,0.0,0.6895466666666791,0.6042651410973608,4.032096000000154,7787.602618709314,0.28808094659544853,0.016751625712778072,0.8664766719999992,0.0,0.0,45.04198,0.0
tuned_baseline_envelopes,static_cf_h0.86_m0.35,default,non_markovian,static_coarse_full,20,0.028734688907348566,0.0019535869522710404,0.0,4.2894337744349374e-05,0.0006932241765534315,0.0,0.001834525260791821,0.0008470096003809072,0.009908581858649932,55.84495660135269,0.0005339883545105119,0.014654385054581468,0.7605016307644481,0.0,0.0006302044828957997,0.11778250974509175,0.0,9.29831,0.12810442756741716,0.0,3.0000000000000004e-05,0.3154648351687809,0.0,0.3267969444444498,0.5285437933854136,2.140874800000085,4770.729966740135,0.20172057485408584,1.2265707150546796,63.509167921999975,0.0,0.13679044685757114,54.9492,0.0
tuned_baseline_envelopes,static_cf_h0.86_m0.35,default,rtt_uncertainty,static_coarse_full,20,0.024423603466017515,0.0033549601411297283,0.0,0.0,0.0006566416635203646,0.0,0.0012178764464234888,0.0009130574702820661,0.007197228631860779,36.09645188355158,0.0004675267367416537,0.00035112618926735667,0.018217890119183625,0.0,0.0,0.0380164070335289,0.0,7.29254,0.08052424026540482,0.0,0.0,0.30705894987847693,0.0,0.24325999999998596,0.5187284160384873,1.6208592000000521,1902.327426754872,0.19490778190272753,0.015346140562255814,0.7962843179999984,0.0,0.0,44.99374,0.0
tuned_baseline_envelopes,static_cf_h0.86_m0.35,default,transient_overload,static_coarse_full,20,0.01971742311315441,0.0019961425909091773,0.0,0.0,0.0005395278747096872,0.0,0.0014962436986062284,0.0007996705254432345,0.007429829122508628,24.15497109781321,0.0004104471778387594,0.00043835705004420734,0.02225227901669881,0.0,0.00047798057281512495,0.04439863070539098,0.0,10.13169,0.20180077058232931,0.0,0.0,0.3253834500742971,0.0,0.3733290277778055,0.5355777137793903,2.419188400000102,5810.435659098208,0.20907111477894164,1.0322295713795864,53.299062063999976,0.0,0.24694176885358088,56.20277,0.0
tuned_baseline_envelopes,static_cf_h0.86_m0.45,default,adversarial_explanation_flood,static_coarse_full,20,0.022618623477870664,0.002555971969711991,0.0,0.0,0.0005027788803710037,0.0,0.00176812973326171,0.0004833987037880426,0.008941945734844584,35.87610596317669,0.0003895943612086798,0.0002643129912519647,0.013666901172648679,0.0,0.0,0.039728765635202445,0.0,12.13204,0.7989577138857931,0.0,0.0,0.42680812051003736,0.0,0.68852166666668,0.6053188705837936,4.021046400000155,7700.015765725095,0.2884563359217668,0.015979898106604107,0.8265315199999991,0.0,0.0,44.95944,0.0
tuned_baseline_envelopes,static_cf_h0.86_m0.45,default,non_markovian,static_coarse_full,20,0.0340812606284018,0.0022672283075891165,0.0,2.6979290303178063e-05,0.0006644248575452718,0.0,0.0017368503119653115,0.0011455324686188986,0.009015930840889808,68.41402497857555,0.0005429530921424035,0.01950522309291298,1.0130835365509876,0.0,0.0008001831983136266,0.14774698138060904,0.0,9.31825,0.12911812566606237,0.0,2e-05,0.3154746690170691,0.0,0.327477777777783,0.5284305118490441,2.145446800000086,4793.572048706793,0.2017231333411716,1.2376569135863889,64.08393116,0.0,0.1364757973978986,55.017579999999995,0.0
tuned_baseline_envelopes,static_cf_h0.86_m0.45,default,rtt_uncertainty,static_coarse_full,20,0.01941137542977803,0.002712996546808223,0.0,0.0,0.0005270092955455428,0.0,0.0012863877805786334,0.001095364270373394,0.006318509851132045,30.97614046557901,0.00044528837099040464,0.00038694096055881007,0.020084105589660884,0.0,0.0,0.03991583644947283,0.0,7.29321,0.08032240733441172,0.0,0.0,0.3060461981256982,0.0,0.242544166666652,0.5185983059097389,1.6157964000000509,1905.2715285926467,0.1942793497521406,0.01556657714363032,0.8077146559999984,0.0,0.0,45.00638,0.0
tuned_baseline_envelopes,static_cf_h0.86_m0.45,default,transient_overload,static_coarse_full,20,0.018997317727344636,0.0019042044581673424,0.0,0.0,0.0005775602756343702,0.0,0.0014066305971258421,0.0008338220187288908,0.006926241566714021,29.67327442050656,0.00046564049250033974,0.0005589532972643102,0.029812817509388245,0.0,0.0003985903394680258,0.04644882049522773,0.0,10.137609999999999,0.2034603938570382,0.0,0.0,0.3254406329899984,0.0,0.37303861111113845,0.5350787892035898,2.4197800000000993,5815.113834441547,0.2090129308880359,1.0315486205942834,53.26391101799999,0.0,0.2467875104204798,56.158069999999995,0.0
tuned_baseline_envelopes,static_cf_h0.86_m0.55,default,adversarial_explanation_flood,static_coarse_full,20,0.02050182485536348,0.002441211144917713,0.0,0.0,0.0005112006125491497,0.0,0.0018072887630516024,0.0006447447100541726,0.008786775765808361,40.26576511471989,0.0004241502579472168,0.0005504236201269547,0.02847965203649459,0.0,0.0,0.049058742300783886,0.0,12.1365,0.7974507738360634,0.0,0.0,0.42625634917456845,0.0,0.6868606944444582,0.6042920889604091,4.015109200000153,7741.6723528522125,0.2879411174747275,0.016475364962195288,0.8521894979999995,0.0,0.0,45.01377,0.0
tuned_baseline_envelopes,static_cf_h0.86_m0.55,default,non_markovian,static_coarse_full,20,0.016636992646003015,0.0017542762328560957,0.0,1.96e-05,0.00046978683426061543,0.0,0.0013394721090980255,0.0009209127785361836,0.006157869553214371,35.947457176510795,0.0003749089678645035,0.01483150399163573,0.7701929751671943,0.0,0.0008663202461838622,0.10448713868136593,0.0,9.33557,0.1300169361338046,0.0,1e-05,0.3160527020643584,0.0,0.3291243055555617,0.5290410454364283,2.1543296000000858,4811.3696370854595,0.20217053629349951,1.2345372848140985,63.91921386399996,0.0,0.13796288573690488,55.07667,0.0
tuned_baseline_envelopes,static_cf_h0.86_m0.55,default,rtt_uncertainty,static_coarse_full,20,0.010857573215720754,0.0016171565684895898,0.0,0.0,0.000363339317980626,0.0,0.0007309949327020087,0.0007405522722727769,0.0035057436940721287,20.79724677464514,0.0002564256421126674,0.0003636654721785887,0.018870163294647677,0.0,0.0,0.035977803879731686,0.0,7.28918,0.07848115115778498,0.0,0.0,0.3068031158293431,0.0,0.2431343055555409,0.518738924657188,1.6191644000000516,1889.7187599999822,0.19478916247531133,0.01559701627217996,0.8093188739999985,0.0,0.0,45.05838,0.0
tuned_baseline_envelopes,static_cf_h0.86_m0.55,default,transient_overload,static_coarse_full,20,0.014049491149729055,0.0019189820591878953,0.0,0.0,0.0006084798496158601,0.0,0.0014483706535584934,0.0008122470666293428,0.007275680791144748,17.54370910703448,0.00047178783567393764,0.00040894930709416903,0.02162971864823168,0.0,0.000275924725851665,0.04162649496998653,0.0,10.13268,0.20253933941926236,0.0,0.0,0.32488681878645737,0.0,0.37212847222224965,0.5349022901489514,2.4142904000001044,5809.350455722876,0.2086410026705036,1.031903321916317,53.28394305799998,0.0,0.24699349087797756,56.17396,0.0
tuned_baseline_envelopes,static_off_h0.70_m0.35,default,adversarial_explanation_flood,static_offload,20,0.025065893516930615,0.0027704974133575437,0.0,0.0,0.0005515141394679649,0.002557816797686323,0.005117438618194034,0.00024307399558243543,0.0044103762452643355,21.3743105806342,0.0009284101677665954,0.00033380307111440205,0.01731441162975282,0.0007422274079730552,0.0,0.052418078798184074,0.0,12.173860000000001,0.8041851960835888,0.0,0.0,0.533694553747677,0.38251,1.620503611111112,0.7520987920558831,1.8476763999998451,3089.9443922417768,0.6931625946212475,0.015432527695465947,0.8005289680000003,0.45075638672377094,0.0,44.98372,0.0
tuned_baseline_envelopes,static_off_h0.70_m0.35,default,non_markovian,static_offload,20,0.02686043202223401,0.0013832802751363154,0.0,0.0,0.0008076803765662444,0.0,0.004365006205032839,0.0006402431657664454,0.0036473793611192557,36.104022107094394,0.001448678060050571,0.024852200843662808,1.2910074990278786,0.001174443720347903,0.0009799258823910049,0.14108939854611752,0.0,9.3453,0.1313180750871265,0.0,0.0,0.3975710289017641,0.0,0.8358330555555706,0.6967272941038478,1.2201619999999482,2228.835212076513,0.47786038911336953,1.2437653582128463,64.5293182560001,0.2920313582716549,0.1367941832527964,55.07025,0.0
tuned_baseline_envelopes,static_off_h0.70_m0.35,default,rtt_uncertainty,static_offload,20,0.012252047306814503,0.0016886000665856855,0.0,0.0,0.0005909824294703051,0.0,0.0017253015157079345,0.0005504501804943869,0.0024258713154071865,4.764758239331125,0.0013207849394217116,0.0004364074509367939,0.02266243578814619,0.0008653154021150843,0.0,0.0258120877193123,0.0,7.283580000000001,0.0785926179237698,0.0,0.0,0.38713565636715846,0.0,0.6260238888888999,0.6900731504881814,0.9409567999999762,24.075221832999684,0.5541101101192687,0.014970588364395427,0.7774994499999998,0.279239226860059,0.0,45.01903,0.0
tuned_baseline_envelopes,static_off_h0.70_m0.35,default,transient_overload,static_offload,20,0.023725355257902606,0.0021415232413758787,0.0,0.0,0.0008211610675626298,0.0,0.0037375812747593856,0.0004698878487373842,0.004254755865101646,19.472055639590582,0.0012457649408678271,0.0006014191878097374,0.03100139357290396,0.0009334412181756554,0.0005522308399365463,0.04262261562662165,0.0,10.10257,0.201197558593049,0.0,0.0,0.4100944043142002,0.0,0.9405913888888968,0.7023401849829221,1.345156399999932,3781.1764102076695,0.49627488460430447,1.0285203077760285,53.28612478800003,0.3050507499833085,0.245633494489465,56.069190000000006,0.0
tuned_baseline_envelopes,static_off_h0.70_m0.45,default,adversarial_explanation_flood,static_offload,20,0.02220437069445657,0.0026174236020928185,0.0,0.0,0.0008337347347280051,0.0019084179857727832,0.0046696919818130945,0.0003152457769805172,0.004641478766369327,33.61661549762861,0.0014252382093344895,0.00037275059269876743,0.01933571975106633,0.0011132402251662595,0.0,0.045725376195488686,0.0,12.12775,0.7985081247174639,0.0,0.0,0.5330363734324062,0.37907,1.610943611111112,0.7517669147548988,1.8409659999998467,3054.721179632107,0.6918450538667729,0.015200641200753493,0.7885189140000001,0.44967469919676184,0.0,44.95483,0.0
tuned_baseline_envelopes,static_off_h0.70_m0.45,default,non_markovian,static_offload,20,0.028747540525792897,0.0021671715524935365,0.0,0.0,0.0010803060974870205,0.0,0.004520730543166559,0.0005455934427551701,0.005118908709534647,36.805133933093934,0.001542062856927344,0.020120313233563083,1.0450847105218881,0.0011139118159494061,0.0007586500487931322,0.10672473795917578,0.0,9.33362,0.1292993695550777,0.0,0.0,0.39800370787806355,0.0,0.835494722222237,0.6967542054235674,1.220341999999947,2198.8173988590634,0.47829398692935127,1.2480641610508547,64.75287001400008,0.29225092714316203,0.13684342552782408,55.09949,0.0
tuned_baseline_envelopes,static_off_h0.70_m0.45,default,rtt_uncertainty,static_offload,20,0.020913335352001163,0.00267262353058896,0.0,0.0,0.0010607261746725938,0.0,0.002457306930665063,0.0007281796025102416,0.0027587831953117194,12.563072905688093,0.0021228205257943712,0.0004520248556772433,0.023476281289322425,0.001292166162373085,0.0,0.049076660415613725,0.0,7.2897300000000005,0.07960468150396709,0.0,0.0,0.3872227308265013,0.0,0.6264208333333444,0.6899421112022148,0.9424235999999766,30.565598971444427,0.5539594455778162,0.014998109040514046,0.778927402,0.2791408499346912,0.0,45.01471,0.0
tuned_baseline_envelopes,static_off_h0.70_m0.45,default,transient_overload,static_offload,20,0.018874759829437465,0.0020593009460882364,0.0,0.0,0.0006232809057888646,0.0,0.0027621175148974217,0.0004466460638114055,0.002888801598847399,23.351523293225373,0.0010963589766896018,0.000495225727239122,0.02593878844580728,0.0008774210583561736,0.0003676222965334119,0.04284689110588971,0.0,10.124120000000001,0.20202378779805058,0.0,0.0,0.4102390690320906,0.0,0.9446788888888958,0.7029370946538828,1.3453327999999327,3802.0653412080005,0.49713741078233553,1.0284646739309031,53.28334403600003,0.30593956463139316,0.2462297760617281,56.15042,0.0
tuned_baseline_envelopes,static_off_h0.70_m0.55,default,adversarial_explanation_flood,static_offload,20,0.023656297458037687,0.0028617010569022675,0.0,0.0,0.0005936338288142013,0.0018181352876534065,0.004085154435858088,0.00015905989797999846,0.005181648486026709,32.36066600084803,0.0008254234478963149,0.0004963252622189408,0.025744722237940082,0.0005888354975080382,0.0,0.0476883857135712,0.0,12.14821,0.7988879019205897,0.0,0.0,0.53378021270322,0.38123,1.6171266666666668,0.7520777393955403,1.844471999999847,3068.2687153670017,0.6932047369277141,0.01544218757696797,0.8010421240000001,0.45075019808494277,0.0,45.02117,0.0
tuned_baseline_envelopes,static_off_h0.70_m0.55,default,non_markovian,static_offload,20,0.03448714692018939,0.0024440255827850766,0.0,0.0,0.0005675102460598571,0.0,0.003467999276199528,0.0005088169257469027,0.00513577475102527,43.34358706618984,0.0010290746631526687,0.02135931178546905,1.1092988177012693,0.0008678567457248496,0.0008094956740118454,0.1084472586442881,0.0,9.29965,0.12787764845660185,0.0,0.0,0.39824504558069296,0.0,0.8334530555555706,0.6969952351495842,1.2157075999999472,2165.854569026841,0.4788035973087431,1.2458657172011258,64.63934877600006,0.2926776701862652,0.1356759623633607,54.967729999999996,0.0
tuned_baseline_envelopes,static_off_h0.70_m0.55,default,rtt_uncertainty,static_offload,20,0.01555199758392877,0.0020026663073265277,0.0,0.0,0.0007367977018996875,0.0,0.002371501060663435,0.0004877816485840534,0.0029758161498474314,3.3602541795777827,0.0014477775301473626,0.0005364532255775344,0.027860153726205684,0.0008855855851332377,0.0,0.04150508533256123,0.0,7.28778,0.07845774927350284,0.0,0.0,0.3869627848603757,0.0,0.6260988888889002,0.6900600874500848,0.9411055999999777,20.53037969644425,0.5537791563720769,0.015230219022055342,0.7909942079999998,0.27910674314495665,0.0,45.050599999999996,0.0
tuned_baseline_envelopes,static_off_h0.70_m0.55,default,transient_overload,static_offload,20,0.018778595486070648,0.0018948846366871146,0.0,0.0,0.0007960595942908627,0.0,0.003513385402141888,0.00044295690890473397,0.003662854641666747,13.34514107332157,0.0012277830165265216,0.00045843082259401684,0.023685575634857136,0.0009299418758242882,0.0003751083234342509,0.05294420886814423,0.0,10.134269999999999,0.20318720533871862,0.0,0.0,0.4095917765786212,0.0,0.9425172222222293,0.7022954004125269,1.3474879999999327,3800.161300764111,0.49571744180331556,1.0284900473874488,53.28465382400002,0.3047346077445446,0.24574352905167168,56.15235,0.0
tuned_baseline_envelopes,static_off_h0.78_m0.35,default,adversarial_explanation_flood,static_offload,20,0.019640789514412907,0.0025515122939174,0.0,0.0,0.0007896810263625938,0.0022380708534948477,0.00448149202520776,0.0003494520174582773,0.002872625973709033,27.898138940747636,0.001413441985025719,0.0004256672432206549,0.022074956961191588,0.0011280169235414951,0.0,0.04904699497558184,0.0,12.13886,0.7991146297327261,0.0,0.0,0.5337333364014378,0.38092000000000004,1.6146102777777784,0.7518889930994783,1.844899599999847,3066.7601752884448,0.6927765441228073,0.015198232372796772,0.7883861679999999,0.4502932089769581,0.0,44.98093,0.0
tuned_baseline_envelopes,static_off_h0.78_m0.35,default,non_markovian,static_offload,20,0.02852722103771659,0.0024904091195716714,0.0,0.0,0.0008740791364111531,0.0,0.003943619298240319,0.0005299213146405813,0.004195726531876082,44.01033341819955,0.0013190420760918725,0.019903421113390933,1.0334969524759468,0.0010000126617963788,0.0009546385865794169,0.10560529243037632,0.0,9.331869999999999,0.13065652471154524,0.0,0.0,0.3977312907598918,0.0,0.8346169444444591,0.6966027319296803,1.2195195999999464,2213.3271702861744,0.47790675689515466,1.249548772309715,64.83034098400009,0.29198287351728924,0.1362232567308047,55.023199999999996,0.0
tuned_baseline_envelopes,static_off_h0.78_m0.35,default,rtt_uncertainty,static_offload,20,0.020567902409234416,0.002329030971955915,0.0,0.0,0.0008671158197401552,0.0,0.0026555384150516973,0.00047401407671751155,0.003761050538415734,5.010103057598152,0.001460787986355265,0.00047731677857634444,0.024787692576119506,0.0008477060320734879,0.0,0.04779300771011307,0.0,7.2894000000000005,0.07976249725530438,0.0,0.0,0.38679687256708883,0.0,0.6254027777777891,0.6897835028293382,0.9419295999999766,27.168476198999695,0.5531174842464661,0.015028981890178294,0.7805363879999997,0.2786366014277811,0.0,45.00595,0.0
tuned_baseline_envelopes,static_off_h0.78_m0.35,default,transient_overload,static_offload,20,0.015169738255661045,0.0015499055528720234,0.0,0.0,0.0007023455561650402,0.0,0.002626906699785682,0.0003814735644357804,0.003752137920582572,12.90403620383914,0.0010257323339333264,0.0005173574304355138,0.02675569459832992,0.0007792430559388444,0.0003875188760434119,0.04664158881639763,0.0,10.14317,0.20446874988230795,0.0,0.0,0.4101190665197956,0.0,0.945585000000006,0.7027613772017134,1.348552799999934,3808.707547485889,0.4967585199632814,1.02820599881757,53.26942206800002,0.30558476604427,0.24613150247227877,56.141890000000004,0.0
tuned_baseline_envelopes,static_off_h0.78_m0.45,default,adversarial_explanation_flood,static_offload,20,0.02113454276023523,0.003167941561446793,0.0,0.0,0.0006375812774923635,0.0016634737502872522,0.003372136994229917,0.00032853129439514977,0.003724641560780082,33.94803852488643,0.0011674906224193508,0.0005575665118437429,0.02892733444789762,0.0009600792044109396,0.0,0.04609226855784404,0.0,12.1492,0.7992119308915118,0.0,0.0,0.5335605350624907,0.38129,1.6157913888888902,0.7518991323945793,1.8452683999998467,3062.1466749823308,0.6926624269401727,0.015406903163592934,0.7992178440000002,0.45027262211471275,0.0,45.01687,0.0
tuned_baseline_envelopes,static_off_h0.78_m0.45,default,non_markovian,static_offload,20,0.031862969543970644,0.0017472716050656344,0.0,0.0,0.0007960116483962518,0.0,0.003882909482562403,0.0005500897204528115,0.005033552110958217,45.778137289132005,0.00133233848800968,0.024410039051651542,1.26764384080463,0.001038803506276435,0.000867783177370753,0.126266288533934,0.0,9.310559999999999,0.12890412231362353,0.0,0.0,0.3974177060746692,0.0,0.8327805555555706,0.6968561586141433,1.2144727999999465,2194.0179949117332,0.4778417526620614,1.2450107498925007,64.5949864720001,0.2921069752001528,0.1362137190665511,54.982330000000005,0.0
tuned_baseline_envelopes,static_off_h0.78_m0.45,default,rtt_uncertainty,static_offload,20,0.019615300596271857,0.0026433056058352755,0.0,0.0,0.0009672487213568485,0.0,0.002623532319591757,0.00047960885155696645,0.0027797733739497654,5.671847046107066,0.0016753029648020055,0.00034446151039178163,0.017888421413173806,0.0009650222305062941,0.0,0.03720937231386198,0.0,7.2796199999999995,0.07877616327140437,0.0,0.0,0.3871850934120449,0.0,0.6242911111111219,0.689436987614531,0.9432111999999767,22.789717807222043,0.5530265360107165,0.014834188450848867,0.7704223399999998,0.27836244513725117,0.0,44.98684,0.0
tuned_baseline_envelopes,static_off_h0.78_m0.45,default,transient_overload,static_offload,20,0.017797119809322207,0.001928419007283413,0.0,0.0,0.000630301615147424,0.0,0.0023101132771164374,0.0003899836947525717,0.002757505113806727,21.42225586558792,0.0009815164233238566,0.00044232345535264166,0.02309703034030367,0.0007491953588164155,0.00029607357188161384,0.05105153212493384,0.0,10.12471,0.20174897942295486,0.0,0.0,0.4094007157522575,0.0,0.9409872222222301,0.7022269280676809,1.3459255999999342,3802.994516301329,0.4954118123414381,1.0283156693155096,53.27573382600002,0.3045079207464293,0.24588622776183383,56.16657,0.0
tuned_baseline_envelopes,static_off_h0.78_m0.55,default,adversarial_explanation_flood,static_offload,20,0.016350896150557542,0.002268608819166307,0.0,0.0,0.0006864058077677536,0.001610768823296893,0.0032887259152999987,0.0003091375921136666,0.002989460873941932,33.49218548697184,0.0012368695502423094,0.0005422437463002696,0.028131963510906466,0.0009943218206877736,0.0,0.03724763833022088,0.0,12.15865,0.801127445848968,0.0,0.0,0.5335548441286856,0.38126,1.6160433333333342,0.7517442742345584,1.848467999999846,3085.762016947334,0.6923324967463895,0.015722658339158223,0.8155997380000002,0.44990129420120023,0.0,45.0039,0.0
tuned_baseline_envelopes,static_off_h0.78_m0.55,default,non_markovian,static_offload,20,0.028298868907878028,0.0019427493397953489,0.0,0.0,0.0005254139427822924,0.0,0.002744471228624891,0.00031882280462365494,0.005025504369469258,41.37655722038064,0.000671865870275468,0.024441212688039376,1.2696250018162187,0.0005272652192606489,0.0009799075328699237,0.13627847307824886,0.0,9.32609,0.1286850892458728,0.0,0.0,0.397398729325936,0.0,0.8329502777777928,0.6964408102597947,1.2185595999999472,2205.212737641402,0.47731918318025157,1.2629520362138393,65.5263852280001,0.2915251265142152,0.13627731977099034,55.085260000000005,0.0
tuned_baseline_envelopes,static_off_h0.78_m0.55,default,rtt_uncertainty,static_offload,20,0.01648068040981696,0.002270222634031546,0.0,0.0,0.0007442776772590192,0.0,0.0027308635088002264,0.0005602601788426175,0.003429194259887796,3.2824025121368003,0.001531369277724272,0.0005491494631003316,0.028521406149344956,0.000974973271523478,0.0,0.055202510386471136,0.0,7.281789999999999,0.07892854402058706,0.0,0.0,0.3871756093823545,0.0,0.6262502777777889,0.6902454057868206,0.940281999999977,20.45092598077762,0.5542821960965345,0.014767574223340648,0.7669648079999998,0.2794564633605469,0.0,44.99405,0.0
tuned_baseline_envelopes,static_off_h0.78_m0.55,default,transient_overload,static_offload,20,0.018838708435111966,0.002220548268917777,0.0,0.0,0.0006537146094634638,0.0,0.002304116903827114,0.000356735139280165,0.003584067671953518,13.87387684445724,0.0009490486199534337,0.0005686939780780835,0.029492396622723474,0.0007108906586488797,0.0005577360598287548,0.05103995031601299,0.0,10.12157,0.20169944871135942,0.0,0.0,0.4098120197635122,0.0,0.9423786111111184,0.7025388972967975,1.3455363999999321,3786.4391719261125,0.4961983268229845,1.0280829100407392,53.26368148600003,0.30514202557946496,0.24557975663351422,56.15153,0.0
tuned_baseline_envelopes,static_off_h0.86_m0.35,default,adversarial_explanation_flood,static_offload,20,0.017231164738345395,0.002356817563713865,0.0,0.0,0.00043634280833045427,0.0,0.0022634919277653765,0.000562645389228571,0.0032430861822706296,36.02260178088341,0.0007776457899457903,0.00041854429574453853,0.02170153035822488,0.0006684512924968819,0.0,0.04441518762898469,0.0,12.15807,0.8012662158840496,0.0,0.0,0.4092913063458776,0.0,0.7769672222222207,0.5442284566845956,2.250658399999943,7589.638317981922,0.38040104559065735,0.015550115403366696,0.8062116939999996,0.1738829392154681,0.0,44.99831,0.0
tuned_baseline_envelopes,static_off_h0.86_m0.35,default,non_markovian,static_offload,20,0.024130562988786457,0.002335947716867036,0.0,0.0,0.0007913823707610165,0.0,0.002309109076505415,0.0008478668177868018,0.005114517750509029,35.05741430831586,0.0010334909007739157,0.0164326272309358,0.8533864939417934,0.0007426723384428716,0.0011808908962199027,0.10261353162927174,0.0,9.29683,0.12831100521305902,0.0,0.0,0.3064437792047255,0.0,0.3609827777777829,0.48461006523146166,1.4394808000000023,4688.6469821410665,0.24909690858435649,1.2395671751142414,64.28334807599997,0.08960268702470056,0.13628400535693164,54.9308,0.0
tuned_baseline_envelopes,static_off_h0.86_m0.35,default,rtt_uncertainty,static_offload,20,0.015510614714887497,0.0020350868687596998,0.0,0.0,0.0005120576027865791,0.0,0.0014375864896457903,0.0009483803308187205,0.0031350297272679053,30.511554460199957,0.0011140253739905768,0.0003799656655643375,0.01972937814859361,0.0007315828046013706,0.0,0.03366635741933363,0.0,7.28999,0.07996885609430734,0.0,0.0,0.29854019918551705,0.0,0.2683186111111061,0.477547514585436,1.1130220000000137,1846.8433541847567,0.266262935577766,0.014890297009511569,0.7731480539999984,0.08270189530758429,0.0,45.001189999999994,0.0
tuned_baseline_envelopes,static_off_h0.86_m0.35,default,transient_overload,static_offload,20,0.019872482737377566,0.002362228200661169,0.0,0.0,0.0005587990785777981,0.0,0.0014012673336743049,0.0005407711031143324,0.0038047786980964548,24.433836216077925,0.0006591129698301463,0.0003716520063567638,0.019395551575527425,0.0004612347151676873,0.0004266284545576134,0.035812567294794824,0.0,10.11905,0.20100393303701933,0.0,0.0,0.3155068709495895,0.0,0.4123286111111292,0.49015168501631995,1.5990627999999636,5723.609845616482,0.2595197190237448,1.0291733349728136,53.28069298400002,0.09572514096791696,0.24602681088856718,56.170010000000005,0.0
tuned_baseline_envelopes,static_off_h0.86_m0.45,default,adversarial_explanation_flood,static_offload,20,0.02307127051478343,0.002941123567405971,0.0,0.0,0.000577395543679258,0.0,0.003053403051821755,0.0006355144576057335,0.004863706489884152,37.86798935541478,0.0009902464635932525,0.00041224902259593874,0.021372551848390094,0.0008205690982564984,0.0,0.03362666197609807,0.0,12.15552,0.8007664974574219,0.0,0.0,0.408992317163658,0.0,0.7742747222222212,0.5434306013873906,2.2520827999999424,7609.775468487707,0.3794830686378926,0.015781189084708575,0.818199216,0.173028539384182,0.0,45.00124,0.0
tuned_baseline_envelopes,static_off_h0.86_m0.45,default,non_markovian,static_offload,20,0.030641750324473416,0.0018683241683759074,0.0,0.0,0.0005711615876939549,0.0,0.0017994476718020862,0.0005841770706075829,0.006136638358141825,55.15667338981529,0.0006837991362116313,0.024594582968703132,1.2769453675078701,0.0005054317448775515,0.0009229025641802399,0.13547169001910167,0.0,9.32075,0.12924233374836153,0.0,0.0,0.30648617934935085,0.0,0.3630486111111163,0.4852779975166147,1.4414284000000028,4716.3957915348465,0.2495949824066488,1.2254798376497942,63.55175495999997,0.09014191223650662,0.1361455557176122,55.026300000000006,0.0
tuned_baseline_envelopes,static_off_h0.86_m0.45,default,rtt_uncertainty,static_offload,20,0.016673953240466513,0.002201965671503424,0.0,0.0,0.000572646159893668,0.0,0.0011831683216471912,0.0006360447112110695,0.002712581229177131,31.62525138180161,0.000812542240890173,0.0004878085114736456,0.02532638976884212,0.0004946696029967177,0.0,0.037520088882848426,0.0,7.2892399999999995,0.07914826292049595,0.0,0.0,0.298583061879626,0.0,0.2676988888888838,0.476986025733883,1.1141936000000137,1842.3424281608727,0.2658313407537455,0.014958371693101205,0.7767002139999987,0.08232320280208513,0.0,45.03078,0.0
tuned_baseline_envelopes,static_off_h0.86_m0.45,default,transient_overload,static_offload,20,0.019486641569412037,0.0021886391452793433,0.0,0.0,0.0005009913513772203,0.0,0.0018812873355225994,0.0007327327624140761,0.002773695797326449,24.586343708546853,0.0008014520086022982,0.0005613431217161751,0.02919700588152383,0.0006272092489161514,0.0003320129995183756,0.04289992095107442,0.0,10.12019,0.2015244609286156,0.0,0.0,0.31548273821115413,0.0,0.412015833333351,0.4898877495533641,1.599711599999964,5731.15186458326,0.25937057826955867,1.029679993217509,53.307210108000014,0.09557089815282868,0.24643427712932736,56.15196999999999,0.0
tuned_baseline_envelopes,static_off_h0.86_m0.55,default,adversarial_explanation_flood,static_offload,20,0.025156401580010094,0.002736203203038234,0.0,0.0,0.00047449093657660554,0.0,0.0023675908094596995,0.0005483616598293499,0.00567537401920863,43.65328480998001,0.0007973080712791992,0.0003468827890505558,0.017982469685230557,0.000674849138745481,0.0,0.04991122849185667,0.0,12.15029,0.7996908948903816,0.0,0.0,0.40970477779640796,0.0,0.7777633333333313,0.5443829275344446,2.2505783999999442,7576.863718960922,0.3809522529194674,0.015516883748711342,0.8044910439999995,0.17424828122388097,0.0,45.00872,0.0
tuned_baseline_envelopes,static_off_h0.86_m0.55,default,non_markovian,static_offload,20,0.03498959907184447,0.002834474639559649,0.0,0.0,0.0006839251061786823,0.0,0.0024252428313203812,0.0006771808885673896,0.007330619311507239,52.93592329148523,0.0008296461851968151,0.020339288356393464,1.0565829789807195,0.000578914373161214,0.0010121440506846609,0.09836335112165608,0.0,9.30677,0.12852847462614675,0.0,0.0,0.3069881532704367,0.0,0.36218194444444995,0.4848257168720621,1.4433052000000033,4683.9965973021845,0.24960964179865094,1.2398967451242409,64.30037759599995,0.08984166790855101,0.13595466413706517,54.97817,0.0
tuned_baseline_envelopes,static_off_h0.86_m0.55,default,rtt_uncertainty,static_offload,20,0.015149255221853104,0.002265804995719773,0.0,0.0,0.0006470163785671664,0.0,0.0013609933398173299,0.0006887787287718932,0.0032027788674650736,28.232897465973622,0.0009982605726464558,0.0004277187576884612,0.022205601916223755,0.0005767142463899988,0.0,0.046223107819175914,0.0,7.28912,0.08035163340996274,0.0,0.0,0.29822695137618516,0.0,0.26801305555555033,0.47738015343346946,1.1117108000000138,1850.6691841807576,0.2659625153159114,0.014829062189060462,0.7699820839999982,0.08261839683505598,0.0,44.98005,0.0
tuned_baseline_envelopes,static_off_h0.86_m0.55,default,transient_overload,static_offload,20,0.017470571318106694,0.0018154964236076201,0.0,0.0,0.0005378105325185786,0.0,0.001925735030524995,0.0007791401593550116,0.0027044189108803487,18.85648341281742,0.0008160474227973528,0.0005013476170345329,0.026172316365765873,0.0006369180120139075,0.0004145751672555369,0.041770556910819295,0.0,10.11484,0.20167045466182215,0.0,0.0,0.3157320557142003,0.0,0.4137808333333509,0.49098664445343515,1.597148399999965,5724.614151396596,0.26022391478759305,1.0290267198137792,53.27349273200001,0.0963832013279648,0.24609897331839034,56.11541999999999,0.0
tuned_baseline_envelopes,threshold_0.55,default,adversarial_explanation_flood,threshold_explain,20,0.02164886042927707,0.0031443524453309063,0.0,0.00023382051596087652,0.0010173839207244285,0.0017203103049343023,0.004621196294862761,0.00013193097726777549,0.01957212548412439,26.979042004187665,0.0008647763326159073,0.0004677067941921081,0.024052917742428136,0.0,0.0,0.04273497820370982,0.0,12.12911,0.7981025579319636,0.0,0.00196,0.7356538349955334,0.52517,2.1067769444444147,0.9753166847390903,8.92282,1028.6541105377958,0.6253057597461945,0.018459000632555372,0.9486647999999998,0.0,0.0,44.97012,0.0
tuned_baseline_envelopes,threshold_0.55,default,non_markovian,threshold_explain,20,0.035326683592941215,0.002606851867341745,0.0,0.0011751056248157797,0.0010507494127285962,0.005637837921532835,0.006088207724000826,0.0002340691123266364,0.02578535036047853,32.426299240526,0.0008931370008190526,0.01777416676137164,0.9195155381890882,0.0,0.0008050823936542552,0.12545623535724582,0.0,9.31336,0.1276562073688569,0.0,0.04168,0.5912722705281878,0.22607,1.3002143055555355,0.9467014595801102,5.5067900000000005,307.26548725110024,0.5025814299489519,1.2733871416871336,65.53014489999987,0.0,0.13792732258923718,55.059760000000004,0.0
tuned_baseline_envelopes,threshold_0.55,default,rtt_uncertainty,threshold_explain,20,0.014025548925480684,0.0022270258808219086,0.0,0.0,0.0010699958639410465,0.0017296872148029048,0.002489490677897663,0.00023718768894894288,0.010543725224037265,0.02174500957407288,0.000909496484349939,0.000531732900207367,0.027488492782947366,0.0,0.0,0.038392300847791896,0.0,7.29877,0.08104009232655243,0.0,0.0,0.5819007077655952,0.00393,1.002799305555604,0.9438527813391581,4.2471499999999995,0.7621730622222225,0.4946156016007798,0.01673379975676752,0.8652098499999994,0.0,0.0,45.01093,0.0
tuned_baseline_envelopes,threshold_0.55,default,transient_overload,threshold_explain,20,0.021337626405755112,0.002287650799483624,0.0,0.0013798690128528788,0.0008725550296547996,0.0007919416193262292,0.003473565245122638,0.00016657030457784694,0.01471157044992675,16.012594188101147,0.0007416717752068072,0.0005641383614889136,0.02813718613750645,0.0,0.0004850874216761082,0.04501669374602207,0.0,10.1144,0.2009644793052905,0.0,0.06097,0.6044334144145498,0.41891,1.443458194444336,0.9500430522879153,6.11347,2522.5229024088467,0.5137684022523287,1.0427722654491864,53.300646649999955,0.0,0.2483546533484398,56.14596,0.0
tuned_baseline_envelopes,threshold_0.62,default,adversarial_explanation_flood,threshold_explain,20,0.02173169273693678,0.00290993635377852,0.0,3.211177845883771e-05,0.0006368059561162662,0.0020990743222969303,0.0034698789573214097,0.0003867811563685996,0.014746187728829841,28.738191615625905,0.0005873291315484243,0.00049378900641442,0.02546336785672395,0.0,0.0,0.050060745030181375,0.0,12.14059,0.7977650693309452,0.0,3.0000000000000004e-05,0.5779799625212007,0.2782,1.385347083333328,0.8844462762247496,6.42896040000011,3677.2137025451348,0.45353004044536593,0.017631304372024405,0.9090748680000006,0.0,0.0,45.02112,0.0
tuned_baseline_envelopes,threshold_0.62,default,non_markovian,threshold_explain,20,0.03887130476853612,0.0022051686123082483,0.0,0.0007013894841106849,0.0009331144742730572,0.0,0.004715942739238226,0.0007298995342394689,0.021303354602048585,38.54072333458266,0.000817667262072017,0.02289704430110167,1.1862580715025668,0.0,0.0010419146024272918,0.1550218754627874,0.0,9.303230000000001,0.12890247974846963,0.0,0.00737,0.4266271034361394,0.0,0.7190648611111672,0.8141508637967357,3.496657600000064,2458.015725759112,0.32305051413150093,1.258058176663659,64.967820182,0.0,0.1376061746241052,54.938900000000004,0.0
tuned_baseline_envelopes,threshold_0.62,default,rtt_uncertainty,threshold_explain,20,0.022494636190410998,0.0025479692059443954,0.0,0.0,0.0008009603504532592,0.0,0.00207461869295926,0.0007209964864892178,0.00919129461055316,28.936372605432016,0.0006861592005180534,0.00047436975267737294,0.024578001305354313,0.0,0.0,0.043213571469011273,0.0,7.29731,0.07999108545097333,0.0,0.0,0.41480833545968376,0.0,0.5413715277778187,0.8048589144086868,2.651471200000064,167.59509284288927,0.31248090424350383,0.01594642998599182,0.826271439999999,0.0,0.0,45.045159999999996,0.0
tuned_baseline_envelopes,threshold_0.62,default,transient_overload,threshold_explain,20,0.016239886309946872,0.001982028394485109,0.0,0.0003208343202536654,0.0009547853274654495,0.0,0.0027433351205735077,0.0006496453921316257,0.011816506306789076,17.96089288967905,0.0008065670167071404,0.0003665938299139183,0.018024036084268724,0.0,0.00038536156031520995,0.03261938238132282,0.0,10.13391,0.20249423726492616,0.0,0.0035299999999999997,0.4406546616913428,0.0,0.8156365277778267,0.8215282547100037,3.9483772000000017,4030.085161461747,0.33477935348208904,1.036865290847335,53.29937123600001,0.0,0.2479860819825626,56.18279,0.0
tuned_baseline_envelopes,threshold_0.68,default,adversarial_explanation_flood,threshold_explain,20,0.02864222965152198,0.003342771124522838,0.0,3.8941251297712286e-05,0.0008879521303665933,0.0022620811656525507,0.004052848811110793,0.00041690057799916047,0.0175174052976807,35.601142275853256,0.0007999982097734434,0.0005481841924378563,0.028257719242990875,0.0,0.0,0.04803992765461922,0.0,12.158199999999999,0.8005974772440847,0.0,5e-05,0.5784633037331058,0.2794,1.3882129166666608,0.884394213292483,6.442999200000109,3664.412595882028,0.45386801933285315,0.017538318011284464,0.9042563040000005,0.0,0.0,45.015319999999996,0.0
tuned_baseline_envelopes,threshold_0.68,default,non_markovian,threshold_explain,20,0.028117404232067225,0.0017532832723535722,0.0,0.0005547180905649282,0.0007662162209647653,0.0,0.003111664216476861,0.000633180554806898,0.014225930420478004,41.04511795538711,0.0006585387863389465,0.023881684483405895,1.2375710272514375,0.0,0.0009223843759877963,0.10588028227393625,0.0,9.31486,0.12984890238950464,0.0,0.007489999999999999,0.4269311596395281,0.0,0.7197277777778336,0.8137620807574985,3.5018632000000642,2486.5819165775542,0.3231490527783992,1.2682026574820064,65.492728524,0.0,0.13796314638744872,54.96187,0.0
tuned_baseline_envelopes,threshold_0.68,default,rtt_uncertainty,threshold_explain,20,0.014502697224563743,0.0016080450028484181,0.0,0.0,0.0009411204718169565,0.0,0.0023095386698257646,0.0008745310083267876,0.009923884035352496,17.439145822909033,0.000825789300198538,0.0004484665890231266,0.02323227835029688,0.0,0.0,0.039917430750672535,0.0,7.27607,0.07744696602893691,0.0,0.0,0.41464483554507614,0.0,0.5397644444444849,0.8049267560355732,2.6431240000000655,160.11562505866706,0.31239812379358717,0.015781325460358913,0.8177550819999991,0.0,0.0,45.02033,0.0
tuned_baseline_envelopes,threshold_0.68,default,transient_overload,threshold_explain,20,0.01623166213002103,0.0020258570914459956,0.0,0.00042286684727738566,0.0010168361177216438,0.0,0.0031036881439082706,0.0007974667719165461,0.0132276812462443,15.858387849049567,0.0009090493001765031,0.0005127753660774714,0.026571749345409405,0.0,0.0005977645337838901,0.03839688234833101,0.0,10.12277,0.20196381896945503,0.0,0.00346,0.43958809226460005,0.0,0.8124706944444944,0.8211209287024775,3.9338536000000017,4022.1648903188507,0.3339195156898202,1.0363799993231573,53.277220086,0.0,0.2475318568643825,56.145830000000004,0.0
tuned_baseline_envelopes,threshold_0.72,default,adversarial_explanation_flood,threshold_explain,20,0.021673704180241716,0.002678751148523842,0.0,3.211177845883771e-05,0.0007374856171095637,0.0021572937744947203,0.0029763893742816606,0.00036808755874297595,0.012580980333520828,31.734230956892993,0.000661367581698137,0.0004789576454411811,0.024688003999904985,0.0,0.0,0.042571252243837066,0.0,12.14043,0.7983029827856327,0.0,3.0000000000000004e-05,0.5783608075921233,0.27827999999999997,1.386108055555551,0.8844359937706351,6.432808400000104,3648.8498583600253,0.45381130812295256,0.017362230842194355,0.8952082920000002,0.0,0.0,45.00698,0.0
tuned_baseline_envelopes,threshold_0.72,default,non_markovian,threshold_explain,20,0.021197162134587742,0.0024714759670652923,0.0,0.0006047982943445734,0.0007957032625671276,0.0,0.0023338607345604976,0.0005859116822689572,0.010444330111899647,30.19704103825537,0.0006880264154359378,0.015171639420131689,0.7870701303078326,0.0,0.0008018340674770814,0.0921950546542208,0.0,9.33344,0.13013384131369282,0.0,0.007730000000000001,0.42643453693332123,0.0,0.7203284722222778,0.8136328676544121,3.5047580000000638,2499.2222679864453,0.32277534682014086,1.2621342791425259,65.17800096600003,0.0,0.13802039096100938,55.05835,0.0
tuned_baseline_envelopes,threshold_0.72,default,rtt_uncertainty,threshold_explain,20,0.015219430721492691,0.002068960947201004,0.0,0.0,0.0006383313619927258,0.0,0.0015531188080093311,0.0004594562487938831,0.006728394352040134,24.46381902343746,0.000535275882496628,0.0004680511664372384,0.02426975699367274,0.0,0.0,0.04841481462519094,0.0,7.2796899999999996,0.078366226112491,0.0,0.0,0.4149847507370702,0.0,0.5405468055555971,0.8050438866782341,2.646746000000066,155.54680590755592,0.31267182001737764,0.01582526579296709,0.820017763999999,0.0,0.0,45.00449,0.0
tuned_baseline_envelopes,threshold_0.72,default,transient_overload,threshold_explain,20,0.02307312965681076,0.0025781088676343307,0.0,0.0003797121458212924,0.0007070812137004232,0.0,0.0031852486878845786,0.0005339556812954356,0.014278902826169466,16.552454134954296,0.0006281979930477527,0.0005541219956490531,0.028138373712476725,0.0,0.0004295317272857153,0.03514897080880067,0.0,10.139289999999999,0.203041291324855,0.0,0.0033299999999999996,0.4401702698459594,0.0,0.8143695833333833,0.8209582234292994,3.944410799999994,4043.2981444301813,0.3342762394396098,1.0367946127488687,53.29801196000001,0.0,0.24770606133639522,56.18696,0.0
tuned_baseline_envelopes,threshold_0.78,default,adversarial_explanation_flood,threshold_explain,20,0.019865115146645195,0.0025482959957305778,0.0,0.0,0.0007910429213498639,0.002130054409979633,0.0030144534462147165,0.0005261110455035944,0.01276709694867405,28.118978483013457,0.0006723864831472784,0.000688735036068328,0.03556813643103974,0.0,0.0,0.044890401639548945,0.0,12.158750000000001,0.8012361043156412,0.0,0.0,0.44973902082815265,0.2258,1.2911169444444432,0.82858298216264,5.46826,6342.6003253224,0.3822781677039294,0.01755542903409986,0.9062973499999997,0.0,0.0,45.00154,0.0
tuned_baseline_envelopes,threshold_0.78,default,non_markovian,threshold_explain,20,0.02777083534857928,0.0020845575401486666,0.0,0.00023360423572223255,0.0010504762025087384,0.0,0.0029576591984889766,0.0011275884025053605,0.012526556605363219,54.009319330116384,0.0008929047721325578,0.01874618315034321,0.9726602734767005,0.0,0.0009313582210821652,0.11440350761126161,0.0,9.312050000000001,0.1285559297699038,0.0,0.00159,0.2908997281631425,0.0,0.6395943055555925,0.7312869580104764,2.70887,4647.694665660032,0.2472647689386854,1.26393296210686,65.36409514999953,0.0,0.13705310375517094,55.008489999999995,0.0
tuned_baseline_envelopes,threshold_0.78,default,rtt_uncertainty,threshold_explain,20,0.01660466644974744,0.002358896745543142,0.0,0.0,0.0011564153571320054,0.0,0.0026003427870687655,0.0012126613787561843,0.01101321650993645,26.019505468197305,0.0009829530535624116,0.0004686427422385882,0.024314947777830914,0.0,0.0,0.04029030704025323,0.0,7.28116,0.07833145417771711,0.0,0.0,0.2785290086777247,0.0,0.4788451388889122,0.7199169237961974,2.02805,1844.7096550066904,0.23674965737607753,0.01577011662809597,0.8178213999999974,0.0,0.0,45.01502,0.0
tuned_baseline_envelopes,threshold_0.78,default,transient_overload,threshold_explain,20,0.020999762430936895,0.0025150130672877925,0.0,0.0001570576830004622,0.0008082508128931225,0.0,0.00204533863111957,0.0007983373143256875,0.008662610672977218,35.85183982525987,0.0006870131909591236,0.0005240833376546139,0.027397695420692546,0.0,0.0005921384367140105,0.04981823238724395,0.0,10.14727,0.20495441653450203,0.0,0.0005,0.3049742856958114,0.0,0.7306765277778121,0.742005386665402,3.09463,5583.656257175679,0.2592281428414519,1.034030965829007,53.27212279999988,0.0,0.24699608689952196,56.14205,0.0
tuned_baseline_envelopes,threshold_0.84,default,adversarial_explanation_flood,threshold_explain,20,0.020901359593954314,0.0027977334277505144,0.0,0.0,0.0006813257072314305,0.0,0.0022401063079872936,0.0008346791293637345,0.010340711204254248,35.60737915798957,0.0005559861330409199,0.0005319845851006511,0.027543357590995583,0.0,0.0,0.046452624819249076,0.0,12.14066,0.7983256630708452,0.0,0.0,0.2983614521507631,0.0,0.5917777777777878,0.5490009122538295,3.0514984000000562,10394.952628265768,0.2169614758284113,0.015881213042215993,0.822522307999999,0.0,0.0,45.00733,0.0
tuned_baseline_envelopes,threshold_0.84,default,non_markovian,threshold_explain,20,0.03161749011297723,0.002135037329521921,0.0,0.0,0.00046924074984079563,0.0,0.0011968440742400935,0.000912948941264537,0.005538153437815496,61.74669962657097,0.00039849314614073117,0.01905312258400568,0.9898479190804684,0.0,0.0007028085917103414,0.12670886074977278,0.0,9.33296,0.1302474865577532,0.0,0.0,0.18008995119104415,0.0,0.24890847222221354,0.4455550695103896,1.360271600000015,6967.331014985772,0.1263123600905884,1.252779660186875,64.95968310599996,0.0,0.13595744346496857,55.0493,0.0
tuned_baseline_envelopes,threshold_0.84,default,rtt_uncertainty,threshold_explain,20,0.013221328838700471,0.00196920703748659,0.0,0.0,0.0008176281788080524,0.0,0.0012578443583491025,0.001372607384400769,0.005678325842737993,27.868718870871778,0.0006370371273801715,0.00037165190302732856,0.019303238150114567,0.0,0.0,0.04510072459084182,0.0,7.30147,0.08251078681871823,0.0,0.0,0.17137517355115175,0.0,0.18295083333332046,0.43442365558692597,1.0075884000000204,3611.4668230634516,0.11965453186722926,0.01467063032097456,0.7618476019999986,0.0,0.0,44.96638,0.0
tuned_baseline_envelopes,threshold_0.84,default,transient_overload,threshold_explain,20,0.018880288101949975,0.002234133565646641,0.0,0.0,0.000520581338781486,0.0,0.0013376098670506637,0.0009854916679134331,0.005327512213304133,37.89857069030037,0.0004124513190485926,0.0006685147796193766,0.034543333474465095,0.0,0.00042856905057126143,0.03512482418119713,0.0,10.13129,0.20304593154427594,0.0,0.0,0.19012540974349174,0.0,0.2887098611111328,0.456522228668691,1.5663927999999907,8085.141223960132,0.13392553487380807,1.0298146973085582,53.29258954999997,0.0,0.24620951568901672,56.142489999999995,0.0
tuned_baseline_envelopes,threshold_0.90,default,adversarial_explanation_flood,threshold_explain,20,0.021002804715160285,0.002930419434127992,0.0,0.0,0.0007074891098598682,0.0,0.0020857281296381112,0.0008529475734320585,0.009399025444196811,46.61436265378036,0.000577041963078516,0.0004365715185828508,0.02260901605186497,0.0,0.0,0.037871235063429,0.0,12.153229999999999,0.7994257006905475,0.0,0.0,0.29815240406877813,0.0,0.5913193055555659,0.5484042276272554,3.051086000000055,10415.997298414657,0.2167188790105888,0.015780331260796525,0.8172825219999991,0.0,0.0,45.02637,0.0
tuned_baseline_envelopes,threshold_0.90,default,non_markovian,threshold_explain,20,0.03197076130743272,0.0026252142093866775,0.0,0.0,0.0006954324330182536,0.0,0.0017705050603358478,0.0010043921279138128,0.008757816070328737,53.705084577709584,0.0005394644238872816,0.021709455358372237,1.1274184690212117,0.0,0.0009643664651504489,0.11093472737785942,0.0,9.31032,0.12961284739027898,0.0,0.0,0.18068914013369525,0.0,0.2504381944444359,0.447666766426292,1.3643476000000168,6928.293894870234,0.12696755160124817,1.2261941654723014,63.57745521599999,0.0,0.13635935951937447,54.94665,0.0
tuned_baseline_envelopes,threshold_0.90,default,rtt_uncertainty,threshold_explain,20,0.019638584337445184,0.0025000723532473995,0.0,0.0,0.0006365234178048164,0.0,0.0012600850414950457,0.0014480791098989087,0.005131388250814073,42.404221878682065,0.0005512931498558629,0.00038101732883003524,0.019784917329863733,0.0,0.0,0.04408581946980476,0.0,7.2672,0.07757826864274359,0.0,0.0,0.17134141976619086,0.0,0.1820355555555427,0.4346320322281908,1.0026128000000227,3545.6518725934448,0.11962649473976264,0.014788281153161779,0.7679719079999986,0.0,0.0,44.95997,0.0
tuned_baseline_envelopes,threshold_0.90,default,transient_overload,threshold_explain,20,0.025937173095974222,0.0027628055551712407,0.0,0.0,0.0005635562985287485,0.0,0.0010891037996618408,0.0008480037034030664,0.005118277202516226,51.289354903365975,0.0004248232411664327,0.0005952521396227968,0.030455546205769145,0.0,0.0005210283179890017,0.046334971641321956,0.0,10.1512,0.20408939774720497,0.0,0.0,0.18983938649615864,0.0,0.28857180555557743,0.4559668685197232,1.5665191999999901,8127.763743546803,0.133680021339268,1.0293986638652197,53.270794869999975,0.0,0.2466005959032517,56.20394,0.0
tuned_baseline_envelopes,xai_gate_default,default,adversarial_explanation_flood,xai_gate,20,0.016632038950867106,0.0026625327245310844,0.0011731455521040307,8.948018304571542e-05,0.00021858987136550955,0.0,0.0006755492673886245,0.0004179064979955587,0.011809290655125053,18.42124372776346,0.00029769367530564964,0.0003444600653049733,0.017745523902437426,0.0006628430335099697,0.0,0.03480586497268617,0.0011829678372354286,12.155899999999999,0.8009685980719892,0.1307003974480221,0.00018,0.6870839021799402,0.0,0.9946199722224615,0.8001724785246849,6.820035999999211,1536.425527856328,0.6601687753972761,0.01758544410884897,0.9063058840000007,0.047681889817655504,0.0,44.99774,0.6368668610100998
tuned_baseline_envelopes,xai_gate_default,default,non_markovian,xai_gate,20,0.03643124590255779,0.0023104362800374836,0.004928648309720713,0.00025736602646609627,0.0014143058646142377,0.0,0.005567945087261944,0.001162228778192937,0.030290449430346884,5.149362595643776,0.0015788760207708632,0.022529453333910876,1.1678144673015847,0.0011668066925856378,0.0007978716335254423,0.1312514144226947,0.003758720908319049,9.31254,0.13040133232722645,0.04923367873501246,0.0008200000000000001,0.6331962366010804,0.0,0.8060272222221695,0.7710950496409965,3.5915061999997038,123.16672683442434,0.6889702873043666,1.2601786347770252,65.206296083,0.21106465625135679,0.13706277072896395,54.92100000000001,0.5580173117191942
tuned_baseline_envelopes,xai_gate_default,default,rtt_uncertainty,xai_gate,20,0.017690897460558627,0.0024628839684044126,0.0006904124413778571,0.0,0.00038652638371528924,0.0,0.001099947345035233,0.0004040233931451477,0.008559882275442875,0.014793929791954818,0.0007060814972013064,0.0004979763685198747,0.025758767356090624,0.0003112857318262084,0.0,0.03317775231294252,0.0009675349379518838,7.29889,0.08030023107750076,0.05632369167341077,0.0,0.6427290953808622,0.0,0.5762254166666614,0.8525518404577743,3.7885337999997715,0.3993704708666671,0.5534021200340695,0.016511446438204326,0.8544204470000007,0.02307957852630736,0.0,45.04234,0.395331775005653
tuned_baseline_envelopes,xai_gate_default,default,transient_overload,xai_gate,20,0.015418277561251446,0.0017166498813246099,0.0003904516411565422,0.000575329807474305,0.0001712713277818018,0.0,0.00042334941547419037,0.0002922883795657978,0.007143849160582592,16.888119043250487,0.00036420544252986837,0.0006932257899104008,0.035123508238308905,0.0003950909899980519,0.0005207759123707536,0.047312253036363223,0.0007609575227264567,10.12537,0.2020363529838188,0.15394750253207837,0.01083,0.6800633092192445,0.0,0.9908141388891766,0.7491164765096562,4.157553799999244,2338.106668788515,0.7738331009672259,1.0369959242717526,53.30076788799998,0.2464834986396965,0.2479325130486826,56.15682,0.5746385074807921
