stage,variant,ablation,regime,policy,seed_count,ci95_alerts_per_slot,ci95_attacker_trigger_gain,ci95_audit_rate,ci95_budget_violation_rate,ci95_explanation_coverage,ci95_exposure_budget_violation_rate,ci95_exposure_use,ci95_high_risk_explanation_coverage,ci95_local_compute_load,ci95_mean_explanation_debt,ci95_mean_explanation_delay,ci95_mean_packet_delay,ci95_mean_packet_queue,ci95_offload_rate,ci95_packet_drop_rate,ci95_packets_per_slot,ci95_redaction_rate,mean_alerts_per_slot,mean_attacker_trigger_gain,mean_audit_rate,mean_budget_violation_rate,mean_explanation_coverage,mean_exposure_budget_violation_rate,mean_exposure_use,mean_high_risk_explanation_coverage,mean_local_compute_load,mean_mean_explanation_debt,mean_mean_explanation_delay,mean_mean_packet_delay,mean_mean_packet_queue,mean_offload_rate,mean_packet_drop_rate,mean_packets_per_slot,mean_redaction_rate
unsw_nb15_tuned_baseline_envelopes,always_default,default,adversarial_explanation_flood,always_explain,20,0.020990157569981103,0.0022683468076888486,0.0,0.0011305578166737446,0.0,0.0009894858803279718,0.004956009426244428,0.0,0.020990157569981103,0.0,1.189876521952235e-15,0.0005657159556846964,0.028975024340514043,0.0,0.0,0.03405405516447683,0.0,12.14704,0.7998225909393095,0.0,0.04052,1.0,0.65124,2.8680511111108475,1.0,12.14704,0.0,0.8499999999999218,0.02001655860530419,1.0243186000000009,0.0,0.0,44.99338,0.0
unsw_nb15_tuned_baseline_envelopes,always_default,default,non_markovian,always_explain,20,0.02783017796852901,0.00199124489401576,0.0,0.0007440259135272098,0.0,0.0030565252497084445,0.006571014242567531,0.0,0.02783017796852901,0.0,1.3551240239351264e-15,0.023387046463117785,1.2052664894050973,0.0,0.0006655108358869513,0.12373962232926641,0.0,9.33316,0.13032728642034805,0.0,0.09561,1.0,0.54521,2.2036627777776547,1.0,9.33316,0.0,0.8499999999999526,1.312718454447978,67.15831585000001,0.0,0.13904783592209302,55.04684999999999,0.0
unsw_nb15_tuned_baseline_envelopes,always_default,default,rtt_uncertainty,always_explain,20,0.02001054161848858,0.002389677201494618,0.0,0.00010361593049638448,0.0,0.0017088303762330655,0.004724711215475725,0.0,0.02001054161848858,0.0,1.1806775947869436e-15,0.00045324794313852956,0.023337465615366638,0.0,0.0,0.038881718876775696,0.0,7.286060000000001,0.07959334050839044,0.0,0.00027,1.0,0.41856,1.720319722222148,1.0,7.286060000000001,0.0,0.8499999999999635,0.01781001974126508,0.9172121500000001,0.0,0.0,44.99241,0.0
unsw_nb15_tuned_baseline_envelopes,always_default,default,transient_overload,always_explain,20,0.019627264237279757,0.002004367620177224,0.0,0.0008116114133720576,0.0,0.0004919766447173741,0.00463421516713506,0.0,0.019627264237279757,0.0,1.6434786779226126e-15,0.0005001167070571242,0.02476790996969696,0.0,0.0004095791065083318,0.0597661784574026,0.0,10.11152,0.20054331693689376,0.0,0.19861,1.0,0.52547,2.3874422222220617,1.0,10.11152,0.0,0.8499999999999428,1.0524892758134912,53.29781644999999,0.0,0.2501422692040798,56.149710000000006,0.0
unsw_nb15_tuned_baseline_envelopes,bexgov_pressure_0.55,default,adversarial_explanation_flood,budget_only_bexgov,20,0.020860720371877986,0.0027224377800315613,0.001218215767189679,0.0,0.0003787004535649823,0.0,0.0003767730379945175,0.0003033802913713199,0.007859319034543302,40.3828920399052,0.00042873421345134363,0.0004540463690933946,0.023422315941782658,0.0,0.0,0.03132917803763263,0.001232565128305186,12.16964,0.8012668998155401,0.6736180173170878,0.0,0.5924713196602274,0.0,0.9066761111111246,0.7352396763608043,6.161895799999877,8037.2278677960685,0.5639239245291591,0.017615479865006563,0.9086618690000009,0.0,0.0,45.041019999999996,0.0981545836443817
unsw_nb15_tuned_baseline_envelopes,bexgov_pressure_0.55,default,non_markovian,budget_only_bexgov,20,0.026728534709281392,0.0023607102438437714,0.0011010374635572451,0.00022910344250670053,0.000690264338870532,0.0,0.00197004002702879,0.0006002992637322008,0.012320315797931618,55.50915921915921,0.000691274263733665,0.02040525548633061,1.057193413014435,0.0,0.0009631594673705173,0.08310131152552966,0.0,9.30565,0.12823015036901847,0.5457687131863482,0.00178,0.45158480034549064,0.0,0.5638954722222734,0.6645858467345257,3.5978356000000558,5966.8108660957605,0.43125419401424364,1.2617786492186853,65.16810872999997,0.0,0.13667177175460293,54.9865,0.0
unsw_nb15_tuned_baseline_envelopes,bexgov_pressure_0.55,default,rtt_uncertainty,budget_only_bexgov,20,0.016635850224202733,0.0024514298501522613,0.0012760638282777118,0.0,0.0008036881036745173,0.0,0.0016024637122450988,0.0004931086525246415,0.009616286891951247,29.344428781386863,0.0007731653821286736,0.0005030114317588142,0.026066491759477353,0.0,0.0,0.04104659999623022,0.0,7.28343,0.07934822025625506,0.5323210775685716,0.0,0.4558525144561127,0.0,0.44821902777780265,0.6741262687235431,2.839811000000041,2538.220600728499,0.42440238625443366,0.015750375896095004,0.8159456030000001,0.0,0.0,44.98668,0.0
unsw_nb15_tuned_baseline_envelopes,bexgov_pressure_0.55,default,transient_overload,budget_only_bexgov,20,0.02066641422496639,0.0020320529825432953,0.0009234325861493247,9.204204988682302e-05,0.0005915370694285069,0.0,0.0011706994746287966,0.0005091719804114598,0.007296660409338239,50.496391626522396,0.0005848694350982624,0.000548372296231614,0.02786730238113166,0.0,0.0005232540028975129,0.055943485373534836,0.0,10.14396,0.20409482133758178,0.5707511653202427,0.00020999999999999998,0.45944287392593647,0.0,0.624989444444507,0.6648016597682653,3.9993062000000017,7260.843794162254,0.44668772157206443,1.0368988130316825,53.31666887600001,0.0,0.24768438744171523,56.16364,0.0
unsw_nb15_tuned_baseline_envelopes,bexgov_pressure_0.72,default,adversarial_explanation_flood,budget_only_bexgov,20,0.018438193010219497,0.0025227828904567304,0.0012246731182773533,1.96e-05,0.00044892226972023766,0.0,0.00036309347626215313,0.00024186531490799954,0.007424421961199597,35.05141981641388,0.00044908197473593535,0.0005181157887223397,0.02674547677924865,0.0,0.0,0.04433161509541936,0.0012149102921169593,12.14738,0.8002727539317471,0.6722884763376836,1e-05,0.5941749074264492,0.0,0.9071172222222369,0.7367390246379442,6.167215999999878,7933.81161973571,0.5642874359341309,0.017153544059125787,0.8847588860000013,0.0,0.0,44.98355,0.10005125006886015
unsw_nb15_tuned_baseline_envelopes,bexgov_pressure_0.72,default,non_markovian,budget_only_bexgov,20,0.04039192398810738,0.002932539895614994,0.0007912576562700443,0.00033540754785468785,0.000706313789240983,0.0,0.0026592587137474113,0.00045502149483688594,0.017091347230050655,74.49886303329491,0.0006785883641454342,0.024088072424211616,1.2473813786868087,0.0,0.0008386894558813019,0.13659004617678727,0.0,9.30687,0.12928970326138148,0.5459655521538488,0.0017399999999999998,0.457940799216364,0.0,0.5739738888889434,0.672109887074566,3.6489950000000584,5793.331184509964,0.4320633693566894,1.2565339545600867,64.88244574700002,0.0,0.13727502984040668,54.941520000000004,0.0
unsw_nb15_tuned_baseline_envelopes,bexgov_pressure_0.72,default,rtt_uncertainty,budget_only_bexgov,20,0.014484896936137533,0.0020307846441211834,0.0009944948769257957,0.0,0.0007386343775080627,0.0,0.0013618110437762633,0.0004075609633825869,0.008014006411779913,22.249795780435132,0.000669026512637888,0.00042460665621386255,0.022003093751323446,0.0,0.0,0.03659608631810416,0.0,7.28287,0.07956306154399809,0.5328678594176056,0.0,0.4568494642421233,0.0,0.44911313888891435,0.674417247163135,2.8453972000000443,2529.5698148558167,0.42518599169931265,0.01556626790219504,0.8063844259999998,0.0,0.0,44.97421,0.0
unsw_nb15_tuned_baseline_envelopes,bexgov_pressure_0.72,default,transient_overload,budget_only_bexgov,20,0.011573839524866743,0.001479794163246619,0.000941208693489088,8.484070522548651e-05,0.0007753646642863198,0.0,0.0014779037365113402,0.0005208953242898458,0.008530961819735703,24.78176824515412,0.0007061742767211362,0.0005176729307638797,0.026233980783470345,0.0,0.0004324810760264909,0.03944059209238492,0.0,10.1266,0.201930399280923,0.5696734900119598,0.00017999999999999998,0.47426553254621623,0.0,0.6479976111111786,0.6822129775442218,4.117270399999993,6740.9899323602895,0.4478504601563068,1.0372205964037047,53.30174414400002,0.0,0.24809859910619822,56.16862999999999,0.0
unsw_nb15_tuned_baseline_envelopes,bexgov_pressure_0.88,default,adversarial_explanation_flood,budget_only_bexgov,20,0.014571438820406332,0.0020937320867489965,0.0013347748449414473,0.0,0.00037255732269522485,0.0,0.0003526935103709218,0.00019933518619730825,0.006129474424689501,21.899229991926227,0.000341663476586166,0.00035983894372362043,0.018559586695388066,0.0,0.0,0.024284699730532357,0.0012324398908864769,12.14049,0.8003687826633774,0.6722451254227821,0.0,0.5948246255317698,0.0,0.9073226111111257,0.7369640446506026,6.170501999999872,7915.9459930967005,0.5648807155815128,0.016894796383713544,0.8713823700000013,0.0,0.0,44.95559,0.10095016794067717
unsw_nb15_tuned_baseline_envelopes,bexgov_pressure_0.88,default,non_markovian,budget_only_bexgov,20,0.028055914836513235,0.0018410193528649573,0.0012750414388340064,0.0002967381266192022,0.0007215131803266543,0.0,0.0020359492944112857,0.00041985102817875805,0.012801979382912053,50.57946013050606,0.0007168040459734121,0.016107622974741245,0.8348209488438089,0.0,0.0009363310396873254,0.10573650916137554,0.0,9.31483,0.1288299286170011,0.546653195305439,0.00235,0.46316462028674277,0.0,0.5824141944445019,0.6776836039649863,3.6935098000000615,5624.3796982464655,0.43341124296429684,1.2403334792791632,64.03236193899998,0.0,0.13720243053210804,55.01134,0.0
unsw_nb15_tuned_baseline_envelopes,bexgov_pressure_0.88,default,rtt_uncertainty,budget_only_bexgov,20,0.014041598940591553,0.0020492588365042834,0.0011266297444557742,0.0,0.0008539631238919513,0.0,0.001205537366484244,0.0005340564227353067,0.007179037714716665,29.793982988557175,0.0007952455144087687,0.0004460197950863611,0.023114334672434202,0.0,0.0,0.03714920266226563,0.0,7.27463,0.07752096194970395,0.5328850455187816,0.0,0.45681674198720723,0.0,0.4489880555555804,0.6747093904920984,2.842890600000044,2508.953892749164,0.42526476135716507,0.016033381009572766,0.8306040540000001,0.0,0.0,45.0085,0.0
unsw_nb15_tuned_baseline_envelopes,bexgov_pressure_0.88,default,transient_overload,budget_only_bexgov,20,0.023859117918313848,0.0023718703065899465,0.0011239510305131365,0.00018708019108055465,0.0008049344328229208,0.0,0.0020210794850802475,0.0005294776545271643,0.011671449952903147,39.02026135735604,0.0007686906873133711,0.0006736570625547793,0.03482703145718662,0.0,0.00033584973433558636,0.04659927015141183,0.0,10.12432,0.20186426562902177,0.5701625553009656,0.00063,0.4801536945458837,0.0,0.6568101666667352,0.6886438269193863,4.165179399999994,6556.291102379117,0.4494257352589422,1.03745769287382,53.30298996400003,0.0,0.24792698152563397,56.15884,0.0
unsw_nb15_tuned_baseline_envelopes,fifo_quota_10,default,adversarial_explanation_flood,fifo_explanation,20,0.022462748119825758,0.0023971346123905046,0.0,0.0,0.001154383202608622,0.0005285883404732002,0.0015698383823845882,0.0013399431637873722,0.0066487272665722895,89.88594327702408,0.0001731574803913167,0.0005147573807647665,0.026488399964943,0.0,0.0,0.037297003773436976,0.0,12.14685,0.7992987682154598,0.0,0.0,0.7794580384509051,0.5531900000000001,2.2354622222220315,0.7482477649138093,9.467839999999999,7226.221940766662,0.8830812942322795,0.018541572657851595,0.9540825000000099,0.0,0.0,45.005759999999995,0.0
unsw_nb15_tuned_baseline_envelopes,fifo_quota_10,default,non_markovian,fifo_explanation,20,0.03895836377532468,0.002377081601534022,0.0,0.0,0.0018491951871794613,0.0024344356138322346,0.005735294785854757,0.0024375074572152724,0.024290660269503262,110.23402431616432,0.00027737927807704074,0.028536516699337818,1.4712007294273002,0.0,0.0008006960276590826,0.1496927809069735,0.0,9.34773,0.13221716920754162,0.0,0.0,0.7786728277763095,0.41814999999999997,1.7185606944443736,0.6985054105047567,7.2786100000000005,3560.9389691906704,0.8831990758335024,1.274663421109779,65.67495544999984,0.0,0.13809668319875107,55.040099999999995,0.0
unsw_nb15_tuned_baseline_envelopes,fifo_quota_10,default,rtt_uncertainty,fifo_explanation,20,0.01657655107903297,0.001945297987747035,0.0,0.0,0.0005830906584796735,0.00137214736050738,0.003244238997223923,0.0007903855984574525,0.013740306341180097,0.02012263688095834,8.74635987725304e-05,0.0004338510142678464,0.022353615295716125,0.0,0.0,0.045652483612060486,0.0,7.29774,0.08121133638627062,0.0,0.0,0.9654249014627684,0.39980000000000004,1.663494861111042,0.9521169110985184,7.04539,0.5092147041834472,0.8551862647805478,0.01780780369071434,0.9178394500000036,0.0,0.0,44.99721,0.0
unsw_nb15_tuned_baseline_envelopes,fifo_quota_10,default,transient_overload,fifo_explanation,20,0.024722984380403674,0.0023817145474920713,0.0,0.0,0.0008753306861583964,0.001077333956921827,0.004168651231776836,0.0011419801790877235,0.017655464040466626,55.76036031206008,0.00013129960292359566,0.00045949762535120567,0.023697743354792886,0.0,0.00031994811665321017,0.04604056160935965,0.0,10.111650000000001,0.201432741518083,0.0,0.0,0.6698773209469142,0.41125999999999996,1.5993104166665983,0.561804069599381,6.77355,11959.142187872874,0.8995184018579035,1.0355068195023194,53.27890255,0.0,0.24713409978921014,56.10865,0.0
unsw_nb15_tuned_baseline_envelopes,fifo_quota_14,default,adversarial_explanation_flood,fifo_explanation,20,0.018366008621191567,0.0025373803058206497,0.0,0.0,0.0005977052870909702,0.0006910508793820727,0.0029907793694371435,0.0006948388021769834,0.012666830270559308,4.418777002612371,8.965579306386734e-05,0.0004088168728212295,0.02097184777720023,0.0,0.0,0.03345912320190122,0.0,12.1476,0.7989707736676427,0.0,0.0,0.9444220707434164,0.63049,2.708765833333086,0.9365404667015197,11.47242,27.454082452960726,0.8583366893884085,0.01997950297890492,1.0246135000000058,0.0,0.0,45.01688,0.0
unsw_nb15_tuned_baseline_envelopes,fifo_quota_14,default,non_markovian,fifo_explanation,20,0.03147509706900299,0.0026449509397133437,0.0,0.0,0.0013061722184852173,0.0011470694045903971,0.005802084918593731,0.001705763764665627,0.024573536125806487,68.62310355033733,0.00019592583277219344,0.016759418020552194,0.8635190658542538,0.0,0.0008139613774134885,0.14173094513808454,0.0,9.33467,0.12956772154587345,0.0,0.0,0.8583039600128067,0.47042,1.8916986111110217,0.8059330944862925,8.0119,793.1289410552565,0.871254405998028,1.3094913723673756,67.32922299999998,0.0,0.13881292009645324,55.09298,0.0
unsw_nb15_tuned_baseline_envelopes,fifo_quota_14,default,rtt_uncertainty,fifo_explanation,20,0.017337235192680378,0.002642972501046308,0.0,0.0,0.00018283018674454182,0.001992453011266579,0.004008602571516,0.00025252275647028114,0.01697761089112737,0.003241305471200411,2.7424528011183252e-05,0.0004515135742811128,0.023261483796402648,0.0,0.0,0.035204279648331185,0.0,7.284999999999999,0.07991091923367839,0.0,0.0,0.9981213997047375,0.41723999999999994,1.7168370833332602,0.9973971044699838,7.27131,0.025166387235370992,0.8502817900442532,0.017781002469268992,0.9158127000000004,0.0,0.0,44.972950000000004,0.0
unsw_nb15_tuned_baseline_envelopes,fifo_quota_14,default,transient_overload,fifo_explanation,20,0.020117079064736035,0.0016366122010780038,0.0,0.0,0.0011183087117533237,0.000616601237685903,0.0028844814017902885,0.0015470383778864426,0.012216627113466029,59.75958569285914,0.00016774630676295868,0.0006204639335455575,0.03208515646173394,0.0,0.00033932074295594654,0.055648085256434277,0.0,10.14074,0.20383455218486538,0.0,0.0,0.7596485537039751,0.46693999999999997,1.818841805555471,0.6785607941533318,7.703329999999999,8856.104565447013,0.8860527169443433,1.0405746061927095,53.3141016,0.0,0.24867554556576063,56.15784,0.0
unsw_nb15_tuned_baseline_envelopes,fifo_quota_18,default,adversarial_explanation_flood,fifo_explanation,20,0.02135292421734267,0.002482703646312083,0.0,0.0,0.00032865404752585364,0.001003153642007892,0.004646262203156152,0.0003738621438282019,0.019678286978077567,0.03441809527626556,4.929810712874753e-05,0.000562305342867939,0.02880208542638057,0.0,0.0,0.049770464778346485,0.0,12.1617,0.8009390830914411,0.0,0.0,0.9924497283024369,0.64887,2.849828055555298,0.9913809824034765,12.06986,0.5326969286500413,0.8511325407545576,0.020520960564901828,1.050635099999998,0.0,0.0,45.019850000000005,0.0
unsw_nb15_tuned_baseline_envelopes,fifo_quota_18,default,non_markovian,fifo_explanation,20,0.02310530943129279,0.0020331933705225623,0.0,0.0,0.0012223396442963997,0.0019453535919967695,0.004336575178621982,0.001637675596558777,0.018366671344756988,4.340265231655492,0.00018335094664448837,0.021600476198513085,1.1139300182588683,0.0,0.0009401514418452383,0.08041921647723647,0.0,9.304649999999999,0.12827446160755435,0.0,0.0,0.9075599392415411,0.49946999999999997,1.9938308333332309,0.8733772628573305,8.44446,146.25326176425997,0.8638660091137191,1.3007819063029782,66.77158674999993,0.0,0.13815125947968357,54.978539999999995,0.0
unsw_nb15_tuned_baseline_envelopes,fifo_quota_18,default,rtt_uncertainty,fifo_explanation,20,0.016913624341652084,0.0023987580161267535,0.0,0.0,1.9503095573523657e-05,0.0013632404583815811,0.003995302761822139,2.705861288591284e-05,0.016921282285366324,0.0003952831265495573,2.925464336177891e-06,0.00040715326997219645,0.020998749624840933,0.0,0.0,0.03859339986943507,0.0,7.285340000000001,0.07912287727040032,0.0,0.0,0.9999519460467106,0.41935,1.720067083333261,0.9999333864372233,7.2849900000000005,0.0008570500050266945,0.8500072080929577,0.018027127770952975,0.9284265500000002,0.0,0.0,45.007819999999995,0.0
unsw_nb15_tuned_baseline_envelopes,fifo_quota_18,default,transient_overload,fifo_explanation,20,0.022140311576564764,0.002369080337642552,0.0,0.0,0.0012221747191344576,0.000420156672532622,0.003296859413290594,0.0016018663966087582,0.013963169279817651,65.07269854739886,0.0001833262078704063,0.0006425483006603557,0.033073340723178066,0.0,0.0005952665037607629,0.04841679764848946,0.0,10.12519,0.20190195654166282,0.0,0.0,0.8450398746958576,0.49596999999999997,2.0201902777776657,0.7925990955260585,8.556099999999999,5655.886465649215,0.8732440187955632,1.0448862779218946,53.31590965,0.0,0.2495001516706663,56.16202,0.0
unsw_nb15_tuned_baseline_envelopes,fifo_quota_24,default,adversarial_explanation_flood,fifo_explanation,20,0.01875366836906434,0.002669071791882464,0.0,0.0011972223677724778,3.566579770532575e-05,0.0011576669241921084,0.004367641650779508,4.0739532542498724e-05,0.018498246991539555,0.002366936462687854,5.349869655521384e-06,0.0007120875995978109,0.03645693316965232,0.0,0.0,0.045629390229497864,0.0,12.152989999999999,0.8006868104562568,0.0,0.04133,0.9998824932406254,0.65206,2.869118333333073,0.9998658579587032,12.15156,0.006567369213348784,0.8500176260138291,0.020313369841971442,1.0395987000000004,0.0,0.0,44.994,0.0
unsw_nb15_tuned_baseline_envelopes,fifo_quota_24,default,non_markovian,fifo_explanation,20,0.026892759353284695,0.0018850272654783614,0.0,0.0008702767085666972,0.00092906560226527,0.0007730402372587455,0.0051926426805076215,0.0012537763672195378,0.021992368999795297,1.6292676068065968,0.00013935984033976864,0.019509879892878428,1.0050319349522185,0.0,0.0007239697475017554,0.09503820289653069,0.0,9.33194,0.1302358232283286,0.0,0.09591,0.9585124484570511,0.52398,2.111945416666552,0.9431679965477988,8.94471,36.439164797146404,0.8562231327313949,1.2923284921109979,66.20901694999999,0.0,0.13936138659874678,55.043859999999995,0.0
unsw_nb15_tuned_baseline_envelopes,fifo_quota_24,default,rtt_uncertainty,fifo_explanation,20,0.018148853593836903,0.0022888869042563416,0.0,6.89307814519678e-05,0.0,0.002073152638146222,0.004285145987432324,0.0,0.018148853593836903,0.0,1.5521158301147682e-15,0.0005510099191381915,0.028383285563485846,0.0,0.0,0.04410839648254128,0.0,7.295640000000001,0.08141678844939111,0.0,0.00015000000000000001,1.0,0.41973000000000005,1.722581666666591,1.0,7.295640000000001,0.0,0.8499999999999626,0.017445843623163974,0.8984802000000002,0.0,0.0,44.97573,0.0
unsw_nb15_tuned_baseline_envelopes,fifo_quota_24,default,transient_overload,fifo_explanation,20,0.016738445901576512,0.0020934103546112826,0.0,0.0006697291455663654,0.0007814280799401371,0.0003591613623575459,0.0024687772833643855,0.0010429511217065794,0.010455997906011889,38.115923466556545,0.00011721421199076552,0.0005656120210574809,0.02876886221557997,0.0,0.0004208810000666585,0.04632499679720508,0.0,10.1184,0.2013656212637008,0.0,0.19844,0.9453127643556309,0.5171,2.2584027777776283,0.9267741168860603,9.565000000000001,1439.5994914779205,0.8582030853465973,1.0493673841960258,53.27976165,0.0,0.250281435176333,56.14957,0.0
unsw_nb15_tuned_baseline_envelopes,fifo_quota_6,default,adversarial_explanation_flood,fifo_explanation,20,0.02594871505898963,0.003411761055850154,0.0,0.0,0.0009827107088786488,0.00019886744593480414,0.00043631380006861045,0.0010721498256519976,0.0018479172708754804,115.61932828511294,0.00014740660633177327,0.0005997452034147903,0.03098929655722036,0.0,0.0,0.047163132085716694,0.0,12.151810000000001,0.7998115432022475,0.0,0.0,0.4913255685752233,0.29078,1.4096706944443935,0.4198272266746953,5.97037,20409.959378900363,0.9263011647136461,0.016862376338776353,0.8712809499999891,0.0,0.0,45.011430000000004,0.0
unsw_nb15_tuned_baseline_envelopes,fifo_quota_6,default,non_markovian,fifo_explanation,20,0.030534370925616974,0.001966670102763994,0.0,0.0,0.0012125350042278319,0.001638984175768956,0.0022185407031485456,0.0015868236656778375,0.009396172389805703,117.9175058103633,0.0001818802506342663,0.022107982544999693,1.1426769126225458,0.0,0.0005907939432557431,0.119594275554573,0.0,9.31431,0.1296457428493328,0.0,0.0,0.5859331305135395,0.22391,1.2885527777777472,0.45341662852407205,5.4574,10058.9325027044,0.9121100304229042,1.258895578261918,65.0620181999998,0.0,0.13728058769837645,54.96851,0.0
unsw_nb15_tuned_baseline_envelopes,fifo_quota_6,default,rtt_uncertainty,fifo_explanation,20,0.014410658895780106,0.0019354068554207223,0.0,0.0,0.0009748113686816736,0.0011018929205785157,0.0014085163734009795,0.00136491363386327,0.0059654811108753635,52.59176987714141,0.00014622170530259626,0.000403046703852266,0.020829409585999412,0.0,0.0,0.03899923863559147,0.0,7.29025,0.08060077316704352,0.0,0.0,0.7527395856049921,0.22857,1.2956833333333055,0.6622898034280803,5.4876,1539.345572849735,0.887089062159208,0.016249035371062752,0.839734249999991,0.0,0.0,44.976530000000004,0.0
unsw_nb15_tuned_baseline_envelopes,fifo_quota_6,default,transient_overload,fifo_explanation,20,0.01990700939426002,0.0021868354881352807,0.0,0.0,0.000795959097995578,0.001451897804146082,0.002004727593304304,0.0008492672742191295,0.008490610983408637,51.54854177910061,0.00011939386469941666,0.00039363266176012596,0.020322719874899395,0.0,0.0004372432520302483,0.053387610233165426,0.0,10.11934,0.20130932725237152,0.0,0.0,0.5166815874267006,0.19829000000000002,1.234490416666642,0.3851997440022625,5.22843,15343.179737012377,0.922497761885921,1.0312877012499782,53.28711540000013,0.0,0.24656315371899917,56.15733,0.0
unsw_nb15_tuned_baseline_envelopes,never_default,default,adversarial_explanation_flood,never_explain,20,0.02256945520709945,0.0032149838679207936,0.0,0.0,0.0,0.0,0.0,0.0,0.0,79.33419429482225,0.0,0.00027979056777459977,0.014549109524279263,0.0,0.0,0.04200599618460503,0.0,12.161719999999999,0.8012294827679393,0.0,0.0,0.0,0.0,0.0,0.0,0.0,29602.745875158766,0.0,0.014584807692307694,0.75841,0.0,0.0,45.01273,0.0
unsw_nb15_tuned_baseline_envelopes,never_default,default,non_markovian,never_explain,20,0.03354844705782337,0.0017793646679744241,0.0,0.0,0.0,0.0,0.0,0.0,0.0,121.62864683099478,0.0,0.026689899018961426,1.3878747489859753,0.0,0.0006966000379242057,0.15459852009638264,0.0,9.30426,0.12883495055779912,0.0,0.0,0.0,0.0,0.0,0.0,0.0,18241.11478580503,0.0,1.2242336538461664,63.66015,0.0,0.135883535582266,54.94869,0.0
unsw_nb15_tuned_baseline_envelopes,never_default,default,rtt_uncertainty,never_explain,20,0.018490156877077762,0.002250735667828037,0.0,0.0,0.0,0.0,0.0,0.0,0.0,59.64373840146277,0.0,0.0003982720591176425,0.020710147074117533,0.0,0.0,0.038627879908470136,0.0,7.28164,0.07880722782365183,0.0,0.0,0.0,0.0,0.0,0.0,0.0,12226.343666594836,0.0,0.01455384615384615,0.7567999999999999,0.0,0.0,44.99794,0.0
unsw_nb15_tuned_baseline_envelopes,never_default,default,transient_overload,never_explain,20,0.02243533924597765,0.0025609797445359616,0.0,0.0,0.0,0.0,0.0,0.0,0.0,84.91938748840145,0.0,0.0004618591400498292,0.02401667528259173,0.0,0.00043998871507723835,0.044199235361426295,0.0,10.13883,0.20307241765265432,0.0,0.0,0.0,0.0,0.0,0.0,0.0,20677.28368056882,0.0,1.0241878846154,53.25777000000001,0.0,0.2454766160227352,56.18302,0.0
unsw_nb15_tuned_baseline_envelopes,rate_quota_10,default,adversarial_explanation_flood,rate_limited,20,0.01922136166839823,0.002544209513661499,0.0,7.306026351761373e-05,0.0010091320361619944,0.0007038211495304117,0.0024273596057809176,0.001107451461476414,0.008390971570536105,95.65173167080616,0.0007729822146786867,0.00063676650243147,0.032779014924935616,0.0,0.0,0.037732803647029106,0.0,12.15038,0.8003048262656719,0.0,0.00016,0.7719603266598198,0.5301,2.126123888888775,0.8487575421988189,9.187830799999627,4860.255021745887,0.8208631592300861,0.018800417204429265,0.9671912920000046,0.0,0.0,44.99381,0.0
unsw_nb15_tuned_baseline_envelopes,rate_quota_10,default,non_markovian,rate_limited,20,0.03362306464243673,0.0033984207747795414,0.0,7.577718028952765e-05,0.0010994346324104266,0.0036569159407750596,0.004001335208007117,0.0013974482217863785,0.017694279748903405,87.96052138955676,0.000636082337812341,0.019374825971725587,1.0014722495044088,0.0,0.000645304879786403,0.10458225891451767,0.0,9.30451,0.12913014329627853,0.0,0.00026,0.6336671948002058,0.13447,1.156175694444443,0.7255282249283566,5.384814400000033,4113.361900228206,0.6844344590817341,1.267278832727289,65.38095846399997,0.0,0.1371033141666353,54.936099999999996,0.0
unsw_nb15_tuned_baseline_envelopes,rate_quota_10,default,rtt_uncertainty,rate_limited,20,0.014651115405283915,0.0019561015059830203,0.0,0.0,0.000809673944941028,0.0022492587204630213,0.0026077358854008446,0.0006311786667061561,0.01080296580630178,0.004846506408939426,0.000876923411585662,0.0004596871326016189,0.023749815743896504,0.0,0.0,0.0453978650846054,0.0,7.28008,0.07861541664880764,0.0,0.0,0.7645538918526931,0.06521,1.0696608333333468,0.8695721845793811,5.036247600000047,0.2012572063634825,0.5931821114952529,0.016893499306330648,0.8726372680000001,0.0,0.0,44.996480000000005,0.0
unsw_nb15_tuned_baseline_envelopes,rate_quota_10,default,transient_overload,rate_limited,20,0.02145863462198842,0.0022950271085036937,0.0,4.289433774434938e-05,0.0009699101081812612,0.002103168879271669,0.0017705622480066144,0.0012053642487824842,0.007678628442051525,63.982028861653816,0.0006464096245105505,0.0005322045584685765,0.02747668864197737,0.0,0.000427263017646563,0.05292470894838816,0.0,10.13163,0.203197218417362,0.0,0.00013000000000000002,0.5534338714566556,0.18283,1.146949722222169,0.6451839254687335,5.223768799999946,10485.441628943974,0.7650823884193546,1.0359751905522732,53.306042904000016,0.0,0.24685210237458116,56.13727,0.0
unsw_nb15_tuned_baseline_envelopes,rate_quota_12,default,adversarial_explanation_flood,rate_limited,20,0.01805602651025274,0.002476622155144228,0.0,0.00043734567804571155,0.0007143489401401293,0.0008557511640289207,0.002668034445986652,0.0004988943550078285,0.010655886093812036,29.63493968158298,0.000592943942594175,0.0003997276462764677,0.020537906241757657,0.0,0.0,0.03255517674556088,0.0,12.16186,0.8020591113835633,0.0,0.007299999999999999,0.8746921770648012,0.5715899999999999,2.3382584722220257,0.9339333236393526,10.262070799999302,151.7860412975971,0.7447524640753135,0.01928209907052387,0.9895320539999999,0.0,0.0,44.99248,0.0
unsw_nb15_tuned_baseline_envelopes,rate_quota_12,default,non_markovian,rate_limited,20,0.030460911465921926,0.001889140048682891,0.0,0.00016206298970332166,0.0012894578322877911,0.003817087585278101,0.004595217876797177,0.0015398587411209921,0.01955075234192098,66.89113202796166,0.0006959092548098685,0.02087687974031237,1.0787719864445031,0.0,0.0008721316906767383,0.11129762048618218,0.0,9.29703,0.1276013229599963,0.0,0.00141,0.6616361601602068,0.16860999999999998,1.208742777777776,0.7596603367656609,5.62341400000003,3035.752025115418,0.672842235302792,1.2731709426490714,65.626412022,0.0,0.1370255864626769,54.96589,0.0
unsw_nb15_tuned_baseline_envelopes,rate_quota_12,default,rtt_uncertainty,rate_limited,20,0.016368880754973003,0.0024869074986949183,0.0,0.0,0.0005226569347090953,0.002378240550889404,0.0025913199623086003,0.0005042932894776214,0.011591233104650977,0.004977072065702732,0.0005701712015003443,0.0004588963060976726,0.0236959590628097,0.0,0.0,0.05066497858687397,0.0,7.27369,0.07780859037201995,0.0,0.0,0.7645706614326506,0.06409000000000001,1.068744861111123,0.8693514599129994,5.031941200000049,0.2005200776511035,0.5931679942901243,0.01669842709563505,0.8625444260000001,0.0,0.0,44.99078,0.0
unsw_nb15_tuned_baseline_envelopes,rate_quota_12,default,transient_overload,rate_limited,20,0.01800406461967619,0.002045236384340033,0.0,5.1465348587794083e-05,0.0009662059650838361,0.0024358637227458895,0.002256358599716384,0.001188839135146655,0.009877609785468656,54.344750168100916,0.000712330521500547,0.0007224210238239697,0.037172957124271426,0.0,0.0003868859491025975,0.03636806998580786,0.0,10.12967,0.20288228811822123,0.0,0.00017,0.5953644398983389,0.30419,1.2451549999999485,0.7001235113798645,5.643489599999944,8930.22398382168,0.7571898337642414,1.038184306956115,53.311581648,0.0,0.2477247346846588,56.14112,0.0
unsw_nb15_tuned_baseline_envelopes,rate_quota_16,default,adversarial_explanation_flood,rate_limited,20,0.018039206157349854,0.0023435584065611033,0.0,0.0005425752239866936,0.00032988893842087044,0.0011092539209092915,0.00402350022770533,0.00021602333218396675,0.017029976741022145,0.0611106983081731,0.00036065087572425875,0.0005056313080546486,0.02595906138171678,0.0,0.0,0.041426762488847454,0.0,12.13272,0.7988581990733584,0.0,0.012199999999999999,0.8898040634504495,0.57628,2.358242638888686,0.9444746874371592,10.382505199999253,1.7512534923813192,0.7297872754978336,0.0191153910180483,0.9805349880000005,0.0,0.0,44.96456,0.0
unsw_nb15_tuned_baseline_envelopes,rate_quota_16,default,non_markovian,rate_limited,20,0.024967989762219832,0.0019374823997352197,0.0,0.0003591332138123093,0.00112631143470972,0.003090813667696752,0.003847536815313177,0.0013765706888471383,0.016336384336323725,73.94382302697277,0.0009999173164839086,0.02508345033293263,1.2963928440158894,0.0,0.0007024969849787205,0.10218891461869736,0.0,9.32007,0.12814336658601158,0.0,0.00839,0.7054764909379019,0.22086,1.2937883333333056,0.8107146079464481,6.014702400000023,1529.0467908990252,0.6528035259583026,1.3052879915464943,67.186048558,0.0,0.1384920922428489,55.076049999999995,0.0
unsw_nb15_tuned_baseline_envelopes,rate_quota_16,default,rtt_uncertainty,rate_limited,20,0.017856410750557657,0.002187313323455345,0.0,0.0,0.0005754509492869029,0.0029842280976740644,0.0033978210091475357,0.00042137815347805625,0.014749596645242934,0.005132756703720948,0.0006277646719491299,0.00035470607320838037,0.018307388725939757,0.0,0.0,0.034642251550018224,0.0,7.285030000000001,0.07998595931068155,0.0,0.0,0.7644716019421096,0.06559000000000001,1.07014527777779,0.8694458403083107,5.0388676000000405,0.20530317871501094,0.5930599293913519,0.016681015092192667,0.8616211699999999,0.0,0.0,44.96976,0.0
unsw_nb15_tuned_baseline_envelopes,rate_quota_16,default,transient_overload,rate_limited,20,0.01608029829416952,0.0020289517377641937,0.0,0.00024612185257670533,0.0007926253584407742,0.0006111998622209822,0.0025631091849096037,0.0009255165732219359,0.010378143045386866,45.45412729816549,0.0007440508388888926,0.00041320113867355596,0.021108595149355362,0.0,0.00037126789940384225,0.03777514168433496,0.0,10.122020000000001,0.20266873021005766,0.0,0.0015800000000000002,0.6713819832030887,0.40918,1.40987416666658,0.7944504671362621,6.373987199999943,6060.29824505071,0.7320202563328185,1.040938574339671,53.263493088000004,0.0,0.2484509985535181,56.10877000000001,0.0
unsw_nb15_tuned_baseline_envelopes,rate_quota_20,default,adversarial_explanation_flood,rate_limited,20,0.017577004181600495,0.00328945461202159,0.0,0.0007571712175139643,0.00041267731572270814,0.0010750794888604368,0.003930932781449073,0.00025254209256079174,0.01649189330589956,0.08227378179385306,0.0004501934353335922,0.000462754739950263,0.02376816474722491,0.0,0.0,0.047890959039445916,0.0,12.14395,0.800206791126144,0.0,0.01245,0.8894895330797432,0.5757399999999999,2.358975694444242,0.944210780388848,10.387106799999248,1.8382275534283063,0.7294431269960867,0.01910594233919346,0.9799702440000001,0.0,0.0,44.97269,0.0
unsw_nb15_tuned_baseline_envelopes,rate_quota_20,default,non_markovian,rate_limited,20,0.03132367092434807,0.0025001015204721704,0.0,0.0009794943958895054,0.0007640094985560384,0.001647547845483674,0.004656961587520156,0.0007454429011566454,0.02089712024743301,47.07687929895872,0.0008607469282265588,0.02217507182588803,1.1460834362445647,0.0,0.0007933492614252723,0.12660477062148126,0.0,9.34047,0.13055833537425274,0.0,0.06327,0.7395761569428634,0.26073,1.3545899999999704,0.8477842372315809,6.309051600000024,329.38263177688435,0.6316387521554645,1.2820631170931165,65.91222378800002,0.0,0.13825045522360496,55.07866,0.0
unsw_nb15_tuned_baseline_envelopes,rate_quota_20,default,rtt_uncertainty,rate_limited,20,0.018933638443896905,0.0021310278467438623,0.0,0.0,0.0005770322431571467,0.0030680961543979647,0.003431385039802997,0.0004513888301351396,0.015038811092000698,0.008954734102717712,0.0006294897198080576,0.0005333562502276976,0.027563797046714772,0.0,0.0,0.03801395939056307,0.0,7.29642,0.0807100449311451,0.0,0.0,0.7646227073315706,0.06745999999999999,1.0722345833333462,0.8695885667443191,5.0481840000000435,0.20801171676753788,0.5932247716344007,0.016726404099545948,0.8639689979999996,0.0,0.0,45.0098,0.0
unsw_nb15_tuned_baseline_envelopes,rate_quota_20,default,transient_overload,rate_limited,20,0.015672981113267592,0.0018252688950349115,0.0,0.0014434130429754263,0.0009361466225556942,0.0006032752710260672,0.0028058137615318275,0.0007791731061833134,0.010629080342778997,42.13299908253784,0.000972413101936277,0.0007522760841738143,0.03941642806081478,0.0,0.0004925839360603318,0.03375875418242628,0.0,10.118219999999999,0.20177577469687752,0.0,0.10525999999999999,0.7304747798341503,0.4314,1.5109991666665816,0.8524702789440545,6.883886399999826,3744.7575802543934,0.6891873410334834,1.043976335992925,53.28507733399999,0.0,0.24916399215978435,56.12931,0.0
unsw_nb15_tuned_baseline_envelopes,rate_quota_4,default,adversarial_explanation_flood,rate_limited,20,0.02534061587852907,0.003425249496091388,0.0,0.0,0.0006853814506266217,0.0,0.00016996830629912812,0.0007787162717321171,0.0005874104665699191,101.7046791782219,0.00011376366299085285,0.0004186986776906403,0.0216799825538314,0.0,0.0,0.03642423349434441,0.0,12.160120000000001,0.8003739383138069,0.0,0.0,0.3283360501073831,0.0,0.9416111111110574,0.3741120999099149,3.9902080000000004,25210.277354089252,0.9499862383988367,0.016532397406381273,0.8560459439999908,0.0,0.0,45.02812,0.0
unsw_nb15_tuned_baseline_envelopes,rate_quota_4,default,non_markovian,rate_limited,20,0.032382710113041266,0.0024342731772027887,0.0,0.0,0.0011307846294624324,0.0,0.0014912178484261613,0.0011572932726771758,0.005154365915266252,122.2296548286932,0.000767744944870549,0.021962851976161765,1.137913027856139,0.0,0.0008816722397020704,0.14126230477072405,0.0,9.33069,0.13047031481838872,0.0,0.0,0.38326976775721333,0.0,0.783852083333341,0.49041157419050974,3.444974400000067,12939.611495397823,0.8861251391132864,1.2810464927314833,66.35101636599984,0.0,0.13638665713748788,55.0253,0.0
unsw_nb15_tuned_baseline_envelopes,rate_quota_4,default,rtt_uncertainty,rate_limited,20,0.017493694784963893,0.002154609465533214,0.0,0.0,0.0009270130415508525,0.0,0.0015253505983732337,0.0008509671470856803,0.0052718286783220636,68.90914587211964,0.0008553680187043498,0.00042370231784834164,0.021942939624182266,0.0,0.0,0.04295980276138195,0.0,7.298730000000001,0.08088532224447194,0.0,0.0,0.4975698869659248,0.0,0.8048925000000032,0.6519563008389169,3.5176956000000588,4953.408740179822,0.8627275906642013,0.015999403829127387,0.8286362719999945,0.0,0.0,45.016890000000004,0.0
unsw_nb15_tuned_baseline_envelopes,rate_quota_4,default,transient_overload,rate_limited,20,0.01943785418869716,0.001929280474977733,0.0,0.0,0.0004932111253312161,0.0,0.0013775179147360235,0.0006685943095678095,0.0047803069282692035,65.00592526103524,0.0005613125884528313,0.0004112273318004899,0.021309354455879302,0.0,0.00043071813061823993,0.04672340274297363,0.0,10.13048,0.2026222335625239,0.0,0.0,0.3432804164687023,0.0,0.7466044444444525,0.42131126022240367,3.316193200000086,16313.995705937588,0.884556086092571,1.028985437581461,53.28128289799987,0.0,0.2463208967232883,56.157669999999996,0.0
unsw_nb15_tuned_baseline_envelopes,rate_quota_6,default,adversarial_explanation_flood,rate_limited,20,0.02078594894857181,0.0028053243233295846,0.0,0.0,0.0007893941259089535,0.0003831048667758864,0.0006111797320255069,0.000976899700586866,0.002112237153881566,97.35883539045156,0.00023738570455034556,0.0005083810269746108,0.026267389985614474,0.0,0.0,0.052798765033324487,0.0,12.14593,0.7991334947068204,0.0,0.0,0.4890186018112538,0.28251,1.393752083333246,0.5552641855300913,5.920807199999983,17830.197668063025,0.9204660044087772,0.01676944100183381,0.8664726339999899,0.0,0.0,45.00669,0.0
unsw_nb15_tuned_baseline_envelopes,rate_quota_6,default,non_markovian,rate_limited,20,0.030122624298340173,0.002549113567904973,0.0,0.0,0.001437538178807123,0.0,0.002284043078256046,0.001663819630743349,0.008140884802189496,110.76447086900464,0.001181802884572347,0.01987254270307473,1.028392518152159,0.0,0.0008178508940331626,0.07901668330973903,0.0,9.33968,0.13036597306252667,0.0,0.0,0.5200997206038631,0.0,0.9892597222222566,0.6189312101179157,4.515908000000037,8096.133760160279,0.7751928165878212,1.27322477198943,65.84138903399996,0.0,0.137402559236877,55.08307,0.0
unsw_nb15_tuned_baseline_envelopes,rate_quota_6,default,rtt_uncertainty,rate_limited,20,0.014764388373736533,0.001986935684444787,0.0,0.0,0.0009423118137675422,0.0013068179561539226,0.0017641780277099029,0.0008667252069756595,0.006108160566679192,42.81498160169681,0.001206174404761122,0.00040290260059677675,0.020830577742802652,0.0,0.0,0.04317150949752297,0.0,7.298229999999999,0.08094957259699327,0.0,0.0,0.6723027359985003,0.00364,1.0029019444444764,0.8148427550937505,4.569490000000031,195.5352208051101,0.7137261125538322,0.016470128296337965,0.8516391339999977,0.0,0.0,45.011250000000004,0.0
unsw_nb15_tuned_baseline_envelopes,rate_quota_6,default,transient_overload,rate_limited,20,0.01678222399388866,0.001985203397856755,0.0,0.0,0.0007302408451180929,0.0,0.0021663411857391654,0.0010128434083346773,0.008404286497810654,47.92845031420342,0.0005394191550952533,0.0005502233343728559,0.028499407398678546,0.0,0.0004488175999056984,0.04169544938684008,0.0,10.145109999999999,0.20391658716580413,0.0,0.0,0.45897259156173786,0.0,0.9340683333333855,0.5250587435316181,4.298120399999991,13882.1299820772,0.7894110101509508,1.0316270040797189,53.30536446000001,0.0,0.2469863841545043,56.17844,0.0
unsw_nb15_tuned_baseline_envelopes,rate_quota_8,default,adversarial_explanation_flood,rate_limited,20,0.01840155717072248,0.0026817222899869265,0.0,0.0,0.0008460332411324873,0.000494436338300066,0.0011780431023114546,0.0008229213787624432,0.004070758322494102,57.582763407600844,0.00041415950639120836,0.0004897917264326356,0.0252525781651741,0.0,0.0,0.048815638261438,0.0,12.134260000000001,0.7979435407669099,0.0,0.0,0.6400442359078539,0.44453,1.8004011111109874,0.7184973645317123,7.694184399999888,10948.086831918892,0.8801024492500964,0.01749443955968853,0.901994476000002,0.0,0.0,44.99323,0.0
unsw_nb15_tuned_baseline_envelopes,rate_quota_8,default,non_markovian,rate_limited,20,0.030180895390575162,0.0021131236527018693,0.0,2.6979290303178063e-05,0.000858427367299449,0.004097781786592145,0.004034569029533809,0.0011456601676586846,0.01807743140250349,80.10517178997968,0.0006951238423022867,0.02162359402133314,1.1175576254788395,0.0,0.0007147727411876593,0.12700645707964675,0.0,9.35673,0.1306809665744148,0.0,2e-05,0.5985682893602338,0.08921,1.098394027777775,0.6853263905809199,5.115414400000037,5366.439893733813,0.7020197126359186,1.2763890316938395,65.92005028000003,0.0,0.13791873893691542,55.16848,0.0
unsw_nb15_tuned_baseline_envelopes,rate_quota_8,default,rtt_uncertainty,rate_limited,20,0.013825712009913001,0.0017075358831118443,0.0,0.0,0.0005751348782924327,0.002380641052985076,0.0026907278184189407,0.0005251628312065336,0.011392870669259066,0.01683340103048505,0.000651062636156717,0.0004573605216724817,0.02362083592615127,0.0,0.0,0.04282650421960194,0.0,7.296989999999999,0.08094066387234698,0.0,0.0,0.76369595359672,0.06756,1.0727818055555673,0.8693548720939914,5.046275600000042,0.28711127365237293,0.5958215578738352,0.016902262343379316,0.8730797359999999,0.0,0.0,45.003930000000004,0.0
unsw_nb15_tuned_baseline_envelopes,rate_quota_8,default,transient_overload,rate_limited,20,0.023802250261422107,0.002533580100268967,0.0,4.474009152285771e-05,0.0010129802391912535,0.002597448600778119,0.002187097936247385,0.0010680392302372045,0.00956967605392014,67.39704699228561,0.0005276088872405544,0.00038715835540808124,0.020007358653361413,0.0,0.00044165762146696185,0.05044628133108263,0.0,10.11654,0.20238514819930864,0.0,0.00011,0.5104819032840029,0.05354,1.0431205555555167,0.5880728432097084,4.782493999999946,12069.238187576644,0.7719325347238097,1.0334612414288755,53.28748112600001,0.0,0.24671298476656203,56.09147,0.0
unsw_nb15_tuned_baseline_envelopes,static_cf_h0.70_m0.35,default,adversarial_explanation_flood,static_coarse_full,20,0.021284807778220362,0.0030695196664766266,0.0,0.0004623142790695297,0.0005827735830736697,0.001404449938400682,0.004261277510223951,0.0002848070069900925,0.01798354026828725,22.420572143577946,0.000510615987625823,0.0003894536897700676,0.01998587520138423,0.0,0.0,0.04416698433745797,0.0,12.15072,0.8000678515848693,0.0,0.00697,0.8209742620980933,0.56658,2.309071666666527,0.9273146762446427,9.875255999999718,863.7067628922739,0.6914030135742061,0.01898913322875226,0.9746649520000004,0.0,0.0,45.00106,0.0
unsw_nb15_tuned_baseline_envelopes,static_cf_h0.70_m0.35,default,non_markovian,static_coarse_full,20,0.039632296866491196,0.0026504363609186608,0.0,0.0012230198311427415,0.0011901603925326167,0.00606672701562426,0.007064744596669347,0.0007042352525366672,0.030124915906245553,40.589762061366905,0.0010293325385997345,0.026311390896342615,1.3611303259023264,0.0,0.0008696747749976376,0.14606638453810528,0.0,9.32788,0.13103113576611927,0.0,0.05649,0.6174902355499597,0.22957,1.3063713888888633,0.8291887493918415,5.643801199999953,1607.4405233131833,0.5151604096831293,1.27601971553645,65.62238797599994,0.0,0.13757097949156444,54.98081,0.0
unsw_nb15_tuned_baseline_envelopes,static_cf_h0.70_m0.35,default,rtt_uncertainty,static_coarse_full,20,0.014207499090269226,0.0018963031081906168,0.0,0.0,0.001166946898575359,0.0010772494995174172,0.0022872750083815967,0.0006491551843860181,0.009843819848234812,0.5906093030205818,0.0009863958694503352,0.0005561526655783765,0.02874647834893706,0.0,0.0,0.040313049398713816,0.0,7.2874,0.07933463937916121,0.0,0.0,0.605702097182915,0.00165,0.9991181944444669,0.8220005907521651,4.320665200000002,6.264202078426414,0.5048678163476543,0.016596707994003698,0.8581160699999997,0.0,0.0,45.01169,0.0
unsw_nb15_tuned_baseline_envelopes,static_cf_h0.70_m0.35,default,transient_overload,static_coarse_full,20,0.018484957657169974,0.001685091694311238,0.0,0.0016153752283667884,0.0007756718246373969,0.000809615992144944,0.0038092195952980886,0.00041124260786960483,0.01638413987462745,14.179280406794707,0.0006527822853985074,0.0005697686754811435,0.030666013065539004,0.0,0.0005237678945763264,0.051869287539392475,0.0,10.13198,0.20291419162675745,0.0,0.09741,0.6414387598670725,0.42779,1.4781423611110405,0.8424770249521991,6.376974399999914,2952.924749911993,0.5358304239679814,1.0440751902191683,53.28789815599998,0.0,0.2488834219138984,56.15234,0.0
unsw_nb15_tuned_baseline_envelopes,static_cf_h0.70_m0.45,default,adversarial_explanation_flood,static_coarse_full,20,0.021626230674126383,0.0032876466118436126,0.0,0.0005450106015386065,0.0006988186716865001,0.0015075914873172954,0.00440436933681271,0.00029163472949882493,0.01880012074159489,27.96975594207136,0.0006000218829668981,0.000514395130120143,0.026414613986455393,0.0,0.0,0.05075671051503791,0.0,12.15736,0.8001563651608267,0.0,0.00717,0.821174804379727,0.56633,2.311093333333192,0.9274636315316291,9.88349039999972,870.9813000672814,0.6915990947261277,0.019155341300016126,0.9832598160000001,0.0,0.0,45.02351,0.0
unsw_nb15_tuned_baseline_envelopes,static_cf_h0.70_m0.45,default,non_markovian,static_coarse_full,20,0.03363492100828669,0.0027273251641057876,0.0,0.0009876451269773495,0.0011792606953548966,0.005415716869688773,0.005636919864340028,0.0006995820002373996,0.023877228766402966,36.57484642673514,0.001020963505657638,0.021382729487704897,1.1053033052361378,0.0,0.0009932487014400102,0.09894709993080032,0.0,9.29281,0.12962810803929034,0.0,0.05606,0.618248035251552,0.22561,1.3032829166666422,0.8296950209052822,5.629933199999952,1561.5283671936365,0.5158369832743487,1.2568467590575974,64.63066034599998,0.0,0.13766017538296196,54.842349999999996,0.0
unsw_nb15_tuned_baseline_envelopes,static_cf_h0.70_m0.45,default,rtt_uncertainty,static_coarse_full,20,0.02249580689143737,0.0027681209700994975,0.0,0.0,0.0011216458356411406,0.0025046218498061368,0.0036637189103351326,0.000605541071442745,0.015749421135720018,0.8160933605099694,0.0009430916884462864,0.0003932226431863056,0.02032288551344185,0.0,0.0,0.046627182599536646,0.0,7.29604,0.080593485989391,0.0,0.0,0.6063098359698882,0.0039,1.0016662500000209,0.8225706069488437,4.330921199999997,6.543984966080674,0.5054560229694586,0.016428857207350777,0.8493967059999996,0.0,0.0,45.01234,0.0
unsw_nb15_tuned_baseline_envelopes,static_cf_h0.70_m0.45,default,transient_overload,static_coarse_full,20,0.019482503780301766,0.0021347146534197383,0.0,0.001384141018066706,0.0008699027531913188,0.0006856462245671325,0.003627111111261826,0.0004270564016304692,0.015817454000051114,13.26580648673809,0.0007243886514259454,0.0006304290325836234,0.0329053727691847,0.0,0.0003750679473311043,0.04171974454743408,0.0,10.14354,0.20412993695405213,0.0,0.09875,0.6423281050398268,0.42883000000000004,1.4820419444443735,0.8429680144222271,6.393443199999913,2966.190948194687,0.5366010005875693,1.043828676597237,53.27136913999999,0.0,0.249228329133058,56.15972000000001,0.0
unsw_nb15_tuned_baseline_envelopes,static_cf_h0.70_m0.55,default,adversarial_explanation_flood,static_coarse_full,20,0.019221306443577037,0.0021265020024939132,0.0,0.0005316586162289918,0.0006282738030927653,0.0014017408124411422,0.003965993907878394,0.00028107004091533917,0.016938026730140703,25.309856825624752,0.0005418907200822027,0.0006728478895182882,0.03454661444051914,0.0,0.0,0.049244324028876914,0.0,12.15697,0.8003320703010551,0.0,0.0075,0.8211240643401061,0.5681,2.3106468055554137,0.927349672000213,9.882066799999722,875.4867466440955,0.6915243852409153,0.019263891250607443,0.988752288,0.0,0.0,45.017520000000005,0.0
unsw_nb15_tuned_baseline_envelopes,static_cf_h0.70_m0.55,default,non_markovian,static_coarse_full,20,0.03620860739763109,0.002442221669322596,0.0,0.0008054220678429548,0.0009677773335462035,0.005313421128861477,0.005831665526556775,0.0005464061360095544,0.025278156459015072,49.40948561794051,0.0008228639446016616,0.028260162704298916,1.4622793651690726,0.0,0.001025103522945099,0.1417748669945345,0.0,9.330589999999999,0.13182017097653925,0.0,0.056459999999999996,0.6171043372357602,0.23192,1.3064413888888637,0.8293413933503471,5.642988799999953,1632.2328046936072,0.5149329497696081,1.2764258659292924,65.64167256999994,0.0,0.13836374043508554,54.958690000000004,0.0
unsw_nb15_tuned_baseline_envelopes,static_cf_h0.70_m0.55,default,rtt_uncertainty,static_coarse_full,20,0.015996903619072522,0.0016454032485163554,0.0,0.0,0.0010125163252735442,0.0017637191589306238,0.002716545498205764,0.0006485805097208878,0.011425735699275312,0.4311406571782246,0.0008831185994859673,0.0006110094803225432,0.031592764655074095,0.0,0.0,0.04540594519886213,0.0,7.28637,0.08023988830996122,0.0,0.0,0.6063989892303286,0.00267,1.0001473611111327,0.8223443391898453,4.325077599999998,5.733744158801412,0.5054525870938771,0.01626517791471804,0.8409390819999999,0.0,0.0,44.967439999999996,0.0
unsw_nb15_tuned_baseline_envelopes,static_cf_h0.70_m0.55,default,transient_overload,static_coarse_full,20,0.019588151313324205,0.0021169240357911375,0.0,0.001340386304096892,0.0006471498301485206,0.000479341337560968,0.0033775990041358,0.0004194027032273278,0.014255772274076733,14.457116503144558,0.0005670211365455673,0.000586820104207518,0.03050849078099297,0.0,0.0003861213920009927,0.04731830372855038,0.0,10.12355,0.20181428329843007,0.0,0.09820999999999999,0.641944016366539,0.42834000000000005,1.4781993055554843,0.8427732580926393,6.376941199999912,2942.323516951407,0.5362740314955771,1.0440415638116614,53.28642236999998,0.0,0.24895786885886814,56.157050000000005,0.0
unsw_nb15_tuned_baseline_envelopes,static_cf_h0.78_m0.35,default,adversarial_explanation_flood,static_coarse_full,20,0.023417868571984416,0.002457042661597991,0.0,0.0004941090866131528,0.0006592719291037658,0.0011467080021109342,0.004657128384623358,0.0003134487909952713,0.01978077888989272,22.723276921528544,0.0005746645594231012,0.0006066391073551992,0.03116659781337708,0.0,0.0,0.050037626782378726,0.0,12.14804,0.7991735166136715,0.0,0.00825,0.8203969009768782,0.56585,2.3073431944443046,0.927296329665204,9.867009999999723,870.3023431053091,0.6909730763115446,0.01929240121307773,0.9902634200000001,0.0,0.0,45.01334,0.0
unsw_nb15_tuned_baseline_envelopes,static_cf_h0.78_m0.35,default,non_markovian,static_coarse_full,20,0.029694185206995804,0.0019660132102003276,0.0,0.0007491174034892836,0.0009368597077649473,0.005030783666901004,0.005116785220806732,0.0005072717646827234,0.02183936283753221,34.23843214152274,0.0007922859678666976,0.022802752939968054,1.1787283471865904,0.0,0.0005754428796504168,0.13291368931012898,0.0,9.32401,0.12874660332963062,0.0,0.05735,0.6178079859985245,0.22968000000000002,1.3066876388888629,0.829471704014854,5.644739599999954,1608.0711558572184,0.515461651192854,1.2887973117167324,66.28166237999991,0.0,0.13851374777433695,55.06982000000001,0.0
unsw_nb15_tuned_baseline_envelopes,static_cf_h0.78_m0.35,default,rtt_uncertainty,static_coarse_full,20,0.01266127343558011,0.0013998807065067338,0.0,0.0,0.0011231452452698657,0.001124820363669824,0.0024461588944183015,0.0006729368213687665,0.010408059092627243,0.5241096519159164,0.0009566457488598343,0.000507469832021219,0.02624163688263169,0.0,0.0,0.05199921993997921,0.0,7.283849999999999,0.0792224726777422,0.0,0.0,0.6052308019028907,0.00148,0.9979986111111337,0.8218860609004762,4.315520799999999,5.765309736218225,0.5045074313215202,0.016454241483269967,0.8507535979999996,0.0,0.0,44.99443,0.0
unsw_nb15_tuned_baseline_envelopes,static_cf_h0.78_m0.35,default,transient_overload,static_coarse_full,20,0.020323949035248187,0.0023610144029049115,0.0,0.0015279268761781,0.001034904867546714,0.0009844360651234745,0.00468459386831339,0.0005457029490091948,0.020038924882560188,13.188334199812104,0.0008822745419281791,0.0005071196854608014,0.026348729223552494,0.0,0.0005040650305182398,0.058480895278552776,0.0,10.11052,0.20159312758074782,0.0,0.09664,0.6412715611717378,0.42783,1.4745302777777067,0.8423469232919345,6.36160959999991,2952.995079669585,0.5356737167821519,1.0442249013674731,53.298146231999986,0.0,0.2491239596644165,56.095209999999994,0.0
unsw_nb15_tuned_baseline_envelopes,static_cf_h0.78_m0.45,default,adversarial_explanation_flood,static_coarse_full,20,0.019256722941625608,0.0024157348269429413,0.0,0.0006049487146596983,0.0006840050149469584,0.0008283784489814093,0.003410902250710759,0.00033473817117749314,0.01462907010737821,26.0811904018273,0.000604656036533873,0.0007897805346498219,0.04054250601475179,0.0,0.0,0.048871915775185994,0.0,12.14227,0.79960273177921,0.0,0.007299999999999999,0.8217121593297252,0.56689,2.3098930555554147,0.9277075240386143,9.87801559999972,839.4020696105392,0.692074300782751,0.018996964911271223,0.9750700440000003,0.0,0.0,44.98135,0.0
unsw_nb15_tuned_baseline_envelopes,static_cf_h0.78_m0.45,default,non_markovian,static_coarse_full,20,0.029832698869599626,0.002104453693748495,0.0,0.0006765176218189583,0.0007318832218822998,0.0034698556026379395,0.0039387777247256945,0.0004773421899021637,0.01702251340772334,43.27135127934885,0.0006364844891956153,0.02362688041853759,1.2221878193645945,0.0,0.0007618744507231972,0.10816663092921452,0.0,9.32959,0.13051271131999814,0.0,0.056420000000000005,0.6175065766003365,0.23102,1.3069843055555312,0.829429681862969,5.6456599999999515,1619.052673798222,0.5152410578911132,1.285491416002634,66.11198317799995,0.0,0.13796895969712097,55.016470000000005,0.0
unsw_nb15_tuned_baseline_envelopes,static_cf_h0.78_m0.45,default,rtt_uncertainty,static_coarse_full,20,0.01823835666165937,0.0024070537690610567,0.0,0.0,0.0009227147930627284,0.0019799114919080278,0.0032627293000662217,0.0005742474040257981,0.013882407257633539,0.5911616619541624,0.0007977311809040116,0.0005849270018469751,0.030257422332848827,0.0,0.0,0.04766645748642578,0.0,7.29319,0.08089368241202763,0.0,0.0,0.6061721168037029,0.0032,1.0006491666666881,0.8221858461754635,4.327389599999997,6.222113060189531,0.5052482029784855,0.016377750813197336,0.8467561039999996,0.0,0.0,44.98245,0.0
unsw_nb15_tuned_baseline_envelopes,static_cf_h0.78_m0.45,default,transient_overload,static_coarse_full,20,0.021904350126762243,0.002385146669477547,0.0,0.0013241247071178754,0.0007851103158746256,0.0006160599492359741,0.003588794995531903,0.0004923689562296692,0.015306607132898177,16.283783354552185,0.0006896298905529542,0.00052096702506418,0.027068551350120526,0.0,0.00047651058134296636,0.041370379959427224,0.0,10.13766,0.20315795439038675,0.0,0.09741999999999999,0.6406906260033874,0.42783,1.4770963888888171,0.842064914884227,6.372765199999909,2968.4365861536967,0.5351820055731984,1.0439505322328204,53.28236122999998,0.0,0.24927171675725743,56.17247999999999,0.0
unsw_nb15_tuned_baseline_envelopes,static_cf_h0.78_m0.55,default,adversarial_explanation_flood,static_coarse_full,20,0.022768352109382883,0.003115429513728985,0.0,0.00042417969379919513,0.0005854557859773632,0.0011216071889551128,0.0051107673125615274,0.0003016741475095207,0.021406804986227723,22.279322572020497,0.0005195390624349122,0.00047574855657814963,0.024412888702062808,0.0,0.0,0.04602117080456721,0.0,12.15453,0.8003518024124127,0.0,0.00821,0.8213793558991987,0.56711,2.3108865277776367,0.9274241781647736,9.883130799999721,870.7627588697775,0.6917365729414211,0.01955278308448382,1.003571446,0.0,0.0,45.00804,0.0
unsw_nb15_tuned_baseline_envelopes,static_cf_h0.78_m0.55,default,non_markovian,static_coarse_full,20,0.02107868314592531,0.001963981848108027,0.0,0.0014274611367186515,0.0009760096643962007,0.003574956748799832,0.0033262993885441305,0.0005737689119068367,0.014283142508300803,35.042318437871124,0.0008422496433373219,0.02203423813559636,1.1406280675699567,0.0,0.0006404630939202052,0.10291522605946873,0.0,9.31672,0.1282126784207132,0.0,0.05699,0.6177074786582373,0.22968000000000002,1.3056286111110862,0.829533290278283,5.6397639999999525,1592.5485518732562,0.5154119974067047,1.2617762422039753,64.88356284199995,0.0,0.13872363081552272,55.05317,0.0
unsw_nb15_tuned_baseline_envelopes,static_cf_h0.78_m0.55,default,rtt_uncertainty,static_coarse_full,20,0.013723344118767283,0.0020685335308353206,0.0,0.0,0.0011634897147510493,0.00174643878492024,0.0032167902167168725,0.0007619040393424315,0.013453848027771172,0.40832997573393304,0.0010148533006278597,0.000429022477366476,0.022173576217551075,0.0,0.0,0.03739048455997153,0.0,7.28751,0.07964096610063591,0.0,0.0,0.6055281665136235,0.0023699999999999997,0.9988219444444668,0.8218839544040014,4.319459199999999,6.022418300416266,0.5047144092012511,0.016008008467205834,0.8276505719999999,0.0,0.0,44.99968,0.0
unsw_nb15_tuned_baseline_envelopes,static_cf_h0.78_m0.55,default,transient_overload,static_coarse_full,20,0.01889042522070235,0.002103010922844471,0.0,0.0013657965017565851,0.00073579734328069,0.000782761126431705,0.0033566989701057964,0.0004887525537208866,0.014041195363326646,14.457110454981043,0.0006549147221470413,0.00065965860473745,0.03411790814283615,0.0,0.00044636581175007254,0.035782360137040094,0.0,10.12022,0.20220929657439993,0.0,0.0967,0.6412982029992853,0.42763999999999996,1.476240694444374,0.8425011392623553,6.368459199999912,2949.701855425415,0.535737049427438,1.0447438194468237,53.32417482799999,0.0,0.2489402330156758,56.12012,0.0
unsw_nb15_tuned_baseline_envelopes,static_cf_h0.86_m0.35,default,adversarial_explanation_flood,static_coarse_full,20,0.017631504047614585,0.0025117531145435606,0.0,0.000452769154612393,0.0006785667287348553,0.0013075294695280187,0.003940869268455706,0.0002836966448914103,0.016674429076067445,22.92536098429075,0.0005669911294334786,0.0005028923921492635,0.02581407682668334,0.0,0.0,0.04432270254310082,0.0,12.14471,0.7996190219813041,0.0,0.0055899999999999995,0.8006067332417045,0.5483800000000001,2.2134309722220906,0.9022167251192486,9.544824799999503,1527.2542824307016,0.669071855555977,0.018806023089481958,0.9656790740000002,0.0,0.0,44.99002,0.0
unsw_nb15_tuned_baseline_envelopes,static_cf_h0.86_m0.35,default,non_markovian,static_coarse_full,20,0.029162243125044552,0.002501564175942366,0.0,0.0010617568598665535,0.0006955555214191633,0.004627776294461407,0.00479030836928706,0.000514391863093564,0.02052610312083678,44.055923410757366,0.0006159297598543395,0.026175384586958155,1.353766518345968,0.0,0.0009038636677783581,0.08731814877416554,0.0,9.321,0.12934746472561645,0.0,0.05202,0.5966919409856528,0.1843,1.231898888888874,0.7988867658426557,5.385667999999917,2133.7512395529893,0.49245954820331184,1.2807463442151128,65.89477290999996,0.0,0.13794847334930388,55.0226,0.0
unsw_nb15_tuned_baseline_envelopes,static_cf_h0.86_m0.35,default,rtt_uncertainty,static_coarse_full,20,0.017580178741681596,0.0022319879685396703,0.0,0.0,0.0012838651243798236,0.0,0.0032856804568018746,0.0010166499517106043,0.013539698434605596,18.602704576597116,0.0011615601458808188,0.0005885998079557133,0.030434026220292794,0.0,0.0,0.04858527499345341,0.0,7.30065,0.08157677957285511,0.0,0.0,0.5838271586361019,0.0,0.9410059722222572,0.790289251537187,4.12068680000001,76.41459526105601,0.4811336806887822,0.016134448655357164,0.8343945339999996,0.0,0.0,45.0,0.0
unsw_nb15_tuned_baseline_envelopes,static_cf_h0.86_m0.35,default,transient_overload,static_coarse_full,20,0.02025476396079132,0.00225295691609863,0.0,0.0016334976899762955,0.0008937457386306661,0.0007823864975694237,0.00327899516297935,0.0005196648454449133,0.014285659709583705,21.5667774457742,0.000759297386436515,0.0005799647944160837,0.029282628624105675,0.0,0.00047857961932948806,0.04805911249240778,0.0,10.123140000000001,0.20203261069601347,0.0,0.08287,0.6206392077153248,0.41414999999999996,1.3961626388888206,0.8123543717759268,6.093731599999844,3334.634567424815,0.5129858406358072,1.042680959252033,53.256981619999976,0.0,0.2488097514600604,56.144600000000004,0.0
unsw_nb15_tuned_baseline_envelopes,static_cf_h0.86_m0.45,default,adversarial_explanation_flood,static_coarse_full,20,0.02333389715711781,0.00291417096480818,0.0,0.0005160462729150107,0.0007034579076353114,0.001341931566221268,0.005572975215455588,0.0004325604227303936,0.02330342187952119,26.079945163167878,0.000632629539760518,0.00032850027413423144,0.016850439543782254,0.0,0.0,0.03510161771122878,0.0,12.15391,0.8005900172555597,0.0,0.0056300000000000005,0.8005501774228335,0.5495599999999999,2.215394999999869,0.9024319313926232,9.552353999999507,1532.3404595861714,0.6690852963262536,0.01904031699294767,0.9777076320000007,0.0,0.0,44.99968,0.0
unsw_nb15_tuned_baseline_envelopes,static_cf_h0.86_m0.45,default,non_markovian,static_coarse_full,20,0.028516660333880166,0.0020385565565913364,0.0,0.0009214743152601764,0.0009941555438306333,0.005228261931987885,0.0049782282238981885,0.0007515174014488359,0.0209815607357264,46.19772854552487,0.0008875474974433717,0.03239247403906426,1.6767254527491127,0.0,0.0007039339774980017,0.1390763584887244,0.0,9.35368,0.13128431379114153,0.0,0.05322,0.5971366809165136,0.19048,1.2369299999999854,0.7989489911936506,5.408119199999918,2180.0950466187455,0.4927890606304392,1.289567645848527,66.34815883399997,0.0,0.13939416253837447,55.12134999999999,0.0
unsw_nb15_tuned_baseline_envelopes,static_cf_h0.86_m0.45,default,rtt_uncertainty,static_coarse_full,20,0.016610624032385522,0.001932502735672641,0.0,0.0,0.001179220491252033,0.0,0.002242644663840905,0.00078963388564587,0.009398341724323135,21.867574034295984,0.001025666021655859,0.0005280333091051331,0.027314644467131974,0.0,0.0,0.041187779152150016,0.0,7.29913,0.08090252524921673,0.0,0.0,0.5838910582302643,0.0,0.9412323611111455,0.7905981012486704,4.120954000000012,72.7798335058557,0.481262302616934,0.01615882533048848,0.8356681779999995,0.0,0.0,45.01861,0.0
unsw_nb15_tuned_baseline_envelopes,static_cf_h0.86_m0.45,default,transient_overload,static_coarse_full,20,0.024024288380062802,0.002389051980404643,0.0,0.0015052628069193556,0.0010023426530777957,0.0008058110788124253,0.004532021217700929,0.0005604956194867766,0.019604380551168615,23.27772653869601,0.0008495539782772991,0.0004800531987060568,0.026024200434739946,0.0,0.0005229372310883582,0.044780565258180145,0.0,10.1243,0.20213655669690683,0.0,0.08296,0.6197300740504494,0.41375,1.3940509722221548,0.8118260135749706,6.085031599999851,3343.591681659799,0.5121950214536073,1.042498892550332,53.24868944399998,0.0,0.24851377866754848,56.146,0.0
unsw_nb15_tuned_baseline_envelopes,static_cf_h0.86_m0.55,default,adversarial_explanation_flood,static_coarse_full,20,0.01579644295096709,0.002068651819708535,0.0,0.0005177087659251962,0.0007027175866848612,0.0010192297566506356,0.0033104327276453956,0.00031745927564214845,0.013647546427715297,20.922128512993776,0.0005943653889011072,0.0005575045773353205,0.02863690626616447,0.0,0.0,0.030702101773417,0.0,12.129380000000001,0.7969815461515316,0.0,0.00592,0.8014555276759824,0.54811,2.2133601388887563,0.9026943823398905,9.543696799999513,1483.2111431170792,0.6698344872654153,0.019074814001924435,0.9794938080000002,0.0,0.0,44.9991,0.0
unsw_nb15_tuned_baseline_envelopes,static_cf_h0.86_m0.55,default,non_markovian,static_coarse_full,20,0.029511076905567393,0.00244942996542942,0.0,0.001399835527180924,0.0009843128184152772,0.0048270797701476225,0.004033292692562231,0.0006903928114675266,0.017667730976565724,51.49091350144863,0.0008660128465950835,0.020737480598574286,1.0732094279668098,0.0,0.0007790768474638882,0.1337247582550303,0.0,9.3154,0.1288181447612487,0.0,0.05058,0.5957204817477804,0.18159,1.2286031944444307,0.7980828047205863,5.372443599999921,2162.3930926924522,0.4915614051063367,1.2724018149758969,65.46878084799997,0.0,0.13717278817788328,55.01573,0.0
unsw_nb15_tuned_baseline_envelopes,static_cf_h0.86_m0.55,default,rtt_uncertainty,static_coarse_full,20,0.018286844226267918,0.002246568045100146,0.0,0.0,0.0010922702059573527,0.0,0.0033731596904907997,0.0006455004848266777,0.014454809898681358,12.261620621803832,0.0009173767135411392,0.0004050044198282826,0.020935272527611595,0.0,0.0,0.04704394798783482,0.0,7.291169999999999,0.08030854568251616,0.0,0.0,0.5838782293539471,0.0,0.9396622222222579,0.7901537418413147,4.115270000000014,64.20592557872092,0.481126609909436,0.016143868265086014,0.8348884420000001,0.0,0.0,44.99427,0.0
unsw_nb15_tuned_baseline_envelopes,static_cf_h0.86_m0.55,default,transient_overload,static_coarse_full,20,0.02059946504037111,0.002373352849001352,0.0,0.0011947287593512823,0.0008208406459323199,0.0008142974757098116,0.0034847158636066044,0.0005262759377803225,0.014781787208732692,14.059492103286987,0.0007012221866811956,0.000511141544421916,0.026104356530466204,0.0,0.0004969998164669994,0.04040546711637694,0.0,10.14036,0.2031467901694926,0.0,0.08318,0.6193176977181196,0.41385000000000005,1.3953449999999312,0.8116363236301798,6.090637199999842,3358.593611969597,0.5118572932095449,1.0429260445658877,53.26940421799999,0.0,0.24913136763906993,56.188030000000005,0.0
unsw_nb15_tuned_baseline_envelopes,static_off_h0.70_m0.35,default,adversarial_explanation_flood,static_offload,20,0.020944890998497622,0.0024552161059114654,0.0,0.0,0.0005871283906349685,0.0013075603961093688,0.005397829825141,0.0002376311098903507,0.003185755151962031,21.676386768989538,0.0009490309669537759,0.00045282857622620803,0.0234957516983991,0.0007140965145646757,0.0,0.04568515707077119,0.0,12.13839,0.7991836220500547,0.0,0.0,0.7413418497682704,0.632,2.7121441666665747,0.7818611363798696,1.717186799999963,168.113922333561,1.1154427705497834,0.015110227309530233,0.7839615760000005,0.7995297583467286,0.0,44.97739,0.0
unsw_nb15_tuned_baseline_envelopes,static_off_h0.70_m0.35,default,non_markovian,static_offload,20,0.03842127832159237,0.0027094803250541947,0.0,0.0,0.0010817793091129537,0.005756584785041251,0.007375385443616527,0.0005929791062604799,0.004481457230420182,51.95498214959185,0.001727435368539363,0.021720461591674962,1.1282569290863544,0.001292049649311183,0.0007523861112394483,0.13245035384853462,0.0,9.30091,0.1279807268914741,0.0,0.0,0.5591180834640096,0.34363,1.529738055555527,0.7017433193279059,1.060033999999986,1315.5422867568727,0.8252539388277658,1.229146789697762,63.785754852000025,0.5848099788042317,0.13584551469996486,54.97011,0.0
unsw_nb15_tuned_baseline_envelopes,static_off_h0.70_m0.35,default,rtt_uncertainty,static_offload,20,0.010471204239396655,0.0016711762643236141,0.0,0.0,0.0008456512527241721,0.0021807981522948493,0.0025007512601376673,0.00047412622058222946,0.002081741495995632,0.13887670066904445,0.0016947078025646026,0.0003892847953298005,0.020219108764776936,0.000984326769240545,0.0,0.030336148208609984,0.0,7.290909999999999,0.0804557663086852,0.0,0.0,0.5476971787755857,0.14679,1.17160333333333,0.6953881219879439,0.819468000000029,3.232860443308031,0.9972737641547351,0.014663340288618588,0.7616692339999996,0.5709840597425829,0.0,44.986720000000005,0.0
unsw_nb15_tuned_baseline_envelopes,static_off_h0.70_m0.35,default,transient_overload,static_offload,20,0.029656928876171957,0.0033934463467267893,0.0,0.0,0.0008469945204204873,0.0008234824076988366,0.006103004940313583,0.0005369356457829552,0.004017399872122137,23.97249892168166,0.0014611769325496614,0.00046807485038835524,0.024251956586006027,0.00114145807637209,0.0004887755517728855,0.049471552543084316,0.0,10.14292,0.20434159131125718,0.0,0.0,0.5804644423453257,0.46468999999999994,1.7376886111110685,0.7125689013553648,1.1897451999999205,2812.866933216877,0.8590163981954188,1.0281878217537537,53.28684376,0.6097001732363212,0.24593561081963763,56.14644,0.0
unsw_nb15_tuned_baseline_envelopes,static_off_h0.70_m0.45,default,adversarial_explanation_flood,static_offload,20,0.01919908003410032,0.002571206839235878,0.0,0.0,0.0005418566038724033,0.0009857496596899955,0.004872390089415737,0.0002468204860049228,0.0027394164033439326,17.82473137836905,0.0008990878126777011,0.0004103882660347659,0.02129279212723201,0.0006919917536535575,0.0,0.03658854323257625,0.0,12.16588,0.8017361205386493,0.0,0.0,0.7414552588481329,0.63281,2.7189424999999074,0.7819496083777502,1.7209019999999622,186.61697843109596,1.115692041436548,0.015251648513225306,0.7912929759999998,0.7997414240767236,0.0,45.01542,0.0
unsw_nb15_tuned_baseline_envelopes,static_off_h0.70_m0.45,default,non_markovian,static_offload,20,0.026931108356576833,0.002180072417468105,0.0,0.0,0.0006648028902039444,0.004225212500417489,0.004892431756671566,0.00036414033737154714,0.0034703946261657134,34.29228631860104,0.001058274912432847,0.019377626545338374,1.006429530630572,0.000791153149320787,0.0009327216558994243,0.09723173820825083,0.0,9.30867,0.12817211511072615,0.0,0.0,0.5592989042563269,0.34635,1.5310252777777502,0.7016686611971639,1.0621323999999857,1355.1616631245124,0.8253171607278056,1.2320038096538557,63.93403618000001,0.5847676673318538,0.13632421208795792,55.007180000000005,0.0
unsw_nb15_tuned_baseline_envelopes,static_off_h0.70_m0.45,default,rtt_uncertainty,static_offload,20,0.019341232142538856,0.002724551711852267,0.0,0.0,0.0009451356547679194,0.0022984180848208582,0.0028919988093555143,0.0004933694224353623,0.0019539532040514476,0.14914540090961104,0.0018445398137095276,0.00038733490601209215,0.020118156978276406,0.0010619241506492616,0.0,0.038589769881775836,0.0,7.30891,0.08248626493202568,0.0,0.0,0.5490714046399614,0.15118,1.1775447222222184,0.6960469342714003,0.8233364000000287,3.222879050698734,0.9999945188317616,0.014906201203389901,0.7742834639999998,0.572486650548853,0.0,45.01311,0.0
unsw_nb15_tuned_baseline_envelopes,static_off_h0.70_m0.45,default,transient_overload,static_offload,20,0.01952810066146242,0.0021601455365805513,0.0,0.0,0.0007666416364705648,0.0006573424710229269,0.004118007033950698,0.0004280336132094818,0.0033298561698642004,18.097551982305227,0.0012430849902121846,0.0004891425407321403,0.025198776852736218,0.000943794232412887,0.0004250228304059589,0.04291902646504626,0.0,10.13249,0.20343732727983377,0.0,0.0,0.57982916925899,0.46437,1.7335261111110687,0.712162633732342,1.1880735999999197,2823.5949836739405,0.8578919266505176,1.0277535635517847,53.26465899,0.6088234209039429,0.24565440820342274,56.13084,0.0
unsw_nb15_tuned_baseline_envelopes,static_off_h0.70_m0.55,default,adversarial_explanation_flood,static_offload,20,0.016427842752954103,0.0021352379934582552,0.0,0.0,0.0004505296076194795,0.001019150403651571,0.003535127657728404,0.00024082924288436143,0.0026955347489835907,22.52499956986998,0.000806213670055013,0.00039393518404900096,0.020439877849801977,0.000639985500793573,0.0,0.03919243676511299,0.0,12.1485,0.7993082633277859,0.0,0.0,0.7411397102578317,0.63157,2.713518888888796,0.7817688129125637,1.7183983999999644,186.53881106835303,1.115093687142716,0.015276008632120048,0.79255783,0.7992606859841764,0.0,45.01178,0.0
unsw_nb15_tuned_baseline_envelopes,static_off_h0.70_m0.55,default,non_markovian,static_offload,20,0.026103390547105827,0.0020953903759698364,0.0,0.0,0.0009754511275567705,0.003776768739767398,0.0061992725110151395,0.0005026867503151594,0.0038593971373419907,35.53572593934718,0.0015183308616213522,0.020383771904167645,1.0590070903973543,0.0011202272473389945,0.0008840400883561606,0.09304519247473846,0.0,9.34659,0.13019137452475427,0.0,0.0,0.5601424444727814,0.35362,1.540328611111083,0.702271780401867,1.066757199999985,1377.0530735065088,0.8268711163324773,1.2574560675322561,65.25546344000001,0.5860009879580877,0.13637097980169324,55.13258,0.0
unsw_nb15_tuned_baseline_envelopes,static_off_h0.70_m0.55,default,rtt_uncertainty,static_offload,20,0.023300405217348316,0.0029046319270643944,0.0,0.0,0.0009136335440221831,0.00277003074123166,0.004041151999795225,0.0004982738400811561,0.0033675290876804065,0.20532301426795993,0.0018655886356423574,0.00047493250699523606,0.024670279056417305,0.0010611146227990696,0.0,0.04210754698460901,0.0,7.292870000000001,0.08028468009485122,0.0,0.0,0.548462850416215,0.14781,1.1737963888888854,0.6958322637831162,0.8204012000000291,3.227045082874789,0.998956122783768,0.014775230032156177,0.7674813139999996,0.5719326435055795,0.0,45.00562,0.0
unsw_nb15_tuned_baseline_envelopes,static_off_h0.70_m0.55,default,transient_overload,static_offload,20,0.017323876298699154,0.002054195934482364,0.0,0.0,0.0005927518453347318,0.0007272185279325746,0.0036541533922340927,0.0003100781123517823,0.003034460188991008,12.661084406704806,0.0009228353393494486,0.0004805624773460749,0.024682775070991824,0.0006903220162988575,0.00037819594239530194,0.049540051209628407,0.0,10.12149,0.2017976022723799,0.0,0.0,0.5803569504907583,0.46441999999999994,1.7333091666666243,0.7124141173009132,1.1877083999999205,2798.77936532124,0.85870653900018,1.0277216067282895,53.263234708000006,0.6094159215337562,0.24563581817818983,56.1465,0.0
unsw_nb15_tuned_baseline_envelopes,static_off_h0.78_m0.35,default,adversarial_explanation_flood,static_offload,20,0.023039957632271017,0.002965810885464936,0.0,0.0,0.0005419130279693297,0.0012987087319820058,0.005426475226228523,0.00026656163487971863,0.0034994399812292823,25.67948474146937,0.0009107298949512847,0.0004365892362298683,0.02265062666563484,0.0007113802352174591,0.0,0.03447579506366131,0.0,12.154259999999999,0.800252962924383,0.0,0.0,0.7416657531749629,0.63141,2.7172394444443517,0.7820412706390751,1.7195223999999647,169.87728128588054,1.116049538726712,0.015361123602959558,0.796970556,0.8000147831647706,0.0,45.00942,0.0
unsw_nb15_tuned_baseline_envelopes,static_off_h0.78_m0.35,default,non_markovian,static_offload,20,0.026892413506453883,0.0019933249943202406,0.0,0.0,0.0007003293896799442,0.0038877101158989653,0.0048064790855211975,0.00036395278273642907,0.0037670950960338808,46.56856952019507,0.0010863434744337222,0.012957150980622422,0.6728878185830612,0.0008031682467666947,0.000985092301637084,0.10064630776563407,0.0,9.32366,0.1303571463143855,0.0,0.0,0.5593609880859589,0.35133000000000003,1.5341741666666386,0.7018596067908623,1.0630379999999855,1351.413262530072,0.825627428427963,1.2227227587514036,63.45113476800001,0.5850810499269621,0.13664899036262032,54.98921,0.0
unsw_nb15_tuned_baseline_envelopes,static_off_h0.78_m0.35,default,rtt_uncertainty,static_offload,20,0.01723639728163997,0.002296158572513726,0.0,0.0,0.0007421239731198356,0.0023990634295381523,0.003601616316076678,0.00048814908085542403,0.0024673302364834203,0.17638652517084835,0.0015447472865166279,0.0004347149521758482,0.02258154543618718,0.0009838165956870372,0.0,0.05297237733524282,0.0,7.289230000000001,0.07955696684356943,0.0,0.0,0.5483616230417587,0.14740999999999999,1.17321083333333,0.6958740252976572,0.8194620000000284,3.097069279290098,0.9989348276115704,0.015035208746765335,0.7809882679999997,0.5719559776745212,0.0,45.01375,0.0
unsw_nb15_tuned_baseline_envelopes,static_off_h0.78_m0.35,default,transient_overload,static_offload,20,0.018805506668330623,0.0018853667372899835,0.0,0.0,0.0007550943984006266,0.0006370991825619103,0.0037794091019626368,0.0004073845520992997,0.002113057056695986,17.735845356720326,0.0012121645948629247,0.0007448926581268247,0.03874881318113992,0.0009114955175844768,0.000452259661209254,0.05224237118266501,0.0,10.12725,0.20220198479726698,0.0,0.0,0.578958245397788,0.46395,1.7299016666666245,0.7117652487021761,1.18588559999992,2815.234064758474,0.8565550849110828,1.0280396845341204,53.27957549000001,0.607854108233627,0.24585016011578734,56.15943,0.0
unsw_nb15_tuned_baseline_envelopes,static_off_h0.78_m0.45,default,adversarial_explanation_flood,static_offload,20,0.021902544092747143,0.0031735197519556914,0.0,0.0,0.0005575206432371636,0.0010833882562056004,0.004955226354853036,0.00024040701343206012,0.0034608615771327704,24.208774422332752,0.0009248685623858337,0.0005334810581052118,0.027681784424739325,0.0007048204420555771,0.0,0.04079310328335346,0.0,12.13977,0.798645746510073,0.0,0.0,0.741235179311578,0.6315299999999999,2.7120711111110185,0.781831180140897,1.7171103999999633,173.34497274797627,1.1152870774165868,0.015019434663625719,0.7792556579999999,0.7994201767917659,0.0,44.99604,0.0
unsw_nb15_tuned_baseline_envelopes,static_off_h0.78_m0.45,default,non_markovian,static_offload,20,0.03726108818977674,0.0024047838972135814,0.0,0.0,0.0008030548131897691,0.005155170649071922,0.007089156903911718,0.00037886024541196377,0.00484726818254265,40.90554628062618,0.0011836999805869511,0.0207535184403469,1.077910985112246,0.00085552300653457,0.0009602188134601957,0.12983051960330105,0.0,9.310039999999999,0.1293765871236267,0.0,0.0,0.5588631942177567,0.3484,1.5306708333333057,0.7016716527237494,1.060381199999986,1351.4975796670399,0.8249297832343796,1.2265166647466779,63.64936633800003,0.5846025351035737,0.13557147241187184,54.955999999999996,0.0
unsw_nb15_tuned_baseline_envelopes,static_off_h0.78_m0.45,default,rtt_uncertainty,static_offload,20,0.01602728048087486,0.0023169650432855963,0.0,0.0,0.0010934851792011797,0.003200743454426272,0.003998452336728388,0.0006594750427820371,0.0022271325180911335,0.16458266576192299,0.0022561099983920475,0.0004411225340238654,0.022913076273737728,0.0013874289506731591,0.0,0.0444810657373267,0.0,7.3022599999999995,0.08198084550280302,0.0,0.0,0.5486664518392923,0.14923,1.1755491666666633,0.695836713549708,0.8221236000000294,3.1902782338165316,0.9992688262618461,0.014680474441598975,0.7625576519999997,0.5720195330259106,0.0,44.99324,0.0
unsw_nb15_tuned_baseline_envelopes,static_off_h0.78_m0.45,default,transient_overload,static_offload,20,0.024624939460721806,0.002647091510336822,0.0,0.0,0.0006185500853829594,0.0005771718780762868,0.004523225543437335,0.0002887684574258701,0.0031225774807635606,19.65112148881948,0.0009393064496902487,0.000554202432788684,0.02867616174256454,0.0006829763316628384,0.0003890856096177356,0.05098704875669817,0.0,10.12529,0.20238407286228552,0.0,0.0,0.5805118632025577,0.46421999999999997,1.7342144444444032,0.7124186904380405,1.188834399999921,2800.966276021992,0.8588553952023996,1.0278929273314916,53.271473012,0.6094872778798394,0.24563188793557958,56.14004,0.0
unsw_nb15_tuned_baseline_envelopes,static_off_h0.78_m0.55,default,adversarial_explanation_flood,static_offload,20,0.02142532594536802,0.0028739750254584647,0.0,0.0,0.0007760816202165464,0.0009186504472379712,0.005273285949747192,0.0002682572319100877,0.0035419331656358307,26.59184643380201,0.001183627611236444,0.00046541803853443085,0.024147044100777417,0.0008637381084825623,0.0,0.041235039386781996,0.0,12.15274,0.8004959838727007,0.0,0.0,0.7413798829909629,0.6321100000000001,2.7154063888887956,0.7818555237795564,1.7194459999999636,184.60187260891547,1.1154743750476854,0.01524335252468903,0.7908563340000002,0.799541661675977,0.0,44.99778,0.0
unsw_nb15_tuned_baseline_envelopes,static_off_h0.78_m0.55,default,non_markovian,static_offload,20,0.025481759971605743,0.002014851309698888,0.0,0.0,0.0009827061129669195,0.0034636967948011546,0.005972767682159968,0.0005857841488776018,0.0035926242852999256,32.55161665294655,0.0016345193256174352,0.021868255358233335,1.1359841580007601,0.0012452667954494607,0.0008634459126508355,0.09278774797233105,0.0,9.33662,0.13138907530873908,0.0,0.0,0.5594836141623414,0.35146,1.5364055555555272,0.7018348683195043,1.0652023999999851,1375.527141400798,0.8257013429096924,1.2514295390762844,64.94251034400004,0.5850876282039386,0.13608070340235975,55.015480000000004,0.0
unsw_nb15_tuned_baseline_envelopes,static_off_h0.78_m0.55,default,rtt_uncertainty,static_offload,20,0.015874354482623844,0.0023575587338787885,0.0,0.0,0.0008293062019658928,0.00302172066144266,0.003524016753438466,0.0004278493077555111,0.0026205650418834317,0.17077376587047832,0.0015646591303463042,0.0004118956649394213,0.021394090297099985,0.0009310114569951801,0.0,0.0319330873558414,0.0,7.27942,0.07832474357623799,0.0,0.0,0.5483647167847681,0.14578,1.171264999999997,0.6957197170557088,0.8190408000000289,3.0844187821258524,0.9985900215046402,0.014914795434208827,0.7747339039999994,0.57172720848011,0.0,45.00456,0.0
unsw_nb15_tuned_baseline_envelopes,static_off_h0.78_m0.55,default,transient_overload,static_offload,20,0.019652733523756703,0.0019499685014924219,0.0,0.0,0.0009049654599055433,0.000780691968367605,0.00458744293562136,0.0005147145820204483,0.0027879778630912344,23.84207159533252,0.001496886224200807,0.0005560265281748345,0.028937044203537227,0.0011400235133396895,0.00048726153702946003,0.049045651067122,0.0,10.11948,0.20192221434286442,0.0,0.0,0.5800073523194864,0.46424000000000004,1.732200277777736,0.7123430370395843,1.1862459999999215,2798.9588046318845,0.8582990514183516,1.0283259778265144,53.294232586,0.6091735733797022,0.2457787616330122,56.129369999999994,0.0
unsw_nb15_tuned_baseline_envelopes,static_off_h0.86_m0.35,default,adversarial_explanation_flood,static_offload,20,0.02423058837246404,0.003380443536076319,0.0,0.0,0.00041312869593804284,0.001172720163147469,0.0058754439836791765,0.0002778825299636252,0.004052642869116262,23.956396232041886,0.0007734901327430078,0.0003800972439918798,0.019715204603672147,0.0006352775313458078,0.0,0.03886226167202926,0.0,12.13981,0.7988570294397416,0.0,0.0,0.7248898951044942,0.61531,2.6010211111109482,0.7636471901523575,1.7715232000000143,836.7070509784905,1.0739719965391414,0.015116015968478957,0.7842013440000001,0.76279021380425,0.0,44.99086,0.0
unsw_nb15_tuned_baseline_envelopes,static_off_h0.86_m0.35,default,non_markovian,static_offload,20,0.03436639182947267,0.0020585912125344317,0.0,0.0,0.0006947543316411268,0.0023268453982524134,0.00598918646987902,0.00047763600591561796,0.004017108874614066,43.147761441243446,0.001201216837750485,0.018168165263507684,0.9436647438907076,0.0009374405001345192,0.0009012609414968223,0.1333044313149492,0.0,9.32892,0.1305657533163332,0.0,0.0,0.5425208718300437,0.31009000000000003,1.4462847222221815,0.6791381144481661,1.1081876000000013,1917.7081059338136,0.7827110746269346,1.2434413606798622,64.52262807400001,0.5469438525873873,0.13691054956904103,55.00974,0.0
unsw_nb15_tuned_baseline_envelopes,static_off_h0.86_m0.35,default,rtt_uncertainty,static_offload,20,0.014939249278397694,0.0017496636785559094,0.0,0.0,0.0008656825600311791,0.0021034812968780564,0.002183256822288913,0.0005557754611605843,0.002110120448645313,2.2839719876439477,0.0017799656771636022,0.00033993688753357354,0.017655371613172453,0.0010888680861528067,0.0,0.03980443682267746,0.0,7.30351,0.08138083839512121,0.0,0.0,0.531160255034499,0.09462000000000001,1.104376666666671,0.6723364529868385,0.8569464000000476,11.055131426650288,0.9419237118537204,0.014980122327951545,0.7780865719999998,0.53291525326689,0.0,45.02574,0.0
unsw_nb15_tuned_baseline_envelopes,static_off_h0.86_m0.35,default,transient_overload,static_offload,20,0.018192643003726933,0.002202126682393273,0.0,0.0,0.0007004559628502381,0.0008151040488957938,0.0032501305222903867,0.00029995316200720696,0.0034179689915741704,15.447450247930478,0.0009747582235294356,0.000521959393126306,0.0273058763666201,0.000684521878329059,0.00046395704744664837,0.03877628396180261,0.0,10.140730000000001,0.2025542839180235,0.0,0.0,0.5627928452419377,0.4521,1.6375763888888186,0.6897570642956377,1.237590799999931,3197.1144560038438,0.8145730695045543,1.0285164708202061,53.296752142,0.5703527019357526,0.24652359636167356,56.21781,0.0
unsw_nb15_tuned_baseline_envelopes,static_off_h0.86_m0.45,default,adversarial_explanation_flood,static_offload,20,0.023843961044300203,0.0028092548709617937,0.0,0.0,0.0006167181211654145,0.0013108036265468636,0.00574439225861663,0.00033950674300003855,0.004125750727967698,24.444195721897078,0.0010886073730452014,0.0005402492877218926,0.02802363286222209,0.0008581738371501266,0.0,0.040333856283563535,0.0,12.14752,0.8000886724799333,0.0,0.0,0.724217452821479,0.6144999999999999,2.599436944444281,0.7632583119667183,1.7724772000000129,864.1285017373054,1.072709161205878,0.015337321397665981,0.7956778539999998,0.7617796952961315,0.0,44.98853,0.0
unsw_nb15_tuned_baseline_envelopes,static_off_h0.86_m0.45,default,non_markovian,static_offload,20,0.028451399213617373,0.002117470158331785,0.0,0.0,0.0007919951614352775,0.0026200797480832112,0.005895499977044346,0.00041192921959473693,0.004036406761565191,46.66705236458993,0.0012011697444521431,0.021174370354336818,1.0999340129100126,0.0008774086925417475,0.0009517886133398552,0.1403036002866571,0.0,9.322610000000001,0.12998928012502436,0.0,0.0,0.5418231506995594,0.30945999999999996,1.443641388888848,0.6788827024624711,1.1056988000000012,1900.461510207723,0.7817807840282048,1.241131453942485,64.40281333200008,0.5463271846914103,0.136032989379129,55.00127,0.0
unsw_nb15_tuned_baseline_envelopes,static_off_h0.86_m0.45,default,rtt_uncertainty,static_offload,20,0.01652063696898679,0.002223368684629061,0.0,0.0,0.0011097955063171748,0.003664604173354665,0.00452292118495545,0.0006855255167485693,0.0030431061058152583,1.1102167618345995,0.002275373404155451,0.0004043273102332995,0.02100145805655095,0.001362531627913041,0.0,0.03483686198340136,0.0,7.30018,0.08126154781822571,0.0,0.0,0.5316261886303517,0.09605,1.1051644444444482,0.6726784845252028,0.8567824000000476,9.807125718138668,0.9428907346396102,0.015181973592632066,0.788571998,0.5335654238260029,0.0,45.01023,0.0
unsw_nb15_tuned_baseline_envelopes,static_off_h0.86_m0.45,default,transient_overload,static_offload,20,0.01865837374331607,0.001520884444642702,0.0,0.0,0.000887650326226585,0.0007213982854954599,0.0036495509184418075,0.00045531107485996633,0.002845643307413326,18.968578707886007,0.001377692632054211,0.0005192033873784463,0.027052188233396713,0.0010129432687646836,0.0004894009036497576,0.052082892979637696,0.0,10.12483,0.2026069819899869,0.0,0.0,0.5621308715031044,0.45179,1.6334361111110405,0.6895770192751762,1.2335559999999297,3198.2381456242983,0.813753092685827,1.0277267799942238,53.256085744,0.5698388228101989,0.24583993804803944,56.12699,0.0
unsw_nb15_tuned_baseline_envelopes,static_off_h0.86_m0.55,default,adversarial_explanation_flood,static_offload,20,0.016492476425966202,0.002304362868340214,0.0,0.0,0.00048656032330688173,0.00135408087762803,0.00407756374530397,0.00026707113463681175,0.0021833543606005943,20.364686944205285,0.0008754146284413942,0.0003982119149358632,0.020658246799699485,0.0006922161193838873,0.0,0.033597221075434336,0.0,12.16688,0.8023505188199357,0.0,0.0,0.724181343759565,0.61574,2.6034369444442786,0.763234692879865,1.7752300000000143,882.8108397618523,1.0726514821459943,0.0152206714290448,0.7896250300000001,0.761736947034845,0.0,45.003789999999995,0.0
unsw_nb15_tuned_baseline_envelopes,static_off_h0.86_m0.55,default,non_markovian,static_offload,20,0.02641679276186178,0.002378250228965199,0.0,0.0,0.0008068403200185899,0.002163694976070719,0.005678038334504481,0.000547106975260341,0.0043007791481624955,30.969027756322138,0.0013506272987946094,0.024478090490273108,1.2715426138676504,0.001056550763503591,0.001026631508073075,0.09519575711659721,0.0,9.314440000000001,0.12950685823051494,0.0,0.0,0.5418420006846946,0.30924,1.4418236111110698,0.6787033741704507,1.1058556000000015,1901.201150010825,0.7815527249295657,1.2400916244806424,64.34895656400003,0.5460561263816334,0.13596136590298752,54.97636,0.0
unsw_nb15_tuned_baseline_envelopes,static_off_h0.86_m0.55,default,rtt_uncertainty,static_offload,20,0.014793780172121402,0.0018636534181832487,0.0,0.0,0.0007614314801699998,0.002182952677356737,0.0020348240040227255,0.0004875452795596077,0.0017734937256952557,1.2541220067531549,0.0015487139249883027,0.0003636216014571878,0.018887664401893153,0.0009246923788037505,0.0,0.03778229401845303,0.0,7.292489999999999,0.08019464193370747,0.0,0.0,0.5302709978441016,0.09214,1.101119166666671,0.6720684443431831,0.8537580000000482,10.426774673451293,0.9405819290691408,0.01508355352760293,0.7834688499999999,0.5321793002979984,0.0,45.00721,0.0
unsw_nb15_tuned_baseline_envelopes,static_off_h0.86_m0.55,default,transient_overload,static_offload,20,0.024820954817547612,0.0027615813376275808,0.0,0.0,0.0006470767549762964,0.0008111130182786218,0.004501831838107793,0.00031814689787253636,0.0036503124857018435,19.791502874156574,0.0009487153255312745,0.00042971827621770625,0.021890186445037492,0.0006936033933672207,0.0003219386064375289,0.0459732252435331,0.0,10.12631,0.20258417572875484,0.0,0.0,0.5626438267418433,0.45171,1.634651388888818,0.6896456331836147,1.2358003999999303,3195.4511754962195,0.8142921023060732,1.0282568433517192,53.28358731600001,0.5701274983643055,0.2456982825741602,56.136379999999996,0.0
unsw_nb15_tuned_baseline_envelopes,threshold_0.55,default,adversarial_explanation_flood,threshold_explain,20,0.02117034766708531,0.002393764607544036,0.0,0.0006212889216866226,0.0008245604169821449,0.0013061370154612004,0.005335285269104331,0.00026979599024207635,0.022596502316206295,18.417554480717516,0.0007008763544348335,0.000594099613887018,0.03047645298865391,0.0,0.0,0.03926889020291292,0.0,12.13818,0.7984144801838724,0.0,0.00877,0.8478312822174873,0.5883200000000001,2.4298548611109596,0.9558034329093947,10.29115,82.41626406382899,0.7206565898848192,0.01925250049189518,0.9876972499999997,0.0,0.0,44.995799999999996,0.0
unsw_nb15_tuned_baseline_envelopes,threshold_0.55,default,non_markovian,threshold_explain,20,0.03073932397859548,0.0020267640518827003,0.0,0.0007140314956933661,0.0014769747722008664,0.004185520951289603,0.00629940023716417,0.0006871158269244355,0.026679812769168625,34.893816562375356,0.001255428556370664,0.025864750023255518,1.3371292925612652,0.0,0.0007953532096811947,0.12838784259532596,0.0,9.29953,0.12877587697791223,0.0,0.061880000000000004,0.6574774656503047,0.30866000000000005,1.4436494444444041,0.8805694411992036,6.11428,649.1925062433836,0.5588558458027434,1.2649628184777366,64.99793519999989,0.0,0.1383338926395621,54.923680000000004,0.0
unsw_nb15_tuned_baseline_envelopes,threshold_0.55,default,rtt_uncertainty,threshold_explain,20,0.01693397972188032,0.002367733685213345,0.0,0.0,0.0009785635109894782,0.0027630183038424515,0.0031741612814886275,0.00047955968853258637,0.013443506603952927,0.07681421185502153,0.0008317789843409963,0.0004373822197924839,0.0225972278232017,0.0,0.0,0.033703794350191586,0.0,7.2988,0.08140935899573544,0.0,0.0,0.6477907572727133,0.1051,1.1163569444444452,0.8759068506195972,4.7280999999999995,1.5491468223032483,0.5506221436818067,0.016371396363846324,0.8459776,0.0,0.0,44.9956,0.0
unsw_nb15_tuned_baseline_envelopes,threshold_0.55,default,transient_overload,threshold_explain,20,0.020023211745319316,0.0020964918246676478,0.0,0.0015075445466055063,0.0008409049065117377,0.0006449216745588503,0.0036802510453334556,0.0003768065676367267,0.015586945603765242,19.764804101476848,0.0007147691705350985,0.00038019804834714854,0.020118111140395148,0.0,0.00047848069529426665,0.05560726621024262,0.0,10.13137,0.20246718789153176,0.0,0.11206,0.6800161767352402,0.44987000000000005,1.626685138888816,0.8909916347732458,6.88949,2341.0594606971613,0.5780137502249282,1.045461229045025,53.293375149999974,0.0,0.24937829737144512,56.169920000000005,0.0
unsw_nb15_tuned_baseline_envelopes,threshold_0.62,default,adversarial_explanation_flood,threshold_explain,20,0.024528461236951436,0.00293171331816457,0.0,0.0005736580753100414,0.0006207522063500793,0.0011742363968935184,0.0051970973966612094,0.0002919676482136918,0.022010825326672482,26.30049956068859,0.0005482818802880591,0.0006075520702615719,0.03119974287082812,0.0,0.0,0.04508611258787221,0.0,12.13865,0.7996967960909557,0.0,0.007580000000000001,0.8210893210542324,0.56765,2.307043888888749,0.9273266700386316,9.866711599999721,871.2260899168854,0.6914914886443679,0.018355437620037086,0.9421009600000003,0.0,0.0,44.96549,0.0
unsw_nb15_tuned_baseline_envelopes,threshold_0.62,default,non_markovian,threshold_explain,20,0.02528125697074913,0.0018745805940109782,0.0,0.0007839484193558439,0.001022199829158191,0.004171973097758546,0.004263315721347285,0.00048620358099275715,0.018634569920289286,31.458434653831638,0.0008387072211869273,0.023552553611424235,1.2194037778160811,0.0,0.0009182964930981804,0.10501871133012432,0.0,9.3408,0.13011498412115996,0.0,0.05782,0.6176460919856968,0.23045999999999997,1.308572916666641,0.8293193512442629,5.653144799999952,1614.6190734239492,0.5153052206990936,1.2813387675966397,65.89466259799994,0.0,0.13949822233861356,55.10223,0.0
unsw_nb15_tuned_baseline_envelopes,threshold_0.62,default,rtt_uncertainty,threshold_explain,20,0.016299069329323842,0.002461029395691876,0.0,0.0,0.0009776635044379187,0.0019057303592337669,0.00251783081620725,0.0006689325516812312,0.010546042233194344,0.4914770569719091,0.000865179729121524,0.00048788611272042185,0.025231282113322092,0.0,0.0,0.0482569880510149,0.0,7.29084,0.07975923233600896,0.0,0.0,0.6067606731834313,0.00296,1.0012841666666883,0.8224651101417768,4.330147199999996,5.793040151908785,0.5057376912538072,0.01623456527025417,0.8393606819999999,0.0,0.0,45.015370000000004,0.0
unsw_nb15_tuned_baseline_envelopes,threshold_0.62,default,transient_overload,threshold_explain,20,0.02187932423684626,0.0021956562740944436,0.0,0.0016368918428726926,0.000951583530881075,0.000680094581657582,0.00324005529397253,0.0004816635333411172,0.013908083214030014,20.42026040693207,0.0008000267995083671,0.00045298690779335416,0.02337452840725708,0.0,0.0005647305524555048,0.04713054566291604,0.0,10.12117,0.20276009303789708,0.0,0.09659999999999999,0.6412362620167785,0.42758,1.4760824999999296,0.842385504162908,6.368092799999912,2943.2299991797117,0.5356608732109833,1.043944382449408,53.28334493399998,0.0,0.24882534937454745,56.099599999999995,0.0
unsw_nb15_tuned_baseline_envelopes,threshold_0.68,default,adversarial_explanation_flood,threshold_explain,20,0.024264341701309308,0.002502479092312909,0.0,0.00047881378865956465,0.0006463089134596982,0.0014562431375939476,0.0055213060858677835,0.0003591283610750408,0.02324538378213387,24.42755733138245,0.000584237757397401,0.00052728352079665,0.027039465580458628,0.0,0.0,0.04833768933057271,0.0,12.14388,0.7992324615917192,0.0,0.007489999999999999,0.8214449645349287,0.56746,2.3091301388887504,0.9274815117121031,9.875445199999715,854.869027361362,0.6918033966014017,0.019050623369439888,0.9777938020000004,0.0,0.0,44.99642,0.0
unsw_nb15_tuned_baseline_envelopes,threshold_0.68,default,non_markovian,threshold_explain,20,0.035547015254670605,0.0022309266807069026,0.0,0.0009147354360112741,0.0014188535711098737,0.0061096345457077265,0.007163880161548114,0.0008897622135970811,0.030218652185424206,39.21309854646848,0.001242183164277683,0.02460558372724422,1.2712243329474449,0.0,0.0008819291113051765,0.16462525119903457,0.0,9.35295,0.13147516954301874,0.0,0.057440000000000005,0.6185525278002483,0.23582999999999998,1.3125540277777525,0.8299394735187219,5.669621199999952,1642.8528858804561,0.5161209023256655,1.2905783707166711,66.37176406399996,0.0,0.13903828457125358,55.107479999999995,0.0
unsw_nb15_tuned_baseline_envelopes,threshold_0.68,default,rtt_uncertainty,threshold_explain,20,0.015247170999444946,0.0021018760163097655,0.0,0.0,0.001057522593585064,0.0011246316075193593,0.002402995551481688,0.0006299921980398551,0.010324478954532002,0.5041516244031244,0.0009024164655300278,0.00037779750742496595,0.01952533122576045,0.0,0.0,0.041629305025742226,0.0,7.2996099999999995,0.08108448318480113,0.0,0.0,0.6053120875446074,0.00225,1.0001161111111332,0.8217838853924111,4.325052399999996,6.077552815222594,0.5045350843481806,0.016309275405248888,0.8432284219999998,0.0,0.0,45.01415,0.0
unsw_nb15_tuned_baseline_envelopes,threshold_0.68,default,transient_overload,threshold_explain,20,0.02122012416770061,0.002144808267830161,0.0,0.0017552154367694243,0.0010103017816345168,0.0007685152383518133,0.004276669146152874,0.0005812372797037214,0.01830658474138182,14.142906893203458,0.0008731100886085057,0.0005881812949098623,0.03056746885907643,0.0,0.0004463836727780141,0.05439467182970286,0.0,10.13398,0.20352982116363966,0.0,0.09633,0.6407979078968771,0.42807000000000006,1.477255138888818,0.8423582199901549,6.372502399999911,2964.4194477553297,0.5353451685592319,1.0439372312690995,53.28144521199997,0.0,0.24903940969408406,56.134730000000005,0.0
unsw_nb15_tuned_baseline_envelopes,threshold_0.72,default,adversarial_explanation_flood,threshold_explain,20,0.02272760531049134,0.0026046967869993456,0.0,0.0003401959064081196,0.0007810523434317693,0.0012307735522191403,0.004841849782858815,0.0002876579180228592,0.020656391932220977,23.47748658028167,0.0006560811198622473,0.0005519282179635957,0.028360554588377995,0.0,0.0,0.046306263039304796,0.0,12.14274,0.8001245669690735,0.0,0.00694,0.8215476695759648,0.567,2.309238749999863,0.9275333839051848,9.875822399999723,853.0280317549374,0.691895713233567,0.018725008840876013,0.9611845819999999,0.0,0.0,44.96996,0.0
unsw_nb15_tuned_baseline_envelopes,threshold_0.72,default,non_markovian,threshold_explain,20,0.02956727127092419,0.0018554686504482977,0.0,0.0008086789435147981,0.0009066742715446258,0.005087859895455993,0.004731261832854079,0.0006111751249827639,0.020389007731612244,40.997816165553466,0.0007984255009314002,0.02502665976778792,1.2945025711465252,0.0,0.0008297142222878166,0.12072243958537386,0.0,9.33838,0.1306064468155267,0.0,0.05804,0.6192757770373805,0.23529999999999998,1.3120930555555272,0.8303327487857046,5.667472399999949,1600.816549924864,0.5167388008586007,1.273011157864747,65.45981829999997,0.0,0.13902550776423755,55.06379,0.0
unsw_nb15_tuned_baseline_envelopes,threshold_0.72,default,rtt_uncertainty,threshold_explain,20,0.01336810751665475,0.002055959910202882,0.0,0.0,0.0008507305683113682,0.001673749160606684,0.0025797360586738683,0.0005920347015778432,0.010573837715122271,0.5596596007417153,0.0007501818452201373,0.0004552676492734458,0.023555109870621118,0.0,0.0,0.03764538235738439,0.0,7.2990200000000005,0.08142922248652047,0.0,0.0,0.60562276862255,0.00245,1.0005944444444668,0.8219722050599593,4.327031199999997,6.151571861359078,0.5048030814237816,0.016273971777916868,0.8414164499999996,0.0,0.0,44.99624,0.0
unsw_nb15_tuned_baseline_envelopes,threshold_0.72,default,transient_overload,threshold_explain,20,0.021608616955669457,0.002026087296134291,0.0,0.0015688443779117364,0.0006601816682466815,0.0007761725038865219,0.0036459864557322505,0.00042859667749130037,0.015457841790043924,17.753690504226117,0.0005741304711809565,0.0005802445167880242,0.02887520671821059,0.0,0.00046484296935260007,0.04772246326893376,0.0,10.1264,0.2019341278280781,0.0,0.09733,0.6408055980718153,0.42778,1.4754819444443719,0.8419795327576105,6.366317199999914,2968.300977999618,0.5352377158067705,1.0441462366427197,53.29386639599998,0.0,0.24936300926923777,56.16711,0.0
unsw_nb15_tuned_baseline_envelopes,threshold_0.78,default,adversarial_explanation_flood,threshold_explain,20,0.021576995129364823,0.002323051935659258,0.0,0.00042684064325792837,0.0005406279414398277,0.0013064697921860735,0.004146226148702339,0.00031202467145213385,0.017560487218033997,23.633337175565057,0.0004595337502241275,0.0004539568438637278,0.02329329981988316,0.0,0.0,0.03812045763893844,0.0,12.15779,0.801267127859956,0.0,0.00537,0.7991368779578683,0.5645100000000001,2.2939918055554887,0.9098588993694419,9.715729999999999,1620.2047457903723,0.6792663462641683,0.01891505755228076,0.9710799499999997,0.0,0.0,44.99709,0.0
unsw_nb15_tuned_baseline_envelopes,threshold_0.78,default,non_markovian,threshold_explain,20,0.03982349995245471,0.0026329736614440517,0.0,0.0012163890617206668,0.0008549976655466992,0.003482128926540865,0.006135769732824256,0.0004934818425454559,0.02598678945666938,54.904697972751656,0.0007267480157144314,0.02281204105776221,1.1792093375153803,0.0,0.0008852399596650675,0.17053235265118846,0.0,9.309000000000001,0.12873755803300463,0.0,0.05031,0.5850315568294484,0.21492,1.2858823611110999,0.7982626657025906,5.44609,2434.131762067105,0.4972768233050268,1.2638328385039526,65.01112934999983,0.0,0.13853052044755979,54.98134,0.0
unsw_nb15_tuned_baseline_envelopes,threshold_0.78,default,rtt_uncertainty,threshold_explain,20,0.018235006734820473,0.0019866737597166585,0.0,0.0,0.0013652095517803504,0.0,0.003260740684496435,0.0010444477663515482,0.013810195840221183,36.509951729202015,0.0011604281190132342,0.0005434849106775205,0.028090215144598495,0.0,0.0,0.04603657039482721,0.0,7.290080000000001,0.07979796730085087,0.0,0.0,0.5717742639323855,0.0,0.9841748611111184,0.7889302036515214,4.16827,303.23969789069724,0.48600812434253127,0.01656221855020408,0.8565167999999993,0.0,0.0,45.00871,0.0
unsw_nb15_tuned_baseline_envelopes,threshold_0.78,default,transient_overload,threshold_explain,20,0.019431039267923278,0.0024124436752560284,0.0,0.0015608334912374285,0.0008506776620318829,0.0006411485155152181,0.003046078534071079,0.0006020661798617004,0.012901038497243838,22.58682101648743,0.0007230760127270856,0.0005207434393416002,0.02685895879034547,0.0,0.0004395251322611299,0.03421478475574739,0.0,10.13935,0.20383187666927238,0.0,0.08033,0.6089502115366583,0.42493,1.457830277777746,0.8124373552680175,6.17434,3496.024795134871,0.5176076798061483,1.0434530239342874,53.28115714999994,0.0,0.24879840169168746,56.15051999999999,0.0
unsw_nb15_tuned_baseline_envelopes,threshold_0.84,default,adversarial_explanation_flood,threshold_explain,20,0.02250423369179099,0.0029102797989702346,0.0,0.00033600982441777375,0.0008992032030909215,0.0012145342828469355,0.004546571754605557,0.0005615333350851607,0.01904117695359041,32.74740977049122,0.0007784462129559168,0.000624670034760972,0.03209068710546933,0.0,0.0,0.03885628744949628,0.0,12.13991,0.7992325206417967,0.0,0.00424,0.7789984652574968,0.54438,2.196884583333271,0.8850429970505133,9.37894799999978,2253.805744932727,0.657140492020355,0.018573163294141385,0.953954942,0.0,0.0,44.9818,0.0
unsw_nb15_tuned_baseline_envelopes,threshold_0.84,default,non_markovian,threshold_explain,20,0.0249152033668729,0.0018096943862566444,0.0,0.0012299436666603455,0.0012058243333229756,0.004904611051481635,0.004782609200116667,0.0009487153382762116,0.020310936135498513,39.09497760908319,0.0010327712135250401,0.02205137259810837,1.1430962699767364,0.0,0.0011216942228174337,0.12589090383240134,0.0,9.33271,0.13079043228014128,0.0,0.04899,0.5642451705147066,0.16972,1.215285972222215,0.7675884556136918,5.205168799999963,2997.6382171611313,0.47452984412071225,1.2733074843362213,65.52842629199986,0.0,0.13935443210587523,55.02184,0.0
unsw_nb15_tuned_baseline_envelopes,threshold_0.84,default,rtt_uncertainty,threshold_explain,20,0.021004081669297642,0.002554588127380768,0.0,0.0,0.0007560684945476973,0.0,0.0031557945490673397,0.0006620455456634101,0.013639887537862874,31.71328679042745,0.0006483629171946017,0.00043867159925998204,0.022700685069528517,0.0,0.0,0.0555300211784202,0.0,7.29576,0.08086842344188395,0.0,0.0,0.550177161877363,0.0,0.9253562500000125,0.75749857462621,3.9654768000000105,695.171127254764,0.4624694014254433,0.015920484066164423,0.8235369239999993,0.0,0.0,44.99924,0.0
unsw_nb15_tuned_baseline_envelopes,threshold_0.84,default,transient_overload,threshold_explain,20,0.014650831116787642,0.0016734160395876115,0.0,0.0010973328622283735,0.0010614866537219632,0.0006259576511655016,0.0025210894323778976,0.0007470859011760577,0.010695046357543333,17.93448298271142,0.000899550400628767,0.0005461637683307965,0.026324850797460848,0.0,0.00039084935834001654,0.05362569652191972,0.0,10.13074,0.20266067128040102,0.0,0.07255,0.5877655948125596,0.41039000000000003,1.3748641666666372,0.7818716389691672,5.887198799999927,3889.290433715727,0.4944252451513087,1.0428197445590484,53.28951334999997,0.0,0.24913025676756878,56.15748,0.0
unsw_nb15_tuned_baseline_envelopes,threshold_0.90,default,adversarial_explanation_flood,threshold_explain,20,0.01626212018028069,0.001984884113934843,0.0,0.0004459524260678367,0.0005936054933740856,0.0011959128149880444,0.0035041745130462705,0.00046483386825759066,0.014872785809712847,24.818433912725855,0.0005170162234328368,0.000447087888351494,0.022948666409966793,0.0,0.0,0.03785905194564669,0.0,12.1402,0.7995800850573128,0.0,0.00418,0.7791779225348081,0.54568,2.19815736111105,0.8853958344969234,9.382890399999784,2236.0035678238196,0.6573906598036274,0.018433897079120826,0.9467966560000003,0.0,0.0,44.97421,0.0
unsw_nb15_tuned_baseline_envelopes,threshold_0.90,default,non_markovian,threshold_explain,20,0.03494238672726716,0.0024870885141876,0.0,0.0009615782246417934,0.0011583495777330814,0.0036135550875178737,0.005092335576144506,0.0008842932900638311,0.02184960993250954,57.13571375996074,0.0009740364744813905,0.025019264567493583,1.2950768682405462,0.0,0.0008614827122395214,0.11819858561305346,0.0,9.30802,0.13029737342648479,0.0,0.04757,0.5632439564003577,0.16521,1.209730555555549,0.7668257217068698,5.181751999999962,2989.7898864200724,0.4736556043135473,1.2573145487568778,64.70634554599988,0.0,0.13748453799886723,54.8995,0.0
unsw_nb15_tuned_baseline_envelopes,threshold_0.90,default,rtt_uncertainty,threshold_explain,20,0.01833806605311537,0.002352718962300215,0.0,0.0,0.0012447247443906314,0.0,0.0033165115654032007,0.0011136166150959026,0.014042948454869328,31.80521531382601,0.0010604170143198091,0.00038671988764878444,0.020005254524464628,0.0,0.0,0.03629382865226505,0.0,7.29075,0.08017513319146129,0.0,0.0,0.5494896243533305,0.0,0.9237477777777908,0.7570731517976566,3.95819200000001,699.743282570033,0.4619338011244321,0.016216661894390257,0.8388452659999995,0.0,0.0,44.99723,0.0
unsw_nb15_tuned_baseline_envelopes,threshold_0.90,default,transient_overload,threshold_explain,20,0.021239582776950906,0.0019716388684398855,0.0,0.001658068301558044,0.0008083533051912269,0.0008018998703736412,0.0028932930127901608,0.0006903300058996089,0.012343898017517983,24.178135622483325,0.0006982353895365709,0.0004316125314085338,0.021086101097212557,0.0,0.00036572432024936766,0.0482148333791255,0.0,10.13461,0.20351056980449161,0.0,0.07167,0.5876170745024724,0.41066,1.375215277777747,0.7820620398480281,5.888336799999928,3901.1901327292653,0.4943291962909654,1.0419156503940963,53.24361390999995,0.0,0.24908172080247182,56.13902,0.0
unsw_nb15_tuned_baseline_envelopes,xai_gate_default,default,adversarial_explanation_flood,xai_gate,20,0.02040238704114892,0.0023729778269868055,0.0014455608650682016,0.000304007908484389,0.0012715937840262121,0.0,0.0,0.0014850679239811902,0.005207116873820781,43.249468812946674,0.0004838861129594089,0.0006179510483238342,0.031876419516931154,0.00031632602618002047,0.0,0.03262329956386487,0.0009232108484750249,12.13973,0.8000244425085489,0.1479420277610434,0.00303,0.6132436273188604,0.0,1.0,0.670543144203061,6.553442499995555,4334.009889518751,0.6676517942453758,0.01718815607196782,0.8859912869998995,0.0036380095671617665,0.0,44.961290000000005,0.43263866010984275
unsw_nb15_tuned_baseline_envelopes,xai_gate_default,default,non_markovian,xai_gate,20,0.03300286279333645,0.0021769925850578355,0.0018989427926856051,0.0005832354331882758,0.0004842520209513774,0.0,0.0013291987989711707,0.0006849390424557071,0.019536821686075893,24.43535661742537,0.0009117040151311185,0.02074457989130679,1.0746193095325989,0.0014905702206289646,0.0008778663245832702,0.12842099509541618,0.0028828124561610796,9.32202,0.12965893453435107,0.17730639261481218,0.00484,0.678022170627679,0.0,0.9543975277779101,0.7523920788311997,4.068886999999686,779.2537027320917,0.738440509112186,1.2493422969479275,64.59165253699996,0.2116260460839156,0.1370077417331763,55.013310000000004,0.4567328528815951
unsw_nb15_tuned_baseline_envelopes,xai_gate_default,default,rtt_uncertainty,xai_gate,20,0.018746961182857836,0.0020054750877937393,0.0019746845107276798,0.0,0.00038919184513680455,0.0,0.0017822703088512133,0.00029690783533415125,0.01256063982467182,2.547719194805793,0.0008168109921286847,0.0005714295949109633,0.029541219430575076,0.00031047840896719067,0.0,0.06593293341819711,0.001828501366085313,7.298990000000001,0.08087541983031647,0.16545842555663873,0.0,0.7370376511597965,0.0,0.8757151388888962,0.8482822967613519,4.724669399999582,19.520654280425212,0.6342642440333454,0.017010654060779583,0.8791191279999999,0.012049295757535685,0.0,45.01889,0.21341487813213086
unsw_nb15_tuned_baseline_envelopes,xai_gate_default,default,transient_overload,xai_gate,20,0.01628089521888831,0.0017048376667212724,0.00032623772462473847,0.0006547690890688104,0.001204318415295004,0.0,0.0,0.0012303383994162745,0.007001946142911596,19.922208127778617,0.0005320043625113824,0.00038021996796057053,0.01883822054069853,0.000705542431793889,0.0004902903178722162,0.04560125521919683,0.001189906420060137,10.13289,0.20453654126326365,0.15456979035058263,0.01734,0.6783295246364909,0.0,1.0,0.7296328467970241,4.2277288499942545,3977.831577958529,0.7725244165586255,1.0370749748050554,53.25954172099997,0.2382916042592736,0.24743207168052309,56.081830000000004,0.5622441089942052
