stage,variant,ablation,regime,policy,seed,slots,packet_drop_rate,mean_packet_delay,mean_packet_queue,explanation_coverage,high_risk_explanation_coverage,mean_explanation_delay,mean_explanation_debt,exposure_use,offload_rate,audit_rate,redaction_rate,local_compute_load,attacker_trigger_gain,budget_violation_rate,exposure_budget_violation_rate,alerts_per_slot,packets_per_slot,calibration_status
unsw_nb15_calibrated_anchor,default,default,adversarial_explanation_flood,never_explain,1,5000,0.0,0.015015384615384608,0.7808,0.0,0.0,0.0,29611.41395137701,0.0,0.0,0.0,0.0,0.0,0.8039006540595461,0.0,0.0,12.1766,45.001,calibrated:/Users/let/Documents/DO_A_PAPER_May_18/Papers/Paper_xAI_in_Cyber_2/6_Analysis_Results/xai_surfacebench/data/unsw_nb15/unsw_nb15_score_stream.csv
unsw_nb15_calibrated_anchor,default,default,adversarial_explanation_flood,always_explain,1,5000,0.0,0.019609997688033787,1.0036800000000012,1.0,1.0,0.8499999999999268,0.0,2.856991666666421,0.0,0.0,0.0,12.1002,0.7939537345496448,0.041,0.6514,12.1002,44.9666,calibrated:/Users/let/Documents/DO_A_PAPER_May_18/Papers/Paper_xAI_in_Cyber_2/6_Analysis_Results/xai_surfacebench/data/unsw_nb15/unsw_nb15_score_stream.csv
unsw_nb15_calibrated_anchor,default,default,adversarial_explanation_flood,threshold_explain,1,5000,0.0,0.01941274407189583,0.9964176399999991,0.8215980621560051,0.926947185546894,0.691742741324173,864.0904084693971,2.3069222222220778,0.0,0.0,0.0,9.8688799999997,0.7955101889862837,0.0076,0.568,12.1372,45.065,calibrated:/Users/let/Documents/DO_A_PAPER_May_18/Papers/Paper_xAI_in_Cyber_2/6_Analysis_Results/xai_surfacebench/data/unsw_nb15/unsw_nb15_score_stream.csv
unsw_nb15_calibrated_anchor,default,default,adversarial_explanation_flood,rate_limited,1,5000,0.0,0.020777378975598983,1.0688790000000055,0.7680892282038193,0.8443401125904363,0.8235871111183632,5137.960896854423,2.132569444444331,0.0,0.0,0.0,9.210159999999625,0.8062574837479941,0.0002,0.5312,12.2338,45.1534,calibrated:/Users/let/Documents/DO_A_PAPER_May_18/Papers/Paper_xAI_in_Cyber_2/6_Analysis_Results/xai_surfacebench/data/unsw_nb15/unsw_nb15_score_stream.csv
unsw_nb15_calibrated_anchor,default,default,adversarial_explanation_flood,fifo_explanation,1,5000,0.0,0.01753406468369059,0.9005929999999934,0.8827439115123258,0.8662339787004628,0.8675884132730806,2460.0031959831413,2.5212416666664605,0.0,0.0,0.0,10.6782,0.7986519700774812,0.0,0.603,12.0966,44.8358,calibrated:/Users/let/Documents/DO_A_PAPER_May_18/Papers/Paper_xAI_in_Cyber_2/6_Analysis_Results/xai_surfacebench/data/unsw_nb15/unsw_nb15_score_stream.csv
unsw_nb15_calibrated_anchor,default,default,adversarial_explanation_flood,static_coarse_full,1,5000,0.0,0.018235602744804538,0.935735720000002,0.8209855067684442,0.9272534124966417,0.6913906247423511,877.081048361899,2.304972222222085,0.0,0.0,0.0,9.858055999999722,0.8018122400475376,0.0088,0.5634,12.1298,44.88,calibrated:/Users/let/Documents/DO_A_PAPER_May_18/Papers/Paper_xAI_in_Cyber_2/6_Analysis_Results/xai_surfacebench/data/unsw_nb15/unsw_nb15_score_stream.csv
unsw_nb15_calibrated_anchor,default,default,adversarial_explanation_flood,static_offload,1,5000,0.0,0.01579112897012083,0.8192757999999992,0.739530886830149,0.7817313044118063,1.1133495924314132,220.93915707500926,2.7253888888887987,0.798294431531738,0.0,0.0,1.7208319999999662,0.8096858805460363,0.0,0.6314,12.2188,45.0126,calibrated:/Users/let/Documents/DO_A_PAPER_May_18/Papers/Paper_xAI_in_Cyber_2/6_Analysis_Results/xai_surfacebench/data/unsw_nb15/unsw_nb15_score_stream.csv
unsw_nb15_calibrated_anchor,default,default,adversarial_explanation_flood,budget_only_bexgov,1,5000,0.0,0.01739972265640903,0.8974175600000018,0.5927111935886737,0.7359607904145247,0.5625763647112888,7962.107182300465,0.9076283333333481,0.0,0.6668692110622085,0.10158969979636077,6.168555999999887,0.8014771686762125,0.0,0.0,12.1784,45.0682,calibrated:/Users/let/Documents/DO_A_PAPER_May_18/Papers/Paper_xAI_in_Cyber_2/6_Analysis_Results/xai_surfacebench/data/unsw_nb15/unsw_nb15_score_stream.csv
unsw_nb15_calibrated_anchor,default,default,adversarial_explanation_flood,xai_gate,1,5000,0.0,0.015852752147207105,0.8170294674997978,0.6096299526637803,0.6665227020585364,0.6673144030599115,4415.942973407008,1.0,0.002424123302704208,0.1442189572993956,0.4300669090783387,6.5637244999955495,0.806609112496955,0.0032,0.0,12.2106,45.059,calibrated:/Users/let/Documents/DO_A_PAPER_May_18/Papers/Paper_xAI_in_Cyber_2/6_Analysis_Results/xai_surfacebench/data/unsw_nb15/unsw_nb15_score_stream.csv
unsw_nb15_calibrated_anchor,default,default,transient_overload,never_explain,1,5000,0.24452622486204018,1.0227615384615536,53.1836,0.0,0.0,0.0,20630.1248051598,0.0,0.0,0.0,0.0,0.0,0.20743115096220732,0.0,0.0,10.148,56.0308,calibrated:/Users/let/Documents/DO_A_PAPER_May_18/Papers/Paper_xAI_in_Cyber_2/6_Analysis_Results/xai_surfacebench/data/unsw_nb15/unsw_nb15_score_stream.csv
unsw_nb15_calibrated_anchor,default,default,transient_overload,always_explain,1,5000,0.25066863062710265,1.0557291887560025,53.46070600000001,1.0,1.0,0.8499999999999363,0.0,2.3981333333331536,0.0,0.0,0.0,10.1568,0.20529023300521487,0.2002,0.5272,10.1568,56.179,calibrated:/Users/let/Documents/DO_A_PAPER_May_18/Papers/Paper_xAI_in_Cyber_2/6_Analysis_Results/xai_surfacebench/data/unsw_nb15/unsw_nb15_score_stream.csv
unsw_nb15_calibrated_anchor,default,default,transient_overload,threshold_explain,1,5000,0.2495228360466145,1.044485862731409,53.31772967999993,0.6389698918791098,0.8408584353470878,0.5336111988003978,2921.8689559382974,1.4722055555554816,0.0,0.0,0.0,6.353383999999919,0.20236040684399237,0.0934,0.4282,10.1368,56.205,calibrated:/Users/let/Documents/DO_A_PAPER_May_18/Papers/Paper_xAI_in_Cyber_2/6_Analysis_Results/xai_surfacebench/data/unsw_nb15/unsw_nb15_score_stream.csv
unsw_nb15_calibrated_anchor,default,default,transient_overload,rate_limited,1,5000,0.24718287728352092,1.0362652428773125,53.32097400000002,0.5525423728813704,0.6424336598145031,0.7656661958568612,10678.811876522474,1.1525444444443893,0.0,0.0,0.0,5.248671999999949,0.21112766306245878,0.0002,0.1886,10.1952,56.1196,calibrated:/Users/let/Documents/DO_A_PAPER_May_18/Papers/Paper_xAI_in_Cyber_2/6_Analysis_Results/xai_surfacebench/data/unsw_nb15/unsw_nb15_score_stream.csv
unsw_nb15_calibrated_anchor,default,default,transient_overload,fifo_explanation,1,5000,0.24736784321262506,1.0393464060565636,53.36311999999998,0.717396468445641,0.6219502129296746,0.8923905297330942,10341.291994685962,1.711333333333249,0.0,0.0,0.0,7.248,0.19851573473028683,0.0,0.4446,10.1032,56.1984,calibrated:/Users/let/Documents/DO_A_PAPER_May_18/Papers/Paper_xAI_in_Cyber_2/6_Analysis_Results/xai_surfacebench/data/unsw_nb15/unsw_nb15_score_stream.csv
unsw_nb15_calibrated_anchor,default,default,transient_overload,static_coarse_full,1,5000,0.2505364590627788,1.0449236699741329,53.33016088,0.6392746410727482,0.8408613421068524,0.5338300057270249,2956.4627875783485,1.471327777777703,0.0,0.0,0.0,6.3500559999999115,0.1999815157773479,0.0972,0.4264,10.1274,56.2642,calibrated:/Users/let/Documents/DO_A_PAPER_May_18/Papers/Paper_xAI_in_Cyber_2/6_Analysis_Results/xai_surfacebench/data/unsw_nb15/unsw_nb15_score_stream.csv
unsw_nb15_calibrated_anchor,default,default,transient_overload,static_offload,1,5000,0.24511926915509422,1.0289573482384236,53.32623183999998,0.5816681061558058,0.7135228522937429,0.8613854428392586,2825.869134886519,1.750677777777732,0.6116323806532663,0.0,0.0,1.1948799999999207,0.2105658368739749,0.0,0.466,10.1888,56.1104,calibrated:/Users/let/Documents/DO_A_PAPER_May_18/Papers/Paper_xAI_in_Cyber_2/6_Analysis_Results/xai_surfacebench/data/unsw_nb15/unsw_nb15_score_stream.csv
unsw_nb15_calibrated_anchor,default,default,transient_overload,budget_only_bexgov,1,5000,0.2465870098985825,1.0373361760647124,53.31405316000004,0.47374925657191197,0.6821788541795244,0.4469668133698054,6653.330934748727,0.6444622222222908,0.0,0.5691289005194085,0.0,4.096480000000001,0.20256333233203683,0.0,0.0,10.0884,55.9272,calibrated:/Users/let/Documents/DO_A_PAPER_May_18/Papers/Paper_xAI_in_Cyber_2/6_Analysis_Results/xai_surfacebench/data/unsw_nb15/unsw_nb15_score_stream.csv
unsw_nb15_calibrated_anchor,default,default,transient_overload,xai_gate,1,5000,0.24733239950627176,1.0398388164563592,53.40156702,0.6787171318665015,0.7309454250525983,0.7710919715942743,3937.665030587168,1.0,0.23639412170825524,0.1553013117664464,0.5613423414526962,4.24718299999434,0.2056631325599212,0.0184,0.0,10.139,56.0632,calibrated:/Users/let/Documents/DO_A_PAPER_May_18/Papers/Paper_xAI_in_Cyber_2/6_Analysis_Results/xai_surfacebench/data/unsw_nb15/unsw_nb15_score_stream.csv
unsw_nb15_calibrated_anchor,default,default,non_markovian,never_explain,1,5000,0.13333793123475432,1.2653807692307812,65.7998,0.0,0.0,0.0,18241.002101403225,0.0,0.0,0.0,0.0,0.0,0.12278332752545529,0.0,0.0,9.2794,55.0976,calibrated:/Users/let/Documents/DO_A_PAPER_May_18/Papers/Paper_xAI_in_Cyber_2/6_Analysis_Results/xai_surfacebench/data/unsw_nb15/unsw_nb15_score_stream.csv
unsw_nb15_calibrated_anchor,default,default,non_markovian,always_explain,1,5000,0.139811154972622,1.2975689990944805,66.37446799999988,1.0,1.0,0.8499999999999591,0.0,2.1911111111110055,0.0,0.0,0.0,9.28,0.1254418996683122,0.097,0.5384,9.28,54.971,calibrated:/Users/let/Documents/DO_A_PAPER_May_18/Papers/Paper_xAI_in_Cyber_2/6_Analysis_Results/xai_surfacebench/data/unsw_nb15/unsw_nb15_score_stream.csv
unsw_nb15_calibrated_anchor,default,default,non_markovian,threshold_explain,1,5000,0.1377385341384386,1.2689805212665786,65.26453007999994,0.6196338112818957,0.8311246390030395,0.5172179531209681,1592.6326156766302,1.3109249999999715,0.0,0.0,0.0,5.66027999999995,0.12569739935581992,0.054,0.248,9.3176,55.1812,calibrated:/Users/let/Documents/DO_A_PAPER_May_18/Papers/Paper_xAI_in_Cyber_2/6_Analysis_Results/xai_surfacebench/data/unsw_nb15/unsw_nb15_score_stream.csv
unsw_nb15_calibrated_anchor,default,default,non_markovian,rate_limited,1,5000,0.13604201499122967,1.221462427236492,63.015137679999896,0.6357808933811769,0.7262509269310958,0.6839126181936638,4075.4602666650353,1.1477055555555502,0.0,0.0,0.0,5.3439680000000225,0.12306064234527936,0.0004,0.1324,9.201,54.6186,calibrated:/Users/let/Documents/DO_A_PAPER_May_18/Papers/Paper_xAI_in_Cyber_2/6_Analysis_Results/xai_surfacebench/data/unsw_nb15/unsw_nb15_score_stream.csv
unsw_nb15_calibrated_anchor,default,default,non_markovian,fifo_explanation,1,5000,0.13971910701753198,1.2338817761797625,63.49921999999994,0.822727563623952,0.7577635262074299,0.8765908654563528,2115.4705048317505,1.82121944444436,0.0,0.0,0.0,7.7134,0.1305660668591322,0.0,0.4486,9.3754,55.2844,calibrated:/Users/let/Documents/DO_A_PAPER_May_18/Papers/Paper_xAI_in_Cyber_2/6_Analysis_Results/xai_surfacebench/data/unsw_nb15/unsw_nb15_score_stream.csv
unsw_nb15_calibrated_anchor,default,default,non_markovian,static_coarse_full,1,5000,0.1375394223982502,1.1748933927643097,60.38539051999987,0.6201697847950884,0.830478122943988,0.5174034822104411,1470.647705749813,1.3006833333333068,0.0,0.0,0.0,5.619143999999945,0.12723890467535526,0.059,0.2194,9.247,54.6882,calibrated:/Users/let/Documents/DO_A_PAPER_May_18/Papers/Paper_xAI_in_Cyber_2/6_Analysis_Results/xai_surfacebench/data/unsw_nb15/unsw_nb15_score_stream.csv
unsw_nb15_calibrated_anchor,default,default,non_markovian,static_offload,1,5000,0.1357872553869434,1.2133303745779407,62.9638908800001,0.5561240675641153,0.7003626930032447,0.8207506644946054,1385.0501098563007,1.5261666666666385,0.5815827831604219,0.0,0.0,1.0580639999999895,0.13127021770865155,0.0,0.3368,9.3304,54.9848,calibrated:/Users/let/Documents/DO_A_PAPER_May_18/Papers/Paper_xAI_in_Cyber_2/6_Analysis_Results/xai_surfacebench/data/unsw_nb15/unsw_nb15_score_stream.csv
unsw_nb15_calibrated_anchor,default,default,non_markovian,budget_only_bexgov,1,5000,0.13628596503473397,1.1874342126413793,61.30490252000007,0.4557321287951766,0.6706923152869859,0.4304532330037625,5603.169985527573,0.5608027777778296,0.0,0.5434639951001837,0.0,3.5668280000000676,0.1196134399655171,0.0014,0.0,9.1432,54.4426,calibrated:/Users/let/Documents/DO_A_PAPER_May_18/Papers/Paper_xAI_in_Cyber_2/6_Analysis_Results/xai_surfacebench/data/unsw_nb15/unsw_nb15_score_stream.csv
unsw_nb15_calibrated_anchor,default,default,non_markovian,xai_gate,1,5000,0.14012384234917008,1.2089104300806772,62.484503460000084,0.6799479333376809,0.754006563938327,0.7354561167658791,809.5219736074522,0.9564350000001347,0.20284659539508781,0.17805091436741138,0.46068326825000533,4.17061199999965,0.13288417327231672,0.0052,0.0,9.3726,55.1548,calibrated:/Users/let/Documents/DO_A_PAPER_May_18/Papers/Paper_xAI_in_Cyber_2/6_Analysis_Results/xai_surfacebench/data/unsw_nb15/unsw_nb15_score_stream.csv
unsw_nb15_calibrated_anchor,default,default,rtt_uncertainty,never_explain,1,5000,0.0,0.013842307692307688,0.7198,0.0,0.0,0.0,12363.497500968639,0.0,0.0,0.0,0.0,0.0,0.07719162658067691,0.0,0.0,7.2756,45.0282,calibrated:/Users/let/Documents/DO_A_PAPER_May_18/Papers/Paper_xAI_in_Cyber_2/6_Analysis_Results/xai_surfacebench/data/unsw_nb15/unsw_nb15_score_stream.csv
unsw_nb15_calibrated_anchor,default,default,rtt_uncertainty,always_explain,1,5000,0.0,0.018373446547522293,0.9462799999999998,1.0,1.0,0.8499999999999671,0.0,1.7223833333332668,0.0,0.0,0.0,7.2948,0.07945414672692142,0.0002,0.4164,7.2948,45.0524,calibrated:/Users/let/Documents/DO_A_PAPER_May_18/Papers/Paper_xAI_in_Cyber_2/6_Analysis_Results/xai_surfacebench/data/unsw_nb15/unsw_nb15_score_stream.csv
unsw_nb15_calibrated_anchor,default,default,rtt_uncertainty,threshold_explain,1,5000,0.0,0.015170544798778334,0.7844996800000003,0.600759524852219,0.8197216610176116,0.5007704729581801,7.250437015385881,0.9937611111111337,0.0,0.0,0.0,4.297288000000005,0.08235572935181912,0.0,0.0,7.3072,45.008,calibrated:/Users/let/Documents/DO_A_PAPER_May_18/Papers/Paper_xAI_in_Cyber_2/6_Analysis_Results/xai_surfacebench/data/unsw_nb15/unsw_nb15_score_stream.csv
unsw_nb15_calibrated_anchor,default,default,rtt_uncertainty,rate_limited,1,5000,0.0,0.015303685413465593,0.7905604000000008,0.7649118680650077,0.8692419506566649,0.593540219707239,0.1951511889377436,1.0629388888889064,0.0,0.0,0.0,5.0034320000000605,0.07135181125424683,0.0,0.0594,7.2278,44.9762,calibrated:/Users/let/Documents/DO_A_PAPER_May_18/Papers/Paper_xAI_in_Cyber_2/6_Analysis_Results/xai_surfacebench/data/unsw_nb15/unsw_nb15_score_stream.csv
unsw_nb15_calibrated_anchor,default,default,rtt_uncertainty,fifo_explanation,1,5000,0.0,0.01772721744437561,0.9131589999999987,0.9912514055343773,0.9878482190675296,0.8513122891698128,0.11677423263541639,1.7067999999999404,0.0,0.0,0.0,7.2288,0.07875027920647693,0.0,0.413,7.2926,45.0682,calibrated:/Users/let/Documents/DO_A_PAPER_May_18/Papers/Paper_xAI_in_Cyber_2/6_Analysis_Results/xai_surfacebench/data/unsw_nb15/unsw_nb15_score_stream.csv
unsw_nb15_calibrated_anchor,default,default,rtt_uncertainty,static_coarse_full,1,5000,0.0,0.01598266390887201,0.8264131600000002,0.6038466858470918,0.821139072492645,0.5033252185459787,4.469464988219366,0.9881805555555788,0.0,0.0,0.0,4.273328000000008,0.07338467454453124,0.0,0.0,7.2296,44.9022,calibrated:/Users/let/Documents/DO_A_PAPER_May_18/Papers/Paper_xAI_in_Cyber_2/6_Analysis_Results/xai_surfacebench/data/unsw_nb15/unsw_nb15_score_stream.csv
unsw_nb15_calibrated_anchor,default,default,rtt_uncertainty,static_offload,1,5000,0.0,0.015086434297558298,0.7836642399999999,0.5468752579873035,0.6949734804807959,0.9953579452435596,3.22108458980158,1.1660555555555538,0.570076226643551,0.0,0.0,0.8157920000000299,0.07521536706714471,0.0,0.1436,7.2678,45.0626,calibrated:/Users/let/Documents/DO_A_PAPER_May_18/Papers/Paper_xAI_in_Cyber_2/6_Analysis_Results/xai_surfacebench/data/unsw_nb15/unsw_nb15_score_stream.csv
unsw_nb15_calibrated_anchor,default,default,rtt_uncertainty,budget_only_bexgov,1,5000,0.0,0.01646066744325654,0.85266256,0.45646532685512897,0.674519982543948,0.4250759165194431,2455.700259869232,0.44620833333335813,0.0,0.5337621466431095,0.0,2.8283640000000467,0.07601046781384713,0.0,0.0,7.2448,44.8868,calibrated:/Users/let/Documents/DO_A_PAPER_May_18/Papers/Paper_xAI_in_Cyber_2/6_Analysis_Results/xai_surfacebench/data/unsw_nb15/unsw_nb15_score_stream.csv
unsw_nb15_calibrated_anchor,default,default,rtt_uncertainty,xai_gate,1,5000,0.0,0.016694815720079605,0.8627661200000004,0.7377848570566243,0.8488748645375286,0.6348661939840817,14.706945408047453,0.8753877777777841,0.01161673028863318,0.16494109246697608,0.21484085354131766,4.724123999999596,0.07588167163050286,0.0,0.0,7.2826,45.1264,calibrated:/Users/let/Documents/DO_A_PAPER_May_18/Papers/Paper_xAI_in_Cyber_2/6_Analysis_Results/xai_surfacebench/data/unsw_nb15/unsw_nb15_score_stream.csv
unsw_nb15_calibrated_anchor,default,default,adversarial_explanation_flood,never_explain,2,5000,0.0,0.015242307692307682,0.7926,0.0,0.0,0.0,29729.006445248306,0.0,0.0,0.0,0.0,0.0,0.8081429343280768,0.0,0.0,12.215,45.037,calibrated:/Users/let/Documents/DO_A_PAPER_May_18/Papers/Paper_xAI_in_Cyber_2/6_Analysis_Results/xai_surfacebench/data/unsw_nb15/unsw_nb15_score_stream.csv
unsw_nb15_calibrated_anchor,default,default,adversarial_explanation_flood,always_explain,2,5000,0.0,0.020418571808664656,1.0446260000000018,1.0,1.0,0.8499999999999218,0.0,2.8779583333330687,0.0,0.0,0.0,12.189,0.8011029151003604,0.042,0.653,12.189,45.1168,calibrated:/Users/let/Documents/DO_A_PAPER_May_18/Papers/Paper_xAI_in_Cyber_2/6_Analysis_Results/xai_surfacebench/data/unsw_nb15/unsw_nb15_score_stream.csv
unsw_nb15_calibrated_anchor,default,default,adversarial_explanation_flood,threshold_explain,2,5000,0.0,0.021057594680984427,1.080862000000001,0.820217384181889,0.9270318955607375,0.6907533909966399,919.5622268390788,2.317883333333197,0.0,0.0,0.0,9.913127999999723,0.801688529597963,0.0082,0.571,12.2088,45.1754,calibrated:/Users/let/Documents/DO_A_PAPER_May_18/Papers/Paper_xAI_in_Cyber_2/6_Analysis_Results/xai_surfacebench/data/unsw_nb15/unsw_nb15_score_stream.csv
unsw_nb15_calibrated_anchor,default,default,adversarial_explanation_flood,rate_limited,2,5000,0.0,0.015301563753019332,0.7871277600000023,0.7754992967651098,0.8526120457574266,0.8193720526185053,4544.481600090995,2.1238138888887703,0.0,0.0,0.0,9.179863999999624,0.797970422070094,0.0002,0.5276,12.087,44.8172,calibrated:/Users/let/Documents/DO_A_PAPER_May_18/Papers/Paper_xAI_in_Cyber_2/6_Analysis_Results/xai_surfacebench/data/unsw_nb15/unsw_nb15_score_stream.csv
unsw_nb15_calibrated_anchor,default,default,adversarial_explanation_flood,fifo_explanation,2,5000,0.0,0.018445878996446306,0.9473989999999926,0.8838433150743873,0.8672299749269602,0.8674235027387734,2425.002726463178,2.52204444444425,0.0,0.0,0.0,10.6816,0.7924052585368124,0.0,0.6034,12.0854,44.9504,calibrated:/Users/let/Documents/DO_A_PAPER_May_18/Papers/Paper_xAI_in_Cyber_2/6_Analysis_Results/xai_surfacebench/data/unsw_nb15/unsw_nb15_score_stream.csv
unsw_nb15_calibrated_anchor,default,default,adversarial_explanation_flood,static_coarse_full,2,5000,0.0,0.017885660831692872,0.9180977200000009,0.8200884678231198,0.927218554583284,0.69071995642628,851.0888762370885,2.3007083333332092,0.0,0.0,0.0,9.838535999999724,0.7950586778304158,0.0074,0.5644,12.1174,45.0028,calibrated:/Users/let/Documents/DO_A_PAPER_May_18/Papers/Paper_xAI_in_Cyber_2/6_Analysis_Results/xai_surfacebench/data/unsw_nb15/unsw_nb15_score_stream.csv
unsw_nb15_calibrated_anchor,default,default,adversarial_explanation_flood,static_offload,2,5000,0.0,0.014694830119367435,0.76240488,0.7402110752421277,0.781240618766373,1.113334492177876,199.30838058155388,2.693961111111023,0.7978478602764671,0.0,0.0,1.7086959999999625,0.798297712718929,0.0,0.6294,12.081,44.7868,calibrated:/Users/let/Documents/DO_A_PAPER_May_18/Papers/Paper_xAI_in_Cyber_2/6_Analysis_Results/xai_surfacebench/data/unsw_nb15/unsw_nb15_score_stream.csv
unsw_nb15_calibrated_anchor,default,default,adversarial_explanation_flood,budget_only_bexgov,2,5000,0.0,0.019484367002350084,1.0049460600000004,0.5939935698702736,0.7365421306157869,0.5643890556567037,7946.012082346274,0.9079400000000144,0.0,0.6713416334497975,0.10281646244443352,6.187163999999872,0.7993456441951379,0.0,0.0,12.1926,45.1742,calibrated:/Users/let/Documents/DO_A_PAPER_May_18/Papers/Paper_xAI_in_Cyber_2/6_Analysis_Results/xai_surfacebench/data/unsw_nb15/unsw_nb15_score_stream.csv
unsw_nb15_calibrated_anchor,default,default,adversarial_explanation_flood,xai_gate,2,5000,0.0,0.016742645127604778,0.8628423600000001,0.6081911483289789,0.6647793839027455,0.6695675160696837,4446.793099397139,1.0,0.003565528859521434,0.14487823228275626,0.4292904924675839,6.548458999995611,0.8112148923627449,0.0018,0.0,12.2282,45.0092,calibrated:/Users/let/Documents/DO_A_PAPER_May_18/Papers/Paper_xAI_in_Cyber_2/6_Analysis_Results/xai_surfacebench/data/unsw_nb15/unsw_nb15_score_stream.csv
unsw_nb15_calibrated_anchor,default,default,transient_overload,never_explain,2,5000,0.24454165611095452,1.0244769230769382,53.2728,0.0,0.0,0.0,20564.984596575312,0.0,0.0,0.0,0.0,0.0,0.20569425662215157,0.0,0.0,10.1372,56.0518,calibrated:/Users/let/Documents/DO_A_PAPER_May_18/Papers/Paper_xAI_in_Cyber_2/6_Analysis_Results/xai_surfacebench/data/unsw_nb15/unsw_nb15_score_stream.csv
unsw_nb15_calibrated_anchor,default,default,transient_overload,always_explain,2,5000,0.25203220115785036,1.0522819951329605,53.27610699999998,1.0,1.0,0.8499999999999446,0.0,2.4006361111109547,0.0,0.0,0.0,10.1674,0.202976382741334,0.2,0.5262,10.1674,56.3458,calibrated:/Users/let/Documents/DO_A_PAPER_May_18/Papers/Paper_xAI_in_Cyber_2/6_Analysis_Results/xai_surfacebench/data/unsw_nb15/unsw_nb15_score_stream.csv
unsw_nb15_calibrated_anchor,default,default,transient_overload,threshold_explain,2,5000,0.24794232754960382,1.044922840780841,53.33388943999998,0.6382713853814835,0.840793279244029,0.5331051040369792,2950.9812248307608,1.4688249999999317,0.0,0.0,0.0,6.337799999999922,0.20377209038459254,0.0954,0.4254,10.1214,56.0538,calibrated:/Users/let/Documents/DO_A_PAPER_May_18/Papers/Paper_xAI_in_Cyber_2/6_Analysis_Results/xai_surfacebench/data/unsw_nb15/unsw_nb15_score_stream.csv
unsw_nb15_calibrated_anchor,default,default,transient_overload,rate_limited,2,5000,0.2470862942136558,1.034962790279159,53.25379472000003,0.5533678807815944,0.6460340973229787,0.7648517696484334,10394.513026980827,1.1420888888888383,0.0,0.0,0.0,5.202343999999947,0.19879602507727356,0.0002,0.1782,10.0924,56.1252,calibrated:/Users/let/Documents/DO_A_PAPER_May_18/Papers/Paper_xAI_in_Cyber_2/6_Analysis_Results/xai_surfacebench/data/unsw_nb15/unsw_nb15_score_stream.csv
unsw_nb15_calibrated_anchor,default,default,transient_overload,fifo_explanation,2,5000,0.24877052582290227,1.037271439724203,53.25625499999998,0.7160986150672822,0.6203706653030056,0.8925852077398552,10479.075455599468,1.7213916666665936,0.0,0.0,0.0,7.2906,0.20385052435666107,0.0,0.4428,10.181,56.3802,calibrated:/Users/let/Documents/DO_A_PAPER_May_18/Papers/Paper_xAI_in_Cyber_2/6_Analysis_Results/xai_surfacebench/data/unsw_nb15/unsw_nb15_score_stream.csv
unsw_nb15_calibrated_anchor,default,default,transient_overload,static_coarse_full,2,5000,0.24960286151764413,1.0442796622054447,53.29937871999999,0.6419104736728046,0.8433103766384014,0.536412239341859,2942.8282339576235,1.4811999999999328,0.0,0.0,0.0,6.38774399999991,0.20331398592268202,0.0992,0.4286,10.1378,56.166,calibrated:/Users/let/Documents/DO_A_PAPER_May_18/Papers/Paper_xAI_in_Cyber_2/6_Analysis_Results/xai_surfacebench/data/unsw_nb15/unsw_nb15_score_stream.csv
unsw_nb15_calibrated_anchor,default,default,transient_overload,static_offload,2,5000,0.2459644854821132,1.0274489814708192,53.24734408000003,0.5791436301611863,0.7116918057868666,0.8566372583618327,2862.2213097539743,1.7425999999999569,0.6078304513194526,0.0,0.0,1.195823999999923,0.21085654462193748,0.0,0.4644,10.2012,56.1652,calibrated:/Users/let/Documents/DO_A_PAPER_May_18/Papers/Paper_xAI_in_Cyber_2/6_Analysis_Results/xai_surfacebench/data/unsw_nb15/unsw_nb15_score_stream.csv
unsw_nb15_calibrated_anchor,default,default,transient_overload,budget_only_bexgov,2,5000,0.2465319143313247,1.035707800334678,53.22672258000005,0.47386354668140657,0.6818448152930193,0.44749427827321525,6743.867064782465,0.647916666666733,0.0,0.5689172125325547,0.0,4.117347999999994,0.20672311723313141,0.0002,0.0,10.1368,56.0018,calibrated:/Users/let/Documents/DO_A_PAPER_May_18/Papers/Paper_xAI_in_Cyber_2/6_Analysis_Results/xai_surfacebench/data/unsw_nb15/unsw_nb15_score_stream.csv
unsw_nb15_calibrated_anchor,default,default,transient_overload,xai_gate,2,5000,0.2475673977799688,1.036418854005441,53.22717310000002,0.6751904022327656,0.7258366698236696,0.7724479514797992,4039.158135458996,1.0,0.23935438210199347,0.15436637439547046,0.5602022962282044,4.208034999994266,0.20684112313617953,0.0178,0.0,10.1732,56.1974,calibrated:/Users/let/Documents/DO_A_PAPER_May_18/Papers/Paper_xAI_in_Cyber_2/6_Analysis_Results/xai_surfacebench/data/unsw_nb15/unsw_nb15_score_stream.csv
unsw_nb15_calibrated_anchor,default,default,non_markovian,never_explain,2,5000,0.13444365130237165,1.279796153846165,66.5494,0.0,0.0,0.0,18028.98481145704,0.0,0.0,0.0,0.0,0.0,0.12447312705165281,0.0,0.0,9.2626,54.9152,calibrated:/Users/let/Documents/DO_A_PAPER_May_18/Papers/Paper_xAI_in_Cyber_2/6_Analysis_Results/xai_surfacebench/data/unsw_nb15/unsw_nb15_score_stream.csv
unsw_nb15_calibrated_anchor,default,default,non_markovian,always_explain,2,5000,0.13806880080295683,1.2054706290051245,61.63861899999986,1.0,1.0,0.8499999999999507,0.0,2.181288888888762,0.0,0.0,0.0,9.2384,0.1280469563709683,0.0962,0.5504,9.2384,54.5982,calibrated:/Users/let/Documents/DO_A_PAPER_May_18/Papers/Paper_xAI_in_Cyber_2/6_Analysis_Results/xai_surfacebench/data/unsw_nb15/unsw_nb15_score_stream.csv
unsw_nb15_calibrated_anchor,default,default,non_markovian,threshold_explain,2,5000,0.1390884513259832,1.2185154973143908,62.644451399999994,0.6154268907924038,0.8288550296541505,0.5136235804297865,1661.2021147315556,1.3013722222222064,0.0,0.0,0.0,5.620015999999975,0.1310831138841302,0.0574,0.222,9.3162,54.9102,calibrated:/Users/let/Documents/DO_A_PAPER_May_18/Papers/Paper_xAI_in_Cyber_2/6_Analysis_Results/xai_surfacebench/data/unsw_nb15/unsw_nb15_score_stream.csv
unsw_nb15_calibrated_anchor,default,default,non_markovian,rate_limited,2,5000,0.1389042753319557,1.2321767557458045,63.56898756000012,0.630319452971211,0.7203946388794633,0.6824840696911199,4444.2279705371175,1.1638166666666592,0.0,0.0,0.0,5.430192000000042,0.13751185986813064,0.0002,0.1414,9.4474,55.3688,calibrated:/Users/let/Documents/DO_A_PAPER_May_18/Papers/Paper_xAI_in_Cyber_2/6_Analysis_Results/xai_surfacebench/data/unsw_nb15/unsw_nb15_score_stream.csv
unsw_nb15_calibrated_anchor,default,default,non_markovian,fifo_explanation,2,5000,0.13830078867953316,1.2685538306798372,65.28189299999995,0.8268007564036445,0.7620395306742778,0.875979886539401,1943.1191690941398,1.8169222222221528,0.0,0.0,0.0,7.6952,0.12393173230542831,0.0,0.4494,9.3072,55.2062,calibrated:/Users/let/Documents/DO_A_PAPER_May_18/Papers/Paper_xAI_in_Cyber_2/6_Analysis_Results/xai_surfacebench/data/unsw_nb15/unsw_nb15_score_stream.csv
unsw_nb15_calibrated_anchor,default,default,non_markovian,static_coarse_full,2,5000,0.1403082047439615,1.3466734453853808,69.26533675999988,0.6177029158496228,0.8280575409360162,0.5149735697842922,1654.3460044118713,1.3125249999999808,0.0,0.0,0.0,5.674751999999953,0.13214149114202356,0.0578,0.2336,9.3832,55.2534,calibrated:/Users/let/Documents/DO_A_PAPER_May_18/Papers/Paper_xAI_in_Cyber_2/6_Analysis_Results/xai_surfacebench/data/unsw_nb15/unsw_nb15_score_stream.csv
unsw_nb15_calibrated_anchor,default,default,non_markovian,static_offload,2,5000,0.1355152910471428,1.2523206115627412,64.98930476000005,0.559965705712165,0.7025670131476912,0.8270959168364012,1277.8539914738762,1.5383999999999725,0.5863680205765727,0.0,0.0,1.0625759999999846,0.13376370425182915,0.0,0.3466,9.331,54.8674,calibrated:/Users/let/Documents/DO_A_PAPER_May_18/Papers/Paper_xAI_in_Cyber_2/6_Analysis_Results/xai_surfacebench/data/unsw_nb15/unsw_nb15_score_stream.csv
unsw_nb15_calibrated_anchor,default,default,non_markovian,budget_only_bexgov,2,5000,0.13550821075621058,1.1665450978661374,60.21673891999992,0.4558839891306754,0.6707905395998822,0.4309936452917372,5947.847012604976,0.5740555555556128,0.0,0.5448573934997968,0.0,3.6495880000000542,0.13415233415233319,0.002,0.0,9.3474,54.945,calibrated:/Users/let/Documents/DO_A_PAPER_May_18/Papers/Paper_xAI_in_Cyber_2/6_Analysis_Results/xai_surfacebench/data/unsw_nb15/unsw_nb15_score_stream.csv
unsw_nb15_calibrated_anchor,default,default,non_markovian,xai_gate,2,5000,0.14048047164591487,1.297995876875417,67.10210131999993,0.6777975796641346,0.751249164285424,0.7376127462488954,850.0840809817903,0.9557505555556953,0.20914349134527138,0.1792414573239707,0.4597997993725055,4.106475999999676,0.12958268389501426,0.0058,0.0,9.3706,55.3042,calibrated:/Users/let/Documents/DO_A_PAPER_May_18/Papers/Paper_xAI_in_Cyber_2/6_Analysis_Results/xai_surfacebench/data/unsw_nb15/unsw_nb15_score_stream.csv
unsw_nb15_calibrated_anchor,default,default,rtt_uncertainty,never_explain,2,5000,0.0,0.01413846153846153,0.7352,0.0,0.0,0.0,12122.910239475395,0.0,0.0,0.0,0.0,0.0,0.07082201589471393,0.0,0.0,7.2382,45.0632,calibrated:/Users/let/Documents/DO_A_PAPER_May_18/Papers/Paper_xAI_in_Cyber_2/6_Analysis_Results/xai_surfacebench/data/unsw_nb15/unsw_nb15_score_stream.csv
unsw_nb15_calibrated_anchor,default,default,rtt_uncertainty,always_explain,2,5000,0.0,0.01599389343457396,0.8236380000000023,1.0,1.0,0.8499999999999657,0.0,1.7112388888888197,0.0,0.0,0.0,7.2476,0.07845413043348981,0.0,0.4146,7.2476,44.8024,calibrated:/Users/let/Documents/DO_A_PAPER_May_18/Papers/Paper_xAI_in_Cyber_2/6_Analysis_Results/xai_surfacebench/data/unsw_nb15/unsw_nb15_score_stream.csv
unsw_nb15_calibrated_anchor,default,default,rtt_uncertainty,threshold_explain,2,5000,0.0,0.01736768156424482,0.8979572399999988,0.6071242409959439,0.8231082331113434,0.5061843236199326,5.597783119383162,0.9918611111111372,0.0,0.0,0.0,4.2880719999999934,0.06948367248600285,0.0,0.0,7.2134,44.965,calibrated:/Users/let/Documents/DO_A_PAPER_May_18/Papers/Paper_xAI_in_Cyber_2/6_Analysis_Results/xai_surfacebench/data/unsw_nb15/unsw_nb15_score_stream.csv
unsw_nb15_calibrated_anchor,default,default,rtt_uncertainty,rate_limited,2,5000,0.0,0.01679939804532309,0.8677436800000001,0.7661050531551793,0.870487899081857,0.5948757891284694,0.20759654224999186,1.0795694444444532,0.0,0.0,0.0,5.07750400000005,0.08135184495629044,0.0,0.0758,7.3182,45.1176,calibrated:/Users/let/Documents/DO_A_PAPER_May_18/Papers/Paper_xAI_in_Cyber_2/6_Analysis_Results/xai_surfacebench/data/unsw_nb15/unsw_nb15_score_stream.csv
unsw_nb15_calibrated_anchor,default,default,rtt_uncertainty,fifo_explanation,2,5000,0.0,0.01767457275752672,0.910551999999998,0.9913294797687862,0.9880260383005715,0.8513005780346511,0.12789924337342234,1.7007083333332722,0.0,0.0,0.0,7.203,0.07806873467134734,0.0,0.4114,7.266,44.9322,calibrated:/Users/let/Documents/DO_A_PAPER_May_18/Papers/Paper_xAI_in_Cyber_2/6_Analysis_Results/xai_surfacebench/data/unsw_nb15/unsw_nb15_score_stream.csv
unsw_nb15_calibrated_anchor,default,default,rtt_uncertainty,static_coarse_full,2,5000,0.0,0.01652679561104619,0.8543639199999998,0.606841098510746,0.8217778232226,0.5055936603361119,6.94470362646486,1.004375000000017,0.0,0.0,0.0,4.345487999999994,0.08537202056556725,0.0,0.0042,7.319,44.9554,calibrated:/Users/let/Documents/DO_A_PAPER_May_18/Papers/Paper_xAI_in_Cyber_2/6_Analysis_Results/xai_surfacebench/data/unsw_nb15/unsw_nb15_score_stream.csv
unsw_nb15_calibrated_anchor,default,default,rtt_uncertainty,static_offload,2,5000,0.0,0.01345739183293935,0.69902452,0.5452615762874119,0.6946369968776553,0.9929685360560527,4.673626026608905,1.172011111111109,0.5689386695806584,0.0,0.0,0.817744000000029,0.08780766859087064,0.0,0.1486,7.321,44.867,calibrated:/Users/let/Documents/DO_A_PAPER_May_18/Papers/Paper_xAI_in_Cyber_2/6_Analysis_Results/xai_surfacebench/data/unsw_nb15/unsw_nb15_score_stream.csv
unsw_nb15_calibrated_anchor,default,default,rtt_uncertainty,budget_only_bexgov,2,5000,0.0,0.015783904304371443,0.817615419999999,0.45585205584033656,0.6734188810078574,0.4242270149416597,2608.263223589764,0.4501144444444699,0.0,0.5328825389900752,0.0,2.857448000000044,0.08486889491330873,0.0,0.0,7.3352,45.0758,calibrated:/Users/let/Documents/DO_A_PAPER_May_18/Papers/Paper_xAI_in_Cyber_2/6_Analysis_Results/xai_surfacebench/data/unsw_nb15/unsw_nb15_score_stream.csv
unsw_nb15_calibrated_anchor,default,default,rtt_uncertainty,xai_gate,2,5000,0.0,0.016768280170569683,0.8665609599999989,0.740137111264761,0.8503995018850447,0.6373085407178812,19.227777964627954,0.8756427777777854,0.01161022805805114,0.16580511402902556,0.21395991706979958,4.714127999999581,0.07064321462290457,0.0,0.0,7.235,45.0508,calibrated:/Users/let/Documents/DO_A_PAPER_May_18/Papers/Paper_xAI_in_Cyber_2/6_Analysis_Results/xai_surfacebench/data/unsw_nb15/unsw_nb15_score_stream.csv
unsw_nb15_calibrated_anchor,default,default,adversarial_explanation_flood,never_explain,3,5000,0.0,0.01301538461538462,0.6768,0.0,0.0,0.0,29582.84534235996,0.0,0.0,0.0,0.0,0.0,0.8002347668338481,0.0,0.0,12.1464,44.9808,calibrated:/Users/let/Documents/DO_A_PAPER_May_18/Papers/Paper_xAI_in_Cyber_2/6_Analysis_Results/xai_surfacebench/data/unsw_nb15/unsw_nb15_score_stream.csv
unsw_nb15_calibrated_anchor,default,default,adversarial_explanation_flood,always_explain,3,5000,0.0,0.019924971463536723,1.0196810000000025,1.0,1.0,0.8499999999999198,0.0,2.8712999999997293,0.0,0.0,0.0,12.1608,0.8025212886586481,0.0424,0.6522,12.1608,44.977,calibrated:/Users/let/Documents/DO_A_PAPER_May_18/Papers/Paper_xAI_in_Cyber_2/6_Analysis_Results/xai_surfacebench/data/unsw_nb15/unsw_nb15_score_stream.csv
unsw_nb15_calibrated_anchor,default,default,adversarial_explanation_flood,threshold_explain,3,5000,0.0,0.016864712527957355,0.8656351999999992,0.8201922127505394,0.9274618706782799,0.6908748313201283,903.3876050460551,2.3082833333331996,0.0,0.0,0.0,9.869903999999735,0.8038974706071793,0.0084,0.5684,12.1532,44.9146,calibrated:/Users/let/Documents/DO_A_PAPER_May_18/Papers/Paper_xAI_in_Cyber_2/6_Analysis_Results/xai_surfacebench/data/unsw_nb15/unsw_nb15_score_stream.csv
unsw_nb15_calibrated_anchor,default,default,adversarial_explanation_flood,rate_limited,3,5000,0.0,0.017991201956251267,0.925506080000005,0.7705350544415372,0.8482667810910167,0.821685470759215,4772.048568660563,2.12776111111101,0.0,0.0,0.0,9.193431999999648,0.8050040685291422,0.0,0.5294,12.1782,44.9794,calibrated:/Users/let/Documents/DO_A_PAPER_May_18/Papers/Paper_xAI_in_Cyber_2/6_Analysis_Results/xai_surfacebench/data/unsw_nb15/unsw_nb15_score_stream.csv
unsw_nb15_calibrated_anchor,default,default,adversarial_explanation_flood,fifo_explanation,3,5000,0.0,0.01856822388098168,0.9536169999999918,0.8778399790479932,0.8606486953711352,0.868324003142731,2815.181827724581,2.5324805555553445,0.0,0.0,0.0,10.7258,0.8107691144890876,0.0,0.6058,12.2184,44.9842,calibrated:/Users/let/Documents/DO_A_PAPER_May_18/Papers/Paper_xAI_in_Cyber_2/6_Analysis_Results/xai_surfacebench/data/unsw_nb15/unsw_nb15_score_stream.csv
unsw_nb15_calibrated_anchor,default,default,adversarial_explanation_flood,static_coarse_full,3,5000,0.0,0.01783352577495606,0.9151850399999998,0.8228613471226777,0.928204098652377,0.6930806577656373,747.9929600564279,2.2917499999998574,0.0,0.0,0.0,9.799847999999724,0.7894190331252169,0.007,0.5628,12.0286,44.8138,calibrated:/Users/let/Documents/DO_A_PAPER_May_18/Papers/Paper_xAI_in_Cyber_2/6_Analysis_Results/xai_surfacebench/data/unsw_nb15/unsw_nb15_score_stream.csv
unsw_nb15_calibrated_anchor,default,default,adversarial_explanation_flood,static_offload,3,5000,0.0,0.014689228301586558,0.7620774400000004,0.742342786683125,0.7824330457160906,1.1173385943280623,191.49668341465838,2.722955555555463,0.8010521989313605,0.0,0.0,1.7211199999999618,0.8042028360021951,0.0,0.6346,12.165,44.9506,calibrated:/Users/let/Documents/DO_A_PAPER_May_18/Papers/Paper_xAI_in_Cyber_2/6_Analysis_Results/xai_surfacebench/data/unsw_nb15/unsw_nb15_score_stream.csv
unsw_nb15_calibrated_anchor,default,default,adversarial_explanation_flood,budget_only_bexgov,3,5000,0.0,0.016582001201567637,0.8551358600000017,0.5958411083772525,0.7374125352193988,0.5658693462357718,7833.1592295388355,0.9072950000000152,0.0,0.6731344022986607,0.10111134963753159,6.167319999999883,0.7996163441550435,0.0,0.0,12.1114,44.8666,calibrated:/Users/let/Documents/DO_A_PAPER_May_18/Papers/Paper_xAI_in_Cyber_2/6_Analysis_Results/xai_surfacebench/data/unsw_nb15/unsw_nb15_score_stream.csv
unsw_nb15_calibrated_anchor,default,default,adversarial_explanation_flood,xai_gate,3,5000,0.0,0.01907418452143965,0.9833389000000005,0.6106726109310064,0.6679318108693555,0.6670885766624083,4390.173860918706,1.0,0.0042056151533571,0.14543871465886876,0.4297879942823168,6.538209499995462,0.7985572185608492,0.003,0.0,12.1742,45.1258,calibrated:/Users/let/Documents/DO_A_PAPER_May_18/Papers/Paper_xAI_in_Cyber_2/6_Analysis_Results/xai_surfacebench/data/unsw_nb15/unsw_nb15_score_stream.csv
unsw_nb15_calibrated_anchor,default,default,transient_overload,never_explain,3,5000,0.24386746519516744,1.022900000000016,53.1908,0.0,0.0,0.0,20560.176487934503,0.0,0.0,0.0,0.0,0.0,0.19665131675162106,0.0,0.0,10.0644,56.0698,calibrated:/Users/let/Documents/DO_A_PAPER_May_18/Papers/Paper_xAI_in_Cyber_2/6_Analysis_Results/xai_surfacebench/data/unsw_nb15/unsw_nb15_score_stream.csv
unsw_nb15_calibrated_anchor,default,default,transient_overload,always_explain,3,5000,0.2515189469897457,1.053309514496,53.32855800000001,1.0,1.0,0.8499999999999412,0.0,2.400399999999834,0.0,0.0,0.0,10.1664,0.20702244289545924,0.2006,0.5266,10.1664,56.1514,calibrated:/Users/let/Documents/DO_A_PAPER_May_18/Papers/Paper_xAI_in_Cyber_2/6_Analysis_Results/xai_surfacebench/data/unsw_nb15/unsw_nb15_score_stream.csv
unsw_nb15_calibrated_anchor,default,default,transient_overload,threshold_explain,3,5000,0.2500591822468235,1.0437580464661234,53.26943692000002,0.641533533769591,0.843463784022491,0.5361905323350714,3005.7790063915654,1.486733333333264,0.0,0.0,0.0,6.410399999999913,0.21000934452774822,0.0982,0.4294,10.1778,56.0756,calibrated:/Users/let/Documents/DO_A_PAPER_May_18/Papers/Paper_xAI_in_Cyber_2/6_Analysis_Results/xai_surfacebench/data/unsw_nb15/unsw_nb15_score_stream.csv
unsw_nb15_calibrated_anchor,default,default,transient_overload,rate_limited,3,5000,0.24931970763921285,1.0355238228941415,53.28251583999995,0.5516713724406344,0.6435343399153588,0.7643009457618277,10491.108641200588,1.1412805555555068,0.0,0.0,0.0,5.2021999999999595,0.2026638266446763,0.0002,0.1722,10.1294,56.1498,calibrated:/Users/let/Documents/DO_A_PAPER_May_18/Papers/Paper_xAI_in_Cyber_2/6_Analysis_Results/xai_surfacebench/data/unsw_nb15/unsw_nb15_score_stream.csv
unsw_nb15_calibrated_anchor,default,default,transient_overload,fifo_explanation,3,5000,0.24807566258702052,1.0392955399459156,53.36054599999995,0.7167089254476483,0.6224247589326443,0.8924936611827957,10462.823195707948,1.721911111111043,0.0,0.0,0.0,7.2928,0.20956008216364252,0.0,0.4456,10.1754,56.0832,calibrated:/Users/let/Documents/DO_A_PAPER_May_18/Papers/Paper_xAI_in_Cyber_2/6_Analysis_Results/xai_surfacebench/data/unsw_nb15/unsw_nb15_score_stream.csv
unsw_nb15_calibrated_anchor,default,default,transient_overload,static_coarse_full,3,5000,0.2474128081341368,1.0438487188330212,53.278214119999994,0.6423429732502318,0.8436179978492435,0.5367987059101916,2932.462931844924,1.482436111111036,0.0,0.0,0.0,6.392751999999888,0.20228493906394318,0.0974,0.4282,10.1384,56.2174,calibrated:/Users/let/Documents/DO_A_PAPER_May_18/Papers/Paper_xAI_in_Cyber_2/6_Analysis_Results/xai_surfacebench/data/unsw_nb15/unsw_nb15_score_stream.csv
unsw_nb15_calibrated_anchor,default,default,transient_overload,static_offload,3,5000,0.2471540536406102,1.0273803433210422,53.24470248000002,0.5753346812186226,0.7107308331808344,0.8518382930277106,2896.397373574351,1.7311833333332953,0.6047817211055276,0.0,0.0,1.1826479999999202,0.20823594563602255,0.0,0.466,10.1888,56.2186,calibrated:/Users/let/Documents/DO_A_PAPER_May_18/Papers/Paper_xAI_in_Cyber_2/6_Analysis_Results/xai_surfacebench/data/unsw_nb15/unsw_nb15_score_stream.csv
unsw_nb15_calibrated_anchor,default,default,transient_overload,budget_only_bexgov,3,5000,0.24789979914458354,1.0362653716799282,53.250935940000005,0.475462840440035,0.6827629326052682,0.4491418640017328,6703.923200872121,0.6491261111111769,0.0,0.57221574862244,0.0,4.127276000000023,0.20211729149082736,0.0002,0.0,10.1266,56.1598,calibrated:/Users/let/Documents/DO_A_PAPER_May_18/Papers/Paper_xAI_in_Cyber_2/6_Analysis_Results/xai_surfacebench/data/unsw_nb15/unsw_nb15_score_stream.csv
unsw_nb15_calibrated_anchor,default,default,transient_overload,xai_gate,3,5000,0.2480027348060401,1.0383296921639877,53.321235439999995,0.6807750069292909,0.7324235018087191,0.7725776887900214,3968.687699379633,1.0,0.23765493208727675,0.15546667722646815,0.5635889795260268,4.241377499994036,0.1985258696585892,0.0186,0.0,10.1012,56.1868,calibrated:/Users/let/Documents/DO_A_PAPER_May_18/Papers/Paper_xAI_in_Cyber_2/6_Analysis_Results/xai_surfacebench/data/unsw_nb15/unsw_nb15_score_stream.csv
unsw_nb15_calibrated_anchor,default,default,non_markovian,never_explain,3,5000,0.13389194761894316,1.2175115384615511,63.3106,0.0,0.0,0.0,18264.00765198689,0.0,0.0,0.0,0.0,0.0,0.13216882240111372,0.0,0.0,9.2906,54.7068,calibrated:/Users/let/Documents/DO_A_PAPER_May_18/Papers/Paper_xAI_in_Cyber_2/6_Analysis_Results/xai_surfacebench/data/unsw_nb15/unsw_nb15_score_stream.csv
unsw_nb15_calibrated_anchor,default,default,non_markovian,always_explain,3,5000,0.14189298313106094,1.3273204848528615,67.90137699999993,1.0,1.0,0.8499999999999469,0.0,2.1998944444443067,0.0,0.0,0.0,9.3172,0.12716063720651083,0.0994,0.5446,9.3172,55.1072,calibrated:/Users/let/Documents/DO_A_PAPER_May_18/Papers/Paper_xAI_in_Cyber_2/6_Analysis_Results/xai_surfacebench/data/unsw_nb15/unsw_nb15_score_stream.csv
unsw_nb15_calibrated_anchor,default,default,non_markovian,threshold_explain,3,5000,0.13837396667372207,1.237061638954191,63.604622479999854,0.6169549913073532,0.8292582561756943,0.5148022150200634,1672.0927946545248,1.3043499999999753,0.0,0.0,0.0,5.634023999999948,0.13352650799096133,0.059,0.2314,9.3182,54.8036,calibrated:/Users/let/Documents/DO_A_PAPER_May_18/Papers/Paper_xAI_in_Cyber_2/6_Analysis_Results/xai_surfacebench/data/unsw_nb15/unsw_nb15_score_stream.csv
unsw_nb15_calibrated_anchor,default,default,non_markovian,rate_limited,3,5000,0.1408900731804292,1.311830963207206,67.68116703999998,0.6359563730044983,0.7268686505627696,0.6852109553171615,4273.610310523405,1.1832444444444348,0.0,0.0,0.0,5.505688000000025,0.13086389681906163,0.0004,0.1546,9.4712,55.8346,calibrated:/Users/let/Documents/DO_A_PAPER_May_18/Papers/Paper_xAI_in_Cyber_2/6_Analysis_Results/xai_surfacebench/data/unsw_nb15/unsw_nb15_score_stream.csv
unsw_nb15_calibrated_anchor,default,default,non_markovian,fifo_explanation,3,5000,0.13739452594477952,1.2779536695626919,65.77154399999993,0.8249576025588734,0.759960738244203,0.876256359616112,2009.4081853887808,1.8147027777776914,0.0,0.0,0.0,7.6858,0.1307610055794095,0.0,0.4558,9.3166,54.9282,calibrated:/Users/let/Documents/DO_A_PAPER_May_18/Papers/Paper_xAI_in_Cyber_2/6_Analysis_Results/xai_surfacebench/data/unsw_nb15/unsw_nb15_score_stream.csv
unsw_nb15_calibrated_anchor,default,default,non_markovian,static_coarse_full,3,5000,0.13637673672143688,1.269980352485243,65.30289955999999,0.6210977204983811,0.8310656497448903,0.5182242189007747,1602.0753378689121,1.314099999999979,0.0,0.0,0.0,5.676551999999957,0.1313815043276234,0.0598,0.238,9.3266,54.957,calibrated:/Users/let/Documents/DO_A_PAPER_May_18/Papers/Paper_xAI_in_Cyber_2/6_Analysis_Results/xai_surfacebench/data/unsw_nb15/unsw_nb15_score_stream.csv
unsw_nb15_calibrated_anchor,default,default,non_markovian,static_offload,3,5000,0.13879795685307075,1.1946298694041715,61.990977519999944,0.5641351815239126,0.703795376438214,0.8324950572490555,1148.0098601368334,1.527227777777753,0.5898711625784865,0.0,0.0,1.059255999999987,0.12313297170145221,0.0,0.3432,9.2054,54.6412,calibrated:/Users/let/Documents/DO_A_PAPER_May_18/Papers/Paper_xAI_in_Cyber_2/6_Analysis_Results/xai_surfacebench/data/unsw_nb15/unsw_nb15_score_stream.csv
unsw_nb15_calibrated_anchor,default,default,non_markovian,budget_only_bexgov,3,5000,0.13610721693075412,1.2261009312660032,63.30379145999999,0.4594593434885291,0.6733648550103934,0.4346030894657801,5771.1923690319245,0.5767250000000549,0.0,0.5503110920403347,0.0,3.6683520000000565,0.13265364394433465,0.002,0.0,9.322,54.8682,calibrated:/Users/let/Documents/DO_A_PAPER_May_18/Papers/Paper_xAI_in_Cyber_2/6_Analysis_Results/xai_surfacebench/data/unsw_nb15/unsw_nb15_score_stream.csv
unsw_nb15_calibrated_anchor,default,default,non_markovian,xai_gate,3,5000,0.13650389396073848,1.2644374872376112,65.37987236000015,0.6794334804813369,0.7524979911000979,0.7433370120314937,767.6488457443526,0.9553611111112439,0.2180818834934649,0.17097290746992122,0.4595559594910413,4.0071919999997,0.1272800453722145,0.0054,0.0,9.2424,54.659,calibrated:/Users/let/Documents/DO_A_PAPER_May_18/Papers/Paper_xAI_in_Cyber_2/6_Analysis_Results/xai_surfacebench/data/unsw_nb15/unsw_nb15_score_stream.csv
unsw_nb15_calibrated_anchor,default,default,rtt_uncertainty,never_explain,3,5000,0.0,0.014615384615384619,0.76,0.0,0.0,0.0,12376.396514660115,0.0,0.0,0.0,0.0,0.0,0.0836107321105608,0.0,0.0,7.3146,45.0014,calibrated:/Users/let/Documents/DO_A_PAPER_May_18/Papers/Paper_xAI_in_Cyber_2/6_Analysis_Results/xai_surfacebench/data/unsw_nb15/unsw_nb15_score_stream.csv
unsw_nb15_calibrated_anchor,default,default,rtt_uncertainty,always_explain,3,5000,0.0,0.017151654070183788,0.8833310000000003,1.0,1.0,0.8499999999999621,0.0,1.7279555555554786,0.0,0.0,0.0,7.3184,0.0833551680085729,0.0,0.4204,7.3184,45.0354,calibrated:/Users/let/Documents/DO_A_PAPER_May_18/Papers/Paper_xAI_in_Cyber_2/6_Analysis_Results/xai_surfacebench/data/unsw_nb15/unsw_nb15_score_stream.csv
unsw_nb15_calibrated_anchor,default,default,rtt_uncertainty,threshold_explain,3,5000,0.0,0.015188243183234616,0.7852424399999992,0.6037226257214853,0.8211335251665209,0.5032407279555965,5.037027713436494,0.9897805555555795,0.0,0.0,0.0,4.280071999999993,0.07875337566601148,0.0,0.0,7.2422,44.7566,calibrated:/Users/let/Documents/DO_A_PAPER_May_18/Papers/Paper_xAI_in_Cyber_2/6_Analysis_Results/xai_surfacebench/data/unsw_nb15/unsw_nb15_score_stream.csv
unsw_nb15_calibrated_anchor,default,default,rtt_uncertainty,rate_limited,3,5000,0.0,0.01760124027096078,0.9091222000000001,0.7633004993689642,0.8683625167444736,0.591782362947919,0.1982542179013922,1.0675194444444585,0.0,0.0,0.0,5.030560000000062,0.08035683849041364,0.0,0.0646,7.2892,44.9802,calibrated:/Users/let/Documents/DO_A_PAPER_May_18/Papers/Paper_xAI_in_Cyber_2/6_Analysis_Results/xai_surfacebench/data/unsw_nb15/unsw_nb15_score_stream.csv
unsw_nb15_calibrated_anchor,default,default,rtt_uncertainty,fifo_explanation,3,5000,0.0,0.01848079793892216,0.9519049999999981,0.9919042686583438,0.9888376394121172,0.8512143597012072,0.0929289722791033,1.7183694444443625,0.0,0.0,0.0,7.2778,0.08329974413148866,0.0,0.4186,7.3372,45.1534,calibrated:/Users/let/Documents/DO_A_PAPER_May_18/Papers/Paper_xAI_in_Cyber_2/6_Analysis_Results/xai_surfacebench/data/unsw_nb15/unsw_nb15_score_stream.csv
unsw_nb15_calibrated_anchor,default,default,rtt_uncertainty,static_coarse_full,3,5000,0.0,0.015137992715452278,0.7827135199999988,0.6018277588293733,0.8193031236704618,0.5013890416987591,5.587591392883913,0.9894527777778,0.0,0.0,0.0,4.281183999999992,0.07570404824039656,0.0,0.0,7.2712,45.0632,calibrated:/Users/let/Documents/DO_A_PAPER_May_18/Papers/Paper_xAI_in_Cyber_2/6_Analysis_Results/xai_surfacebench/data/unsw_nb15/unsw_nb15_score_stream.csv
unsw_nb15_calibrated_anchor,default,default,rtt_uncertainty,static_offload,3,5000,0.0,0.014599844930987834,0.7583809600000012,0.5500368188512706,0.695853317552272,1.0005803036740921,3.0371501290060636,1.1820944444444406,0.5726013200240004,0.0,0.0,0.8301520000000292,0.08612002239422711,0.0,0.1552,7.3332,45.0116,calibrated:/Users/let/Documents/DO_A_PAPER_May_18/Papers/Paper_xAI_in_Cyber_2/6_Analysis_Results/xai_surfacebench/data/unsw_nb15/unsw_nb15_score_stream.csv
unsw_nb15_calibrated_anchor,default,default,rtt_uncertainty,budget_only_bexgov,3,5000,0.0,0.015168845899820305,0.7857648400000007,0.45960702022129446,0.6766543696550334,0.4284106393415894,2590.518986417505,0.45483555555557986,0.0,0.539625006813103,0.0,2.8852120000000467,0.08605186671639276,0.0,0.0,7.3388,45.0488,calibrated:/Users/let/Documents/DO_A_PAPER_May_18/Papers/Paper_xAI_in_Cyber_2/6_Analysis_Results/xai_surfacebench/data/unsw_nb15/unsw_nb15_score_stream.csv
unsw_nb15_calibrated_anchor,default,default,rtt_uncertainty,xai_gate,3,5000,0.0,0.01579544438810465,0.8162639600000002,0.7376840721777236,0.8489509515919667,0.6344958496369252,19.63053983103861,0.8753050000000102,0.010815695079543277,0.16576764053558227,0.21784726595657294,4.7403359999995835,0.08498735899561027,0.0,0.0,7.3042,44.8804,calibrated:/Users/let/Documents/DO_A_PAPER_May_18/Papers/Paper_xAI_in_Cyber_2/6_Analysis_Results/xai_surfacebench/data/unsw_nb15/unsw_nb15_score_stream.csv
unsw_nb15_calibrated_anchor,default,default,adversarial_explanation_flood,never_explain,4,5000,0.0,0.015303846153846144,0.7958,0.0,0.0,0.0,29574.410850398148,0.0,0.0,0.0,0.0,0.0,0.7990970721541961,0.0,0.0,12.1384,44.9796,calibrated:/Users/let/Documents/DO_A_PAPER_May_18/Papers/Paper_xAI_in_Cyber_2/6_Analysis_Results/xai_surfacebench/data/unsw_nb15/unsw_nb15_score_stream.csv
unsw_nb15_calibrated_anchor,default,default,adversarial_explanation_flood,always_explain,4,5000,0.0,0.02104983218621947,1.0770330000000023,1.0,1.0,0.8499999999999259,0.0,2.8721027777775276,0.0,0.0,0.0,12.1642,0.7979723627634869,0.0384,0.6538,12.1642,45.1034,calibrated:/Users/let/Documents/DO_A_PAPER_May_18/Papers/Paper_xAI_in_Cyber_2/6_Analysis_Results/xai_surfacebench/data/unsw_nb15/unsw_nb15_score_stream.csv
unsw_nb15_calibrated_anchor,default,default,adversarial_explanation_flood,threshold_explain,4,5000,0.0,0.0173029061002011,0.8880021200000001,0.8224194186276349,0.9277957447844768,0.6926240854261199,791.8628442733319,2.310516666666523,0.0,0.0,0.0,9.881375999999712,0.8009579942662814,0.0086,0.568,12.1368,44.9272,calibrated:/Users/let/Documents/DO_A_PAPER_May_18/Papers/Paper_xAI_in_Cyber_2/6_Analysis_Results/xai_surfacebench/data/unsw_nb15/unsw_nb15_score_stream.csv
unsw_nb15_calibrated_anchor,default,default,adversarial_explanation_flood,rate_limited,4,5000,0.0,0.015983541144356215,0.8223130000000025,0.7697388519339653,0.8464186448470616,0.820655333826054,5070.579924313693,2.123652777777662,0.0,0.0,0.0,9.17934399999963,0.803006343170874,0.0,0.5298,12.177,45.0248,calibrated:/Users/let/Documents/DO_A_PAPER_May_18/Papers/Paper_xAI_in_Cyber_2/6_Analysis_Results/xai_surfacebench/data/unsw_nb15/unsw_nb15_score_stream.csv
unsw_nb15_calibrated_anchor,default,default,adversarial_explanation_flood,fifo_explanation,4,5000,0.0,0.019585687584829026,1.0059259999999908,0.8814479039142376,0.8646665417349594,0.8677828144127923,2398.103047186648,2.515999999999795,0.0,0.0,0.0,10.656,0.7901810438527133,0.0,0.603,12.0892,45.0204,calibrated:/Users/let/Documents/DO_A_PAPER_May_18/Papers/Paper_xAI_in_Cyber_2/6_Analysis_Results/xai_surfacebench/data/unsw_nb15/unsw_nb15_score_stream.csv
unsw_nb15_calibrated_anchor,default,default,adversarial_explanation_flood,static_coarse_full,4,5000,0.0,0.018797392975386226,0.9647630400000002,0.8222703310141847,0.9277812782419512,0.6925096263489084,808.1992052378678,2.303591666666529,0.0,0.0,0.0,9.85159199999972,0.7946733101996037,0.0088,0.565,12.1022,44.956,calibrated:/Users/let/Documents/DO_A_PAPER_May_18/Papers/Paper_xAI_in_Cyber_2/6_Analysis_Results/xai_surfacebench/data/unsw_nb15/unsw_nb15_score_stream.csv
unsw_nb15_calibrated_anchor,default,default,adversarial_explanation_flood,static_offload,4,5000,0.0,0.01515911424431634,0.7865024800000008,0.7406033338250643,0.7815723827849305,1.1142375964990698,270.1292342536414,2.7233944444443474,0.7986264771926374,0.0,0.0,1.7250159999999628,0.8089714738087397,0.0,0.6346,12.2022,44.9692,calibrated:/Users/let/Documents/DO_A_PAPER_May_18/Papers/Paper_xAI_in_Cyber_2/6_Analysis_Results/xai_surfacebench/data/unsw_nb15/unsw_nb15_score_stream.csv
unsw_nb15_calibrated_anchor,default,default,adversarial_explanation_flood,budget_only_bexgov,4,5000,0.0,0.016628241899396944,0.8576955000000007,0.5950770926922614,0.7367788288720151,0.5650877885833643,7909.748307474424,0.9078194444444567,0.0,0.6706488292113014,0.10279574138980764,6.179475999999869,0.7992228266903543,0.0,0.0,12.1542,45.035,calibrated:/Users/let/Documents/DO_A_PAPER_May_18/Papers/Paper_xAI_in_Cyber_2/6_Analysis_Results/xai_surfacebench/data/unsw_nb15/unsw_nb15_score_stream.csv
unsw_nb15_calibrated_anchor,default,default,adversarial_explanation_flood,xai_gate,4,5000,0.0,0.016180466537263297,0.8339822199999996,0.6136348998481669,0.6711834200939429,0.6675757107797347,4295.461722824468,1.0,0.0042169071621532585,0.1510838769190222,0.4313414212288563,6.55074049999568,0.8021917344625971,0.003,0.0,12.1416,44.9142,calibrated:/Users/let/Documents/DO_A_PAPER_May_18/Papers/Paper_xAI_in_Cyber_2/6_Analysis_Results/xai_surfacebench/data/unsw_nb15/unsw_nb15_score_stream.csv
unsw_nb15_calibrated_anchor,default,default,transient_overload,never_explain,4,5000,0.24511668661309627,1.0244692307692462,53.2724,0.0,0.0,0.0,20619.082926711148,0.0,0.0,0.0,0.0,0.0,0.19790182557321967,0.0,0.0,10.0894,56.1504,calibrated:/Users/let/Documents/DO_A_PAPER_May_18/Papers/Paper_xAI_in_Cyber_2/6_Analysis_Results/xai_surfacebench/data/unsw_nb15/unsw_nb15_score_stream.csv
unsw_nb15_calibrated_anchor,default,default,transient_overload,always_explain,4,5000,0.2503453476983345,1.052879353390043,53.31630700000001,1.0,1.0,0.8499999999999435,0.0,2.388027777777619,0.0,0.0,0.0,10.114,0.20072418603271092,0.1974,0.5262,10.114,56.155,calibrated:/Users/let/Documents/DO_A_PAPER_May_18/Papers/Paper_xAI_in_Cyber_2/6_Analysis_Results/xai_surfacebench/data/unsw_nb15/unsw_nb15_score_stream.csv
unsw_nb15_calibrated_anchor,default,default,transient_overload,threshold_explain,4,5000,0.24797351564951906,1.044621366645938,53.326864479999955,0.6382444584681061,0.8404967759234117,0.533001695984844,2974.1335432762926,1.4712083333332666,0.0,0.0,0.0,6.3491279999999115,0.20564542973171118,0.0946,0.4266,10.1416,56.0784,calibrated:/Users/let/Documents/DO_A_PAPER_May_18/Papers/Paper_xAI_in_Cyber_2/6_Analysis_Results/xai_surfacebench/data/unsw_nb15/unsw_nb15_score_stream.csv
unsw_nb15_calibrated_anchor,default,default,transient_overload,rate_limited,4,5000,0.24841577884256202,1.0345153888767602,53.22998324000001,0.5542154058585842,0.6468840853094322,0.7643199526580401,10383.436276064283,1.1489194444443924,0.0,0.0,0.0,5.233935999999949,0.20399232883869978,0.0,0.1902,10.139,56.141,calibrated:/Users/let/Documents/DO_A_PAPER_May_18/Papers/Paper_xAI_in_Cyber_2/6_Analysis_Results/xai_surfacebench/data/unsw_nb15/unsw_nb15_score_stream.csv
unsw_nb15_calibrated_anchor,default,default,transient_overload,fifo_explanation,4,5000,0.248605270819139,1.0378740192979707,53.28761600000003,0.7182600797693797,0.6246312363675787,0.8922609880345328,10358.20194035733,1.7178027777776959,0.0,0.0,0.0,7.2754,0.1987332424448982,0.0,0.4448,10.1292,56.3328,calibrated:/Users/let/Documents/DO_A_PAPER_May_18/Papers/Paper_xAI_in_Cyber_2/6_Analysis_Results/xai_surfacebench/data/unsw_nb15/unsw_nb15_score_stream.csv
unsw_nb15_calibrated_anchor,default,default,transient_overload,static_coarse_full,4,5000,0.2500847582690861,1.044774096076582,53.32188915999996,0.6398148148148305,0.8414951676463747,0.534394784741995,2899.403196244408,1.4705472222221523,0.0,0.0,0.0,6.3452239999999165,0.19881740590656616,0.0984,0.4276,10.1088,56.2154,calibrated:/Users/let/Documents/DO_A_PAPER_May_18/Papers/Paper_xAI_in_Cyber_2/6_Analysis_Results/xai_surfacebench/data/unsw_nb15/unsw_nb15_score_stream.csv
unsw_nb15_calibrated_anchor,default,default,transient_overload,static_offload,4,5000,0.24594494530695488,1.0280040257593597,53.27754732000001,0.5822170465807996,0.71355472833068,0.8619371655104713,2798.9283086094815,1.734672222222178,0.6119127849355798,0.0,0.0,1.1856079999999187,0.1995496636148888,0.0,0.4638,10.09,56.0766,calibrated:/Users/let/Documents/DO_A_PAPER_May_18/Papers/Paper_xAI_in_Cyber_2/6_Analysis_Results/xai_surfacebench/data/unsw_nb15/unsw_nb15_score_stream.csv
unsw_nb15_calibrated_anchor,default,default,transient_overload,budget_only_bexgov,4,5000,0.24762026341149998,1.0386451313602996,53.373324960000055,0.47700262404580995,0.6836590525692786,0.4501023775445224,6541.435901714969,0.6479850000000669,0.0,0.5721612595419847,0.0,4.114655999999967,0.19698754327729873,0.0002,0.0,10.0608,56.034,calibrated:/Users/let/Documents/DO_A_PAPER_May_18/Papers/Paper_xAI_in_Cyber_2/6_Analysis_Results/xai_surfacebench/data/unsw_nb15/unsw_nb15_score_stream.csv
unsw_nb15_calibrated_anchor,default,default,transient_overload,xai_gate,4,5000,0.24791541773870807,1.0361294309507487,53.21168363499963,0.6807428214725956,0.7322738332818453,0.7735200542966316,3935.8271833619156,1.0,0.23890771456314527,0.15595584883974398,0.5637546321055623,4.228836999994181,0.20218696397941494,0.0188,0.0,10.0926,55.968,calibrated:/Users/let/Documents/DO_A_PAPER_May_18/Papers/Paper_xAI_in_Cyber_2/6_Analysis_Results/xai_surfacebench/data/unsw_nb15/unsw_nb15_score_stream.csv
unsw_nb15_calibrated_anchor,default,default,non_markovian,never_explain,4,5000,0.13186472117547396,1.2312576923077043,64.0254,0.0,0.0,0.0,18260.663400154834,0.0,0.0,0.0,0.0,0.0,0.13445603170430287,0.0,0.0,9.3206,54.7728,calibrated:/Users/let/Documents/DO_A_PAPER_May_18/Papers/Paper_xAI_in_Cyber_2/6_Analysis_Results/xai_surfacebench/data/unsw_nb15/unsw_nb15_score_stream.csv
unsw_nb15_calibrated_anchor,default,default,non_markovian,always_explain,4,5000,0.13801288202360687,1.3841178765148028,70.84513499999996,1.0,1.0,0.8499999999999559,0.0,2.218122222222107,0.0,0.0,0.0,9.3944,0.12964512808672968,0.095,0.5482,9.3944,55.4416,calibrated:/Users/let/Documents/DO_A_PAPER_May_18/Papers/Paper_xAI_in_Cyber_2/6_Analysis_Results/xai_surfacebench/data/unsw_nb15/unsw_nb15_score_stream.csv
unsw_nb15_calibrated_anchor,default,default,non_markovian,threshold_explain,4,5000,0.13879359130796942,1.3159012228646534,67.69053083999995,0.6172376479754367,0.8278639456612518,0.5145984374661793,1527.672555879476,1.2917861111110869,0.0,0.0,0.0,5.584935999999956,0.12539973647228653,0.0556,0.2218,9.2414,54.7444,calibrated:/Users/let/Documents/DO_A_PAPER_May_18/Papers/Paper_xAI_in_Cyber_2/6_Analysis_Results/xai_surfacebench/data/unsw_nb15/unsw_nb15_score_stream.csv
unsw_nb15_calibrated_anchor,default,default,non_markovian,rate_limited,4,5000,0.1416136609959584,1.1687478772525555,60.28467315999991,0.6267471560420925,0.7169834144515317,0.6873213135865972,4291.234649974313,1.1446249999999991,0.0,0.0,0.0,5.332512000000052,0.13804992616965084,0.0002,0.1272,9.318,54.5846,calibrated:/Users/let/Documents/DO_A_PAPER_May_18/Papers/Paper_xAI_in_Cyber_2/6_Analysis_Results/xai_surfacebench/data/unsw_nb15/unsw_nb15_score_stream.csv
unsw_nb15_calibrated_anchor,default,default,non_markovian,fifo_explanation,4,5000,0.13322993471862038,1.282953565657147,66.028109,0.8342454537619581,0.7733770936226818,0.8748631819356582,1665.6267407370542,1.8283972222221434,0.0,0.0,0.0,7.7438,0.1271724030736643,0.0,0.4478,9.2824,54.9008,calibrated:/Users/let/Documents/DO_A_PAPER_May_18/Papers/Paper_xAI_in_Cyber_2/6_Analysis_Results/xai_surfacebench/data/unsw_nb15/unsw_nb15_score_stream.csv
unsw_nb15_calibrated_anchor,default,default,non_markovian,static_coarse_full,4,5000,0.14004412046113468,1.2866165993698895,66.15829803999978,0.6169018398428621,0.8292409810498251,0.5147525400815298,1817.3390233773366,1.3252027777777478,0.0,0.0,0.0,5.724159999999944,0.1395017733633226,0.0568,0.2452,9.4682,55.3938,calibrated:/Users/let/Documents/DO_A_PAPER_May_18/Papers/Paper_xAI_in_Cyber_2/6_Analysis_Results/xai_surfacebench/data/unsw_nb15/unsw_nb15_score_stream.csv
unsw_nb15_calibrated_anchor,default,default,non_markovian,static_offload,4,5000,0.1324353791350828,1.2420494324991143,64.45666639999995,0.5597939812318262,0.7016785533739655,0.8257648581599125,1307.2682775229516,1.5255166666666378,0.5849638658181426,0.0,0.0,1.0599599999999858,0.12675268926978123,0.0,0.3516,9.271,54.8538,calibrated:/Users/let/Documents/DO_A_PAPER_May_18/Papers/Paper_xAI_in_Cyber_2/6_Analysis_Results/xai_surfacebench/data/unsw_nb15/unsw_nb15_score_stream.csv
unsw_nb15_calibrated_anchor,default,default,non_markovian,budget_only_bexgov,4,5000,0.13613511513734258,1.1657557819744029,60.18182066000003,0.45583326062298984,0.670524449500199,0.42935062385481393,5681.197192427082,0.5620494444444964,0.0,0.5425137422563476,0.0,3.5760120000000657,0.12731193742292457,0.0018,0.0,9.1688,54.2222,calibrated:/Users/let/Documents/DO_A_PAPER_May_18/Papers/Paper_xAI_in_Cyber_2/6_Analysis_Results/xai_surfacebench/data/unsw_nb15/unsw_nb15_score_stream.csv
unsw_nb15_calibrated_anchor,default,default,non_markovian,xai_gate,4,5000,0.1376928017316521,1.2193919971982425,63.03829088000002,0.6783993681432418,0.7528987606904292,0.74129314262219,745.518718560378,0.9523005555556879,0.21532901997273496,0.18181031311535714,0.451734360461342,4.01544799999969,0.11891548995680745,0.006,0.0,9.2426,55.0688,calibrated:/Users/let/Documents/DO_A_PAPER_May_18/Papers/Paper_xAI_in_Cyber_2/6_Analysis_Results/xai_surfacebench/data/unsw_nb15/unsw_nb15_score_stream.csv
unsw_nb15_calibrated_anchor,default,default,rtt_uncertainty,never_explain,4,5000,0.0,0.01346153846153846,0.7,0.0,0.0,0.0,12280.919484258462,0.0,0.0,0.0,0.0,0.0,0.07868537257010577,0.0,0.0,7.282,45.0054,calibrated:/Users/let/Documents/DO_A_PAPER_May_18/Papers/Paper_xAI_in_Cyber_2/6_Analysis_Results/xai_surfacebench/data/unsw_nb15/unsw_nb15_score_stream.csv
unsw_nb15_calibrated_anchor,default,default,rtt_uncertainty,always_explain,4,5000,0.0,0.02071402389663429,1.0667969999999982,1.0,1.0,0.8499999999999642,0.0,1.7363611111110382,0.0,0.0,0.0,7.354,0.08752876316894653,0.0004,0.426,7.354,45.0808,calibrated:/Users/let/Documents/DO_A_PAPER_May_18/Papers/Paper_xAI_in_Cyber_2/6_Analysis_Results/xai_surfacebench/data/unsw_nb15/unsw_nb15_score_stream.csv
unsw_nb15_calibrated_anchor,default,default,rtt_uncertainty,threshold_explain,4,5000,0.0,0.01703911927441127,0.88112832,0.6031190744455952,0.8216193704132562,0.5029583115776757,6.611236899885976,0.994602777777796,0.0,0.0,0.0,4.298871999999988,0.07536795941918473,0.0,0.0,7.2778,45.1182,calibrated:/Users/let/Documents/DO_A_PAPER_May_18/Papers/Paper_xAI_in_Cyber_2/6_Analysis_Results/xai_surfacebench/data/unsw_nb15/unsw_nb15_score_stream.csv
unsw_nb15_calibrated_anchor,default,default,rtt_uncertainty,rate_limited,4,5000,0.0,0.017434031454808173,0.90052896,0.7641874297618392,0.8689308325607162,0.5929199901323848,0.20788972690457422,1.0711972222222321,0.0,0.0,0.0,5.04444800000005,0.0807952434699919,0.0,0.0682,7.2966,45.0076,calibrated:/Users/let/Documents/DO_A_PAPER_May_18/Papers/Paper_xAI_in_Cyber_2/6_Analysis_Results/xai_surfacebench/data/unsw_nb15/unsw_nb15_score_stream.csv
unsw_nb15_calibrated_anchor,default,default,rtt_uncertainty,fifo_explanation,4,5000,0.0,0.0161448796715504,0.8317210000000006,0.991397553937062,0.988086867569642,0.851290366909406,0.1124924954214395,1.7033999999999316,0.0,0.0,0.0,7.2144,0.08059546348888103,0.0,0.4148,7.277,44.895,calibrated:/Users/let/Documents/DO_A_PAPER_May_18/Papers/Paper_xAI_in_Cyber_2/6_Analysis_Results/xai_surfacebench/data/unsw_nb15/unsw_nb15_score_stream.csv
unsw_nb15_calibrated_anchor,default,default,rtt_uncertainty,static_coarse_full,4,5000,0.0,0.018362308763894133,0.9494917999999987,0.6035764930461068,0.8198025912153952,0.5027529315516787,9.02832702402821,1.000494444444466,0.0,0.0,0.0,4.329832000000002,0.0838402288862532,0.0,0.0008,7.334,45.1112,calibrated:/Users/let/Documents/DO_A_PAPER_May_18/Papers/Paper_xAI_in_Cyber_2/6_Analysis_Results/xai_surfacebench/data/unsw_nb15/unsw_nb15_score_stream.csv
unsw_nb15_calibrated_anchor,default,default,rtt_uncertainty,static_offload,4,5000,0.0,0.013899290148519977,0.7219930800000014,0.5473571978868783,0.6953026669044473,0.9970860980648488,3.3381391581486533,1.167505555555554,0.5707406999779882,0.0,0.0,0.8161520000000296,0.07982999154711812,0.0,0.1438,7.2688,44.8762,calibrated:/Users/let/Documents/DO_A_PAPER_May_18/Papers/Paper_xAI_in_Cyber_2/6_Analysis_Results/xai_surfacebench/data/unsw_nb15/unsw_nb15_score_stream.csv
unsw_nb15_calibrated_anchor,default,default,rtt_uncertainty,budget_only_bexgov,4,5000,0.0,0.015830469282582128,0.8200742200000001,0.4561999342501815,0.6746377424003411,0.4244507150293213,2485.5052867878644,0.4516705555555808,0.0,0.5292312749986302,0.0,2.8514320000000466,0.08337043302763081,0.0,0.0,7.3004,44.924,calibrated:/Users/let/Documents/DO_A_PAPER_May_18/Papers/Paper_xAI_in_Cyber_2/6_Analysis_Results/xai_surfacebench/data/unsw_nb15/unsw_nb15_score_stream.csv
unsw_nb15_calibrated_anchor,default,default,rtt_uncertainty,xai_gate,4,5000,0.0,0.016254234788978326,0.840134940000001,0.7357430618965323,0.8473650783998521,0.6308615189477225,5.005330432588744,0.8691494444444525,0.012506571483910241,0.15951412523173128,0.20386818295011205,4.663915999999601,0.07506826821824508,0.0,0.0,7.2282,44.8232,calibrated:/Users/let/Documents/DO_A_PAPER_May_18/Papers/Paper_xAI_in_Cyber_2/6_Analysis_Results/xai_surfacebench/data/unsw_nb15/unsw_nb15_score_stream.csv
unsw_nb15_calibrated_anchor,default,default,adversarial_explanation_flood,never_explain,5,5000,0.0,0.014700000000000003,0.7644,0.0,0.0,0.0,29266.515743673837,0.0,0.0,0.0,0.0,0.0,0.7935528884336496,0.0,0.0,12.082,44.909,calibrated:/Users/let/Documents/DO_A_PAPER_May_18/Papers/Paper_xAI_in_Cyber_2/6_Analysis_Results/xai_surfacebench/data/unsw_nb15/unsw_nb15_score_stream.csv
unsw_nb15_calibrated_anchor,default,default,adversarial_explanation_flood,always_explain,5,5000,0.0,0.020439655461142313,1.04571,1.0,1.0,0.8499999999999229,0.0,2.886741666666405,0.0,0.0,0.0,12.2262,0.8123521354750372,0.043,0.651,12.2262,44.9736,calibrated:/Users/let/Documents/DO_A_PAPER_May_18/Papers/Paper_xAI_in_Cyber_2/6_Analysis_Results/xai_surfacebench/data/unsw_nb15/unsw_nb15_score_stream.csv
unsw_nb15_calibrated_anchor,default,default,adversarial_explanation_flood,threshold_explain,5,5000,0.0,0.018818027542406482,0.9658235600000021,0.822250970245782,0.9279591873367288,0.6925516236264879,904.5197103427055,2.3251249999998573,0.0,0.0,0.0,9.942791999999718,0.8112360283725861,0.0108,0.5664,12.2134,44.9542,calibrated:/Users/let/Documents/DO_A_PAPER_May_18/Papers/Paper_xAI_in_Cyber_2/6_Analysis_Results/xai_surfacebench/data/unsw_nb15/unsw_nb15_score_stream.csv
unsw_nb15_calibrated_anchor,default,default,adversarial_explanation_flood,rate_limited,5,5000,0.0,0.018106862095172926,0.9313983200000041,0.7715853517972605,0.8490747387635614,0.8201264593041326,4766.842952675049,2.1232249999998993,0.0,0.0,0.0,9.177791999999638,0.8015829224735789,0.0002,0.5272,12.1462,44.9464,calibrated:/Users/let/Documents/DO_A_PAPER_May_18/Papers/Paper_xAI_in_Cyber_2/6_Analysis_Results/xai_surfacebench/data/unsw_nb15/unsw_nb15_score_stream.csv
unsw_nb15_calibrated_anchor,default,default,adversarial_explanation_flood,fifo_explanation,5,5000,0.0,0.019376395709201525,0.9951789999999915,0.8810319719335408,0.8641723435557719,0.8678452042098973,2443.970268020181,2.514063888888685,0.0,0.0,0.0,10.6478,0.7907378184754665,0.0,0.6018,12.0856,44.993,calibrated:/Users/let/Documents/DO_A_PAPER_May_18/Papers/Paper_xAI_in_Cyber_2/6_Analysis_Results/xai_surfacebench/data/unsw_nb15/unsw_nb15_score_stream.csv
unsw_nb15_calibrated_anchor,default,default,adversarial_explanation_flood,static_coarse_full,5,5000,0.0,0.019892417627789195,1.0210625600000005,0.8195059988198907,0.9264727939386682,0.6900519569920456,993.1461808189115,2.313919444444294,0.0,0.0,0.0,9.89773599999972,0.8034667045024568,0.0066,0.5688,12.2024,45.1072,calibrated:/Users/let/Documents/DO_A_PAPER_May_18/Papers/Paper_xAI_in_Cyber_2/6_Analysis_Results/xai_surfacebench/data/unsw_nb15/unsw_nb15_score_stream.csv
unsw_nb15_calibrated_anchor,default,default,adversarial_explanation_flood,static_offload,5,5000,0.0,0.01453005268123811,0.7538658799999998,0.7433132351487812,0.7824738748020735,1.1184217982933857,134.23457007244068,2.719844444444351,0.8016704556686765,0.0,0.0,1.7219679999999598,0.7977947382917665,0.0,0.6316,12.1404,45.0196,calibrated:/Users/let/Documents/DO_A_PAPER_May_18/Papers/Paper_xAI_in_Cyber_2/6_Analysis_Results/xai_surfacebench/data/unsw_nb15/unsw_nb15_score_stream.csv
unsw_nb15_calibrated_anchor,default,default,adversarial_explanation_flood,budget_only_bexgov,5,5000,0.0,0.016981675124194066,0.8759035600000007,0.5939254948379293,0.7363712740613331,0.5639590320247184,8087.697608477613,0.9071283333333491,0.0,0.6720260406391794,0.1001676859341093,6.172043999999872,0.8025674762632891,0.0,0.0,12.1656,44.9936,calibrated:/Users/let/Documents/DO_A_PAPER_May_18/Papers/Paper_xAI_in_Cyber_2/6_Analysis_Results/xai_surfacebench/data/unsw_nb15/unsw_nb15_score_stream.csv
unsw_nb15_calibrated_anchor,default,default,adversarial_explanation_flood,xai_gate,5,5000,0.0,0.01754434872003926,0.9042097000000018,0.6108125822365565,0.6669489325848827,0.6699141036186832,4444.779045407781,1.0,0.004490131578947369,0.1452467105263158,0.43113898026252845,6.532854999995706,0.8001613631485109,0.0026,0.0,12.16,45.033,calibrated:/Users/let/Documents/DO_A_PAPER_May_18/Papers/Paper_xAI_in_Cyber_2/6_Analysis_Results/xai_surfacebench/data/unsw_nb15/unsw_nb15_score_stream.csv
unsw_nb15_calibrated_anchor,default,default,transient_overload,never_explain,5,5000,0.24394704352435947,1.0248423076923237,53.2918,0.0,0.0,0.0,20732.460979780313,0.0,0.0,0.0,0.0,0.0,0.2028705512326534,0.0,0.0,10.1424,56.2122,calibrated:/Users/let/Documents/DO_A_PAPER_May_18/Papers/Paper_xAI_in_Cyber_2/6_Analysis_Results/xai_surfacebench/data/unsw_nb15/unsw_nb15_score_stream.csv
unsw_nb15_calibrated_anchor,default,default,transient_overload,always_explain,5,5000,0.25080340666886,1.0524314046484569,53.287671999999986,1.0,1.0,0.8499999999999461,0.0,2.387319444444293,0.0,0.0,0.0,10.111,0.20529179242898632,0.199,0.5236,10.111,55.9256,calibrated:/Users/let/Documents/DO_A_PAPER_May_18/Papers/Paper_xAI_in_Cyber_2/6_Analysis_Results/xai_surfacebench/data/unsw_nb15/unsw_nb15_score_stream.csv
unsw_nb15_calibrated_anchor,default,default,transient_overload,threshold_explain,5,5000,0.25090417450569713,1.0436269319753448,53.25763807999998,0.6427391889751455,0.8429425303352832,0.5368782670679417,2959.8084809475204,1.4763444444443663,0.0,0.0,0.0,6.369711999999904,0.1951770733496656,0.1016,0.4286,10.1008,56.342,calibrated:/Users/let/Documents/DO_A_PAPER_May_18/Papers/Paper_xAI_in_Cyber_2/6_Analysis_Results/xai_surfacebench/data/unsw_nb15/unsw_nb15_score_stream.csv
unsw_nb15_calibrated_anchor,default,default,transient_overload,rate_limited,5,5000,0.2480277952685768,1.0348501341096064,53.24793415999999,0.5576262776620187,0.6501073754591139,0.7649151533194268,10276.08148149271,1.1512916666666138,0.0,0.0,0.0,5.239079999999945,0.19765389620808738,0.0002,0.1864,10.077,56.093,calibrated:/Users/let/Documents/DO_A_PAPER_May_18/Papers/Paper_xAI_in_Cyber_2/6_Analysis_Results/xai_surfacebench/data/unsw_nb15/unsw_nb15_score_stream.csv
unsw_nb15_calibrated_anchor,default,default,transient_overload,fifo_explanation,5,5000,0.24640564559217076,1.0387355729322443,53.331713999999884,0.720252089219037,0.6269387426075167,0.8919621866170873,10287.30067927982,1.721580555555481,0.0,0.0,0.0,7.2914,0.20194716533096257,0.0,0.4454,10.1234,56.15,calibrated:/Users/let/Documents/DO_A_PAPER_May_18/Papers/Paper_xAI_in_Cyber_2/6_Analysis_Results/xai_surfacebench/data/unsw_nb15/unsw_nb15_score_stream.csv
unsw_nb15_calibrated_anchor,default,default,transient_overload,static_coarse_full,5,5000,0.24930411069078473,1.0464066482379915,53.40826819999998,0.6415220781271739,0.8421998486777647,0.5358076232210082,2972.469876091134,1.477805555555492,0.0,0.0,0.0,6.376711999999921,0.20192598550172614,0.1004,0.4294,10.1322,56.1998,calibrated:/Users/let/Documents/DO_A_PAPER_May_18/Papers/Paper_xAI_in_Cyber_2/6_Analysis_Results/xai_surfacebench/data/unsw_nb15/unsw_nb15_score_stream.csv
unsw_nb15_calibrated_anchor,default,default,transient_overload,static_offload,5,5000,0.2459127475463567,1.0282168670721321,53.28844020000003,0.5808142629058274,0.712611064240459,0.8594202984251601,2801.6816321282017,1.7390722222221766,0.6099383044566653,0.0,0.0,1.1914159999999256,0.20489481840365897,0.0,0.465,10.1466,56.141,calibrated:/Users/let/Documents/DO_A_PAPER_May_18/Papers/Paper_xAI_in_Cyber_2/6_Analysis_Results/xai_surfacebench/data/unsw_nb15/unsw_nb15_score_stream.csv
unsw_nb15_calibrated_anchor,default,default,transient_overload,budget_only_bexgov,5,5000,0.24761842523379415,1.0372152523655793,53.301672019999984,0.4730386533420138,0.6809182637199767,0.44711036209173016,6766.756110326296,0.6476466666667324,0.0,0.5682888849466816,0.0,4.114891999999992,0.20218812314057444,0.0,0.0,10.1466,56.2674,calibrated:/Users/let/Documents/DO_A_PAPER_May_18/Papers/Paper_xAI_in_Cyber_2/6_Analysis_Results/xai_surfacebench/data/unsw_nb15/unsw_nb15_score_stream.csv
unsw_nb15_calibrated_anchor,default,default,transient_overload,xai_gate,5,5000,0.2477740930940157,1.0380065190667482,53.30862977999996,0.6829583200726366,0.7343539336133101,0.7739032291755007,3885.588235269058,1.0,0.23774763306547855,0.1552430583180842,0.5646953814930336,4.24311749999423,0.19697067093305654,0.0184,0.0,10.0552,56.0036,calibrated:/Users/let/Documents/DO_A_PAPER_May_18/Papers/Paper_xAI_in_Cyber_2/6_Analysis_Results/xai_surfacebench/data/unsw_nb15/unsw_nb15_score_stream.csv
unsw_nb15_calibrated_anchor,default,default,non_markovian,never_explain,5,5000,0.13868887655547116,1.2797038461538586,66.5446,0.0,0.0,0.0,18100.273197809318,0.0,0.0,0.0,0.0,0.0,0.13086892173472897,0.0,0.0,9.2914,54.7744,calibrated:/Users/let/Documents/DO_A_PAPER_May_18/Papers/Paper_xAI_in_Cyber_2/6_Analysis_Results/xai_surfacebench/data/unsw_nb15/unsw_nb15_score_stream.csv
unsw_nb15_calibrated_anchor,default,default,non_markovian,always_explain,5,5000,0.13855705076844646,1.29988388237428,66.49479399999993,1.0,1.0,0.8499999999999505,0.0,2.1928583333332052,0.0,0.0,0.0,9.2874,0.1274674047636426,0.0982,0.538,9.2874,54.916,calibrated:/Users/let/Documents/DO_A_PAPER_May_18/Papers/Paper_xAI_in_Cyber_2/6_Analysis_Results/xai_surfacebench/data/unsw_nb15/unsw_nb15_score_stream.csv
unsw_nb15_calibrated_anchor,default,default,non_markovian,threshold_explain,5,5000,0.13890393385388755,1.332524807151028,68.54740959999988,0.6154547206991294,0.828302396279103,0.5134788382453686,1726.1483736407988,1.3034916666666465,0.0,0.0,0.0,5.631167999999956,0.12725569446657392,0.0588,0.226,9.3376,55.2232,calibrated:/Users/let/Documents/DO_A_PAPER_May_18/Papers/Paper_xAI_in_Cyber_2/6_Analysis_Results/xai_surfacebench/data/unsw_nb15/unsw_nb15_score_stream.csv
unsw_nb15_calibrated_anchor,default,default,non_markovian,rate_limited,5,5000,0.14082390022216262,1.2726192851808764,65.65572755999992,0.6317660452843249,0.7234124744956596,0.6848953013278747,4423.662404398255,1.1638305555555508,0.0,0.0,0.0,5.421776000000006,0.1335364397519292,0.0002,0.1354,9.3984,55.2748,calibrated:/Users/let/Documents/DO_A_PAPER_May_18/Papers/Paper_xAI_in_Cyber_2/6_Analysis_Results/xai_surfacebench/data/unsw_nb15/unsw_nb15_score_stream.csv
unsw_nb15_calibrated_anchor,default,default,non_markovian,fifo_explanation,5,5000,0.13573918618064842,1.25076826068452,64.37276099999983,0.8267189463194835,0.7631851392304722,0.8759921580520252,1798.3046332341974,1.8021416666665913,0.0,0.0,0.0,7.6326,0.1305985593820167,0.0,0.4464,9.2324,54.4396,calibrated:/Users/let/Documents/DO_A_PAPER_May_18/Papers/Paper_xAI_in_Cyber_2/6_Analysis_Results/xai_surfacebench/data/unsw_nb15/unsw_nb15_score_stream.csv
unsw_nb15_calibrated_anchor,default,default,non_markovian,static_coarse_full,5,5000,0.13858989904867208,1.2969680204329697,66.69331903999992,0.6184147946834466,0.8303648971626739,0.5161493057029959,1643.070431681448,1.3223833333333028,0.0,0.0,0.0,5.710367999999954,0.14183613107187054,0.058,0.242,9.4196,54.9968,calibrated:/Users/let/Documents/DO_A_PAPER_May_18/Papers/Paper_xAI_in_Cyber_2/6_Analysis_Results/xai_surfacebench/data/unsw_nb15/unsw_nb15_score_stream.csv
unsw_nb15_calibrated_anchor,default,default,non_markovian,static_offload,5,5000,0.13782229352769731,1.203380351581622,62.44723971999999,0.5573426274375901,0.7009576202085036,0.8226231611358683,1380.599251941997,1.5334888888888596,0.5829413274033527,0.0,0.0,1.062703999999982,0.13172436239475482,0.0,0.3502,9.3536,55.0994,calibrated:/Users/let/Documents/DO_A_PAPER_May_18/Papers/Paper_xAI_in_Cyber_2/6_Analysis_Results/xai_surfacebench/data/unsw_nb15/unsw_nb15_score_stream.csv
unsw_nb15_calibrated_anchor,default,default,non_markovian,budget_only_bexgov,5,5000,0.1370276132303375,1.3308286779507696,68.73435073999991,0.4581516466138168,0.6723572908826645,0.4326950612271068,5924.367142715151,0.5783794444445003,0.0,0.5461714358985318,0.0,3.6729880000000614,0.12815653825938833,0.0018,0.0,9.3586,55.3032,calibrated:/Users/let/Documents/DO_A_PAPER_May_18/Papers/Paper_xAI_in_Cyber_2/6_Analysis_Results/xai_surfacebench/data/unsw_nb15/unsw_nb15_score_stream.csv
unsw_nb15_calibrated_anchor,default,default,non_markovian,xai_gate,5,5000,0.13537798195374204,1.2920743422296121,66.80348342000003,0.6794464912848472,0.7522811791112038,0.7394688987998943,793.3190858468871,0.955305555555692,0.21231120591213667,0.1765669101329369,0.4539676383771788,4.059411999999674,0.13309115411094385,0.0048,0.0,9.2826,54.6152,calibrated:/Users/let/Documents/DO_A_PAPER_May_18/Papers/Paper_xAI_in_Cyber_2/6_Analysis_Results/xai_surfacebench/data/unsw_nb15/unsw_nb15_score_stream.csv
unsw_nb15_calibrated_anchor,default,default,rtt_uncertainty,never_explain,5,5000,0.0,0.014896153846153845,0.7746,0.0,0.0,0.0,12587.797546509279,0.0,0.0,0.0,0.0,0.0,0.08617066742644885,0.0,0.0,7.3194,44.9248,calibrated:/Users/let/Documents/DO_A_PAPER_May_18/Papers/Paper_xAI_in_Cyber_2/6_Analysis_Results/xai_surfacebench/data/unsw_nb15/unsw_nb15_score_stream.csv
unsw_nb15_calibrated_anchor,default,default,rtt_uncertainty,always_explain,5,5000,0.0,0.01780429217663166,0.9169530000000022,1.0,1.0,0.849999999999969,0.0,1.720588888888826,0.0,0.0,0.0,7.2872,0.07936931132292102,0.0004,0.4186,7.2872,45.009,calibrated:/Users/let/Documents/DO_A_PAPER_May_18/Papers/Paper_xAI_in_Cyber_2/6_Analysis_Results/xai_surfacebench/data/unsw_nb15/unsw_nb15_score_stream.csv
unsw_nb15_calibrated_anchor,default,default,rtt_uncertainty,threshold_explain,5,5000,0.0,0.016832488801266764,0.8703908800000001,0.604018066150773,0.8216776125303371,0.5035994602186686,5.825246365356869,0.9934833333333556,0.0,0.0,0.0,4.295039999999994,0.07465875862721716,0.0,0.0,7.2622,45.0512,calibrated:/Users/let/Documents/DO_A_PAPER_May_18/Papers/Paper_xAI_in_Cyber_2/6_Analysis_Results/xai_surfacebench/data/unsw_nb15/unsw_nb15_score_stream.csv
unsw_nb15_calibrated_anchor,default,default,rtt_uncertainty,rate_limited,5,5000,0.0,0.01718240927024254,0.8874539199999978,0.7660499057093995,0.8705681805320938,0.5948495449451984,0.18878614843880387,1.0793861111111231,0.0,0.0,0.0,5.076760000000053,0.08071785965347322,0.0,0.0724,7.3178,45.1416,calibrated:/Users/let/Documents/DO_A_PAPER_May_18/Papers/Paper_xAI_in_Cyber_2/6_Analysis_Results/xai_surfacebench/data/unsw_nb15/unsw_nb15_score_stream.csv
unsw_nb15_calibrated_anchor,default,default,rtt_uncertainty,fifo_explanation,5,5000,0.0,0.017851277003685724,0.9196229999999985,0.9906768240697451,0.9871214926464178,0.8513984763895038,0.12489686222607554,1.701038888888822,0.0,0.0,0.0,7.2044,0.07730071892142454,0.0,0.4134,7.2722,45.0026,calibrated:/Users/let/Documents/DO_A_PAPER_May_18/Papers/Paper_xAI_in_Cyber_2/6_Analysis_Results/xai_surfacebench/data/unsw_nb15/unsw_nb15_score_stream.csv
unsw_nb15_calibrated_anchor,default,default,rtt_uncertainty,static_coarse_full,5,5000,0.0,0.01634303920114632,0.8449116400000004,0.6049305631792928,0.8218399514953092,0.5042814798550905,5.066245529345161,0.9980694444444644,0.0,0.0,0.0,4.3156,0.07865993466345067,0.0,0.0,7.2872,45.0386,calibrated:/Users/let/Documents/DO_A_PAPER_May_18/Papers/Paper_xAI_in_Cyber_2/6_Analysis_Results/xai_surfacebench/data/unsw_nb15/unsw_nb15_score_stream.csv
unsw_nb15_calibrated_anchor,default,default,rtt_uncertainty,static_offload,5,5000,0.0,0.0144655559248286,0.7514060399999994,0.5498011434253222,0.6965433451156962,1.0022329782616397,2.3955478101321366,1.1686500000000015,0.5735078852155661,0.0,0.0,0.8160720000000278,0.07718534121133014,0.0,0.1436,7.2414,44.8168,calibrated:/Users/let/Documents/DO_A_PAPER_May_18/Papers/Paper_xAI_in_Cyber_2/6_Analysis_Results/xai_surfacebench/data/unsw_nb15/unsw_nb15_score_stream.csv
unsw_nb15_calibrated_anchor,default,default,rtt_uncertainty,budget_only_bexgov,5,5000,0.0,0.01684557899368775,0.8727198999999991,0.45727912581476005,0.6752991763108546,0.4257490277701786,2511.0486267674264,0.45194055555557977,0.0,0.5328641069178945,0.0,2.858172000000046,0.08275769019204904,0.0,0.0,7.3028,44.9642,calibrated:/Users/let/Documents/DO_A_PAPER_May_18/Papers/Paper_xAI_in_Cyber_2/6_Analysis_Results/xai_surfacebench/data/unsw_nb15/unsw_nb15_score_stream.csv
unsw_nb15_calibrated_anchor,default,default,rtt_uncertainty,xai_gate,5,5000,0.0,0.01893014490908736,0.9784343400000002,0.7355223880597759,0.8468916914840189,0.6310127053823817,18.98583341688628,0.8734705555555599,0.010961675140779618,0.16147285550270624,0.21398501995516922,4.726811999999603,0.07945416480398815,0.0,0.0,7.3164,45.1858,calibrated:/Users/let/Documents/DO_A_PAPER_May_18/Papers/Paper_xAI_in_Cyber_2/6_Analysis_Results/xai_surfacebench/data/unsw_nb15/unsw_nb15_score_stream.csv
unsw_nb15_calibrated_anchor,default,default,adversarial_explanation_flood,never_explain,6,5000,0.0,0.013423076923076918,0.698,0.0,0.0,0.0,29470.921982401538,0.0,0.0,0.0,0.0,0.0,0.798529816189862,0.0,0.0,12.0988,44.847,calibrated:/Users/let/Documents/DO_A_PAPER_May_18/Papers/Paper_xAI_in_Cyber_2/6_Analysis_Results/xai_surfacebench/data/unsw_nb15/unsw_nb15_score_stream.csv
unsw_nb15_calibrated_anchor,default,default,adversarial_explanation_flood,always_explain,6,5000,0.0,0.02018203705776466,1.0328830000000015,1.0,1.0,0.8499999999999223,0.0,2.87923333333307,0.0,0.0,0.0,12.1944,0.807943779744696,0.041,0.6532,12.1944,44.966,calibrated:/Users/let/Documents/DO_A_PAPER_May_18/Papers/Paper_xAI_in_Cyber_2/6_Analysis_Results/xai_surfacebench/data/unsw_nb15/unsw_nb15_score_stream.csv
unsw_nb15_calibrated_anchor,default,default,adversarial_explanation_flood,threshold_explain,6,5000,0.0,0.022797231460770135,1.1700566000000001,0.8212054088008596,0.9273472877939832,0.6915851158792402,821.288044113732,2.299763888888749,0.0,0.0,0.0,9.835639999999717,0.7868794593341264,0.0072,0.565,12.0988,45.1394,calibrated:/Users/let/Documents/DO_A_PAPER_May_18/Papers/Paper_xAI_in_Cyber_2/6_Analysis_Results/xai_surfacebench/data/unsw_nb15/unsw_nb15_score_stream.csv
unsw_nb15_calibrated_anchor,default,default,adversarial_explanation_flood,rate_limited,6,5000,0.0,0.017680015641477174,0.9094715200000042,0.7740196969446509,0.8501856525504733,0.8191285093444687,4903.482223390159,2.121819444444327,0.0,0.0,0.0,9.173007999999616,0.7937659689246941,0.0004,0.5292,12.1034,44.9832,calibrated:/Users/let/Documents/DO_A_PAPER_May_18/Papers/Paper_xAI_in_Cyber_2/6_Analysis_Results/xai_surfacebench/data/unsw_nb15/unsw_nb15_score_stream.csv
unsw_nb15_calibrated_anchor,default,default,adversarial_explanation_flood,fifo_explanation,6,5000,0.0,0.018705987198150024,0.9606929999999922,0.8791794939334574,0.8621655893614376,0.8681230759099106,2652.379907661997,2.5218555555553506,0.0,0.0,0.0,10.6808,0.8018507065106981,0.0,0.6046,12.1486,44.9486,calibrated:/Users/let/Documents/DO_A_PAPER_May_18/Papers/Paper_xAI_in_Cyber_2/6_Analysis_Results/xai_surfacebench/data/unsw_nb15/unsw_nb15_score_stream.csv
unsw_nb15_calibrated_anchor,default,default,adversarial_explanation_flood,static_coarse_full,6,5000,0.0,0.018011455037576722,0.9244945200000004,0.822845747761749,0.9287284978929307,0.6932397769208928,786.555247539318,2.3037611111109726,0.0,0.0,0.0,9.848607999999741,0.7979570765902835,0.0066,0.5694,12.0854,44.8116,calibrated:/Users/let/Documents/DO_A_PAPER_May_18/Papers/Paper_xAI_in_Cyber_2/6_Analysis_Results/xai_surfacebench/data/unsw_nb15/unsw_nb15_score_stream.csv
unsw_nb15_calibrated_anchor,default,default,adversarial_explanation_flood,static_offload,6,5000,0.0,0.014892996772290619,0.7726593600000005,0.7380395727715852,0.7809041624559038,1.1105597939329046,266.86910670211245,2.7118499999999064,0.796065692113337,0.0,0.0,1.7163599999999595,0.8083828071455892,0.0,0.6296,12.1902,44.9396,calibrated:/Users/let/Documents/DO_A_PAPER_May_18/Papers/Paper_xAI_in_Cyber_2/6_Analysis_Results/xai_surfacebench/data/unsw_nb15/unsw_nb15_score_stream.csv
unsw_nb15_calibrated_anchor,default,default,adversarial_explanation_flood,budget_only_bexgov,6,5000,0.0,0.01725037833493118,0.8898247200000009,0.5936471500709806,0.737117086332845,0.5639105250998316,7856.458294047386,0.9065277777777918,0.0,0.6734710716525298,0.09772599755767516,6.150499999999868,0.7965822304444696,0.0,0.0,12.1196,44.9728,calibrated:/Users/let/Documents/DO_A_PAPER_May_18/Papers/Paper_xAI_in_Cyber_2/6_Analysis_Results/xai_surfacebench/data/unsw_nb15/unsw_nb15_score_stream.csv
unsw_nb15_calibrated_anchor,default,default,adversarial_explanation_flood,xai_gate,6,5000,0.0,0.017387416013556294,0.8960452600000013,0.6159676112687965,0.673675094515117,0.6669936264138716,4244.204800723934,1.0,0.004149857813636664,0.14891541564711328,0.4356152040202381,6.554036999995556,0.7982645872634322,0.0028,0.0,12.0968,44.8462,calibrated:/Users/let/Documents/DO_A_PAPER_May_18/Papers/Paper_xAI_in_Cyber_2/6_Analysis_Results/xai_surfacebench/data/unsw_nb15/unsw_nb15_score_stream.csv
unsw_nb15_calibrated_anchor,default,default,transient_overload,never_explain,6,5000,0.24541584281871784,1.0232576923077072,53.2094,0.0,0.0,0.0,20937.31213615702,0.0,0.0,0.0,0.0,0.0,0.21460422641419652,0.0,0.0,10.228,56.139,calibrated:/Users/let/Documents/DO_A_PAPER_May_18/Papers/Paper_xAI_in_Cyber_2/6_Analysis_Results/xai_surfacebench/data/unsw_nb15/unsw_nb15_score_stream.csv
unsw_nb15_calibrated_anchor,default,default,transient_overload,always_explain,6,5000,0.25101700732289356,1.0525462760579782,53.29332300000002,1.0,1.0,0.849999999999945,0.0,2.3883583333331786,0.0,0.0,0.0,10.1154,0.19919053394173458,0.1994,0.5256,10.1154,56.2346,calibrated:/Users/let/Documents/DO_A_PAPER_May_18/Papers/Paper_xAI_in_Cyber_2/6_Analysis_Results/xai_surfacebench/data/unsw_nb15/unsw_nb15_score_stream.csv
unsw_nb15_calibrated_anchor,default,default,transient_overload,threshold_explain,6,5000,0.24879007435500797,1.042625234540807,53.219519719999944,0.6417355698076127,0.8415809986835284,0.5357720769610147,2944.699153057569,1.4774222222221516,0.0,0.0,0.0,6.377815999999916,0.2041994301588057,0.0952,0.428,10.135,56.1092,calibrated:/Users/let/Documents/DO_A_PAPER_May_18/Papers/Paper_xAI_in_Cyber_2/6_Analysis_Results/xai_surfacebench/data/unsw_nb15/unsw_nb15_score_stream.csv
unsw_nb15_calibrated_anchor,default,default,transient_overload,rate_limited,6,5000,0.2486463616820985,1.0354297379874862,53.27673467999998,0.5532308904649491,0.6443886245446703,0.7664243498817771,10564.534311750213,1.1503166666666078,0.0,0.0,0.0,5.2355999999999465,0.2024090820260418,0.0002,0.1898,10.152,56.287,calibrated:/Users/let/Documents/DO_A_PAPER_May_18/Papers/Paper_xAI_in_Cyber_2/6_Analysis_Results/xai_surfacebench/data/unsw_nb15/unsw_nb15_score_stream.csv
unsw_nb15_calibrated_anchor,default,default,transient_overload,fifo_explanation,6,5000,0.24675693656671854,1.037964007482311,53.291949999999964,0.7172397448304465,0.6220220444104975,0.8924140382753755,10388.330697817677,1.7149222222221385,0.0,0.0,0.0,7.2632,0.20414564947002156,0.0,0.445,10.1266,56.0652,calibrated:/Users/let/Documents/DO_A_PAPER_May_18/Papers/Paper_xAI_in_Cyber_2/6_Analysis_Results/xai_surfacebench/data/unsw_nb15/unsw_nb15_score_stream.csv
unsw_nb15_calibrated_anchor,default,default,transient_overload,static_coarse_full,6,5000,0.24896585633430549,1.0437764257086781,53.27009247999993,0.6449859927399128,0.8442687061893497,0.538856336805543,2900.4478234502576,1.4875111111110386,0.0,0.0,0.0,6.416583999999914,0.2036374127779652,0.0996,0.4294,10.1376,56.1498,calibrated:/Users/let/Documents/DO_A_PAPER_May_18/Papers/Paper_xAI_in_Cyber_2/6_Analysis_Results/xai_surfacebench/data/unsw_nb15/unsw_nb15_score_stream.csv
unsw_nb15_calibrated_anchor,default,default,transient_overload,static_offload,6,5000,0.24589773181597493,1.028632314184229,53.311038000000046,0.5812222288050499,0.7130452885992078,0.8603517190987511,2788.503215295272,1.7378388888888476,0.610739182810988,0.0,0.0,1.1884879999999216,0.2050575434788826,0.0,0.466,10.1274,56.0272,calibrated:/Users/let/Documents/DO_A_PAPER_May_18/Papers/Paper_xAI_in_Cyber_2/6_Analysis_Results/xai_surfacebench/data/unsw_nb15/unsw_nb15_score_stream.csv
unsw_nb15_calibrated_anchor,default,default,transient_overload,budget_only_bexgov,6,5000,0.24629753769470372,1.0364791495119632,53.26120593999999,0.4758021258553785,0.6836859591930048,0.4495562917825197,6716.586395596469,0.6531666666667353,0.0,0.570805971326589,0.0,4.1408839999999945,0.20359590565197827,0.0,0.0,10.1418,56.175,calibrated:/Users/let/Documents/DO_A_PAPER_May_18/Papers/Paper_xAI_in_Cyber_2/6_Analysis_Results/xai_surfacebench/data/unsw_nb15/unsw_nb15_score_stream.csv
unsw_nb15_calibrated_anchor,default,default,transient_overload,xai_gate,6,5000,0.24830254968888912,1.0398810293807892,53.400061,0.6764717634517562,0.727717807386734,0.7722974752850492,4021.6915889481365,1.0,0.23804731742930996,0.15469918506679295,0.5588236744991584,4.216969499994169,0.201280000000001,0.0182,0.0,10.1358,56.25,calibrated:/Users/let/Documents/DO_A_PAPER_May_18/Papers/Paper_xAI_in_Cyber_2/6_Analysis_Results/xai_surfacebench/data/unsw_nb15/unsw_nb15_score_stream.csv
unsw_nb15_calibrated_anchor,default,default,non_markovian,never_explain,6,5000,0.1343229072500452,1.216734615384627,63.2702,0.0,0.0,0.0,18169.56527846645,0.0,0.0,0.0,0.0,0.0,0.12705357680949514,0.0,0.0,9.3506,55.31,calibrated:/Users/let/Documents/DO_A_PAPER_May_18/Papers/Paper_xAI_in_Cyber_2/6_Analysis_Results/xai_surfacebench/data/unsw_nb15/unsw_nb15_score_stream.csv
unsw_nb15_calibrated_anchor,default,default,non_markovian,always_explain,6,5000,0.14160361574143585,1.2551835087784993,64.18815900000008,1.0,1.0,0.8499999999999491,0.0,2.186341666666536,0.0,0.0,0.0,9.2598,0.13004733853459416,0.0984,0.5378,9.2598,54.6278,calibrated:/Users/let/Documents/DO_A_PAPER_May_18/Papers/Paper_xAI_in_Cyber_2/6_Analysis_Results/xai_surfacebench/data/unsw_nb15/unsw_nb15_score_stream.csv
unsw_nb15_calibrated_anchor,default,default,non_markovian,threshold_explain,6,5000,0.1388375860561095,1.3302518495534525,68.43745839999995,0.6180330866534938,0.8293403957107494,0.5155881593666605,1607.646148461982,1.3030027777777575,0.0,0.0,0.0,5.629551999999955,0.11992502352049716,0.0538,0.2282,9.2968,55.3418,calibrated:/Users/let/Documents/DO_A_PAPER_May_18/Papers/Paper_xAI_in_Cyber_2/6_Analysis_Results/xai_surfacebench/data/unsw_nb15/unsw_nb15_score_stream.csv
unsw_nb15_calibrated_anchor,default,default,non_markovian,rate_limited,6,5000,0.13737424389818914,1.310254922539712,67.60176379999994,0.6320826460444529,0.7254734206542579,0.6831751676270778,4066.819055280582,1.1550305555555607,0.0,0.0,0.0,5.384960000000023,0.12963957816077354,0.0,0.1326,9.3362,55.0984,calibrated:/Users/let/Documents/DO_A_PAPER_May_18/Papers/Paper_xAI_in_Cyber_2/6_Analysis_Results/xai_surfacebench/data/unsw_nb15/unsw_nb15_score_stream.csv
unsw_nb15_calibrated_anchor,default,default,non_markovian,fifo_explanation,6,5000,0.13825950339155244,1.321742125535455,68.02754700000011,0.8240642166673764,0.7598079577893215,0.8763903674998405,2187.9555973571532,1.8276416666665845,0.0,0.0,0.0,7.7406,0.13150499126061876,0.0,0.4572,9.3932,55.3434,calibrated:/Users/let/Documents/DO_A_PAPER_May_18/Papers/Paper_xAI_in_Cyber_2/6_Analysis_Results/xai_surfacebench/data/unsw_nb15/unsw_nb15_score_stream.csv
unsw_nb15_calibrated_anchor,default,default,non_markovian,static_coarse_full,6,5000,0.13885519226307858,1.312229495459548,67.48886035999996,0.6202617655843532,0.8301211398322976,0.517365703801676,1636.7221484470706,1.3182194444444162,0.0,0.0,0.0,5.696271999999943,0.13274755442137387,0.0592,0.2414,9.3748,55.1744,calibrated:/Users/let/Documents/DO_A_PAPER_May_18/Papers/Paper_xAI_in_Cyber_2/6_Analysis_Results/xai_surfacebench/data/unsw_nb15/unsw_nb15_score_stream.csv
unsw_nb15_calibrated_anchor,default,default,non_markovian,static_offload,6,5000,0.13122962653521614,1.2638825909252547,65.59217548000004,0.5529815133276273,0.6987434532465383,0.8158224419604984,1411.7624957879773,1.5125666666666395,0.5779664660361135,0.0,0.0,1.050335999999987,0.12658183398901324,0.0,0.3358,9.304,55.0574,calibrated:/Users/let/Documents/DO_A_PAPER_May_18/Papers/Paper_xAI_in_Cyber_2/6_Analysis_Results/xai_surfacebench/data/unsw_nb15/unsw_nb15_score_stream.csv
unsw_nb15_calibrated_anchor,default,default,non_markovian,budget_only_bexgov,6,5000,0.13641294630228978,1.2513017972683094,64.61702373999992,0.4561441672461834,0.6710076174638786,0.43013951668984945,5570.022132741626,0.5650505555556078,0.0,0.5423982962447844,0.0,3.592692000000069,0.12697718787157442,0.001,0.0,9.2032,54.4418,calibrated:/Users/let/Documents/DO_A_PAPER_May_18/Papers/Paper_xAI_in_Cyber_2/6_Analysis_Results/xai_surfacebench/data/unsw_nb15/unsw_nb15_score_stream.csv
unsw_nb15_calibrated_anchor,default,default,non_markovian,xai_gate,6,5000,0.13287714154749483,1.2533691955919533,64.80294039999997,0.6792014773857155,0.7544047210320396,0.7399967601192124,715.7132440442851,0.951062222222348,0.21121862715452072,0.1825132835111668,0.4549656572638127,4.057791999999661,0.12285348069300306,0.0054,0.0,9.2596,54.9766,calibrated:/Users/let/Documents/DO_A_PAPER_May_18/Papers/Paper_xAI_in_Cyber_2/6_Analysis_Results/xai_surfacebench/data/unsw_nb15/unsw_nb15_score_stream.csv
unsw_nb15_calibrated_anchor,default,default,rtt_uncertainty,never_explain,6,5000,0.0,0.013653846153846147,0.71,0.0,0.0,0.0,11904.565682378709,0.0,0.0,0.0,0.0,0.0,0.0702495884682115,0.0,0.0,7.2168,44.954,calibrated:/Users/let/Documents/DO_A_PAPER_May_18/Papers/Paper_xAI_in_Cyber_2/6_Analysis_Results/xai_surfacebench/data/unsw_nb15/unsw_nb15_score_stream.csv
unsw_nb15_calibrated_anchor,default,default,rtt_uncertainty,always_explain,6,5000,0.0,0.01765188423592431,0.9090180000000011,1.0,1.0,0.8499999999999627,0.0,1.7160555555554802,0.0,0.0,0.0,7.268,0.07832707968908115,0.0002,0.4148,7.268,44.9338,calibrated:/Users/let/Documents/DO_A_PAPER_May_18/Papers/Paper_xAI_in_Cyber_2/6_Analysis_Results/xai_surfacebench/data/unsw_nb15/unsw_nb15_score_stream.csv
unsw_nb15_calibrated_anchor,default,default,rtt_uncertainty,threshold_explain,6,5000,0.0,0.016290994983753804,0.8422160000000003,0.6054636032014139,0.8214792472163595,0.5045516415310086,8.162700574806994,1.0063611111111328,0.0,0.0,0.0,4.353088000000004,0.08887940336024958,0.0,0.0062,7.3468,44.9808,calibrated:/Users/let/Documents/DO_A_PAPER_May_18/Papers/Paper_xAI_in_Cyber_2/6_Analysis_Results/xai_surfacebench/data/unsw_nb15/unsw_nb15_score_stream.csv
unsw_nb15_calibrated_anchor,default,default,rtt_uncertainty,rate_limited,6,5000,0.0,0.018007465441479298,0.9301343199999991,0.765217509886844,0.870672853886699,0.5939751806900286,0.21023216580023435,1.0793444444444507,0.0,0.0,0.0,5.079376000000024,0.08463014156545645,0.0,0.0746,7.333,45.0722,calibrated:/Users/let/Documents/DO_A_PAPER_May_18/Papers/Paper_xAI_in_Cyber_2/6_Analysis_Results/xai_surfacebench/data/unsw_nb15/unsw_nb15_score_stream.csv
unsw_nb15_calibrated_anchor,default,default,rtt_uncertainty,fifo_explanation,6,5000,0.0,0.01856795373524756,0.9566129999999983,0.9903983712996589,0.9866482344147737,0.8514402443050126,0.11066729764909433,1.699952777777702,0.0,0.0,0.0,7.1998,0.07758122326280814,0.0,0.4124,7.2696,44.9748,calibrated:/Users/let/Documents/DO_A_PAPER_May_18/Papers/Paper_xAI_in_Cyber_2/6_Analysis_Results/xai_surfacebench/data/unsw_nb15/unsw_nb15_score_stream.csv
unsw_nb15_calibrated_anchor,default,default,rtt_uncertainty,static_coarse_full,6,5000,0.0,0.016549566389263762,0.8557052800000001,0.6067858315997123,0.8222442422531501,0.5056922697908713,5.624407540512309,1.00318055555558,0.0,0.0,0.0,4.338967999999984,0.08015889559577705,0.0,0.0038,7.3064,45.0946,calibrated:/Users/let/Documents/DO_A_PAPER_May_18/Papers/Paper_xAI_in_Cyber_2/6_Analysis_Results/xai_surfacebench/data/unsw_nb15/unsw_nb15_score_stream.csv
unsw_nb15_calibrated_anchor,default,default,rtt_uncertainty,static_offload,6,5000,0.0,0.015669246272551163,0.8138869600000013,0.5479987509164652,0.6954627458496606,0.9978298757688369,3.611915439445365,1.1840833333333316,0.5712113395063405,0.0,0.0,0.8285520000000315,0.09061294597576053,0.0,0.1542,7.3654,45.023,calibrated:/Users/let/Documents/DO_A_PAPER_May_18/Papers/Paper_xAI_in_Cyber_2/6_Analysis_Results/xai_surfacebench/data/unsw_nb15/unsw_nb15_score_stream.csv
unsw_nb15_calibrated_anchor,default,default,rtt_uncertainty,budget_only_bexgov,6,5000,0.0,0.015827597731610247,0.8198950000000009,0.45765909028597035,0.6749608178313714,0.42587530502015986,2539.277025572153,0.45124166666669285,0.0,0.532859923779234,0.0,2.855900000000048,0.08095051805487041,0.0,0.0,7.2946,44.9888,calibrated:/Users/let/Documents/DO_A_PAPER_May_18/Papers/Paper_xAI_in_Cyber_2/6_Analysis_Results/xai_surfacebench/data/unsw_nb15/unsw_nb15_score_stream.csv
unsw_nb15_calibrated_anchor,default,default,rtt_uncertainty,xai_gate,6,5000,0.0,0.014921299106070821,0.77116546,0.7355471417557701,0.8478517985832803,0.6309645917730575,12.305220355959241,0.8710000000000041,0.012115871792047582,0.15794691045269302,0.20974226236369645,4.687955999999584,0.07900288201562788,0.0,0.0,7.2632,44.876,calibrated:/Users/let/Documents/DO_A_PAPER_May_18/Papers/Paper_xAI_in_Cyber_2/6_Analysis_Results/xai_surfacebench/data/unsw_nb15/unsw_nb15_score_stream.csv
unsw_nb15_calibrated_anchor,default,default,adversarial_explanation_flood,never_explain,7,5000,0.0,0.013884615384615398,0.722,0.0,0.0,0.0,29152.17068933997,0.0,0.0,0.0,0.0,0.0,0.7929882691268577,0.0,0.0,12.0456,44.7878,calibrated:/Users/let/Documents/DO_A_PAPER_May_18/Papers/Paper_xAI_in_Cyber_2/6_Analysis_Results/xai_surfacebench/data/unsw_nb15/unsw_nb15_score_stream.csv
unsw_nb15_calibrated_anchor,default,default,adversarial_explanation_flood,always_explain,7,5000,0.0,0.02109439259891417,1.0797420000000013,1.0,1.0,0.8499999999999197,0.0,2.8378666666663985,0.0,0.0,0.0,12.0192,0.7841429309392718,0.037,0.6484,12.0192,44.9112,calibrated:/Users/let/Documents/DO_A_PAPER_May_18/Papers/Paper_xAI_in_Cyber_2/6_Analysis_Results/xai_surfacebench/data/unsw_nb15/unsw_nb15_score_stream.csv
unsw_nb15_calibrated_anchor,default,default,adversarial_explanation_flood,threshold_explain,7,5000,0.0,0.018519063242880045,0.9506302000000002,0.8210718675735352,0.9274414102146086,0.691513562238774,861.7097373360649,2.31948888888875,0.0,0.0,0.0,9.919375999999728,0.8042673740021677,0.0074,0.5672,12.203,45.0894,calibrated:/Users/let/Documents/DO_A_PAPER_May_18/Papers/Paper_xAI_in_Cyber_2/6_Analysis_Results/xai_surfacebench/data/unsw_nb15/unsw_nb15_score_stream.csv
unsw_nb15_calibrated_anchor,default,default,adversarial_explanation_flood,rate_limited,7,5000,0.0,0.020002560799986913,1.0290110400000068,0.7708087920765941,0.8472421996119328,0.8202181566911133,4859.376975041702,2.122744444444341,0.0,0.0,0.0,9.175983999999625,0.8021415663409737,0.0,0.5288,12.1564,44.9702,calibrated:/Users/let/Documents/DO_A_PAPER_May_18/Papers/Paper_xAI_in_Cyber_2/6_Analysis_Results/xai_surfacebench/data/unsw_nb15/unsw_nb15_score_stream.csv
unsw_nb15_calibrated_anchor,default,default,adversarial_explanation_flood,fifo_explanation,7,5000,0.0,0.017677573521853077,0.9079039999999932,0.8792536036332521,0.8622911221933308,0.8681119594549417,2680.5714475726268,2.5232722222220243,0.0,0.0,0.0,10.6868,0.8087066253567805,0.0,0.6028,12.1544,44.7996,calibrated:/Users/let/Documents/DO_A_PAPER_May_18/Papers/Paper_xAI_in_Cyber_2/6_Analysis_Results/xai_surfacebench/data/unsw_nb15/unsw_nb15_score_stream.csv
unsw_nb15_calibrated_anchor,default,default,adversarial_explanation_flood,static_coarse_full,7,5000,0.0,0.019458790961282297,0.9987547599999994,0.8239008627813839,0.9281824547578106,0.693839873062028,833.9489645334847,2.307508333333192,0.0,0.0,0.0,9.868991999999722,0.7900662006731007,0.0076,0.5682,12.1004,45.065,calibrated:/Users/let/Documents/DO_A_PAPER_May_18/Papers/Paper_xAI_in_Cyber_2/6_Analysis_Results/xai_surfacebench/data/unsw_nb15/unsw_nb15_score_stream.csv
unsw_nb15_calibrated_anchor,default,default,adversarial_explanation_flood,static_offload,7,5000,0.0,0.014792717907511436,0.767425879999999,0.7441935959864379,0.7828075783008475,1.1198445723280521,152.87734750414336,2.7364222222221226,0.8027314609873264,0.0,0.0,1.731727999999963,0.8072722908916321,0.0,0.636,12.1986,44.9982,calibrated:/Users/let/Documents/DO_A_PAPER_May_18/Papers/Paper_xAI_in_Cyber_2/6_Analysis_Results/xai_surfacebench/data/unsw_nb15/unsw_nb15_score_stream.csv
unsw_nb15_calibrated_anchor,default,default,adversarial_explanation_flood,budget_only_bexgov,7,5000,0.0,0.015121432080223837,0.7798939000000013,0.5932548426349412,0.7361950625579539,0.5631721314171017,8013.043612639472,0.9070022222222354,0.0,0.670273292334002,0.09976321241819318,6.164827999999898,0.8050330426058903,0.0,0.0,12.1628,44.9218,calibrated:/Users/let/Documents/DO_A_PAPER_May_18/Papers/Paper_xAI_in_Cyber_2/6_Analysis_Results/xai_surfacebench/data/unsw_nb15/unsw_nb15_score_stream.csv
unsw_nb15_calibrated_anchor,default,default,adversarial_explanation_flood,xai_gate,7,5000,0.0,0.017016869178306845,0.8775901074997983,0.612785957011296,0.6698245513505615,0.6680385716173731,4318.696994612165,1.0,0.0034146582867323203,0.14577456656934065,0.43204293891489637,6.544996499995554,0.80073965156174,0.0024,0.0,12.1242,44.886,calibrated:/Users/let/Documents/DO_A_PAPER_May_18/Papers/Paper_xAI_in_Cyber_2/6_Analysis_Results/xai_surfacebench/data/unsw_nb15/unsw_nb15_score_stream.csv
unsw_nb15_calibrated_anchor,default,default,transient_overload,never_explain,7,5000,0.24271882773215706,1.0275923076923235,53.4348,0.0,0.0,0.0,20666.478777185617,0.0,0.0,0.0,0.0,0.0,0.20079416911424208,0.0,0.0,10.0942,56.0418,calibrated:/Users/let/Documents/DO_A_PAPER_May_18/Papers/Paper_xAI_in_Cyber_2/6_Analysis_Results/xai_surfacebench/data/unsw_nb15/unsw_nb15_score_stream.csv
unsw_nb15_calibrated_anchor,default,default,transient_overload,always_explain,7,5000,0.25222960384563403,1.0511507192481462,53.22661,1.0,1.0,0.8499999999999455,0.0,2.3982749999998463,0.0,0.0,0.0,10.1574,0.20382287896349904,0.1994,0.5278,10.1574,56.2508,calibrated:/Users/let/Documents/DO_A_PAPER_May_18/Papers/Paper_xAI_in_Cyber_2/6_Analysis_Results/xai_surfacebench/data/unsw_nb15/unsw_nb15_score_stream.csv
unsw_nb15_calibrated_anchor,default,default,transient_overload,threshold_explain,7,5000,0.24965717290177689,1.044508858338189,53.305785920000005,0.6416669933743835,0.8423829333060021,0.5359626769122099,2995.1160970495325,1.488644444444372,0.0,0.0,0.0,6.423039999999908,0.21230268356295556,0.0988,0.4292,10.2028,56.107,calibrated:/Users/let/Documents/DO_A_PAPER_May_18/Papers/Paper_xAI_in_Cyber_2/6_Analysis_Results/xai_surfacebench/data/unsw_nb15/unsw_nb15_score_stream.csv
unsw_nb15_calibrated_anchor,default,default,transient_overload,rate_limited,7,5000,0.24721848643225872,1.0362156187424325,53.31739959999998,0.5567209352930873,0.6489376614600093,0.7646841803327198,10337.034540492758,1.1524972222221663,0.0,0.0,0.0,5.246263999999949,0.19900902856099667,0.0002,0.1912,10.1102,56.2142,calibrated:/Users/let/Documents/DO_A_PAPER_May_18/Papers/Paper_xAI_in_Cyber_2/6_Analysis_Results/xai_surfacebench/data/unsw_nb15/unsw_nb15_score_stream.csv
unsw_nb15_calibrated_anchor,default,default,transient_overload,fifo_explanation,7,5000,0.24758388494962952,1.0351588737330606,53.14854199999998,0.7147617064318439,0.6184752808561403,0.8927857440351649,10435.088476337303,1.7018416666665934,0.0,0.0,0.0,7.2078,0.20013138821647414,0.0,0.4438,10.0842,56.0172,calibrated:/Users/let/Documents/DO_A_PAPER_May_18/Papers/Paper_xAI_in_Cyber_2/6_Analysis_Results/xai_surfacebench/data/unsw_nb15/unsw_nb15_score_stream.csv
unsw_nb15_calibrated_anchor,default,default,transient_overload,static_coarse_full,7,5000,0.24704063968687048,1.0452133539276953,53.34968624000002,0.6399744407679813,0.8413024945816681,0.5344564205187025,2951.2362652820757,1.4683611111110373,0.0,0.0,0.0,6.336711999999906,0.20163897737715808,0.0974,0.4264,10.0942,56.0024,calibrated:/Users/let/Documents/DO_A_PAPER_May_18/Papers/Paper_xAI_in_Cyber_2/6_Analysis_Results/xai_surfacebench/data/unsw_nb15/unsw_nb15_score_stream.csv
unsw_nb15_calibrated_anchor,default,default,transient_overload,static_offload,7,5000,0.2480138657271477,1.0267376804650274,53.21185364000001,0.5832521666534428,0.713494993097728,0.8628077045400993,2749.2085087638557,1.7311833333332924,0.6122485489385386,0.0,0.0,1.1873999999999179,0.19356809433144972,0.0,0.4628,10.0616,56.199,calibrated:/Users/let/Documents/DO_A_PAPER_May_18/Papers/Paper_xAI_in_Cyber_2/6_Analysis_Results/xai_surfacebench/data/unsw_nb15/unsw_nb15_score_stream.csv
unsw_nb15_calibrated_anchor,default,default,transient_overload,budget_only_bexgov,7,5000,0.24753516383754356,1.0358476490946833,53.22952172000003,0.47584615688912524,0.6836223915342252,0.44880731041575506,6743.906787925586,0.6503950000000674,0.0,0.5703152814589185,0.0,4.126663999999998,0.19995632897572557,0.0004,0.0,10.1116,56.1776,calibrated:/Users/let/Documents/DO_A_PAPER_May_18/Papers/Paper_xAI_in_Cyber_2/6_Analysis_Results/xai_surfacebench/data/unsw_nb15/unsw_nb15_score_stream.csv
unsw_nb15_calibrated_anchor,default,default,transient_overload,xai_gate,7,5000,0.24611267921083052,1.0381231426109647,53.32048082000004,0.6815449722326656,0.7329200437541284,0.7740513932968842,3894.5928542243905,1.0,0.2397461324871083,0.1556326854422848,0.5645254859171317,4.224370499994059,0.1987807719558501,0.0176,0.0,10.084,56.0792,calibrated:/Users/let/Documents/DO_A_PAPER_May_18/Papers/Paper_xAI_in_Cyber_2/6_Analysis_Results/xai_surfacebench/data/unsw_nb15/unsw_nb15_score_stream.csv
unsw_nb15_calibrated_anchor,default,default,non_markovian,never_explain,7,5000,0.13454566695995357,1.2497692307692438,64.988,0.0,0.0,0.0,17750.836610001094,0.0,0.0,0.0,0.0,0.0,0.11689977498445359,0.0,0.0,9.1778,54.7814,calibrated:/Users/let/Documents/DO_A_PAPER_May_18/Papers/Paper_xAI_in_Cyber_2/6_Analysis_Results/xai_surfacebench/data/unsw_nb15/unsw_nb15_score_stream.csv
unsw_nb15_calibrated_anchor,default,default,non_markovian,always_explain,7,5000,0.13805909518670717,1.3375078499968638,68.45086399999992,1.0,1.0,0.8499999999999529,0.0,2.1814305555554347,0.0,0.0,0.0,9.239,0.118995798466909,0.0932,0.5408,9.239,55.0434,calibrated:/Users/let/Documents/DO_A_PAPER_May_18/Papers/Paper_xAI_in_Cyber_2/6_Analysis_Results/xai_surfacebench/data/unsw_nb15/unsw_nb15_score_stream.csv
unsw_nb15_calibrated_anchor,default,default,non_markovian,threshold_explain,7,5000,0.13709835497207526,1.2603794076148638,64.80477615999988,0.6179386781351167,0.829603267892449,0.5155861522990287,1675.9525259980162,1.3103194444444146,0.0,0.0,0.0,5.660247999999939,0.1299775150504101,0.0582,0.2446,9.3474,55.148,calibrated:/Users/let/Documents/DO_A_PAPER_May_18/Papers/Paper_xAI_in_Cyber_2/6_Analysis_Results/xai_surfacebench/data/unsw_nb15/unsw_nb15_score_stream.csv
unsw_nb15_calibrated_anchor,default,default,non_markovian,rate_limited,7,5000,0.14055900633354712,1.1947212685988289,61.62968820000003,0.6275261547677838,0.716586910469668,0.6857352217539099,4524.040644678564,1.1484750000000006,0.0,0.0,0.0,5.35365600000004,0.13685229505963825,0.0004,0.1226,9.3482,54.8192,calibrated:/Users/let/Documents/DO_A_PAPER_May_18/Papers/Paper_xAI_in_Cyber_2/6_Analysis_Results/xai_surfacebench/data/unsw_nb15/unsw_nb15_score_stream.csv
unsw_nb15_calibrated_anchor,default,default,non_markovian,fifo_explanation,7,5000,0.1393450969603299,1.299214721003542,66.86650000000002,0.8281716137617239,0.7650208625067322,0.8757742579356892,1925.2666750239543,1.8221638888888112,0.0,0.0,0.0,7.7174,0.12442850058100041,0.0,0.4502,9.3186,55.2494,calibrated:/Users/let/Documents/DO_A_PAPER_May_18/Papers/Paper_xAI_in_Cyber_2/6_Analysis_Results/xai_surfacebench/data/unsw_nb15/unsw_nb15_score_stream.csv
unsw_nb15_calibrated_anchor,default,default,non_markovian,static_coarse_full,7,5000,0.1424413445329408,1.2570943361756168,64.62362971999994,0.6163412716959696,0.8288198665785955,0.5142518748273837,1762.0077161102965,1.3162638888888638,0.0,0.0,0.0,5.6859439999999575,0.13762780518869921,0.0608,0.2442,9.4142,55.1686,calibrated:/Users/let/Documents/DO_A_PAPER_May_18/Papers/Paper_xAI_in_Cyber_2/6_Analysis_Results/xai_surfacebench/data/unsw_nb15/unsw_nb15_score_stream.csv
unsw_nb15_calibrated_anchor,default,default,non_markovian,static_offload,7,5000,0.13709755624698197,1.1602102682433995,60.204274480000066,0.5617950429596072,0.7035232588515025,0.830000646008796,1251.4208285309735,1.5367555555555255,0.5885139645556536,0.0,0.0,1.0602559999999872,0.12400778883495622,0.0,0.3568,9.2878,55.0874,calibrated:/Users/let/Documents/DO_A_PAPER_May_18/Papers/Paper_xAI_in_Cyber_2/6_Analysis_Results/xai_surfacebench/data/unsw_nb15/unsw_nb15_score_stream.csv
unsw_nb15_calibrated_anchor,default,default,non_markovian,budget_only_bexgov,7,5000,0.1378531110837561,1.2936554659846027,66.80269140000004,0.45559377594244843,0.6705299979789467,0.4296579322676113,6065.600572891271,0.577648888888945,0.0,0.5409225398582346,0.0,3.6661440000000605,0.1339121283872673,0.0014,0.0,9.3958,55.2412,calibrated:/Users/let/Documents/DO_A_PAPER_May_18/Papers/Paper_xAI_in_Cyber_2/6_Analysis_Results/xai_surfacebench/data/unsw_nb15/unsw_nb15_score_stream.csv
unsw_nb15_calibrated_anchor,default,default,non_markovian,xai_gate,7,5000,0.1368866896977355,1.2937976823197666,66.88565209999994,0.6789023629835895,0.7520083263236297,0.740908641338221,780.0685177082971,0.9556122222223584,0.21305553763787655,0.17415984003096174,0.46246962953406867,4.064355999999685,0.1322959614071333,0.0048,0.0,9.3018,54.7666,calibrated:/Users/let/Documents/DO_A_PAPER_May_18/Papers/Paper_xAI_in_Cyber_2/6_Analysis_Results/xai_surfacebench/data/unsw_nb15/unsw_nb15_score_stream.csv
unsw_nb15_calibrated_anchor,default,default,rtt_uncertainty,never_explain,7,5000,0.0,0.015215384615384596,0.7912,0.0,0.0,0.0,12204.4299698626,0.0,0.0,0.0,0.0,0.0,0.07380780999606529,0.0,0.0,7.2502,45.0124,calibrated:/Users/let/Documents/DO_A_PAPER_May_18/Papers/Paper_xAI_in_Cyber_2/6_Analysis_Results/xai_surfacebench/data/unsw_nb15/unsw_nb15_score_stream.csv
unsw_nb15_calibrated_anchor,default,default,rtt_uncertainty,always_explain,7,5000,0.0,0.01793920346060125,0.923602,1.0,1.0,0.8499999999999598,0.0,1.7221472222221406,0.0,0.0,0.0,7.2938,0.08319633360510803,0.0,0.4178,7.2938,44.8906,calibrated:/Users/let/Documents/DO_A_PAPER_May_18/Papers/Paper_xAI_in_Cyber_2/6_Analysis_Results/xai_surfacebench/data/unsw_nb15/unsw_nb15_score_stream.csv
unsw_nb15_calibrated_anchor,default,default,rtt_uncertainty,threshold_explain,7,5000,0.0,0.016351893046964473,0.8453512400000005,0.6045678508234855,0.8216802101302678,0.5039853001225008,7.590850460128773,1.005683333333355,0.0,0.0,0.0,4.348464000000004,0.08728467412537744,0.0,0.0066,7.347,45.048,calibrated:/Users/let/Documents/DO_A_PAPER_May_18/Papers/Paper_xAI_in_Cyber_2/6_Analysis_Results/xai_surfacebench/data/unsw_nb15/unsw_nb15_score_stream.csv
unsw_nb15_calibrated_anchor,default,default,rtt_uncertainty,rate_limited,7,5000,0.0,0.016910757202743314,0.8735437200000004,0.7643233647412598,0.8694048214429473,0.592965997541987,0.2013942224460708,1.0753638888888986,0.0,0.0,0.0,5.063816000000035,0.08536645012694644,0.0,0.0708,7.323,44.9802,calibrated:/Users/let/Documents/DO_A_PAPER_May_18/Papers/Paper_xAI_in_Cyber_2/6_Analysis_Results/xai_surfacebench/data/unsw_nb15/unsw_nb15_score_stream.csv
unsw_nb15_calibrated_anchor,default,default,rtt_uncertainty,fifo_explanation,7,5000,0.0,0.01761005423675532,0.9072200000000006,0.9909496038732394,0.9875468964291674,0.8513575594189785,0.11981620421078251,1.701086111111041,0.0,0.0,0.0,7.2046,0.07700056291292978,0.0,0.4118,7.2704,45.004,calibrated:/Users/let/Documents/DO_A_PAPER_May_18/Papers/Paper_xAI_in_Cyber_2/6_Analysis_Results/xai_surfacebench/data/unsw_nb15/unsw_nb15_score_stream.csv
unsw_nb15_calibrated_anchor,default,default,rtt_uncertainty,static_coarse_full,7,5000,0.0,0.015107936348723058,0.7810285999999987,0.6058642906100276,0.8216292653281609,0.504878684030162,6.286933720705225,0.9998972222222475,0.0,0.0,0.0,4.325192000000004,0.08127897738726886,0.0,0.0,7.295,44.9776,calibrated:/Users/let/Documents/DO_A_PAPER_May_18/Papers/Paper_xAI_in_Cyber_2/6_Analysis_Results/xai_surfacebench/data/unsw_nb15/unsw_nb15_score_stream.csv
unsw_nb15_calibrated_anchor,default,default,rtt_uncertainty,static_offload,7,5000,0.0,0.014068836551662198,0.73081048,0.5473367936049915,0.694139447594085,0.9952859393969439,2.8170423213389806,1.1545166666666624,0.5689741312312646,0.0,0.0,0.8140560000000309,0.06885492967356899,0.0,0.1336,7.2056,44.9428,calibrated:/Users/let/Documents/DO_A_PAPER_May_18/Papers/Paper_xAI_in_Cyber_2/6_Analysis_Results/xai_surfacebench/data/unsw_nb15/unsw_nb15_score_stream.csv
unsw_nb15_calibrated_anchor,default,default,rtt_uncertainty,budget_only_bexgov,7,5000,0.0,0.016166366142723307,0.83750204,0.45744450534393616,0.675752228580757,0.42638257056728623,2546.542162149209,0.4508472222222469,0.0,0.5363113181693615,0.0,2.8567600000000386,0.08083451443161294,0.0,0.0,7.298,45.0146,calibrated:/Users/let/Documents/DO_A_PAPER_May_18/Papers/Paper_xAI_in_Cyber_2/6_Analysis_Results/xai_surfacebench/data/unsw_nb15/unsw_nb15_score_stream.csv
unsw_nb15_calibrated_anchor,default,default,rtt_uncertainty,xai_gate,7,5000,0.0,0.017463906941762867,0.90245772,0.7368673673811714,0.8481609935072691,0.634605105737333,14.331773474824569,0.8736116666666747,0.012294519608112188,0.16369823540711875,0.21644391997585005,4.715599999999578,0.07633504358331478,0.0,0.0,7.2878,45.1396,calibrated:/Users/let/Documents/DO_A_PAPER_May_18/Papers/Paper_xAI_in_Cyber_2/6_Analysis_Results/xai_surfacebench/data/unsw_nb15/unsw_nb15_score_stream.csv
unsw_nb15_calibrated_anchor,default,default,adversarial_explanation_flood,never_explain,8,5000,0.0,0.014661538461538462,0.7624,0.0,0.0,0.0,29491.812269413756,0.0,0.0,0.0,0.0,0.0,0.7954638979924751,0.0,0.0,12.1294,45.0372,calibrated:/Users/let/Documents/DO_A_PAPER_May_18/Papers/Paper_xAI_in_Cyber_2/6_Analysis_Results/xai_surfacebench/data/unsw_nb15/unsw_nb15_score_stream.csv
unsw_nb15_calibrated_anchor,default,default,adversarial_explanation_flood,always_explain,8,5000,0.0,0.021180402830784983,1.0840190000000005,1.0,1.0,0.8499999999999244,0.0,2.8644055555553005,0.0,0.0,0.0,12.1316,0.7979772829669736,0.0424,0.6482,12.1316,44.9824,calibrated:/Users/let/Documents/DO_A_PAPER_May_18/Papers/Paper_xAI_in_Cyber_2/6_Analysis_Results/xai_surfacebench/data/unsw_nb15/unsw_nb15_score_stream.csv
unsw_nb15_calibrated_anchor,default,default,adversarial_explanation_flood,threshold_explain,8,5000,0.0,0.018523555174635366,0.9506961200000001,0.8199527124655086,0.927365501607016,0.6906681006173451,913.040468070359,2.312813888888749,0.0,0.0,0.0,9.88935199999973,0.8037132136267635,0.0096,0.5658,12.1808,45.0212,calibrated:/Users/let/Documents/DO_A_PAPER_May_18/Papers/Paper_xAI_in_Cyber_2/6_Analysis_Results/xai_surfacebench/data/unsw_nb15/unsw_nb15_score_stream.csv
unsw_nb15_calibrated_anchor,default,default,adversarial_explanation_flood,rate_limited,8,5000,0.0,0.01868410378014126,0.9611495200000046,0.7691317669419245,0.8449464319540816,0.8224882029099341,5133.594068651202,2.1294749999998803,0.0,0.0,0.0,9.199391999999646,0.8086288594721007,0.0004,0.5306,12.2064,44.9932,calibrated:/Users/let/Documents/DO_A_PAPER_May_18/Papers/Paper_xAI_in_Cyber_2/6_Analysis_Results/xai_surfacebench/data/unsw_nb15/unsw_nb15_score_stream.csv
unsw_nb15_calibrated_anchor,default,default,adversarial_explanation_flood,fifo_explanation,8,5000,0.0,0.01895981111672103,0.9736969999999912,0.878795351054561,0.8616508336642128,0.8681806973417425,2708.671240630765,2.5244055555553344,0.0,0.0,0.0,10.6916,0.798180270299029,0.0,0.6042,12.1662,45.1056,calibrated:/Users/let/Documents/DO_A_PAPER_May_18/Papers/Paper_xAI_in_Cyber_2/6_Analysis_Results/xai_surfacebench/data/unsw_nb15/unsw_nb15_score_stream.csv
unsw_nb15_calibrated_anchor,default,default,adversarial_explanation_flood,static_coarse_full,8,5000,0.0,0.018389810667689733,0.94395224,0.8203989120580113,0.9271907409263273,0.6909395862523499,841.3062366189008,2.3042416666665257,0.0,0.0,0.0,9.854279999999724,0.7975294155992332,0.007,0.5682,12.133,44.9988,calibrated:/Users/let/Documents/DO_A_PAPER_May_18/Papers/Paper_xAI_in_Cyber_2/6_Analysis_Results/xai_surfacebench/data/unsw_nb15/unsw_nb15_score_stream.csv
unsw_nb15_calibrated_anchor,default,default,adversarial_explanation_flood,static_offload,8,5000,0.0,0.015254146599120829,0.7914046000000003,0.7435960349396555,0.7828312369826957,1.1192508260543188,206.33234946187915,2.7414888888887994,0.8024339974482285,0.0,0.0,1.7326399999999713,0.8069046848468495,0.0,0.636,12.2268,45.1114,calibrated:/Users/let/Documents/DO_A_PAPER_May_18/Papers/Paper_xAI_in_Cyber_2/6_Analysis_Results/xai_surfacebench/data/unsw_nb15/unsw_nb15_score_stream.csv
unsw_nb15_calibrated_anchor,default,default,adversarial_explanation_flood,budget_only_bexgov,8,5000,0.0,0.017668185238698588,0.9113764800000028,0.5948027765898214,0.7368811316551678,0.56493157219462,7958.753152793096,0.9079050000000143,0.0,0.6704609007467842,0.1031022798302464,6.179959999999885,0.7991207705021655,0.0,0.0,12.1588,45.0546,calibrated:/Users/let/Documents/DO_A_PAPER_May_18/Papers/Paper_xAI_in_Cyber_2/6_Analysis_Results/xai_surfacebench/data/unsw_nb15/unsw_nb15_score_stream.csv
unsw_nb15_calibrated_anchor,default,default,adversarial_explanation_flood,xai_gate,8,5000,0.0,0.018429253507255477,0.9497113799998044,0.6130470462220056,0.670431573964013,0.6676013841973496,4342.569558519921,1.0,0.0038394990524841396,0.14809260937628738,0.43172118315829605,6.547911999995674,0.7958631669751748,0.003,0.0,12.137,45.0554,calibrated:/Users/let/Documents/DO_A_PAPER_May_18/Papers/Paper_xAI_in_Cyber_2/6_Analysis_Results/xai_surfacebench/data/unsw_nb15/unsw_nb15_score_stream.csv
unsw_nb15_calibrated_anchor,default,default,transient_overload,never_explain,8,5000,0.24718089912421118,1.022446153846169,53.1672,0.0,0.0,0.0,20862.11682061963,0.0,0.0,0.0,0.0,0.0,0.2074170514398479,0.0,0.0,10.1828,56.2236,calibrated:/Users/let/Documents/DO_A_PAPER_May_18/Papers/Paper_xAI_in_Cyber_2/6_Analysis_Results/xai_surfacebench/data/unsw_nb15/unsw_nb15_score_stream.csv
unsw_nb15_calibrated_anchor,default,default,transient_overload,always_explain,8,5000,0.2501534026031309,1.052219867104081,53.28779400000003,1.0,1.0,0.8499999999999456,0.0,2.382266666666514,0.0,0.0,0.0,10.0896,0.19634466052226118,0.1976,0.5248,10.0896,56.2246,calibrated:/Users/let/Documents/DO_A_PAPER_May_18/Papers/Paper_xAI_in_Cyber_2/6_Analysis_Results/xai_surfacebench/data/unsw_nb15/unsw_nb15_score_stream.csv
unsw_nb15_calibrated_anchor,default,default,transient_overload,threshold_explain,8,5000,0.24895608453932558,1.0435735373933999,53.261448959999996,0.6404317987980401,0.8428386294976183,0.5352291885673348,2949.1807376638094,1.4701722222221427,0.0,0.0,0.0,6.33951199999991,0.19631166698699554,0.1026,0.4278,10.0834,56.1916,calibrated:/Users/let/Documents/DO_A_PAPER_May_18/Papers/Paper_xAI_in_Cyber_2/6_Analysis_Results/xai_surfacebench/data/unsw_nb15/unsw_nb15_score_stream.csv
unsw_nb15_calibrated_anchor,default,default,transient_overload,rate_limited,8,5000,0.24617048803718997,1.035455186738553,53.279430279999985,0.5608442881687938,0.6530408446655817,0.7630219363087725,10062.159285621332,1.1497111111110592,0.0,0.0,0.0,5.233359999999947,0.1903717206452875,0.0002,0.1812,10.0108,56.0654,calibrated:/Users/let/Documents/DO_A_PAPER_May_18/Papers/Paper_xAI_in_Cyber_2/6_Analysis_Results/xai_surfacebench/data/unsw_nb15/unsw_nb15_score_stream.csv
unsw_nb15_calibrated_anchor,default,default,transient_overload,fifo_explanation,8,5000,0.24690315668630633,1.0372131754658078,53.25381900000001,0.7224343675417662,0.6304928121747404,0.8916348448686761,10069.063931362954,1.715299999999925,0.0,0.0,0.0,7.2648,0.19507708104562171,0.0,0.4446,10.056,56.0968,calibrated:/Users/let/Documents/DO_A_PAPER_May_18/Papers/Paper_xAI_in_Cyber_2/6_Analysis_Results/xai_surfacebench/data/unsw_nb15/unsw_nb15_score_stream.csv
unsw_nb15_calibrated_anchor,default,default,transient_overload,static_coarse_full,8,5000,0.24870536990500622,1.0427932686975687,53.21652888,0.6455755274762368,0.8447950794786905,0.5394326788080013,2913.952723199131,1.48593611111104,0.0,0.0,0.0,6.408711999999914,0.20173234240496263,0.0966,0.4298,10.1142,56.109,calibrated:/Users/let/Documents/DO_A_PAPER_May_18/Papers/Paper_xAI_in_Cyber_2/6_Analysis_Results/xai_surfacebench/data/unsw_nb15/unsw_nb15_score_stream.csv
unsw_nb15_calibrated_anchor,default,default,transient_overload,static_offload,8,5000,0.2462778580866334,1.0292634988568847,53.34248411999998,0.5809561737122197,0.7123502907693682,0.8591712630175348,2793.9090236077186,1.720777777777737,0.6095657195197228,0.0,0.0,1.1817759999999187,0.19560999416728997,0.0,0.4628,10.0442,56.006,calibrated:/Users/let/Documents/DO_A_PAPER_May_18/Papers/Paper_xAI_in_Cyber_2/6_Analysis_Results/xai_surfacebench/data/unsw_nb15/unsw_nb15_score_stream.csv
unsw_nb15_calibrated_anchor,default,default,transient_overload,budget_only_bexgov,8,5000,0.24715321415731353,1.0372792859457225,53.30413086000002,0.4745560844575324,0.6824251495291821,0.4482974184755733,6742.115042213815,0.6480861111111804,0.0,0.5715103991783366,0.0,4.119867999999998,0.20146608811004518,0.0004,0.0,10.1258,56.1858,calibrated:/Users/let/Documents/DO_A_PAPER_May_18/Papers/Paper_xAI_in_Cyber_2/6_Analysis_Results/xai_surfacebench/data/unsw_nb15/unsw_nb15_score_stream.csv
unsw_nb15_calibrated_anchor,default,default,transient_overload,xai_gate,8,5000,0.2470317204896003,1.0371861158988016,53.269558559999986,0.6801800324894902,0.731419861005651,0.7735112278865126,3950.2969831782357,1.0,0.23969332567307883,0.1551597757394457,0.5631450957850873,4.218340499994242,0.20120270191482614,0.0146,0.0,10.0954,56.0294,calibrated:/Users/let/Documents/DO_A_PAPER_May_18/Papers/Paper_xAI_in_Cyber_2/6_Analysis_Results/xai_surfacebench/data/unsw_nb15/unsw_nb15_score_stream.csv
unsw_nb15_calibrated_anchor,default,default,non_markovian,never_explain,8,5000,0.13276314545970033,1.2968230769230937,67.4348,0.0,0.0,0.0,18187.320619116173,0.0,0.0,0.0,0.0,0.0,0.1243096801083714,0.0,0.0,9.2794,55.0228,calibrated:/Users/let/Documents/DO_A_PAPER_May_18/Papers/Paper_xAI_in_Cyber_2/6_Analysis_Results/xai_surfacebench/data/unsw_nb15/unsw_nb15_score_stream.csv
unsw_nb15_calibrated_anchor,default,default,non_markovian,always_explain,8,5000,0.13908084477845872,1.3323288198093077,68.17276600000004,1.0,1.0,0.8499999999999498,0.0,2.20362499999987,0.0,0.0,0.0,9.333,0.12350623508040726,0.093,0.5476,9.333,55.3802,calibrated:/Users/let/Documents/DO_A_PAPER_May_18/Papers/Paper_xAI_in_Cyber_2/6_Analysis_Results/xai_surfacebench/data/unsw_nb15/unsw_nb15_score_stream.csv
unsw_nb15_calibrated_anchor,default,default,non_markovian,threshold_explain,8,5000,0.13271529404886312,1.241204067392751,63.842238959999904,0.6117568651249686,0.8268455325461816,0.5104792041439946,1598.7199792762465,1.2808916666666437,0.0,0.0,0.0,5.532527999999953,0.12398993405490466,0.051,0.2126,9.2278,54.7324,calibrated:/Users/let/Documents/DO_A_PAPER_May_18/Papers/Paper_xAI_in_Cyber_2/6_Analysis_Results/xai_surfacebench/data/unsw_nb15/unsw_nb15_score_stream.csv
unsw_nb15_calibrated_anchor,default,default,non_markovian,rate_limited,8,5000,0.13678591851478836,1.2639005516221675,65.20862720000007,0.6363126856449316,0.7277790538142963,0.681452854324297,3781.5686862886555,1.1492833333333372,0.0,0.0,0.0,5.357112000000048,0.12196023770776776,0.0,0.1284,9.2246,54.8124,calibrated:/Users/let/Documents/DO_A_PAPER_May_18/Papers/Paper_xAI_in_Cyber_2/6_Analysis_Results/xai_surfacebench/data/unsw_nb15/unsw_nb15_score_stream.csv
unsw_nb15_calibrated_anchor,default,default,non_markovian,fifo_explanation,8,5000,0.138673981555022,1.2596185852346455,64.82191499999995,0.8223156367360874,0.7574781311731412,0.876652654489534,1969.9645278408657,1.819802777777709,0.0,0.0,0.0,7.7074,0.1330521495568866,0.0,0.451,9.3728,55.1478,calibrated:/Users/let/Documents/DO_A_PAPER_May_18/Papers/Paper_xAI_in_Cyber_2/6_Analysis_Results/xai_surfacebench/data/unsw_nb15/unsw_nb15_score_stream.csv
unsw_nb15_calibrated_anchor,default,default,non_markovian,static_coarse_full,8,5000,0.13601941673568418,1.1937169951085893,61.37837475999985,0.6165500456343369,0.8283231946826011,0.5142433395627755,1532.8664713959697,1.2862583333333166,0.0,0.0,0.0,5.558471999999955,0.12426310170357069,0.0548,0.2118,9.2036,54.5756,calibrated:/Users/let/Documents/DO_A_PAPER_May_18/Papers/Paper_xAI_in_Cyber_2/6_Analysis_Results/xai_surfacebench/data/unsw_nb15/unsw_nb15_score_stream.csv
unsw_nb15_calibrated_anchor,default,default,non_markovian,static_offload,8,5000,0.13936644721364644,1.2247823130173228,63.558139560000086,0.560031378073797,0.7023713334081675,0.8268850324454076,1429.4069380085123,1.5442166666666426,0.5860869193989071,0.0,0.0,1.068407999999982,0.13039418298690464,0.0,0.3602,9.3696,55.2586,calibrated:/Users/let/Documents/DO_A_PAPER_May_18/Papers/Paper_xAI_in_Cyber_2/6_Analysis_Results/xai_surfacebench/data/unsw_nb15/unsw_nb15_score_stream.csv
unsw_nb15_calibrated_anchor,default,default,non_markovian,budget_only_bexgov,8,5000,0.13725207406565285,1.1807165355874314,60.95086915999992,0.4571706906595956,0.6723403450465859,0.4321833128357828,5752.949374351362,0.5718294444444991,0.0,0.5463568299997842,0.0,3.6314000000000566,0.13313554131811678,0.0012,0.0,9.2694,54.5354,calibrated:/Users/let/Documents/DO_A_PAPER_May_18/Papers/Paper_xAI_in_Cyber_2/6_Analysis_Results/xai_surfacebench/data/unsw_nb15/unsw_nb15_score_stream.csv
unsw_nb15_calibrated_anchor,default,default,non_markovian,xai_gate,8,5000,0.13882711417967036,1.3631685057244443,70.49665215999987,0.6767325005385257,0.7494538155721813,0.7424141718716191,772.2000182238863,0.9555061111112442,0.22158087443463279,0.17480077536075814,0.4535645057075167,3.970867999999701,0.1230152827311346,0.005,0.0,9.286,55.1254,calibrated:/Users/let/Documents/DO_A_PAPER_May_18/Papers/Paper_xAI_in_Cyber_2/6_Analysis_Results/xai_surfacebench/data/unsw_nb15/unsw_nb15_score_stream.csv
unsw_nb15_calibrated_anchor,default,default,rtt_uncertainty,never_explain,8,5000,0.0,0.013453846153846167,0.6996,0.0,0.0,0.0,12492.137092754354,0.0,0.0,0.0,0.0,0.0,0.08656330174219073,0.0,0.0,7.3226,44.9282,calibrated:/Users/let/Documents/DO_A_PAPER_May_18/Papers/Paper_xAI_in_Cyber_2/6_Analysis_Results/xai_surfacebench/data/unsw_nb15/unsw_nb15_score_stream.csv
unsw_nb15_calibrated_anchor,default,default,rtt_uncertainty,always_explain,8,5000,0.0,0.01977050371337049,1.0181750000000012,1.0,1.0,0.8499999999999674,0.0,1.7254527777777118,0.0,0.0,0.0,7.3078,0.08015508069606203,0.0002,0.421,7.3078,45.1034,calibrated:/Users/let/Documents/DO_A_PAPER_May_18/Papers/Paper_xAI_in_Cyber_2/6_Analysis_Results/xai_surfacebench/data/unsw_nb15/unsw_nb15_score_stream.csv
unsw_nb15_calibrated_anchor,default,default,rtt_uncertainty,threshold_explain,8,5000,0.0,0.015545027578514939,0.8037957200000001,0.6077005318274231,0.8230951370606582,0.5065710839410072,5.057929538244038,1.0037111111111308,0.0,0.0,0.0,4.340175999999997,0.08173828979305675,0.0,0.0032,7.2956,44.9622,calibrated:/Users/let/Documents/DO_A_PAPER_May_18/Papers/Paper_xAI_in_Cyber_2/6_Analysis_Results/xai_surfacebench/data/unsw_nb15/unsw_nb15_score_stream.csv
unsw_nb15_calibrated_anchor,default,default,rtt_uncertainty,rate_limited,8,5000,0.0,0.016606560690781792,0.8576668799999998,0.7663238194368668,0.8712793119788943,0.595080530294724,0.22727340162250756,1.0776972222222265,0.0,0.0,0.0,5.068016000000046,0.08156469598398042,0.0,0.0702,7.3016,45.0064,calibrated:/Users/let/Documents/DO_A_PAPER_May_18/Papers/Paper_xAI_in_Cyber_2/6_Analysis_Results/xai_surfacebench/data/unsw_nb15/unsw_nb15_score_stream.csv
unsw_nb15_calibrated_anchor,default,default,rtt_uncertainty,fifo_explanation,8,5000,0.0,0.01717067508742075,0.8844469999999987,0.9924953095684803,0.9896156063179615,0.8511257035646919,0.08989373382859511,1.7236583333332596,0.0,0.0,0.0,7.3002,0.09050313122687181,0.0,0.4222,7.3554,44.9664,calibrated:/Users/let/Documents/DO_A_PAPER_May_18/Papers/Paper_xAI_in_Cyber_2/6_Analysis_Results/xai_surfacebench/data/unsw_nb15/unsw_nb15_score_stream.csv
unsw_nb15_calibrated_anchor,default,default,rtt_uncertainty,static_coarse_full,8,5000,0.0,0.01614566862307456,0.8349787199999998,0.6044710188804076,0.8223948820593109,0.5041256123740886,6.30036430014798,0.9954972222222491,0.0,0.0,0.0,4.302367999999998,0.07816823566940556,0.0,0.0,7.2668,44.933,calibrated:/Users/let/Documents/DO_A_PAPER_May_18/Papers/Paper_xAI_in_Cyber_2/6_Analysis_Results/xai_surfacebench/data/unsw_nb15/unsw_nb15_score_stream.csv
unsw_nb15_calibrated_anchor,default,default,rtt_uncertainty,static_offload,8,5000,0.0,0.014602945116105041,0.758547919999999,0.5456814319390545,0.6950739448336362,0.9947946503116952,3.444175698960346,1.1696388888888856,0.5697878405789156,0.0,0.0,0.8144240000000266,0.08448598241968819,0.0,0.1432,7.2964,44.8532,calibrated:/Users/let/Documents/DO_A_PAPER_May_18/Papers/Paper_xAI_in_Cyber_2/6_Analysis_Results/xai_surfacebench/data/unsw_nb15/unsw_nb15_score_stream.csv
unsw_nb15_calibrated_anchor,default,default,rtt_uncertainty,budget_only_bexgov,8,5000,0.0,0.015840930227000484,0.8206635399999995,0.4580036031042152,0.6756312271653845,0.42648420177384283,2416.944374062499,0.44690222222224557,0.0,0.5343957871396896,0.0,2.8281800000000317,0.07083127432780145,0.0,0.0,7.216,44.9246,calibrated:/Users/let/Documents/DO_A_PAPER_May_18/Papers/Paper_xAI_in_Cyber_2/6_Analysis_Results/xai_surfacebench/data/unsw_nb15/unsw_nb15_score_stream.csv
unsw_nb15_calibrated_anchor,default,default,rtt_uncertainty,xai_gate,8,5000,0.0,0.01516471342769668,0.7834902199999991,0.7375092559581683,0.848862846548725,0.6342473038369357,14.796350725502247,0.8780794444444537,0.011902476483010174,0.16808819899624278,0.2077174121712421,4.725803999999592,0.08519864405972566,0.0,0.0,7.2926,44.8004,calibrated:/Users/let/Documents/DO_A_PAPER_May_18/Papers/Paper_xAI_in_Cyber_2/6_Analysis_Results/xai_surfacebench/data/unsw_nb15/unsw_nb15_score_stream.csv
unsw_nb15_calibrated_anchor,default,default,adversarial_explanation_flood,never_explain,9,5000,0.0,0.01399230769230771,0.7276,0.0,0.0,0.0,29400.58966061412,0.0,0.0,0.0,0.0,0.0,0.7917587278441882,0.0,0.0,12.0912,44.9882,calibrated:/Users/let/Documents/DO_A_PAPER_May_18/Papers/Paper_xAI_in_Cyber_2/6_Analysis_Results/xai_surfacebench/data/unsw_nb15/unsw_nb15_score_stream.csv
unsw_nb15_calibrated_anchor,default,default,adversarial_explanation_flood,always_explain,9,5000,0.0,0.01974002956755977,1.0099289999999999,1.0,1.0,0.8499999999999232,0.0,2.886694444444183,0.0,0.0,0.0,12.226,0.8088314055504766,0.0422,0.6554,12.226,45.0604,calibrated:/Users/let/Documents/DO_A_PAPER_May_18/Papers/Paper_xAI_in_Cyber_2/6_Analysis_Results/xai_surfacebench/data/unsw_nb15/unsw_nb15_score_stream.csv
unsw_nb15_calibrated_anchor,default,default,adversarial_explanation_flood,threshold_explain,9,5000,0.0,0.021313234274885556,1.0940285999999997,0.8215420246053661,0.9276340136262484,0.6919252311886931,851.2870501711863,2.315833333333194,0.0,0.0,0.0,9.903503999999728,0.8003448041329164,0.0062,0.5654,12.1762,45.0884,calibrated:/Users/let/Documents/DO_A_PAPER_May_18/Papers/Paper_xAI_in_Cyber_2/6_Analysis_Results/xai_surfacebench/data/unsw_nb15/unsw_nb15_score_stream.csv
unsw_nb15_calibrated_anchor,default,default,adversarial_explanation_flood,rate_limited,9,5000,0.0,0.018460797661742866,0.9496827600000041,0.7741363673839476,0.8502467852816681,0.8214197378184378,4820.127075412281,2.1298611111109977,0.0,0.0,0.0,9.200799999999639,0.7931988840740969,0.0004,0.5294,12.129,45.0926,calibrated:/Users/let/Documents/DO_A_PAPER_May_18/Papers/Paper_xAI_in_Cyber_2/6_Analysis_Results/xai_surfacebench/data/unsw_nb15/unsw_nb15_score_stream.csv
unsw_nb15_calibrated_anchor,default,default,adversarial_explanation_flood,fifo_explanation,9,5000,0.0,0.0185191987099692,0.9511309999999934,0.8827614716825134,0.8662158028045212,0.8675857792475474,2447.822941940092,2.5209583333331245,0.0,0.0,0.0,10.677,0.790562646746191,0.0,0.6016,12.095,45.0324,calibrated:/Users/let/Documents/DO_A_PAPER_May_18/Papers/Paper_xAI_in_Cyber_2/6_Analysis_Results/xai_surfacebench/data/unsw_nb15/unsw_nb15_score_stream.csv
unsw_nb15_calibrated_anchor,default,default,adversarial_explanation_flood,static_coarse_full,9,5000,0.0,0.020159399880469515,1.0348058000000002,0.8203402990005685,0.9269671864715071,0.6908234905426407,857.600751884849,2.298661111110966,0.0,0.0,0.0,9.831423999999718,0.7939565283748025,0.0072,0.5648,12.107,44.9918,calibrated:/Users/let/Documents/DO_A_PAPER_May_18/Papers/Paper_xAI_in_Cyber_2/6_Analysis_Results/xai_surfacebench/data/unsw_nb15/unsw_nb15_score_stream.csv
unsw_nb15_calibrated_anchor,default,default,adversarial_explanation_flood,static_offload,9,5000,0.0,0.015217011565196564,0.7894933600000004,0.7418909019876099,0.7822645788963842,1.116622877700262,255.13458515543854,2.748299999999903,0.8005241653236965,0.0,0.0,1.7374079999999685,0.8183271248373882,0.0,0.6382,12.2862,45.0458,calibrated:/Users/let/Documents/DO_A_PAPER_May_18/Papers/Paper_xAI_in_Cyber_2/6_Analysis_Results/xai_surfacebench/data/unsw_nb15/unsw_nb15_score_stream.csv
unsw_nb15_calibrated_anchor,default,default,adversarial_explanation_flood,budget_only_bexgov,9,5000,0.0,0.016697141087097946,0.8611530600000011,0.5938883642166558,0.7353759697856949,0.5638624743543773,8155.112751484648,0.910075555555569,0.0,0.6637737323737258,0.1101866024033608,6.228095999999865,0.8138214767756786,0.0,0.0,12.2828,45.1452,calibrated:/Users/let/Documents/DO_A_PAPER_May_18/Papers/Paper_xAI_in_Cyber_2/6_Analysis_Results/xai_surfacebench/data/unsw_nb15/unsw_nb15_score_stream.csv
unsw_nb15_calibrated_anchor,default,default,adversarial_explanation_flood,xai_gate,9,5000,0.0,0.016396733866700642,0.8454428124997933,0.6159334593850615,0.6736509384467518,0.6676995846890916,4249.873509272779,1.0,0.004425582509041069,0.15132850042109086,0.43357704311572337,6.554875499995437,0.8038055749170401,0.0024,0.0,12.1114,44.7624,calibrated:/Users/let/Documents/DO_A_PAPER_May_18/Papers/Paper_xAI_in_Cyber_2/6_Analysis_Results/xai_surfacebench/data/unsw_nb15/unsw_nb15_score_stream.csv
unsw_nb15_calibrated_anchor,default,default,transient_overload,never_explain,9,5000,0.2448715566165854,1.0263384615384767,53.3696,0.0,0.0,0.0,20592.478668148353,0.0,0.0,0.0,0.0,0.0,0.20714384420015408,0.0,0.0,10.1332,55.9624,calibrated:/Users/let/Documents/DO_A_PAPER_May_18/Papers/Paper_xAI_in_Cyber_2/6_Analysis_Results/xai_surfacebench/data/unsw_nb15/unsw_nb15_score_stream.csv
unsw_nb15_calibrated_anchor,default,default,transient_overload,always_explain,9,5000,0.24906326575678148,1.052654904570731,53.28998300000001,1.0,1.0,0.8499999999999437,0.0,2.393599999999841,0.0,0.0,0.0,10.1376,0.20355596079325178,0.2006,0.526,10.1376,56.1536,calibrated:/Users/let/Documents/DO_A_PAPER_May_18/Papers/Paper_xAI_in_Cyber_2/6_Analysis_Results/xai_surfacebench/data/unsw_nb15/unsw_nb15_score_stream.csv
unsw_nb15_calibrated_anchor,default,default,transient_overload,threshold_explain,9,5000,0.24933152935215827,1.043293881269366,53.25314623999993,0.6386105636578778,0.8414180108784948,0.5335277887268314,3016.8634928969027,1.474305555555483,0.0,0.0,0.0,6.359647999999907,0.20693571770929697,0.0966,0.4256,10.148,56.0538,calibrated:/Users/let/Documents/DO_A_PAPER_May_18/Papers/Paper_xAI_in_Cyber_2/6_Analysis_Results/xai_surfacebench/data/unsw_nb15/unsw_nb15_score_stream.csv
unsw_nb15_calibrated_anchor,default,default,transient_overload,rate_limited,9,5000,0.24736762062492015,1.0367759790688025,53.34705628000003,0.5555042141794901,0.6473992235346203,0.7676003966286414,10421.503344974552,1.1498972222221688,0.0,0.0,0.0,5.227783999999956,0.1998838783673491,0.0,0.1842,10.085,56.0332,calibrated:/Users/let/Documents/DO_A_PAPER_May_18/Papers/Paper_xAI_in_Cyber_2/6_Analysis_Results/xai_surfacebench/data/unsw_nb15/unsw_nb15_score_stream.csv
unsw_nb15_calibrated_anchor,default,default,transient_overload,fifo_explanation,9,5000,0.24907733205997395,1.0357180992713115,53.17676499999993,0.71774989148021,0.6226987253965398,0.8923375162779104,10356.355898591468,1.7178027777777056,0.0,0.0,0.0,7.2754,0.20404388837613507,0.0,0.443,10.1364,56.1242,calibrated:/Users/let/Documents/DO_A_PAPER_May_18/Papers/Paper_xAI_in_Cyber_2/6_Analysis_Results/xai_surfacebench/data/unsw_nb15/unsw_nb15_score_stream.csv
unsw_nb15_calibrated_anchor,default,default,transient_overload,static_coarse_full,9,5000,0.2489343770040901,1.0429969983752243,53.23979579999996,0.6407131093871051,0.8421181332345408,0.5352100240084016,2902.100544008812,1.4687749999999302,0.0,0.0,0.0,6.3367439999999124,0.19708608264807936,0.0926,0.426,10.0798,56.1352,calibrated:/Users/let/Documents/DO_A_PAPER_May_18/Papers/Paper_xAI_in_Cyber_2/6_Analysis_Results/xai_surfacebench/data/unsw_nb15/unsw_nb15_score_stream.csv
unsw_nb15_calibrated_anchor,default,default,transient_overload,static_offload,9,5000,0.2463494157756639,1.027265712537368,53.23876543999999,0.5787170346444243,0.7114757374434344,0.855943119374539,2831.321658208955,1.7331999999999537,0.607310972367203,0.0,0.0,1.1897759999999187,0.20838465154193053,0.0,0.464,10.1546,56.023,calibrated:/Users/let/Documents/DO_A_PAPER_May_18/Papers/Paper_xAI_in_Cyber_2/6_Analysis_Results/xai_surfacebench/data/unsw_nb15/unsw_nb15_score_stream.csv
unsw_nb15_calibrated_anchor,default,default,transient_overload,budget_only_bexgov,9,5000,0.24612593191480245,1.0366618023211727,53.27592268000005,0.4737634216886649,0.68208445339059,0.44663714885692,6697.737143359214,0.6454366666667324,0.0,0.5674551289670747,0.0,4.099511999999971,0.20121792331937582,0.0,0.0,10.0956,56.0298,calibrated:/Users/let/Documents/DO_A_PAPER_May_18/Papers/Paper_xAI_in_Cyber_2/6_Analysis_Results/xai_surfacebench/data/unsw_nb15/unsw_nb15_score_stream.csv
unsw_nb15_calibrated_anchor,default,default,transient_overload,xai_gate,9,5000,0.2487894474632848,1.040568880464976,53.445809660000016,0.6776624458015833,0.7294845181890864,0.7728722654715637,3962.282957699184,1.0,0.23904217579818685,0.15492707922743398,0.5629212652728557,4.221933499994347,0.2037402777332975,0.0192,0.0,10.148,56.2026,calibrated:/Users/let/Documents/DO_A_PAPER_May_18/Papers/Paper_xAI_in_Cyber_2/6_Analysis_Results/xai_surfacebench/data/unsw_nb15/unsw_nb15_score_stream.csv
unsw_nb15_calibrated_anchor,default,default,non_markovian,never_explain,9,5000,0.13878292991863567,1.1480115384615506,59.6966,0.0,0.0,0.0,18131.73380235941,0.0,0.0,0.0,0.0,0.0,0.13111859820237037,0.0,0.0,9.2962,54.7906,calibrated:/Users/let/Documents/DO_A_PAPER_May_18/Papers/Paper_xAI_in_Cyber_2/6_Analysis_Results/xai_surfacebench/data/unsw_nb15/unsw_nb15_score_stream.csv
unsw_nb15_calibrated_anchor,default,default,non_markovian,always_explain,9,5000,0.14111257829509596,1.2476449755070464,63.79128199999996,1.0,1.0,0.8499999999999499,0.0,2.2042388888887587,0.0,0.0,0.0,9.3356,0.1273286262689941,0.0982,0.5418,9.3356,55.2078,calibrated:/Users/let/Documents/DO_A_PAPER_May_18/Papers/Paper_xAI_in_Cyber_2/6_Analysis_Results/xai_surfacebench/data/unsw_nb15/unsw_nb15_score_stream.csv
unsw_nb15_calibrated_anchor,default,default,non_markovian,threshold_explain,9,5000,0.14035220269361515,1.321847423151165,67.98451671999989,0.6182436327149486,0.8304005421306536,0.5160393672210185,1631.9140656790307,1.314986111111082,0.0,0.0,0.0,5.678031999999943,0.13514725216137524,0.0588,0.2368,9.3682,55.019,calibrated:/Users/let/Documents/DO_A_PAPER_May_18/Papers/Paper_xAI_in_Cyber_2/6_Analysis_Results/xai_surfacebench/data/unsw_nb15/unsw_nb15_score_stream.csv
unsw_nb15_calibrated_anchor,default,default,non_markovian,rate_limited,9,5000,0.1377859602773634,1.3267609933827995,68.45288072,0.6385973731496773,0.7319028844151706,0.6816109780097436,3946.0376603081204,1.1704388888888853,0.0,0.0,0.0,5.452232000000047,0.1278873946254777,0.0004,0.145,9.3496,55.2632,calibrated:/Users/let/Documents/DO_A_PAPER_May_18/Papers/Paper_xAI_in_Cyber_2/6_Analysis_Results/xai_surfacebench/data/unsw_nb15/unsw_nb15_score_stream.csv
unsw_nb15_calibrated_anchor,default,default,non_markovian,fifo_explanation,9,5000,0.1402911006175089,1.2702807823008453,65.369782,0.8279549114331723,0.764631465721549,0.8758067632849694,1889.9158424599088,1.8209833333332435,0.0,0.0,0.0,7.7124,0.12786051580094382,0.0,0.4506,9.315,55.06,calibrated:/Users/let/Documents/DO_A_PAPER_May_18/Papers/Paper_xAI_in_Cyber_2/6_Analysis_Results/xai_surfacebench/data/unsw_nb15/unsw_nb15_score_stream.csv
unsw_nb15_calibrated_anchor,default,default,non_markovian,static_coarse_full,9,5000,0.1367770317749341,1.293826444706189,66.55689667999978,0.6162933408504668,0.8285001530164418,0.5141151852895833,1573.4189861656157,1.2889583333333097,0.0,0.0,0.0,5.5691279999999574,0.12638043702593738,0.0514,0.2222,9.2234,54.5902,calibrated:/Users/let/Documents/DO_A_PAPER_May_18/Papers/Paper_xAI_in_Cyber_2/6_Analysis_Results/xai_surfacebench/data/unsw_nb15/unsw_nb15_score_stream.csv
unsw_nb15_calibrated_anchor,default,default,non_markovian,static_offload,9,5000,0.1395992131517118,1.3117689276789684,68.07505300000003,0.5649553330016922,0.7046413766715601,0.8343338885164141,1228.9936053651984,1.537694444444415,0.5914429711665333,0.0,0.0,1.062855999999988,0.12796227031959817,0.0,0.345,9.2462,54.6484,calibrated:/Users/let/Documents/DO_A_PAPER_May_18/Papers/Paper_xAI_in_Cyber_2/6_Analysis_Results/xai_surfacebench/data/unsw_nb15/unsw_nb15_score_stream.csv
unsw_nb15_calibrated_anchor,default,default,non_markovian,budget_only_bexgov,9,5000,0.13574985079834695,1.3485887731668145,69.66054108,0.45685435096102767,0.6717071453249649,0.4312347990787977,5830.089874348187,0.5717038888889442,0.0,0.5452530078990981,0.0,3.6349240000000638,0.12579098683899703,0.002,0.0,9.2922,55.0262,calibrated:/Users/let/Documents/DO_A_PAPER_May_18/Papers/Paper_xAI_in_Cyber_2/6_Analysis_Results/xai_surfacebench/data/unsw_nb15/unsw_nb15_score_stream.csv
unsw_nb15_calibrated_anchor,default,default,non_markovian,xai_gate,9,5000,0.14041275318747407,1.1706351858496689,60.511255139999975,0.6798083233728957,0.7547188794227132,0.7422640443333566,709.4169735118571,0.9510716666667929,0.2148429859828317,0.1754427903944366,0.4574377920243399,4.0177119999996656,0.1219859504877856,0.0054,0.0,9.203,54.6828,calibrated:/Users/let/Documents/DO_A_PAPER_May_18/Papers/Paper_xAI_in_Cyber_2/6_Analysis_Results/xai_surfacebench/data/unsw_nb15/unsw_nb15_score_stream.csv
unsw_nb15_calibrated_anchor,default,default,rtt_uncertainty,never_explain,9,5000,0.0,0.014811538461538456,0.7702,0.0,0.0,0.0,12071.992056376544,0.0,0.0,0.0,0.0,0.0,0.07534445809810397,0.0,0.0,7.2458,44.9208,calibrated:/Users/let/Documents/DO_A_PAPER_May_18/Papers/Paper_xAI_in_Cyber_2/6_Analysis_Results/xai_surfacebench/data/unsw_nb15/unsw_nb15_score_stream.csv
unsw_nb15_calibrated_anchor,default,default,rtt_uncertainty,always_explain,9,5000,0.0,0.01763482406430212,0.9082549999999996,1.0,1.0,0.849999999999968,0.0,1.71666944444438,0.0,0.0,0.0,7.2706,0.07866002017684548,0.0,0.4194,7.2706,44.936,calibrated:/Users/let/Documents/DO_A_PAPER_May_18/Papers/Paper_xAI_in_Cyber_2/6_Analysis_Results/xai_surfacebench/data/unsw_nb15/unsw_nb15_score_stream.csv
unsw_nb15_calibrated_anchor,default,default,rtt_uncertainty,threshold_explain,9,5000,0.0,0.016926016773124348,0.87509312,0.601377011557081,0.8193878157991356,0.5011065271440712,5.87288757383652,0.9957777777778044,0.0,0.0,0.0,4.307679999999995,0.08464279628683147,0.0,0.0,7.3202,44.993,calibrated:/Users/let/Documents/DO_A_PAPER_May_18/Papers/Paper_xAI_in_Cyber_2/6_Analysis_Results/xai_surfacebench/data/unsw_nb15/unsw_nb15_score_stream.csv
unsw_nb15_calibrated_anchor,default,default,rtt_uncertainty,rate_limited,9,5000,0.0,0.015100929076353967,0.7800299600000005,0.7630820521298624,0.8681744080112802,0.591544056868902,0.203088875964883,1.0624666666666847,0.0,0.0,0.0,5.007504000000045,0.07679436058103462,0.0,0.0594,7.2588,44.9408,calibrated:/Users/let/Documents/DO_A_PAPER_May_18/Papers/Paper_xAI_in_Cyber_2/6_Analysis_Results/xai_surfacebench/data/unsw_nb15/unsw_nb15_score_stream.csv
unsw_nb15_calibrated_anchor,default,default,rtt_uncertainty,fifo_explanation,9,5000,0.0,0.017592238455327477,0.9062599999999982,0.9914029131529953,0.9880447137081112,0.8512895630270131,0.10540261599758731,1.7099166666665917,0.0,0.0,0.0,7.242,0.08111628127257275,0.0,0.4174,7.3048,45.0448,calibrated:/Users/let/Documents/DO_A_PAPER_May_18/Papers/Paper_xAI_in_Cyber_2/6_Analysis_Results/xai_surfacebench/data/unsw_nb15/unsw_nb15_score_stream.csv
unsw_nb15_calibrated_anchor,default,default,rtt_uncertainty,static_coarse_full,9,5000,0.0,0.01831384865965753,0.9470112800000005,0.605470654287534,0.8215036631573597,0.5045654972201704,7.231783371901429,1.0003527777777996,0.0,0.0,0.0,4.3270240000000015,0.0840154261335817,0.0,0.0004,7.3026,44.9108,calibrated:/Users/let/Documents/DO_A_PAPER_May_18/Papers/Paper_xAI_in_Cyber_2/6_Analysis_Results/xai_surfacebench/data/unsw_nb15/unsw_nb15_score_stream.csv
unsw_nb15_calibrated_anchor,default,default,rtt_uncertainty,static_offload,9,5000,0.0,0.014398783981314167,0.7479422400000001,0.5469042248872429,0.6956886504978509,0.9976161516834381,3.217823755337926,1.1683166666666616,0.5711299372868303,0.0,0.0,0.8132400000000286,0.07601923788382825,0.0,0.1468,7.2712,45.05,calibrated:/Users/let/Documents/DO_A_PAPER_May_18/Papers/Paper_xAI_in_Cyber_2/6_Analysis_Results/xai_surfacebench/data/unsw_nb15/unsw_nb15_score_stream.csv
unsw_nb15_calibrated_anchor,default,default,rtt_uncertainty,budget_only_bexgov,9,5000,0.0,0.016581408712967045,0.8588554599999989,0.4579591002045035,0.6751378928090193,0.4265644171779211,2641.904863951056,0.4523833333333565,0.0,0.5368779822767553,0.0,2.8717280000000414,0.08503670042336475,0.0,0.0,7.335,45.0676,calibrated:/Users/let/Documents/DO_A_PAPER_May_18/Papers/Paper_xAI_in_Cyber_2/6_Analysis_Results/xai_surfacebench/data/unsw_nb15/unsw_nb15_score_stream.csv
unsw_nb15_calibrated_anchor,default,default,rtt_uncertainty,xai_gate,9,5000,0.0,0.016875847663194388,0.8721740000000007,0.7369993968637648,0.8480248122078682,0.6339951693142348,15.631591316795102,0.8757283333333422,0.012007895602588003,0.1643820594363417,0.2129893628687356,4.722443999999562,0.08313883395394783,0.0,0.0,7.2952,44.9016,calibrated:/Users/let/Documents/DO_A_PAPER_May_18/Papers/Paper_xAI_in_Cyber_2/6_Analysis_Results/xai_surfacebench/data/unsw_nb15/unsw_nb15_score_stream.csv
unsw_nb15_calibrated_anchor,default,default,adversarial_explanation_flood,never_explain,10,5000,0.0,0.014842307692307688,0.7718,0.0,0.0,0.0,29859.85407345006,0.0,0.0,0.0,0.0,0.0,0.8090070858904737,0.0,0.0,12.2032,44.972,calibrated:/Users/let/Documents/DO_A_PAPER_May_18/Papers/Paper_xAI_in_Cyber_2/6_Analysis_Results/xai_surfacebench/data/unsw_nb15/unsw_nb15_score_stream.csv
unsw_nb15_calibrated_anchor,default,default,adversarial_explanation_flood,always_explain,10,5000,0.0,0.019674547841358612,1.006811000000001,1.0,1.0,0.8499999999999218,0.0,2.8614777777775147,0.0,0.0,0.0,12.1192,0.7974741744347351,0.0402,0.6508,12.1192,44.949,calibrated:/Users/let/Documents/DO_A_PAPER_May_18/Papers/Paper_xAI_in_Cyber_2/6_Analysis_Results/xai_surfacebench/data/unsw_nb15/unsw_nb15_score_stream.csv
unsw_nb15_calibrated_anchor,default,default,adversarial_explanation_flood,threshold_explain,10,5000,0.0,0.018299824396387467,0.9394244799999993,0.8218135506031764,0.9278217829350914,0.6921850886945374,770.0468686408271,2.29330555555542,0.0,0.0,0.0,9.806695999999713,0.7886786964606698,0.0054,0.5654,12.0526,44.9218,calibrated:/Users/let/Documents/DO_A_PAPER_May_18/Papers/Paper_xAI_in_Cyber_2/6_Analysis_Results/xai_surfacebench/data/unsw_nb15/unsw_nb15_score_stream.csv
unsw_nb15_calibrated_anchor,default,default,adversarial_explanation_flood,rate_limited,10,5000,0.0,0.019724135918164933,1.014690800000006,0.7731363125908204,0.8492004294342167,0.8187574316289967,4712.123441790319,2.1198194444443135,0.0,0.0,0.0,9.166095999999607,0.7906157681354822,0.0006,0.5282,12.1104,45.0884,calibrated:/Users/let/Documents/DO_A_PAPER_May_18/Papers/Paper_xAI_in_Cyber_2/6_Analysis_Results/xai_surfacebench/data/unsw_nb15/unsw_nb15_score_stream.csv
unsw_nb15_calibrated_anchor,default,default,adversarial_explanation_flood,fifo_explanation,10,5000,0.0,0.02091262050813829,1.0741299999999907,0.8798204213192126,0.86321992805591,0.868026936802044,2604.6737480551874,2.5264361111108955,0.0,0.0,0.0,10.7002,0.8027657092373672,0.0,0.6048,12.1618,44.9746,calibrated:/Users/let/Documents/DO_A_PAPER_May_18/Papers/Paper_xAI_in_Cyber_2/6_Analysis_Results/xai_surfacebench/data/unsw_nb15/unsw_nb15_score_stream.csv
unsw_nb15_calibrated_anchor,default,default,adversarial_explanation_flood,static_coarse_full,10,5000,0.0,0.019726224170920355,1.0128126800000006,0.8218412981102097,0.9276419694865552,0.6921457075953743,854.9468388626595,2.3073555555554086,0.0,0.0,0.0,9.867727999999722,0.7966961908867505,0.0064,0.569,12.1284,45.0026,calibrated:/Users/let/Documents/DO_A_PAPER_May_18/Papers/Paper_xAI_in_Cyber_2/6_Analysis_Results/xai_surfacebench/data/unsw_nb15/unsw_nb15_score_stream.csv
unsw_nb15_calibrated_anchor,default,default,adversarial_explanation_flood,static_offload,10,5000,0.0,0.014936031988906362,0.7749509599999995,0.7411348046525662,0.7820631387398874,1.1155199323989204,93.81595539412454,2.6974722222221303,0.7997481525665242,0.0,0.0,1.7050159999999628,0.7938155360582055,0.0,0.627,12.0708,44.8608,calibrated:/Users/let/Documents/DO_A_PAPER_May_18/Papers/Paper_xAI_in_Cyber_2/6_Analysis_Results/xai_surfacebench/data/unsw_nb15/unsw_nb15_score_stream.csv
unsw_nb15_calibrated_anchor,default,default,adversarial_explanation_flood,budget_only_bexgov,10,5000,0.0,0.01769068311449273,0.9124987400000008,0.5939894757678965,0.7368508099279775,0.5639817228068948,7896.713817761873,0.9068383333333488,0.0,0.6715878723895615,0.09903995249249448,6.155451999999865,0.794452831305682,0.0,0.0,12.1244,45.044,calibrated:/Users/let/Documents/DO_A_PAPER_May_18/Papers/Paper_xAI_in_Cyber_2/6_Analysis_Results/xai_surfacebench/data/unsw_nb15/unsw_nb15_score_stream.csv
unsw_nb15_calibrated_anchor,default,default,adversarial_explanation_flood,xai_gate,10,5000,0.0,0.015158483306800667,0.7813881400000005,0.616075520446102,0.6738814892528667,0.6662213156029383,4250.727085256264,1.0,0.0021626797417991514,0.14859755996896307,0.43583981311739395,6.582455499995535,0.8051451688607749,0.0014,0.0,12.1146,44.741,calibrated:/Users/let/Documents/DO_A_PAPER_May_18/Papers/Paper_xAI_in_Cyber_2/6_Analysis_Results/xai_surfacebench/data/unsw_nb15/unsw_nb15_score_stream.csv
unsw_nb15_calibrated_anchor,default,default,transient_overload,never_explain,10,5000,0.24398923797579616,1.0245192307692461,53.275,0.0,0.0,0.0,20432.98747145365,0.0,0.0,0.0,0.0,0.0,0.19925823498515816,0.0,0.0,10.0692,55.9746,calibrated:/Users/let/Documents/DO_A_PAPER_May_18/Papers/Paper_xAI_in_Cyber_2/6_Analysis_Results/xai_surfacebench/data/unsw_nb15/unsw_nb15_score_stream.csv
unsw_nb15_calibrated_anchor,default,default,transient_overload,always_explain,10,5000,0.2511346950501512,1.0535103690091978,53.34842800000003,1.0,1.0,0.8499999999999424,0.0,2.3834472222220606,0.0,0.0,0.0,10.0946,0.19343519608817017,0.1968,0.5248,10.0946,56.3896,calibrated:/Users/let/Documents/DO_A_PAPER_May_18/Papers/Paper_xAI_in_Cyber_2/6_Analysis_Results/xai_surfacebench/data/unsw_nb15/unsw_nb15_score_stream.csv
unsw_nb15_calibrated_anchor,default,default,transient_overload,threshold_explain,10,5000,0.24983547867602526,1.045379741889335,53.35829791999999,0.6433473209160694,0.8432680921566303,0.5374062271134652,2923.3671914274328,1.4783583333332582,0.0,0.0,0.0,6.378143999999902,0.20000950107480953,0.0956,0.4284,10.1042,56.134,calibrated:/Users/let/Documents/DO_A_PAPER_May_18/Papers/Paper_xAI_in_Cyber_2/6_Analysis_Results/xai_surfacebench/data/unsw_nb15/unsw_nb15_score_stream.csv
unsw_nb15_calibrated_anchor,default,default,transient_overload,rate_limited,10,5000,0.24718093172421912,1.0349061493689062,53.25076120000003,0.5520140122360515,0.6430441954999707,0.7652753108347986,10548.856297738303,1.1438138888888356,0.0,0.0,0.0,5.210623999999956,0.20505566872028003,0.0002,0.1836,10.134,56.0638,calibrated:/Users/let/Documents/DO_A_PAPER_May_18/Papers/Paper_xAI_in_Cyber_2/6_Analysis_Results/xai_surfacebench/data/unsw_nb15/unsw_nb15_score_stream.csv
unsw_nb15_calibrated_anchor,default,default,transient_overload,fifo_explanation,10,5000,0.2493781681197846,1.039147687626549,53.353122000000006,0.7164276659800348,0.6215991991794297,0.8925358501029313,10371.0164548999,1.7080749999999214,0.0,0.0,0.0,7.2342,0.19730175499755154,0.0,0.4444,10.0976,56.2242,calibrated:/Users/let/Documents/DO_A_PAPER_May_18/Papers/Paper_xAI_in_Cyber_2/6_Analysis_Results/xai_surfacebench/data/unsw_nb15/unsw_nb15_score_stream.csv
unsw_nb15_calibrated_anchor,default,default,transient_overload,static_coarse_full,10,5000,0.2490263846183919,1.0453876452782005,53.34676791999998,0.6408340044391341,0.8425150804509822,0.5354176896937681,2979.71626615237,1.4846194444443723,0.0,0.0,0.0,6.403719999999907,0.20646611427670902,0.1028,0.4306,10.1822,56.2646,calibrated:/Users/let/Documents/DO_A_PAPER_May_18/Papers/Paper_xAI_in_Cyber_2/6_Analysis_Results/xai_surfacebench/data/unsw_nb15/unsw_nb15_score_stream.csv
unsw_nb15_calibrated_anchor,default,default,transient_overload,static_offload,10,5000,0.2458609084070968,1.0274418560964929,53.248864200000014,0.5807512943129528,0.7130842853833401,0.859967197565574,2840.9200946933256,1.7361666666666242,0.6105995336521362,0.0,0.0,1.1853599999999225,0.2027012414160274,0.0,0.4632,10.1212,56.1026,calibrated:/Users/let/Documents/DO_A_PAPER_May_18/Papers/Paper_xAI_in_Cyber_2/6_Analysis_Results/xai_surfacebench/data/unsw_nb15/unsw_nb15_score_stream.csv
unsw_nb15_calibrated_anchor,default,default,transient_overload,budget_only_bexgov,10,5000,0.24653424954391778,1.0338271699311465,53.12642212000006,0.4731159477485386,0.6817480909038772,0.44594695923279787,6739.26658786714,0.6481105555556237,0.0,0.5657484510043806,0.0,4.111699999999987,0.20617534740196697,0.0002,0.0,10.1356,56.0206,calibrated:/Users/let/Documents/DO_A_PAPER_May_18/Papers/Paper_xAI_in_Cyber_2/6_Analysis_Results/xai_surfacebench/data/unsw_nb15/unsw_nb15_score_stream.csv
unsw_nb15_calibrated_anchor,default,default,transient_overload,xai_gate,10,5000,0.24844452638922554,1.0368421705757649,53.25005319999999,0.679050827001644,0.7299492679117845,0.7732269408837568,3957.0426512886456,1.0,0.2387820512820513,0.15538936372269704,0.5611299066148699,4.221136999994102,0.1993678545495976,0.0186,0.0,10.1088,56.1896,calibrated:/Users/let/Documents/DO_A_PAPER_May_18/Papers/Paper_xAI_in_Cyber_2/6_Analysis_Results/xai_surfacebench/data/unsw_nb15/unsw_nb15_score_stream.csv
unsw_nb15_calibrated_anchor,default,default,non_markovian,never_explain,10,5000,0.13391447918712315,1.2493346153846283,64.9654,0.0,0.0,0.0,18159.0359008878,0.0,0.0,0.0,0.0,0.0,0.13162214124486904,0.0,0.0,9.335,54.9948,calibrated:/Users/let/Documents/DO_A_PAPER_May_18/Papers/Paper_xAI_in_Cyber_2/6_Analysis_Results/xai_surfacebench/data/unsw_nb15/unsw_nb15_score_stream.csv
unsw_nb15_calibrated_anchor,default,default,non_markovian,always_explain,10,5000,0.14057208382731412,1.2360440613006634,63.19419699999987,1.0,1.0,0.8499999999999516,0.0,2.2293611111109843,0.0,0.0,0.0,9.442,0.13760132627784638,0.0974,0.5494,9.442,55.3328,calibrated:/Users/let/Documents/DO_A_PAPER_May_18/Papers/Paper_xAI_in_Cyber_2/6_Analysis_Results/xai_surfacebench/data/unsw_nb15/unsw_nb15_score_stream.csv
unsw_nb15_calibrated_anchor,default,default,non_markovian,threshold_explain,10,5000,0.13635126075521464,1.2846044332676825,66.07275659999993,0.6164058447172955,0.827799733407907,0.514001167214244,1572.6262198520647,1.2921638888888671,0.0,0.0,0.0,5.585431999999945,0.12352074059503271,0.0522,0.2164,9.2528,54.9036,calibrated:/Users/let/Documents/DO_A_PAPER_May_18/Papers/Paper_xAI_in_Cyber_2/6_Analysis_Results/xai_surfacebench/data/unsw_nb15/unsw_nb15_score_stream.csv
unsw_nb15_calibrated_anchor,default,default,non_markovian,rate_limited,10,5000,0.13610649326961613,1.2375664165766,63.84714724,0.6374460130213608,0.7296722518875233,0.6815026107135872,3983.896900419534,1.1623749999999995,0.0,0.0,0.0,5.416488000000046,0.1317987815999737,0.0004,0.141,9.3078,54.826,calibrated:/Users/let/Documents/DO_A_PAPER_May_18/Papers/Paper_xAI_in_Cyber_2/6_Analysis_Results/xai_surfacebench/data/unsw_nb15/unsw_nb15_score_stream.csv
unsw_nb15_calibrated_anchor,default,default,non_markovian,fifo_explanation,10,5000,0.1381973998918443,1.3060943517407304,67.22188499999989,0.8243620032777813,0.7599507821799713,0.8763456995082771,2163.959874056849,1.8289638888888144,0.0,0.0,0.0,7.7462,0.1368032896957483,0.0,0.4522,9.3966,55.1054,calibrated:/Users/let/Documents/DO_A_PAPER_May_18/Papers/Paper_xAI_in_Cyber_2/6_Analysis_Results/xai_surfacebench/data/unsw_nb15/unsw_nb15_score_stream.csv
unsw_nb15_calibrated_anchor,default,default,non_markovian,static_coarse_full,10,5000,0.13907879181152163,1.2404787481964026,63.77277803999988,0.6193412970008924,0.8291966474411281,0.5164505707058831,1718.727647220067,1.320299999999968,0.0,0.0,0.0,5.70703199999995,0.13701478938509126,0.0552,0.2442,9.4094,55.1702,calibrated:/Users/let/Documents/DO_A_PAPER_May_18/Papers/Paper_xAI_in_Cyber_2/6_Analysis_Results/xai_surfacebench/data/unsw_nb15/unsw_nb15_score_stream.csv
unsw_nb15_calibrated_anchor,default,default,non_markovian,static_offload,10,5000,0.13419099835082635,1.265997562123144,65.70103728,0.5628308894566493,0.7032794325098894,0.8306064964898916,1344.0373931296679,1.5420555555555242,0.5885484875158333,0.0,0.0,1.0693279999999834,0.13049102662584433,0.0,0.3542,9.3158,54.9366,calibrated:/Users/let/Documents/DO_A_PAPER_May_18/Papers/Paper_xAI_in_Cyber_2/6_Analysis_Results/xai_surfacebench/data/unsw_nb15/unsw_nb15_score_stream.csv
unsw_nb15_calibrated_anchor,default,default,non_markovian,budget_only_bexgov,10,5000,0.13539451694936896,1.2287946072889102,63.446688040000105,0.45705774419860323,0.67212819542557,0.4312412304371289,5708.985805206604,0.571169444444499,0.0,0.5448461953588775,0.0,3.6274320000000735,0.12679584988865988,0.0026,0.0,9.265,54.8162,calibrated:/Users/let/Documents/DO_A_PAPER_May_18/Papers/Paper_xAI_in_Cyber_2/6_Analysis_Results/xai_surfacebench/data/unsw_nb15/unsw_nb15_score_stream.csv
unsw_nb15_calibrated_anchor,default,default,non_markovian,xai_gate,10,5000,0.13687735266971424,1.3036675836715237,67.39982709999995,0.6774458754657502,0.7516123055783717,0.7338588610963158,839.840479202097,0.9576766666668072,0.2060457690260777,0.1781373070782331,0.4530494944119212,4.131175999999665,0.13796854143804205,0.0056,0.0,9.395,55.0396,calibrated:/Users/let/Documents/DO_A_PAPER_May_18/Papers/Paper_xAI_in_Cyber_2/6_Analysis_Results/xai_surfacebench/data/unsw_nb15/unsw_nb15_score_stream.csv
unsw_nb15_calibrated_anchor,default,default,rtt_uncertainty,never_explain,10,5000,0.0,0.014723076923076906,0.7656,0.0,0.0,0.0,12205.78942436367,0.0,0.0,0.0,0.0,0.0,0.074012637529971,0.0,0.0,7.2646,45.0932,calibrated:/Users/let/Documents/DO_A_PAPER_May_18/Papers/Paper_xAI_in_Cyber_2/6_Analysis_Results/xai_surfacebench/data/unsw_nb15/unsw_nb15_score_stream.csv
unsw_nb15_calibrated_anchor,default,default,rtt_uncertainty,always_explain,10,5000,0.0,0.01657037933370068,0.8533699999999999,1.0,1.0,0.8499999999999638,0.0,1.7163388888888158,0.0,0.0,0.0,7.2692,0.07830353950926483,0.0,0.4158,7.2692,44.9422,calibrated:/Users/let/Documents/DO_A_PAPER_May_18/Papers/Paper_xAI_in_Cyber_2/6_Analysis_Results/xai_surfacebench/data/unsw_nb15/unsw_nb15_score_stream.csv
unsw_nb15_calibrated_anchor,default,default,rtt_uncertainty,threshold_explain,10,5000,0.0,0.016682981893694798,0.8624377999999989,0.6102822967820001,0.8243424462269656,0.5087363858330404,5.663282404506323,1.007286111111135,0.0,0.0,0.0,4.355511999999999,0.08242057641397516,0.0,0.0068,7.2902,44.9006,calibrated:/Users/let/Documents/DO_A_PAPER_May_18/Papers/Paper_xAI_in_Cyber_2/6_Analysis_Results/xai_surfacebench/data/unsw_nb15/unsw_nb15_score_stream.csv
unsw_nb15_calibrated_anchor,default,default,rtt_uncertainty,rate_limited,10,5000,0.0,0.016077997672545464,0.8305761600000009,0.7640179724642366,0.8692218277400303,0.5925650608700389,0.20469615958669138,1.0678277777777907,0.0,0.0,0.0,5.029528000000058,0.08004066217008399,0.0,0.0614,7.2778,44.923,calibrated:/Users/let/Documents/DO_A_PAPER_May_18/Papers/Paper_xAI_in_Cyber_2/6_Analysis_Results/xai_surfacebench/data/unsw_nb15/unsw_nb15_score_stream.csv
unsw_nb15_calibrated_anchor,default,default,rtt_uncertainty,fifo_explanation,10,5000,0.0,0.018173585097889897,0.936368999999997,0.9901947320717405,0.9863750186576634,0.8514707901892018,0.12211584689001592,1.7024555555554814,0.0,0.0,0.0,7.2104,0.08114929831750572,0.0,0.4154,7.2818,44.9016,calibrated:/Users/let/Documents/DO_A_PAPER_May_18/Papers/Paper_xAI_in_Cyber_2/6_Analysis_Results/xai_surfacebench/data/unsw_nb15/unsw_nb15_score_stream.csv
unsw_nb15_calibrated_anchor,default,default,rtt_uncertainty,static_coarse_full,10,5000,0.0,0.018346787640907216,0.9486044400000001,0.6094237316055541,0.8240550874686818,0.5080537557654291,4.790764252637329,1.0052666666666858,0.0,0.0,0.0,4.346472000000003,0.0784387745283115,0.0,0.0052,7.2848,45.033,calibrated:/Users/let/Documents/DO_A_PAPER_May_18/Papers/Paper_xAI_in_Cyber_2/6_Analysis_Results/xai_surfacebench/data/unsw_nb15/unsw_nb15_score_stream.csv
unsw_nb15_calibrated_anchor,default,default,rtt_uncertainty,static_offload,10,5000,0.0,0.015442051020250343,0.8021478399999976,0.5443106346625675,0.6933137073352792,0.9897832012683999,3.672643558494202,1.157711111111109,0.5666492132168546,0.0,0.0,0.8129920000000294,0.07516559185662719,0.0,0.1336,7.2574,45.0002,calibrated:/Users/let/Documents/DO_A_PAPER_May_18/Papers/Paper_xAI_in_Cyber_2/6_Analysis_Results/xai_surfacebench/data/unsw_nb15/unsw_nb15_score_stream.csv
unsw_nb15_calibrated_anchor,default,default,rtt_uncertainty,budget_only_bexgov,10,5000,0.0,0.0165435029228895,0.8570293799999992,0.45714269905384197,0.6751103685815035,0.425427433187636,2428.8335157313027,0.4477255555555806,0.0,0.5312897692690755,0.0,2.828896000000033,0.07105923627840571,0.0,0.0,7.2292,44.9972,calibrated:/Users/let/Documents/DO_A_PAPER_May_18/Papers/Paper_xAI_in_Cyber_2/6_Analysis_Results/xai_surfacebench/data/unsw_nb15/unsw_nb15_score_stream.csv
unsw_nb15_calibrated_anchor,default,default,rtt_uncertainty,xai_gate,10,5000,0.0,0.013831743136895327,0.7148602999999994,0.737321517309997,0.848477703623361,0.6343132990195401,12.552578875653454,0.8726744444444494,0.012865109601899398,0.15981999889569876,0.21191541052399093,4.688715999999591,0.07933187622636062,0.0,0.0,7.2444,44.7462,calibrated:/Users/let/Documents/DO_A_PAPER_May_18/Papers/Paper_xAI_in_Cyber_2/6_Analysis_Results/xai_surfacebench/data/unsw_nb15/unsw_nb15_score_stream.csv
unsw_nb15_calibrated_anchor,default,default,adversarial_explanation_flood,never_explain,11,5000,0.0,0.013676923076923078,0.7112,0.0,0.0,0.0,29474.87418451176,0.0,0.0,0.0,0.0,0.0,0.8039533819482845,0.0,0.0,12.1414,44.8696,calibrated:/Users/let/Documents/DO_A_PAPER_May_18/Papers/Paper_xAI_in_Cyber_2/6_Analysis_Results/xai_surfacebench/data/unsw_nb15/unsw_nb15_score_stream.csv
unsw_nb15_calibrated_anchor,default,default,adversarial_explanation_flood,always_explain,11,5000,0.0,0.020869083362862202,1.0680340000000006,1.0,1.0,0.8499999999999232,0.0,2.8687499999997406,0.0,0.0,0.0,12.15,0.8016094377644019,0.0374,0.6484,12.15,44.9598,calibrated:/Users/let/Documents/DO_A_PAPER_May_18/Papers/Paper_xAI_in_Cyber_2/6_Analysis_Results/xai_surfacebench/data/unsw_nb15/unsw_nb15_score_stream.csv
unsw_nb15_calibrated_anchor,default,default,adversarial_explanation_flood,threshold_explain,11,5000,0.0,0.018808157310806803,0.9654253200000019,0.8214575600098862,0.9272345914417287,0.6917314196155858,809.0850949121835,2.304597222222076,0.0,0.0,0.0,9.857311999999707,0.7973260272022908,0.007,0.5684,12.123,44.9668,calibrated:/Users/let/Documents/DO_A_PAPER_May_18/Papers/Paper_xAI_in_Cyber_2/6_Analysis_Results/xai_surfacebench/data/unsw_nb15/unsw_nb15_score_stream.csv
unsw_nb15_calibrated_anchor,default,default,adversarial_explanation_flood,rate_limited,11,5000,0.0,0.018675207785830646,0.960818040000005,0.772189670496056,0.8494580422417151,0.8211988544718262,4782.979648630927,2.1275277777776713,0.0,0.0,0.0,9.192735999999636,0.8023838764988189,0.0,0.5296,12.1516,44.9464,calibrated:/Users/let/Documents/DO_A_PAPER_May_18/Papers/Paper_xAI_in_Cyber_2/6_Analysis_Results/xai_surfacebench/data/unsw_nb15/unsw_nb15_score_stream.csv
unsw_nb15_calibrated_anchor,default,default,adversarial_explanation_flood,fifo_explanation,11,5000,0.0,0.018046207349631003,0.9268419999999941,0.8803015556178756,0.8633733696324752,0.8679547666572451,2700.457963906471,2.5199194444442297,0.0,0.0,0.0,10.6726,0.8020452451024105,0.0,0.605,12.1238,44.852,calibrated:/Users/let/Documents/DO_A_PAPER_May_18/Papers/Paper_xAI_in_Cyber_2/6_Analysis_Results/xai_surfacebench/data/unsw_nb15/unsw_nb15_score_stream.csv
unsw_nb15_calibrated_anchor,default,default,adversarial_explanation_flood,static_coarse_full,11,5000,0.0,0.017700725751991372,0.908375319999999,0.823785461871253,0.9289209252574342,0.6939950130453252,779.2930651257373,2.31113055555542,0.0,0.0,0.0,9.880663999999728,0.7938088446346112,0.0066,0.5682,12.1116,45.0126,calibrated:/Users/let/Documents/DO_A_PAPER_May_18/Papers/Paper_xAI_in_Cyber_2/6_Analysis_Results/xai_surfacebench/data/unsw_nb15/unsw_nb15_score_stream.csv
unsw_nb15_calibrated_anchor,default,default,adversarial_explanation_flood,static_offload,11,5000,0.0,0.013554177340329543,0.7032058800000008,0.7403163650137659,0.7816946407288377,1.1141158742445738,188.35797445314526,2.7103499999999086,0.79866932362774,0.0,0.0,1.7144399999999569,0.8069870801956371,0.0,0.6302,12.1442,44.8046,calibrated:/Users/let/Documents/DO_A_PAPER_May_18/Papers/Paper_xAI_in_Cyber_2/6_Analysis_Results/xai_surfacebench/data/unsw_nb15/unsw_nb15_score_stream.csv
unsw_nb15_calibrated_anchor,default,default,adversarial_explanation_flood,budget_only_bexgov,11,5000,0.0,0.017488113661421608,0.9020817000000013,0.5937712248973025,0.7366190359732271,0.5636606656655764,8024.2274809939145,0.9062644444444599,0.0,0.6737347568521972,0.09645055362122737,6.149087999999888,0.7966392135237852,0.0,0.0,12.1202,44.9736,calibrated:/Users/let/Documents/DO_A_PAPER_May_18/Papers/Paper_xAI_in_Cyber_2/6_Analysis_Results/xai_surfacebench/data/unsw_nb15/unsw_nb15_score_stream.csv
unsw_nb15_calibrated_anchor,default,default,adversarial_explanation_flood,xai_gate,11,5000,0.0,0.017796433003792415,0.9173002000000006,0.6132781658810165,0.6700829753999392,0.6689139371274978,4293.9668931157685,1.0,0.0037895014334201073,0.14764227106468514,0.4324274228088551,6.551220999995613,0.8020248804964216,0.0022,0.0,12.1388,44.908,calibrated:/Users/let/Documents/DO_A_PAPER_May_18/Papers/Paper_xAI_in_Cyber_2/6_Analysis_Results/xai_surfacebench/data/unsw_nb15/unsw_nb15_score_stream.csv
unsw_nb15_calibrated_anchor,default,default,transient_overload,never_explain,11,5000,0.24521380422719666,1.0255576923077077,53.329,0.0,0.0,0.0,20572.226431916264,0.0,0.0,0.0,0.0,0.0,0.202404189846781,0.0,0.0,10.1086,56.0466,calibrated:/Users/let/Documents/DO_A_PAPER_May_18/Papers/Paper_xAI_in_Cyber_2/6_Analysis_Results/xai_surfacebench/data/unsw_nb15/unsw_nb15_score_stream.csv
unsw_nb15_calibrated_anchor,default,default,transient_overload,always_explain,11,5000,0.25167014565523504,1.0522343069249862,53.26860899999998,1.0,1.0,0.8499999999999431,0.0,2.398086111110951,0.0,0.0,0.0,10.1566,0.203907846512001,0.198,0.5254,10.1566,56.2424,calibrated:/Users/let/Documents/DO_A_PAPER_May_18/Papers/Paper_xAI_in_Cyber_2/6_Analysis_Results/xai_surfacebench/data/unsw_nb15/unsw_nb15_score_stream.csv
unsw_nb15_calibrated_anchor,default,default,transient_overload,threshold_explain,11,5000,0.24777439256466355,1.0439760971345216,53.28106619999994,0.6392980414587632,0.8411061343987896,0.5339194493205137,2960.090559354618,1.4736611111110398,0.0,0.0,0.0,6.359223999999923,0.2045596554124518,0.098,0.4294,10.1402,56.1212,calibrated:/Users/let/Documents/DO_A_PAPER_May_18/Papers/Paper_xAI_in_Cyber_2/6_Analysis_Results/xai_surfacebench/data/unsw_nb15/unsw_nb15_score_stream.csv
unsw_nb15_calibrated_anchor,default,default,transient_overload,rate_limited,11,5000,0.24837842480026423,1.0378993360366724,53.40582208000005,0.5525336029499393,0.6447304614054653,0.7644700844534146,10404.464848739932,1.1390611111110664,0.0,0.0,0.0,5.190591999999937,0.19783856179583514,0.0002,0.1748,10.0884,56.1478,calibrated:/Users/let/Documents/DO_A_PAPER_May_18/Papers/Paper_xAI_in_Cyber_2/6_Analysis_Results/xai_surfacebench/data/unsw_nb15/unsw_nb15_score_stream.csv
unsw_nb15_calibrated_anchor,default,default,transient_overload,fifo_explanation,11,5000,0.2489590124512441,1.0350842895588825,53.14351699999997,0.7180219953486539,0.6232839965875338,0.8922967006976437,10361.635709040464,1.720352777777703,0.0,0.0,0.0,7.2862,0.20505649667195014,0.0,0.4452,10.1476,56.139,calibrated:/Users/let/Documents/DO_A_PAPER_May_18/Papers/Paper_xAI_in_Cyber_2/6_Analysis_Results/xai_surfacebench/data/unsw_nb15/unsw_nb15_score_stream.csv
unsw_nb15_calibrated_anchor,default,default,transient_overload,static_coarse_full,11,5000,0.25018417896531275,1.0419040730885942,53.18149035999997,0.640129328244591,0.8416301966228916,0.5346615515434241,2957.5375285946766,1.4720222222221513,0.0,0.0,0.0,6.35153599999991,0.19976891476537362,0.0958,0.4278,10.1138,56.1986,calibrated:/Users/let/Documents/DO_A_PAPER_May_18/Papers/Paper_xAI_in_Cyber_2/6_Analysis_Results/xai_surfacebench/data/unsw_nb15/unsw_nb15_score_stream.csv
unsw_nb15_calibrated_anchor,default,default,transient_overload,static_offload,11,5000,0.2460683722223806,1.0289752322730372,53.32740939999999,0.5801934323876021,0.7123568047083181,0.8584634078875282,2819.315599579727,1.7329722222221844,0.6092428673041966,0.0,0.0,1.1874799999999217,0.20308830380998466,0.0,0.4632,10.1224,56.0912,calibrated:/Users/let/Documents/DO_A_PAPER_May_18/Papers/Paper_xAI_in_Cyber_2/6_Analysis_Results/xai_surfacebench/data/unsw_nb15/unsw_nb15_score_stream.csv
unsw_nb15_calibrated_anchor,default,default,transient_overload,budget_only_bexgov,11,5000,0.2461645142873455,1.0357354262406762,53.22607847999999,0.4756854336699484,0.6827650201208924,0.45002569017646726,6710.9207709148495,0.6496622222222912,0.0,0.5726537952295319,0.0,4.128207999999986,0.2037671395811298,0.0,0.0,10.1206,56.0496,calibrated:/Users/let/Documents/DO_A_PAPER_May_18/Papers/Paper_xAI_in_Cyber_2/6_Analysis_Results/xai_surfacebench/data/unsw_nb15/unsw_nb15_score_stream.csv
unsw_nb15_calibrated_anchor,default,default,transient_overload,xai_gate,11,5000,0.24923402652425508,1.0373741888768062,53.27254273999995,0.676092298913344,0.7276143269801556,0.7716431705487832,4035.7612942185865,1.0,0.2376042814418385,0.15471037305210136,0.5604586415855369,4.22706499999423,0.20632547099836596,0.0176,0.0,10.1648,56.175,calibrated:/Users/let/Documents/DO_A_PAPER_May_18/Papers/Paper_xAI_in_Cyber_2/6_Analysis_Results/xai_surfacebench/data/unsw_nb15/unsw_nb15_score_stream.csv
unsw_nb15_calibrated_anchor,default,default,non_markovian,never_explain,11,5000,0.13841544387984678,1.2063615384615498,62.7308,0.0,0.0,0.0,17723.269840851353,0.0,0.0,0.0,0.0,0.0,0.12058610845883999,0.0,0.0,9.1894,54.6702,calibrated:/Users/let/Documents/DO_A_PAPER_May_18/Papers/Paper_xAI_in_Cyber_2/6_Analysis_Results/xai_surfacebench/data/unsw_nb15/unsw_nb15_score_stream.csv
unsw_nb15_calibrated_anchor,default,default,non_markovian,always_explain,11,5000,0.13805172054756476,1.2836804630354495,65.66630300000004,1.0,1.0,0.8499999999999507,0.0,2.189836111110984,0.0,0.0,0.0,9.2746,0.12944689422197508,0.0946,0.5346,9.2746,54.7442,calibrated:/Users/let/Documents/DO_A_PAPER_May_18/Papers/Paper_xAI_in_Cyber_2/6_Analysis_Results/xai_surfacebench/data/unsw_nb15/unsw_nb15_score_stream.csv
unsw_nb15_calibrated_anchor,default,default,non_markovian,threshold_explain,11,5000,0.1350847457997663,1.2627268738190438,64.9521487599999,0.6120231549102358,0.8265927253971034,0.5105915456654287,1643.1632687401182,1.292424999999974,0.0,0.0,0.0,5.583647999999955,0.13089620779574318,0.0532,0.2134,9.3112,54.8898,calibrated:/Users/let/Documents/DO_A_PAPER_May_18/Papers/Paper_xAI_in_Cyber_2/6_Analysis_Results/xai_surfacebench/data/unsw_nb15/unsw_nb15_score_stream.csv
unsw_nb15_calibrated_anchor,default,default,non_markovian,rate_limited,11,5000,0.14011514706902134,1.2316009188414192,63.538047080000126,0.6313051165398365,0.7230048945678721,0.6858341059531169,4185.474352122819,1.1485666666666654,0.0,0.0,0.0,5.348784000000036,0.12849636418272725,0.0002,0.1252,9.2758,54.7974,calibrated:/Users/let/Documents/DO_A_PAPER_May_18/Papers/Paper_xAI_in_Cyber_2/6_Analysis_Results/xai_surfacebench/data/unsw_nb15/unsw_nb15_score_stream.csv
unsw_nb15_calibrated_anchor,default,default,non_markovian,fifo_explanation,11,5000,0.13821004761922134,1.2699596576459031,65.36399899999998,0.8261387769254106,0.7622141579296033,0.8760791834611354,1917.2704362983513,1.8002527777776953,0.0,0.0,0.0,7.6246,0.11743531813344465,0.0,0.4446,9.2292,55.0618,calibrated:/Users/let/Documents/DO_A_PAPER_May_18/Papers/Paper_xAI_in_Cyber_2/6_Analysis_Results/xai_surfacebench/data/unsw_nb15/unsw_nb15_score_stream.csv
unsw_nb15_calibrated_anchor,default,default,non_markovian,static_coarse_full,11,5000,0.13634930021236707,1.2025087410167465,61.82770783999995,0.6151500368587874,0.8280517710564641,0.5131932700229772,1540.6365823062984,1.286880555555531,0.0,0.0,0.0,5.559775999999941,0.12390024233961983,0.0526,0.212,9.2244,54.7166,calibrated:/Users/let/Documents/DO_A_PAPER_May_18/Papers/Paper_xAI_in_Cyber_2/6_Analysis_Results/xai_surfacebench/data/unsw_nb15/unsw_nb15_score_stream.csv
unsw_nb15_calibrated_anchor,default,default,non_markovian,static_offload,11,5000,0.13922262873020955,1.2076408526484501,62.667065200000096,0.5595887778632062,0.7025653247126644,0.8267524980784563,1401.5623496004625,1.543833333333304,0.5862157314885985,0.0,0.0,1.0650719999999823,0.12969984659469147,0.0,0.355,9.3672,55.2784,calibrated:/Users/let/Documents/DO_A_PAPER_May_18/Papers/Paper_xAI_in_Cyber_2/6_Analysis_Results/xai_surfacebench/data/unsw_nb15/unsw_nb15_score_stream.csv
unsw_nb15_calibrated_anchor,default,default,non_markovian,budget_only_bexgov,11,5000,0.1350100302178676,1.2757558100745483,65.88599176000002,0.4573074256996874,0.6720915155279835,0.4307544840135181,5704.98619410096,0.5695405555556114,0.0,0.5432154925916298,0.0,3.6157640000000613,0.12181555071972272,0.001,0.0,9.2328,54.8682,calibrated:/Users/let/Documents/DO_A_PAPER_May_18/Papers/Paper_xAI_in_Cyber_2/6_Analysis_Results/xai_surfacebench/data/unsw_nb15/unsw_nb15_score_stream.csv
unsw_nb15_calibrated_anchor,default,default,non_markovian,xai_gate,11,5000,0.1360533432143365,1.2269129007695971,63.43365460000001,0.6775630688083115,0.7523331237446708,0.7410080200609472,711.0164342643865,0.9509127777779013,0.2162390021401241,0.18087291121727664,0.45277675695540326,4.003871999999704,0.12305976064666302,0.0054,0.0,9.2518,54.9202,calibrated:/Users/let/Documents/DO_A_PAPER_May_18/Papers/Paper_xAI_in_Cyber_2/6_Analysis_Results/xai_surfacebench/data/unsw_nb15/unsw_nb15_score_stream.csv
unsw_nb15_calibrated_anchor,default,default,rtt_uncertainty,never_explain,11,5000,0.0,0.013980769230769229,0.727,0.0,0.0,0.0,12344.46308683423,0.0,0.0,0.0,0.0,0.0,0.082773135362185,0.0,0.0,7.3158,45.0436,calibrated:/Users/let/Documents/DO_A_PAPER_May_18/Papers/Paper_xAI_in_Cyber_2/6_Analysis_Results/xai_surfacebench/data/unsw_nb15/unsw_nb15_score_stream.csv
unsw_nb15_calibrated_anchor,default,default,rtt_uncertainty,always_explain,11,5000,0.0,0.017257361494154327,0.8886520000000011,1.0,1.0,0.8499999999999671,0.0,1.7180388888888225,0.0,0.0,0.0,7.2764,0.08142170304151608,0.0002,0.417,7.2764,44.857,calibrated:/Users/let/Documents/DO_A_PAPER_May_18/Papers/Paper_xAI_in_Cyber_2/6_Analysis_Results/xai_surfacebench/data/unsw_nb15/unsw_nb15_score_stream.csv
unsw_nb15_calibrated_anchor,default,default,rtt_uncertainty,threshold_explain,11,5000,0.0,0.014787812264251278,0.7645837999999995,0.6033247025121404,0.8206740787912155,0.5028330211546947,6.27943510188571,0.9913416666666883,0.0,0.0,0.0,4.287528000000005,0.07662150099494891,0.0,0.0,7.2608,44.9604,calibrated:/Users/let/Documents/DO_A_PAPER_May_18/Papers/Paper_xAI_in_Cyber_2/6_Analysis_Results/xai_surfacebench/data/unsw_nb15/unsw_nb15_score_stream.csv
unsw_nb15_calibrated_anchor,default,default,rtt_uncertainty,rate_limited,11,5000,0.0,0.016863951911719022,0.871152,0.7655115782559041,0.8698146973683271,0.5941944490064014,0.1953087951878656,1.0762166666666797,0.0,0.0,0.0,5.0638560000000545,0.07839577780335882,0.0,0.0746,7.3068,45.1708,calibrated:/Users/let/Documents/DO_A_PAPER_May_18/Papers/Paper_xAI_in_Cyber_2/6_Analysis_Results/xai_surfacebench/data/unsw_nb15/unsw_nb15_score_stream.csv
unsw_nb15_calibrated_anchor,default,default,rtt_uncertainty,fifo_explanation,11,5000,0.0,0.01634773802186789,0.8421609999999998,0.9909429794284137,0.987528037982317,0.8513585530857027,0.09762822355160879,1.694663888888819,0.0,0.0,0.0,7.1774,0.07281770541726273,0.0,0.413,7.243,45.0092,calibrated:/Users/let/Documents/DO_A_PAPER_May_18/Papers/Paper_xAI_in_Cyber_2/6_Analysis_Results/xai_surfacebench/data/unsw_nb15/unsw_nb15_score_stream.csv
unsw_nb15_calibrated_anchor,default,default,rtt_uncertainty,static_coarse_full,11,5000,0.0,0.015520175968687386,0.8024432399999991,0.6107231851154743,0.8249485556117822,0.5092170109086942,4.15422050671997,0.9992888888889164,0.0,0.0,0.0,4.3198880000000015,0.07214524038518677,0.0,0.0,7.2236,44.9168,calibrated:/Users/let/Documents/DO_A_PAPER_May_18/Papers/Paper_xAI_in_Cyber_2/6_Analysis_Results/xai_surfacebench/data/unsw_nb15/unsw_nb15_score_stream.csv
unsw_nb15_calibrated_anchor,default,default,rtt_uncertainty,static_offload,11,5000,0.0,0.01454939896121783,0.7557343999999987,0.5484819734345515,0.6963995058135957,0.999614100332761,2.8242597263777816,1.171916666666663,0.5727800236504139,0.0,0.0,0.8157360000000268,0.07772398493800581,0.0,0.1478,7.2726,44.9874,calibrated:/Users/let/Documents/DO_A_PAPER_May_18/Papers/Paper_xAI_in_Cyber_2/6_Analysis_Results/xai_surfacebench/data/unsw_nb15/unsw_nb15_score_stream.csv
unsw_nb15_calibrated_anchor,default,default,rtt_uncertainty,budget_only_bexgov,11,5000,0.0,0.017329116439531906,0.8977960999999998,0.45585756172416997,0.6746614542995145,0.4245430630531967,2564.051269006464,0.45007888888891506,0.0,0.531965034390157,0.0,2.84757200000005,0.0785656758214559,0.0,0.0,7.2986,45.113,calibrated:/Users/let/Documents/DO_A_PAPER_May_18/Papers/Paper_xAI_in_Cyber_2/6_Analysis_Results/xai_surfacebench/data/unsw_nb15/unsw_nb15_score_stream.csv
unsw_nb15_calibrated_anchor,default,default,rtt_uncertainty,xai_gate,11,5000,0.0,0.016422941546516506,0.8488848400000008,0.7362209414025712,0.8481419453001294,0.6317796958354202,16.35462242297192,0.8723950000000077,0.011115685467270481,0.15863867160697132,0.21564429806504734,4.7148279999995815,0.08118454026288657,0.0,0.0,7.287,44.9322,calibrated:/Users/let/Documents/DO_A_PAPER_May_18/Papers/Paper_xAI_in_Cyber_2/6_Analysis_Results/xai_surfacebench/data/unsw_nb15/unsw_nb15_score_stream.csv
unsw_nb15_calibrated_anchor,default,default,adversarial_explanation_flood,never_explain,12,5000,0.0,0.014380769230769232,0.7478,0.0,0.0,0.0,29513.656338800043,0.0,0.0,0.0,0.0,0.0,0.7988392578006311,0.0,0.0,12.1406,44.9942,calibrated:/Users/let/Documents/DO_A_PAPER_May_18/Papers/Paper_xAI_in_Cyber_2/6_Analysis_Results/xai_surfacebench/data/unsw_nb15/unsw_nb15_score_stream.csv
unsw_nb15_calibrated_anchor,default,default,adversarial_explanation_flood,always_explain,12,5000,0.0,0.02034043808988552,1.0408540000000022,1.0,1.0,0.8499999999999226,0.0,2.880224999999738,0.0,0.0,0.0,12.1986,0.8061805114446479,0.0432,0.6558,12.1986,45.0254,calibrated:/Users/let/Documents/DO_A_PAPER_May_18/Papers/Paper_xAI_in_Cyber_2/6_Analysis_Results/xai_surfacebench/data/unsw_nb15/unsw_nb15_score_stream.csv
unsw_nb15_calibrated_anchor,default,default,adversarial_explanation_flood,threshold_explain,12,5000,0.0,0.018922524260219318,0.9712753599999998,0.820842575705285,0.9271170144021094,0.6912415175563824,886.4024148933534,2.3124194444443122,0.0,0.0,0.0,9.890343999999699,0.7955798659975379,0.0076,0.5656,12.1722,45.1932,calibrated:/Users/let/Documents/DO_A_PAPER_May_18/Papers/Paper_xAI_in_Cyber_2/6_Analysis_Results/xai_surfacebench/data/unsw_nb15/unsw_nb15_score_stream.csv
unsw_nb15_calibrated_anchor,default,default,adversarial_explanation_flood,rate_limited,12,5000,0.0,0.01864212511703847,0.9590395600000052,0.7677670617082054,0.8462257937628864,0.823395995096023,4974.526483725041,2.131511111111005,0.0,0.0,0.0,9.206391999999639,0.8069388816030416,0.0002,0.5312,12.235,45.1408,calibrated:/Users/let/Documents/DO_A_PAPER_May_18/Papers/Paper_xAI_in_Cyber_2/6_Analysis_Results/xai_surfacebench/data/unsw_nb15/unsw_nb15_score_stream.csv
unsw_nb15_calibrated_anchor,default,default,adversarial_explanation_flood,fifo_explanation,12,5000,0.0,0.017675639316187857,0.9078289999999924,0.8795715907408321,0.862248753465257,0.8680642613888038,2537.549313231314,2.5246416666664615,0.0,0.0,0.0,10.6926,0.7985477399424832,0.0,0.604,12.1566,45.0608,calibrated:/Users/let/Documents/DO_A_PAPER_May_18/Papers/Paper_xAI_in_Cyber_2/6_Analysis_Results/xai_surfacebench/data/unsw_nb15/unsw_nb15_score_stream.csv
unsw_nb15_calibrated_anchor,default,default,adversarial_explanation_flood,static_coarse_full,12,5000,0.0,0.018923943033812143,0.9711890800000007,0.8188655448509206,0.9269816553277658,0.6897458013279332,1004.0451808924279,2.3303305555554226,0.0,0.0,0.0,9.964351999999735,0.812994385287864,0.0088,0.5702,12.2896,45.1908,calibrated:/Users/let/Documents/DO_A_PAPER_May_18/Papers/Paper_xAI_in_Cyber_2/6_Analysis_Results/xai_surfacebench/data/unsw_nb15/unsw_nb15_score_stream.csv
unsw_nb15_calibrated_anchor,default,default,adversarial_explanation_flood,static_offload,12,5000,0.0,0.014906159408759197,0.7733767199999999,0.7406118958741202,0.7818192832766149,1.1146146256434653,229.28791875569908,2.715616666666578,0.7990495140681785,0.0,0.0,1.7173679999999594,0.8030334701671205,0.0,0.6298,12.1622,44.9694,calibrated:/Users/let/Documents/DO_A_PAPER_May_18/Papers/Paper_xAI_in_Cyber_2/6_Analysis_Results/xai_surfacebench/data/unsw_nb15/unsw_nb15_score_stream.csv
unsw_nb15_calibrated_anchor,default,default,adversarial_explanation_flood,budget_only_bexgov,12,5000,0.0,0.01683987671915955,0.8685336000000008,0.5931999143130449,0.7365009899409101,0.5632748904195297,7957.456182873324,0.9063927777777925,0.0,0.6726757406980193,0.09735359061398016,6.1524399999998804,0.8028873648450947,0.0,0.0,12.1372,44.8806,calibrated:/Users/let/Documents/DO_A_PAPER_May_18/Papers/Paper_xAI_in_Cyber_2/6_Analysis_Results/xai_surfacebench/data/unsw_nb15/unsw_nb15_score_stream.csv
unsw_nb15_calibrated_anchor,default,default,adversarial_explanation_flood,xai_gate,12,5000,0.0,0.018516552535532457,0.9547797800000013,0.606964031949524,0.6632306847846645,0.6690732346746536,4522.787143630087,1.0,0.0035772039006223355,0.14225510854118684,0.4285580111393108,6.543528999995554,0.8074967671077491,0.0026,0.0,12.2442,45.1608,calibrated:/Users/let/Documents/DO_A_PAPER_May_18/Papers/Paper_xAI_in_Cyber_2/6_Analysis_Results/xai_surfacebench/data/unsw_nb15/unsw_nb15_score_stream.csv
unsw_nb15_calibrated_anchor,default,default,transient_overload,never_explain,12,5000,0.24541461970152662,1.0219653846154,53.1422,0.0,0.0,0.0,20644.638530020053,0.0,0.0,0.0,0.0,0.0,0.19993483010040358,0.0,0.0,10.09,56.0586,calibrated:/Users/let/Documents/DO_A_PAPER_May_18/Papers/Paper_xAI_in_Cyber_2/6_Analysis_Results/xai_surfacebench/data/unsw_nb15/unsw_nb15_score_stream.csv
unsw_nb15_calibrated_anchor,default,default,transient_overload,always_explain,12,5000,0.24977679238968664,1.0524742562681821,53.29402200000002,1.0,1.0,0.8499999999999422,0.0,2.398888888888726,0.0,0.0,0.0,10.16,0.20572577333779818,0.196,0.5262,10.16,56.1764,calibrated:/Users/let/Documents/DO_A_PAPER_May_18/Papers/Paper_xAI_in_Cyber_2/6_Analysis_Results/xai_surfacebench/data/unsw_nb15/unsw_nb15_score_stream.csv
unsw_nb15_calibrated_anchor,default,default,transient_overload,threshold_explain,12,5000,0.24862077914664182,1.0417054020086323,53.171094399999966,0.6409655746477353,0.8420877538816692,0.5353776482945762,2918.6124024517494,1.4707861111110394,0.0,0.0,0.0,6.345975999999902,0.20015270389359463,0.0988,0.428,10.0914,56.0562,calibrated:/Users/let/Documents/DO_A_PAPER_May_18/Papers/Paper_xAI_in_Cyber_2/6_Analysis_Results/xai_surfacebench/data/unsw_nb15/unsw_nb15_score_stream.csv
unsw_nb15_calibrated_anchor,default,default,transient_overload,rate_limited,12,5000,0.24663074088884293,1.0350802589600827,53.2598508,0.5553635092280882,0.6486116975153207,0.7633752880694734,10365.720178596526,1.1524472222221687,0.0,0.0,0.0,5.251279999999946,0.20837141551468097,0.0,0.1888,10.1538,56.0192,calibrated:/Users/let/Documents/DO_A_PAPER_May_18/Papers/Paper_xAI_in_Cyber_2/6_Analysis_Results/xai_surfacebench/data/unsw_nb15/unsw_nb15_score_stream.csv
unsw_nb15_calibrated_anchor,default,default,transient_overload,fifo_explanation,12,5000,0.24811296888010312,1.0373018548786017,53.25870699999997,0.7147396049178063,0.6192597524513709,0.892789059262268,10490.51859726945,1.710294444444374,0.0,0.0,0.0,7.2436,0.20202674333373505,0.0,0.4444,10.1346,56.2084,calibrated:/Users/let/Documents/DO_A_PAPER_May_18/Papers/Paper_xAI_in_Cyber_2/6_Analysis_Results/xai_surfacebench/data/unsw_nb15/unsw_nb15_score_stream.csv
unsw_nb15_calibrated_anchor,default,default,transient_overload,static_coarse_full,12,5000,0.2503412773948483,1.0456478781783332,53.369922439999975,0.6432022050106843,0.8432798573320551,0.537310321662837,2936.025593095614,1.480838888888822,0.0,0.0,0.0,6.388519999999912,0.20005026686489003,0.0982,0.429,10.1224,56.2332,calibrated:/Users/let/Documents/DO_A_PAPER_May_18/Papers/Paper_xAI_in_Cyber_2/6_Analysis_Results/xai_surfacebench/data/unsw_nb15/unsw_nb15_score_stream.csv
unsw_nb15_calibrated_anchor,default,default,transient_overload,static_offload,12,5000,0.24798085898832808,1.02745343638184,53.24734007999992,0.5802905744781313,0.7120945984110739,0.8582257494899467,2904.442230365834,1.7444722222221807,0.6089114738659551,0.0,0.0,1.19779999999992,0.20988551095158958,0.0,0.4656,10.1936,56.1684,calibrated:/Users/let/Documents/DO_A_PAPER_May_18/Papers/Paper_xAI_in_Cyber_2/6_Analysis_Results/xai_surfacebench/data/unsw_nb15/unsw_nb15_score_stream.csv
unsw_nb15_calibrated_anchor,default,default,transient_overload,budget_only_bexgov,12,5000,0.2471661890188504,1.03543888155575,53.20991158000002,0.47252036387419766,0.6809965847313524,0.44645440672255077,6708.335834606847,0.6427705555556212,0.0,0.5675723883702954,0.0,4.086559999999994,0.19844235983198155,0.0002,0.0,10.0914,56.1362,calibrated:/Users/let/Documents/DO_A_PAPER_May_18/Papers/Paper_xAI_in_Cyber_2/6_Analysis_Results/xai_surfacebench/data/unsw_nb15/unsw_nb15_score_stream.csv
unsw_nb15_calibrated_anchor,default,default,transient_overload,xai_gate,12,5000,0.25020602091175886,1.0360155113577705,53.20074549999998,0.6801630542255991,0.7316642871289964,0.7719463176832471,3960.5929733110324,1.0,0.23652256456907803,0.15534153383696556,0.5625568563845829,4.249490999994149,0.19604566478978724,0.0208,0.0,10.1132,56.3702,calibrated:/Users/let/Documents/DO_A_PAPER_May_18/Papers/Paper_xAI_in_Cyber_2/6_Analysis_Results/xai_surfacebench/data/unsw_nb15/unsw_nb15_score_stream.csv
unsw_nb15_calibrated_anchor,default,default,non_markovian,never_explain,12,5000,0.13479981344099343,1.204215384615395,62.6192,0.0,0.0,0.0,17859.901284311003,0.0,0.0,0.0,0.0,0.0,0.1273945382907502,0.0,0.0,9.2822,54.8888,calibrated:/Users/let/Documents/DO_A_PAPER_May_18/Papers/Paper_xAI_in_Cyber_2/6_Analysis_Results/xai_surfacebench/data/unsw_nb15/unsw_nb15_score_stream.csv
unsw_nb15_calibrated_anchor,default,default,non_markovian,always_explain,12,5000,0.14091732857246958,1.226135098495419,62.69077300000004,1.0,1.0,0.8499999999999535,0.0,2.194511111110991,0.0,0.0,0.0,9.2944,0.12881051276445588,0.0972,0.544,9.2944,54.892,calibrated:/Users/let/Documents/DO_A_PAPER_May_18/Papers/Paper_xAI_in_Cyber_2/6_Analysis_Results/xai_surfacebench/data/unsw_nb15/unsw_nb15_score_stream.csv
unsw_nb15_calibrated_anchor,default,default,non_markovian,threshold_explain,12,5000,0.1373594327882453,1.2282101594861563,63.14765395999992,0.6209596883541956,0.8312721447653295,0.5181854378752949,1487.1658740530804,1.3094388888888657,0.0,0.0,0.0,5.655511999999937,0.1271217072147106,0.0592,0.2298,9.2926,54.9636,calibrated:/Users/let/Documents/DO_A_PAPER_May_18/Papers/Paper_xAI_in_Cyber_2/6_Analysis_Results/xai_surfacebench/data/unsw_nb15/unsw_nb15_score_stream.csv
unsw_nb15_calibrated_anchor,default,default,non_markovian,rate_limited,12,5000,0.13397035534184618,1.2076707176202386,62.30627824000004,0.6355550755939785,0.7292642640023623,0.6812548596112223,3882.527961145197,1.1517055555555593,0.0,0.0,0.0,5.369936000000056,0.13039455164474578,0.0,0.128,9.26,54.6122,calibrated:/Users/let/Documents/DO_A_PAPER_May_18/Papers/Paper_xAI_in_Cyber_2/6_Analysis_Results/xai_surfacebench/data/unsw_nb15/unsw_nb15_score_stream.csv
unsw_nb15_calibrated_anchor,default,default,non_markovian,fifo_explanation,12,5000,0.13460914967859144,1.3066430822542856,67.25090799999991,0.8281589068173517,0.7647098147134758,0.87577616397734,1957.695941892048,1.8201805555554738,0.0,0.0,0.0,7.709,0.13135541205882872,0.0,0.4538,9.3086,54.8522,calibrated:/Users/let/Documents/DO_A_PAPER_May_18/Papers/Paper_xAI_in_Cyber_2/6_Analysis_Results/xai_surfacebench/data/unsw_nb15/unsw_nb15_score_stream.csv
unsw_nb15_calibrated_anchor,default,default,non_markovian,static_coarse_full,12,5000,0.1397531366414435,1.291661185385811,66.4322037999999,0.6172854750043162,0.8294420436084846,0.5150897612094102,1665.0519455301478,1.304469444444421,0.0,0.0,0.0,5.634399999999951,0.12941404734186945,0.0562,0.2292,9.3136,54.976,calibrated:/Users/let/Documents/DO_A_PAPER_May_18/Papers/Paper_xAI_in_Cyber_2/6_Analysis_Results/xai_surfacebench/data/unsw_nb15/unsw_nb15_score_stream.csv
unsw_nb15_calibrated_anchor,default,default,non_markovian,static_offload,12,5000,0.13707532082886106,1.2550244465587108,65.12892083999998,0.5596454037387046,0.7021426367405929,0.8262401233378811,1466.738758776876,1.5381333333333063,0.5855977388064495,0.0,0.0,1.0646399999999847,0.13282514963523107,0.0,0.3526,9.3402,54.967,calibrated:/Users/let/Documents/DO_A_PAPER_May_18/Papers/Paper_xAI_in_Cyber_2/6_Analysis_Results/xai_surfacebench/data/unsw_nb15/unsw_nb15_score_stream.csv
unsw_nb15_calibrated_anchor,default,default,non_markovian,budget_only_bexgov,12,5000,0.13607598316820446,1.2466812797940403,64.37682416000003,0.45636482396743283,0.6714926041389189,0.43119379912473926,5483.8550026592975,0.563720000000051,0.0,0.5470182237801825,0.0,3.5890240000000695,0.12233963914760815,0.0018,0.0,9.1858,54.5634,calibrated:/Users/let/Documents/DO_A_PAPER_May_18/Papers/Paper_xAI_in_Cyber_2/6_Analysis_Results/xai_surfacebench/data/unsw_nb15/unsw_nb15_score_stream.csv
unsw_nb15_calibrated_anchor,default,default,non_markovian,xai_gate,12,5000,0.13443462479163196,1.343452933002564,69.46758735999998,0.676595017518299,0.751791760144751,0.736289792145806,762.2993278849935,0.9524211111112372,0.2125185392171614,0.1809857489843733,0.4459299701223051,4.036223999999672,0.12884010181228578,0.006,0.0,9.3046,54.9508,calibrated:/Users/let/Documents/DO_A_PAPER_May_18/Papers/Paper_xAI_in_Cyber_2/6_Analysis_Results/xai_surfacebench/data/unsw_nb15/unsw_nb15_score_stream.csv
unsw_nb15_calibrated_anchor,default,default,rtt_uncertainty,never_explain,12,5000,0.0,0.014276923076923064,0.7424,0.0,0.0,0.0,12247.680616375876,0.0,0.0,0.0,0.0,0.0,0.08335632224822809,0.0,0.0,7.3044,44.9492,calibrated:/Users/let/Documents/DO_A_PAPER_May_18/Papers/Paper_xAI_in_Cyber_2/6_Analysis_Results/xai_surfacebench/data/unsw_nb15/unsw_nb15_score_stream.csv
unsw_nb15_calibrated_anchor,default,default,rtt_uncertainty,always_explain,12,5000,0.0,0.016350156449497066,0.842066,1.0,1.0,0.8499999999999698,0.0,1.7360305555554938,0.0,0.0,0.0,7.3526,0.09032563257304593,0.0,0.4236,7.3526,44.9566,calibrated:/Users/let/Documents/DO_A_PAPER_May_18/Papers/Paper_xAI_in_Cyber_2/6_Analysis_Results/xai_surfacebench/data/unsw_nb15/unsw_nb15_score_stream.csv
unsw_nb15_calibrated_anchor,default,default,rtt_uncertainty,threshold_explain,12,5000,0.0,0.017841968263502157,0.9225237599999984,0.6047552370754943,0.8205300127262837,0.5037833237240228,5.853283749286066,0.9959055555555789,0.0,0.0,0.0,4.309520000000009,0.07627730917375386,0.0,0.0,7.2846,45.1222,calibrated:/Users/let/Documents/DO_A_PAPER_May_18/Papers/Paper_xAI_in_Cyber_2/6_Analysis_Results/xai_surfacebench/data/unsw_nb15/unsw_nb15_score_stream.csv
unsw_nb15_calibrated_anchor,default,default,rtt_uncertainty,rate_limited,12,5000,0.0,0.01514663760352099,0.782358999999999,0.7644418078472792,0.8700666663047711,0.5930274267424511,0.19655243878757875,1.0646777777777834,0.0,0.0,0.0,5.013232000000027,0.07968171404908708,0.0,0.0614,7.2484,44.7564,calibrated:/Users/let/Documents/DO_A_PAPER_May_18/Papers/Paper_xAI_in_Cyber_2/6_Analysis_Results/xai_surfacebench/data/unsw_nb15/unsw_nb15_score_stream.csv
unsw_nb15_calibrated_anchor,default,default,rtt_uncertainty,fifo_explanation,12,5000,0.0,0.018945159434663877,0.9760689999999953,0.9917711276298105,0.9885904508042623,0.8512343308554942,0.11079398987437096,1.7074138888888215,0.0,0.0,0.0,7.2314,0.0822805759773908,0.0,0.4136,7.2914,44.9138,calibrated:/Users/let/Documents/DO_A_PAPER_May_18/Papers/Paper_xAI_in_Cyber_2/6_Analysis_Results/xai_surfacebench/data/unsw_nb15/unsw_nb15_score_stream.csv
unsw_nb15_calibrated_anchor,default,default,rtt_uncertainty,static_coarse_full,12,5000,0.0,0.014533352152651256,0.7513525999999996,0.6073603363469184,0.8228791815722786,0.5062762771014822,6.6720794877978875,1.000708333333355,0.0,0.0,0.0,4.327296000000004,0.07985002989609447,0.0,0.0006,7.2782,44.9334,calibrated:/Users/let/Documents/DO_A_PAPER_May_18/Papers/Paper_xAI_in_Cyber_2/6_Analysis_Results/xai_surfacebench/data/unsw_nb15/unsw_nb15_score_stream.csv
unsw_nb15_calibrated_anchor,default,default,rtt_uncertainty,static_offload,12,5000,0.0,0.013514056751312913,0.7019722399999998,0.550031401032156,0.6963338460713957,1.0022248810770162,2.9533285115629972,1.1817555555555503,0.5732463206181908,0.0,0.0,0.8272640000000271,0.08600438280446054,0.0,0.152,7.3246,44.9636,calibrated:/Users/let/Documents/DO_A_PAPER_May_18/Papers/Paper_xAI_in_Cyber_2/6_Analysis_Results/xai_surfacebench/data/unsw_nb15/unsw_nb15_score_stream.csv
unsw_nb15_calibrated_anchor,default,default,rtt_uncertainty,budget_only_bexgov,12,5000,0.0,0.015553939102765221,0.8057605199999995,0.45645729057808004,0.6748516789517599,0.424988999504987,2579.100010178423,0.4491750000000259,0.0,0.5320114405148232,0.0,2.84104400000004,0.07663655447877815,0.0,0.0,7.2724,45.0316,calibrated:/Users/let/Documents/DO_A_PAPER_May_18/Papers/Paper_xAI_in_Cyber_2/6_Analysis_Results/xai_surfacebench/data/unsw_nb15/unsw_nb15_score_stream.csv
unsw_nb15_calibrated_anchor,default,default,rtt_uncertainty,xai_gate,12,5000,0.0,0.01426846877538961,0.7373348600000007,0.7367080558068865,0.8476439444196063,0.6337169835751975,16.788021685392252,0.8747005555555618,0.011813721459309815,0.16753008250418003,0.2114957651508922,4.721031999999566,0.08320195245348172,0.0,0.0,7.2966,44.9076,calibrated:/Users/let/Documents/DO_A_PAPER_May_18/Papers/Paper_xAI_in_Cyber_2/6_Analysis_Results/xai_surfacebench/data/unsw_nb15/unsw_nb15_score_stream.csv
unsw_nb15_calibrated_anchor,default,default,adversarial_explanation_flood,never_explain,13,5000,0.0,0.013715384615384596,0.7132,0.0,0.0,0.0,29628.789003830963,0.0,0.0,0.0,0.0,0.0,0.7981506399688705,0.0,0.0,12.1072,44.8876,calibrated:/Users/let/Documents/DO_A_PAPER_May_18/Papers/Paper_xAI_in_Cyber_2/6_Analysis_Results/xai_surfacebench/data/unsw_nb15/unsw_nb15_score_stream.csv
unsw_nb15_calibrated_anchor,default,default,adversarial_explanation_flood,always_explain,13,5000,0.0,0.018935956791242894,0.9691449999999997,1.0,1.0,0.8499999999999205,0.0,2.8545833333330664,0.0,0.0,0.0,12.09,0.7986895899166251,0.0372,0.6472,12.09,44.8104,calibrated:/Users/let/Documents/DO_A_PAPER_May_18/Papers/Paper_xAI_in_Cyber_2/6_Analysis_Results/xai_surfacebench/data/unsw_nb15/unsw_nb15_score_stream.csv
unsw_nb15_calibrated_anchor,default,default,adversarial_explanation_flood,threshold_explain,13,5000,0.0,0.019041282392648445,0.9771528,0.820635393397852,0.9270167764399997,0.6910548523206551,829.5455519947052,2.2955666666665246,0.0,0.0,0.0,9.81844799999972,0.7898314120077279,0.007,0.5686,12.087,45.021,calibrated:/Users/let/Documents/DO_A_PAPER_May_18/Papers/Paper_xAI_in_Cyber_2/6_Analysis_Results/xai_surfacebench/data/unsw_nb15/unsw_nb15_score_stream.csv
unsw_nb15_calibrated_anchor,default,default,adversarial_explanation_flood,rate_limited,13,5000,0.0,0.018682183007102993,0.9610810400000058,0.7742409232750401,0.851309190013273,0.8202981821784009,4660.84866077843,2.1258805555554474,0.0,0.0,0.0,9.186895999999628,0.7882909416230095,0.0002,0.5298,12.1134,45.1582,calibrated:/Users/let/Documents/DO_A_PAPER_May_18/Papers/Paper_xAI_in_Cyber_2/6_Analysis_Results/xai_surfacebench/data/unsw_nb15/unsw_nb15_score_stream.csv
unsw_nb15_calibrated_anchor,default,default,adversarial_explanation_flood,fifo_explanation,13,5000,0.0,0.018617811833121684,0.9561669999999942,0.8792887718142904,0.8623020599936736,0.8681066842277831,2704.9762774052697,2.522044444444237,0.0,0.0,0.0,10.6816,0.8046042066827372,0.0,0.6056,12.148,44.8778,calibrated:/Users/let/Documents/DO_A_PAPER_May_18/Papers/Paper_xAI_in_Cyber_2/6_Analysis_Results/xai_surfacebench/data/unsw_nb15/unsw_nb15_score_stream.csv
unsw_nb15_calibrated_anchor,default,default,adversarial_explanation_flood,static_coarse_full,13,5000,0.0,0.018819866416209398,0.9660598000000009,0.8184381796612297,0.9263210450973468,0.6892168654847222,917.133907640944,2.2992444444443074,0.0,0.0,0.0,9.83399199999972,0.8022785347652512,0.0058,0.5672,12.1384,44.9002,calibrated:/Users/let/Documents/DO_A_PAPER_May_18/Papers/Paper_xAI_in_Cyber_2/6_Analysis_Results/xai_surfacebench/data/unsw_nb15/unsw_nb15_score_stream.csv
unsw_nb15_calibrated_anchor,default,default,adversarial_explanation_flood,static_offload,13,5000,0.0,0.016771587936499122,0.8701619599999995,0.7420585464222715,0.7819117050615881,1.116266384568417,130.89364232287525,2.705355555555464,0.8000132233590638,0.0,0.0,1.714783999999963,0.7919576794801151,0.0,0.6304,12.0998,45.0152,calibrated:/Users/let/Documents/DO_A_PAPER_May_18/Papers/Paper_xAI_in_Cyber_2/6_Analysis_Results/xai_surfacebench/data/unsw_nb15/unsw_nb15_score_stream.csv
unsw_nb15_calibrated_anchor,default,default,adversarial_explanation_flood,budget_only_bexgov,13,5000,0.0,0.015653714132640762,0.8074809400000017,0.5944484380693895,0.7374244515469363,0.5645062444098369,7776.538056277974,0.9057483333333481,0.0,0.6752409977805015,0.09570344850432305,6.136283999999877,0.795194300479616,0.0,0.0,12.0748,44.8412,calibrated:/Users/let/Documents/DO_A_PAPER_May_18/Papers/Paper_xAI_in_Cyber_2/6_Analysis_Results/xai_surfacebench/data/unsw_nb15/unsw_nb15_score_stream.csv
unsw_nb15_calibrated_anchor,default,default,adversarial_explanation_flood,xai_gate,13,5000,0.0,0.017939878443004865,0.9248433000000011,0.6167133017646451,0.6746171527497568,0.6681919931119551,4299.02865810608,1.0,0.003261697407198914,0.15099837742971622,0.4346998244968091,6.561835999995376,0.7934202458314232,0.0028,0.0,12.0796,44.9034,calibrated:/Users/let/Documents/DO_A_PAPER_May_18/Papers/Paper_xAI_in_Cyber_2/6_Analysis_Results/xai_surfacebench/data/unsw_nb15/unsw_nb15_score_stream.csv
unsw_nb15_calibrated_anchor,default,default,transient_overload,never_explain,13,5000,0.24538804638715433,1.0248653846154,53.293,0.0,0.0,0.0,20562.596439784025,0.0,0.0,0.0,0.0,0.0,0.20240261671127202,0.0,0.0,10.1092,56.05,calibrated:/Users/let/Documents/DO_A_PAPER_May_18/Papers/Paper_xAI_in_Cyber_2/6_Analysis_Results/xai_surfacebench/data/unsw_nb15/unsw_nb15_score_stream.csv
unsw_nb15_calibrated_anchor,default,default,transient_overload,always_explain,13,5000,0.2516474964479766,1.0521953914038051,53.271356999999995,1.0,1.0,0.8499999999999425,0.0,2.3926083333331714,0.0,0.0,0.0,10.1334,0.20583174473979127,0.2062,0.5254,10.1334,56.0244,calibrated:/Users/let/Documents/DO_A_PAPER_May_18/Papers/Paper_xAI_in_Cyber_2/6_Analysis_Results/xai_surfacebench/data/unsw_nb15/unsw_nb15_score_stream.csv
unsw_nb15_calibrated_anchor,default,default,transient_overload,threshold_explain,13,5000,0.24969005624763257,1.0439150971044815,53.293118039999925,0.6413540096771784,0.8429464622602489,0.5359125882446145,2921.609101086073,1.4720888888888213,0.0,0.0,0.0,6.348895999999913,0.20137891273636122,0.096,0.4268,10.0856,55.9668,calibrated:/Users/let/Documents/DO_A_PAPER_May_18/Papers/Paper_xAI_in_Cyber_2/6_Analysis_Results/xai_surfacebench/data/unsw_nb15/unsw_nb15_score_stream.csv
unsw_nb15_calibrated_anchor,default,default,transient_overload,rate_limited,13,5000,0.24760219741159495,1.036502382386428,53.33260280000005,0.553694030589043,0.6457945344304886,0.7669852199204423,10492.13499279529,1.1471916666666133,0.0,0.0,0.0,5.219279999999942,0.19766396166793498,0.0002,0.185,10.1082,56.2662,calibrated:/Users/let/Documents/DO_A_PAPER_May_18/Papers/Paper_xAI_in_Cyber_2/6_Analysis_Results/xai_surfacebench/data/unsw_nb15/unsw_nb15_score_stream.csv
unsw_nb15_calibrated_anchor,default,default,transient_overload,fifo_explanation,13,5000,0.24645346663676576,1.039975297874915,53.39589199999998,0.7155551177223919,0.6200637700209974,0.8926667323415814,10478.79863767298,1.7150166666665996,0.0,0.0,0.0,7.2636,0.20473920262429957,0.0,0.4444,10.151,56.1726,calibrated:/Users/let/Documents/DO_A_PAPER_May_18/Papers/Paper_xAI_in_Cyber_2/6_Analysis_Results/xai_surfacebench/data/unsw_nb15/unsw_nb15_score_stream.csv
unsw_nb15_calibrated_anchor,default,default,transient_overload,static_coarse_full,13,5000,0.25176765057908895,1.0442692631879842,53.28178111999998,0.6430819151439255,0.8422313948539873,0.5369167124147035,3017.0350212272624,1.4902583333332666,0.0,0.0,0.0,6.43295999999991,0.2076397348609993,0.1032,0.4316,10.2008,56.3126,calibrated:/Users/let/Documents/DO_A_PAPER_May_18/Papers/Paper_xAI_in_Cyber_2/6_Analysis_Results/xai_surfacebench/data/unsw_nb15/unsw_nb15_score_stream.csv
unsw_nb15_calibrated_anchor,default,default,transient_overload,static_offload,13,5000,0.24598345909021463,1.0268858042160232,53.21869059999994,0.5814136538272373,0.7130406758251936,0.8605089153778657,2805.501725601461,1.7421388888888454,0.6107969658161757,0.0,0.0,1.1922319999999156,0.20259830420725677,0.0,0.4656,10.151,56.2726,calibrated:/Users/let/Documents/DO_A_PAPER_May_18/Papers/Paper_xAI_in_Cyber_2/6_Analysis_Results/xai_surfacebench/data/unsw_nb15/unsw_nb15_score_stream.csv
unsw_nb15_calibrated_anchor,default,default,transient_overload,budget_only_bexgov,13,5000,0.24929929118220673,1.0379738493012751,53.335540500000036,0.47712737447781944,0.6843956466210587,0.45077342949475313,6738.810826604147,0.6549038888889557,0.0,0.5732836762039883,0.0,4.154915999999992,0.20627382187565946,0.0004,0.0,10.1496,56.0934,calibrated:/Users/let/Documents/DO_A_PAPER_May_18/Papers/Paper_xAI_in_Cyber_2/6_Analysis_Results/xai_surfacebench/data/unsw_nb15/unsw_nb15_score_stream.csv
unsw_nb15_calibrated_anchor,default,default,transient_overload,xai_gate,13,5000,0.24797522130513996,1.0384625688810685,53.33519227999994,0.6790761622836068,0.7301739761211267,0.7746771295337125,3952.9367693433337,1.0,0.2412680183747822,0.15582924124821795,0.5621460676370622,4.1991054999940784,0.19938776697622895,0.0176,0.0,10.1008,56.1442,calibrated:/Users/let/Documents/DO_A_PAPER_May_18/Papers/Paper_xAI_in_Cyber_2/6_Analysis_Results/xai_surfacebench/data/unsw_nb15/unsw_nb15_score_stream.csv
unsw_nb15_calibrated_anchor,default,default,non_markovian,never_explain,13,5000,0.13369865390454433,1.2579538461538584,65.4136,0.0,0.0,0.0,18707.808683963245,0.0,0.0,0.0,0.0,0.0,0.13579515058629443,0.0,0.0,9.4266,55.3304,calibrated:/Users/let/Documents/DO_A_PAPER_May_18/Papers/Paper_xAI_in_Cyber_2/6_Analysis_Results/xai_surfacebench/data/unsw_nb15/unsw_nb15_score_stream.csv
unsw_nb15_calibrated_anchor,default,default,non_markovian,always_explain,13,5000,0.1404277098323094,1.2547408504628654,64.15424300000008,1.0,1.0,0.8499999999999442,0.0,2.215619444444299,0.0,0.0,0.0,9.3838,0.1412649532732997,0.097,0.545,9.3838,54.8152,calibrated:/Users/let/Documents/DO_A_PAPER_May_18/Papers/Paper_xAI_in_Cyber_2/6_Analysis_Results/xai_surfacebench/data/unsw_nb15/unsw_nb15_score_stream.csv
unsw_nb15_calibrated_anchor,default,default,non_markovian,threshold_explain,13,5000,0.13803906696841117,1.2464061686029715,64.08632731999997,0.6221677350427562,0.8318787065130249,0.5192136752136712,1559.1341887545025,1.321613888888866,0.0,0.0,0.0,5.707855999999958,0.13518115599280733,0.058,0.2408,9.36,54.9692,calibrated:/Users/let/Documents/DO_A_PAPER_May_18/Papers/Paper_xAI_in_Cyber_2/6_Analysis_Results/xai_surfacebench/data/unsw_nb15/unsw_nb15_score_stream.csv
unsw_nb15_calibrated_anchor,default,default,non_markovian,rate_limited,13,5000,0.13918942492488642,1.2393296358079315,63.93693208000021,0.6312332698032235,0.7224360299327627,0.6857025076557285,4185.827897956221,1.156130555555556,0.0,0.0,0.0,5.3844560000000286,0.13101617553917388,0.0,0.1378,9.3394,55.0502,calibrated:/Users/let/Documents/DO_A_PAPER_May_18/Papers/Paper_xAI_in_Cyber_2/6_Analysis_Results/xai_surfacebench/data/unsw_nb15/unsw_nb15_score_stream.csv
unsw_nb15_calibrated_anchor,default,default,non_markovian,fifo_explanation,13,5000,0.13888895908163923,1.3022551106413454,67.02483199999989,0.8246768507638073,0.76004727967777,0.8762984723853786,1987.4863583054512,1.8227305555554751,0.0,0.0,0.0,7.7198,0.12641313045623237,0.0,0.4468,9.361,55.403,calibrated:/Users/let/Documents/DO_A_PAPER_May_18/Papers/Paper_xAI_in_Cyber_2/6_Analysis_Results/xai_surfacebench/data/unsw_nb15/unsw_nb15_score_stream.csv
unsw_nb15_calibrated_anchor,default,default,non_markovian,static_coarse_full,13,5000,0.13998289145227605,1.2788281792099925,65.76388392000018,0.6178799544076435,0.8288146755134788,0.5153272113378744,1599.3678212554446,1.3023666666666447,0.0,0.0,0.0,5.62838399999995,0.12802784954453972,0.0554,0.2274,9.2998,54.962,calibrated:/Users/let/Documents/DO_A_PAPER_May_18/Papers/Paper_xAI_in_Cyber_2/6_Analysis_Results/xai_surfacebench/data/unsw_nb15/unsw_nb15_score_stream.csv
unsw_nb15_calibrated_anchor,default,default,non_markovian,static_offload,13,5000,0.1347892837280098,1.1738423895261252,60.91199688000004,0.5566325870325095,0.7001303203231478,0.8208748544066737,1266.8310527367476,1.5165999999999744,0.581402873042578,0.0,0.0,1.0550879999999874,0.13090185288177714,0.0,0.328,9.2724,54.6608,calibrated:/Users/let/Documents/DO_A_PAPER_May_18/Papers/Paper_xAI_in_Cyber_2/6_Analysis_Results/xai_surfacebench/data/unsw_nb15/unsw_nb15_score_stream.csv
unsw_nb15_calibrated_anchor,default,default,non_markovian,budget_only_bexgov,13,5000,0.13851792275150668,1.2792905589676535,66.06265930000012,0.4573968314402416,0.6714420136838812,0.432179495314845,5960.096508607108,0.5819055555556124,0.0,0.5456141464136895,0.0,3.701836000000064,0.14155945757997124,0.0014,0.0,9.4554,55.2192,calibrated:/Users/let/Documents/DO_A_PAPER_May_18/Papers/Paper_xAI_in_Cyber_2/6_Analysis_Results/xai_surfacebench/data/unsw_nb15/unsw_nb15_score_stream.csv
unsw_nb15_calibrated_anchor,default,default,non_markovian,xai_gate,13,5000,0.1397959872392103,1.2299873389085212,63.591112300000034,0.6774104765994801,0.7510663279562609,0.7399604980678257,773.0441344793963,0.9551211111112441,0.21515671962215543,0.17174753112924002,0.4606268784886217,4.038655999999683,0.12575298929954992,0.0048,0.0,9.316,55.169,calibrated:/Users/let/Documents/DO_A_PAPER_May_18/Papers/Paper_xAI_in_Cyber_2/6_Analysis_Results/xai_surfacebench/data/unsw_nb15/unsw_nb15_score_stream.csv
unsw_nb15_calibrated_anchor,default,default,rtt_uncertainty,never_explain,13,5000,0.0,0.014223076923076946,0.7396,0.0,0.0,0.0,12205.375153925268,0.0,0.0,0.0,0.0,0.0,0.08249124599314261,0.0,0.0,7.3112,45.027,calibrated:/Users/let/Documents/DO_A_PAPER_May_18/Papers/Paper_xAI_in_Cyber_2/6_Analysis_Results/xai_surfacebench/data/unsw_nb15/unsw_nb15_score_stream.csv
unsw_nb15_calibrated_anchor,default,default,rtt_uncertainty,always_explain,13,5000,0.0,0.018320731738622247,0.9434909999999996,1.0,1.0,0.8499999999999676,0.0,1.7257833333332673,0.0,0.0,0.0,7.3092,0.08265678393522968,0.0,0.4236,7.3092,45.0078,calibrated:/Users/let/Documents/DO_A_PAPER_May_18/Papers/Paper_xAI_in_Cyber_2/6_Analysis_Results/xai_surfacebench/data/unsw_nb15/unsw_nb15_score_stream.csv
unsw_nb15_calibrated_anchor,default,default,rtt_uncertainty,threshold_explain,13,5000,0.0,0.01570517263686903,0.8121249599999993,0.5998617218396715,0.8184988433392842,0.4997981138858945,8.594325155174069,0.9810777777777993,0.0,0.0,0.0,4.2445120000000065,0.07483156988902051,0.0,0.0,7.2318,44.8554,calibrated:/Users/let/Documents/DO_A_PAPER_May_18/Papers/Paper_xAI_in_Cyber_2/6_Analysis_Results/xai_surfacebench/data/unsw_nb15/unsw_nb15_score_stream.csv
unsw_nb15_calibrated_anchor,default,default,rtt_uncertainty,rate_limited,13,5000,0.0,0.018293045516029328,0.9449841200000002,0.7618007064815936,0.8670016229490403,0.5901462252526062,0.2338286754440468,1.0655083333333517,0.0,0.0,0.0,5.026296000000065,0.07859294701399899,0.0,0.0624,7.3038,45.144,calibrated:/Users/let/Documents/DO_A_PAPER_May_18/Papers/Paper_xAI_in_Cyber_2/6_Analysis_Results/xai_surfacebench/data/unsw_nb15/unsw_nb15_score_stream.csv
unsw_nb15_calibrated_anchor,default,default,rtt_uncertainty,fifo_explanation,13,5000,0.0,0.018098977148041467,0.9326949999999997,0.9910132992042735,0.9875249229989888,0.8513480051193237,0.12255622860347835,1.6820083333332652,0.0,0.0,0.0,7.1238,0.06970715643075587,0.0,0.403,7.1884,44.7998,calibrated:/Users/let/Documents/DO_A_PAPER_May_18/Papers/Paper_xAI_in_Cyber_2/6_Analysis_Results/xai_surfacebench/data/unsw_nb15/unsw_nb15_score_stream.csv
unsw_nb15_calibrated_anchor,default,default,rtt_uncertainty,static_coarse_full,13,5000,0.0,0.015410753143843424,0.7968271600000005,0.6064342426989949,0.8233400875403845,0.5057570262919342,5.889524761480336,1.0004916666666905,0.0,0.0,0.0,4.324007999999999,0.07692375969147269,0.0,0.0008,7.2798,45.0654,calibrated:/Users/let/Documents/DO_A_PAPER_May_18/Papers/Paper_xAI_in_Cyber_2/6_Analysis_Results/xai_surfacebench/data/unsw_nb15/unsw_nb15_score_stream.csv
unsw_nb15_calibrated_anchor,default,default,rtt_uncertainty,static_offload,13,5000,0.0,0.013787345232802102,0.7161582399999994,0.5469910846954104,0.6943770656931766,0.9947535807678632,3.116834174271487,1.164794444444442,0.5692036761873315,0.0,0.0,0.8189200000000341,0.07761899043273024,0.0,0.143,7.2684,44.9658,calibrated:/Users/let/Documents/DO_A_PAPER_May_18/Papers/Paper_xAI_in_Cyber_2/6_Analysis_Results/xai_surfacebench/data/unsw_nb15/unsw_nb15_score_stream.csv
unsw_nb15_calibrated_anchor,default,default,rtt_uncertainty,budget_only_bexgov,13,5000,0.0,0.016344968524538424,0.8467972199999995,0.45379827326298733,0.6729631405583084,0.4221584212690233,2536.709799643887,0.4481533333333564,0.0,0.5271755515965465,0.0,2.8334240000000435,0.08010574586060737,0.0,0.0,7.297,45.0388,calibrated:/Users/let/Documents/DO_A_PAPER_May_18/Papers/Paper_xAI_in_Cyber_2/6_Analysis_Results/xai_surfacebench/data/unsw_nb15/unsw_nb15_score_stream.csv
unsw_nb15_calibrated_anchor,default,default,rtt_uncertainty,xai_gate,13,5000,0.0,0.015772321439637017,0.8150457999999997,0.7379365728621966,0.8496621184133885,0.6356547914150162,38.15661261970257,0.8822022222222301,0.011780104712041885,0.1736747382198953,0.20904232111692844,4.7570999999996,0.08877468313842396,0.0,0.0,7.3344,44.9092,calibrated:/Users/let/Documents/DO_A_PAPER_May_18/Papers/Paper_xAI_in_Cyber_2/6_Analysis_Results/xai_surfacebench/data/unsw_nb15/unsw_nb15_score_stream.csv
unsw_nb15_calibrated_anchor,default,default,adversarial_explanation_flood,never_explain,14,5000,0.0,0.01399615384615386,0.7278,0.0,0.0,0.0,29521.378299141503,0.0,0.0,0.0,0.0,0.0,0.7994279865927911,0.0,0.0,12.149,45.0106,calibrated:/Users/let/Documents/DO_A_PAPER_May_18/Papers/Paper_xAI_in_Cyber_2/6_Analysis_Results/xai_surfacebench/data/unsw_nb15/unsw_nb15_score_stream.csv
unsw_nb15_calibrated_anchor,default,default,adversarial_explanation_flood,always_explain,14,5000,0.0,0.021486434909799637,1.0993610000000025,1.0,1.0,0.8499999999999257,0.0,2.8576055555553057,0.0,0.0,0.0,12.1028,0.792887881548632,0.0428,0.6482,12.1028,45.003,calibrated:/Users/let/Documents/DO_A_PAPER_May_18/Papers/Paper_xAI_in_Cyber_2/6_Analysis_Results/xai_surfacebench/data/unsw_nb15/unsw_nb15_score_stream.csv
unsw_nb15_calibrated_anchor,default,default,adversarial_explanation_flood,threshold_explain,14,5000,0.0,0.019347331579055733,0.9932273200000016,0.8201295263932665,0.9269803263873767,0.6906726108749012,830.5247922697256,2.2950722222220796,0.0,0.0,0.0,9.815671999999733,0.7899235926977064,0.0076,0.5622,12.0902,45.0306,calibrated:/Users/let/Documents/DO_A_PAPER_May_18/Papers/Paper_xAI_in_Cyber_2/6_Analysis_Results/xai_surfacebench/data/unsw_nb15/unsw_nb15_score_stream.csv
unsw_nb15_calibrated_anchor,default,default,adversarial_explanation_flood,rate_limited,14,5000,0.0,0.016583685587776616,0.8530709600000033,0.7696850652013382,0.8466717066857875,0.821933896497977,4868.438146511295,2.1280694444443315,0.0,0.0,0.0,9.194607999999633,0.8102886395591078,0.0,0.5302,12.193,44.9026,calibrated:/Users/let/Documents/DO_A_PAPER_May_18/Papers/Paper_xAI_in_Cyber_2/6_Analysis_Results/xai_surfacebench/data/unsw_nb15/unsw_nb15_score_stream.csv
unsw_nb15_calibrated_anchor,default,default,adversarial_explanation_flood,fifo_explanation,14,5000,0.0,0.019115583254788997,0.9817769999999902,0.8769248373492007,0.8592922810521468,0.8684612743975483,2882.126924258799,2.5332361111109063,0.0,0.0,0.0,10.729,0.8132237822969524,0.0,0.606,12.2348,44.9836,calibrated:/Users/let/Documents/DO_A_PAPER_May_18/Papers/Paper_xAI_in_Cyber_2/6_Analysis_Results/xai_surfacebench/data/unsw_nb15/unsw_nb15_score_stream.csv
unsw_nb15_calibrated_anchor,default,default,adversarial_explanation_flood,static_coarse_full,14,5000,0.0,0.01892572326083664,0.9712894400000011,0.8233491573310429,0.9285410651732109,0.6935502151844463,816.8951868666304,2.321555555555406,0.0,0.0,0.0,9.926407999999709,0.8109720908371585,0.009,0.5686,12.1756,44.8216,calibrated:/Users/let/Documents/DO_A_PAPER_May_18/Papers/Paper_xAI_in_Cyber_2/6_Analysis_Results/xai_surfacebench/data/unsw_nb15/unsw_nb15_score_stream.csv
unsw_nb15_calibrated_anchor,default,default,adversarial_explanation_flood,static_offload,14,5000,0.0,0.015124544270197297,0.7846935199999991,0.7395241313377896,0.7808088680151394,1.111983417946927,245.34500563764502,2.7022055555554574,0.7967462253576845,0.0,0.0,1.7162959999999665,0.7966999690520278,0.0,0.6282,12.1336,45.0218,calibrated:/Users/let/Documents/DO_A_PAPER_May_18/Papers/Paper_xAI_in_Cyber_2/6_Analysis_Results/xai_surfacebench/data/unsw_nb15/unsw_nb15_score_stream.csv
unsw_nb15_calibrated_anchor,default,default,adversarial_explanation_flood,budget_only_bexgov,14,5000,0.0,0.01764713119986175,0.9102842000000017,0.594160857025156,0.7368892290078342,0.5643658838071659,7900.20910154196,0.9065855555555684,0.0,0.6747259991759373,0.0980799340749897,6.160511999999902,0.7933621217092184,0.0,0.0,12.135,45.1108,calibrated:/Users/let/Documents/DO_A_PAPER_May_18/Papers/Paper_xAI_in_Cyber_2/6_Analysis_Results/xai_surfacebench/data/unsw_nb15/unsw_nb15_score_stream.csv
unsw_nb15_calibrated_anchor,default,default,adversarial_explanation_flood,xai_gate,14,5000,0.0,0.01857996279572804,0.9573713599999999,0.6107237402875592,0.6681304460849793,0.6660113554400808,4450.117973630085,1.0,0.0021965052617775303,0.14547749401698193,0.43033677015312694,6.570707499995707,0.8052023181252561,0.0034,0.0,12.2012,45.0594,calibrated:/Users/let/Documents/DO_A_PAPER_May_18/Papers/Paper_xAI_in_Cyber_2/6_Analysis_Results/xai_surfacebench/data/unsw_nb15/unsw_nb15_score_stream.csv
unsw_nb15_calibrated_anchor,default,default,transient_overload,never_explain,14,5000,0.246751864440455,1.0232423076923232,53.2086,0.0,0.0,0.0,20593.442489753328,0.0,0.0,0.0,0.0,0.0,0.1973101913283739,0.0,0.0,10.124,56.3708,calibrated:/Users/let/Documents/DO_A_PAPER_May_18/Papers/Paper_xAI_in_Cyber_2/6_Analysis_Results/xai_surfacebench/data/unsw_nb15/unsw_nb15_score_stream.csv
unsw_nb15_calibrated_anchor,default,default,transient_overload,always_explain,14,5000,0.24974525130903116,1.0529276144850443,53.325764,1.0,1.0,0.8499999999999439,0.0,2.396622222222064,0.0,0.0,0.0,10.1504,0.2060077015111954,0.1942,0.5276,10.1504,56.1102,calibrated:/Users/let/Documents/DO_A_PAPER_May_18/Papers/Paper_xAI_in_Cyber_2/6_Analysis_Results/xai_surfacebench/data/unsw_nb15/unsw_nb15_score_stream.csv
unsw_nb15_calibrated_anchor,default,default,transient_overload,threshold_explain,14,5000,0.25041387476205357,1.0470629792318495,53.43442648000001,0.6434410123398708,0.8438946381805892,0.5376562131572609,2975.945471492698,1.490466666666592,0.0,0.0,0.0,6.42815999999992,0.20493223854305875,0.1016,0.4328,10.1784,56.3152,calibrated:/Users/let/Documents/DO_A_PAPER_May_18/Papers/Paper_xAI_in_Cyber_2/6_Analysis_Results/xai_surfacebench/data/unsw_nb15/unsw_nb15_score_stream.csv
unsw_nb15_calibrated_anchor,default,default,transient_overload,rate_limited,14,5000,0.24683788443151009,1.0356544791567976,53.28892388000002,0.5518352438082965,0.6440468517343717,0.7670398527053319,10539.498022802563,1.1418166666666056,0.0,0.0,0.0,5.196839999999933,0.20142426966933757,0.0002,0.181,10.1022,56.0568,calibrated:/Users/let/Documents/DO_A_PAPER_May_18/Papers/Paper_xAI_in_Cyber_2/6_Analysis_Results/xai_surfacebench/data/unsw_nb15/unsw_nb15_score_stream.csv
unsw_nb15_calibrated_anchor,default,default,transient_overload,fifo_explanation,14,5000,0.24696612838859333,1.0385413839985949,53.322794999999964,0.7181853965754773,0.6233179738996981,0.8922721905136203,10389.396419895074,1.7231861111110334,0.0,0.0,0.0,7.2982,0.20696863449349734,0.0,0.4484,10.162,56.1296,calibrated:/Users/let/Documents/DO_A_PAPER_May_18/Papers/Paper_xAI_in_Cyber_2/6_Analysis_Results/xai_surfacebench/data/unsw_nb15/unsw_nb15_score_stream.csv
unsw_nb15_calibrated_anchor,default,default,transient_overload,static_coarse_full,14,5000,0.24948335943771482,1.044044660133575,53.295864599999994,0.6410872188483067,0.8433436394116068,0.535834108128414,3009.6738438546913,1.4759305555554874,0.0,0.0,0.0,6.363607999999915,0.2023713957816755,0.0966,0.4274,10.1102,56.057,calibrated:/Users/let/Documents/DO_A_PAPER_May_18/Papers/Paper_xAI_in_Cyber_2/6_Analysis_Results/xai_surfacebench/data/unsw_nb15/unsw_nb15_score_stream.csv
unsw_nb15_calibrated_anchor,default,default,transient_overload,static_offload,14,5000,0.2456447177082779,1.0266298864828745,53.204412680000054,0.5793884595771661,0.711449068331638,0.8565516024007296,2862.4125631384804,1.7414999999999567,0.6075785509747774,0.0,0.0,1.1979359999999208,0.20733360564998193,0.0,0.4636,10.1972,56.307,calibrated:/Users/let/Documents/DO_A_PAPER_May_18/Papers/Paper_xAI_in_Cyber_2/6_Analysis_Results/xai_surfacebench/data/unsw_nb15/unsw_nb15_score_stream.csv
unsw_nb15_calibrated_anchor,default,default,transient_overload,budget_only_bexgov,14,5000,0.24828246510104837,1.036747844926303,53.27412234000001,0.47799905121464986,0.6848094534361286,0.45186396789942157,6700.79159459295,0.6564055555556239,0.0,0.5715443458322627,0.0,4.152891999999991,0.2004574888890429,0.0,0.0,10.1182,56.1908,calibrated:/Users/let/Documents/DO_A_PAPER_May_18/Papers/Paper_xAI_in_Cyber_2/6_Analysis_Results/xai_surfacebench/data/unsw_nb15/unsw_nb15_score_stream.csv
unsw_nb15_calibrated_anchor,default,default,transient_overload,xai_gate,14,5000,0.2465442743566995,1.0398458628231655,53.40145847999998,0.6755106462599528,0.726534055083771,0.7724735566974166,4035.3758747418324,1.0,0.23916169315921132,0.15442494435580767,0.5585101144387927,4.205283999994189,0.20127772848269743,0.019,0.0,10.1538,56.35,calibrated:/Users/let/Documents/DO_A_PAPER_May_18/Papers/Paper_xAI_in_Cyber_2/6_Analysis_Results/xai_surfacebench/data/unsw_nb15/unsw_nb15_score_stream.csv
unsw_nb15_calibrated_anchor,default,default,non_markovian,never_explain,14,5000,0.13542152302682697,1.2347807692307795,64.2086,0.0,0.0,0.0,18777.42442985892,0.0,0.0,0.0,0.0,0.0,0.1356745055095998,0.0,0.0,9.4272,55.3398,calibrated:/Users/let/Documents/DO_A_PAPER_May_18/Papers/Paper_xAI_in_Cyber_2/6_Analysis_Results/xai_surfacebench/data/unsw_nb15/unsw_nb15_score_stream.csv
unsw_nb15_calibrated_anchor,default,default,non_markovian,always_explain,14,5000,0.13797372347028813,1.3956246130473215,71.43398799999989,1.0,1.0,0.8499999999999533,0.0,2.209244444444323,0.0,0.0,0.0,9.3568,0.13212797905331053,0.0968,0.548,9.3568,55.0986,calibrated:/Users/let/Documents/DO_A_PAPER_May_18/Papers/Paper_xAI_in_Cyber_2/6_Analysis_Results/xai_surfacebench/data/unsw_nb15/unsw_nb15_score_stream.csv
unsw_nb15_calibrated_anchor,default,default,non_markovian,threshold_explain,14,5000,0.1348177131091482,1.3596533503552057,69.94883867999981,0.6221520066497781,0.8318356935591318,0.5191851915002391,1583.934911035081,1.3248555555555246,0.0,0.0,0.0,5.722039999999941,0.13187792730689019,0.0554,0.2394,9.3838,55.2698,calibrated:/Users/let/Documents/DO_A_PAPER_May_18/Papers/Paper_xAI_in_Cyber_2/6_Analysis_Results/xai_surfacebench/data/unsw_nb15/unsw_nb15_score_stream.csv
unsw_nb15_calibrated_anchor,default,default,non_markovian,rate_limited,14,5000,0.14146120208262203,1.3183193503954855,68.01225992000012,0.6324186622802563,0.7235453980039382,0.6854617504432609,4169.611330111824,1.1615055555555531,0.0,0.0,0.0,5.408552000000037,0.1330733686246306,0.0002,0.137,9.3622,55.0844,calibrated:/Users/let/Documents/DO_A_PAPER_May_18/Papers/Paper_xAI_in_Cyber_2/6_Analysis_Results/xai_surfacebench/data/unsw_nb15/unsw_nb15_score_stream.csv
unsw_nb15_calibrated_anchor,default,default,non_markovian,fifo_explanation,14,5000,0.14418582907602998,1.3017221393095149,66.99388499999989,0.821247350504207,0.7554545559317248,0.8768128974243226,2109.581223659981,1.8113499999999285,0.0,0.0,0.0,7.6716,0.1306093845880132,0.0,0.447,9.3414,55.0818,calibrated:/Users/let/Documents/DO_A_PAPER_May_18/Papers/Paper_xAI_in_Cyber_2/6_Analysis_Results/xai_surfacebench/data/unsw_nb15/unsw_nb15_score_stream.csv
unsw_nb15_calibrated_anchor,default,default,non_markovian,static_coarse_full,14,5000,0.13582689537052858,1.3561105451754707,69.77064951999986,0.6199344007595909,0.8308012004608428,0.5173374045142574,1503.4454645626838,1.3039138888888642,0.0,0.0,0.0,5.631559999999964,0.12344650950245861,0.056,0.226,9.2684,54.9998,calibrated:/Users/let/Documents/DO_A_PAPER_May_18/Papers/Paper_xAI_in_Cyber_2/6_Analysis_Results/xai_surfacebench/data/unsw_nb15/unsw_nb15_score_stream.csv
unsw_nb15_calibrated_anchor,default,default,non_markovian,static_offload,14,5000,0.13903547865835936,1.217086009293075,63.15596251999995,0.560781066353268,0.7026508789745596,0.8279232824020151,1395.5271444065254,1.5443722222221943,0.5867934608398333,0.0,0.0,1.0689199999999888,0.135382092043711,0.0,0.353,9.359,54.9536,calibrated:/Users/let/Documents/DO_A_PAPER_May_18/Papers/Paper_xAI_in_Cyber_2/6_Analysis_Results/xai_surfacebench/data/unsw_nb15/unsw_nb15_score_stream.csv
unsw_nb15_calibrated_anchor,default,default,non_markovian,budget_only_bexgov,14,5000,0.1383731510102738,1.2526909923207257,64.67715796000003,0.4577166709151228,0.6720758599141473,0.432898929390772,5940.637232819186,0.5806966666667209,0.0,0.5475401478460362,0.0,3.691464000000069,0.12934741539070416,0.0018,0.0,9.4152,55.579,calibrated:/Users/let/Documents/DO_A_PAPER_May_18/Papers/Paper_xAI_in_Cyber_2/6_Analysis_Results/xai_surfacebench/data/unsw_nb15/unsw_nb15_score_stream.csv
unsw_nb15_calibrated_anchor,default,default,non_markovian,xai_gate,14,5000,0.13876109281677607,1.2141903836544354,62.76285762000009,0.6784044423481744,0.7523238526975375,0.7410848591398166,790.8941026821707,0.954837777777906,0.2135628832382831,0.18078127009990996,0.4598859397109901,4.062775999999723,0.13518986355914508,0.006,0.0,9.3284,54.7832,calibrated:/Users/let/Documents/DO_A_PAPER_May_18/Papers/Paper_xAI_in_Cyber_2/6_Analysis_Results/xai_surfacebench/data/unsw_nb15/unsw_nb15_score_stream.csv
unsw_nb15_calibrated_anchor,default,default,rtt_uncertainty,never_explain,14,5000,0.0,0.01301153846153847,0.6766,0.0,0.0,0.0,12557.129611282497,0.0,0.0,0.0,0.0,0.0,0.09544882621994244,0.0,0.0,7.3742,44.8778,calibrated:/Users/let/Documents/DO_A_PAPER_May_18/Papers/Paper_xAI_in_Cyber_2/6_Analysis_Results/xai_surfacebench/data/unsw_nb15/unsw_nb15_score_stream.csv
unsw_nb15_calibrated_anchor,default,default,rtt_uncertainty,always_explain,14,5000,0.0,0.018634418024064358,0.9597350000000002,1.0,1.0,0.8499999999999671,0.0,1.7157722222221559,0.0,0.0,0.0,7.2668,0.07676874543431134,0.0002,0.4122,7.2668,44.9914,calibrated:/Users/let/Documents/DO_A_PAPER_May_18/Papers/Paper_xAI_in_Cyber_2/6_Analysis_Results/xai_surfacebench/data/unsw_nb15/unsw_nb15_score_stream.csv
unsw_nb15_calibrated_anchor,default,default,rtt_uncertainty,threshold_explain,14,5000,0.0,0.01691794106684933,0.8747587199999997,0.6039608842140055,0.8211141571798299,0.5034075656723385,7.1431449727203695,0.9981277777777965,0.0,0.0,0.0,4.316463999999998,0.08072824156305503,0.0,0.0,7.3014,45.04,calibrated:/Users/let/Documents/DO_A_PAPER_May_18/Papers/Paper_xAI_in_Cyber_2/6_Analysis_Results/xai_surfacebench/data/unsw_nb15/unsw_nb15_score_stream.csv
unsw_nb15_calibrated_anchor,default,default,rtt_uncertainty,rate_limited,14,5000,0.0,0.017630638251706465,0.9106741599999996,0.7620349477160504,0.8675261585867043,0.5904017611447409,0.20779180611536072,1.0609305555555715,0.0,0.0,0.0,5.003888000000053,0.07611898310605758,0.0,0.0578,7.268,45.026,calibrated:/Users/let/Documents/DO_A_PAPER_May_18/Papers/Paper_xAI_in_Cyber_2/6_Analysis_Results/xai_surfacebench/data/unsw_nb15/unsw_nb15_score_stream.csv
unsw_nb15_calibrated_anchor,default,default,rtt_uncertainty,fifo_explanation,14,5000,0.0,0.016325226621198827,0.8409150000000009,0.9913845140756187,0.9880274383314904,0.8512923228886187,0.10098639511934442,1.7062333333332567,0.0,0.0,0.0,7.2264,0.07982868985664582,0.0,0.4142,7.2892,45.0022,calibrated:/Users/let/Documents/DO_A_PAPER_May_18/Papers/Paper_xAI_in_Cyber_2/6_Analysis_Results/xai_surfacebench/data/unsw_nb15/unsw_nb15_score_stream.csv
unsw_nb15_calibrated_anchor,default,default,rtt_uncertainty,static_coarse_full,14,5000,0.0,0.015859709753038014,0.8200129999999995,0.606725122011765,0.8214444335460556,0.5054209060578491,5.5013470341019035,0.9948555555555753,0.0,0.0,0.0,4.305008000000006,0.07879225953837588,0.0,0.0,7.2534,44.8242,calibrated:/Users/let/Documents/DO_A_PAPER_May_18/Papers/Paper_xAI_in_Cyber_2/6_Analysis_Results/xai_surfacebench/data/unsw_nb15/unsw_nb15_score_stream.csv
unsw_nb15_calibrated_anchor,default,default,rtt_uncertainty,static_offload,14,5000,0.0,0.015000072931138931,0.7791596399999994,0.5468302460602859,0.6951596365592887,0.9962528310447867,3.3752793324197317,1.1610277777777769,0.5703345313795963,0.0,0.0,0.8110480000000273,0.07306769196994178,0.0,0.1364,7.234,44.9428,calibrated:/Users/let/Documents/DO_A_PAPER_May_18/Papers/Paper_xAI_in_Cyber_2/6_Analysis_Results/xai_surfacebench/data/unsw_nb15/unsw_nb15_score_stream.csv
unsw_nb15_calibrated_anchor,default,default,rtt_uncertainty,budget_only_bexgov,14,5000,0.0,0.016580566923139185,0.8589440999999995,0.45692770261036475,0.6756547984315363,0.42605166051661336,2471.854547357569,0.45136666666669145,0.0,0.5365586989203225,0.0,2.861048000000033,0.08615783356268092,0.0,0.0,7.317,44.9106,calibrated:/Users/let/Documents/DO_A_PAPER_May_18/Papers/Paper_xAI_in_Cyber_2/6_Analysis_Results/xai_surfacebench/data/unsw_nb15/unsw_nb15_score_stream.csv
unsw_nb15_calibrated_anchor,default,default,rtt_uncertainty,xai_gate,14,5000,0.0,0.017327332026191352,0.8953555400000006,0.7376017007269929,0.8497401339344385,0.634496307775541,31.193255728366697,0.8763888888888971,0.011767933068166233,0.16881086270744755,0.20965573995336717,4.724867999999597,0.08094083809608454,0.0,0.0,7.291,44.967,calibrated:/Users/let/Documents/DO_A_PAPER_May_18/Papers/Paper_xAI_in_Cyber_2/6_Analysis_Results/xai_surfacebench/data/unsw_nb15/unsw_nb15_score_stream.csv
unsw_nb15_calibrated_anchor,default,default,adversarial_explanation_flood,never_explain,15,5000,0.0,0.01376153846153847,0.7156,0.0,0.0,0.0,29622.208112977893,0.0,0.0,0.0,0.0,0.0,0.8050154496279731,0.0,0.0,12.1564,44.8986,calibrated:/Users/let/Documents/DO_A_PAPER_May_18/Papers/Paper_xAI_in_Cyber_2/6_Analysis_Results/xai_surfacebench/data/unsw_nb15/unsw_nb15_score_stream.csv
unsw_nb15_calibrated_anchor,default,default,adversarial_explanation_flood,always_explain,15,5000,0.0,0.020013370454468913,1.0243139999999995,1.0,1.0,0.84999999999992,0.0,2.8661999999997305,0.0,0.0,0.0,12.1392,0.7991836444317963,0.04,0.6482,12.1392,44.9804,calibrated:/Users/let/Documents/DO_A_PAPER_May_18/Papers/Paper_xAI_in_Cyber_2/6_Analysis_Results/xai_surfacebench/data/unsw_nb15/unsw_nb15_score_stream.csv
unsw_nb15_calibrated_anchor,default,default,adversarial_explanation_flood,threshold_explain,15,5000,0.0,0.020440101328830233,1.0492121600000006,0.8218333470971897,0.9267715337503156,0.6918572962259281,838.877790997787,2.301622222222084,0.0,0.0,0.0,9.847471999999723,0.7926591134857357,0.007,0.5648,12.109,45.0318,calibrated:/Users/let/Documents/DO_A_PAPER_May_18/Papers/Paper_xAI_in_Cyber_2/6_Analysis_Results/xai_surfacebench/data/unsw_nb15/unsw_nb15_score_stream.csv
unsw_nb15_calibrated_anchor,default,default,adversarial_explanation_flood,rate_limited,15,5000,0.0,0.017003928158114728,0.874780640000004,0.770876665516607,0.8480264017565531,0.821676770663894,4982.743410559964,2.1279638888887766,0.0,0.0,0.0,9.194095999999634,0.803226236501799,0.0004,0.5304,12.1734,45.006,calibrated:/Users/let/Documents/DO_A_PAPER_May_18/Papers/Paper_xAI_in_Cyber_2/6_Analysis_Results/xai_surfacebench/data/unsw_nb15/unsw_nb15_score_stream.csv
unsw_nb15_calibrated_anchor,default,default,adversarial_explanation_flood,fifo_explanation,15,5000,0.0,0.020156744250893685,1.03525099999999,0.8785425101214575,0.861663867227914,0.8682186234817085,2672.305300324331,2.520816666666453,0.0,0.0,0.0,10.6764,0.8009638811331814,0.0,0.6032,12.1524,44.9848,calibrated:/Users/let/Documents/DO_A_PAPER_May_18/Papers/Paper_xAI_in_Cyber_2/6_Analysis_Results/xai_surfacebench/data/unsw_nb15/unsw_nb15_score_stream.csv
unsw_nb15_calibrated_anchor,default,default,adversarial_explanation_flood,static_coarse_full,15,5000,0.0,0.01886495194065727,0.9684145199999997,0.8241144910496823,0.9285992575837695,0.6941322095083343,788.0386423974319,2.3045999999998616,0.0,0.0,0.0,9.854855999999737,0.7924664111046276,0.0074,0.5686,12.0778,44.9206,calibrated:/Users/let/Documents/DO_A_PAPER_May_18/Papers/Paper_xAI_in_Cyber_2/6_Analysis_Results/xai_surfacebench/data/unsw_nb15/unsw_nb15_score_stream.csv
unsw_nb15_calibrated_anchor,default,default,adversarial_explanation_flood,static_offload,15,5000,0.0,0.016032911509096387,0.8318263200000003,0.7412054467351241,0.7819199710751803,1.1153808899873054,131.8826826369461,2.6942555555554666,0.7995455525517058,0.0,0.0,1.704799999999966,0.7898639782935291,0.0,0.6316,12.0586,44.9144,calibrated:/Users/let/Documents/DO_A_PAPER_May_18/Papers/Paper_xAI_in_Cyber_2/6_Analysis_Results/xai_surfacebench/data/unsw_nb15/unsw_nb15_score_stream.csv
unsw_nb15_calibrated_anchor,default,default,adversarial_explanation_flood,budget_only_bexgov,15,5000,0.0,0.01740751236265727,0.8980134600000008,0.5943066149395309,0.736648736021843,0.5644060691741142,7949.017885001555,0.907978333333346,0.0,0.6693023408732246,0.10310362966859547,6.17890799999986,0.7996541629871603,0.0,0.0,12.1664,45.0694,calibrated:/Users/let/Documents/DO_A_PAPER_May_18/Papers/Paper_xAI_in_Cyber_2/6_Analysis_Results/xai_surfacebench/data/unsw_nb15/unsw_nb15_score_stream.csv
unsw_nb15_calibrated_anchor,default,default,adversarial_explanation_flood,xai_gate,15,5000,0.0,0.017146018686531456,0.8836838800000009,0.6103831131530729,0.6670474240400455,0.6678542299173914,4453.104878765099,1.0,0.0030688438500041026,0.14497415278575532,0.4308566505286144,6.554606999995636,0.8041263821100253,0.0032,0.0,12.187,45.0338,calibrated:/Users/let/Documents/DO_A_PAPER_May_18/Papers/Paper_xAI_in_Cyber_2/6_Analysis_Results/xai_surfacebench/data/unsw_nb15/unsw_nb15_score_stream.csv
unsw_nb15_calibrated_anchor,default,default,transient_overload,never_explain,15,5000,0.2455313472654513,1.0227500000000156,53.183,0.0,0.0,0.0,20549.62196961506,0.0,0.0,0.0,0.0,0.0,0.19737957610790202,0.0,0.0,10.0984,56.225,calibrated:/Users/let/Documents/DO_A_PAPER_May_18/Papers/Paper_xAI_in_Cyber_2/6_Analysis_Results/xai_surfacebench/data/unsw_nb15/unsw_nb15_score_stream.csv
unsw_nb15_calibrated_anchor,default,default,transient_overload,always_explain,15,5000,0.2521268758087692,1.0519485791841072,53.268254999999996,1.0,1.0,0.8499999999999429,0.0,2.376977777777618,0.0,0.0,0.0,10.0672,0.19956436672314992,0.1994,0.5246,10.0672,55.9492,calibrated:/Users/let/Documents/DO_A_PAPER_May_18/Papers/Paper_xAI_in_Cyber_2/6_Analysis_Results/xai_surfacebench/data/unsw_nb15/unsw_nb15_score_stream.csv
unsw_nb15_calibrated_anchor,default,default,transient_overload,threshold_explain,15,5000,0.24695422108974635,1.043207787084791,53.24578616000007,0.6407708011257925,0.8426209292272602,0.5354084909025927,2927.1051641375484,1.4714083333332584,0.0,0.0,0.0,6.346175999999903,0.20037685752215761,0.0972,0.4272,10.0908,56.0424,calibrated:/Users/let/Documents/DO_A_PAPER_May_18/Papers/Paper_xAI_in_Cyber_2/6_Analysis_Results/xai_surfacebench/data/unsw_nb15/unsw_nb15_score_stream.csv
unsw_nb15_calibrated_anchor,default,default,transient_overload,rate_limited,15,5000,0.24680137898088528,1.0347437266374473,53.24307971999997,0.5517198409715913,0.6427548573309951,0.7672073105603405,10578.159697784571,1.1427555555555013,0.0,0.0,0.0,5.20078399999993,0.2016052459265718,0.0002,0.1794,10.1114,56.0994,calibrated:/Users/let/Documents/DO_A_PAPER_May_18/Papers/Paper_xAI_in_Cyber_2/6_Analysis_Results/xai_surfacebench/data/unsw_nb15/unsw_nb15_score_stream.csv
unsw_nb15_calibrated_anchor,default,default,transient_overload,fifo_explanation,15,5000,0.24924079850281428,1.0390850969506351,53.35007199999995,0.7179891261523914,0.6233053423002227,0.8923016310770772,10373.36469637612,1.7211555555554798,0.0,0.0,0.0,7.2896,0.20640465793304252,0.0,0.445,10.1528,56.105,calibrated:/Users/let/Documents/DO_A_PAPER_May_18/Papers/Paper_xAI_in_Cyber_2/6_Analysis_Results/xai_surfacebench/data/unsw_nb15/unsw_nb15_score_stream.csv
unsw_nb15_calibrated_anchor,default,default,transient_overload,static_coarse_full,15,5000,0.24792113653252537,1.0428195109707006,53.22243379999994,0.6413215398572314,0.8426089611472767,0.5357866919102166,2930.335717123579,1.479536111111041,0.0,0.0,0.0,6.382287999999913,0.207699782782667,0.0976,0.4294,10.1412,55.9808,calibrated:/Users/let/Documents/DO_A_PAPER_May_18/Papers/Paper_xAI_in_Cyber_2/6_Analysis_Results/xai_surfacebench/data/unsw_nb15/unsw_nb15_score_stream.csv
unsw_nb15_calibrated_anchor,default,default,transient_overload,static_offload,15,5000,0.24538045576589115,1.028100251576048,53.28302592,0.5810740755342078,0.7130753142685368,0.8602343688402474,2786.425737723575,1.7409166666666214,0.6106993613498384,0.0,0.0,1.1899439999999193,0.2059623011981886,0.0,0.4648,10.1464,56.0902,calibrated:/Users/let/Documents/DO_A_PAPER_May_18/Papers/Paper_xAI_in_Cyber_2/6_Analysis_Results/xai_surfacebench/data/unsw_nb15/unsw_nb15_score_stream.csv
unsw_nb15_calibrated_anchor,default,default,transient_overload,budget_only_bexgov,15,5000,0.24746624445467538,1.0375909979735376,53.32105982000004,0.4790826401771365,0.6851832742347561,0.4521692298485994,6502.634026131616,0.6479805555556218,0.0,0.5764665988470667,0.0,4.118368000000002,0.19282917723981363,0.0,0.0,10.0266,56.0382,calibrated:/Users/let/Documents/DO_A_PAPER_May_18/Papers/Paper_xAI_in_Cyber_2/6_Analysis_Results/xai_surfacebench/data/unsw_nb15/unsw_nb15_score_stream.csv
unsw_nb15_calibrated_anchor,default,default,transient_overload,xai_gate,15,5000,0.24820830523261023,1.0404895620079264,53.43075701999997,0.6739467134396808,0.7253792680860831,0.7699928957791422,4032.703747591392,1.0,0.2362325089170227,0.15288284404029318,0.5591904127297016,4.234046999994434,0.2112925145844835,0.0202,0.0,10.2052,56.167,calibrated:/Users/let/Documents/DO_A_PAPER_May_18/Papers/Paper_xAI_in_Cyber_2/6_Analysis_Results/xai_surfacebench/data/unsw_nb15/unsw_nb15_score_stream.csv
unsw_nb15_calibrated_anchor,default,default,non_markovian,never_explain,15,5000,0.136826074155923,1.2778538461538589,66.4484,0.0,0.0,0.0,18189.648712886556,0.0,0.0,0.0,0.0,0.0,0.12890113391707136,0.0,0.0,9.3176,55.0246,calibrated:/Users/let/Documents/DO_A_PAPER_May_18/Papers/Paper_xAI_in_Cyber_2/6_Analysis_Results/xai_surfacebench/data/unsw_nb15/unsw_nb15_score_stream.csv
unsw_nb15_calibrated_anchor,default,default,non_markovian,always_explain,15,5000,0.13716029228288557,1.303242059804397,66.67178700000005,1.0,1.0,0.8499999999999486,0.0,2.193991666666534,0.0,0.0,0.0,9.2922,0.12995133482660615,0.0958,0.5364,9.2922,54.8236,calibrated:/Users/let/Documents/DO_A_PAPER_May_18/Papers/Paper_xAI_in_Cyber_2/6_Analysis_Results/xai_surfacebench/data/unsw_nb15/unsw_nb15_score_stream.csv
unsw_nb15_calibrated_anchor,default,default,non_markovian,threshold_explain,15,5000,0.14154266994030104,1.2622291836633348,64.89466543999991,0.6186614256878986,0.8305264655424506,0.5163635397853993,1707.3714869145635,1.322030555555531,0.0,0.0,0.0,5.70874399999995,0.13456251303246503,0.059,0.2534,9.413,55.3106,calibrated:/Users/let/Documents/DO_A_PAPER_May_18/Papers/Paper_xAI_in_Cyber_2/6_Analysis_Results/xai_surfacebench/data/unsw_nb15/unsw_nb15_score_stream.csv
unsw_nb15_calibrated_anchor,default,default,non_markovian,rate_limited,15,5000,0.13594183521659275,1.266523000140365,65.34178764000008,0.6354413589491474,0.7277893056336053,0.682391639210978,3883.0683055038025,1.1636527777777763,0.0,0.0,0.0,5.422744000000038,0.13072991129205258,0.0,0.1398,9.3484,55.1172,calibrated:/Users/let/Documents/DO_A_PAPER_May_18/Papers/Paper_xAI_in_Cyber_2/6_Analysis_Results/xai_surfacebench/data/unsw_nb15/unsw_nb15_score_stream.csv
unsw_nb15_calibrated_anchor,default,default,non_markovian,fifo_explanation,15,5000,0.13496969708053286,1.1909459665761941,61.2863689999999,0.8283412383860698,0.7640149318120927,0.8757488142420369,1720.1671641816513,1.8061083333332526,0.0,0.0,0.0,7.6494,0.12587141467268403,0.0,0.446,9.2346,54.6812,calibrated:/Users/let/Documents/DO_A_PAPER_May_18/Papers/Paper_xAI_in_Cyber_2/6_Analysis_Results/xai_surfacebench/data/unsw_nb15/unsw_nb15_score_stream.csv
unsw_nb15_calibrated_anchor,default,default,non_markovian,static_coarse_full,15,5000,0.13750203494648253,1.2947560183723996,66.59513343999994,0.6178941572742792,0.8286558111101756,0.5152912726173442,1547.2132014983151,1.2969527777777472,0.0,0.0,0.0,5.605551999999951,0.1298508828103524,0.0552,0.2244,9.2628,54.655,calibrated:/Users/let/Documents/DO_A_PAPER_May_18/Papers/Paper_xAI_in_Cyber_2/6_Analysis_Results/xai_surfacebench/data/unsw_nb15/unsw_nb15_score_stream.csv
unsw_nb15_calibrated_anchor,default,default,non_markovian,static_offload,15,5000,0.1359677916460476,1.1745164193163207,60.946385680000056,0.5595311348962417,0.7011681870304526,0.824886250379214,1246.1736069056383,1.5170444444444167,0.5841313862287125,0.0,0.0,1.0569279999999937,0.12788744096821225,0.0,0.3448,9.2308,54.561,calibrated:/Users/let/Documents/DO_A_PAPER_May_18/Papers/Paper_xAI_in_Cyber_2/6_Analysis_Results/xai_surfacebench/data/unsw_nb15/unsw_nb15_score_stream.csv
unsw_nb15_calibrated_anchor,default,default,non_markovian,budget_only_bexgov,15,5000,0.1357666198735131,1.2791368064649642,66.05139729999995,0.458650698431749,0.6721730291227559,0.43290877538778,5822.791795097067,0.5773950000000568,0.0,0.5460836404147742,0.0,3.66702800000007,0.1316669636698442,0.001,0.0,9.3352,54.9938,calibrated:/Users/let/Documents/DO_A_PAPER_May_18/Papers/Paper_xAI_in_Cyber_2/6_Analysis_Results/xai_surfacebench/data/unsw_nb15/unsw_nb15_score_stream.csv
unsw_nb15_calibrated_anchor,default,default,non_markovian,xai_gate,15,5000,0.1324336706889841,1.229676647652375,63.57346390000008,0.6791271733946921,0.7550907560639262,0.7392821835840825,715.0570316816342,0.9499716666667816,0.2112908121233144,0.17801240081515848,0.4541906950526818,4.0435239999996675,0.1292356128097245,0.0054,0.0,9.2252,54.4628,calibrated:/Users/let/Documents/DO_A_PAPER_May_18/Papers/Paper_xAI_in_Cyber_2/6_Analysis_Results/xai_surfacebench/data/unsw_nb15/unsw_nb15_score_stream.csv
unsw_nb15_calibrated_anchor,default,default,rtt_uncertainty,never_explain,15,5000,0.0,0.015392307692307705,0.8004,0.0,0.0,0.0,12370.094846912902,0.0,0.0,0.0,0.0,0.0,0.08619963187190827,0.0,0.0,7.347,45.093,calibrated:/Users/let/Documents/DO_A_PAPER_May_18/Papers/Paper_xAI_in_Cyber_2/6_Analysis_Results/xai_surfacebench/data/unsw_nb15/unsw_nb15_score_stream.csv
unsw_nb15_calibrated_anchor,default,default,rtt_uncertainty,always_explain,15,5000,0.0,0.019755093239520363,1.0173200000000002,1.0,1.0,0.849999999999966,0.0,1.7105305555554873,0.0,0.0,0.0,7.2446,0.0717688342890257,0.0002,0.4118,7.2446,45.0632,calibrated:/Users/let/Documents/DO_A_PAPER_May_18/Papers/Paper_xAI_in_Cyber_2/6_Analysis_Results/xai_surfacebench/data/unsw_nb15/unsw_nb15_score_stream.csv
unsw_nb15_calibrated_anchor,default,default,rtt_uncertainty,threshold_explain,15,5000,0.0,0.016657183314099322,0.8612480399999984,0.5997630656294701,0.8183321450011806,0.4996836309849944,8.054272641386659,0.9902444444444755,0.0,0.0,0.0,4.284472000000001,0.08075304579760467,0.0,0.0,7.3016,45.0402,calibrated:/Users/let/Documents/DO_A_PAPER_May_18/Papers/Paper_xAI_in_Cyber_2/6_Analysis_Results/xai_surfacebench/data/unsw_nb15/unsw_nb15_score_stream.csv
unsw_nb15_calibrated_anchor,default,default,rtt_uncertainty,rate_limited,15,5000,0.0,0.016182873105861893,0.8359273599999995,0.7622968372501983,0.8674037212522677,0.5906874588183576,0.20518418796333704,1.0641055555555676,0.0,0.0,0.0,5.0179520000000615,0.08060800517400435,0.0,0.0614,7.2848,44.9426,calibrated:/Users/let/Documents/DO_A_PAPER_May_18/Papers/Paper_xAI_in_Cyber_2/6_Analysis_Results/xai_surfacebench/data/unsw_nb15/unsw_nb15_score_stream.csv
unsw_nb15_calibrated_anchor,default,default,rtt_uncertainty,fifo_explanation,15,5000,0.0,0.017514464021264393,0.902324999999999,0.9913762324572245,0.9880917446587144,0.8512935651313837,0.11125270012857759,1.7045805555554916,0.0,0.0,0.0,7.2194,0.07897871735149531,0.0,0.4134,7.2822,44.9944,calibrated:/Users/let/Documents/DO_A_PAPER_May_18/Papers/Paper_xAI_in_Cyber_2/6_Analysis_Results/xai_surfacebench/data/unsw_nb15/unsw_nb15_score_stream.csv
unsw_nb15_calibrated_anchor,default,default,rtt_uncertainty,static_coarse_full,15,5000,0.0,0.01519626839031161,0.7856838399999995,0.6032811773395171,0.8207649922627,0.5028325628470645,8.038990077486103,0.9983333333333592,0.0,0.0,0.0,4.317431999999999,0.08405688800322597,0.0,0.0,7.3114,44.9632,calibrated:/Users/let/Documents/DO_A_PAPER_May_18/Papers/Paper_xAI_in_Cyber_2/6_Analysis_Results/xai_surfacebench/data/unsw_nb15/unsw_nb15_score_stream.csv
unsw_nb15_calibrated_anchor,default,default,rtt_uncertainty,static_offload,15,5000,0.0,0.015383981601843476,0.7991247600000013,0.5438188695795362,0.6936490864245496,0.9897100755686529,3.4799695865444096,1.1642222222222196,0.5669645304533742,0.0,0.0,0.8142080000000302,0.0827961201932812,0.0,0.1392,7.2964,44.9232,calibrated:/Users/let/Documents/DO_A_PAPER_May_18/Papers/Paper_xAI_in_Cyber_2/6_Analysis_Results/xai_surfacebench/data/unsw_nb15/unsw_nb15_score_stream.csv
unsw_nb15_calibrated_anchor,default,default,rtt_uncertainty,budget_only_bexgov,15,5000,0.0,0.01589450040323055,0.8234544000000001,0.4574885819622577,0.6752887517715718,0.4260633907445192,2516.3629941289955,0.4492366666666923,0.0,0.5345567600286139,0.0,2.845196000000042,0.07660271505544114,0.0,0.0,7.2692,45.0132,calibrated:/Users/let/Documents/DO_A_PAPER_May_18/Papers/Paper_xAI_in_Cyber_2/6_Analysis_Results/xai_surfacebench/data/unsw_nb15/unsw_nb15_score_stream.csv
unsw_nb15_calibrated_anchor,default,default,rtt_uncertainty,xai_gate,15,5000,0.0,0.01658728111721135,0.8572057600000004,0.736400646557705,0.8482030130627836,0.6324223047244582,11.580465154866937,0.8765333333333412,0.011780499164406455,0.1640229034820964,0.20859702473904826,4.7211639999995825,0.07752665698395256,0.0,0.0,7.3002,45.1664,calibrated:/Users/let/Documents/DO_A_PAPER_May_18/Papers/Paper_xAI_in_Cyber_2/6_Analysis_Results/xai_surfacebench/data/unsw_nb15/unsw_nb15_score_stream.csv
unsw_nb15_calibrated_anchor,default,default,adversarial_explanation_flood,never_explain,16,5000,0.0,0.014873076923076918,0.7734,0.0,0.0,0.0,29587.269772385782,0.0,0.0,0.0,0.0,0.0,0.806825839277816,0.0,0.0,12.1732,44.9156,calibrated:/Users/let/Documents/DO_A_PAPER_May_18/Papers/Paper_xAI_in_Cyber_2/6_Analysis_Results/xai_surfacebench/data/unsw_nb15/unsw_nb15_score_stream.csv
unsw_nb15_calibrated_anchor,default,default,adversarial_explanation_flood,always_explain,16,5000,0.0,0.019240538574869473,0.9846580000000007,1.0,1.0,0.8499999999999274,0.0,2.8777222222219763,0.0,0.0,0.0,12.188,0.8083139712580765,0.0414,0.6534,12.188,44.9332,calibrated:/Users/let/Documents/DO_A_PAPER_May_18/Papers/Paper_xAI_in_Cyber_2/6_Analysis_Results/xai_surfacebench/data/unsw_nb15/unsw_nb15_score_stream.csv
unsw_nb15_calibrated_anchor,default,default,adversarial_explanation_flood,threshold_explain,16,5000,0.0,0.017932326596515877,0.9201796800000007,0.8236440093301246,0.9289721464386994,0.6939074871053392,833.9088182813224,2.3231722222220896,0.0,0.0,0.0,9.931663999999731,0.8049156512200206,0.0088,0.5636,12.1756,44.972,calibrated:/Users/let/Documents/DO_A_PAPER_May_18/Papers/Paper_xAI_in_Cyber_2/6_Analysis_Results/xai_surfacebench/data/unsw_nb15/unsw_nb15_score_stream.csv
unsw_nb15_calibrated_anchor,default,default,adversarial_explanation_flood,rate_limited,16,5000,0.0,0.01892238666995231,0.9734078000000028,0.7729330204425572,0.8505066791556222,0.8180669630315,4641.6025970385845,2.116799999999882,0.0,0.0,0.0,9.155255999999614,0.7893795234610064,0.0,0.5272,12.1022,45.089,calibrated:/Users/let/Documents/DO_A_PAPER_May_18/Papers/Paper_xAI_in_Cyber_2/6_Analysis_Results/xai_surfacebench/data/unsw_nb15/unsw_nb15_score_stream.csv
unsw_nb15_calibrated_anchor,default,default,adversarial_explanation_flood,fifo_explanation,16,5000,0.0,0.020097634401832865,1.0322509999999905,0.8823006079377893,0.8656970730818787,0.8676549088092569,2541.114217661156,2.5288916666664556,0.0,0.0,0.0,10.7106,0.795524869396472,0.0,0.6058,12.1394,45.0728,calibrated:/Users/let/Documents/DO_A_PAPER_May_18/Papers/Paper_xAI_in_Cyber_2/6_Analysis_Results/xai_surfacebench/data/unsw_nb15/unsw_nb15_score_stream.csv
unsw_nb15_calibrated_anchor,default,default,adversarial_explanation_flood,static_coarse_full,16,5000,0.0,0.019107689662343837,0.9806123200000008,0.8222806670947007,0.9285687208170137,0.6927717686570684,801.784809173272,2.3141999999998717,0.0,0.0,0.0,9.893111999999748,0.8001093561766264,0.0094,0.5676,12.1482,44.9906,calibrated:/Users/let/Documents/DO_A_PAPER_May_18/Papers/Paper_xAI_in_Cyber_2/6_Analysis_Results/xai_surfacebench/data/unsw_nb15/unsw_nb15_score_stream.csv
unsw_nb15_calibrated_anchor,default,default,adversarial_explanation_flood,static_offload,16,5000,0.0,0.01586952383219349,0.8233597999999993,0.7397257234885368,0.781314688607507,1.1129370100738631,231.5083700368451,2.713094444444354,0.7977025850027115,0.0,0.0,1.7183439999999661,0.7989389834166207,0.0,0.631,12.1702,45.1014,calibrated:/Users/let/Documents/DO_A_PAPER_May_18/Papers/Paper_xAI_in_Cyber_2/6_Analysis_Results/xai_surfacebench/data/unsw_nb15/unsw_nb15_score_stream.csv
unsw_nb15_calibrated_anchor,default,default,adversarial_explanation_flood,budget_only_bexgov,16,5000,0.0,0.017084218741201713,0.881102300000003,0.5935151326666156,0.73587853097133,0.5635514707085872,8093.968777996775,0.9083600000000168,0.0,0.6688655001391322,0.10356341970438512,6.193463999999865,0.8120394304620613,0.0,0.0,12.2186,44.9534,calibrated:/Users/let/Documents/DO_A_PAPER_May_18/Papers/Paper_xAI_in_Cyber_2/6_Analysis_Results/xai_surfacebench/data/unsw_nb15/unsw_nb15_score_stream.csv
unsw_nb15_calibrated_anchor,default,default,adversarial_explanation_flood,xai_gate,16,5000,0.0,0.017656175466435758,0.9100142000000011,0.6124825948843106,0.6688135865198489,0.6688372930316567,4387.6584232036075,1.0,0.004065308272161691,0.1478159254748346,0.43095353698210104,6.546000499995431,0.7983028624028057,0.0028,0.0,12.1516,45.0484,calibrated:/Users/let/Documents/DO_A_PAPER_May_18/Papers/Paper_xAI_in_Cyber_2/6_Analysis_Results/xai_surfacebench/data/unsw_nb15/unsw_nb15_score_stream.csv
unsw_nb15_calibrated_anchor,default,default,transient_overload,never_explain,16,5000,0.24508073058774435,1.0276115384615547,53.4358,0.0,0.0,0.0,20654.40037889444,0.0,0.0,0.0,0.0,0.0,0.20309440503322573,0.0,0.0,10.1196,56.0754,calibrated:/Users/let/Documents/DO_A_PAPER_May_18/Papers/Paper_xAI_in_Cyber_2/6_Analysis_Results/xai_surfacebench/data/unsw_nb15/unsw_nb15_score_stream.csv
unsw_nb15_calibrated_anchor,default,default,transient_overload,always_explain,16,5000,0.25098007496828784,1.0510631393181835,53.22988899999994,1.0,1.0,0.8499999999999392,0.0,2.3964805555553843,0.0,0.0,0.0,10.1498,0.2055024253048876,0.1976,0.5256,10.1498,56.1304,calibrated:/Users/let/Documents/DO_A_PAPER_May_18/Papers/Paper_xAI_in_Cyber_2/6_Analysis_Results/xai_surfacebench/data/unsw_nb15/unsw_nb15_score_stream.csv
unsw_nb15_calibrated_anchor,default,default,transient_overload,threshold_explain,16,5000,0.24898990226273332,1.0424415320071145,53.20856868,0.6395174938014246,0.8417291950958449,0.5342555787319343,2972.890511618588,1.4784888888888208,0.0,0.0,0.0,6.378079999999916,0.20626895254372202,0.097,0.4278,10.1636,56.171,calibrated:/Users/let/Documents/DO_A_PAPER_May_18/Papers/Paper_xAI_in_Cyber_2/6_Analysis_Results/xai_surfacebench/data/unsw_nb15/unsw_nb15_score_stream.csv
unsw_nb15_calibrated_anchor,default,default,transient_overload,rate_limited,16,5000,0.24720097926288315,1.0350614247647774,53.25882864000003,0.5507615717418524,0.6432445967141308,0.76448764297989,10529.10963182433,1.1385333333332697,0.0,0.0,0.0,5.190239999999927,0.20343062960255365,0.0002,0.1798,10.1238,56.083,calibrated:/Users/let/Documents/DO_A_PAPER_May_18/Papers/Paper_xAI_in_Cyber_2/6_Analysis_Results/xai_surfacebench/data/unsw_nb15/unsw_nb15_score_stream.csv
unsw_nb15_calibrated_anchor,default,default,transient_overload,fifo_explanation,16,5000,0.24601326786051989,1.0365733800314747,53.22009000000001,0.7181685588142542,0.6235176941624814,0.8922747161777965,10368.008625994145,1.720636111111026,0.0,0.0,0.0,7.2874,0.20443401500557745,0.0,0.4466,10.1472,56.1658,calibrated:/Users/let/Documents/DO_A_PAPER_May_18/Papers/Paper_xAI_in_Cyber_2/6_Analysis_Results/xai_surfacebench/data/unsw_nb15/unsw_nb15_score_stream.csv
unsw_nb15_calibrated_anchor,default,default,transient_overload,static_coarse_full,16,5000,0.2506117226804049,1.045446722687292,53.364864319999946,0.6383950568618707,0.841054560080878,0.5332735479038851,3017.974212221793,1.4732749999999288,0.0,0.0,0.0,6.35615999999991,0.20345926047159235,0.0962,0.4282,10.1474,56.2124,calibrated:/Users/let/Documents/DO_A_PAPER_May_18/Papers/Paper_xAI_in_Cyber_2/6_Analysis_Results/xai_surfacebench/data/unsw_nb15/unsw_nb15_score_stream.csv
unsw_nb15_calibrated_anchor,default,default,transient_overload,static_offload,16,5000,0.2447926361498745,1.0302156632295965,53.39335743999998,0.58152117922101,0.7138004909389354,0.8616257875342408,2768.824792707358,1.7352555555555154,0.6119982565281135,0.0,0.0,1.1814559999999197,0.20064273421322665,0.0,0.4636,10.0948,56.0522,calibrated:/Users/let/Documents/DO_A_PAPER_May_18/Papers/Paper_xAI_in_Cyber_2/6_Analysis_Results/xai_surfacebench/data/unsw_nb15/unsw_nb15_score_stream.csv
unsw_nb15_calibrated_anchor,default,default,transient_overload,budget_only_bexgov,16,5000,0.2470623405149088,1.0368340405556702,53.2768645,0.4751672826108294,0.6821147266101218,0.4481326137541263,6903.8225890512185,0.6556088888889574,0.0,0.5695821356641442,0.0,4.165427999999997,0.21372426166946568,0.0002,0.0,10.2282,56.1808,calibrated:/Users/let/Documents/DO_A_PAPER_May_18/Papers/Paper_xAI_in_Cyber_2/6_Analysis_Results/xai_surfacebench/data/unsw_nb15/unsw_nb15_score_stream.csv
unsw_nb15_calibrated_anchor,default,default,transient_overload,xai_gate,16,5000,0.24918172159174007,1.0376442602229312,53.289183939999994,0.6778940230786336,0.7289142534722931,0.7733242183641612,3989.9299514293684,1.0,0.23953052569286912,0.1548476181082947,0.5624198638907721,4.21618849999414,0.20498824010392203,0.0164,0.0,10.139,56.0946,calibrated:/Users/let/Documents/DO_A_PAPER_May_18/Papers/Paper_xAI_in_Cyber_2/6_Analysis_Results/xai_surfacebench/data/unsw_nb15/unsw_nb15_score_stream.csv
unsw_nb15_calibrated_anchor,default,default,non_markovian,never_explain,16,5000,0.13417712258111716,1.1996884615384713,62.3838,0.0,0.0,0.0,18039.954554130785,0.0,0.0,0.0,0.0,0.0,0.12299569569935542,0.0,0.0,9.2098,54.674,calibrated:/Users/let/Documents/DO_A_PAPER_May_18/Papers/Paper_xAI_in_Cyber_2/6_Analysis_Results/xai_surfacebench/data/unsw_nb15/unsw_nb15_score_stream.csv
unsw_nb15_calibrated_anchor,default,default,non_markovian,always_explain,16,5000,0.14065622543865022,1.374803429213464,70.35081300000004,1.0,1.0,0.8499999999999519,0.0,2.2376722222220957,0.0,0.0,0.0,9.4772,0.1337489248334489,0.0988,0.5556,9.4772,55.7278,calibrated:/Users/let/Documents/DO_A_PAPER_May_18/Papers/Paper_xAI_in_Cyber_2/6_Analysis_Results/xai_surfacebench/data/unsw_nb15/unsw_nb15_score_stream.csv
unsw_nb15_calibrated_anchor,default,default,non_markovian,threshold_explain,16,5000,0.13837744424325713,1.2066633408417735,62.02821343999981,0.6187211390456846,0.8287927407498857,0.5159023858388873,1583.8838916429304,1.31120833333331,0.0,0.0,0.0,5.66810399999995,0.1338234545547059,0.0578,0.227,9.3552,55.0068,calibrated:/Users/let/Documents/DO_A_PAPER_May_18/Papers/Paper_xAI_in_Cyber_2/6_Analysis_Results/xai_surfacebench/data/unsw_nb15/unsw_nb15_score_stream.csv
unsw_nb15_calibrated_anchor,default,default,non_markovian,rate_limited,16,5000,0.13784492956964325,1.1522531477296878,59.43775911999993,0.6297459644831045,0.7199625361486809,0.6832310347087118,4001.083663435404,1.1274000000000006,0.0,0.0,0.0,5.259072000000024,0.12987197285207297,0.0,0.1084,9.1562,54.025,calibrated:/Users/let/Documents/DO_A_PAPER_May_18/Papers/Paper_xAI_in_Cyber_2/6_Analysis_Results/xai_surfacebench/data/unsw_nb15/unsw_nb15_score_stream.csv
unsw_nb15_calibrated_anchor,default,default,non_markovian,fifo_explanation,16,5000,0.13692437106803412,1.276673799859923,65.70872799999987,0.8258783167585877,0.7616213455850153,0.8761182524861574,1743.2516191453092,1.7960972222221392,0.0,0.0,0.0,7.607,0.12168971958974595,0.0,0.4464,9.2108,54.7436,calibrated:/Users/let/Documents/DO_A_PAPER_May_18/Papers/Paper_xAI_in_Cyber_2/6_Analysis_Results/xai_surfacebench/data/unsw_nb15/unsw_nb15_score_stream.csv
unsw_nb15_calibrated_anchor,default,default,non_markovian,static_coarse_full,16,5000,0.13663264947416018,1.2940994708600095,66.5635748,0.6201471861472057,0.8317612045379269,0.5177640692640647,1455.0328137412776,1.301727777777757,0.0,0.0,0.0,5.619183999999952,0.1231529967764069,0.0526,0.222,9.24,54.8456,calibrated:/Users/let/Documents/DO_A_PAPER_May_18/Papers/Paper_xAI_in_Cyber_2/6_Analysis_Results/xai_surfacebench/data/unsw_nb15/unsw_nb15_score_stream.csv
unsw_nb15_calibrated_anchor,default,default,non_markovian,static_offload,16,5000,0.13904837167493672,1.183305449779837,61.40151416000002,0.5608548283948237,0.7021413707342211,0.8273549349819327,1377.4662338132975,1.546766666666636,0.5861010445534002,0.0,0.0,1.0745759999999847,0.13351480202152644,0.0,0.3512,9.382,55.1794,calibrated:/Users/let/Documents/DO_A_PAPER_May_18/Papers/Paper_xAI_in_Cyber_2/6_Analysis_Results/xai_surfacebench/data/unsw_nb15/unsw_nb15_score_stream.csv
unsw_nb15_calibrated_anchor,default,default,non_markovian,budget_only_bexgov,16,5000,0.13602733672956246,1.2673720209791466,65.44321338000003,0.45667832993453494,0.6703744611926034,0.43037136417301763,5913.688713276121,0.572898333333388,0.0,0.5428356767199742,0.0,3.6416720000000504,0.13171198616243318,0.002,0.0,9.317,54.8844,calibrated:/Users/let/Documents/DO_A_PAPER_May_18/Papers/Paper_xAI_in_Cyber_2/6_Analysis_Results/xai_surfacebench/data/unsw_nb15/unsw_nb15_score_stream.csv
unsw_nb15_calibrated_anchor,default,default,non_markovian,xai_gate,16,5000,0.13924271315273704,1.3167983715175546,68.08774458000006,0.6773271544159373,0.7508348214316364,0.7388195128215975,795.1428483647156,0.9561966666667997,0.21424290423391412,0.17072648657904876,0.4602080568517488,4.052855999999666,0.12840913345241356,0.0056,0.0,9.3436,55.2022,calibrated:/Users/let/Documents/DO_A_PAPER_May_18/Papers/Paper_xAI_in_Cyber_2/6_Analysis_Results/xai_surfacebench/data/unsw_nb15/unsw_nb15_score_stream.csv
unsw_nb15_calibrated_anchor,default,default,rtt_uncertainty,never_explain,16,5000,0.0,0.016453846153846142,0.8556,0.0,0.0,0.0,12290.607816958714,0.0,0.0,0.0,0.0,0.0,0.08492725119672939,0.0,0.0,7.3478,45.1508,calibrated:/Users/let/Documents/DO_A_PAPER_May_18/Papers/Paper_xAI_in_Cyber_2/6_Analysis_Results/xai_surfacebench/data/unsw_nb15/unsw_nb15_score_stream.csv
unsw_nb15_calibrated_anchor,default,default,rtt_uncertainty,always_explain,16,5000,0.0,0.01965943078754719,1.0122960000000012,1.0,1.0,0.8499999999999677,0.0,1.7262083333332676,0.0,0.0,0.0,7.311,0.07961316445826383,0.0002,0.42,7.311,45.1458,calibrated:/Users/let/Documents/DO_A_PAPER_May_18/Papers/Paper_xAI_in_Cyber_2/6_Analysis_Results/xai_surfacebench/data/unsw_nb15/unsw_nb15_score_stream.csv
unsw_nb15_calibrated_anchor,default,default,rtt_uncertainty,threshold_explain,16,5000,0.0,0.0177027221918705,0.9151432399999996,0.606885925441128,0.8226207586579511,0.5058728080940329,6.305023986492286,1.0075305555555765,0.0,0.0,0.0,4.356871999999998,0.08549023787005217,0.0,0.007,7.3338,45.0414,calibrated:/Users/let/Documents/DO_A_PAPER_May_18/Papers/Paper_xAI_in_Cyber_2/6_Analysis_Results/xai_surfacebench/data/unsw_nb15/unsw_nb15_score_stream.csv
unsw_nb15_calibrated_anchor,default,default,rtt_uncertainty,rate_limited,16,5000,0.0,0.01586719068210671,0.8195278,0.7639780971937354,0.86995317585017,0.5925215605749421,0.2304136606662774,1.0717083333333375,0.0,0.0,0.0,5.0479440000000295,0.08386005519451367,0.0,0.0688,7.305,44.932,calibrated:/Users/let/Documents/DO_A_PAPER_May_18/Papers/Paper_xAI_in_Cyber_2/6_Analysis_Results/xai_surfacebench/data/unsw_nb15/unsw_nb15_score_stream.csv
unsw_nb15_calibrated_anchor,default,default,rtt_uncertainty,fifo_explanation,16,5000,0.0,0.016717720292983917,0.8613359999999993,0.9911645702017561,0.9877956985327685,0.8513253144697054,0.11426754157605387,1.7004722222221609,0.0,0.0,0.0,7.202,0.07880429134337685,0.0,0.4098,7.2662,44.9028,calibrated:/Users/let/Documents/DO_A_PAPER_May_18/Papers/Paper_xAI_in_Cyber_2/6_Analysis_Results/xai_surfacebench/data/unsw_nb15/unsw_nb15_score_stream.csv
unsw_nb15_calibrated_anchor,default,default,rtt_uncertainty,static_coarse_full,16,5000,0.0,0.01679691587715924,0.8683306000000001,0.6040464180380037,0.8205670301840766,0.5033008076297609,5.41817675425963,0.991269444444467,0.0,0.0,0.0,4.2884560000000045,0.07677102254514478,0.0,0.0,7.2558,44.9232,calibrated:/Users/let/Documents/DO_A_PAPER_May_18/Papers/Paper_xAI_in_Cyber_2/6_Analysis_Results/xai_surfacebench/data/unsw_nb15/unsw_nb15_score_stream.csv
unsw_nb15_calibrated_anchor,default,default,rtt_uncertainty,static_offload,16,5000,0.0,0.015325932204725149,0.7960815199999998,0.5524110628471048,0.6973830714500027,1.005526310940483,2.9640414292763007,1.1788666666666645,0.5757684060042888,0.0,0.0,0.8250720000000298,0.07621752766436285,0.0,0.1536,7.2748,45.064,calibrated:/Users/let/Documents/DO_A_PAPER_May_18/Papers/Paper_xAI_in_Cyber_2/6_Analysis_Results/xai_surfacebench/data/unsw_nb15/unsw_nb15_score_stream.csv
unsw_nb15_calibrated_anchor,default,default,rtt_uncertainty,budget_only_bexgov,16,5000,0.0,0.017664059580640566,0.9150112999999992,0.4570614835598953,0.6754486523434382,0.4260508322209887,2653.233397930741,0.45277166666669066,0.0,0.536407965349097,0.0,2.870884000000044,0.08541640794554528,0.0,0.0,7.3418,45.0936,calibrated:/Users/let/Documents/DO_A_PAPER_May_18/Papers/Paper_xAI_in_Cyber_2/6_Analysis_Results/xai_surfacebench/data/unsw_nb15/unsw_nb15_score_stream.csv
unsw_nb15_calibrated_anchor,default,default,rtt_uncertainty,xai_gate,16,5000,0.0,0.016113398077314607,0.8327649600000002,0.7379474086615335,0.8488330888315595,0.6365430962065847,25.069645322828677,0.8783738888888972,0.011878106056468789,0.16905138987493856,0.21866637540276337,4.7512359999995875,0.08441672847978099,0.0,0.0,7.3244,45.0282,calibrated:/Users/let/Documents/DO_A_PAPER_May_18/Papers/Paper_xAI_in_Cyber_2/6_Analysis_Results/xai_surfacebench/data/unsw_nb15/unsw_nb15_score_stream.csv
unsw_nb15_calibrated_anchor,default,default,adversarial_explanation_flood,never_explain,17,5000,0.0,0.013899999999999984,0.7228,0.0,0.0,0.0,29388.573969973982,0.0,0.0,0.0,0.0,0.0,0.7975161874931411,0.0,0.0,12.1204,44.9524,calibrated:/Users/let/Documents/DO_A_PAPER_May_18/Papers/Paper_xAI_in_Cyber_2/6_Analysis_Results/xai_surfacebench/data/unsw_nb15/unsw_nb15_score_stream.csv
unsw_nb15_calibrated_anchor,default,default,adversarial_explanation_flood,always_explain,17,5000,0.0,0.01984640503964022,1.0157920000000003,1.0,1.0,0.8499999999999196,0.0,2.8645944444441733,0.0,0.0,0.0,12.1324,0.7937970261091467,0.0408,0.6508,12.1324,45.0902,calibrated:/Users/let/Documents/DO_A_PAPER_May_18/Papers/Paper_xAI_in_Cyber_2/6_Analysis_Results/xai_surfacebench/data/unsw_nb15/unsw_nb15_score_stream.csv
unsw_nb15_calibrated_anchor,default,default,adversarial_explanation_flood,threshold_explain,17,5000,0.0,0.018509851479493373,0.9498666000000008,0.8224560652932139,0.9284569628559463,0.6928651352596379,836.0456664024111,2.3154833333331877,0.0,0.0,0.0,9.899423999999723,0.8026066786500314,0.0084,0.5678,12.1544,44.9512,calibrated:/Users/let/Documents/DO_A_PAPER_May_18/Papers/Paper_xAI_in_Cyber_2/6_Analysis_Results/xai_surfacebench/data/unsw_nb15/unsw_nb15_score_stream.csv
unsw_nb15_calibrated_anchor,default,default,adversarial_explanation_flood,rate_limited,17,5000,0.0,0.0178733722716528,0.9194397200000042,0.7729608220937608,0.849418401640897,0.8214515093127678,4856.366761710862,2.1290277777776647,0.0,0.0,0.0,9.197919999999622,0.8005684320083275,0.0004,0.5322,12.1446,44.9658,calibrated:/Users/let/Documents/DO_A_PAPER_May_18/Papers/Paper_xAI_in_Cyber_2/6_Analysis_Results/xai_surfacebench/data/unsw_nb15/unsw_nb15_score_stream.csv
unsw_nb15_calibrated_anchor,default,default,adversarial_explanation_flood,fifo_explanation,17,5000,0.0,0.0173009975471698,0.888562999999993,0.8816088546299041,0.8649788928006249,0.8677586718054416,2427.0444581636125,2.527616666666466,0.0,0.0,0.0,10.7052,0.799277195197301,0.0,0.6032,12.1428,44.9914,calibrated:/Users/let/Documents/DO_A_PAPER_May_18/Papers/Paper_xAI_in_Cyber_2/6_Analysis_Results/xai_surfacebench/data/unsw_nb15/unsw_nb15_score_stream.csv
unsw_nb15_calibrated_anchor,default,default,adversarial_explanation_flood,static_coarse_full,17,5000,0.0,0.019936216446220855,1.02323256,0.8209361793096505,0.9275604290740781,0.6914530265905644,838.4763842711595,2.3117388888887493,0.0,0.0,0.0,9.885415999999706,0.8021918750074157,0.0078,0.569,12.1622,44.9904,calibrated:/Users/let/Documents/DO_A_PAPER_May_18/Papers/Paper_xAI_in_Cyber_2/6_Analysis_Results/xai_surfacebench/data/unsw_nb15/unsw_nb15_score_stream.csv
unsw_nb15_calibrated_anchor,default,default,adversarial_explanation_flood,static_offload,17,5000,0.0,0.013559906917144138,0.7035077599999991,0.7396544041194435,0.7816672560871014,1.1133825155552,149.10051782988913,2.7029333333332453,0.7982538660857224,0.0,0.0,1.7077919999999664,0.7983100497725062,0.0,0.6286,12.1182,44.9244,calibrated:/Users/let/Documents/DO_A_PAPER_May_18/Papers/Paper_xAI_in_Cyber_2/6_Analysis_Results/xai_surfacebench/data/unsw_nb15/unsw_nb15_score_stream.csv
unsw_nb15_calibrated_anchor,default,default,adversarial_explanation_flood,budget_only_bexgov,17,5000,0.0,0.017176905854116287,0.886043780000002,0.5944081073949706,0.7372653612768142,0.5647643314202704,7911.859697213678,0.906518333333347,0.0,0.6759185962134705,0.09797809881918332,6.159895999999874,0.7957602572987212,0.0,0.0,12.1272,45.0216,calibrated:/Users/let/Documents/DO_A_PAPER_May_18/Papers/Paper_xAI_in_Cyber_2/6_Analysis_Results/xai_surfacebench/data/unsw_nb15/unsw_nb15_score_stream.csv
unsw_nb15_calibrated_anchor,default,default,adversarial_explanation_flood,xai_gate,17,5000,0.0,0.016694766477334835,0.860449860000001,0.6160252286367929,0.6736450156239545,0.6680974126379029,4214.113240674917,1.0,0.0041841004184100415,0.15044569765326543,0.4354999421165021,6.553778499995445,0.7951972306217006,0.003,0.0,12.0934,44.9102,calibrated:/Users/let/Documents/DO_A_PAPER_May_18/Papers/Paper_xAI_in_Cyber_2/6_Analysis_Results/xai_surfacebench/data/unsw_nb15/unsw_nb15_score_stream.csv
unsw_nb15_calibrated_anchor,default,default,transient_overload,never_explain,17,5000,0.24459735091322657,1.0235153846153997,53.2228,0.0,0.0,0.0,20716.03276651775,0.0,0.0,0.0,0.0,0.0,0.2068852999770976,0.0,0.0,10.1714,56.1854,calibrated:/Users/let/Documents/DO_A_PAPER_May_18/Papers/Paper_xAI_in_Cyber_2/6_Analysis_Results/xai_surfacebench/data/unsw_nb15/unsw_nb15_score_stream.csv
unsw_nb15_calibrated_anchor,default,default,transient_overload,always_explain,17,5000,0.2504614037834683,1.0544336275281727,53.386544999999984,1.0,1.0,0.8499999999999452,0.0,2.404838888888734,0.0,0.0,0.0,10.1852,0.20815718427208352,0.1984,0.5264,10.1852,56.2024,calibrated:/Users/let/Documents/DO_A_PAPER_May_18/Papers/Paper_xAI_in_Cyber_2/6_Analysis_Results/xai_surfacebench/data/unsw_nb15/unsw_nb15_score_stream.csv
unsw_nb15_calibrated_anchor,default,default,transient_overload,threshold_explain,17,5000,0.2494157171792087,1.0426960159123964,53.224815279999966,0.6379700955992881,0.8404148791904917,0.5327822548787127,2958.9885840092757,1.468313888888819,0.0,0.0,0.0,6.336511999999899,0.2035716323386758,0.093,0.4284,10.1256,56.0864,calibrated:/Users/let/Documents/DO_A_PAPER_May_18/Papers/Paper_xAI_in_Cyber_2/6_Analysis_Results/xai_surfacebench/data/unsw_nb15/unsw_nb15_score_stream.csv
unsw_nb15_calibrated_anchor,default,default,transient_overload,rate_limited,17,5000,0.24791409228843211,1.0358276445541186,53.297569440000025,0.5539069638104486,0.6452982223327016,0.7642712429984364,10352.594181617691,1.1401666666666157,0.0,0.0,0.0,5.194559999999969,0.19403622237163676,0.0,0.1762,10.0692,56.2194,calibrated:/Users/let/Documents/DO_A_PAPER_May_18/Papers/Paper_xAI_in_Cyber_2/6_Analysis_Results/xai_surfacebench/data/unsw_nb15/unsw_nb15_score_stream.csv
unsw_nb15_calibrated_anchor,default,default,transient_overload,fifo_explanation,17,5000,0.2485424965616585,1.0395716117039013,53.37541300000001,0.7163269344943598,0.6215698325219341,0.8925509598257878,10397.785402988193,1.7092555555554758,0.0,0.0,0.0,7.2392,0.2002745928021541,0.0,0.4454,10.106,56.1316,calibrated:/Users/let/Documents/DO_A_PAPER_May_18/Papers/Paper_xAI_in_Cyber_2/6_Analysis_Results/xai_surfacebench/data/unsw_nb15/unsw_nb15_score_stream.csv
unsw_nb15_calibrated_anchor,default,default,transient_overload,static_coarse_full,17,5000,0.24939728364767255,1.0435854217449743,53.26805679999996,0.6415790934687069,0.8420616171710058,0.5358002537970303,2908.207283607129,1.470986111111042,0.0,0.0,0.0,6.347991999999914,0.1991991706375229,0.0972,0.4264,10.0868,56.0752,calibrated:/Users/let/Documents/DO_A_PAPER_May_18/Papers/Paper_xAI_in_Cyber_2/6_Analysis_Results/xai_surfacebench/data/unsw_nb15/unsw_nb15_score_stream.csv
unsw_nb15_calibrated_anchor,default,default,transient_overload,static_offload,17,5000,0.24552676444054589,1.0270555340504446,53.2286924,0.581876606683833,0.7127618643598947,0.8605746490014562,2748.00714634486,1.7355888888888455,0.6105793948981609,0.0,0.0,1.19167999999992,0.2021456528896517,0.0,0.4638,10.114,56.0886,calibrated:/Users/let/Documents/DO_A_PAPER_May_18/Papers/Paper_xAI_in_Cyber_2/6_Analysis_Results/xai_surfacebench/data/unsw_nb15/unsw_nb15_score_stream.csv
unsw_nb15_calibrated_anchor,default,default,transient_overload,budget_only_bexgov,17,5000,0.24833625232386683,1.0363419773588718,53.249779619999984,0.4758434198835105,0.6841657666716019,0.44920327771744023,6695.037212648538,0.6525794444445118,0.0,0.5698884391351565,0.0,4.135784000000006,0.20247499246152723,0.0,0.0,10.129,56.1564,calibrated:/Users/let/Documents/DO_A_PAPER_May_18/Papers/Paper_xAI_in_Cyber_2/6_Analysis_Results/xai_surfacebench/data/unsw_nb15/unsw_nb15_score_stream.csv
unsw_nb15_calibrated_anchor,default,default,transient_overload,xai_gate,17,5000,0.24686913631351523,1.0362204691211312,53.21447087999994,0.681684491713005,0.7329939451432577,0.773352603876983,3906.4242831989445,1.0,0.23731266354769645,0.15484497660772342,0.5649854293858891,4.2477674999940715,0.20006613638607473,0.0172,0.0,10.0888,56.0458,calibrated:/Users/let/Documents/DO_A_PAPER_May_18/Papers/Paper_xAI_in_Cyber_2/6_Analysis_Results/xai_surfacebench/data/unsw_nb15/unsw_nb15_score_stream.csv
unsw_nb15_calibrated_anchor,default,default,non_markovian,never_explain,17,5000,0.13548288162636415,1.1577230769230873,60.2016,0.0,0.0,0.0,18078.7874099324,0.0,0.0,0.0,0.0,0.0,0.1322431026907709,0.0,0.0,9.3032,54.7774,calibrated:/Users/let/Documents/DO_A_PAPER_May_18/Papers/Paper_xAI_in_Cyber_2/6_Analysis_Results/xai_surfacebench/data/unsw_nb15/unsw_nb15_score_stream.csv
unsw_nb15_calibrated_anchor,default,default,non_markovian,always_explain,17,5000,0.1429808486833926,1.1985064669520362,61.2637999999999,1.0,1.0,0.8499999999999532,0.0,2.177416666666547,0.0,0.0,0.0,9.222,0.12392415522876687,0.0992,0.5356,9.222,54.7012,calibrated:/Users/let/Documents/DO_A_PAPER_May_18/Papers/Paper_xAI_in_Cyber_2/6_Analysis_Results/xai_surfacebench/data/unsw_nb15/unsw_nb15_score_stream.csv
unsw_nb15_calibrated_anchor,default,default,non_markovian,threshold_explain,17,5000,0.13809573620542423,1.2399103741543467,63.75362075999995,0.6182390886928212,0.8307176506320091,0.5161269444024893,1466.6453245062858,1.301722222222198,0.0,0.0,0.0,5.619679999999947,0.13239445566228047,0.0574,0.228,9.2702,54.5758,calibrated:/Users/let/Documents/DO_A_PAPER_May_18/Papers/Paper_xAI_in_Cyber_2/6_Analysis_Results/xai_surfacebench/data/unsw_nb15/unsw_nb15_score_stream.csv
unsw_nb15_calibrated_anchor,default,default,non_markovian,rate_limited,17,5000,0.13329366509907797,1.2254656048659065,63.221784440000135,0.6346324237560409,0.7260318647912316,0.6825489566613058,4124.467747036395,1.1614833333333234,0.0,0.0,0.0,5.413296000000004,0.1338322437866717,0.0002,0.1434,9.345,54.9464,calibrated:/Users/let/Documents/DO_A_PAPER_May_18/Papers/Paper_xAI_in_Cyber_2/6_Analysis_Results/xai_surfacebench/data/unsw_nb15/unsw_nb15_score_stream.csv
unsw_nb15_calibrated_anchor,default,default,non_markovian,fifo_explanation,17,5000,0.13638512549528162,1.3639727988918626,70.19917299999999,0.8305478575996589,0.7683969251462351,0.8754178213600028,1925.5400991284673,1.8398249999999114,0.0,0.0,0.0,7.7922,0.1295598665525326,0.0,0.4578,9.382,55.3726,calibrated:/Users/let/Documents/DO_A_PAPER_May_18/Papers/Paper_xAI_in_Cyber_2/6_Analysis_Results/xai_surfacebench/data/unsw_nb15/unsw_nb15_score_stream.csv
unsw_nb15_calibrated_anchor,default,default,non_markovian,static_coarse_full,17,5000,0.1346835855247584,1.310526981026632,67.41565607999993,0.6167767474882401,0.8293431598839148,0.5147049331985074,1594.5803588964684,1.301177777777752,0.0,0.0,0.0,5.619711999999932,0.12848227497908882,0.0536,0.2328,9.2962,54.9186,calibrated:/Users/let/Documents/DO_A_PAPER_May_18/Papers/Paper_xAI_in_Cyber_2/6_Analysis_Results/xai_surfacebench/data/unsw_nb15/unsw_nb15_score_stream.csv
unsw_nb15_calibrated_anchor,default,default,non_markovian,static_offload,17,5000,0.1372417252017691,1.2646995889069912,65.63368183999992,0.5603215767635097,0.7024678207689004,0.8273046334716939,1318.033418503772,1.5259999999999727,0.5863805325034578,0.0,0.0,1.0558559999999888,0.12096689208585998,0.0,0.3486,9.2544,55.0382,calibrated:/Users/let/Documents/DO_A_PAPER_May_18/Papers/Paper_xAI_in_Cyber_2/6_Analysis_Results/xai_surfacebench/data/unsw_nb15/unsw_nb15_score_stream.csv
unsw_nb15_calibrated_anchor,default,default,non_markovian,budget_only_bexgov,17,5000,0.13517961286922558,1.2440616529331203,64.23488931999991,0.4574777868395131,0.6724975839265085,0.4323292698630727,5752.488355166648,0.5742438888889432,0.0,0.5475168476627892,0.0,3.651468000000056,0.136823048761594,0.0022,0.0,9.3188,54.6482,calibrated:/Users/let/Documents/DO_A_PAPER_May_18/Papers/Paper_xAI_in_Cyber_2/6_Analysis_Results/xai_surfacebench/data/unsw_nb15/unsw_nb15_score_stream.csv
unsw_nb15_calibrated_anchor,default,default,non_markovian,xai_gate,17,5000,0.13716289737828807,1.311479982302538,67.81904580000027,0.6762417794971803,0.7494014147972282,0.7407756286266802,785.4467871972,0.9549022222223524,0.22045991833225875,0.1713518160326671,0.4550612508059317,3.980363999999708,0.13140656230395442,0.0052,0.0,9.306,54.8344,calibrated:/Users/let/Documents/DO_A_PAPER_May_18/Papers/Paper_xAI_in_Cyber_2/6_Analysis_Results/xai_surfacebench/data/unsw_nb15/unsw_nb15_score_stream.csv
unsw_nb15_calibrated_anchor,default,default,rtt_uncertainty,never_explain,17,5000,0.0,0.013915384615384606,0.7236,0.0,0.0,0.0,12414.460222203676,0.0,0.0,0.0,0.0,0.0,0.08067911302304909,0.0,0.0,7.2952,45.0038,calibrated:/Users/let/Documents/DO_A_PAPER_May_18/Papers/Paper_xAI_in_Cyber_2/6_Analysis_Results/xai_surfacebench/data/unsw_nb15/unsw_nb15_score_stream.csv
unsw_nb15_calibrated_anchor,default,default,rtt_uncertainty,always_explain,17,5000,0.0,0.018426334120404456,0.9493019999999982,1.0,1.0,0.8499999999999641,0.0,1.7172833333332609,0.0,0.0,0.0,7.2732,0.07920426268768388,0.0002,0.4176,7.2732,44.9294,calibrated:/Users/let/Documents/DO_A_PAPER_May_18/Papers/Paper_xAI_in_Cyber_2/6_Analysis_Results/xai_surfacebench/data/unsw_nb15/unsw_nb15_score_stream.csv
unsw_nb15_calibrated_anchor,default,default,rtt_uncertainty,threshold_explain,17,5000,0.0,0.015770236249500708,0.8152225600000005,0.6092962343325945,0.8235138411388866,0.5078028578481133,5.069244778188033,1.0054527777777977,0.0,0.0,0.0,4.348624000000005,0.08085434360501909,0.0,0.0062,7.2922,44.978,calibrated:/Users/let/Documents/DO_A_PAPER_May_18/Papers/Paper_xAI_in_Cyber_2/6_Analysis_Results/xai_surfacebench/data/unsw_nb15/unsw_nb15_score_stream.csv
unsw_nb15_calibrated_anchor,default,default,rtt_uncertainty,rate_limited,17,5000,0.0,0.01798330090437503,0.9289840799999992,0.7668676194680827,0.8714624279236254,0.5956737666924176,0.17689345421288083,1.0713972222222425,0.0,0.0,0.0,5.0365280000000565,0.07247110136603307,0.0,0.0656,7.2488,45.0598,calibrated:/Users/let/Documents/DO_A_PAPER_May_18/Papers/Paper_xAI_in_Cyber_2/6_Analysis_Results/xai_surfacebench/data/unsw_nb15/unsw_nb15_score_stream.csv
unsw_nb15_calibrated_anchor,default,default,rtt_uncertainty,fifo_explanation,17,5000,0.0,0.019061058224227524,0.9819339999999974,0.9917234125006921,0.988537368761555,0.8512414881248603,0.09172410643893109,1.691830555555485,0.0,0.0,0.0,7.1654,0.07081404809859859,0.0,0.4082,7.2252,44.9826,calibrated:/Users/let/Documents/DO_A_PAPER_May_18/Papers/Paper_xAI_in_Cyber_2/6_Analysis_Results/xai_surfacebench/data/unsw_nb15/unsw_nb15_score_stream.csv
unsw_nb15_calibrated_anchor,default,default,rtt_uncertainty,static_coarse_full,17,5000,0.0,0.015008495113573786,0.7761042799999995,0.605206922290125,0.8232210216158858,0.5048765653940817,4.886300775944919,0.9928805555555773,0.0,0.0,0.0,4.289792000000004,0.07579934749570705,0.0,0.0,7.2346,44.8324,calibrated:/Users/let/Documents/DO_A_PAPER_May_18/Papers/Paper_xAI_in_Cyber_2/6_Analysis_Results/xai_surfacebench/data/unsw_nb15/unsw_nb15_score_stream.csv
unsw_nb15_calibrated_anchor,default,default,rtt_uncertainty,static_offload,17,5000,0.0,0.016106203135100493,0.8366318800000004,0.5461494856763788,0.6943776846326142,0.9940777094995098,2.876596762414984,1.1581944444444425,0.5688806547948236,0.0,0.0,0.8120560000000303,0.07221691015691478,0.0,0.1364,7.2328,44.971,calibrated:/Users/let/Documents/DO_A_PAPER_May_18/Papers/Paper_xAI_in_Cyber_2/6_Analysis_Results/xai_surfacebench/data/unsw_nb15/unsw_nb15_score_stream.csv
unsw_nb15_calibrated_anchor,default,default,rtt_uncertainty,budget_only_bexgov,17,5000,0.0,0.016233810294105713,0.8409262199999986,0.4548045958190109,0.672700787993507,0.4228781180066673,2669.3600422250247,0.44974722222224905,0.0,0.5287648054145516,0.0,2.849236000000058,0.08652430535478328,0.0,0.0,7.3284,44.9654,calibrated:/Users/let/Documents/DO_A_PAPER_May_18/Papers/Paper_xAI_in_Cyber_2/6_Analysis_Results/xai_surfacebench/data/unsw_nb15/unsw_nb15_score_stream.csv
unsw_nb15_calibrated_anchor,default,default,rtt_uncertainty,xai_gate,17,5000,0.0,0.015848532143322932,0.8189386999999988,0.7376406339821656,0.8487790422936338,0.6347523234810389,19.626857079706106,0.8765816666666756,0.011141222523336344,0.167693192083436,0.21546084147710165,4.740283999999586,0.08398020225039127,0.0,0.0,7.3062,44.9344,calibrated:/Users/let/Documents/DO_A_PAPER_May_18/Papers/Paper_xAI_in_Cyber_2/6_Analysis_Results/xai_surfacebench/data/unsw_nb15/unsw_nb15_score_stream.csv
unsw_nb15_calibrated_anchor,default,default,adversarial_explanation_flood,never_explain,18,5000,0.0,0.015203846153846151,0.7906,0.0,0.0,0.0,29351.269522083538,0.0,0.0,0.0,0.0,0.0,0.7901316861455432,0.0,0.0,12.085,45.006,calibrated:/Users/let/Documents/DO_A_PAPER_May_18/Papers/Paper_xAI_in_Cyber_2/6_Analysis_Results/xai_surfacebench/data/unsw_nb15/unsw_nb15_score_stream.csv
unsw_nb15_calibrated_anchor,default,default,adversarial_explanation_flood,always_explain,18,5000,0.0,0.020003195552049827,1.0235660000000004,1.0,1.0,0.8499999999999241,0.0,2.8712527777775216,0.0,0.0,0.0,12.1606,0.7961897840838268,0.042,0.656,12.1606,45.1348,calibrated:/Users/let/Documents/DO_A_PAPER_May_18/Papers/Paper_xAI_in_Cyber_2/6_Analysis_Results/xai_surfacebench/data/unsw_nb15/unsw_nb15_score_stream.csv
unsw_nb15_calibrated_anchor,default,default,adversarial_explanation_flood,threshold_explain,18,5000,0.0,0.020404628919599318,1.0472140000000003,0.8227373813916576,0.9280812785241357,0.69295104111753,888.1097452820435,2.312597222222068,0.0,0.0,0.0,9.88937599999974,0.8001972079505915,0.006,0.5678,12.1408,44.961,calibrated:/Users/let/Documents/DO_A_PAPER_May_18/Papers/Paper_xAI_in_Cyber_2/6_Analysis_Results/xai_surfacebench/data/unsw_nb15/unsw_nb15_score_stream.csv
unsw_nb15_calibrated_anchor,default,default,adversarial_explanation_flood,rate_limited,18,5000,0.0,0.01685585518712966,0.8671794800000036,0.7713592711964674,0.8480215261774559,0.8211997632046152,5018.305687398665,2.1268611111109914,0.0,0.0,0.0,9.190431999999618,0.8025099740940362,0.0,0.532,12.1624,44.9832,calibrated:/Users/let/Documents/DO_A_PAPER_May_18/Papers/Paper_xAI_in_Cyber_2/6_Analysis_Results/xai_surfacebench/data/unsw_nb15/unsw_nb15_score_stream.csv
unsw_nb15_calibrated_anchor,default,default,adversarial_explanation_flood,fifo_explanation,18,5000,0.0,0.016795668220749623,0.8626509999999941,0.8798317248205889,0.8628546925712467,0.8680252412768424,2565.7415089864016,2.5184083333331326,0.0,0.0,0.0,10.6662,0.8029956230173128,0.0,0.6028,12.123,44.8254,calibrated:/Users/let/Documents/DO_A_PAPER_May_18/Papers/Paper_xAI_in_Cyber_2/6_Analysis_Results/xai_surfacebench/data/unsw_nb15/unsw_nb15_score_stream.csv
unsw_nb15_calibrated_anchor,default,default,adversarial_explanation_flood,static_coarse_full,18,5000,0.0,0.018973366593021557,0.9736744799999989,0.8206222148869351,0.9267097974765426,0.6909465258293259,796.5494787608872,2.300719444444312,0.0,0.0,0.0,9.841959999999732,0.7986166770564367,0.0072,0.5624,12.118,44.916,calibrated:/Users/let/Documents/DO_A_PAPER_May_18/Papers/Paper_xAI_in_Cyber_2/6_Analysis_Results/xai_surfacebench/data/unsw_nb15/unsw_nb15_score_stream.csv
unsw_nb15_calibrated_anchor,default,default,adversarial_explanation_flood,static_offload,18,5000,0.0,0.014946967533017235,0.7754933599999998,0.7410811341759035,0.7813670425506649,1.1144410975051555,218.39317874872089,2.726822222222127,0.7985560867002816,0.0,0.0,1.7310559999999653,0.8055149134396831,0.0,0.6322,12.2168,45.1092,calibrated:/Users/let/Documents/DO_A_PAPER_May_18/Papers/Paper_xAI_in_Cyber_2/6_Analysis_Results/xai_surfacebench/data/unsw_nb15/unsw_nb15_score_stream.csv
unsw_nb15_calibrated_anchor,default,default,adversarial_explanation_flood,budget_only_bexgov,18,5000,0.0,0.01866278375604035,0.962703440000003,0.5933283227064229,0.7370701628093872,0.563549340909835,7833.644746383126,0.9060377777777953,0.0,0.6744689286068255,0.09577455482506855,6.141139999999882,0.7929774211844296,0.0,0.0,12.1076,45.0186,calibrated:/Users/let/Documents/DO_A_PAPER_May_18/Papers/Paper_xAI_in_Cyber_2/6_Analysis_Results/xai_surfacebench/data/unsw_nb15/unsw_nb15_score_stream.csv
unsw_nb15_calibrated_anchor,default,default,adversarial_explanation_flood,xai_gate,18,5000,0.0,0.0169539610001057,0.8736567149995978,0.6111766710458508,0.6686727758753851,0.6674185621608951,4365.235590912186,1.0,0.0029068812612908523,0.1460338314994252,0.43165339136081704,6.559894499995583,0.8059380333990296,0.003,0.0,12.178,44.9554,calibrated:/Users/let/Documents/DO_A_PAPER_May_18/Papers/Paper_xAI_in_Cyber_2/6_Analysis_Results/xai_surfacebench/data/unsw_nb15/unsw_nb15_score_stream.csv
unsw_nb15_calibrated_anchor,default,default,transient_overload,never_explain,18,5000,0.2453587091671506,1.0252038461538613,53.3106,0.0,0.0,0.0,20686.862667677102,0.0,0.0,0.0,0.0,0.0,0.2040220364082852,0.0,0.0,10.1386,56.1374,calibrated:/Users/let/Documents/DO_A_PAPER_May_18/Papers/Paper_xAI_in_Cyber_2/6_Analysis_Results/xai_surfacebench/data/unsw_nb15/unsw_nb15_score_stream.csv
unsw_nb15_calibrated_anchor,default,default,transient_overload,always_explain,18,5000,0.25108305305026546,1.0516601935733805,53.24414300000001,1.0,1.0,0.849999999999944,0.0,2.39440277777762,0.0,0.0,0.0,10.141,0.20694292698833983,0.2008,0.5242,10.141,56.0148,calibrated:/Users/let/Documents/DO_A_PAPER_May_18/Papers/Paper_xAI_in_Cyber_2/6_Analysis_Results/xai_surfacebench/data/unsw_nb15/unsw_nb15_score_stream.csv
unsw_nb15_calibrated_anchor,default,default,transient_overload,threshold_explain,18,5000,0.24931531009751368,1.0422086508397448,53.19234735999997,0.6403204193434118,0.8420198518344698,0.5349091554013985,2959.9775110255305,1.4781444444443725,0.0,0.0,0.0,6.376815999999919,0.20355711773376428,0.0964,0.4272,10.1492,56.2178,calibrated:/Users/let/Documents/DO_A_PAPER_May_18/Papers/Paper_xAI_in_Cyber_2/6_Analysis_Results/xai_surfacebench/data/unsw_nb15/unsw_nb15_score_stream.csv
unsw_nb15_calibrated_anchor,default,default,transient_overload,rate_limited,18,5000,0.24816197592746694,1.0354855908764147,53.28000755999995,0.5515907162170307,0.6434685728364921,0.7656052023919785,10582.063385495403,1.1430888888888335,0.0,0.0,0.0,5.206903999999946,0.20253517550074163,0.0002,0.177,10.1338,56.1802,calibrated:/Users/let/Documents/DO_A_PAPER_May_18/Papers/Paper_xAI_in_Cyber_2/6_Analysis_Results/xai_surfacebench/data/unsw_nb15/unsw_nb15_score_stream.csv
unsw_nb15_calibrated_anchor,default,default,transient_overload,fifo_explanation,18,5000,0.2476706404945488,1.038831168747963,53.33733699999996,0.7169826224328594,0.6219013844436001,0.8924526066350192,10326.071362278477,1.7145444444443716,0.0,0.0,0.0,7.2616,0.20355648088070621,0.0,0.4448,10.128,56.1004,calibrated:/Users/let/Documents/DO_A_PAPER_May_18/Papers/Paper_xAI_in_Cyber_2/6_Analysis_Results/xai_surfacebench/data/unsw_nb15/unsw_nb15_score_stream.csv
unsw_nb15_calibrated_anchor,default,default,transient_overload,static_coarse_full,18,5000,0.24989951044095937,1.0450090109786705,53.33112631999998,0.6379216849716235,0.8408457683763356,0.5328771833310311,2990.366460025987,1.4768194444443763,0.0,0.0,0.0,6.371463999999905,0.20810116366700648,0.0976,0.4262,10.1794,56.173,calibrated:/Users/let/Documents/DO_A_PAPER_May_18/Papers/Paper_xAI_in_Cyber_2/6_Analysis_Results/xai_surfacebench/data/unsw_nb15/unsw_nb15_score_stream.csv
unsw_nb15_calibrated_anchor,default,default,transient_overload,static_offload,18,5000,0.2476112357792946,1.026879112663829,53.21800151999998,0.5802159967041658,0.7125021521764483,0.8586842053636974,2838.1434358616357,1.745883333333291,0.6094795283777686,0.0,0.0,1.1951279999999194,0.20812002275313102,0.0,0.4654,10.1946,56.256,calibrated:/Users/let/Documents/DO_A_PAPER_May_18/Papers/Paper_xAI_in_Cyber_2/6_Analysis_Results/xai_surfacebench/data/unsw_nb15/unsw_nb15_score_stream.csv
unsw_nb15_calibrated_anchor,default,default,transient_overload,budget_only_bexgov,18,5000,0.24744389240596598,1.0369634744124174,53.29524731999998,0.47241562102923124,0.680626112558153,0.4460997061626378,6668.97056437583,0.6422366666667337,0.0,0.5661134053367217,0.0,4.0792000000000055,0.19694679708367446,0.0,0.0,10.0736,56.1072,calibrated:/Users/let/Documents/DO_A_PAPER_May_18/Papers/Paper_xAI_in_Cyber_2/6_Analysis_Results/xai_surfacebench/data/unsw_nb15/unsw_nb15_score_stream.csv
unsw_nb15_calibrated_anchor,default,default,transient_overload,xai_gate,18,5000,0.24848378707479654,1.038118637346389,53.31256019999999,0.6763999546631682,0.7276893809792351,0.7726962025934557,4017.5528776354818,1.0,0.23892217929511944,0.1546755499487503,0.5607826421182545,4.213473499994215,0.207723603364254,0.019,0.0,10.1464,56.0084,calibrated:/Users/let/Documents/DO_A_PAPER_May_18/Papers/Paper_xAI_in_Cyber_2/6_Analysis_Results/xai_surfacebench/data/unsw_nb15/unsw_nb15_score_stream.csv
unsw_nb15_calibrated_anchor,default,default,non_markovian,never_explain,18,5000,0.13402035797980089,1.2867115384615517,66.909,0.0,0.0,0.0,18724.065006451143,0.0,0.0,0.0,0.0,0.0,0.12610416824641213,0.0,0.0,9.356,55.3886,calibrated:/Users/let/Documents/DO_A_PAPER_May_18/Papers/Paper_xAI_in_Cyber_2/6_Analysis_Results/xai_surfacebench/data/unsw_nb15/unsw_nb15_score_stream.csv
unsw_nb15_calibrated_anchor,default,default,non_markovian,always_explain,18,5000,0.14300540445538046,1.279808197177301,65.44810500000007,1.0,1.0,0.8499999999999468,0.0,2.1769444444443082,0.0,0.0,0.0,9.22,0.12531794503761184,0.0964,0.5396,9.22,54.6216,calibrated:/Users/let/Documents/DO_A_PAPER_May_18/Papers/Paper_xAI_in_Cyber_2/6_Analysis_Results/xai_surfacebench/data/unsw_nb15/unsw_nb15_score_stream.csv
unsw_nb15_calibrated_anchor,default,default,non_markovian,threshold_explain,18,5000,0.137841767237008,1.3479449065000357,69.33906724000002,0.6170216167818062,0.8298287512081141,0.5150198260424601,1624.0548572506136,1.314266666666636,0.0,0.0,0.0,5.674919999999947,0.13266592295321789,0.0602,0.2282,9.3816,55.2184,calibrated:/Users/let/Documents/DO_A_PAPER_May_18/Papers/Paper_xAI_in_Cyber_2/6_Analysis_Results/xai_surfacebench/data/unsw_nb15/unsw_nb15_score_stream.csv
unsw_nb15_calibrated_anchor,default,default,non_markovian,rate_limited,18,5000,0.13594860542305223,1.2758456987956284,65.82198760000007,0.6353671856595452,0.7269358506093536,0.6819940890497402,3870.7330740527323,1.1618305555555535,0.0,0.0,0.0,5.415416000000051,0.1291798917807796,0.0002,0.134,9.3386,55.135,calibrated:/Users/let/Documents/DO_A_PAPER_May_18/Papers/Paper_xAI_in_Cyber_2/6_Analysis_Results/xai_surfacebench/data/unsw_nb15/unsw_nb15_score_stream.csv
unsw_nb15_calibrated_anchor,default,default,non_markovian,fifo_explanation,18,5000,0.13760094288714586,1.2145761125655707,62.501103999999934,0.8288230101832117,0.7653006411310413,0.8756765484724692,1767.8544343440055,1.8179611111110305,0.0,0.0,0.0,7.6996,0.1290581337689236,0.0,0.455,9.2898,54.8528,calibrated:/Users/let/Documents/DO_A_PAPER_May_18/Papers/Paper_xAI_in_Cyber_2/6_Analysis_Results/xai_surfacebench/data/unsw_nb15/unsw_nb15_score_stream.csv
unsw_nb15_calibrated_anchor,default,default,non_markovian,static_coarse_full,18,5000,0.13870704140157566,1.243246649370819,63.93146827999997,0.6157800999935831,0.8279100759302969,0.5135871081260807,1663.7523810178043,1.3009055555555284,0.0,0.0,0.0,5.621935999999961,0.13209976412057634,0.0554,0.229,9.3206,54.8868,calibrated:/Users/let/Documents/DO_A_PAPER_May_18/Papers/Paper_xAI_in_Cyber_2/6_Analysis_Results/xai_surfacebench/data/unsw_nb15/unsw_nb15_score_stream.csv
unsw_nb15_calibrated_anchor,default,default,non_markovian,static_offload,18,5000,0.1358395158408983,1.2349565092762471,64.08877512000002,0.5588616917578519,0.7012714944890313,0.8244109173616907,1293.2912922923583,1.5167833333333036,0.5840138633163652,0.0,0.0,1.0537679999999883,0.12204844021534456,0.0,0.343,9.233,54.858,calibrated:/Users/let/Documents/DO_A_PAPER_May_18/Papers/Paper_xAI_in_Cyber_2/6_Analysis_Results/xai_surfacebench/data/unsw_nb15/unsw_nb15_score_stream.csv
unsw_nb15_calibrated_anchor,default,default,non_markovian,budget_only_bexgov,18,5000,0.13869251109293457,1.2372245527052923,63.87581316,0.458505164519225,0.6732202171396106,0.4324118837184546,5950.282550474657,0.5797761111111656,0.0,0.5481418379299329,0.0,3.6871920000000764,0.13293907873751243,0.0022,0.0,9.391,55.2604,calibrated:/Users/let/Documents/DO_A_PAPER_May_18/Papers/Paper_xAI_in_Cyber_2/6_Analysis_Results/xai_surfacebench/data/unsw_nb15/unsw_nb15_score_stream.csv
unsw_nb15_calibrated_anchor,default,default,non_markovian,xai_gate,18,5000,0.13565630763529068,1.2585952474677096,65.07544600000008,0.6768813028366222,0.7522162161208376,0.7380459597476576,730.4190197185422,0.9524433333334515,0.21271939235291593,0.18066343389263184,0.45350384070720506,4.048327999999711,0.12893106897946605,0.0054,0.0,9.3212,55.0444,calibrated:/Users/let/Documents/DO_A_PAPER_May_18/Papers/Paper_xAI_in_Cyber_2/6_Analysis_Results/xai_surfacebench/data/unsw_nb15/unsw_nb15_score_stream.csv
unsw_nb15_calibrated_anchor,default,default,rtt_uncertainty,never_explain,18,5000,0.0,0.013096153846153855,0.681,0.0,0.0,0.0,12154.216482034573,0.0,0.0,0.0,0.0,0.0,0.08272971011272734,0.0,0.0,7.3094,45.006,calibrated:/Users/let/Documents/DO_A_PAPER_May_18/Papers/Paper_xAI_in_Cyber_2/6_Analysis_Results/xai_surfacebench/data/unsw_nb15/unsw_nb15_score_stream.csv
unsw_nb15_calibrated_anchor,default,default,rtt_uncertainty,always_explain,18,5000,0.0,0.019086724229792046,0.982786,1.0,1.0,0.8499999999999611,0.0,1.7350861111110316,0.0,0.0,0.0,7.3486,0.09036306362849778,0.0002,0.4242,7.3486,44.9306,calibrated:/Users/let/Documents/DO_A_PAPER_May_18/Papers/Paper_xAI_in_Cyber_2/6_Analysis_Results/xai_surfacebench/data/unsw_nb15/unsw_nb15_score_stream.csv
unsw_nb15_calibrated_anchor,default,default,rtt_uncertainty,threshold_explain,18,5000,0.0,0.016970838225770824,0.87737696,0.6033296748525361,0.8212445229548108,0.5030031554397046,7.3666606771428444,0.9959166666666874,0.0,0.0,0.0,4.305768000000001,0.07818904474728394,0.0,0.0,7.289,45.0694,calibrated:/Users/let/Documents/DO_A_PAPER_May_18/Papers/Paper_xAI_in_Cyber_2/6_Analysis_Results/xai_surfacebench/data/unsw_nb15/unsw_nb15_score_stream.csv
unsw_nb15_calibrated_anchor,default,default,rtt_uncertainty,rate_limited,18,5000,0.0,0.01835317343549483,0.9480200800000004,0.7644939215954437,0.8695227015700975,0.5930842781040815,0.22417943971313667,1.075486111111126,0.0,0.0,0.0,5.063944000000048,0.07859560105075247,0.0,0.0712,7.321,45.2502,calibrated:/Users/let/Documents/DO_A_PAPER_May_18/Papers/Paper_xAI_in_Cyber_2/6_Analysis_Results/xai_surfacebench/data/unsw_nb15/unsw_nb15_score_stream.csv
unsw_nb15_calibrated_anchor,default,default,rtt_uncertainty,fifo_explanation,18,5000,0.0,0.0190816384878652,0.9828869999999981,0.9893701325317666,0.9852817042195237,0.8515944801201963,0.146455265698319,1.7097277777777011,0.0,0.0,0.0,7.2412,0.08351616465774159,0.0,0.4164,7.319,45.0324,calibrated:/Users/let/Documents/DO_A_PAPER_May_18/Papers/Paper_xAI_in_Cyber_2/6_Analysis_Results/xai_surfacebench/data/unsw_nb15/unsw_nb15_score_stream.csv
unsw_nb15_calibrated_anchor,default,default,rtt_uncertainty,static_coarse_full,18,5000,0.0,0.01529672747519423,0.7908136399999992,0.6054914483061263,0.8215507191378871,0.5045896831487786,4.770490783277349,0.9996222222222398,0.0,0.0,0.0,4.3237999999999985,0.08413936557462365,0.0,0.0,7.2968,44.87,calibrated:/Users/let/Documents/DO_A_PAPER_May_18/Papers/Paper_xAI_in_Cyber_2/6_Analysis_Results/xai_surfacebench/data/unsw_nb15/unsw_nb15_score_stream.csv
unsw_nb15_calibrated_anchor,default,default,rtt_uncertainty,static_offload,18,5000,0.0,0.014859857416372801,0.7718764400000004,0.5517516318268397,0.698123590415008,1.0060030546779477,3.345538505328718,1.17781666666666,0.5766063510424413,0.0,0.0,0.8181840000000289,0.07946842668569287,0.0,0.1492,7.2618,44.848,calibrated:/Users/let/Documents/DO_A_PAPER_May_18/Papers/Paper_xAI_in_Cyber_2/6_Analysis_Results/xai_surfacebench/data/unsw_nb15/unsw_nb15_score_stream.csv
unsw_nb15_calibrated_anchor,default,default,rtt_uncertainty,budget_only_bexgov,18,5000,0.0,0.018577219713287955,0.9623322999999989,0.4601879709474759,0.6759942191653737,0.42823916650799165,2566.2757669378934,0.45648833333335914,0.0,0.5367373031201546,0.0,2.892996000000033,0.085658679495757,0.0,0.0,7.3522,45.1474,calibrated:/Users/let/Documents/DO_A_PAPER_May_18/Papers/Paper_xAI_in_Cyber_2/6_Analysis_Results/xai_surfacebench/data/unsw_nb15/unsw_nb15_score_stream.csv
unsw_nb15_calibrated_anchor,default,default,rtt_uncertainty,xai_gate,18,5000,0.0,0.015619480332621062,0.8072437600000006,0.7372414834336041,0.848730624024593,0.6342095807933686,20.086704158938172,0.8759722222222278,0.0119959373026984,0.16659804002305856,0.21062889456202477,4.719087999999604,0.0800834322868691,0.0,0.0,7.2858,44.9706,calibrated:/Users/let/Documents/DO_A_PAPER_May_18/Papers/Paper_xAI_in_Cyber_2/6_Analysis_Results/xai_surfacebench/data/unsw_nb15/unsw_nb15_score_stream.csv
unsw_nb15_calibrated_anchor,default,default,adversarial_explanation_flood,never_explain,19,5000,0.0,0.013696153846153839,0.7122,0.0,0.0,0.0,29482.88092487607,0.0,0.0,0.0,0.0,0.0,0.7992888397750688,0.0,0.0,12.114,44.8844,calibrated:/Users/let/Documents/DO_A_PAPER_May_18/Papers/Paper_xAI_in_Cyber_2/6_Analysis_Results/xai_surfacebench/data/unsw_nb15/unsw_nb15_score_stream.csv
unsw_nb15_calibrated_anchor,default,default,adversarial_explanation_flood,always_explain,19,5000,0.0,0.021171109729039087,1.0835440000000007,1.0,1.0,0.8499999999999236,0.0,2.873283333333075,0.0,0.0,0.0,12.1692,0.7971813263981511,0.0388,0.6554,12.1692,45.1418,calibrated:/Users/let/Documents/DO_A_PAPER_May_18/Papers/Paper_xAI_in_Cyber_2/6_Analysis_Results/xai_surfacebench/data/unsw_nb15/unsw_nb15_score_stream.csv
unsw_nb15_calibrated_anchor,default,default,adversarial_explanation_flood,threshold_explain,19,5000,0.0,0.018383885272683545,0.9436544399999997,0.8215669846536581,0.9271991230004732,0.6918009124844253,832.5539109930903,2.2918138888887456,0.0,0.0,0.0,9.802975999999722,0.7887163233904135,0.0056,0.5626,12.055,44.9298,calibrated:/Users/let/Documents/DO_A_PAPER_May_18/Papers/Paper_xAI_in_Cyber_2/6_Analysis_Results/xai_surfacebench/data/unsw_nb15/unsw_nb15_score_stream.csv
unsw_nb15_calibrated_anchor,default,default,adversarial_explanation_flood,rate_limited,19,5000,0.0,0.01770057187231923,0.9106864800000052,0.7729409242339205,0.8495307743033338,0.8202369957449477,4733.840906837677,2.1241527777776676,0.0,0.0,0.0,9.180519999999646,0.7939000180472877,0.0002,0.5292,12.1268,45.0668,calibrated:/Users/let/Documents/DO_A_PAPER_May_18/Papers/Paper_xAI_in_Cyber_2/6_Analysis_Results/xai_surfacebench/data/unsw_nb15/unsw_nb15_score_stream.csv
unsw_nb15_calibrated_anchor,default,default,adversarial_explanation_flood,fifo_explanation,19,5000,0.0,0.019610527888165755,1.0071699999999912,0.8783788195351266,0.8613243561515794,0.8682431770696604,2874.4054864702375,2.5411694444442428,0.0,0.0,0.0,10.7626,0.8130056760004023,0.0,0.6072,12.2528,45.0552,calibrated:/Users/let/Documents/DO_A_PAPER_May_18/Papers/Paper_xAI_in_Cyber_2/6_Analysis_Results/xai_surfacebench/data/unsw_nb15/unsw_nb15_score_stream.csv
unsw_nb15_calibrated_anchor,default,default,adversarial_explanation_flood,static_coarse_full,19,5000,0.0,0.018357960617384664,0.9424308799999987,0.8203902883659151,0.9276686273120613,0.6910888299635192,824.9706996451825,2.2929916666665213,0.0,0.0,0.0,9.80380799999972,0.7925443345765917,0.0078,0.5644,12.068,44.8822,calibrated:/Users/let/Documents/DO_A_PAPER_May_18/Papers/Paper_xAI_in_Cyber_2/6_Analysis_Results/xai_surfacebench/data/unsw_nb15/unsw_nb15_score_stream.csv
unsw_nb15_calibrated_anchor,default,default,adversarial_explanation_flood,static_offload,19,5000,0.0,0.014361994329739744,0.7451717999999998,0.7420521925840462,0.7825621251098585,1.1172250392270953,114.55593469248177,2.710349999999908,0.8011066149145264,0.0,0.0,1.7107439999999599,0.7974249130900799,0.0,0.6288,12.109,44.9124,calibrated:/Users/let/Documents/DO_A_PAPER_May_18/Papers/Paper_xAI_in_Cyber_2/6_Analysis_Results/xai_surfacebench/data/unsw_nb15/unsw_nb15_score_stream.csv
unsw_nb15_calibrated_anchor,default,default,adversarial_explanation_flood,budget_only_bexgov,19,5000,0.0,0.0160600688008976,0.8284437600000005,0.5959745362311857,0.7378095417351257,0.5660093499776112,7801.082071130558,0.9059077777777921,0.0,0.6780888910992855,0.09596989439830242,6.144559999999867,0.7909743160370035,0.0,0.0,12.0642,44.9074,calibrated:/Users/let/Documents/DO_A_PAPER_May_18/Papers/Paper_xAI_in_Cyber_2/6_Analysis_Results/xai_surfacebench/data/unsw_nb15/unsw_nb15_score_stream.csv
unsw_nb15_calibrated_anchor,default,default,adversarial_explanation_flood,xai_gate,19,5000,0.0,0.018732288607922688,0.9654234400000001,0.6131247835762557,0.6698988623939679,0.6687598936436066,4349.8779642464515,1.0,0.003627669222524528,0.14762964795119135,0.43151331519433,6.547067499995559,0.7967770894255477,0.0012,0.0,12.129,45.0028,calibrated:/Users/let/Documents/DO_A_PAPER_May_18/Papers/Paper_xAI_in_Cyber_2/6_Analysis_Results/xai_surfacebench/data/unsw_nb15/unsw_nb15_score_stream.csv
unsw_nb15_calibrated_anchor,default,default,transient_overload,never_explain,19,5000,0.2446984964953896,1.0267230769230917,53.3896,0.0,0.0,0.0,20645.60577800126,0.0,0.0,0.0,0.0,0.0,0.2009488309047729,0.0,0.0,10.1004,56.069,calibrated:/Users/let/Documents/DO_A_PAPER_May_18/Papers/Paper_xAI_in_Cyber_2/6_Analysis_Results/xai_surfacebench/data/unsw_nb15/unsw_nb15_score_stream.csv
unsw_nb15_calibrated_anchor,default,default,transient_overload,always_explain,19,5000,0.2504239336871439,1.0505466424422174,53.193265000000025,1.0,1.0,0.8499999999999417,0.0,2.3903416666665027,0.0,0.0,0.0,10.1238,0.1979623351497184,0.1982,0.5272,10.1238,56.339,calibrated:/Users/let/Documents/DO_A_PAPER_May_18/Papers/Paper_xAI_in_Cyber_2/6_Analysis_Results/xai_surfacebench/data/unsw_nb15/unsw_nb15_score_stream.csv
unsw_nb15_calibrated_anchor,default,default,transient_overload,threshold_explain,19,5000,0.24928291707578332,1.0442852057022016,53.296767559999985,0.6394086826347455,0.8413715361832609,0.5340755988023833,3004.828045742727,1.4762472222221523,0.0,0.0,0.0,6.369559999999913,0.20843821595406076,0.0992,0.4276,10.1536,56.015,calibrated:/Users/let/Documents/DO_A_PAPER_May_18/Papers/Paper_xAI_in_Cyber_2/6_Analysis_Results/xai_surfacebench/data/unsw_nb15/unsw_nb15_score_stream.csv
unsw_nb15_calibrated_anchor,default,default,transient_overload,rate_limited,19,5000,0.24936496546609682,1.039061212665447,53.46538116000003,0.551599881563379,0.6420582454219591,0.766250493485969,10622.947979602994,1.143661111111057,0.0,0.0,0.0,5.207703999999933,0.20425936028773184,0.0002,0.1782,10.132,56.0898,calibrated:/Users/let/Documents/DO_A_PAPER_May_18/Papers/Paper_xAI_in_Cyber_2/6_Analysis_Results/xai_surfacebench/data/unsw_nb15/unsw_nb15_score_stream.csv
unsw_nb15_calibrated_anchor,default,default,transient_overload,fifo_explanation,19,5000,0.2478847782911151,1.0384133388323245,53.316125999999976,0.71520173621387,0.6197677513013812,0.8927197395678567,10472.106209506828,1.7118055555554752,0.0,0.0,0.0,7.25,0.20268798450992054,0.0,0.4448,10.137,56.1908,calibrated:/Users/let/Documents/DO_A_PAPER_May_18/Papers/Paper_xAI_in_Cyber_2/6_Analysis_Results/xai_surfacebench/data/unsw_nb15/unsw_nb15_score_stream.csv
unsw_nb15_calibrated_anchor,default,default,transient_overload,static_coarse_full,19,5000,0.24981270816826154,1.0437746072669247,53.27095568,0.6422033528852399,0.8424400313685017,0.5363496750158423,2944.434071325018,1.4734611111110436,0.0,0.0,0.0,6.358311999999924,0.2007433263616778,0.0992,0.428,10.0928,56.0364,calibrated:/Users/let/Documents/DO_A_PAPER_May_18/Papers/Paper_xAI_in_Cyber_2/6_Analysis_Results/xai_surfacebench/data/unsw_nb15/unsw_nb15_score_stream.csv
unsw_nb15_calibrated_anchor,default,default,transient_overload,static_offload,19,5000,0.24643615296467528,1.0272929421263155,53.23792032,0.5805094832969344,0.7131290492118771,0.8597812597565427,2860.045818503519,1.7579055555555132,0.6105408991570402,0.0,0.0,1.1990959999999167,0.212099710622073,0.0,0.4682,10.2496,56.3738,calibrated:/Users/let/Documents/DO_A_PAPER_May_18/Papers/Paper_xAI_in_Cyber_2/6_Analysis_Results/xai_surfacebench/data/unsw_nb15/unsw_nb15_score_stream.csv
unsw_nb15_calibrated_anchor,default,default,transient_overload,budget_only_bexgov,19,5000,0.24857234256332483,1.0377053717000684,53.327404579999985,0.4725139742319217,0.6809049390824924,0.446617443012879,6711.180121978647,0.6423033333334011,0.0,0.5682656095143707,0.0,4.085587999999996,0.2026164356784934,0.0002,0.0,10.09,55.9336,calibrated:/Users/let/Documents/DO_A_PAPER_May_18/Papers/Paper_xAI_in_Cyber_2/6_Analysis_Results/xai_surfacebench/data/unsw_nb15/unsw_nb15_score_stream.csv
unsw_nb15_calibrated_anchor,default,default,transient_overload,xai_gate,19,5000,0.2454319833882292,1.0371819813603735,53.283885719999994,0.6857041745198833,0.7369963941853583,0.7776943898625053,3795.1668854547247,0.9987105555558186,0.24423547339295024,0.15707583109435777,0.566447447567871,4.183467999999436,0.1903670819609502,0.0134,0.0,9.9748,55.864,calibrated:/Users/let/Documents/DO_A_PAPER_May_18/Papers/Paper_xAI_in_Cyber_2/6_Analysis_Results/xai_surfacebench/data/unsw_nb15/unsw_nb15_score_stream.csv
unsw_nb15_calibrated_anchor,default,default,non_markovian,never_explain,19,5000,0.13746668790915936,1.3009576923077064,67.6498,0.0,0.0,0.0,18376.884291448172,0.0,0.0,0.0,0.0,0.0,0.13270764536623525,0.0,0.0,9.3848,55.2352,calibrated:/Users/let/Documents/DO_A_PAPER_May_18/Papers/Paper_xAI_in_Cyber_2/6_Analysis_Results/xai_surfacebench/data/unsw_nb15/unsw_nb15_score_stream.csv
unsw_nb15_calibrated_anchor,default,default,non_markovian,always_explain,19,5000,0.13776796649461995,1.2997251015570104,66.48603000000006,1.0,1.0,0.8499999999999549,0.0,2.195408333333217,0.0,0.0,0.0,9.2982,0.12974951156212455,0.0954,0.5392,9.2982,54.8688,calibrated:/Users/let/Documents/DO_A_PAPER_May_18/Papers/Paper_xAI_in_Cyber_2/6_Analysis_Results/xai_surfacebench/data/unsw_nb15/unsw_nb15_score_stream.csv
unsw_nb15_calibrated_anchor,default,default,non_markovian,threshold_explain,19,5000,0.1390926279512108,1.2353543594846392,63.511699160000056,0.615058134546098,0.8288836837955881,0.5133655826325675,1571.138844944334,1.3018444444444173,0.0,0.0,0.0,5.621463999999946,0.13456949225971182,0.0592,0.2252,9.3232,54.7826,calibrated:/Users/let/Documents/DO_A_PAPER_May_18/Papers/Paper_xAI_in_Cyber_2/6_Analysis_Results/xai_surfacebench/data/unsw_nb15/unsw_nb15_score_stream.csv
unsw_nb15_calibrated_anchor,default,default,non_markovian,rate_limited,19,5000,0.137404008441117,1.2838768459273808,66.23945187999989,0.6346906796033382,0.7275881616572839,0.6814375563473921,4165.913218308983,1.156975000000006,0.0,0.0,0.0,5.395176000000043,0.12804903887248353,0.0,0.1386,9.3172,55.0638,calibrated:/Users/let/Documents/DO_A_PAPER_May_18/Papers/Paper_xAI_in_Cyber_2/6_Analysis_Results/xai_surfacebench/data/unsw_nb15/unsw_nb15_score_stream.csv
unsw_nb15_calibrated_anchor,default,default,non_markovian,fifo_explanation,19,5000,0.1390719489418104,1.2576831262319084,64.72546399999999,0.8230673743686329,0.7577606929749057,0.8765398938446508,2186.237405869726,1.8160249999999112,0.0,0.0,0.0,7.6914,0.13407629359673212,0.0,0.454,9.3448,54.9334,calibrated:/Users/let/Documents/DO_A_PAPER_May_18/Papers/Paper_xAI_in_Cyber_2/6_Analysis_Results/xai_surfacebench/data/unsw_nb15/unsw_nb15_score_stream.csv
unsw_nb15_calibrated_anchor,default,default,non_markovian,static_coarse_full,19,5000,0.13995275829370185,1.3523460376712906,69.56211864,0.6161285522987853,0.8293305631115223,0.5142463919059618,1796.7779910929617,1.3160972222221987,0.0,0.0,0.0,5.683159999999946,0.13519174019944735,0.0572,0.2422,9.4094,55.2588,calibrated:/Users/let/Documents/DO_A_PAPER_May_18/Papers/Paper_xAI_in_Cyber_2/6_Analysis_Results/xai_surfacebench/data/unsw_nb15/unsw_nb15_score_stream.csv
unsw_nb15_calibrated_anchor,default,default,non_markovian,static_offload,19,5000,0.13402497694447058,1.2351514419217366,64.09922576000017,0.5607254607801391,0.7027073529429851,0.8279530647235859,1375.3058968015982,1.5400277777777474,0.5868624089155594,0.0,0.0,1.0652559999999884,0.12941837132351885,0.0,0.3578,9.332,55.0844,calibrated:/Users/let/Documents/DO_A_PAPER_May_18/Papers/Paper_xAI_in_Cyber_2/6_Analysis_Results/xai_surfacebench/data/unsw_nb15/unsw_nb15_score_stream.csv
unsw_nb15_calibrated_anchor,default,default,non_markovian,budget_only_bexgov,19,5000,0.13640994803402076,1.2433987796192185,64.20852212,0.4577545555483052,0.671753695850564,0.431077874295169,5488.146752261361,0.5657322222222732,0.0,0.544423399298979,0.0,3.5983080000000505,0.11827281591335059,0.002,0.0,9.1866,54.7666,calibrated:/Users/let/Documents/DO_A_PAPER_May_18/Papers/Paper_xAI_in_Cyber_2/6_Analysis_Results/xai_surfacebench/data/unsw_nb15/unsw_nb15_score_stream.csv
unsw_nb15_calibrated_anchor,default,default,non_markovian,xai_gate,19,5000,0.1389657889762177,1.2180031770547148,62.96568361999993,0.6784341091961034,0.7532770024133486,0.7376767262764907,755.3582288304847,0.9536166666667941,0.2105615117457989,0.17546433116897125,0.4535021679573743,4.06185999999966,0.12348739872569059,0.006,0.0,9.2714,55.0156,calibrated:/Users/let/Documents/DO_A_PAPER_May_18/Papers/Paper_xAI_in_Cyber_2/6_Analysis_Results/xai_surfacebench/data/unsw_nb15/unsw_nb15_score_stream.csv
unsw_nb15_calibrated_anchor,default,default,rtt_uncertainty,never_explain,19,5000,0.0,0.013334615384615401,0.6934,0.0,0.0,0.0,12248.256941710986,0.0,0.0,0.0,0.0,0.0,0.07802854981114593,0.0,0.0,7.2808,45.0254,calibrated:/Users/let/Documents/DO_A_PAPER_May_18/Papers/Paper_xAI_in_Cyber_2/6_Analysis_Results/xai_surfacebench/data/unsw_nb15/unsw_nb15_score_stream.csv
unsw_nb15_calibrated_anchor,default,default,rtt_uncertainty,always_explain,19,5000,0.0,0.017159662442897468,0.883929000000001,1.0,1.0,0.8499999999999658,0.0,1.7243666666665973,0.0,0.0,0.0,7.3032,0.08424934528157313,0.0,0.416,7.3032,44.9048,calibrated:/Users/let/Documents/DO_A_PAPER_May_18/Papers/Paper_xAI_in_Cyber_2/6_Analysis_Results/xai_surfacebench/data/unsw_nb15/unsw_nb15_score_stream.csv
unsw_nb15_calibrated_anchor,default,default,rtt_uncertainty,threshold_explain,19,5000,0.0,0.015223077538290053,0.7870493599999999,0.6027694549053216,0.8205797880124461,0.5024217268204222,7.1672827251939655,0.9926972222222497,0.0,0.0,0.0,4.292912,0.07853382962670041,0.0,0.0,7.2758,44.9734,calibrated:/Users/let/Documents/DO_A_PAPER_May_18/Papers/Paper_xAI_in_Cyber_2/6_Analysis_Results/xai_surfacebench/data/unsw_nb15/unsw_nb15_score_stream.csv
unsw_nb15_calibrated_anchor,default,default,rtt_uncertainty,rate_limited,19,5000,0.0,0.01650364525558741,0.8524085200000007,0.7638853154509715,0.8691981582568453,0.5925222389489512,0.21499570029047582,1.0718305555555723,0.0,0.0,0.0,5.048624000000032,0.07929502404669941,0.0,0.0702,7.307,45.1344,calibrated:/Users/let/Documents/DO_A_PAPER_May_18/Papers/Paper_xAI_in_Cyber_2/6_Analysis_Results/xai_surfacebench/data/unsw_nb15/unsw_nb15_score_stream.csv
unsw_nb15_calibrated_anchor,default,default,rtt_uncertainty,fifo_explanation,19,5000,0.0,0.017101396920024724,0.8811539999999999,0.9921683258417671,0.9891296486763494,0.8511747511237022,0.09262771481181657,1.6990083333332686,0.0,0.0,0.0,7.1958,0.07587942009378268,0.0,0.4102,7.2526,44.9406,calibrated:/Users/let/Documents/DO_A_PAPER_May_18/Papers/Paper_xAI_in_Cyber_2/6_Analysis_Results/xai_surfacebench/data/unsw_nb15/unsw_nb15_score_stream.csv
unsw_nb15_calibrated_anchor,default,default,rtt_uncertainty,static_coarse_full,19,5000,0.0,0.017202679433490978,0.8895438399999999,0.6044520453858819,0.8215878940117679,0.5038792274513064,5.937984254184067,0.9962527777778026,0.0,0.0,0.0,4.307776000000008,0.07678039732513131,0.0,0.0,7.2798,45.0714,calibrated:/Users/let/Documents/DO_A_PAPER_May_18/Papers/Paper_xAI_in_Cyber_2/6_Analysis_Results/xai_surfacebench/data/unsw_nb15/unsw_nb15_score_stream.csv
unsw_nb15_calibrated_anchor,default,default,rtt_uncertainty,static_offload,19,5000,0.0,0.017105911643008107,0.8885667599999991,0.5477848361217013,0.696220563031481,0.9989980278550677,3.596652924200955,1.175783333333327,0.5722187234741656,0.0,0.0,0.8177520000000289,0.08146924174854586,0.0,0.1546,7.3042,45.0264,calibrated:/Users/let/Documents/DO_A_PAPER_May_18/Papers/Paper_xAI_in_Cyber_2/6_Analysis_Results/xai_surfacebench/data/unsw_nb15/unsw_nb15_score_stream.csv
unsw_nb15_calibrated_anchor,default,default,rtt_uncertainty,budget_only_bexgov,19,5000,0.0,0.014956710003959463,0.7748310799999993,0.4576007245581318,0.6745587898361197,0.4258604127785767,2569.653971012449,0.44951277777780074,0.0,0.5342792842243934,0.0,2.8507000000000264,0.07808544853899924,0.0,0.0,7.2872,45.0626,calibrated:/Users/let/Documents/DO_A_PAPER_May_18/Papers/Paper_xAI_in_Cyber_2/6_Analysis_Results/xai_surfacebench/data/unsw_nb15/unsw_nb15_score_stream.csv
unsw_nb15_calibrated_anchor,default,default,rtt_uncertainty,xai_gate,19,5000,0.0,0.016853379523290524,0.8710452999999999,0.736643289592704,0.8483072838832845,0.6340998175828387,19.05773876362814,0.8751005555555627,0.012327753883242473,0.16289072131057722,0.2154343478618196,4.721447999999609,0.07969410195319826,0.0,0.0,7.3006,45.0782,calibrated:/Users/let/Documents/DO_A_PAPER_May_18/Papers/Paper_xAI_in_Cyber_2/6_Analysis_Results/xai_surfacebench/data/unsw_nb15/unsw_nb15_score_stream.csv
unsw_nb15_calibrated_anchor,default,default,adversarial_explanation_flood,never_explain,20,5000,0.0,0.013930769230769217,0.7244,0.0,0.0,0.0,29908.836326517405,0.0,0.0,0.0,0.0,0.0,0.8086282858748022,0.0,0.0,12.2332,45.092,calibrated:/Users/let/Documents/DO_A_PAPER_May_18/Papers/Paper_xAI_in_Cyber_2/6_Analysis_Results/xai_surfacebench/data/unsw_nb15/unsw_nb15_score_stream.csv
unsw_nb15_calibrated_anchor,default,default,adversarial_explanation_flood,always_explain,20,5000,0.0,0.020843968513691972,1.0667250000000013,1.0,1.0,0.8499999999999243,0.0,2.862847222221967,0.0,0.0,0.0,12.125,0.7924803048916589,0.0396,0.6472,12.125,45.0958,calibrated:/Users/let/Documents/DO_A_PAPER_May_18/Papers/Paper_xAI_in_Cyber_2/6_Analysis_Results/xai_surfacebench/data/unsw_nb15/unsw_nb15_score_stream.csv
unsw_nb15_calibrated_anchor,default,default,adversarial_explanation_flood,threshold_explain,20,5000,0.0,0.0215404215208939,1.1056298400000015,0.8198402261818527,0.9268308405739477,0.6904086396212588,865.2372511681685,2.3087277777776385,0.0,0.0,0.0,9.874383999999715,0.7946834464671857,0.0078,0.5668,12.1672,45.1972,calibrated:/Users/let/Documents/DO_A_PAPER_May_18/Papers/Paper_xAI_in_Cyber_2/6_Analysis_Results/xai_surfacebench/data/unsw_nb15/unsw_nb15_score_stream.csv
unsw_nb15_calibrated_anchor,default,default,adversarial_explanation_flood,rate_limited,20,5000,0.0,0.017898646467827895,0.9208125200000044,0.7720302606693432,0.8483965430394806,0.8218551105994454,4770.564560900817,2.1295999999998867,0.0,0.0,0.0,9.199823999999609,0.8022463983970769,0.0008,0.531,12.161,44.9846,calibrated:/Users/let/Documents/DO_A_PAPER_May_18/Papers/Paper_xAI_in_Cyber_2/6_Analysis_Results/xai_surfacebench/data/unsw_nb15/unsw_nb15_score_stream.csv
unsw_nb15_calibrated_anchor,default,default,adversarial_explanation_flood,fifo_explanation,20,5000,0.0,0.01912944037948379,0.9825119999999921,0.8791954022988506,0.8619218842939483,0.8681206896551016,2807.4947546269264,2.5284194444442423,0.0,0.0,0.0,10.7086,0.8048615680068234,0.0,0.6064,12.18,44.9896,calibrated:/Users/let/Documents/DO_A_PAPER_May_18/Papers/Paper_xAI_in_Cyber_2/6_Analysis_Results/xai_surfacebench/data/unsw_nb15/unsw_nb15_score_stream.csv
unsw_nb15_calibrated_anchor,default,default,adversarial_explanation_flood,static_coarse_full,20,5000,0.0,0.018060615296102145,0.9271358000000022,0.8186828960687562,0.9264054136610143,0.6894226780172739,811.6045759317278,2.283597222222094,0.0,0.0,0.0,9.767071999999738,0.7881496252247733,0.007,0.5606,12.0522,44.9336,calibrated:/Users/let/Documents/DO_A_PAPER_May_18/Papers/Paper_xAI_in_Cyber_2/6_Analysis_Results/xai_surfacebench/data/unsw_nb15/unsw_nb15_score_stream.csv
unsw_nb15_calibrated_anchor,default,default,adversarial_explanation_flood,static_offload,20,5000,0.0,0.01579683080231358,0.8195684799999997,0.7393621908997103,0.7807078954904199,1.1116608962473877,264.09584269882345,2.713616666666572,0.7964819585514333,0.0,0.0,1.7241359999999701,0.8014750439704981,0.0,0.6296,12.1886,45.106,calibrated:/Users/let/Documents/DO_A_PAPER_May_18/Papers/Paper_xAI_in_Cyber_2/6_Analysis_Results/xai_surfacebench/data/unsw_nb15/unsw_nb15_score_stream.csv
unsw_nb15_calibrated_anchor,default,default,adversarial_explanation_flood,budget_only_bexgov,20,5000,0.0,0.016833865953193722,0.8683537400000009,0.5932372748373846,0.7358349866953747,0.5633896171826432,8068.42179420912,0.9086827777777909,0.0,0.6674131223642485,0.10518487037824055,6.1997999999998745,0.8098179473070801,0.0,0.0,12.2356,45.0712,calibrated:/Users/let/Documents/DO_A_PAPER_May_18/Papers/Paper_xAI_in_Cyber_2/6_Analysis_Results/xai_surfacebench/data/unsw_nb15/unsw_nb15_score_stream.csv
unsw_nb15_calibrated_anchor,default,default,adversarial_explanation_flood,xai_gate,20,5000,0.0,0.01732936460835222,0.8932953749997988,0.6123197396602742,0.6694272967615001,0.6679277063769419,4413.272804583604,1.0,0.003196572746745757,0.1483275663206459,0.43042923051507803,6.549004999995575,0.8004147272678737,0.0032,0.0,12.138,44.9452,calibrated:/Users/let/Documents/DO_A_PAPER_May_18/Papers/Paper_xAI_in_Cyber_2/6_Analysis_Results/xai_surfacebench/data/unsw_nb15/unsw_nb15_score_stream.csv
unsw_nb15_calibrated_anchor,default,default,transient_overload,never_explain,20,5000,0.24583647942102488,1.0233384615384769,53.2136,0.0,0.0,0.0,20771.43479535568,0.0,0.0,0.0,0.0,0.0,0.20216165904482386,0.0,0.0,10.126,56.1544,calibrated:/Users/let/Documents/DO_A_PAPER_May_18/Papers/Paper_xAI_in_Cyber_2/6_Analysis_Results/xai_surfacebench/data/unsw_nb15/unsw_nb15_score_stream.csv
unsw_nb15_calibrated_anchor,default,default,transient_overload,always_explain,20,5000,0.2518285458992057,1.0527578162835451,53.30759599999996,1.0,1.0,0.8499999999999425,0.0,2.387555555555394,0.0,0.0,0.0,10.112,0.19991408842958736,0.2,0.525,10.112,56.1818,calibrated:/Users/let/Documents/DO_A_PAPER_May_18/Papers/Paper_xAI_in_Cyber_2/6_Analysis_Results/xai_surfacebench/data/unsw_nb15/unsw_nb15_score_stream.csv
unsw_nb15_calibrated_anchor,default,default,transient_overload,threshold_explain,20,5000,0.24898813685081198,1.044820949959648,53.325479080000065,0.6403469951240685,0.8408080487866189,0.5345702704290332,3032.2138935068333,1.4853722222221508,0.0,0.0,0.0,6.412687999999919,0.2086334681203339,0.0952,0.4296,10.2134,56.3358,calibrated:/Users/let/Documents/DO_A_PAPER_May_18/Papers/Paper_xAI_in_Cyber_2/6_Analysis_Results/xai_surfacebench/data/unsw_nb15/unsw_nb15_score_stream.csv
unsw_nb15_calibrated_anchor,default,default,transient_overload,rate_limited,20,5000,0.2456765203515033,1.0375970600552655,53.389428040000006,0.5530976769889842,0.6451508890590517,0.7653058203564284,10483.533203865318,1.1465638888888314,0.0,0.0,0.0,5.221783999999932,0.2031730313705502,0.0002,0.1808,10.1334,56.1482,calibrated:/Users/let/Documents/DO_A_PAPER_May_18/Papers/Paper_xAI_in_Cyber_2/6_Analysis_Results/xai_surfacebench/data/unsw_nb15/unsw_nb15_score_stream.csv
unsw_nb15_calibrated_anchor,default,default,transient_overload,fifo_explanation,20,5000,0.24748747014580236,1.0396272799750093,53.377720999999994,0.7156961874739785,0.6206786124681365,0.8926455718788424,10401.518950766125,1.7046749999999264,0.0,0.0,0.0,7.2198,0.19865967989163758,0.0,0.4426,10.0878,56.106,calibrated:/Users/let/Documents/DO_A_PAPER_May_18/Papers/Paper_xAI_in_Cyber_2/6_Analysis_Results/xai_surfacebench/data/unsw_nb15/unsw_nb15_score_stream.csv
unsw_nb15_calibrated_anchor,default,default,transient_overload,static_coarse_full,20,5000,0.2501216252664238,1.042407303258889,53.18926267999996,0.6396397539783412,0.8423165399479029,0.5345172312798855,3045.562131356211,1.4912916666665916,0.0,0.0,0.0,6.4312319999999135,0.21490527344560229,0.1028,0.4294,10.243,56.2074,calibrated:/Users/let/Documents/DO_A_PAPER_May_18/Papers/Paper_xAI_in_Cyber_2/6_Analysis_Results/xai_surfacebench/data/unsw_nb15/unsw_nb15_score_stream.csv
unsw_nb15_calibrated_anchor,default,default,transient_overload,static_offload,20,5000,0.24585598479418289,1.0270049960242356,53.22759379999997,0.5789370429820125,0.7124615328647743,0.857465073420198,2795.472933066939,1.7263222222221795,0.608901571448388,0.0,0.0,1.1774719999999244,0.19970472756838875,0.0,0.462,10.0926,56.0838,calibrated:/Users/let/Documents/DO_A_PAPER_May_18/Papers/Paper_xAI_in_Cyber_2/6_Analysis_Results/xai_surfacebench/data/unsw_nb15/unsw_nb15_score_stream.csv
unsw_nb15_calibrated_anchor,default,default,transient_overload,budget_only_bexgov,20,5000,0.24838600380370007,1.038098087280307,53.34669381999998,0.47331354082696714,0.681915826571315,0.4478500226106391,6822.903224399108,0.6507833333333989,0.0,0.5692967106427321,0.0,4.130548,0.20535835955043202,0.0002,0.0,10.1722,56.261,calibrated:/Users/let/Documents/DO_A_PAPER_May_18/Papers/Paper_xAI_in_Cyber_2/6_Analysis_Results/xai_surfacebench/data/unsw_nb15/unsw_nb15_score_stream.csv
unsw_nb15_calibrated_anchor,default,default,transient_overload,xai_gate,20,5000,0.24560385641989319,1.037396888439318,53.28333600000002,0.6800364411299662,0.7314450056100247,0.7734159480632714,3921.039972917674,1.0,0.23927533078855245,0.15589090405648623,0.5639153695525077,4.226243499994314,0.19960899594048942,0.0162,0.0,10.1122,56.1972,calibrated:/Users/let/Documents/DO_A_PAPER_May_18/Papers/Paper_xAI_in_Cyber_2/6_Analysis_Results/xai_surfacebench/data/unsw_nb15/unsw_nb15_score_stream.csv
unsw_nb15_calibrated_anchor,default,default,non_markovian,never_explain,20,5000,0.1343576546023576,1.2492500000000095,64.961,0.0,0.0,0.0,18332.797352581038,0.0,0.0,0.0,0.0,0.0,0.12697149129981078,0.0,0.0,9.3012,55.0218,calibrated:/Users/let/Documents/DO_A_PAPER_May_18/Papers/Paper_xAI_in_Cyber_2/6_Analysis_Results/xai_surfacebench/data/unsw_nb15/unsw_nb15_score_stream.csv
unsw_nb15_calibrated_anchor,default,default,non_markovian,always_explain,20,5000,0.13912556717842223,1.3299684615236995,68.05598300000003,1.0,1.0,0.8499999999999562,0.0,2.191063888888776,0.0,0.0,0.0,9.2798,0.1309808911297745,0.0976,0.5384,9.2798,54.7006,calibrated:/Users/let/Documents/DO_A_PAPER_May_18/Papers/Paper_xAI_in_Cyber_2/6_Analysis_Results/xai_surfacebench/data/unsw_nb15/unsw_nb15_score_stream.csv
unsw_nb15_calibrated_anchor,default,default,non_markovian,threshold_explain,20,5000,0.13880189265353485,1.3319760403161962,68.52021127999986,0.6183534807956304,0.829795759872287,0.5159390003429285,1549.3472262308587,1.3089638888888588,0.0,0.0,0.0,5.654311999999947,0.12088910030487021,0.0538,0.2282,9.3312,55.4988,calibrated:/Users/let/Documents/DO_A_PAPER_May_18/Papers/Paper_xAI_in_Cyber_2/6_Analysis_Results/xai_surfacebench/data/unsw_nb15/unsw_nb15_score_stream.csv
unsw_nb15_calibrated_anchor,default,default,non_markovian,rate_limited,20,5000,0.139893811366314,1.2667886170948737,65.35516780000007,0.6324552939663145,0.7241813131719385,0.6838511514215782,4049.6300712157845,1.1555722222222164,0.0,0.0,0.0,5.385176000000044,0.1306675200372378,0.0006,0.13,9.3276,54.9976,calibrated:/Users/let/Documents/DO_A_PAPER_May_18/Papers/Paper_xAI_in_Cyber_2/6_Analysis_Results/xai_surfacebench/data/unsw_nb15/unsw_nb15_score_stream.csv
unsw_nb15_calibrated_anchor,default,default,non_markovian,fifo_explanation,20,5000,0.1408793271135776,1.302436103354359,67.03255800000002,0.8208237596800272,0.7553289830913048,0.8768764360479485,2172.174092534296,1.821927777777704,0.0,0.0,0.0,7.7164,0.1287777817801894,0.0,0.4488,9.4008,55.522,calibrated:/Users/let/Documents/DO_A_PAPER_May_18/Papers/Paper_xAI_in_Cyber_2/6_Analysis_Results/xai_surfacebench/data/unsw_nb15/unsw_nb15_score_stream.csv
unsw_nb15_calibrated_anchor,default,default,non_markovian,static_coarse_full,20,5000,0.1372553482177488,1.2752357007781094,65.59436159999993,0.615397315028043,0.8280735783152507,0.5133705522005425,1476.5586181479423,1.2847833333333099,0.0,0.0,0.0,5.551055999999954,0.12289277708258517,0.0526,0.2114,9.2068,54.6612,calibrated:/Users/let/Documents/DO_A_PAPER_May_18/Papers/Paper_xAI_in_Cyber_2/6_Analysis_Results/xai_surfacebench/data/unsw_nb15/unsw_nb15_score_stream.csv
unsw_nb15_calibrated_anchor,default,default,non_markovian,static_offload,20,5000,0.13479511656690388,1.2678810074870541,65.79783963999996,0.560362611992483,0.7030770588245964,0.8281142905556148,1488.7772589452463,1.5589333333333022,0.5872746912926524,0.0,0.0,1.0741919999999874,0.13908169937005987,0.0,0.3652,9.4426,55.2644,calibrated:/Users/let/Documents/DO_A_PAPER_May_18/Papers/Paper_xAI_in_Cyber_2/6_Analysis_Results/xai_surfacebench/data/unsw_nb15/unsw_nb15_score_stream.csv
unsw_nb15_calibrated_anchor,default,default,non_markovian,budget_only_bexgov,20,5000,0.13628257591752657,1.3183071160503175,68.08259070000011,0.46112709832135257,0.6744483225218065,0.4340441932168542,5969.258344001821,0.5800977777778368,0.0,0.548967968482357,0.0,3.6873480000000782,0.13342992144329058,0.001,0.0,9.3408,54.9412,calibrated:/Users/let/Documents/DO_A_PAPER_May_18/Papers/Paper_xAI_in_Cyber_2/6_Analysis_Results/xai_surfacebench/data/unsw_nb15/unsw_nb15_score_stream.csv
unsw_nb15_calibrated_anchor,default,default,non_markovian,xai_gate,20,5000,0.13812720660456923,1.303096264361439,67.38899516000004,0.6775885850179164,0.750022700607268,0.7446836017727673,769.4112802720571,0.9551727777779137,0.22382445141065832,0.17457572154361692,0.45437250027024106,3.9493839999996925,0.1259558940766523,0.0048,0.0,9.251,54.7742,calibrated:/Users/let/Documents/DO_A_PAPER_May_18/Papers/Paper_xAI_in_Cyber_2/6_Analysis_Results/xai_surfacebench/data/unsw_nb15/unsw_nb15_score_stream.csv
unsw_nb15_calibrated_anchor,default,default,rtt_uncertainty,never_explain,20,5000,0.0,0.013388461538461547,0.6962,0.0,0.0,0.0,12246.041135714591,0.0,0.0,0.0,0.0,0.0,0.08426631738238743,0.0,0.0,7.3012,44.8918,calibrated:/Users/let/Documents/DO_A_PAPER_May_18/Papers/Paper_xAI_in_Cyber_2/6_Analysis_Results/xai_surfacebench/data/unsw_nb15/unsw_nb15_score_stream.csv
unsw_nb15_calibrated_anchor,default,default,rtt_uncertainty,always_explain,20,5000,0.0,0.017836979935385817,0.9186100000000003,1.0,1.0,0.8499999999999628,0.0,1.7119472222221472,0.0,0.0,0.0,7.2506,0.07621973846314001,0.0,0.4158,7.2506,44.914,calibrated:/Users/let/Documents/DO_A_PAPER_May_18/Papers/Paper_xAI_in_Cyber_2/6_Analysis_Results/xai_surfacebench/data/unsw_nb15/unsw_nb15_score_stream.csv
unsw_nb15_calibrated_anchor,default,default,rtt_uncertainty,threshold_explain,20,5000,0.0,0.01563403648429197,0.8082110399999997,0.6069817902167244,0.8228655828065524,0.5060067565711797,5.368640759520969,1.0007777777778006,0.0,0.0,0.0,4.327167999999989,0.08158287956699861,0.0,0.0008,7.2818,44.8836,calibrated:/Users/let/Documents/DO_A_PAPER_May_18/Papers/Paper_xAI_in_Cyber_2/6_Analysis_Results/xai_surfacebench/data/unsw_nb15/unsw_nb15_score_stream.csv
unsw_nb15_calibrated_anchor,default,default,rtt_uncertainty,rate_limited,20,5000,0.0,0.017929082307171298,0.9261144800000004,0.7652431447270628,0.8704124579803549,0.5939358793803297,0.180880000051274,1.066052777777789,0.0,0.0,0.0,5.01688000000003,0.07252493391678816,0.0,0.063,7.2426,45.019,calibrated:/Users/let/Documents/DO_A_PAPER_May_18/Papers/Paper_xAI_in_Cyber_2/6_Analysis_Results/xai_surfacebench/data/unsw_nb15/unsw_nb15_score_stream.csv
unsw_nb15_calibrated_anchor,default,default,rtt_uncertainty,fifo_explanation,20,5000,0.0,0.016863511719073587,0.8685559999999996,0.9912295081967213,0.9878022588773261,0.8513155737704531,0.10531966338181857,1.713174999999921,0.0,0.0,0.0,7.2558,0.08512928159105071,0.0,0.4168,7.32,44.9716,calibrated:/Users/let/Documents/DO_A_PAPER_May_18/Papers/Paper_xAI_in_Cyber_2/6_Analysis_Results/xai_surfacebench/data/unsw_nb15/unsw_nb15_score_stream.csv
unsw_nb15_calibrated_anchor,default,default,rtt_uncertainty,static_coarse_full,20,5000,0.0,0.015431716690944966,0.7979845599999995,0.6036984877902237,0.8209019232243713,0.5031543110284679,8.21068175779156,0.9992388888889104,0.0,0.0,0.0,4.321592,0.08296278527758427,0.0,0.0,7.3138,45.0234,calibrated:/Users/let/Documents/DO_A_PAPER_May_18/Papers/Paper_xAI_in_Cyber_2/6_Analysis_Results/xai_surfacebench/data/unsw_nb15/unsw_nb15_score_stream.csv
unsw_nb15_calibrated_anchor,default,default,rtt_uncertainty,static_offload,20,5000,0.0,0.01598336764137419,0.8302146000000005,0.5479052046655123,0.6951365553353954,0.9973390994715439,3.2442610396628044,1.1679388888888858,0.5706976232394366,0.0,0.0,0.8189360000000292,0.07716331979175006,0.0,0.144,7.2704,44.9972,calibrated:/Users/let/Documents/DO_A_PAPER_May_18/Papers/Paper_xAI_in_Cyber_2/6_Analysis_Results/xai_surfacebench/data/unsw_nb15/unsw_nb15_score_stream.csv
unsw_nb15_calibrated_anchor,default,default,rtt_uncertainty,budget_only_bexgov,20,5000,0.0,0.015549486505592468,0.805579740000002,0.45724308164889005,0.6752041119034068,0.425870107786407,2517.095678042687,0.4503905555555788,0.0,0.5344614793889362,0.0,2.852700000000034,0.07765334562876647,0.0,0.0,7.2922,45.1116,calibrated:/Users/let/Documents/DO_A_PAPER_May_18/Papers/Paper_xAI_in_Cyber_2/6_Analysis_Results/xai_surfacebench/data/unsw_nb15/unsw_nb15_score_stream.csv
unsw_nb15_calibrated_anchor,default,default,rtt_uncertainty,xai_gate,20,5000,0.0,0.017853279469571583,0.9227383399999999,0.735832900456645,0.847825040341375,0.632366421756269,14.001106264024758,0.8742188888888953,0.011728681958607868,0.16154960767695548,0.21559996719249802,4.725763999999588,0.08114419147694174,0.0,0.0,7.3154,45.109,calibrated:/Users/let/Documents/DO_A_PAPER_May_18/Papers/Paper_xAI_in_Cyber_2/6_Analysis_Results/xai_surfacebench/data/unsw_nb15/unsw_nb15_score_stream.csv
