stage,variant,ablation,regime,policy,seed,slots,packet_drop_rate,mean_packet_delay,mean_packet_queue,explanation_coverage,high_risk_explanation_coverage,mean_explanation_delay,mean_explanation_debt,exposure_use,offload_rate,audit_rate,redaction_rate,local_compute_load,attacker_trigger_gain,budget_violation_rate,exposure_budget_violation_rate,alerts_per_slot,packets_per_slot,calibration_status
unsw_nb15_deduplicated_anchor,default,default,adversarial_explanation_flood,never_explain,1,5000,0.0,0.014126923076923075,0.7346,0.0,0.0,0.0,25707.594453750964,0.0,0.0,0.0,0.0,0.0,0.7921009651076489,0.0,0.0,12.0698,44.9,calibrated:/Users/let/Documents/DO_A_PAPER_May_18/Papers/Paper_xAI_in_Cyber_2/6_Analysis_Results/xai_surfacebench/data/unsw_nb15_dedup/unsw_nb15_dedup_score_stream.csv
unsw_nb15_deduplicated_anchor,default,default,adversarial_explanation_flood,always_explain,1,5000,0.0,0.020389866919359942,1.043354000000002,1.0,1.0,0.8499999999999484,0.0,2.8758333333331585,0.0,0.0,0.0,12.18,0.8001401094272294,0.0428,0.6498,12.18,45.1076,calibrated:/Users/let/Documents/DO_A_PAPER_May_18/Papers/Paper_xAI_in_Cyber_2/6_Analysis_Results/xai_surfacebench/data/unsw_nb15_dedup/unsw_nb15_dedup_score_stream.csv
unsw_nb15_deduplicated_anchor,default,default,adversarial_explanation_flood,threshold_explain,1,5000,0.0,0.01746090156492166,0.8991929999999998,0.6322752845956526,0.8448315109915556,0.5197892676186024,4292.667373950603,1.6879277777777342,0.0,0.0,0.0,7.411719999999863,0.8004297597521521,0.0002,0.408,12.1576,45.0174,calibrated:/Users/let/Documents/DO_A_PAPER_May_18/Papers/Paper_xAI_in_Cyber_2/6_Analysis_Results/xai_surfacebench/data/unsw_nb15_dedup/unsw_nb15_dedup_score_stream.csv
unsw_nb15_deduplicated_anchor,default,default,adversarial_explanation_flood,rate_limited,1,5000,0.0,0.01773205670213655,0.9133796400000028,0.6816253803413201,0.8343522280956429,0.71757176875246,5350.579272715206,1.6959027777777251,0.0,0.0,0.0,7.701039999999732,0.7867125222334492,0.0,0.4082,12.0944,45.1272,calibrated:/Users/let/Documents/DO_A_PAPER_May_18/Papers/Paper_xAI_in_Cyber_2/6_Analysis_Results/xai_surfacebench/data/unsw_nb15_dedup/unsw_nb15_dedup_score_stream.csv
unsw_nb15_deduplicated_anchor,default,default,adversarial_explanation_flood,fifo_explanation,1,5000,0.0,0.019439445154376192,0.9984789999999922,0.8820515363382423,0.8353371806173333,0.8676922695492155,2489.404127725152,2.520013888888758,0.0,0.0,0.0,10.673,0.796118666559789,0.0,0.6034,12.1002,44.9124,calibrated:/Users/let/Documents/DO_A_PAPER_May_18/Papers/Paper_xAI_in_Cyber_2/6_Analysis_Results/xai_surfacebench/data/unsw_nb15_dedup/unsw_nb15_dedup_score_stream.csv
unsw_nb15_deduplicated_anchor,default,default,adversarial_explanation_flood,static_coarse_full,1,5000,0.0,0.017635137314271673,0.9082247200000011,0.6348691901147675,0.8448629678588765,0.5217305760903506,4198.55515665574,1.692055555555518,0.0,0.0,0.0,7.432903999999887,0.803333689623642,0.0004,0.406,12.1474,44.9072,calibrated:/Users/let/Documents/DO_A_PAPER_May_18/Papers/Paper_xAI_in_Cyber_2/6_Analysis_Results/xai_surfacebench/data/unsw_nb15_dedup/unsw_nb15_dedup_score_stream.csv
unsw_nb15_deduplicated_anchor,default,default,adversarial_explanation_flood,static_offload,1,5000,0.0,0.017057282940059468,0.8851838400000004,0.5731596155751729,0.7184240553375394,0.821038343406401,3719.214258375364,1.9657555555555166,0.571154925856204,0.0,0.0,1.552351999999951,0.7915640462402118,0.0,0.4942,12.1116,45.069,calibrated:/Users/let/Documents/DO_A_PAPER_May_18/Papers/Paper_xAI_in_Cyber_2/6_Analysis_Results/xai_surfacebench/data/unsw_nb15_dedup/unsw_nb15_dedup_score_stream.csv
unsw_nb15_deduplicated_anchor,default,default,adversarial_explanation_flood,budget_only_bexgov,1,5000,0.0,0.016773303262898786,0.8660771200000007,0.5020858574282245,0.7138910934984428,0.44807213726709505,8285.627037098997,0.8930188888889602,0.0,0.39919447264154034,0.04775860375257867,5.316211999999926,0.8111513404678632,0.0,0.0,12.2156,44.9644,calibrated:/Users/let/Documents/DO_A_PAPER_May_18/Papers/Paper_xAI_in_Cyber_2/6_Analysis_Results/xai_surfacebench/data/unsw_nb15_dedup/unsw_nb15_dedup_score_stream.csv
unsw_nb15_deduplicated_anchor,default,default,adversarial_explanation_flood,xai_gate,1,5000,0.0,0.01746152914861091,0.9001455200000011,0.6550276706975539,0.7307416671916053,0.6494565334286245,2792.074106654628,1.0,0.03547143589828433,0.12739275019439802,0.5572915804963667,6.620474499993813,0.7890987019022269,0.0,0.0,12.0886,45.0454,calibrated:/Users/let/Documents/DO_A_PAPER_May_18/Papers/Paper_xAI_in_Cyber_2/6_Analysis_Results/xai_surfacebench/data/unsw_nb15_dedup/unsw_nb15_dedup_score_stream.csv
unsw_nb15_deduplicated_anchor,default,default,transient_overload,never_explain,1,5000,0.24690836101390837,1.0252692307692466,53.314,0.0,0.0,0.0,17446.64097920594,0.0,0.0,0.0,0.0,0.0,0.20667175870828092,0.0,0.0,10.1898,56.297,calibrated:/Users/let/Documents/DO_A_PAPER_May_18/Papers/Paper_xAI_in_Cyber_2/6_Analysis_Results/xai_surfacebench/data/unsw_nb15_dedup/unsw_nb15_dedup_score_stream.csv
unsw_nb15_deduplicated_anchor,default,default,transient_overload,always_explain,1,5000,0.25021845734353554,1.0528975009087613,53.317204999999994,1.0,1.0,0.8499999999999214,0.0,2.384202777777557,0.0,0.0,0.0,10.0978,0.201295302268921,0.2,0.5262,10.0978,56.0384,calibrated:/Users/let/Documents/DO_A_PAPER_May_18/Papers/Paper_xAI_in_Cyber_2/6_Analysis_Results/xai_surfacebench/data/unsw_nb15_dedup/unsw_nb15_dedup_score_stream.csv
unsw_nb15_deduplicated_anchor,default,default,transient_overload,threshold_explain,1,5000,0.24683720737754594,1.0368809266799852,53.230747039999976,0.4428245426042944,0.7369765377062337,0.3566128904234539,4824.37026264627,0.9356805555555816,0.0,0.0,0.0,4.207255999999949,0.19853019870857214,0.0104,0.0,10.0788,56.062,calibrated:/Users/let/Documents/DO_A_PAPER_May_18/Papers/Paper_xAI_in_Cyber_2/6_Analysis_Results/xai_surfacebench/data/unsw_nb15_dedup/unsw_nb15_dedup_score_stream.csv
unsw_nb15_deduplicated_anchor,default,default,transient_overload,rate_limited,1,5000,0.2477520909893772,1.0341028381469175,53.24460559999995,0.48692581250619016,0.6600109064192876,0.692674108465824,9201.509152174322,0.8911361111111712,0.0,0.0,0.0,4.338399999999987,0.2015829606206503,0.0002,0.0,10.123,56.1648,calibrated:/Users/let/Documents/DO_A_PAPER_May_18/Papers/Paper_xAI_in_Cyber_2/6_Analysis_Results/xai_surfacebench/data/unsw_nb15_dedup/unsw_nb15_dedup_score_stream.csv
unsw_nb15_deduplicated_anchor,default,default,transient_overload,fifo_explanation,1,5000,0.2476531564621574,1.0378594781448145,53.28655699999997,0.7161587457128858,0.5359385329143764,0.8925761881429839,9998.199331867248,1.725594444444342,0.0,0.0,0.0,7.3084,0.20717657899998,0.0,0.4464,10.205,56.3574,calibrated:/Users/let/Documents/DO_A_PAPER_May_18/Papers/Paper_xAI_in_Cyber_2/6_Analysis_Results/xai_surfacebench/data/unsw_nb15_dedup/unsw_nb15_dedup_score_stream.csv
unsw_nb15_deduplicated_anchor,default,default,transient_overload,static_coarse_full,1,5000,0.2464147597499,1.0392756864293256,53.37066680000001,0.437979587792326,0.7314786898368023,0.35200852160126167,4849.033292304223,0.9224555555555982,0.0,0.0,0.0,4.157575999999928,0.20053674413292955,0.008,0.0,10.092,56.0416,calibrated:/Users/let/Documents/DO_A_PAPER_May_18/Papers/Paper_xAI_in_Cyber_2/6_Analysis_Results/xai_surfacebench/data/unsw_nb15_dedup/unsw_nb15_dedup_score_stream.csv
unsw_nb15_deduplicated_anchor,default,default,transient_overload,static_offload,1,5000,0.24582702267619752,1.02746683103517,53.271549800000024,0.402728915184293,0.627934014879837,0.5496150333545311,4742.448980695248,1.079405555555513,0.37031448538754763,0.0,0.0,1.0321519999999107,0.19591090026913172,0.0,0.1512,10.0736,56.1558,calibrated:/Users/let/Documents/DO_A_PAPER_May_18/Papers/Paper_xAI_in_Cyber_2/6_Analysis_Results/xai_surfacebench/data/unsw_nb15_dedup/unsw_nb15_dedup_score_stream.csv
unsw_nb15_deduplicated_anchor,default,default,transient_overload,budget_only_bexgov,1,5000,0.24791889764901076,1.0365482910759551,53.39622768000003,0.36736241530965386,0.6412848143076845,0.3151561076112495,6809.4740614402235,0.5620494444444992,0.0,0.2567653235072705,0.0,3.1943880000001714,0.19835623072595676,0.0,0.0,10.0956,56.1636,calibrated:/Users/let/Documents/DO_A_PAPER_May_18/Papers/Paper_xAI_in_Cyber_2/6_Analysis_Results/xai_surfacebench/data/unsw_nb15_dedup/unsw_nb15_dedup_score_stream.csv
unsw_nb15_deduplicated_anchor,default,default,transient_overload,xai_gate,1,5000,0.24708137859898752,1.0365711899984056,53.26013085999996,0.6833971036284847,0.7456494930251755,0.7705897598228266,3000.850093598917,0.9922572222225238,0.23564673762513355,0.153365251454121,0.5760099711154196,4.271875999999191,0.20269014655897366,0.0086,0.0,10.1092,56.0366,calibrated:/Users/let/Documents/DO_A_PAPER_May_18/Papers/Paper_xAI_in_Cyber_2/6_Analysis_Results/xai_surfacebench/data/unsw_nb15_dedup/unsw_nb15_dedup_score_stream.csv
unsw_nb15_deduplicated_anchor,default,default,non_markovian,never_explain,1,5000,0.1366752153277615,1.24214230769232,64.5914,0.0,0.0,0.0,15008.653536703,0.0,0.0,0.0,0.0,0.0,0.1268181105148567,0.0,0.0,9.2664,54.8234,calibrated:/Users/let/Documents/DO_A_PAPER_May_18/Papers/Paper_xAI_in_Cyber_2/6_Analysis_Results/xai_surfacebench/data/unsw_nb15_dedup/unsw_nb15_dedup_score_stream.csv
unsw_nb15_deduplicated_anchor,default,default,non_markovian,always_explain,1,5000,0.1441546892791014,1.2237632766634665,62.552492000000015,1.0,1.0,0.8499999999999344,0.0,2.2013111111109414,0.0,0.0,0.0,9.3232,0.13052472537799353,0.0978,0.54,9.3232,54.9786,calibrated:/Users/let/Documents/DO_A_PAPER_May_18/Papers/Paper_xAI_in_Cyber_2/6_Analysis_Results/xai_surfacebench/data/unsw_nb15_dedup/unsw_nb15_dedup_score_stream.csv
unsw_nb15_deduplicated_anchor,default,default,non_markovian,threshold_explain,1,5000,0.1367086405024008,1.194713604872711,61.64594727999986,0.4229641270185433,0.7205264734223413,0.33912539286877513,3937.8804135631585,0.8100222222222974,0.0,0.0,0.0,3.661256000000058,0.12559530780341244,0.0158,0.0,9.227,54.6496,calibrated:/Users/let/Documents/DO_A_PAPER_May_18/Papers/Paper_xAI_in_Cyber_2/6_Analysis_Results/xai_surfacebench/data/unsw_nb15_dedup/unsw_nb15_dedup_score_stream.csv
unsw_nb15_deduplicated_anchor,default,default,non_markovian,rate_limited,1,5000,0.135880544905902,1.2277452025749722,63.41016843999998,0.5415401790506623,0.6858707292037681,0.584222503703369,4296.685763250767,0.8328166666667477,0.0,0.0,0.0,4.2685920000000985,0.13167344519113255,0.0,0.0,9.3158,54.8792,calibrated:/Users/let/Documents/DO_A_PAPER_May_18/Papers/Paper_xAI_in_Cyber_2/6_Analysis_Results/xai_surfacebench/data/unsw_nb15_dedup/unsw_nb15_dedup_score_stream.csv
unsw_nb15_deduplicated_anchor,default,default,non_markovian,fifo_explanation,1,5000,0.13856122556865275,1.198925556122198,61.696508000000044,0.8266115132712858,0.7038586985113297,0.8760082730092302,1493.966003060748,1.811822222222132,0.0,0.0,0.0,7.6736,0.12815315233203117,0.0,0.4392,9.2832,54.8578,calibrated:/Users/let/Documents/DO_A_PAPER_May_18/Papers/Paper_xAI_in_Cyber_2/6_Analysis_Results/xai_surfacebench/data/unsw_nb15_dedup/unsw_nb15_dedup_score_stream.csv
unsw_nb15_deduplicated_anchor,default,default,non_markovian,static_coarse_full,1,5000,0.13564596558345224,1.2090358855675591,62.398062159999995,0.4183093579485538,0.7181808907566142,0.3354023335562142,4104.6695389127835,0.8051861111111946,0.0,0.0,0.0,3.6392800000000483,0.12411388783832389,0.0138,0.0,9.2734,54.9968,calibrated:/Users/let/Documents/DO_A_PAPER_May_18/Papers/Paper_xAI_in_Cyber_2/6_Analysis_Results/xai_surfacebench/data/unsw_nb15_dedup/unsw_nb15_dedup_score_stream.csv
unsw_nb15_deduplicated_anchor,default,default,non_markovian,static_offload,1,5000,0.13302854434694467,1.22464303358178,63.569246040000024,0.3840090722540144,0.6161789770154187,0.5211245274867681,3745.835771193938,0.9391222222222495,0.3497569931958095,0.0,0.0,0.9169759999999891,0.12515478625218623,0.0,0.0,9.259,54.8606,calibrated:/Users/let/Documents/DO_A_PAPER_May_18/Papers/Paper_xAI_in_Cyber_2/6_Analysis_Results/xai_surfacebench/data/unsw_nb15_dedup/unsw_nb15_dedup_score_stream.csv
unsw_nb15_deduplicated_anchor,default,default,non_markovian,budget_only_bexgov,1,5000,0.13854069828736382,1.253468085325941,64.80577135999988,0.3537181660194359,0.6309106082086688,0.302907163852488,5802.5037237765055,0.49983611111115667,0.0,0.24458795511596473,0.0,2.838736000000121,0.12961529000180527,0.0,0.0,9.3218,55.0146,calibrated:/Users/let/Documents/DO_A_PAPER_May_18/Papers/Paper_xAI_in_Cyber_2/6_Analysis_Results/xai_surfacebench/data/unsw_nb15_dedup/unsw_nb15_dedup_score_stream.csv
unsw_nb15_deduplicated_anchor,default,default,non_markovian,xai_gate,1,5000,0.1376162962584638,1.1794594924497863,60.99295264000008,0.6652137396360994,0.7720255952180127,0.7189466996877412,274.0951622114148,0.9070205555555443,0.2058361149994616,0.14549370087218694,0.4728329923549047,3.94832799999985,0.12934372324694343,0.0038,0.0,9.287,54.8224,calibrated:/Users/let/Documents/DO_A_PAPER_May_18/Papers/Paper_xAI_in_Cyber_2/6_Analysis_Results/xai_surfacebench/data/unsw_nb15_dedup/unsw_nb15_dedup_score_stream.csv
unsw_nb15_deduplicated_anchor,default,default,rtt_uncertainty,never_explain,1,5000,0.0,0.01613846153846156,0.8392,0.0,0.0,0.0,9881.703034943062,0.0,0.0,0.0,0.0,0.0,0.08867427568042019,0.0,0.0,7.3656,45.1044,calibrated:/Users/let/Documents/DO_A_PAPER_May_18/Papers/Paper_xAI_in_Cyber_2/6_Analysis_Results/xai_surfacebench/data/unsw_nb15_dedup/unsw_nb15_dedup_score_stream.csv
unsw_nb15_deduplicated_anchor,default,default,rtt_uncertainty,always_explain,1,5000,0.0,0.019276027397648863,0.9928670000000002,1.0,1.0,0.8499999999999517,0.0,1.7256416666665686,0.0,0.0,0.0,7.3086,0.08184200008881648,0.0,0.4174,7.3086,45.038,calibrated:/Users/let/Documents/DO_A_PAPER_May_18/Papers/Paper_xAI_in_Cyber_2/6_Analysis_Results/xai_surfacebench/data/unsw_nb15_dedup/unsw_nb15_dedup_score_stream.csv
unsw_nb15_deduplicated_anchor,default,default,rtt_uncertainty,threshold_explain,1,5000,0.0,0.01819884685561214,0.9429764799999988,0.4039279442432295,0.7077160114072273,0.3232150696959929,1470.495720244216,0.6082777777778373,0.0,0.0,0.0,2.7559600000000706,0.07533449293836059,0.0,0.0,7.2888,45.1878,calibrated:/Users/let/Documents/DO_A_PAPER_May_18/Papers/Paper_xAI_in_Cyber_2/6_Analysis_Results/xai_surfacebench/data/unsw_nb15_dedup/unsw_nb15_dedup_score_stream.csv
unsw_nb15_deduplicated_anchor,default,default,rtt_uncertainty,rate_limited,1,5000,0.0,0.015952084284823677,0.8253194400000002,0.6348794999863752,0.765588577944763,0.45168672725786974,1.0132757723257237,0.7167166666667445,0.0,0.0,0.0,3.8252880000001226,0.08717035718259769,0.0,0.0,7.3278,44.935,calibrated:/Users/let/Documents/DO_A_PAPER_May_18/Papers/Paper_xAI_in_Cyber_2/6_Analysis_Results/xai_surfacebench/data/unsw_nb15_dedup/unsw_nb15_dedup_score_stream.csv
unsw_nb15_deduplicated_anchor,default,default,rtt_uncertainty,fifo_explanation,1,5000,0.0,0.016758349037055975,0.8632639999999998,0.9910815051336398,0.983356522853561,0.8513377742299051,0.10909344124324967,1.7002361111110154,0.0,0.0,0.0,7.201,0.07889867932989292,0.0,0.4108,7.2658,44.8964,calibrated:/Users/let/Documents/DO_A_PAPER_May_18/Papers/Paper_xAI_in_Cyber_2/6_Analysis_Results/xai_surfacebench/data/unsw_nb15_dedup/unsw_nb15_dedup_score_stream.csv
unsw_nb15_deduplicated_anchor,default,default,rtt_uncertainty,static_coarse_full,1,5000,0.0,0.017451099985872923,0.9041922399999989,0.402401381616828,0.7057962236736731,0.32178787795720276,1512.8468964533702,0.605672222222285,0.0,0.0,0.0,2.746256000000071,0.07682952388543307,0.0,0.0,7.2958,45.1684,calibrated:/Users/let/Documents/DO_A_PAPER_May_18/Papers/Paper_xAI_in_Cyber_2/6_Analysis_Results/xai_surfacebench/data/unsw_nb15_dedup/unsw_nb15_dedup_score_stream.csv
unsw_nb15_deduplicated_anchor,default,default,rtt_uncertainty,static_offload,1,5000,0.0,0.014419299598740864,0.7491155600000005,0.37153494945100557,0.6081574417330635,0.6145101690252393,1327.8218317573394,0.7186444444444734,0.33623219915208175,0.0,0.0,0.7115200000000139,0.08982560894701686,0.0,0.0,7.3592,45.0176,calibrated:/Users/let/Documents/DO_A_PAPER_May_18/Papers/Paper_xAI_in_Cyber_2/6_Analysis_Results/xai_surfacebench/data/unsw_nb15_dedup/unsw_nb15_dedup_score_stream.csv
unsw_nb15_deduplicated_anchor,default,default,rtt_uncertainty,budget_only_bexgov,1,5000,0.0,0.015198141068183691,0.7881055800000006,0.3408192658276591,0.6200159131148277,0.28872304684273736,2673.357663733896,0.3730050000000285,0.0,0.2235012254564481,0.0,2.120576000000023,0.07674471012429773,0.0,0.0,7.2626,44.9664,calibrated:/Users/let/Documents/DO_A_PAPER_May_18/Papers/Paper_xAI_in_Cyber_2/6_Analysis_Results/xai_surfacebench/data/unsw_nb15_dedup/unsw_nb15_dedup_score_stream.csv
unsw_nb15_deduplicated_anchor,default,default,rtt_uncertainty,xai_gate,1,5000,0.0,0.016956096362217475,0.8771480400000011,0.6606375267101874,0.8138398103161484,0.549176614967593,1.0497487428346657,0.6704822222222145,0.016553514917097185,0.02190906386086392,0.3179789564794028,4.043391999999606,0.09188960901840448,0.0,0.0,7.3942,45.1462,calibrated:/Users/let/Documents/DO_A_PAPER_May_18/Papers/Paper_xAI_in_Cyber_2/6_Analysis_Results/xai_surfacebench/data/unsw_nb15_dedup/unsw_nb15_dedup_score_stream.csv
unsw_nb15_deduplicated_anchor,default,default,adversarial_explanation_flood,never_explain,2,5000,0.0,0.016465384615384618,0.8562,0.0,0.0,0.0,25870.96492936332,0.0,0.0,0.0,0.0,0.0,0.7997435942881808,0.0,0.0,12.1852,45.1368,calibrated:/Users/let/Documents/DO_A_PAPER_May_18/Papers/Paper_xAI_in_Cyber_2/6_Analysis_Results/xai_surfacebench/data/unsw_nb15_dedup/unsw_nb15_dedup_score_stream.csv
unsw_nb15_deduplicated_anchor,default,default,adversarial_explanation_flood,always_explain,2,5000,0.0,0.019335431999815814,0.9895269999999988,1.0,1.0,0.8499999999999482,0.0,2.858974999999826,0.0,0.0,0.0,12.1086,0.7947520776916612,0.041,0.6504,12.1086,44.9778,calibrated:/Users/let/Documents/DO_A_PAPER_May_18/Papers/Paper_xAI_in_Cyber_2/6_Analysis_Results/xai_surfacebench/data/unsw_nb15_dedup/unsw_nb15_dedup_score_stream.csv
unsw_nb15_deduplicated_anchor,default,default,adversarial_explanation_flood,threshold_explain,2,5000,0.0,0.017528364481857333,0.9025684000000005,0.6297015515367215,0.8450795168217472,0.5179489079948543,4257.174145670906,1.6809916666666191,0.0,0.0,0.0,7.376855999999875,0.8027632036058845,0.0,0.4026,12.1428,44.9044,calibrated:/Users/let/Documents/DO_A_PAPER_May_18/Papers/Paper_xAI_in_Cyber_2/6_Analysis_Results/xai_surfacebench/data/unsw_nb15_dedup/unsw_nb15_dedup_score_stream.csv
unsw_nb15_deduplicated_anchor,default,default,adversarial_explanation_flood,rate_limited,2,5000,0.0,0.01682913050886561,0.8668746400000004,0.6803414836303388,0.8324734933022535,0.7136709490260914,5400.360965684875,1.682444444444394,0.0,0.0,0.0,7.654527999999758,0.7920508101733257,0.0,0.4048,12.065,44.8834,calibrated:/Users/let/Documents/DO_A_PAPER_May_18/Papers/Paper_xAI_in_Cyber_2/6_Analysis_Results/xai_surfacebench/data/unsw_nb15_dedup/unsw_nb15_dedup_score_stream.csv
unsw_nb15_deduplicated_anchor,default,default,adversarial_explanation_flood,fifo_explanation,2,5000,0.0,0.018364506815771942,0.9431919999999918,0.8823665090531657,0.8353290740415666,0.8676450236419724,2457.7743824932195,2.5290805555554146,0.0,0.0,0.0,10.7114,0.7975747829550668,0.0,0.6052,12.1394,45.0214,calibrated:/Users/let/Documents/DO_A_PAPER_May_18/Papers/Paper_xAI_in_Cyber_2/6_Analysis_Results/xai_surfacebench/data/unsw_nb15_dedup/unsw_nb15_dedup_score_stream.csv
unsw_nb15_deduplicated_anchor,default,default,adversarial_explanation_flood,static_coarse_full,2,5000,0.0,0.01858165821202758,0.9566682800000014,0.6339024270010108,0.8447643186352399,0.5209811525379089,4210.054881670341,1.693141666666622,0.0,0.0,0.0,7.436951999999862,0.8011210948135996,0.0006,0.4088,12.1714,45.0512,calibrated:/Users/let/Documents/DO_A_PAPER_May_18/Papers/Paper_xAI_in_Cyber_2/6_Analysis_Results/xai_surfacebench/data/unsw_nb15_dedup/unsw_nb15_dedup_score_stream.csv
unsw_nb15_deduplicated_anchor,default,default,adversarial_explanation_flood,static_offload,2,5000,0.0,0.015864353940644112,0.8232755200000001,0.5756640291549245,0.7186014276749181,0.8240408102962188,3773.080245238129,1.9842166666666274,0.5729857508700505,0.0,0.0,1.571591999999945,0.8029152793192718,0.0,0.4962,12.1832,45.05,calibrated:/Users/let/Documents/DO_A_PAPER_May_18/Papers/Paper_xAI_in_Cyber_2/6_Analysis_Results/xai_surfacebench/data/unsw_nb15_dedup/unsw_nb15_dedup_score_stream.csv
unsw_nb15_deduplicated_anchor,default,default,adversarial_explanation_flood,budget_only_bexgov,2,5000,0.0,0.016839619144085147,0.8694539800000001,0.5043613093773266,0.7155830554146211,0.45083189761259246,8298.392890796471,0.8942488888889638,0.0,0.40026253179095905,0.05199770284682911,5.332531999999911,0.8021734309159458,0.0,0.0,12.189,45.09,calibrated:/Users/let/Documents/DO_A_PAPER_May_18/Papers/Paper_xAI_in_Cyber_2/6_Analysis_Results/xai_surfacebench/data/unsw_nb15_dedup/unsw_nb15_dedup_score_stream.csv
unsw_nb15_deduplicated_anchor,default,default,adversarial_explanation_flood,xai_gate,2,5000,0.0,0.01715621787375747,0.8843009599999996,0.6512927601805406,0.7258037790207874,0.6473769025087445,2935.657711883696,1.0,0.03257918552036199,0.12827642945290005,0.5511127108176533,6.644780499993988,0.8049120931337563,0.0002,0.0,12.155,44.896,calibrated:/Users/let/Documents/DO_A_PAPER_May_18/Papers/Paper_xAI_in_Cyber_2/6_Analysis_Results/xai_surfacebench/data/unsw_nb15_dedup/unsw_nb15_dedup_score_stream.csv
unsw_nb15_deduplicated_anchor,default,default,transient_overload,never_explain,2,5000,0.24589902229285807,1.0255461538461697,53.3284,0.0,0.0,0.0,17192.998045858472,0.0,0.0,0.0,0.0,0.0,0.19730101743979755,0.0,0.0,10.125,56.3768,calibrated:/Users/let/Documents/DO_A_PAPER_May_18/Papers/Paper_xAI_in_Cyber_2/6_Analysis_Results/xai_surfacebench/data/unsw_nb15_dedup/unsw_nb15_dedup_score_stream.csv
unsw_nb15_deduplicated_anchor,default,default,transient_overload,always_explain,2,5000,0.2507329812227436,1.050778272560316,53.201190000000004,1.0,1.0,0.8499999999999173,0.0,2.395111111110878,0.0,0.0,0.0,10.144,0.20182026484118665,0.1992,0.5256,10.144,56.2702,calibrated:/Users/let/Documents/DO_A_PAPER_May_18/Papers/Paper_xAI_in_Cyber_2/6_Analysis_Results/xai_surfacebench/data/unsw_nb15_dedup/unsw_nb15_dedup_score_stream.csv
unsw_nb15_deduplicated_anchor,default,default,transient_overload,threshold_explain,2,5000,0.24782301078641747,1.0374309597397726,53.272740799999994,0.43690198481734827,0.7321412747304453,0.35139372133480357,4935.831753239598,0.9239527777778173,0.0,0.0,0.0,4.160799999999945,0.20207125832032347,0.0088,0.0,10.1168,56.1076,calibrated:/Users/let/Documents/DO_A_PAPER_May_18/Papers/Paper_xAI_in_Cyber_2/6_Analysis_Results/xai_surfacebench/data/unsw_nb15_dedup/unsw_nb15_dedup_score_stream.csv
unsw_nb15_deduplicated_anchor,default,default,transient_overload,rate_limited,2,5000,0.24808887860745357,1.0363303770049566,53.35960348000006,0.4866419075087575,0.6598790918950004,0.6935668991129701,9210.362578210457,0.8915527777778394,0.0,0.0,0.0,4.338184000000001,0.20105392654070564,0.0,0.0,10.1242,56.1962,calibrated:/Users/let/Documents/DO_A_PAPER_May_18/Papers/Paper_xAI_in_Cyber_2/6_Analysis_Results/xai_surfacebench/data/unsw_nb15_dedup/unsw_nb15_dedup_score_stream.csv
unsw_nb15_deduplicated_anchor,default,default,transient_overload,fifo_explanation,2,5000,0.24828801171149784,1.0391810804558075,53.35499999999997,0.7174046314790278,0.5394467051353321,0.8923893052780547,9865.871513466966,1.7130805555554454,0.0,0.0,0.0,7.2554,0.1978457868598702,0.0,0.4438,10.1134,56.2866,calibrated:/Users/let/Documents/DO_A_PAPER_May_18/Papers/Paper_xAI_in_Cyber_2/6_Analysis_Results/xai_surfacebench/data/unsw_nb15_dedup/unsw_nb15_dedup_score_stream.csv
unsw_nb15_deduplicated_anchor,default,default,transient_overload,static_coarse_full,2,5000,0.24631342749395185,1.0375648191835474,53.277686160000016,0.43942448173742826,0.7340859939673668,0.35359526159920335,4908.25274430194,0.9315361111111423,0.0,0.0,0.0,4.192527999999939,0.2013187230207314,0.0096,0.0,10.13,56.216,calibrated:/Users/let/Documents/DO_A_PAPER_May_18/Papers/Paper_xAI_in_Cyber_2/6_Analysis_Results/xai_surfacebench/data/unsw_nb15_dedup/unsw_nb15_dedup_score_stream.csv
unsw_nb15_deduplicated_anchor,default,default,transient_overload,static_offload,2,5000,0.2448612201565139,1.0298317272332447,53.39566464000008,0.4025485173875,0.6300170185509457,0.5515726529406181,4681.8591714126715,1.0928611111110693,0.3726529405969855,0.0,0.0,1.0294479999999164,0.20143258200892933,0.0,0.178,10.151,56.3272,calibrated:/Users/let/Documents/DO_A_PAPER_May_18/Papers/Paper_xAI_in_Cyber_2/6_Analysis_Results/xai_surfacebench/data/unsw_nb15_dedup/unsw_nb15_dedup_score_stream.csv
unsw_nb15_deduplicated_anchor,default,default,transient_overload,budget_only_bexgov,2,5000,0.2485171110549669,1.031850457011916,53.15264228000003,0.36470845365719917,0.6396443726516025,0.31287234463389973,6808.664502344395,0.558033888888944,0.0,0.25552830412595434,0.0,3.1749160000001684,0.19937988468321954,0.0,0.0,10.1116,56.2046,calibrated:/Users/let/Documents/DO_A_PAPER_May_18/Papers/Paper_xAI_in_Cyber_2/6_Analysis_Results/xai_surfacebench/data/unsw_nb15_dedup/unsw_nb15_dedup_score_stream.csv
unsw_nb15_deduplicated_anchor,default,default,transient_overload,xai_gate,2,5000,0.2475783634370173,1.0395727475323515,53.40544689999992,0.682806404086154,0.7451944816565605,0.7685773499657071,3077.138271629563,0.9940661111114161,0.23319909635595718,0.1517336214517238,0.5788429427364699,4.312543999999213,0.20806308839827126,0.0114,0.0,10.181,56.1836,calibrated:/Users/let/Documents/DO_A_PAPER_May_18/Papers/Paper_xAI_in_Cyber_2/6_Analysis_Results/xai_surfacebench/data/unsw_nb15_dedup/unsw_nb15_dedup_score_stream.csv
unsw_nb15_deduplicated_anchor,default,default,non_markovian,never_explain,2,5000,0.13682312581832012,1.2242846153846274,63.6628,0.0,0.0,0.0,15013.380981267232,0.0,0.0,0.0,0.0,0.0,0.13207961203397445,0.0,0.0,9.2862,54.6852,calibrated:/Users/let/Documents/DO_A_PAPER_May_18/Papers/Paper_xAI_in_Cyber_2/6_Analysis_Results/xai_surfacebench/data/unsw_nb15_dedup/unsw_nb15_dedup_score_stream.csv
unsw_nb15_deduplicated_anchor,default,default,non_markovian,always_explain,2,5000,0.14034440908647614,1.3758985377234831,70.40369500000007,1.0,1.0,0.8499999999999286,0.0,2.2235055555553687,0.0,0.0,0.0,9.4172,0.13384696702077048,0.0964,0.5408,9.4172,55.3702,calibrated:/Users/let/Documents/DO_A_PAPER_May_18/Papers/Paper_xAI_in_Cyber_2/6_Analysis_Results/xai_surfacebench/data/unsw_nb15_dedup/unsw_nb15_dedup_score_stream.csv
unsw_nb15_deduplicated_anchor,default,default,non_markovian,threshold_explain,2,5000,0.1393777563738146,1.2464920653448985,64.3220216399999,0.4202916586891434,0.7197503082484529,0.337130640117451,4142.387634341231,0.8209416666667503,0.0,0.0,0.0,3.708672000000054,0.13473995995205956,0.0158,0.0,9.4014,55.2338,calibrated:/Users/let/Documents/DO_A_PAPER_May_18/Papers/Paper_xAI_in_Cyber_2/6_Analysis_Results/xai_surfacebench/data/unsw_nb15_dedup/unsw_nb15_dedup_score_stream.csv
unsw_nb15_deduplicated_anchor,default,default,non_markovian,rate_limited,2,5000,0.13823386280696104,1.2914780060998776,66.70910115999996,0.5401913213731068,0.6825699412116034,0.5804156291897956,4445.80108673994,0.8328222222223055,0.0,0.0,0.0,4.284104000000108,0.138646970732345,0.0,0.0,9.3978,55.0232,calibrated:/Users/let/Documents/DO_A_PAPER_May_18/Papers/Paper_xAI_in_Cyber_2/6_Analysis_Results/xai_surfacebench/data/unsw_nb15_dedup/unsw_nb15_dedup_score_stream.csv
unsw_nb15_deduplicated_anchor,default,default,non_markovian,fifo_explanation,2,5000,0.13690302037845772,1.2334660955302357,63.48385299999992,0.826153946311929,0.7018467693936299,0.8760769080531312,1611.838351650841,1.7977499999998963,0.0,0.0,0.0,7.614,0.11792819019893863,0.0,0.4478,9.2162,54.96,calibrated:/Users/let/Documents/DO_A_PAPER_May_18/Papers/Paper_xAI_in_Cyber_2/6_Analysis_Results/xai_surfacebench/data/unsw_nb15_dedup/unsw_nb15_dedup_score_stream.csv
unsw_nb15_deduplicated_anchor,default,default,non_markovian,static_coarse_full,2,5000,0.14071308139114866,1.279338633269246,66.02464132000004,0.42052303834056975,0.7225181757308377,0.33789849528183624,4182.699600525179,0.8254250000000789,0.0,0.0,0.0,3.721296000000051,0.13308962707162064,0.0154,0.0,9.4104,55.3672,calibrated:/Users/let/Documents/DO_A_PAPER_May_18/Papers/Paper_xAI_in_Cyber_2/6_Analysis_Results/xai_surfacebench/data/unsw_nb15_dedup/unsw_nb15_dedup_score_stream.csv
unsw_nb15_deduplicated_anchor,default,default,non_markovian,static_offload,2,5000,0.13478571777032636,1.2642097103546046,65.62277240000017,0.38664392378990076,0.619376970425893,0.5265821318228632,3761.162962051197,0.9563888888889144,0.35429539993134224,0.0,0.0,0.9215359999999925,0.1312195779042309,0.0,0.0,9.3216,54.9354,calibrated:/Users/let/Documents/DO_A_PAPER_May_18/Papers/Paper_xAI_in_Cyber_2/6_Analysis_Results/xai_surfacebench/data/unsw_nb15_dedup/unsw_nb15_dedup_score_stream.csv
unsw_nb15_deduplicated_anchor,default,default,non_markovian,budget_only_bexgov,2,5000,0.1375364686293526,1.2297748048616524,63.58743909999984,0.35068568210859047,0.6286720108097416,0.3002967101986144,5726.679403586445,0.49047611111115386,0.0,0.24219782123751976,0.0,2.7869480000001206,0.12645234479351353,0.0002,0.0,9.2346,54.653,calibrated:/Users/let/Documents/DO_A_PAPER_May_18/Papers/Paper_xAI_in_Cyber_2/6_Analysis_Results/xai_surfacebench/data/unsw_nb15_dedup/unsw_nb15_dedup_score_stream.csv
unsw_nb15_deduplicated_anchor,default,default,non_markovian,xai_gate,2,5000,0.13656026424388637,1.2761418175814916,65.99999096000002,0.6623966430341303,0.77051291297092,0.7139284188946892,275.0454258838517,0.9065755555555413,0.20389510549244041,0.1447851712650551,0.46824549414879985,3.9613399999998613,0.13408603244259165,0.0052,0.0,9.3656,55.0552,calibrated:/Users/let/Documents/DO_A_PAPER_May_18/Papers/Paper_xAI_in_Cyber_2/6_Analysis_Results/xai_surfacebench/data/unsw_nb15_dedup/unsw_nb15_dedup_score_stream.csv
unsw_nb15_deduplicated_anchor,default,default,rtt_uncertainty,never_explain,2,5000,0.0,0.017569230769230778,0.9136,0.0,0.0,0.0,9752.444754848684,0.0,0.0,0.0,0.0,0.0,0.08174894534434651,0.0,0.0,7.3106,45.0542,calibrated:/Users/let/Documents/DO_A_PAPER_May_18/Papers/Paper_xAI_in_Cyber_2/6_Analysis_Results/xai_surfacebench/data/unsw_nb15_dedup/unsw_nb15_dedup_score_stream.csv
unsw_nb15_deduplicated_anchor,default,default,rtt_uncertainty,always_explain,2,5000,0.0,0.017627951674094908,0.9077029999999999,1.0,1.0,0.8499999999999518,0.0,1.7229499999999023,0.0,0.0,0.0,7.2972,0.0813982954772774,0.0004,0.4184,7.2972,44.9862,calibrated:/Users/let/Documents/DO_A_PAPER_May_18/Papers/Paper_xAI_in_Cyber_2/6_Analysis_Results/xai_surfacebench/data/unsw_nb15_dedup/unsw_nb15_dedup_score_stream.csv
unsw_nb15_deduplicated_anchor,default,default,rtt_uncertainty,threshold_explain,2,5000,0.0,0.015478243307876371,0.8019247999999981,0.40381848367460604,0.7055333587965079,0.3227144438295731,1425.9648947248372,0.6012722222222827,0.0,0.0,0.0,2.7284000000000703,0.07464053511984226,0.0,0.0,7.228,44.8398,calibrated:/Users/let/Documents/DO_A_PAPER_May_18/Papers/Paper_xAI_in_Cyber_2/6_Analysis_Results/xai_surfacebench/data/unsw_nb15_dedup/unsw_nb15_dedup_score_stream.csv
unsw_nb15_deduplicated_anchor,default,default,rtt_uncertainty,rate_limited,2,5000,0.0,0.016656885605067343,0.8617758799999987,0.6316940188648629,0.7606286252466107,0.44821165694349036,1.332174250108534,0.7087055555556346,0.0,0.0,0.0,3.7991840000001154,0.08866432207036867,0.0,0.0,7.3364,44.926,calibrated:/Users/let/Documents/DO_A_PAPER_May_18/Papers/Paper_xAI_in_Cyber_2/6_Analysis_Results/xai_surfacebench/data/unsw_nb15_dedup/unsw_nb15_dedup_score_stream.csv
unsw_nb15_deduplicated_anchor,default,default,rtt_uncertainty,fifo_explanation,2,5000,0.0,0.018035330485888776,0.9291289999999984,0.9910260984110432,0.9832543513126611,0.8513460852382949,0.10562089928241658,1.7052888888887923,0.0,0.0,0.0,7.2224,0.0775094772575382,0.0,0.4164,7.2878,45.0904,calibrated:/Users/let/Documents/DO_A_PAPER_May_18/Papers/Paper_xAI_in_Cyber_2/6_Analysis_Results/xai_surfacebench/data/unsw_nb15_dedup/unsw_nb15_dedup_score_stream.csv
unsw_nb15_deduplicated_anchor,default,default,rtt_uncertainty,static_coarse_full,2,5000,0.0,0.016425209309700615,0.8510032,0.40428988380418074,0.7051003085875192,0.32292389448760345,1433.2829632689416,0.604219444444503,0.0,0.0,0.0,2.7434800000000665,0.0771948088926826,0.0,0.0,7.2636,44.9538,calibrated:/Users/let/Documents/DO_A_PAPER_May_18/Papers/Paper_xAI_in_Cyber_2/6_Analysis_Results/xai_surfacebench/data/unsw_nb15_dedup/unsw_nb15_dedup_score_stream.csv
unsw_nb15_deduplicated_anchor,default,default,rtt_uncertainty,static_offload,2,5000,0.0,0.01455143976495198,0.7559731599999998,0.37141517128872253,0.6077426460517295,0.6136523186344087,1396.3071497064052,0.7173611111111378,0.3356715606307776,0.0,0.0,0.712312000000017,0.08594078699705565,0.0,0.0,7.356,45.159,calibrated:/Users/let/Documents/DO_A_PAPER_May_18/Papers/Paper_xAI_in_Cyber_2/6_Analysis_Results/xai_surfacebench/data/unsw_nb15_dedup/unsw_nb15_dedup_score_stream.csv
unsw_nb15_deduplicated_anchor,default,default,rtt_uncertainty,budget_only_bexgov,2,5000,0.0,0.013153313881278814,0.682098140000001,0.3389129416948915,0.6189408035994154,0.2871684706271254,2674.768494319174,0.3705683333333616,0.0,0.2228648544438018,0.0,2.1080960000000286,0.07765663329133354,0.0,0.0,7.2618,44.9234,calibrated:/Users/let/Documents/DO_A_PAPER_May_18/Papers/Paper_xAI_in_Cyber_2/6_Analysis_Results/xai_surfacebench/data/unsw_nb15_dedup/unsw_nb15_dedup_score_stream.csv
unsw_nb15_deduplicated_anchor,default,default,rtt_uncertainty,xai_gate,2,5000,0.0,0.016052082932890496,0.830404580000001,0.6598913760863009,0.8124567555971162,0.5497815059885809,0.79833593445186,0.6589361111111024,0.018259817401825983,0.022907270927290727,0.31599934000659996,3.9608639999996673,0.07705453839990883,0.0,0.0,7.2728,45.0166,calibrated:/Users/let/Documents/DO_A_PAPER_May_18/Papers/Paper_xAI_in_Cyber_2/6_Analysis_Results/xai_surfacebench/data/unsw_nb15_dedup/unsw_nb15_dedup_score_stream.csv
unsw_nb15_deduplicated_anchor,default,default,adversarial_explanation_flood,never_explain,3,5000,0.0,0.015580769230769244,0.8102,0.0,0.0,0.0,25845.701007499574,0.0,0.0,0.0,0.0,0.0,0.7925513092710599,0.0,0.0,12.1578,45.216,calibrated:/Users/let/Documents/DO_A_PAPER_May_18/Papers/Paper_xAI_in_Cyber_2/6_Analysis_Results/xai_surfacebench/data/unsw_nb15_dedup/unsw_nb15_dedup_score_stream.csv
unsw_nb15_deduplicated_anchor,default,default,adversarial_explanation_flood,always_explain,3,5000,0.0,0.019899132993411436,1.018305000000001,1.0,1.0,0.8499999999999487,0.0,2.8564249999998275,0.0,0.0,0.0,12.0978,0.7907147139146062,0.0422,0.648,12.0978,45.039,calibrated:/Users/let/Documents/DO_A_PAPER_May_18/Papers/Paper_xAI_in_Cyber_2/6_Analysis_Results/xai_surfacebench/data/unsw_nb15_dedup/unsw_nb15_dedup_score_stream.csv
unsw_nb15_deduplicated_anchor,default,default,adversarial_explanation_flood,threshold_explain,3,5000,0.0,0.01674264398997677,0.8621306000000006,0.6335010890370355,0.8455094726161679,0.5208847600818378,4255.666335858891,1.6867111111110704,0.0,0.0,0.0,7.404975999999867,0.7972556590540412,0.0,0.4052,12.1208,44.9604,calibrated:/Users/let/Documents/DO_A_PAPER_May_18/Papers/Paper_xAI_in_Cyber_2/6_Analysis_Results/xai_surfacebench/data/unsw_nb15_dedup/unsw_nb15_dedup_score_stream.csv
unsw_nb15_deduplicated_anchor,default,default,adversarial_explanation_flood,rate_limited,3,5000,0.0,0.01676573476892172,0.8637480400000004,0.6808230609075004,0.8343186734555307,0.7175584123731611,5401.39793019125,1.6947138888888336,0.0,0.0,0.0,7.6967839999996706,0.7934846228504968,0.0,0.4128,12.1036,44.991,calibrated:/Users/let/Documents/DO_A_PAPER_May_18/Papers/Paper_xAI_in_Cyber_2/6_Analysis_Results/xai_surfacebench/data/unsw_nb15_dedup/unsw_nb15_dedup_score_stream.csv
unsw_nb15_deduplicated_anchor,default,default,adversarial_explanation_flood,fifo_explanation,3,5000,0.0,0.02087890738965428,1.0723489999999891,0.8764405757412751,0.8265067595069153,0.8685339136387533,3118.1742755278124,2.5389972222220676,0.0,0.0,0.0,10.7534,0.8133690408626528,0.0,0.6084,12.2694,45.1072,calibrated:/Users/let/Documents/DO_A_PAPER_May_18/Papers/Paper_xAI_in_Cyber_2/6_Analysis_Results/xai_surfacebench/data/unsw_nb15_dedup/unsw_nb15_dedup_score_stream.csv
unsw_nb15_deduplicated_anchor,default,default,adversarial_explanation_flood,static_coarse_full,3,5000,0.0,0.01872275369449945,0.96404524,0.632773605326169,0.8456803766708807,0.52037978419861,4278.647132288748,1.6959555555555104,0.0,0.0,0.0,7.44406399999985,0.8030196188001082,0.0004,0.413,12.1964,45.0962,calibrated:/Users/let/Documents/DO_A_PAPER_May_18/Papers/Paper_xAI_in_Cyber_2/6_Analysis_Results/xai_surfacebench/data/unsw_nb15_dedup/unsw_nb15_dedup_score_stream.csv
unsw_nb15_deduplicated_anchor,default,default,adversarial_explanation_flood,static_offload,3,5000,0.0,0.01468459959142143,0.7620042399999999,0.5734291624936606,0.7184721700900089,0.8214144515409518,3774.878049697308,1.9779833333332884,0.5714121529545044,0.0,0.0,1.5620879999999413,0.8065627938293269,0.0,0.4928,12.1814,44.9524,calibrated:/Users/let/Documents/DO_A_PAPER_May_18/Papers/Paper_xAI_in_Cyber_2/6_Analysis_Results/xai_surfacebench/data/unsw_nb15_dedup/unsw_nb15_dedup_score_stream.csv
unsw_nb15_deduplicated_anchor,default,default,adversarial_explanation_flood,budget_only_bexgov,3,5000,0.0,0.017376683691043684,0.8973500200000011,0.5035761209678907,0.7142361923557,0.4496641601546443,8322.86549559377,0.8931405555556351,0.0,0.40246719418096033,0.04824626071001458,5.326623999999922,0.8070400582601018,0.0,0.0,12.2082,45.0394,calibrated:/Users/let/Documents/DO_A_PAPER_May_18/Papers/Paper_xAI_in_Cyber_2/6_Analysis_Results/xai_surfacebench/data/unsw_nb15_dedup/unsw_nb15_dedup_score_stream.csv
unsw_nb15_deduplicated_anchor,default,default,adversarial_explanation_flood,xai_gate,3,5000,0.0,0.01750771069137042,0.9025926800000001,0.6552555724454946,0.7312237512908032,0.6483242800023974,2790.7906146501505,1.0,0.033839493729449284,0.1271789957204937,0.5569492407584907,6.644283499994077,0.7932227846938618,0.0004,0.0,12.1042,44.9998,calibrated:/Users/let/Documents/DO_A_PAPER_May_18/Papers/Paper_xAI_in_Cyber_2/6_Analysis_Results/xai_surfacebench/data/unsw_nb15_dedup/unsw_nb15_dedup_score_stream.csv
unsw_nb15_deduplicated_anchor,default,default,transient_overload,never_explain,3,5000,0.24517326379983473,1.0261807692307843,53.3614,0.0,0.0,0.0,17015.318556473296,0.0,0.0,0.0,0.0,0.0,0.19667436094724988,0.0,0.0,10.0782,56.1456,calibrated:/Users/let/Documents/DO_A_PAPER_May_18/Papers/Paper_xAI_in_Cyber_2/6_Analysis_Results/xai_surfacebench/data/unsw_nb15_dedup/unsw_nb15_dedup_score_stream.csv
unsw_nb15_deduplicated_anchor,default,default,transient_overload,always_explain,3,5000,0.2494890715653491,1.0546009638895468,53.41091500000002,1.0,1.0,0.8499999999999165,0.0,2.3750416666664336,0.0,0.0,0.0,10.059,0.19787647546371567,0.1968,0.524,10.059,55.9824,calibrated:/Users/let/Documents/DO_A_PAPER_May_18/Papers/Paper_xAI_in_Cyber_2/6_Analysis_Results/xai_surfacebench/data/unsw_nb15_dedup/unsw_nb15_dedup_score_stream.csv
unsw_nb15_deduplicated_anchor,default,default,transient_overload,threshold_explain,3,5000,0.24676618176375367,1.0380909444192161,53.308868520000004,0.4355180627233169,0.7321731815250674,0.3504337038507287,4884.6150808379125,0.9182250000000446,0.0,0.0,0.0,4.132871999999939,0.19693330387328034,0.009,0.0,10.076,56.1212,calibrated:/Users/let/Documents/DO_A_PAPER_May_18/Papers/Paper_xAI_in_Cyber_2/6_Analysis_Results/xai_surfacebench/data/unsw_nb15_dedup/unsw_nb15_dedup_score_stream.csv
unsw_nb15_deduplicated_anchor,default,default,transient_overload,rate_limited,3,5000,0.24471167311570846,1.0379966783100059,53.44375935999999,0.48553612016999304,0.6587260706065268,0.6931811443818117,9211.279826053726,0.8878111111111716,0.0,0.0,0.0,4.323375999999995,0.20180145513108538,0.0002,0.0,10.119,56.1324,calibrated:/Users/let/Documents/DO_A_PAPER_May_18/Papers/Paper_xAI_in_Cyber_2/6_Analysis_Results/xai_surfacebench/data/unsw_nb15_dedup/unsw_nb15_dedup_score_stream.csv
unsw_nb15_deduplicated_anchor,default,default,transient_overload,fifo_explanation,3,5000,0.2497420365237253,1.0363558799866899,53.20962900000001,0.7187835633875651,0.5398786433012335,0.8921824654917815,9767.773458843816,1.7065638888887866,0.0,0.0,0.0,7.2278,0.19576708251430364,0.0,0.443,10.0556,56.0622,calibrated:/Users/let/Documents/DO_A_PAPER_May_18/Papers/Paper_xAI_in_Cyber_2/6_Analysis_Results/xai_surfacebench/data/unsw_nb15_dedup/unsw_nb15_dedup_score_stream.csv
unsw_nb15_deduplicated_anchor,default,default,transient_overload,static_coarse_full,3,5000,0.24861384292589403,1.0384831353555632,53.322072120000016,0.43897543556742913,0.7327803650748964,0.352992073457845,4991.209321026366,0.93496666666669,0.0,0.0,0.0,4.2113759999999445,0.2104070114692762,0.0084,0.0,10.1936,56.1442,calibrated:/Users/let/Documents/DO_A_PAPER_May_18/Papers/Paper_xAI_in_Cyber_2/6_Analysis_Results/xai_surfacebench/data/unsw_nb15_dedup/unsw_nb15_dedup_score_stream.csv
unsw_nb15_deduplicated_anchor,default,default,transient_overload,static_offload,3,5000,0.24715103287036533,1.026428307257851,53.21893463999998,0.4029540200360106,0.6292528304034757,0.5511790393013296,4664.768384792638,1.0883888888888473,0.3719496532237349,0.0,0.0,1.0318879999999122,0.2006324737052474,0.0,0.1776,10.1218,56.2026,calibrated:/Users/let/Documents/DO_A_PAPER_May_18/Papers/Paper_xAI_in_Cyber_2/6_Analysis_Results/xai_surfacebench/data/unsw_nb15_dedup/unsw_nb15_dedup_score_stream.csv
unsw_nb15_deduplicated_anchor,default,default,transient_overload,budget_only_bexgov,3,5000,0.24791495610137557,1.0331551005950654,53.214891520000016,0.36805239849507654,0.6396624244045239,0.31538936353661734,6949.216063589716,0.5687222222222775,0.0,0.25601583320269633,0.0,3.2334920000001643,0.20930342776573174,0.0,0.0,10.2064,56.266,calibrated:/Users/let/Documents/DO_A_PAPER_May_18/Papers/Paper_xAI_in_Cyber_2/6_Analysis_Results/xai_surfacebench/data/unsw_nb15_dedup/unsw_nb15_dedup_score_stream.csv
unsw_nb15_deduplicated_anchor,default,default,transient_overload,xai_gate,3,5000,0.24809344182302584,1.039683461728995,53.421732139999975,0.6841275294399108,0.7461742739719388,0.7715906428104174,2979.2438246593356,0.9920288888891939,0.23617371964175785,0.15545008638322377,0.5735051730643207,4.260455999999185,0.1957136005090876,0.0112,0.0,10.0714,56.1528,calibrated:/Users/let/Documents/DO_A_PAPER_May_18/Papers/Paper_xAI_in_Cyber_2/6_Analysis_Results/xai_surfacebench/data/unsw_nb15_dedup/unsw_nb15_dedup_score_stream.csv
unsw_nb15_deduplicated_anchor,default,default,non_markovian,never_explain,3,5000,0.13451042632661214,1.1819000000000108,61.4588,0.0,0.0,0.0,14973.270879379163,0.0,0.0,0.0,0.0,0.0,0.12729196524680142,0.0,0.0,9.2264,54.5638,calibrated:/Users/let/Documents/DO_A_PAPER_May_18/Papers/Paper_xAI_in_Cyber_2/6_Analysis_Results/xai_surfacebench/data/unsw_nb15_dedup/unsw_nb15_dedup_score_stream.csv
unsw_nb15_deduplicated_anchor,default,default,non_markovian,always_explain,3,5000,0.1412611353488406,1.2521839371111323,64.02356200000006,1.0,1.0,0.8499999999999343,0.0,2.1968722222220523,0.0,0.0,0.0,9.3044,0.13325392127487912,0.0984,0.5474,9.3044,54.7356,calibrated:/Users/let/Documents/DO_A_PAPER_May_18/Papers/Paper_xAI_in_Cyber_2/6_Analysis_Results/xai_surfacebench/data/unsw_nb15_dedup/unsw_nb15_dedup_score_stream.csv
unsw_nb15_deduplicated_anchor,default,default,non_markovian,threshold_explain,3,5000,0.13721982237318975,1.3098174673024436,67.60867303999983,0.4228560799319849,0.722879152543224,0.33957801870750437,4156.9251671198235,0.8287055555556396,0.0,0.0,0.0,3.7386320000000706,0.13081136436573937,0.0162,0.0,9.408,55.4646,calibrated:/Users/let/Documents/DO_A_PAPER_May_18/Papers/Paper_xAI_in_Cyber_2/6_Analysis_Results/xai_surfacebench/data/unsw_nb15_dedup/unsw_nb15_dedup_score_stream.csv
unsw_nb15_deduplicated_anchor,default,default,non_markovian,rate_limited,3,5000,0.13578512215107685,1.2742362557808502,65.82219704000006,0.5419415615176112,0.6841668701317228,0.5819850566297602,4206.850145320411,0.8289222222223035,0.0,0.0,0.0,4.254728000000118,0.12257649700635054,0.0,0.0,9.2884,55.1612,calibrated:/Users/let/Documents/DO_A_PAPER_May_18/Papers/Paper_xAI_in_Cyber_2/6_Analysis_Results/xai_surfacebench/data/unsw_nb15_dedup/unsw_nb15_dedup_score_stream.csv
unsw_nb15_deduplicated_anchor,default,default,non_markovian,fifo_explanation,3,5000,0.1374321963710283,1.2659658061130652,65.15159299999983,0.8287856071964018,0.7079413601492455,0.8756821589204598,1535.4394248963065,1.8273111111110205,0.0,0.0,0.0,7.7392,0.12575061091681516,0.0,0.4512,9.338,55.2994,calibrated:/Users/let/Documents/DO_A_PAPER_May_18/Papers/Paper_xAI_in_Cyber_2/6_Analysis_Results/xai_surfacebench/data/unsw_nb15_dedup/unsw_nb15_dedup_score_stream.csv
unsw_nb15_deduplicated_anchor,default,default,non_markovian,static_coarse_full,3,5000,0.13341349012099918,1.2590663207759358,64.99071603999978,0.4149833908266373,0.7144846418762753,0.332305906903474,4198.939178444538,0.8066444444445221,0.0,0.0,0.0,3.6514960000000625,0.13522392280999895,0.0142,0.0,9.3924,55.1574,calibrated:/Users/let/Documents/DO_A_PAPER_May_18/Papers/Paper_xAI_in_Cyber_2/6_Analysis_Results/xai_surfacebench/data/unsw_nb15_dedup/unsw_nb15_dedup_score_stream.csv
unsw_nb15_deduplicated_anchor,default,default,non_markovian,static_offload,3,5000,0.13475696601297185,1.2484990244023477,64.80782116000016,0.3853586895930655,0.6176845054178988,0.5237163929505592,3894.5330505926418,0.9512777777778031,0.35185026371081857,0.0,0.0,0.9238719999999881,0.13113058492998064,0.0,0.0,9.3284,54.9798,calibrated:/Users/let/Documents/DO_A_PAPER_May_18/Papers/Paper_xAI_in_Cyber_2/6_Analysis_Results/xai_surfacebench/data/unsw_nb15_dedup/unsw_nb15_dedup_score_stream.csv
unsw_nb15_deduplicated_anchor,default,default,non_markovian,budget_only_bexgov,3,5000,0.14045794862850686,1.3058820346670412,67.52698273999981,0.3492426121541269,0.6269249581627897,0.2991735448830483,5922.465725137318,0.4942283333333756,0.0,0.24224864217593978,0.0,2.8106600000001154,0.13285200567322186,0.0012,0.0,9.3532,55.0422,calibrated:/Users/let/Documents/DO_A_PAPER_May_18/Papers/Paper_xAI_in_Cyber_2/6_Analysis_Results/xai_surfacebench/data/unsw_nb15_dedup/unsw_nb15_dedup_score_stream.csv
unsw_nb15_deduplicated_anchor,default,default,non_markovian,xai_gate,3,5000,0.13465570851995162,1.2435255924663444,64.31441817999995,0.6631850056829584,0.7707306944933517,0.7166372155861989,264.77567865311636,0.9053083333333198,0.20537839634577856,0.14541828397418027,0.4722609422916086,3.9467799999998445,0.1283231343626665,0.0034,0.0,9.3262,55.1036,calibrated:/Users/let/Documents/DO_A_PAPER_May_18/Papers/Paper_xAI_in_Cyber_2/6_Analysis_Results/xai_surfacebench/data/unsw_nb15_dedup/unsw_nb15_dedup_score_stream.csv
unsw_nb15_deduplicated_anchor,default,default,rtt_uncertainty,never_explain,3,5000,0.0,0.016030769230769206,0.8336,0.0,0.0,0.0,9636.995163908667,0.0,0.0,0.0,0.0,0.0,0.07587117126314968,0.0,0.0,7.2712,45.0562,calibrated:/Users/let/Documents/DO_A_PAPER_May_18/Papers/Paper_xAI_in_Cyber_2/6_Analysis_Results/xai_surfacebench/data/unsw_nb15_dedup/unsw_nb15_dedup_score_stream.csv
unsw_nb15_deduplicated_anchor,default,default,rtt_uncertainty,always_explain,3,5000,0.0,0.017075302350900195,0.8793670000000011,1.0,1.0,0.849999999999949,0.0,1.7241777777776743,0.0,0.0,0.0,7.3024,0.08468614598048196,0.0,0.4202,7.3024,44.8818,calibrated:/Users/let/Documents/DO_A_PAPER_May_18/Papers/Paper_xAI_in_Cyber_2/6_Analysis_Results/xai_surfacebench/data/unsw_nb15_dedup/unsw_nb15_dedup_score_stream.csv
unsw_nb15_deduplicated_anchor,default,default,rtt_uncertainty,threshold_explain,3,5000,0.0,0.014579234299486486,0.7552441200000005,0.4052026286966126,0.7046621304142975,0.3234515334063761,1566.5319025641215,0.6080805555556204,0.0,0.0,0.0,2.763080000000078,0.08429567543574046,0.0,0.0,7.304,44.9078,calibrated:/Users/let/Documents/DO_A_PAPER_May_18/Papers/Paper_xAI_in_Cyber_2/6_Analysis_Results/xai_surfacebench/data/unsw_nb15_dedup/unsw_nb15_dedup_score_stream.csv
unsw_nb15_deduplicated_anchor,default,default,rtt_uncertainty,rate_limited,3,5000,0.0,0.016795317547939486,0.8689266400000001,0.6335551095593123,0.7631475132102143,0.45024193770107307,0.9919997972584453,0.7078638888889645,0.0,0.0,0.0,3.7849040000001377,0.0782025116459697,0.0,0.0,7.2746,44.9798,calibrated:/Users/let/Documents/DO_A_PAPER_May_18/Papers/Paper_xAI_in_Cyber_2/6_Analysis_Results/xai_surfacebench/data/unsw_nb15_dedup/unsw_nb15_dedup_score_stream.csv
unsw_nb15_deduplicated_anchor,default,default,rtt_uncertainty,fifo_explanation,3,5000,0.0,0.01668645255806129,0.8595539999999985,0.9900735595723154,0.9815226624138405,0.8514889660641043,0.12390675639541467,1.7097277777776811,0.0,0.0,0.0,7.2412,0.08383903498047696,0.0,0.4112,7.3138,44.987,calibrated:/Users/let/Documents/DO_A_PAPER_May_18/Papers/Paper_xAI_in_Cyber_2/6_Analysis_Results/xai_surfacebench/data/unsw_nb15_dedup/unsw_nb15_dedup_score_stream.csv
unsw_nb15_deduplicated_anchor,default,default,rtt_uncertainty,static_coarse_full,3,5000,0.0,0.014465624046938953,0.749486319999999,0.40109205009455307,0.7033101783277426,0.32035844454799334,1523.2507426390148,0.6022472222222875,0.0,0.0,0.0,2.7346400000000815,0.08063847429518889,0.0,0.0,7.2982,45.024,calibrated:/Users/let/Documents/DO_A_PAPER_May_18/Papers/Paper_xAI_in_Cyber_2/6_Analysis_Results/xai_surfacebench/data/unsw_nb15_dedup/unsw_nb15_dedup_score_stream.csv
unsw_nb15_deduplicated_anchor,default,default,rtt_uncertainty,static_offload,3,5000,0.0,0.014269491095761228,0.7413205599999998,0.374355418874741,0.6086198340262231,0.6181022796337394,1228.9813557991333,0.7151611111111388,0.33784563002828194,0.0,0.0,0.7123120000000175,0.07816145037716193,0.0,0.0,7.2838,45.0384,calibrated:/Users/let/Documents/DO_A_PAPER_May_18/Papers/Paper_xAI_in_Cyber_2/6_Analysis_Results/xai_surfacebench/data/unsw_nb15_dedup/unsw_nb15_dedup_score_stream.csv
unsw_nb15_deduplicated_anchor,default,default,rtt_uncertainty,budget_only_bexgov,3,5000,0.0,0.016047317732789362,0.8321338600000012,0.3388292964244471,0.6201212007124729,0.28754325259516444,2735.178738304996,0.37217833333336275,0.0,0.22419948371505466,0.0,2.1156800000000278,0.0774201565800916,0.0,0.0,7.2828,45.0632,calibrated:/Users/let/Documents/DO_A_PAPER_May_18/Papers/Paper_xAI_in_Cyber_2/6_Analysis_Results/xai_surfacebench/data/unsw_nb15_dedup/unsw_nb15_dedup_score_stream.csv
unsw_nb15_deduplicated_anchor,default,default,rtt_uncertainty,xai_gate,3,5000,0.0,0.016406354481280742,0.8488023000000005,0.6599326478997731,0.8134261424139357,0.5483373730011207,0.7886407236302581,0.6603227777777743,0.01729162084891137,0.024191774796569167,0.3111117220145151,3.967083999999648,0.07924640261088989,0.0,0.0,7.2752,44.94,calibrated:/Users/let/Documents/DO_A_PAPER_May_18/Papers/Paper_xAI_in_Cyber_2/6_Analysis_Results/xai_surfacebench/data/unsw_nb15_dedup/unsw_nb15_dedup_score_stream.csv
unsw_nb15_deduplicated_anchor,default,default,adversarial_explanation_flood,never_explain,4,5000,0.0,0.015630769230769236,0.8128,0.0,0.0,0.0,26072.319388393327,0.0,0.0,0.0,0.0,0.0,0.8071289430829394,0.0,0.0,12.2178,45.0726,calibrated:/Users/let/Documents/DO_A_PAPER_May_18/Papers/Paper_xAI_in_Cyber_2/6_Analysis_Results/xai_surfacebench/data/unsw_nb15_dedup/unsw_nb15_dedup_score_stream.csv
unsw_nb15_deduplicated_anchor,default,default,adversarial_explanation_flood,always_explain,4,5000,0.0,0.021428630025648022,1.0964570000000011,1.0,1.0,0.8499999999999469,0.0,2.888252777777597,0.0,0.0,0.0,12.2326,0.8054325623132956,0.0428,0.6572,12.2326,45.1696,calibrated:/Users/let/Documents/DO_A_PAPER_May_18/Papers/Paper_xAI_in_Cyber_2/6_Analysis_Results/xai_surfacebench/data/unsw_nb15_dedup/unsw_nb15_dedup_score_stream.csv
unsw_nb15_deduplicated_anchor,default,default,adversarial_explanation_flood,threshold_explain,4,5000,0.0,0.01659434895535112,0.8544448,0.6313276365496036,0.8440543694299263,0.518877744601521,4256.785663555155,1.6797611111110653,0.0,0.0,0.0,7.377975999999889,0.801997033284882,0.0002,0.4046,12.1238,44.8532,calibrated:/Users/let/Documents/DO_A_PAPER_May_18/Papers/Paper_xAI_in_Cyber_2/6_Analysis_Results/xai_surfacebench/data/unsw_nb15_dedup/unsw_nb15_dedup_score_stream.csv
unsw_nb15_deduplicated_anchor,default,default,adversarial_explanation_flood,rate_limited,4,5000,0.0,0.018227873559245107,0.9390189600000014,0.6794648746701903,0.8334249264851243,0.7180573878627772,5556.629465537938,1.6946527777777256,0.0,0.0,0.0,7.696719999999718,0.8038760727618854,0.0,0.4118,12.128,44.822,calibrated:/Users/let/Documents/DO_A_PAPER_May_18/Papers/Paper_xAI_in_Cyber_2/6_Analysis_Results/xai_surfacebench/data/unsw_nb15_dedup/unsw_nb15_dedup_score_stream.csv
unsw_nb15_deduplicated_anchor,default,default,adversarial_explanation_flood,fifo_explanation,4,5000,0.0,0.019843230293672284,1.0191669999999928,0.8792501892630262,0.8310515602434071,0.8681124716104953,2418.1140193143187,2.5228472222220777,0.0,0.0,0.0,10.685,0.80021153863246,0.0,0.6018,12.1524,45.0036,calibrated:/Users/let/Documents/DO_A_PAPER_May_18/Papers/Paper_xAI_in_Cyber_2/6_Analysis_Results/xai_surfacebench/data/unsw_nb15_dedup/unsw_nb15_dedup_score_stream.csv
unsw_nb15_deduplicated_anchor,default,default,adversarial_explanation_flood,static_coarse_full,4,5000,0.0,0.016943231697429114,0.8723339200000005,0.6319563043941528,0.8431134178680527,0.5190967498729728,4293.5968330052665,1.6902111111110738,0.0,0.0,0.0,7.428663999999872,0.806114912518306,0.0004,0.4076,12.2026,45.0418,calibrated:/Users/let/Documents/DO_A_PAPER_May_18/Papers/Paper_xAI_in_Cyber_2/6_Analysis_Results/xai_surfacebench/data/unsw_nb15_dedup/unsw_nb15_dedup_score_stream.csv
unsw_nb15_deduplicated_anchor,default,default,adversarial_explanation_flood,static_offload,4,5000,0.0,0.014495378411476188,0.7521860400000003,0.5760895993166115,0.7189777813946626,0.8248957631713795,3709.25403749467,1.9849722222221866,0.5736886201968097,0.0,0.0,1.5702319999999477,0.806354929410277,0.0,0.4998,12.1742,44.931,calibrated:/Users/let/Documents/DO_A_PAPER_May_18/Papers/Paper_xAI_in_Cyber_2/6_Analysis_Results/xai_surfacebench/data/unsw_nb15_dedup/unsw_nb15_dedup_score_stream.csv
unsw_nb15_deduplicated_anchor,default,default,adversarial_explanation_flood,budget_only_bexgov,4,5000,0.0,0.017280288113553574,0.8922560000000005,0.5044989580427787,0.7151290960710845,0.45065799189405614,8288.013122135078,0.894218333333405,0.0,0.3986511986610439,0.05244244622023858,5.3326199999999115,0.8064169997584267,0.0,0.0,12.1886,44.9826,calibrated:/Users/let/Documents/DO_A_PAPER_May_18/Papers/Paper_xAI_in_Cyber_2/6_Analysis_Results/xai_surfacebench/data/unsw_nb15_dedup/unsw_nb15_dedup_score_stream.csv
unsw_nb15_deduplicated_anchor,default,default,adversarial_explanation_flood,xai_gate,4,5000,0.0,0.016564698709661888,0.8536774600000008,0.6533678988963089,0.729006670181133,0.6468521941384107,2901.3693744284633,1.0,0.03075909764531533,0.12809155277457598,0.5541927383491392,6.677927499993958,0.8002074996294657,0.0002,0.0,12.146,44.98,calibrated:/Users/let/Documents/DO_A_PAPER_May_18/Papers/Paper_xAI_in_Cyber_2/6_Analysis_Results/xai_surfacebench/data/unsw_nb15_dedup/unsw_nb15_dedup_score_stream.csv
unsw_nb15_deduplicated_anchor,default,default,transient_overload,never_explain,4,5000,0.2474963419713837,1.0231884615384768,53.2058,0.0,0.0,0.0,17348.132013601033,0.0,0.0,0.0,0.0,0.0,0.20619414311940631,0.0,0.0,10.1642,56.1778,calibrated:/Users/let/Documents/DO_A_PAPER_May_18/Papers/Paper_xAI_in_Cyber_2/6_Analysis_Results/xai_surfacebench/data/unsw_nb15_dedup/unsw_nb15_dedup_score_stream.csv
unsw_nb15_deduplicated_anchor,default,default,transient_overload,always_explain,4,5000,0.2505980166478997,1.0518953771477764,53.25575800000002,1.0,1.0,0.8499999999999185,0.0,2.4001166666664364,0.0,0.0,0.0,10.1652,0.20740033352812826,0.202,0.5252,10.1652,56.1272,calibrated:/Users/let/Documents/DO_A_PAPER_May_18/Papers/Paper_xAI_in_Cyber_2/6_Analysis_Results/xai_surfacebench/data/unsw_nb15_dedup/unsw_nb15_dedup_score_stream.csv
unsw_nb15_deduplicated_anchor,default,default,transient_overload,threshold_explain,4,5000,0.24810771572156698,1.0388228500272534,53.33740195999998,0.4395116045591608,0.7339398086190991,0.35361818146025376,4953.12407261295,0.9341777777778048,0.0,0.0,0.0,4.205079999999944,0.20704280571693157,0.0096,0.0,10.1598,56.114,calibrated:/Users/let/Documents/DO_A_PAPER_May_18/Papers/Paper_xAI_in_Cyber_2/6_Analysis_Results/xai_surfacebench/data/unsw_nb15_dedup/unsw_nb15_dedup_score_stream.csv
unsw_nb15_deduplicated_anchor,default,default,transient_overload,rate_limited,4,5000,0.24642450215708453,1.034695137327894,53.27330156000003,0.48564983739193995,0.6599458812778888,0.6943245815816147,9172.448113310162,0.886497222222282,0.0,0.0,0.0,4.313168000000018,0.2006323628848734,0.0,0.0,10.0856,56.0016,calibrated:/Users/let/Documents/DO_A_PAPER_May_18/Papers/Paper_xAI_in_Cyber_2/6_Analysis_Results/xai_surfacebench/data/unsw_nb15_dedup/unsw_nb15_dedup_score_stream.csv
unsw_nb15_deduplicated_anchor,default,default,transient_overload,fifo_explanation,4,5000,0.24750590869068387,1.0356405248153084,53.172985999999966,0.7164522149101267,0.5405748150051835,0.8925321677633984,9975.618756682683,1.7222416666665674,0.0,0.0,0.0,7.2942,0.20978139329837298,0.0,0.4466,10.181,56.1038,calibrated:/Users/let/Documents/DO_A_PAPER_May_18/Papers/Paper_xAI_in_Cyber_2/6_Analysis_Results/xai_surfacebench/data/unsw_nb15_dedup/unsw_nb15_dedup_score_stream.csv
unsw_nb15_deduplicated_anchor,default,default,transient_overload,static_coarse_full,4,5000,0.24781666180228776,1.036336478704035,53.21947564000002,0.44102875577506706,0.7343097908968848,0.3547524693324761,4784.547832345488,0.9261305555555955,0.0,0.0,0.0,4.170055999999946,0.19155923508237804,0.0088,0.0,10.0432,56.1908,calibrated:/Users/let/Documents/DO_A_PAPER_May_18/Papers/Paper_xAI_in_Cyber_2/6_Analysis_Results/xai_surfacebench/data/unsw_nb15_dedup/unsw_nb15_dedup_score_stream.csv
unsw_nb15_deduplicated_anchor,default,default,transient_overload,static_offload,4,5000,0.24671627656462855,1.0292932350492738,53.36577003999995,0.40462110131640855,0.6312945225376733,0.5547764557062295,4650.664947338354,1.0959333333332903,0.3749851761078389,0.0,0.0,1.02979199999991,0.20309798801990797,0.0,0.1888,10.1188,56.0708,calibrated:/Users/let/Documents/DO_A_PAPER_May_18/Papers/Paper_xAI_in_Cyber_2/6_Analysis_Results/xai_surfacebench/data/unsw_nb15_dedup/unsw_nb15_dedup_score_stream.csv
unsw_nb15_deduplicated_anchor,default,default,transient_overload,budget_only_bexgov,4,5000,0.24615822936225953,1.0328630529060903,53.20448275999998,0.3668422812850568,0.640074650487683,0.31450591174678255,6807.892697858779,0.5647205555556108,0.0,0.2558084633393008,0.0,3.2107960000001716,0.20283440232753325,0.0,0.0,10.1662,56.3458,calibrated:/Users/let/Documents/DO_A_PAPER_May_18/Papers/Paper_xAI_in_Cyber_2/6_Analysis_Results/xai_surfacebench/data/unsw_nb15_dedup/unsw_nb15_dedup_score_stream.csv
unsw_nb15_deduplicated_anchor,default,default,transient_overload,xai_gate,4,5000,0.2476707724953626,1.038473304304334,53.35463329999995,0.6834919819892121,0.7459357654593831,0.7701319219528517,2999.3859058081403,0.9925633333336416,0.2343194565131527,0.15378386918397977,0.5772967848961214,4.290579999999172,0.20188889957002187,0.0116,0.0,10.1272,56.1738,calibrated:/Users/let/Documents/DO_A_PAPER_May_18/Papers/Paper_xAI_in_Cyber_2/6_Analysis_Results/xai_surfacebench/data/unsw_nb15_dedup/unsw_nb15_dedup_score_stream.csv
unsw_nb15_deduplicated_anchor,default,default,non_markovian,never_explain,4,5000,0.1335022547015239,1.2944769230769346,67.3128,0.0,0.0,0.0,15251.086636921153,0.0,0.0,0.0,0.0,0.0,0.1312656777879253,0.0,0.0,9.3624,55.1736,calibrated:/Users/let/Documents/DO_A_PAPER_May_18/Papers/Paper_xAI_in_Cyber_2/6_Analysis_Results/xai_surfacebench/data/unsw_nb15_dedup/unsw_nb15_dedup_score_stream.csv
unsw_nb15_deduplicated_anchor,default,default,non_markovian,always_explain,4,5000,0.1382332847163582,1.3319586432542045,68.16584700000017,1.0,1.0,0.8499999999999351,0.0,2.1747722222220562,0.0,0.0,0.0,9.2108,0.12230885547842285,0.0946,0.5302,9.2108,54.7134,calibrated:/Users/let/Documents/DO_A_PAPER_May_18/Papers/Paper_xAI_in_Cyber_2/6_Analysis_Results/xai_surfacebench/data/unsw_nb15_dedup/unsw_nb15_dedup_score_stream.csv
unsw_nb15_deduplicated_anchor,default,default,non_markovian,threshold_explain,4,5000,0.1384231630045991,1.2610939782488213,65.07703767999992,0.42141492832003885,0.7214553176985344,0.33828332904114017,4056.847937644168,0.8173277777778528,0.0,0.0,0.0,3.6890800000000534,0.13380538725454283,0.0186,0.0,9.3192,54.796,calibrated:/Users/let/Documents/DO_A_PAPER_May_18/Papers/Paper_xAI_in_Cyber_2/6_Analysis_Results/xai_surfacebench/data/unsw_nb15_dedup/unsw_nb15_dedup_score_stream.csv
unsw_nb15_deduplicated_anchor,default,default,non_markovian,rate_limited,4,5000,0.1376119969074115,1.2525464288377572,64.69433844,0.5434420593480918,0.686614808921081,0.577886288918955,4219.021406004879,0.8298055555556381,0.0,0.0,0.0,4.26860000000009,0.1314933407244221,0.0,0.0,9.3078,54.8408,calibrated:/Users/let/Documents/DO_A_PAPER_May_18/Papers/Paper_xAI_in_Cyber_2/6_Analysis_Results/xai_surfacebench/data/unsw_nb15_dedup/unsw_nb15_dedup_score_stream.csv
unsw_nb15_deduplicated_anchor,default,default,non_markovian,fifo_explanation,4,5000,0.13915915118391814,1.1812423432096693,60.781779999999955,0.8225855217691777,0.697986932199564,0.8766121717345449,1815.4822755123228,1.7986472222221326,0.0,0.0,0.0,7.6178,0.13077794709491175,0.0,0.4488,9.2608,54.5984,calibrated:/Users/let/Documents/DO_A_PAPER_May_18/Papers/Paper_xAI_in_Cyber_2/6_Analysis_Results/xai_surfacebench/data/unsw_nb15_dedup/unsw_nb15_dedup_score_stream.csv
unsw_nb15_deduplicated_anchor,default,default,non_markovian,static_coarse_full,4,5000,0.13681986143187078,1.2330767393619328,63.63447151999974,0.4200514361046994,0.7204672626349247,0.33712476497160127,3992.8890793545143,0.8086500000000776,0.0,0.0,0.0,3.6507360000000597,0.12723029399440855,0.0166,0.0,9.2542,54.7312,calibrated:/Users/let/Documents/DO_A_PAPER_May_18/Papers/Paper_xAI_in_Cyber_2/6_Analysis_Results/xai_surfacebench/data/unsw_nb15_dedup/unsw_nb15_dedup_score_stream.csv
unsw_nb15_deduplicated_anchor,default,default,non_markovian,static_offload,4,5000,0.13862423348030395,1.2793997826004178,66.41173292000016,0.38845760327407414,0.6209939356900918,0.529814127978856,3964.2938561006576,0.9689888888889131,0.3568231231615296,0.0,0.0,0.928687999999995,0.13404304693392244,0.0,0.0,9.3828,55.1584,calibrated:/Users/let/Documents/DO_A_PAPER_May_18/Papers/Paper_xAI_in_Cyber_2/6_Analysis_Results/xai_surfacebench/data/unsw_nb15_dedup/unsw_nb15_dedup_score_stream.csv
unsw_nb15_deduplicated_anchor,default,default,non_markovian,budget_only_bexgov,4,5000,0.13525738560509357,1.1789747167091376,60.948906160000256,0.3536555871561623,0.6298519262870812,0.3027203056816102,5726.732368330763,0.4921227777778239,0.0,0.24541369054080459,0.0,2.8015840000001173,0.12624639956183303,0.0004,0.0,9.2122,54.5304,calibrated:/Users/let/Documents/DO_A_PAPER_May_18/Papers/Paper_xAI_in_Cyber_2/6_Analysis_Results/xai_surfacebench/data/unsw_nb15_dedup/unsw_nb15_dedup_score_stream.csv
unsw_nb15_deduplicated_anchor,default,default,non_markovian,xai_gate,4,5000,0.1352249846694219,1.3538048903606852,70.0241382999999,0.6642670347543693,0.770992951777045,0.7174475689094374,297.54741396927125,0.9087866666666519,0.20572247902756377,0.1440677966101695,0.47286423557609997,3.960471999999852,0.13036252735011655,0.0032,0.0,9.3456,55.1186,calibrated:/Users/let/Documents/DO_A_PAPER_May_18/Papers/Paper_xAI_in_Cyber_2/6_Analysis_Results/xai_surfacebench/data/unsw_nb15_dedup/unsw_nb15_dedup_score_stream.csv
unsw_nb15_deduplicated_anchor,default,default,rtt_uncertainty,never_explain,4,5000,0.0,0.015565384615384616,0.8094,0.0,0.0,0.0,9752.321723203073,0.0,0.0,0.0,0.0,0.0,0.08584960462828195,0.0,0.0,7.3274,44.9872,calibrated:/Users/let/Documents/DO_A_PAPER_May_18/Papers/Paper_xAI_in_Cyber_2/6_Analysis_Results/xai_surfacebench/data/unsw_nb15_dedup/unsw_nb15_dedup_score_stream.csv
unsw_nb15_deduplicated_anchor,default,default,rtt_uncertainty,always_explain,4,5000,0.0,0.01718568507955457,0.884875,1.0,1.0,0.8499999999999518,0.0,1.7236583333332356,0.0,0.0,0.0,7.3002,0.0794194361149092,0.0002,0.421,7.3002,45.0872,calibrated:/Users/let/Documents/DO_A_PAPER_May_18/Papers/Paper_xAI_in_Cyber_2/6_Analysis_Results/xai_surfacebench/data/unsw_nb15_dedup/unsw_nb15_dedup_score_stream.csv
unsw_nb15_deduplicated_anchor,default,default,rtt_uncertainty,threshold_explain,4,5000,0.0,0.013551528564492807,0.701982039999999,0.40328186922061576,0.705427008560278,0.3223070783795912,1385.2430556786137,0.6038222222222858,0.0,0.0,0.0,2.739752000000071,0.08007365759917318,0.0,0.0,7.2672,44.8562,calibrated:/Users/let/Documents/DO_A_PAPER_May_18/Papers/Paper_xAI_in_Cyber_2/6_Analysis_Results/xai_surfacebench/data/unsw_nb15_dedup/unsw_nb15_dedup_score_stream.csv
unsw_nb15_deduplicated_anchor,default,default,rtt_uncertainty,rate_limited,4,5000,0.0,0.014242120788202542,0.7369264,0.634242131419128,0.7638549955181365,0.4510256764218973,0.9114329468186928,0.7068000000000747,0.0,0.0,0.0,3.7755600000001417,0.07688968570401156,0.0,0.0,7.244,44.8452,calibrated:/Users/let/Documents/DO_A_PAPER_May_18/Papers/Paper_xAI_in_Cyber_2/6_Analysis_Results/xai_surfacebench/data/unsw_nb15_dedup/unsw_nb15_dedup_score_stream.csv
unsw_nb15_deduplicated_anchor,default,default,rtt_uncertainty,fifo_explanation,4,5000,0.0,0.01740135598234788,0.89641,0.9906652715056724,0.9826526034848623,0.8514002092741038,0.11324927828317032,1.6989138888887996,0.0,0.0,0.0,7.1954,0.07734159227978465,0.0,0.4136,7.2632,44.9452,calibrated:/Users/let/Documents/DO_A_PAPER_May_18/Papers/Paper_xAI_in_Cyber_2/6_Analysis_Results/xai_surfacebench/data/unsw_nb15_dedup/unsw_nb15_dedup_score_stream.csv
unsw_nb15_deduplicated_anchor,default,default,rtt_uncertainty,static_coarse_full,4,5000,0.0,0.016829640038046885,0.8721354799999983,0.40460927625433474,0.7068181575628631,0.32351898664617196,1510.3633963374891,0.6074277777778391,0.0,0.0,0.0,2.754568000000075,0.07496296821395565,0.0,0.0,7.2788,45.1414,calibrated:/Users/let/Documents/DO_A_PAPER_May_18/Papers/Paper_xAI_in_Cyber_2/6_Analysis_Results/xai_surfacebench/data/unsw_nb15_dedup/unsw_nb15_dedup_score_stream.csv
unsw_nb15_deduplicated_anchor,default,default,rtt_uncertainty,static_offload,4,5000,0.0,0.014614893437321273,0.7592785599999997,0.37216953824946125,0.6071623947058039,0.6139256801382603,1254.8283043903555,0.7075166666666954,0.33546519641626465,0.0,0.0,0.7065360000000173,0.07597208256584032,0.0,0.0,7.255,44.9516,calibrated:/Users/let/Documents/DO_A_PAPER_May_18/Papers/Paper_xAI_in_Cyber_2/6_Analysis_Results/xai_surfacebench/data/unsw_nb15_dedup/unsw_nb15_dedup_score_stream.csv
unsw_nb15_deduplicated_anchor,default,default,rtt_uncertainty,budget_only_bexgov,4,5000,0.0,0.014143519480024616,0.7332985000000001,0.34483551817956354,0.6223145190130718,0.29205073240444024,2677.4861176694717,0.37872555555558507,0.0,0.22519031522246957,0.0,2.150704000000031,0.0791645350001089,0.0,0.0,7.2774,44.957,calibrated:/Users/let/Documents/DO_A_PAPER_May_18/Papers/Paper_xAI_in_Cyber_2/6_Analysis_Results/xai_surfacebench/data/unsw_nb15_dedup/unsw_nb15_dedup_score_stream.csv
unsw_nb15_deduplicated_anchor,default,default,rtt_uncertainty,xai_gate,4,5000,0.0,0.015593028883890497,0.8067446200000007,0.6617052174152805,0.8143930507974511,0.5513849454515554,0.7645042374413652,0.661888333333328,0.01721719519238703,0.02310294562556726,0.31926070573998183,3.983175999999653,0.08046827522982292,0.0,0.0,7.2718,44.8682,calibrated:/Users/let/Documents/DO_A_PAPER_May_18/Papers/Paper_xAI_in_Cyber_2/6_Analysis_Results/xai_surfacebench/data/unsw_nb15_dedup/unsw_nb15_dedup_score_stream.csv
unsw_nb15_deduplicated_anchor,default,default,adversarial_explanation_flood,never_explain,5,5000,0.0,0.014792307692307702,0.7692,0.0,0.0,0.0,25903.833660456505,0.0,0.0,0.0,0.0,0.0,0.808954994290719,0.0,0.0,12.2302,45.0728,calibrated:/Users/let/Documents/DO_A_PAPER_May_18/Papers/Paper_xAI_in_Cyber_2/6_Analysis_Results/xai_surfacebench/data/unsw_nb15_dedup/unsw_nb15_dedup_score_stream.csv
unsw_nb15_deduplicated_anchor,default,default,adversarial_explanation_flood,always_explain,5,5000,0.0,0.019722766038433186,1.0094389999999998,1.0,1.0,0.8499999999999497,0.0,2.877391666666496,0.0,0.0,0.0,12.1866,0.80462818582046,0.0436,0.6564,12.1866,45.0198,calibrated:/Users/let/Documents/DO_A_PAPER_May_18/Papers/Paper_xAI_in_Cyber_2/6_Analysis_Results/xai_surfacebench/data/unsw_nb15_dedup/unsw_nb15_dedup_score_stream.csv
unsw_nb15_deduplicated_anchor,default,default,adversarial_explanation_flood,threshold_explain,5,5000,0.0,0.01984057873311532,1.0214278799999998,0.6322324913048537,0.8447788103303759,0.519744942113937,4281.550957356722,1.7003249999999577,0.0,0.0,0.0,7.4663039999998615,0.8083675497226559,0.0004,0.4106,12.2482,45.1538,calibrated:/Users/let/Documents/DO_A_PAPER_May_18/Papers/Paper_xAI_in_Cyber_2/6_Analysis_Results/xai_surfacebench/data/unsw_nb15_dedup/unsw_nb15_dedup_score_stream.csv
unsw_nb15_deduplicated_anchor,default,default,adversarial_explanation_flood,rate_limited,5,5000,0.0,0.02175664431128437,1.1208892400000035,0.6764216786539353,0.8303472775439363,0.7214738601176132,5736.459215390103,1.701130555555505,0.0,0.0,0.0,7.718959999999769,0.8038617660922964,0.0,0.4132,12.2074,45.1158,calibrated:/Users/let/Documents/DO_A_PAPER_May_18/Papers/Paper_xAI_in_Cyber_2/6_Analysis_Results/xai_surfacebench/data/unsw_nb15_dedup/unsw_nb15_dedup_score_stream.csv
unsw_nb15_deduplicated_anchor,default,default,adversarial_explanation_flood,fifo_explanation,5,5000,0.0,0.01923960178634812,0.9882119999999902,0.8823325749332278,0.8358451200170942,0.8676501137599659,2475.491181379479,2.527191666666537,0.0,0.0,0.0,10.7034,0.7941254769722232,0.0,0.6042,12.1308,45.076,calibrated:/Users/let/Documents/DO_A_PAPER_May_18/Papers/Paper_xAI_in_Cyber_2/6_Analysis_Results/xai_surfacebench/data/unsw_nb15_dedup/unsw_nb15_dedup_score_stream.csv
unsw_nb15_deduplicated_anchor,default,default,adversarial_explanation_flood,static_coarse_full,5,5000,0.0,0.0189068746660136,0.9733069599999999,0.6343245754148142,0.8452152469878056,0.5214175114906863,4347.816053954405,1.7087555555555152,0.0,0.0,0.0,7.504087999999882,0.8164108758467088,0.0006,0.4164,12.2708,45.0368,calibrated:/Users/let/Documents/DO_A_PAPER_May_18/Papers/Paper_xAI_in_Cyber_2/6_Analysis_Results/xai_surfacebench/data/unsw_nb15_dedup/unsw_nb15_dedup_score_stream.csv
unsw_nb15_deduplicated_anchor,default,default,adversarial_explanation_flood,static_offload,5,5000,0.0,0.01523189747001417,0.7904526400000005,0.5714200222980297,0.7174100903384562,0.8179238260756285,3820.483026374989,1.9719166666666235,0.5687139296956978,0.0,0.0,1.5621839999999478,0.8038272771500525,0.0,0.4898,12.1984,45.0834,calibrated:/Users/let/Documents/DO_A_PAPER_May_18/Papers/Paper_xAI_in_Cyber_2/6_Analysis_Results/xai_surfacebench/data/unsw_nb15_dedup/unsw_nb15_dedup_score_stream.csv
unsw_nb15_deduplicated_anchor,default,default,adversarial_explanation_flood,budget_only_bexgov,5,5000,0.0,0.017975791084708644,0.9282686000000006,0.5040521183315739,0.7145237894854619,0.4501434073588396,8293.853505153233,0.8935811111111791,0.0,0.4010653118085717,0.05005326559042858,5.330715999999937,0.8009920731554341,0.0,0.0,12.203,45.1714,calibrated:/Users/let/Documents/DO_A_PAPER_May_18/Papers/Paper_xAI_in_Cyber_2/6_Analysis_Results/xai_surfacebench/data/unsw_nb15_dedup/unsw_nb15_dedup_score_stream.csv
unsw_nb15_deduplicated_anchor,default,default,adversarial_explanation_flood,xai_gate,5,5000,0.0,0.01745609485196128,0.8995822299997064,0.6542996231151195,0.7295276460812331,0.6486449517327812,2826.723071688209,1.0,0.03289473684210526,0.1275621528696112,0.5555987172696035,6.645053999993824,0.7928087317039916,0.0002,0.0,12.0992,44.9916,calibrated:/Users/let/Documents/DO_A_PAPER_May_18/Papers/Paper_xAI_in_Cyber_2/6_Analysis_Results/xai_surfacebench/data/unsw_nb15_dedup/unsw_nb15_dedup_score_stream.csv
unsw_nb15_deduplicated_anchor,default,default,transient_overload,never_explain,5,5000,0.24551434979500292,1.022596153846169,53.175,0.0,0.0,0.0,17094.776337514282,0.0,0.0,0.0,0.0,0.0,0.20745894106275142,0.0,0.0,10.1428,56.0008,calibrated:/Users/let/Documents/DO_A_PAPER_May_18/Papers/Paper_xAI_in_Cyber_2/6_Analysis_Results/xai_surfacebench/data/unsw_nb15_dedup/unsw_nb15_dedup_score_stream.csv
unsw_nb15_deduplicated_anchor,default,default,transient_overload,always_explain,5,5000,0.25045756379881245,1.050089582290609,53.16947900000002,1.0,1.0,0.8499999999999244,0.0,2.3846277777775655,0.0,0.0,0.0,10.0996,0.20123506127731217,0.2006,0.5244,10.0996,56.0512,calibrated:/Users/let/Documents/DO_A_PAPER_May_18/Papers/Paper_xAI_in_Cyber_2/6_Analysis_Results/xai_surfacebench/data/unsw_nb15_dedup/unsw_nb15_dedup_score_stream.csv
unsw_nb15_deduplicated_anchor,default,default,transient_overload,threshold_explain,5,5000,0.24768646921250398,1.0385210423964295,53.33050840000001,0.4404460047468503,0.7346228148039718,0.3544333465189799,4871.957021631318,0.9321388888889186,0.0,0.0,0.0,4.195015999999951,0.20353013288581212,0.0086,0.0,10.112,56.013,calibrated:/Users/let/Documents/DO_A_PAPER_May_18/Papers/Paper_xAI_in_Cyber_2/6_Analysis_Results/xai_surfacebench/data/unsw_nb15_dedup/unsw_nb15_dedup_score_stream.csv
unsw_nb15_deduplicated_anchor,default,default,transient_overload,rate_limited,5,5000,0.24670149531780305,1.0353514324753448,53.30631911999996,0.48686755805215365,0.6588083691047238,0.6941196249851225,9194.40084757184,0.8916638888889487,0.0,0.0,0.0,4.3365440000000195,0.19829255517080724,0.0,0.0,10.1116,56.2556,calibrated:/Users/let/Documents/DO_A_PAPER_May_18/Papers/Paper_xAI_in_Cyber_2/6_Analysis_Results/xai_surfacebench/data/unsw_nb15_dedup/unsw_nb15_dedup_score_stream.csv
unsw_nb15_deduplicated_anchor,default,default,transient_overload,fifo_explanation,5,5000,0.2474916215840884,1.0393913381175868,53.366463999999986,0.7208776384700841,0.5431879163711532,0.8918683542294022,9685.837905778433,1.7159611111110096,0.0,0.0,0.0,7.2676,0.1968521136876551,0.0,0.4454,10.0816,56.1562,calibrated:/Users/let/Documents/DO_A_PAPER_May_18/Papers/Paper_xAI_in_Cyber_2/6_Analysis_Results/xai_surfacebench/data/unsw_nb15_dedup/unsw_nb15_dedup_score_stream.csv
unsw_nb15_deduplicated_anchor,default,default,transient_overload,static_coarse_full,5,5000,0.24662497124809962,1.037416882799995,53.27283219999997,0.43987649663444894,0.7346339406433383,0.3540317296427883,4803.175947504878,0.9276444444444838,0.0,0.0,0.0,4.173999999999953,0.19548562523663215,0.0104,0.0,10.0726,56.1702,calibrated:/Users/let/Documents/DO_A_PAPER_May_18/Papers/Paper_xAI_in_Cyber_2/6_Analysis_Results/xai_surfacebench/data/unsw_nb15_dedup/unsw_nb15_dedup_score_stream.csv
unsw_nb15_deduplicated_anchor,default,default,transient_overload,static_offload,5,5000,0.24601210507228355,1.026928157763056,53.24471592000003,0.40160726281270764,0.6289112441821141,0.549616114118644,4644.402589711588,1.085572222222175,0.3710238273995337,0.0,0.0,1.0272559999999111,0.19972219654357737,0.0,0.1656,10.1228,56.2508,calibrated:/Users/let/Documents/DO_A_PAPER_May_18/Papers/Paper_xAI_in_Cyber_2/6_Analysis_Results/xai_surfacebench/data/unsw_nb15_dedup/unsw_nb15_dedup_score_stream.csv
unsw_nb15_deduplicated_anchor,default,default,transient_overload,budget_only_bexgov,5,5000,0.24593549379744645,1.0350563015505225,53.312270640000015,0.36877429175811494,0.6424122202602868,0.3161506830358163,6744.588509954216,0.5677844444444972,0.0,0.2548880058517684,0.0,3.216692000000171,0.20242896212858885,0.0,0.0,10.1166,56.0898,calibrated:/Users/let/Documents/DO_A_PAPER_May_18/Papers/Paper_xAI_in_Cyber_2/6_Analysis_Results/xai_surfacebench/data/unsw_nb15_dedup/unsw_nb15_dedup_score_stream.csv
unsw_nb15_deduplicated_anchor,default,default,transient_overload,xai_gate,5,5000,0.2484109510199155,1.0365964247155024,53.25249189999997,0.6830912458377965,0.7451849575976018,0.7693442752153432,3060.137947856868,0.9935650000003071,0.23389750359584655,0.15402045199298564,0.5763797213957795,4.298439999999166,0.20282879129369147,0.0114,0.0,10.1506,56.2596,calibrated:/Users/let/Documents/DO_A_PAPER_May_18/Papers/Paper_xAI_in_Cyber_2/6_Analysis_Results/xai_surfacebench/data/unsw_nb15_dedup/unsw_nb15_dedup_score_stream.csv
unsw_nb15_deduplicated_anchor,default,default,non_markovian,never_explain,5,5000,0.13438393654443373,1.2209923076923195,63.4916,0.0,0.0,0.0,14936.993484495786,0.0,0.0,0.0,0.0,0.0,0.12478895745888585,0.0,0.0,9.3336,55.3206,calibrated:/Users/let/Documents/DO_A_PAPER_May_18/Papers/Paper_xAI_in_Cyber_2/6_Analysis_Results/xai_surfacebench/data/unsw_nb15_dedup/unsw_nb15_dedup_score_stream.csv
unsw_nb15_deduplicated_anchor,default,default,non_markovian,always_explain,5,5000,0.14518354917088777,1.3768851669420532,70.44138299999992,1.0,1.0,0.849999999999929,0.0,2.230730555555369,0.0,0.0,0.0,9.4478,0.13698915336561024,0.097,0.5514,9.4478,55.3966,calibrated:/Users/let/Documents/DO_A_PAPER_May_18/Papers/Paper_xAI_in_Cyber_2/6_Analysis_Results/xai_surfacebench/data/unsw_nb15_dedup/unsw_nb15_dedup_score_stream.csv
unsw_nb15_deduplicated_anchor,default,default,non_markovian,threshold_explain,5,5000,0.13933728624184688,1.2367602004351288,63.81910980000002,0.4205827307528841,0.7201168596194485,0.33742024670354986,4224.883232614877,0.8220500000000794,0.0,0.0,0.0,3.712944000000065,0.13714137845138596,0.0154,0.0,9.404,55.1324,calibrated:/Users/let/Documents/DO_A_PAPER_May_18/Papers/Paper_xAI_in_Cyber_2/6_Analysis_Results/xai_surfacebench/data/unsw_nb15_dedup/unsw_nb15_dedup_score_stream.csv
unsw_nb15_deduplicated_anchor,default,default,non_markovian,rate_limited,5,5000,0.1391861566814923,1.3318937874394923,68.80246208,0.5400126003758937,0.6804870482637142,0.5843509738595407,4644.626765187844,0.8337111111111949,0.0,0.0,0.0,4.2765040000000925,0.13248343866319434,0.0,0.0,9.3648,55.1284,calibrated:/Users/let/Documents/DO_A_PAPER_May_18/Papers/Paper_xAI_in_Cyber_2/6_Analysis_Results/xai_surfacebench/data/unsw_nb15_dedup/unsw_nb15_dedup_score_stream.csv
unsw_nb15_deduplicated_anchor,default,default,non_markovian,fifo_explanation,5,5000,0.13575620345140832,1.2777018452556923,65.75913700000012,0.8263274808834209,0.7034910891668821,0.8760508778674095,1771.1096134350776,1.8268861111110204,0.0,0.0,0.0,7.7374,0.13395095367847332,0.0,0.4516,9.3636,55.05,calibrated:/Users/let/Documents/DO_A_PAPER_May_18/Papers/Paper_xAI_in_Cyber_2/6_Analysis_Results/xai_surfacebench/data/unsw_nb15_dedup/unsw_nb15_dedup_score_stream.csv
unsw_nb15_deduplicated_anchor,default,default,non_markovian,static_coarse_full,5,5000,0.13788233528691501,1.2369398068801087,63.82472763999982,0.4234207046579195,0.7235349551532653,0.3401179406244886,4153.394962272178,0.8276111111111925,0.0,0.0,0.0,3.732568000000064,0.1357660449844562,0.0154,0.0,9.3776,55.0442,calibrated:/Users/let/Documents/DO_A_PAPER_May_18/Papers/Paper_xAI_in_Cyber_2/6_Analysis_Results/xai_surfacebench/data/unsw_nb15_dedup/unsw_nb15_dedup_score_stream.csv
unsw_nb15_deduplicated_anchor,default,default,non_markovian,static_offload,5,5000,0.13740509106963836,1.2346595450382232,64.0858393600001,0.38862938970337235,0.6190496747757653,0.5280344357313375,4003.9499506454094,0.9649333333333565,0.3546922945789294,0.0,0.0,0.9379679999999871,0.1321851767410802,0.0,0.0,9.3856,55.2654,calibrated:/Users/let/Documents/DO_A_PAPER_May_18/Papers/Paper_xAI_in_Cyber_2/6_Analysis_Results/xai_surfacebench/data/unsw_nb15_dedup/unsw_nb15_dedup_score_stream.csv
unsw_nb15_deduplicated_anchor,default,default,non_markovian,budget_only_bexgov,5,5000,0.13791189253302566,1.2176393645305974,62.95339113999987,0.3500034074452667,0.6272894179502037,0.29905443393816755,5966.973067485416,0.49890666666671407,0.0,0.23837209302325582,0.0,2.8290360000001136,0.13546178008952325,0.0002,0.0,9.3912,55.1388,calibrated:/Users/let/Documents/DO_A_PAPER_May_18/Papers/Paper_xAI_in_Cyber_2/6_Analysis_Results/xai_surfacebench/data/unsw_nb15_dedup/unsw_nb15_dedup_score_stream.csv
unsw_nb15_deduplicated_anchor,default,default,non_markovian,xai_gate,5,5000,0.13700880446270008,1.3262918276702655,68.60324023999992,0.6636583163101231,0.7706375572554877,0.7180445113428736,279.71143701106456,0.9069838888888742,0.20894527470164498,0.1454467261584776,0.4668315234920976,3.9114799999998375,0.12596498746439688,0.005,0.0,9.301,55.0698,calibrated:/Users/let/Documents/DO_A_PAPER_May_18/Papers/Paper_xAI_in_Cyber_2/6_Analysis_Results/xai_surfacebench/data/unsw_nb15_dedup/unsw_nb15_dedup_score_stream.csv
unsw_nb15_deduplicated_anchor,default,default,rtt_uncertainty,never_explain,5,5000,0.0,0.013146153846153837,0.6836,0.0,0.0,0.0,9585.394635786846,0.0,0.0,0.0,0.0,0.0,0.07400090087277755,0.0,0.0,7.2246,44.8454,calibrated:/Users/let/Documents/DO_A_PAPER_May_18/Papers/Paper_xAI_in_Cyber_2/6_Analysis_Results/xai_surfacebench/data/unsw_nb15_dedup/unsw_nb15_dedup_score_stream.csv
unsw_nb15_deduplicated_anchor,default,default,rtt_uncertainty,always_explain,5,5000,0.0,0.017513731984659782,0.9020620000000008,1.0,1.0,0.8499999999999517,0.0,1.7200222222221244,0.0,0.0,0.0,7.2848,0.07949350581994286,0.0002,0.4224,7.2848,44.989,calibrated:/Users/let/Documents/DO_A_PAPER_May_18/Papers/Paper_xAI_in_Cyber_2/6_Analysis_Results/xai_surfacebench/data/unsw_nb15_dedup/unsw_nb15_dedup_score_stream.csv
unsw_nb15_deduplicated_anchor,default,default,rtt_uncertainty,threshold_explain,5,5000,0.0,0.015490294050173836,0.8025273599999999,0.40208241455347943,0.703612698593722,0.32110253583243664,1463.25076496951,0.6000416666667272,0.0,0.0,0.0,2.725104000000069,0.07746267637214554,0.0,0.0,7.256,44.8956,calibrated:/Users/let/Documents/DO_A_PAPER_May_18/Papers/Paper_xAI_in_Cyber_2/6_Analysis_Results/xai_surfacebench/data/unsw_nb15_dedup/unsw_nb15_dedup_score_stream.csv
unsw_nb15_deduplicated_anchor,default,default,rtt_uncertainty,rate_limited,5,5000,0.0,0.016017946332977307,0.8285561600000004,0.6362077929185372,0.7663843592128025,0.45313577409295563,1.1446283322885271,0.7185750000000803,0.0,0.0,0.0,3.8282880000001236,0.0838126504121488,0.0,0.0,7.3092,44.9598,calibrated:/Users/let/Documents/DO_A_PAPER_May_18/Papers/Paper_xAI_in_Cyber_2/6_Analysis_Results/xai_surfacebench/data/unsw_nb15_dedup/unsw_nb15_dedup_score_stream.csv
unsw_nb15_deduplicated_anchor,default,default,rtt_uncertainty,fifo_explanation,5,5000,0.0,0.019315988850204826,0.9951849999999993,0.9913894754161297,0.9838972018055995,0.8512915786875331,0.12249937161403902,1.7072249999999052,0.0,0.0,0.0,7.2306,0.08047969304385605,0.0,0.416,7.2934,45.001,calibrated:/Users/let/Documents/DO_A_PAPER_May_18/Papers/Paper_xAI_in_Cyber_2/6_Analysis_Results/xai_surfacebench/data/unsw_nb15_dedup/unsw_nb15_dedup_score_stream.csv
unsw_nb15_deduplicated_anchor,default,default,rtt_uncertainty,static_coarse_full,5,5000,0.0,0.01640737897024009,0.8499249599999992,0.40477219865919445,0.7055150571420851,0.3233465590368251,1515.7959342720474,0.6088833333333913,0.0,0.0,0.0,2.7642720000000782,0.08082609480038094,0.0,0.0,7.309,45.0828,calibrated:/Users/let/Documents/DO_A_PAPER_May_18/Papers/Paper_xAI_in_Cyber_2/6_Analysis_Results/xai_surfacebench/data/unsw_nb15_dedup/unsw_nb15_dedup_score_stream.csv
unsw_nb15_deduplicated_anchor,default,default,rtt_uncertainty,static_offload,5,5000,0.0,0.015126965814462438,0.7858780800000003,0.3678065777875512,0.605823720035436,0.6075970511753018,1244.7967512132172,0.7011166666666954,0.33236007051564564,0.0,0.0,0.6964080000000127,0.07716774668280513,0.0,0.0,7.2608,44.9376,calibrated:/Users/let/Documents/DO_A_PAPER_May_18/Papers/Paper_xAI_in_Cyber_2/6_Analysis_Results/xai_surfacebench/data/unsw_nb15_dedup/unsw_nb15_dedup_score_stream.csv
unsw_nb15_deduplicated_anchor,default,default,rtt_uncertainty,budget_only_bexgov,5,5000,0.0,0.015851921542424263,0.8218861400000002,0.34210071154898225,0.621277154451006,0.29017104542967637,2742.2371486609322,0.37638722222225335,0.0,0.2264094143404488,0.0,2.142036000000028,0.08411697426334785,0.0,0.0,7.308,44.9398,calibrated:/Users/let/Documents/DO_A_PAPER_May_18/Papers/Paper_xAI_in_Cyber_2/6_Analysis_Results/xai_surfacebench/data/unsw_nb15_dedup/unsw_nb15_dedup_score_stream.csv
unsw_nb15_deduplicated_anchor,default,default,rtt_uncertainty,xai_gate,5,5000,0.0,0.014750460827624457,0.7631597200000011,0.6605454394280117,0.813334264288624,0.5493087318907953,0.8198388388962834,0.6581405555555511,0.0180150217566032,0.02361353621019373,0.30874975749009176,3.93688799999966,0.07193946443134291,0.0,0.0,7.2162,44.8794,calibrated:/Users/let/Documents/DO_A_PAPER_May_18/Papers/Paper_xAI_in_Cyber_2/6_Analysis_Results/xai_surfacebench/data/unsw_nb15_dedup/unsw_nb15_dedup_score_stream.csv
unsw_nb15_deduplicated_anchor,default,default,adversarial_explanation_flood,never_explain,6,5000,0.0,0.014026923076923091,0.7294,0.0,0.0,0.0,25801.563971548694,0.0,0.0,0.0,0.0,0.0,0.8048047514047938,0.0,0.0,12.1794,44.9888,calibrated:/Users/let/Documents/DO_A_PAPER_May_18/Papers/Paper_xAI_in_Cyber_2/6_Analysis_Results/xai_surfacebench/data/unsw_nb15_dedup/unsw_nb15_dedup_score_stream.csv
unsw_nb15_deduplicated_anchor,default,default,adversarial_explanation_flood,always_explain,6,5000,0.0,0.020488228780517998,1.048693000000001,1.0,1.0,0.8499999999999528,0.0,2.8795166666665066,0.0,0.0,0.0,12.1956,0.8047582897149392,0.0416,0.6538,12.1956,45.0498,calibrated:/Users/let/Documents/DO_A_PAPER_May_18/Papers/Paper_xAI_in_Cyber_2/6_Analysis_Results/xai_surfacebench/data/unsw_nb15_dedup/unsw_nb15_dedup_score_stream.csv
unsw_nb15_deduplicated_anchor,default,default,adversarial_explanation_flood,threshold_explain,6,5000,0.0,0.01679092464363435,0.8646185999999992,0.6302419354838795,0.844848784781618,0.5182817643186242,4362.837942035743,1.6829055555555184,0.0,0.0,0.0,7.387039999999882,0.7975480450629557,0.0002,0.4056,12.152,45.0688,calibrated:/Users/let/Documents/DO_A_PAPER_May_18/Papers/Paper_xAI_in_Cyber_2/6_Analysis_Results/xai_surfacebench/data/unsw_nb15_dedup/unsw_nb15_dedup_score_stream.csv
unsw_nb15_deduplicated_anchor,default,default,adversarial_explanation_flood,rate_limited,6,5000,0.0,0.018151494221604406,0.9351543200000003,0.6768683420054832,0.8302472376850977,0.7199776767394728,5424.666508423301,1.697236111111052,0.0,0.0,0.0,7.705647999999754,0.8009157850240474,0.0,0.4066,12.1846,45.1052,calibrated:/Users/let/Documents/DO_A_PAPER_May_18/Papers/Paper_xAI_in_Cyber_2/6_Analysis_Results/xai_surfacebench/data/unsw_nb15_dedup/unsw_nb15_dedup_score_stream.csv
unsw_nb15_deduplicated_anchor,default,default,adversarial_explanation_flood,fifo_explanation,6,5000,0.0,0.02052055444622969,1.0539009999999895,0.8806592468564299,0.8333542789782811,0.8679011129714854,2619.2249269147337,2.5333777777776287,0.0,0.0,0.0,10.7296,0.8011353556856491,0.0,0.6042,12.1836,45.096,calibrated:/Users/let/Documents/DO_A_PAPER_May_18/Papers/Paper_xAI_in_Cyber_2/6_Analysis_Results/xai_surfacebench/data/unsw_nb15_dedup/unsw_nb15_dedup_score_stream.csv
unsw_nb15_deduplicated_anchor,default,default,adversarial_explanation_flood,static_coarse_full,6,5000,0.0,0.01649570635379516,0.8494246000000012,0.6313505965561774,0.8442853132989435,0.5189584228442928,4216.490805743342,1.6773555555555115,0.0,0.0,0.0,7.36642399999989,0.7976813789927915,0.0004,0.406,12.1028,44.883,calibrated:/Users/let/Documents/DO_A_PAPER_May_18/Papers/Paper_xAI_in_Cyber_2/6_Analysis_Results/xai_surfacebench/data/unsw_nb15_dedup/unsw_nb15_dedup_score_stream.csv
unsw_nb15_deduplicated_anchor,default,default,adversarial_explanation_flood,static_offload,6,5000,0.0,0.014947617416724077,0.7756817999999995,0.5733870967742155,0.7178778145100315,0.8206415478615857,3805.3368573056214,1.9748999999999537,0.5705604099599237,0.0,0.0,1.5653279999999403,0.8052621357208156,0.0,0.4928,12.1768,44.9678,calibrated:/Users/let/Documents/DO_A_PAPER_May_18/Papers/Paper_xAI_in_Cyber_2/6_Analysis_Results/xai_surfacebench/data/unsw_nb15_dedup/unsw_nb15_dedup_score_stream.csv
unsw_nb15_deduplicated_anchor,default,default,adversarial_explanation_flood,budget_only_bexgov,6,5000,0.0,0.018190846926767715,0.9393487000000005,0.5030226049161318,0.7148795688632396,0.4490681440260698,8236.381222557866,0.8918761111111876,0.0,0.40425426826256605,0.04357990747295807,5.2979159999999474,0.7988745742632857,0.0,0.0,12.1478,45.02,calibrated:/Users/let/Documents/DO_A_PAPER_May_18/Papers/Paper_xAI_in_Cyber_2/6_Analysis_Results/xai_surfacebench/data/unsw_nb15_dedup/unsw_nb15_dedup_score_stream.csv
unsw_nb15_deduplicated_anchor,default,default,adversarial_explanation_flood,xai_gate,6,5000,0.0,0.01685486947193811,0.8688489600000004,0.6494548986177522,0.7250015831572448,0.6457909338276816,2944.263699022169,1.0,0.03337321946661859,0.12816562033864967,0.549596767583132,6.639918999994069,0.8052799860328823,0.0,0.0,12.2014,45.0582,calibrated:/Users/let/Documents/DO_A_PAPER_May_18/Papers/Paper_xAI_in_Cyber_2/6_Analysis_Results/xai_surfacebench/data/unsw_nb15_dedup/unsw_nb15_dedup_score_stream.csv
unsw_nb15_deduplicated_anchor,default,default,transient_overload,never_explain,6,5000,0.24383864550385712,1.0260846153846308,53.3564,0.0,0.0,0.0,17126.280897636556,0.0,0.0,0.0,0.0,0.0,0.2056027059390404,0.0,0.0,10.1084,55.8968,calibrated:/Users/let/Documents/DO_A_PAPER_May_18/Papers/Paper_xAI_in_Cyber_2/6_Analysis_Results/xai_surfacebench/data/unsw_nb15_dedup/unsw_nb15_dedup_score_stream.csv
unsw_nb15_deduplicated_anchor,default,default,transient_overload,always_explain,6,5000,0.250443160369785,1.052888713728604,53.319498000000024,1.0,1.0,0.8499999999999163,0.0,2.3897277777775425,0.0,0.0,0.0,10.1212,0.20373971382459533,0.197,0.5268,10.1212,56.0542,calibrated:/Users/let/Documents/DO_A_PAPER_May_18/Papers/Paper_xAI_in_Cyber_2/6_Analysis_Results/xai_surfacebench/data/unsw_nb15_dedup/unsw_nb15_dedup_score_stream.csv
unsw_nb15_deduplicated_anchor,default,default,transient_overload,threshold_explain,6,5000,0.24892460421904802,1.0392445997926962,53.35956475999999,0.43989951935440785,0.7358672692084751,0.3543109757303554,4899.6005675006745,0.932827777777811,0.0,0.0,0.0,4.193679999999945,0.20204235691316685,0.0112,0.0,10.1114,56.079,calibrated:/Users/let/Documents/DO_A_PAPER_May_18/Papers/Paper_xAI_in_Cyber_2/6_Analysis_Results/xai_surfacebench/data/unsw_nb15_dedup/unsw_nb15_dedup_score_stream.csv
unsw_nb15_deduplicated_anchor,default,default,transient_overload,rate_limited,6,5000,0.2470234952161833,1.0337798655099266,53.23031707999996,0.48578148258411785,0.6618794427277327,0.6922774635307681,9100.174473085674,0.8837055555556177,0.0,0.0,0.0,4.305728000000003,0.19648925332516742,0.0,0.0,10.077,56.1476,calibrated:/Users/let/Documents/DO_A_PAPER_May_18/Papers/Paper_xAI_in_Cyber_2/6_Analysis_Results/xai_surfacebench/data/unsw_nb15_dedup/unsw_nb15_dedup_score_stream.csv
unsw_nb15_deduplicated_anchor,default,default,transient_overload,fifo_explanation,6,5000,0.24558733701398555,1.0394947306116717,53.371671,0.7178541128188939,0.5406600224071121,0.8923218830770788,9870.504892040704,1.718086111111014,0.0,0.0,0.0,7.2766,0.20274755068599748,0.0,0.442,10.1366,56.1858,calibrated:/Users/let/Documents/DO_A_PAPER_May_18/Papers/Paper_xAI_in_Cyber_2/6_Analysis_Results/xai_surfacebench/data/unsw_nb15_dedup/unsw_nb15_dedup_score_stream.csv
unsw_nb15_deduplicated_anchor,default,default,transient_overload,static_coarse_full,6,5000,0.24794740774038845,1.0398910205012408,53.39360707999997,0.44181130880520836,0.735019568969281,0.35547331129889986,4861.7149971296485,0.9340666666666897,0.0,0.0,0.0,4.204511999999945,0.2017533845173185,0.0086,0.0,10.1054,56.0592,calibrated:/Users/let/Documents/DO_A_PAPER_May_18/Papers/Paper_xAI_in_Cyber_2/6_Analysis_Results/xai_surfacebench/data/unsw_nb15_dedup/unsw_nb15_dedup_score_stream.csv
unsw_nb15_deduplicated_anchor,default,default,transient_overload,static_offload,6,5000,0.24544601071991892,1.0269252860278855,53.24322460000006,0.40153078400702064,0.6271746859006745,0.5477858090579846,4657.591920269014,1.0784555555555126,0.3689922173594471,0.0,0.0,1.0326079999999087,0.20133987091371575,0.0,0.1578,10.0994,56.0452,calibrated:/Users/let/Documents/DO_A_PAPER_May_18/Papers/Paper_xAI_in_Cyber_2/6_Analysis_Results/xai_surfacebench/data/unsw_nb15_dedup/unsw_nb15_dedup_score_stream.csv
unsw_nb15_deduplicated_anchor,default,default,transient_overload,budget_only_bexgov,6,5000,0.24839205769874442,1.036452123779571,53.38375629999999,0.3673740157480463,0.6401119921113728,0.31501673228347826,6878.063080454605,0.5651138888889441,0.0,0.25649606299212596,0.0,3.2135200000001682,0.20591467916259765,0.0002,0.0,10.16,56.1676,calibrated:/Users/let/Documents/DO_A_PAPER_May_18/Papers/Paper_xAI_in_Cyber_2/6_Analysis_Results/xai_surfacebench/data/unsw_nb15_dedup/unsw_nb15_dedup_score_stream.csv
unsw_nb15_deduplicated_anchor,default,default,transient_overload,xai_gate,6,5000,0.25132135474547945,1.0357936596525612,53.21392398,0.6830673164188453,0.7445435766107936,0.7707053229689549,3067.021089150149,0.9931877777780844,0.23584421733812097,0.15327703902458273,0.5779505188809533,4.278843999999193,0.19975240874806421,0.0122,0.0,10.1372,56.3294,calibrated:/Users/let/Documents/DO_A_PAPER_May_18/Papers/Paper_xAI_in_Cyber_2/6_Analysis_Results/xai_surfacebench/data/unsw_nb15_dedup/unsw_nb15_dedup_score_stream.csv
unsw_nb15_deduplicated_anchor,default,default,non_markovian,never_explain,6,5000,0.13622839228435826,1.2012230769230907,62.4636,0.0,0.0,0.0,15264.213772132716,0.0,0.0,0.0,0.0,0.0,0.1321402826359397,0.0,0.0,9.3604,55.1192,calibrated:/Users/let/Documents/DO_A_PAPER_May_18/Papers/Paper_xAI_in_Cyber_2/6_Analysis_Results/xai_surfacebench/data/unsw_nb15_dedup/unsw_nb15_dedup_score_stream.csv
unsw_nb15_deduplicated_anchor,default,default,non_markovian,always_explain,6,5000,0.13913793355079287,1.2445116049729523,63.64913399999998,1.0,1.0,0.8499999999999329,0.0,2.17987222222205,0.0,0.0,0.0,9.2324,0.12285976293507117,0.0962,0.5414,9.2324,54.8148,calibrated:/Users/let/Documents/DO_A_PAPER_May_18/Papers/Paper_xAI_in_Cyber_2/6_Analysis_Results/xai_surfacebench/data/unsw_nb15_dedup/unsw_nb15_dedup_score_stream.csv
unsw_nb15_deduplicated_anchor,default,default,non_markovian,threshold_explain,6,5000,0.13849886937538716,1.2745939351159825,65.78367192000002,0.42101858990834723,0.7204624637807492,0.33778591621693177,4091.0527625700115,0.8172500000000816,0.0,0.0,0.0,3.6910560000000645,0.1269318909995365,0.0154,0.0,9.3384,55.2438,calibrated:/Users/let/Documents/DO_A_PAPER_May_18/Papers/Paper_xAI_in_Cyber_2/6_Analysis_Results/xai_surfacebench/data/unsw_nb15_dedup/unsw_nb15_dedup_score_stream.csv
unsw_nb15_deduplicated_anchor,default,default,non_markovian,rate_limited,6,5000,0.1384152348748928,1.290510247470738,66.65907672000014,0.5416613574583917,0.6850251887566621,0.5848783129459575,4373.310139351804,0.8429166666667464,0.0,0.0,0.0,4.317960000000102,0.1316388070785126,0.0,0.0,9.4176,55.4806,calibrated:/Users/let/Documents/DO_A_PAPER_May_18/Papers/Paper_xAI_in_Cyber_2/6_Analysis_Results/xai_surfacebench/data/unsw_nb15_dedup/unsw_nb15_dedup_score_stream.csv
unsw_nb15_deduplicated_anchor,default,default,non_markovian,fifo_explanation,6,5000,0.1363977036747779,1.2553686811796234,64.61246799999994,0.8268902847028858,0.7032181742191651,0.8759664572944855,1584.9834294288821,1.8090361111110045,0.0,0.0,0.0,7.6618,0.12721393561384065,0.0,0.4482,9.2658,54.8006,calibrated:/Users/let/Documents/DO_A_PAPER_May_18/Papers/Paper_xAI_in_Cyber_2/6_Analysis_Results/xai_surfacebench/data/unsw_nb15_dedup/unsw_nb15_dedup_score_stream.csv
unsw_nb15_deduplicated_anchor,default,default,non_markovian,static_coarse_full,6,5000,0.1388722538369945,1.219492578337227,62.92782123999997,0.41930277598451865,0.7174421770974518,0.3359350118356142,4067.0307873899274,0.8074388888889688,0.0,0.0,0.0,3.6528800000000743,0.13155722436098571,0.0182,0.0,9.294,54.7564,calibrated:/Users/let/Documents/DO_A_PAPER_May_18/Papers/Paper_xAI_in_Cyber_2/6_Analysis_Results/xai_surfacebench/data/unsw_nb15_dedup/unsw_nb15_dedup_score_stream.csv
unsw_nb15_deduplicated_anchor,default,default,non_markovian,static_offload,6,5000,0.13532004939168332,1.269251030908767,65.88563736000009,0.38409863579635195,0.6168857290138924,0.5218255368593196,3825.8369343707996,0.9443333333333604,0.3504970521151612,0.0,0.0,0.9182879999999912,0.1252103383572416,0.0,0.0,9.2948,55.07,calibrated:/Users/let/Documents/DO_A_PAPER_May_18/Papers/Paper_xAI_in_Cyber_2/6_Analysis_Results/xai_surfacebench/data/unsw_nb15_dedup/unsw_nb15_dedup_score_stream.csv
unsw_nb15_deduplicated_anchor,default,default,non_markovian,budget_only_bexgov,6,5000,0.13911414449628037,1.3333243246149233,68.95481174000003,0.35120941939336836,0.6277446828474494,0.3005599163858337,5943.305216189356,0.49608055555559943,0.0,0.24433684569770914,0.0,2.8292440000001053,0.12594940888977124,0.0,0.0,9.3764,55.517,calibrated:/Users/let/Documents/DO_A_PAPER_May_18/Papers/Paper_xAI_in_Cyber_2/6_Analysis_Results/xai_surfacebench/data/unsw_nb15_dedup/unsw_nb15_dedup_score_stream.csv
unsw_nb15_deduplicated_anchor,default,default,non_markovian,xai_gate,6,5000,0.13478059837964643,1.2605031371368078,65.19876576000004,0.6634095024575758,0.7719250352073421,0.7167360093127542,266.80065385516133,0.9056338888888777,0.20705785979132535,0.14607226006725876,0.46464602914546865,3.9157279999998638,0.1265731174804856,0.0042,0.0,9.2776,54.9016,calibrated:/Users/let/Documents/DO_A_PAPER_May_18/Papers/Paper_xAI_in_Cyber_2/6_Analysis_Results/xai_surfacebench/data/unsw_nb15_dedup/unsw_nb15_dedup_score_stream.csv
unsw_nb15_deduplicated_anchor,default,default,rtt_uncertainty,never_explain,6,5000,0.0,0.01589615384615385,0.8266,0.0,0.0,0.0,9816.971559612255,0.0,0.0,0.0,0.0,0.0,0.08572553092951929,0.0,0.0,7.3378,45.0562,calibrated:/Users/let/Documents/DO_A_PAPER_May_18/Papers/Paper_xAI_in_Cyber_2/6_Analysis_Results/xai_surfacebench/data/unsw_nb15_dedup/unsw_nb15_dedup_score_stream.csv
unsw_nb15_deduplicated_anchor,default,default,rtt_uncertainty,always_explain,6,5000,0.0,0.016020248538312184,0.8251960000000014,1.0,1.0,0.8499999999999512,0.0,1.7099638888887907,0.0,0.0,0.0,7.2422,0.07449444370261338,0.0002,0.4184,7.2422,44.934,calibrated:/Users/let/Documents/DO_A_PAPER_May_18/Papers/Paper_xAI_in_Cyber_2/6_Analysis_Results/xai_surfacebench/data/unsw_nb15_dedup/unsw_nb15_dedup_score_stream.csv
unsw_nb15_deduplicated_anchor,default,default,rtt_uncertainty,threshold_explain,6,5000,0.0,0.015140763379527269,0.7845202399999994,0.4051400193130162,0.7082665528931902,0.3242116153952489,1406.97451333926,0.6068861111111733,0.0,0.0,0.0,2.749384000000065,0.06995994107766501,0.0,0.0,7.249,45.1668,calibrated:/Users/let/Documents/DO_A_PAPER_May_18/Papers/Paper_xAI_in_Cyber_2/6_Analysis_Results/xai_surfacebench/data/unsw_nb15_dedup/unsw_nb15_dedup_score_stream.csv
unsw_nb15_deduplicated_anchor,default,default,rtt_uncertainty,rate_limited,6,5000,0.0,0.017468689438477656,0.9037746799999997,0.6357998359311159,0.7659822071652554,0.4526907301066744,0.9627195681044801,0.7179166666667474,0.0,0.0,0.0,3.826896000000127,0.08193985869989495,0.0,0.0,7.314,45.0672,calibrated:/Users/let/Documents/DO_A_PAPER_May_18/Papers/Paper_xAI_in_Cyber_2/6_Analysis_Results/xai_surfacebench/data/unsw_nb15_dedup/unsw_nb15_dedup_score_stream.csv
unsw_nb15_deduplicated_anchor,default,default,rtt_uncertainty,fifo_explanation,6,5000,0.0,0.018901710945274337,0.9737929999999977,0.9910564407386004,0.9832412985769725,0.8513415338891617,0.1103954539253556,1.700661111111016,0.0,0.0,0.0,7.2028,0.07806228250518377,0.0,0.4096,7.2678,44.9436,calibrated:/Users/let/Documents/DO_A_PAPER_May_18/Papers/Paper_xAI_in_Cyber_2/6_Analysis_Results/xai_surfacebench/data/unsw_nb15_dedup/unsw_nb15_dedup_score_stream.csv
unsw_nb15_deduplicated_anchor,default,default,rtt_uncertainty,static_coarse_full,6,5000,0.0,0.017127262636451212,0.8872991999999996,0.4051839140904011,0.7068326391145755,0.3239212864299568,1327.948888178965,0.6036500000000603,0.0,0.0,0.0,2.7380160000000684,0.07110035988924701,0.0,0.0,7.2262,44.9768,calibrated:/Users/let/Documents/DO_A_PAPER_May_18/Papers/Paper_xAI_in_Cyber_2/6_Analysis_Results/xai_surfacebench/data/unsw_nb15_dedup/unsw_nb15_dedup_score_stream.csv
unsw_nb15_deduplicated_anchor,default,default,rtt_uncertainty,static_offload,6,5000,0.0,0.013599209572455018,0.7064986799999994,0.3695596822848714,0.606467756751273,0.6104532069155106,1235.6407218357979,0.7008111111111388,0.33373924113691084,0.0,0.0,0.6970240000000184,0.07077397224753468,0.0,0.0,7.2266,44.993,calibrated:/Users/let/Documents/DO_A_PAPER_May_18/Papers/Paper_xAI_in_Cyber_2/6_Analysis_Results/xai_surfacebench/data/unsw_nb15_dedup/unsw_nb15_dedup_score_stream.csv
unsw_nb15_deduplicated_anchor,default,default,rtt_uncertainty,budget_only_bexgov,6,5000,0.0,0.016012675644616486,0.8303327400000006,0.34132016660689835,0.6220034500849221,0.28976912255538456,2672.53733325623,0.37383111111114337,0.0,0.22574683474471077,0.0,2.1230080000000378,0.07620536158250091,0.0,0.0,7.2506,44.9146,calibrated:/Users/let/Documents/DO_A_PAPER_May_18/Papers/Paper_xAI_in_Cyber_2/6_Analysis_Results/xai_surfacebench/data/unsw_nb15_dedup/unsw_nb15_dedup_score_stream.csv
unsw_nb15_deduplicated_anchor,default,default,rtt_uncertainty,xai_gate,6,5000,0.0,0.014938324778212402,0.7727915400000009,0.6597891417604119,0.8125535310309943,0.5492423038068616,0.7609260561150251,0.6608133333333267,0.01795996709624349,0.02273101179051275,0.31508088840142584,3.9729359999996543,0.08059739524768172,0.0,0.0,7.294,44.9998,calibrated:/Users/let/Documents/DO_A_PAPER_May_18/Papers/Paper_xAI_in_Cyber_2/6_Analysis_Results/xai_surfacebench/data/unsw_nb15_dedup/unsw_nb15_dedup_score_stream.csv
unsw_nb15_deduplicated_anchor,default,default,adversarial_explanation_flood,never_explain,7,5000,0.0,0.013696153846153834,0.7122,0.0,0.0,0.0,26009.68325559875,0.0,0.0,0.0,0.0,0.0,0.8107697889133278,0.0,0.0,12.2284,45.021,calibrated:/Users/let/Documents/DO_A_PAPER_May_18/Papers/Paper_xAI_in_Cyber_2/6_Analysis_Results/xai_surfacebench/data/unsw_nb15_dedup/unsw_nb15_dedup_score_stream.csv
unsw_nb15_deduplicated_anchor,default,default,adversarial_explanation_flood,always_explain,7,5000,0.0,0.019126278000025313,0.9786690000000008,1.0,1.0,0.8499999999999496,0.0,2.855008333333164,0.0,0.0,0.0,12.0918,0.7981708677225041,0.042,0.6488,12.0918,44.83,calibrated:/Users/let/Documents/DO_A_PAPER_May_18/Papers/Paper_xAI_in_Cyber_2/6_Analysis_Results/xai_surfacebench/data/unsw_nb15_dedup/unsw_nb15_dedup_score_stream.csv
unsw_nb15_deduplicated_anchor,default,default,adversarial_explanation_flood,threshold_explain,7,5000,0.0,0.017249634371417865,0.8884151199999999,0.6307996832937534,0.8446256129309228,0.5186337094220046,4278.446148030656,1.6798583333332866,0.0,0.0,0.0,7.375367999999858,0.7995218016590007,0.0,0.4022,12.1248,44.9186,calibrated:/Users/let/Documents/DO_A_PAPER_May_18/Papers/Paper_xAI_in_Cyber_2/6_Analysis_Results/xai_surfacebench/data/unsw_nb15_dedup/unsw_nb15_dedup_score_stream.csv
unsw_nb15_deduplicated_anchor,default,default,adversarial_explanation_flood,rate_limited,7,5000,0.0,0.018584384086301534,0.9573510000000024,0.6794067252088271,0.8301906974194689,0.7189548083101073,5672.213613553529,1.6973194444443922,0.0,0.0,0.0,7.705935999999752,0.8030695285497651,0.0,0.414,12.1394,44.8842,calibrated:/Users/let/Documents/DO_A_PAPER_May_18/Papers/Paper_xAI_in_Cyber_2/6_Analysis_Results/xai_surfacebench/data/unsw_nb15_dedup/unsw_nb15_dedup_score_stream.csv
unsw_nb15_deduplicated_anchor,default,default,adversarial_explanation_flood,fifo_explanation,7,5000,0.0,0.016832576305757727,0.8644789999999947,0.8826035972054768,0.8356357182225599,0.8676094604191278,2431.7780489173183,2.5235083333332047,0.0,0.0,0.0,10.6878,0.7988140014379328,0.0,0.6046,12.1094,44.8792,calibrated:/Users/let/Documents/DO_A_PAPER_May_18/Papers/Paper_xAI_in_Cyber_2/6_Analysis_Results/xai_surfacebench/data/unsw_nb15_dedup/unsw_nb15_dedup_score_stream.csv
unsw_nb15_deduplicated_anchor,default,default,adversarial_explanation_flood,static_coarse_full,7,5000,0.0,0.016866361093668018,0.8684559999999996,0.6314459572651052,0.8445900637783914,0.5191173813786155,4232.037675338787,1.6885305555555248,0.0,0.0,0.0,7.414207999999868,0.801209345805453,0.0004,0.4078,12.1774,45.0712,calibrated:/Users/let/Documents/DO_A_PAPER_May_18/Papers/Paper_xAI_in_Cyber_2/6_Analysis_Results/xai_surfacebench/data/unsw_nb15_dedup/unsw_nb15_dedup_score_stream.csv
unsw_nb15_deduplicated_anchor,default,default,adversarial_explanation_flood,static_offload,7,5000,0.0,0.014919531244261939,0.7742090799999973,0.573797674189437,0.718437700956124,0.8217678459972512,3796.302990549434,1.9779055555555154,0.5715810912913505,0.0,0.0,1.5634159999999464,0.8020769971895241,0.0,0.492,12.1764,45.0458,calibrated:/Users/let/Documents/DO_A_PAPER_May_18/Papers/Paper_xAI_in_Cyber_2/6_Analysis_Results/xai_surfacebench/data/unsw_nb15_dedup/unsw_nb15_dedup_score_stream.csv
unsw_nb15_deduplicated_anchor,default,default,adversarial_explanation_flood,budget_only_bexgov,7,5000,0.0,0.01832912950329585,0.9464987799999998,0.5023890191705488,0.7137970097625365,0.4482198789747227,8255.198927312598,0.8923038888889615,0.0,0.40238442742583513,0.044654717197723806,5.3085999999999505,0.8019958805781404,0.0,0.0,12.1958,45.1196,calibrated:/Users/let/Documents/DO_A_PAPER_May_18/Papers/Paper_xAI_in_Cyber_2/6_Analysis_Results/xai_surfacebench/data/unsw_nb15_dedup/unsw_nb15_dedup_score_stream.csv
unsw_nb15_deduplicated_anchor,default,default,adversarial_explanation_flood,xai_gate,7,5000,0.0,0.01779800511267918,0.9177187600000009,0.6529386232728855,0.729323631994151,0.6466091792776416,2856.6284359131882,1.0,0.03330417705015431,0.12744046341986698,0.5501295529177527,6.631191999994156,0.790811425869284,0.0,0.0,12.1186,45.114,calibrated:/Users/let/Documents/DO_A_PAPER_May_18/Papers/Paper_xAI_in_Cyber_2/6_Analysis_Results/xai_surfacebench/data/unsw_nb15_dedup/unsw_nb15_dedup_score_stream.csv
unsw_nb15_deduplicated_anchor,default,default,transient_overload,never_explain,7,5000,0.24482425461066487,1.028942307692323,53.505,0.0,0.0,0.0,16973.130582837795,0.0,0.0,0.0,0.0,0.0,0.19654463066551275,0.0,0.0,10.0686,56.0982,calibrated:/Users/let/Documents/DO_A_PAPER_May_18/Papers/Paper_xAI_in_Cyber_2/6_Analysis_Results/xai_surfacebench/data/unsw_nb15_dedup/unsw_nb15_dedup_score_stream.csv
unsw_nb15_deduplicated_anchor,default,default,transient_overload,always_explain,7,5000,0.25132605334777247,1.0514895313581467,53.22303899999999,1.0,1.0,0.8499999999999154,0.0,2.406019444444205,0.0,0.0,0.0,10.1902,0.20999035826410584,0.202,0.5252,10.1902,56.1448,calibrated:/Users/let/Documents/DO_A_PAPER_May_18/Papers/Paper_xAI_in_Cyber_2/6_Analysis_Results/xai_surfacebench/data/unsw_nb15_dedup/unsw_nb15_dedup_score_stream.csv
unsw_nb15_deduplicated_anchor,default,default,transient_overload,threshold_explain,7,5000,0.24718461883967552,1.0361054185897502,53.207033079999974,0.43943840723409117,0.7322795504243044,0.3531857301499094,4876.896601770263,0.9249694444444837,0.0,0.0,0.0,4.168839999999945,0.19841962986067863,0.01,0.0,10.0856,56.105,calibrated:/Users/let/Documents/DO_A_PAPER_May_18/Papers/Paper_xAI_in_Cyber_2/6_Analysis_Results/xai_surfacebench/data/unsw_nb15_dedup/unsw_nb15_dedup_score_stream.csv
unsw_nb15_deduplicated_anchor,default,default,transient_overload,rate_limited,7,5000,0.2453924016059121,1.0341322592187217,53.246885440000064,0.4889943261570239,0.6610837593306331,0.6923640353477992,9119.18656355747,0.8955138888889486,0.0,0.0,0.0,4.356584000000003,0.2055756353743261,0.0,0.0,10.1166,55.9434,calibrated:/Users/let/Documents/DO_A_PAPER_May_18/Papers/Paper_xAI_in_Cyber_2/6_Analysis_Results/xai_surfacebench/data/unsw_nb15_dedup/unsw_nb15_dedup_score_stream.csv
unsw_nb15_deduplicated_anchor,default,default,transient_overload,fifo_explanation,7,5000,0.24809399203403693,1.041458394318137,53.47201699999998,0.7178966862366524,0.5394774886278897,0.892315497064416,9896.290156439114,1.720730555555448,0.0,0.0,0.0,7.2878,0.20553580292655171,0.0,0.447,10.1516,56.1388,calibrated:/Users/let/Documents/DO_A_PAPER_May_18/Papers/Paper_xAI_in_Cyber_2/6_Analysis_Results/xai_surfacebench/data/unsw_nb15_dedup/unsw_nb15_dedup_score_stream.csv
unsw_nb15_deduplicated_anchor,default,default,transient_overload,static_coarse_full,7,5000,0.24906587580239006,1.0407255784502918,53.431518960000005,0.43967734370420997,0.7338518413080051,0.35370145986826945,5028.432801472351,0.9410333333333547,0.0,0.0,0.0,4.2366479999999385,0.2097977326193099,0.0088,0.0,10.2338,56.394,calibrated:/Users/let/Documents/DO_A_PAPER_May_18/Papers/Paper_xAI_in_Cyber_2/6_Analysis_Results/xai_surfacebench/data/unsw_nb15_dedup/unsw_nb15_dedup_score_stream.csv
unsw_nb15_deduplicated_anchor,default,default,transient_overload,static_offload,7,5000,0.24622556736754286,1.0275379387273837,53.277548480000036,0.40095129451448047,0.6280825549684608,0.5481612935224871,4667.276104522437,1.0779055555555157,0.36978474357702606,0.0,0.0,1.0238959999999093,0.19795417329159526,0.0,0.1494,10.081,56.1012,calibrated:/Users/let/Documents/DO_A_PAPER_May_18/Papers/Paper_xAI_in_Cyber_2/6_Analysis_Results/xai_surfacebench/data/unsw_nb15_dedup/unsw_nb15_dedup_score_stream.csv
unsw_nb15_deduplicated_anchor,default,default,transient_overload,budget_only_bexgov,7,5000,0.24628456150092334,1.0318880782823276,53.14522562,0.36862174099989725,0.6417144750433483,0.3164689442207841,6963.835382004541,0.5718638888889467,0.0,0.258570144236407,0.0,3.250064000000155,0.2141317282856341,0.0,0.0,10.2332,56.1894,calibrated:/Users/let/Documents/DO_A_PAPER_May_18/Papers/Paper_xAI_in_Cyber_2/6_Analysis_Results/xai_surfacebench/data/unsw_nb15_dedup/unsw_nb15_dedup_score_stream.csv
unsw_nb15_deduplicated_anchor,default,default,transient_overload,xai_gate,7,5000,0.24733519422491768,1.036098306505197,53.22727970000004,0.683787128712985,0.7463310158793902,0.7707184158416773,3030.8008717876723,0.992290555555865,0.23487128712871286,0.15502970297029703,0.5753267326732673,4.279027999999208,0.19957907839071054,0.011,0.0,10.1,56.1308,calibrated:/Users/let/Documents/DO_A_PAPER_May_18/Papers/Paper_xAI_in_Cyber_2/6_Analysis_Results/xai_surfacebench/data/unsw_nb15_dedup/unsw_nb15_dedup_score_stream.csv
unsw_nb15_deduplicated_anchor,default,default,non_markovian,never_explain,7,5000,0.13507614883502553,1.2532346153846285,65.1682,0.0,0.0,0.0,14904.506971734605,0.0,0.0,0.0,0.0,0.0,0.12633761762232298,0.0,0.0,9.212,54.5248,calibrated:/Users/let/Documents/DO_A_PAPER_May_18/Papers/Paper_xAI_in_Cyber_2/6_Analysis_Results/xai_surfacebench/data/unsw_nb15_dedup/unsw_nb15_dedup_score_stream.csv
unsw_nb15_deduplicated_anchor,default,default,non_markovian,always_explain,7,5000,0.140044041356793,1.2738620556342866,65.1549239999998,1.0,1.0,0.849999999999932,0.0,2.2087249999998235,0.0,0.0,0.0,9.3546,0.13121712316343093,0.0962,0.547,9.3546,55.13,calibrated:/Users/let/Documents/DO_A_PAPER_May_18/Papers/Paper_xAI_in_Cyber_2/6_Analysis_Results/xai_surfacebench/data/unsw_nb15_dedup/unsw_nb15_dedup_score_stream.csv
unsw_nb15_deduplicated_anchor,default,default,non_markovian,threshold_explain,7,5000,0.138181384545039,1.2124184815597252,62.5632025599999,0.4220317480970784,0.7201732715816278,0.33842083577301324,3947.7952966472963,0.8080861111111907,0.0,0.0,0.0,3.6519520000000623,0.12453589391860875,0.0166,0.0,9.2226,54.675,calibrated:/Users/let/Documents/DO_A_PAPER_May_18/Papers/Paper_xAI_in_Cyber_2/6_Analysis_Results/xai_surfacebench/data/unsw_nb15_dedup/unsw_nb15_dedup_score_stream.csv
unsw_nb15_deduplicated_anchor,default,default,non_markovian,rate_limited,7,5000,0.13601863850944299,1.3319588267969744,68.81084740000001,0.5410912393763297,0.6850437372778999,0.5816083129689913,4378.671054787322,0.8229416666667502,0.0,0.0,0.0,4.227288000000106,0.12204253914870855,0.0,0.0,9.2482,54.9486,calibrated:/Users/let/Documents/DO_A_PAPER_May_18/Papers/Paper_xAI_in_Cyber_2/6_Analysis_Results/xai_surfacebench/data/unsw_nb15_dedup/unsw_nb15_dedup_score_stream.csv
unsw_nb15_deduplicated_anchor,default,default,non_markovian,fifo_explanation,7,5000,0.13729310239017578,1.3461357827071574,69.2825739999998,0.8266774523160763,0.7032755980677909,0.8759983821525185,1768.3648789081824,1.833827777777693,0.0,0.0,0.0,7.7668,0.1305529182565679,0.0,0.454,9.3952,55.4018,calibrated:/Users/let/Documents/DO_A_PAPER_May_18/Papers/Paper_xAI_in_Cyber_2/6_Analysis_Results/xai_surfacebench/data/unsw_nb15_dedup/unsw_nb15_dedup_score_stream.csv
unsw_nb15_deduplicated_anchor,default,default,non_markovian,static_coarse_full,7,5000,0.1392218728004933,1.2483753909361481,64.42227367999995,0.4263495291096008,0.7233927203445346,0.34212221746577437,4153.360425692123,0.8284222222223023,0.0,0.0,0.0,3.7407440000000687,0.13001729371500859,0.0148,0.0,9.344,55.126,calibrated:/Users/let/Documents/DO_A_PAPER_May_18/Papers/Paper_xAI_in_Cyber_2/6_Analysis_Results/xai_surfacebench/data/unsw_nb15_dedup/unsw_nb15_dedup_score_stream.csv
unsw_nb15_deduplicated_anchor,default,default,non_markovian,static_offload,7,5000,0.13617998388032027,1.1724272346292632,60.8548098800003,0.38673095279416253,0.6186472035828282,0.525950841721625,3771.156894214651,0.9443500000000248,0.3535230822631031,0.0,0.0,0.9147599999999889,0.1207432071840755,0.0,0.0,9.2192,54.8398,calibrated:/Users/let/Documents/DO_A_PAPER_May_18/Papers/Paper_xAI_in_Cyber_2/6_Analysis_Results/xai_surfacebench/data/unsw_nb15_dedup/unsw_nb15_dedup_score_stream.csv
unsw_nb15_deduplicated_anchor,default,default,non_markovian,budget_only_bexgov,7,5000,0.13845981251155481,1.2504648614658056,64.65521421999998,0.35014755426670635,0.6283401861057127,0.2996001961704255,6048.603779258025,0.4984883333333816,0.0,0.24043669239626422,0.0,2.827864000000113,0.13338915935913453,0.0008,0.0,9.3796,55.1714,calibrated:/Users/let/Documents/DO_A_PAPER_May_18/Papers/Paper_xAI_in_Cyber_2/6_Analysis_Results/xai_surfacebench/data/unsw_nb15_dedup/unsw_nb15_dedup_score_stream.csv
unsw_nb15_deduplicated_anchor,default,default,non_markovian,xai_gate,7,5000,0.13632168337312198,1.2973107810378701,67.10741590000012,0.6617754143706097,0.7695162337707098,0.7127596114672884,277.953198667646,0.9071361111110995,0.20518043613439974,0.14653601217917103,0.45753371786349895,3.929207999999873,0.12633026736366548,0.0042,0.0,9.3274,55.2082,calibrated:/Users/let/Documents/DO_A_PAPER_May_18/Papers/Paper_xAI_in_Cyber_2/6_Analysis_Results/xai_surfacebench/data/unsw_nb15_dedup/unsw_nb15_dedup_score_stream.csv
unsw_nb15_deduplicated_anchor,default,default,rtt_uncertainty,never_explain,7,5000,0.0,0.013569230769230774,0.7056,0.0,0.0,0.0,9650.537578235928,0.0,0.0,0.0,0.0,0.0,0.07811769941038982,0.0,0.0,7.2684,44.945,calibrated:/Users/let/Documents/DO_A_PAPER_May_18/Papers/Paper_xAI_in_Cyber_2/6_Analysis_Results/xai_surfacebench/data/unsw_nb15_dedup/unsw_nb15_dedup_score_stream.csv
unsw_nb15_deduplicated_anchor,default,default,rtt_uncertainty,always_explain,7,5000,0.0,0.017110336405544803,0.8812280000000002,1.0,1.0,0.8499999999999518,0.0,1.7197861111110135,0.0,0.0,0.0,7.2838,0.07787904752180053,0.0002,0.4182,7.2838,45.0502,calibrated:/Users/let/Documents/DO_A_PAPER_May_18/Papers/Paper_xAI_in_Cyber_2/6_Analysis_Results/xai_surfacebench/data/unsw_nb15_dedup/unsw_nb15_dedup_score_stream.csv
unsw_nb15_deduplicated_anchor,default,default,rtt_uncertainty,threshold_explain,7,5000,0.0,0.016837379710115685,0.8722023599999997,0.407222861211532,0.70830039982665,0.3256490305619697,1444.635211186838,0.6135750000000674,0.0,0.0,0.0,2.7820320000000756,0.08059640541008317,0.0,0.0,7.3032,45.0566,calibrated:/Users/let/Documents/DO_A_PAPER_May_18/Papers/Paper_xAI_in_Cyber_2/6_Analysis_Results/xai_surfacebench/data/unsw_nb15_dedup/unsw_nb15_dedup_score_stream.csv
unsw_nb15_deduplicated_anchor,default,default,rtt_uncertainty,rate_limited,7,5000,0.0,0.014842876724930806,0.7679592399999988,0.6344061030296626,0.7652932695909009,0.451170294214182,1.0613270609354781,0.7140944444445199,0.0,0.0,0.0,3.81376000000014,0.08363889567916294,0.0,0.0,7.3144,44.999,calibrated:/Users/let/Documents/DO_A_PAPER_May_18/Papers/Paper_xAI_in_Cyber_2/6_Analysis_Results/xai_surfacebench/data/unsw_nb15_dedup/unsw_nb15_dedup_score_stream.csv
unsw_nb15_deduplicated_anchor,default,default,rtt_uncertainty,fifo_explanation,7,5000,0.0,0.01651645871602231,0.8508529999999995,0.9908780245824836,0.9830710241387998,0.8513682963125788,0.12691480370255384,1.6978749999999039,0.0,0.0,0.0,7.191,0.07595846917731364,0.0,0.41,7.2572,44.9658,calibrated:/Users/let/Documents/DO_A_PAPER_May_18/Papers/Paper_xAI_in_Cyber_2/6_Analysis_Results/xai_surfacebench/data/unsw_nb15_dedup/unsw_nb15_dedup_score_stream.csv
unsw_nb15_deduplicated_anchor,default,default,rtt_uncertainty,static_coarse_full,7,5000,0.0,0.015076190402218,0.7810043199999995,0.4066411186198636,0.7057094833487012,0.324682709741245,1455.103236060415,0.6086250000000613,0.0,0.0,0.0,2.764704000000075,0.081538790644611,0.0,0.0,7.2804,44.8768,calibrated:/Users/let/Documents/DO_A_PAPER_May_18/Papers/Paper_xAI_in_Cyber_2/6_Analysis_Results/xai_surfacebench/data/unsw_nb15_dedup/unsw_nb15_dedup_score_stream.csv
unsw_nb15_deduplicated_anchor,default,default,rtt_uncertainty,static_offload,7,5000,0.0,0.013017191184169052,0.6762573600000005,0.37050399187904376,0.6061245700276836,0.6111451623555949,1264.6729300136683,0.7073000000000309,0.33369914126587835,0.0,0.0,0.7075200000000152,0.08109951875662658,0.0,0.0,7.2898,44.953,calibrated:/Users/let/Documents/DO_A_PAPER_May_18/Papers/Paper_xAI_in_Cyber_2/6_Analysis_Results/xai_surfacebench/data/unsw_nb15_dedup/unsw_nb15_dedup_score_stream.csv
unsw_nb15_deduplicated_anchor,default,default,rtt_uncertainty,budget_only_bexgov,7,5000,0.0,0.0170114582608246,0.8821195200000006,0.3423214978119933,0.6210902030013966,0.2900348972470029,2567.4809832518526,0.3728677777778077,0.0,0.22428405251204786,0.0,2.1184560000000183,0.06720816263795881,0.0,0.0,7.2212,45.1096,calibrated:/Users/let/Documents/DO_A_PAPER_May_18/Papers/Paper_xAI_in_Cyber_2/6_Analysis_Results/xai_surfacebench/data/unsw_nb15_dedup/unsw_nb15_dedup_score_stream.csv
unsw_nb15_deduplicated_anchor,default,default,rtt_uncertainty,xai_gate,7,5000,0.0,0.015075903195247872,0.7798315799999999,0.6581239435084304,0.8111605964128957,0.5464609726914738,0.8300288720053454,0.6585466666666615,0.01654943017612738,0.02524674191613501,0.31490266644855225,3.986679999999656,0.08743218002312392,0.0,0.0,7.3356,44.972,calibrated:/Users/let/Documents/DO_A_PAPER_May_18/Papers/Paper_xAI_in_Cyber_2/6_Analysis_Results/xai_surfacebench/data/unsw_nb15_dedup/unsw_nb15_dedup_score_stream.csv
unsw_nb15_deduplicated_anchor,default,default,adversarial_explanation_flood,never_explain,8,5000,0.0,0.014880769230769246,0.7738,0.0,0.0,0.0,26070.59517516514,0.0,0.0,0.0,0.0,0.0,0.8066002514692632,0.0,0.0,12.17,44.9094,calibrated:/Users/let/Documents/DO_A_PAPER_May_18/Papers/Paper_xAI_in_Cyber_2/6_Analysis_Results/xai_surfacebench/data/unsw_nb15_dedup/unsw_nb15_dedup_score_stream.csv
unsw_nb15_deduplicated_anchor,default,default,adversarial_explanation_flood,always_explain,8,5000,0.0,0.022271996067339442,1.1396860000000009,1.0,1.0,0.8499999999999497,0.0,2.879091666666496,0.0,0.0,0.0,12.1938,0.802435411918091,0.0402,0.6474,12.1938,45.1012,calibrated:/Users/let/Documents/DO_A_PAPER_May_18/Papers/Paper_xAI_in_Cyber_2/6_Analysis_Results/xai_surfacebench/data/unsw_nb15_dedup/unsw_nb15_dedup_score_stream.csv
unsw_nb15_deduplicated_anchor,default,default,adversarial_explanation_flood,threshold_explain,8,5000,0.0,0.01952669900721848,1.0054329199999992,0.6319214332675936,0.8448809407453439,0.5195405982905925,4272.9659737763795,1.6887305555555108,0.0,0.0,0.0,7.414567999999864,0.7999307718933861,0.0004,0.4062,12.168,45.0684,calibrated:/Users/let/Documents/DO_A_PAPER_May_18/Papers/Paper_xAI_in_Cyber_2/6_Analysis_Results/xai_surfacebench/data/unsw_nb15_dedup/unsw_nb15_dedup_score_stream.csv
unsw_nb15_deduplicated_anchor,default,default,adversarial_explanation_flood,rate_limited,8,5000,0.0,0.01705256743685067,0.8784049600000028,0.6761644440086358,0.8306488332182608,0.7238232986859956,5727.642329361363,1.707847222222172,0.0,0.0,0.0,7.74195199999975,0.812164317350885,0.0,0.4128,12.2376,45.0202,calibrated:/Users/let/Documents/DO_A_PAPER_May_18/Papers/Paper_xAI_in_Cyber_2/6_Analysis_Results/xai_surfacebench/data/unsw_nb15_dedup/unsw_nb15_dedup_score_stream.csv
unsw_nb15_deduplicated_anchor,default,default,adversarial_explanation_flood,fifo_explanation,8,5000,0.0,0.018192856083465516,0.9343809999999925,0.8821525549247099,0.8353351698238624,0.8676771167612467,2505.7831089774086,2.531299999999861,0.0,0.0,0.0,10.7208,0.804357896237174,0.0,0.6068,12.153,44.9024,calibrated:/Users/let/Documents/DO_A_PAPER_May_18/Papers/Paper_xAI_in_Cyber_2/6_Analysis_Results/xai_surfacebench/data/unsw_nb15_dedup/unsw_nb15_dedup_score_stream.csv
unsw_nb15_deduplicated_anchor,default,default,adversarial_explanation_flood,static_coarse_full,8,5000,0.0,0.019773575294965158,1.0180647200000008,0.6341083425042362,0.8448884515284584,0.5211740937238151,4186.899844842223,1.6945305555555126,0.0,0.0,0.0,7.442671999999879,0.8021434142774913,0.0002,0.4036,12.1762,45.0434,calibrated:/Users/let/Documents/DO_A_PAPER_May_18/Papers/Paper_xAI_in_Cyber_2/6_Analysis_Results/xai_surfacebench/data/unsw_nb15_dedup/unsw_nb15_dedup_score_stream.csv
unsw_nb15_deduplicated_anchor,default,default,adversarial_explanation_flood,static_offload,8,5000,0.0,0.016512563985471365,0.8569113600000002,0.5743716741711246,0.7186139994581188,0.8225864920180894,3822.669253951645,1.9861499999999555,0.5721489971346705,0.0,0.0,1.5699599999999432,0.8039132290415982,0.0,0.4906,12.215,45.1426,calibrated:/Users/let/Documents/DO_A_PAPER_May_18/Papers/Paper_xAI_in_Cyber_2/6_Analysis_Results/xai_surfacebench/data/unsw_nb15_dedup/unsw_nb15_dedup_score_stream.csv
unsw_nb15_deduplicated_anchor,default,default,adversarial_explanation_flood,budget_only_bexgov,8,5000,0.0,0.017579234135350903,0.9077194399999984,0.5044321146669486,0.716351193250123,0.45093464117043996,8194.055118472912,0.892141111111186,0.0,0.40782390435615445,0.04379272763301298,5.29988399999993,0.7930201366127498,0.0,0.0,12.1116,45.0324,calibrated:/Users/let/Documents/DO_A_PAPER_May_18/Papers/Paper_xAI_in_Cyber_2/6_Analysis_Results/xai_surfacebench/data/unsw_nb15_dedup/unsw_nb15_dedup_score_stream.csv
unsw_nb15_deduplicated_anchor,default,default,adversarial_explanation_flood,xai_gate,8,5000,0.0,0.017668988334872283,0.9110017200000017,0.6541452635223277,0.7293838953739715,0.6462232598248534,2834.1442809904124,1.0,0.02995889936120694,0.1276595744680851,0.5521949226671428,6.676709499994012,0.7983288065660392,0.0,0.0,12.1166,44.918,calibrated:/Users/let/Documents/DO_A_PAPER_May_18/Papers/Paper_xAI_in_Cyber_2/6_Analysis_Results/xai_surfacebench/data/unsw_nb15_dedup/unsw_nb15_dedup_score_stream.csv
unsw_nb15_deduplicated_anchor,default,default,transient_overload,never_explain,8,5000,0.24406739694312846,1.0250461538461693,53.3024,0.0,0.0,0.0,17138.68441136719,0.0,0.0,0.0,0.0,0.0,0.20583744798626302,0.0,0.0,10.1252,55.9788,calibrated:/Users/let/Documents/DO_A_PAPER_May_18/Papers/Paper_xAI_in_Cyber_2/6_Analysis_Results/xai_surfacebench/data/unsw_nb15_dedup/unsw_nb15_dedup_score_stream.csv
unsw_nb15_deduplicated_anchor,default,default,transient_overload,always_explain,8,5000,0.25265365752966384,1.0532429888886568,53.32757400000002,1.0,1.0,0.8499999999999152,0.0,2.40592499999976,0.0,0.0,0.0,10.1898,0.20883188246934004,0.1986,0.5276,10.1898,56.1964,calibrated:/Users/let/Documents/DO_A_PAPER_May_18/Papers/Paper_xAI_in_Cyber_2/6_Analysis_Results/xai_surfacebench/data/unsw_nb15_dedup/unsw_nb15_dedup_score_stream.csv
unsw_nb15_deduplicated_anchor,default,default,transient_overload,threshold_explain,8,5000,0.24918914892181585,1.038375125072621,53.31374027999998,0.43996837319629917,0.7345168694739104,0.3540679976279816,4899.724613675652,0.9317944444444769,0.0,0.0,0.0,4.193199999999936,0.19754809188855615,0.0102,0.0,10.118,56.3262,calibrated:/Users/let/Documents/DO_A_PAPER_May_18/Papers/Paper_xAI_in_Cyber_2/6_Analysis_Results/xai_surfacebench/data/unsw_nb15_dedup/unsw_nb15_dedup_score_stream.csv
unsw_nb15_deduplicated_anchor,default,default,transient_overload,rate_limited,8,5000,0.2470719279142943,1.0354526418889736,53.31384588000006,0.4836791052162882,0.6570958140270056,0.693048599425871,9220.999525482563,0.8815000000000573,0.0,0.0,0.0,4.296744000000023,0.20226148443534164,0.0,0.0,10.103,56.0222,calibrated:/Users/let/Documents/DO_A_PAPER_May_18/Papers/Paper_xAI_in_Cyber_2/6_Analysis_Results/xai_surfacebench/data/unsw_nb15_dedup/unsw_nb15_dedup_score_stream.csv
unsw_nb15_deduplicated_anchor,default,default,transient_overload,fifo_explanation,8,5000,0.248198232651137,1.036988159276394,53.24208799999995,0.7185389687773099,0.542460399501948,0.8922191546833157,9847.20138248195,1.7083583333332348,0.0,0.0,0.0,7.2354,0.19407515975984269,0.0,0.4424,10.0696,56.2198,calibrated:/Users/let/Documents/DO_A_PAPER_May_18/Papers/Paper_xAI_in_Cyber_2/6_Analysis_Results/xai_surfacebench/data/unsw_nb15_dedup/unsw_nb15_dedup_score_stream.csv
unsw_nb15_deduplicated_anchor,default,default,transient_overload,static_coarse_full,8,5000,0.2465326639692289,1.0383535522016634,53.322247999999995,0.43996411151209075,0.7323420847189159,0.35356406392512396,4888.364190927415,0.9259222222222602,0.0,0.0,0.0,4.173751999999949,0.1996698374639334,0.0116,0.0,10.0868,56.0532,calibrated:/Users/let/Documents/DO_A_PAPER_May_18/Papers/Paper_xAI_in_Cyber_2/6_Analysis_Results/xai_surfacebench/data/unsw_nb15_dedup/unsw_nb15_dedup_score_stream.csv
unsw_nb15_deduplicated_anchor,default,default,transient_overload,static_offload,8,5000,0.2473641088633017,1.0275705588132,53.27595292000002,0.4018497337803683,0.628517768729323,0.5494450798659244,4750.630635270712,1.0869999999999576,0.3706763951883258,0.0,0.0,1.0321439999999114,0.203658209490172,0.0,0.1722,10.142,56.1732,calibrated:/Users/let/Documents/DO_A_PAPER_May_18/Papers/Paper_xAI_in_Cyber_2/6_Analysis_Results/xai_surfacebench/data/unsw_nb15_dedup/unsw_nb15_dedup_score_stream.csv
unsw_nb15_deduplicated_anchor,default,default,transient_overload,budget_only_bexgov,8,5000,0.24739765233786098,1.033223196900165,53.22282075999998,0.36605204828815957,0.6402791855665889,0.3142024539877448,6774.00313557321,0.5596011111111671,0.0,0.2574312289728874,0.0,3.18508000000017,0.20062110104058872,0.0,0.0,10.106,56.1154,calibrated:/Users/let/Documents/DO_A_PAPER_May_18/Papers/Paper_xAI_in_Cyber_2/6_Analysis_Results/xai_surfacebench/data/unsw_nb15_dedup/unsw_nb15_dedup_score_stream.csv
unsw_nb15_deduplicated_anchor,default,default,transient_overload,xai_gate,8,5000,0.24680546971536838,1.0400705597503488,53.44068857999995,0.6834738963760357,0.7453680966786393,0.771341145318833,3014.6657658966033,0.9928972222225386,0.23609848634549263,0.154843299213532,0.5770462000553294,4.2744319999991855,0.2013906941244472,0.012,0.0,10.1212,56.1638,calibrated:/Users/let/Documents/DO_A_PAPER_May_18/Papers/Paper_xAI_in_Cyber_2/6_Analysis_Results/xai_surfacebench/data/unsw_nb15_dedup/unsw_nb15_dedup_score_stream.csv
unsw_nb15_deduplicated_anchor,default,default,non_markovian,never_explain,8,5000,0.13525227424651962,1.3116076923077051,68.2036,0.0,0.0,0.0,15107.41550454572,0.0,0.0,0.0,0.0,0.0,0.1224944536479986,0.0,0.0,9.2692,55.0512,calibrated:/Users/let/Documents/DO_A_PAPER_May_18/Papers/Paper_xAI_in_Cyber_2/6_Analysis_Results/xai_surfacebench/data/unsw_nb15_dedup/unsw_nb15_dedup_score_stream.csv
unsw_nb15_deduplicated_anchor,default,default,non_markovian,always_explain,8,5000,0.13702798389038442,1.2753506628030553,65.24582899999993,1.0,1.0,0.8499999999999321,0.0,2.1857749999998255,0.0,0.0,0.0,9.2574,0.12570315407008148,0.0958,0.539,9.2574,54.8244,calibrated:/Users/let/Documents/DO_A_PAPER_May_18/Papers/Paper_xAI_in_Cyber_2/6_Analysis_Results/xai_surfacebench/data/unsw_nb15_dedup/unsw_nb15_dedup_score_stream.csv
unsw_nb15_deduplicated_anchor,default,default,non_markovian,threshold_explain,8,5000,0.13812657218777688,1.2123902431028026,62.56347691999994,0.4185891776662979,0.7170464958545425,0.3353556124975983,4028.8024223299913,0.8055194444445225,0.0,0.0,0.0,3.644296000000052,0.1331854660625127,0.016,0.0,9.2882,54.6436,calibrated:/Users/let/Documents/DO_A_PAPER_May_18/Papers/Paper_xAI_in_Cyber_2/6_Analysis_Results/xai_surfacebench/data/unsw_nb15_dedup/unsw_nb15_dedup_score_stream.csv
unsw_nb15_deduplicated_anchor,default,default,non_markovian,rate_limited,8,5000,0.1368475271228116,1.2875624845921168,66.51028011999989,0.541326947033828,0.6858519162939363,0.5822565402293743,4280.708550942944,0.8298333333334169,0.0,0.0,0.0,4.2600480000001015,0.12247456482954533,0.0,0.0,9.3116,55.304,calibrated:/Users/let/Documents/DO_A_PAPER_May_18/Papers/Paper_xAI_in_Cyber_2/6_Analysis_Results/xai_surfacebench/data/unsw_nb15_dedup/unsw_nb15_dedup_score_stream.csv
unsw_nb15_deduplicated_anchor,default,default,non_markovian,fifo_explanation,8,5000,0.13784568259798255,1.3687912338563324,70.4466070000002,0.8301301131048558,0.7089774061404582,0.8754804830341927,1582.3638885276264,1.843838888888778,0.0,0.0,0.0,7.8092,0.13134345231008204,0.0,0.462,9.4072,55.4338,calibrated:/Users/let/Documents/DO_A_PAPER_May_18/Papers/Paper_xAI_in_Cyber_2/6_Analysis_Results/xai_surfacebench/data/unsw_nb15_dedup/unsw_nb15_dedup_score_stream.csv
unsw_nb15_deduplicated_anchor,default,default,non_markovian,static_coarse_full,8,5000,0.13765640347167266,1.3693028295902703,70.69151635999988,0.4199070413505847,0.7200487778888182,0.33693343305910933,4196.949081802358,0.8171083333334164,0.0,0.0,0.0,3.6899040000000665,0.1277031317589572,0.0164,0.0,9.359,55.3278,calibrated:/Users/let/Documents/DO_A_PAPER_May_18/Papers/Paper_xAI_in_Cyber_2/6_Analysis_Results/xai_surfacebench/data/unsw_nb15_dedup/unsw_nb15_dedup_score_stream.csv
unsw_nb15_deduplicated_anchor,default,default,non_markovian,static_offload,8,5000,0.13945393599558398,1.2791994846307615,66.40129840000009,0.38544640567569455,0.6185803399894164,0.5247583126762947,3953.287986246603,0.9568166666666895,0.3529788870843662,0.0,0.0,0.923207999999991,0.13298178842419728,0.0,0.0,9.3592,55.0712,calibrated:/Users/let/Documents/DO_A_PAPER_May_18/Papers/Paper_xAI_in_Cyber_2/6_Analysis_Results/xai_surfacebench/data/unsw_nb15_dedup/unsw_nb15_dedup_score_stream.csv
unsw_nb15_deduplicated_anchor,default,default,non_markovian,budget_only_bexgov,8,5000,0.1345011076992979,1.1654651297048277,60.255391099999905,0.35000889274481967,0.6278930002320768,0.2990033618913486,5782.33542319757,0.4886150000000416,0.0,0.2390846979720204,0.0,2.7755000000001133,0.12626477298821048,0.0002,0.0,9.221,54.5816,calibrated:/Users/let/Documents/DO_A_PAPER_May_18/Papers/Paper_xAI_in_Cyber_2/6_Analysis_Results/xai_surfacebench/data/unsw_nb15_dedup/unsw_nb15_dedup_score_stream.csv
unsw_nb15_deduplicated_anchor,default,default,non_markovian,xai_gate,8,5000,0.1367066680527287,1.2438509475375603,64.33277263999992,0.6633641653639509,0.7739039222842519,0.7121701841236762,241.12695466305846,0.897609444444435,0.20121156852527358,0.1446282786173354,0.460656591974987,3.926051999999868,0.11993813786210805,0.0026,0.0,9.2112,54.8316,calibrated:/Users/let/Documents/DO_A_PAPER_May_18/Papers/Paper_xAI_in_Cyber_2/6_Analysis_Results/xai_surfacebench/data/unsw_nb15_dedup/unsw_nb15_dedup_score_stream.csv
unsw_nb15_deduplicated_anchor,default,default,rtt_uncertainty,never_explain,8,5000,0.0,0.01519615384615385,0.7902,0.0,0.0,0.0,9820.871845014572,0.0,0.0,0.0,0.0,0.0,0.08355050812241238,0.0,0.0,7.3218,45.0482,calibrated:/Users/let/Documents/DO_A_PAPER_May_18/Papers/Paper_xAI_in_Cyber_2/6_Analysis_Results/xai_surfacebench/data/unsw_nb15_dedup/unsw_nb15_dedup_score_stream.csv
unsw_nb15_deduplicated_anchor,default,default,rtt_uncertainty,always_explain,8,5000,0.0,0.018241351916509278,0.9395749999999993,1.0,1.0,0.8499999999999447,0.0,1.7254999999998877,0.0,0.0,0.0,7.308,0.08187809774209298,0.0,0.4236,7.308,45.0328,calibrated:/Users/let/Documents/DO_A_PAPER_May_18/Papers/Paper_xAI_in_Cyber_2/6_Analysis_Results/xai_surfacebench/data/unsw_nb15_dedup/unsw_nb15_dedup_score_stream.csv
unsw_nb15_deduplicated_anchor,default,default,rtt_uncertainty,threshold_explain,8,5000,0.0,0.01612956271589401,0.8355737600000002,0.40432661570535877,0.7052314078683514,0.32298957609453155,1362.3085731497663,0.5987222222222824,0.0,0.0,0.0,2.718152000000083,0.0668362928958639,0.0,0.0,7.195,44.9616,calibrated:/Users/let/Documents/DO_A_PAPER_May_18/Papers/Paper_xAI_in_Cyber_2/6_Analysis_Results/xai_surfacebench/data/unsw_nb15_dedup/unsw_nb15_dedup_score_stream.csv
unsw_nb15_deduplicated_anchor,default,default,rtt_uncertainty,rate_limited,8,5000,0.0,0.016584591251129894,0.8580916399999998,0.6348616557435716,0.7652238353487479,0.45166726081117436,1.0918829569163204,0.7133027777778556,0.0,0.0,0.0,3.8071600000001258,0.07925656278670612,0.0,0.0,7.2934,45.052,calibrated:/Users/let/Documents/DO_A_PAPER_May_18/Papers/Paper_xAI_in_Cyber_2/6_Analysis_Results/xai_surfacebench/data/unsw_nb15_dedup/unsw_nb15_dedup_score_stream.csv
unsw_nb15_deduplicated_anchor,default,default,rtt_uncertainty,fifo_explanation,8,5000,0.0,0.018639272187573094,0.9603079999999976,0.9909793460025852,0.983104162377978,0.8513530980995655,0.11127351399945944,1.701558333333241,0.0,0.0,0.0,7.2066,0.07315619069543922,0.0,0.4148,7.2722,45.1764,calibrated:/Users/let/Documents/DO_A_PAPER_May_18/Papers/Paper_xAI_in_Cyber_2/6_Analysis_Results/xai_surfacebench/data/unsw_nb15_dedup/unsw_nb15_dedup_score_stream.csv
unsw_nb15_deduplicated_anchor,default,default,rtt_uncertainty,static_coarse_full,8,5000,0.0,0.017155735122068017,0.888863279999999,0.4039331179935479,0.70485565903431,0.32264867946040554,1573.5235482014664,0.6124222222222881,0.0,0.0,0.0,2.7806240000000697,0.0889137168664711,0.0,0.0,7.3682,45.1104,calibrated:/Users/let/Documents/DO_A_PAPER_May_18/Papers/Paper_xAI_in_Cyber_2/6_Analysis_Results/xai_surfacebench/data/unsw_nb15_dedup/unsw_nb15_dedup_score_stream.csv
unsw_nb15_deduplicated_anchor,default,default,rtt_uncertainty,static_offload,8,5000,0.0,0.015445411191130454,0.802420280000001,0.37074993182435834,0.6080034706458446,0.6141279764203352,1371.3387415250604,0.7152222222222508,0.3358603763294246,0.0,0.0,0.7065920000000158,0.0844027283064046,0.0,0.0,7.334,45.0878,calibrated:/Users/let/Documents/DO_A_PAPER_May_18/Papers/Paper_xAI_in_Cyber_2/6_Analysis_Results/xai_surfacebench/data/unsw_nb15_dedup/unsw_nb15_dedup_score_stream.csv
unsw_nb15_deduplicated_anchor,default,default,rtt_uncertainty,budget_only_bexgov,8,5000,0.0,0.016162026232517734,0.8381696199999996,0.3405140071747352,0.6214817872993,0.2893090889175008,2740.637602735415,0.37456944444447504,0.0,0.22742832105594654,0.0,2.132076000000024,0.08234596717424392,0.0,0.0,7.3034,44.985,calibrated:/Users/let/Documents/DO_A_PAPER_May_18/Papers/Paper_xAI_in_Cyber_2/6_Analysis_Results/xai_surfacebench/data/unsw_nb15_dedup/unsw_nb15_dedup_score_stream.csv
unsw_nb15_deduplicated_anchor,default,default,rtt_uncertainty,xai_gate,8,5000,0.0,0.016278017398912898,0.8421867199999997,0.6612755660068376,0.813814800673633,0.5507295352898561,0.8795488622042358,0.6665911111111007,0.01771847314885705,0.023679317510663895,0.31458492836049434,3.999403999999638,0.08323447915324622,0.0,0.0,7.3144,45.0158,calibrated:/Users/let/Documents/DO_A_PAPER_May_18/Papers/Paper_xAI_in_Cyber_2/6_Analysis_Results/xai_surfacebench/data/unsw_nb15_dedup/unsw_nb15_dedup_score_stream.csv
unsw_nb15_deduplicated_anchor,default,default,adversarial_explanation_flood,never_explain,9,5000,0.0,0.013638461538461539,0.7092,0.0,0.0,0.0,25994.2732498863,0.0,0.0,0.0,0.0,0.0,0.8048532448607151,0.0,0.0,12.1748,44.9706,calibrated:/Users/let/Documents/DO_A_PAPER_May_18/Papers/Paper_xAI_in_Cyber_2/6_Analysis_Results/xai_surfacebench/data/unsw_nb15_dedup/unsw_nb15_dedup_score_stream.csv
unsw_nb15_deduplicated_anchor,default,default,adversarial_explanation_flood,always_explain,9,5000,0.0,0.020316668032574762,1.0398520000000022,1.0,1.0,0.8499999999999497,0.0,2.8595416666664972,0.0,0.0,0.0,12.111,0.7943418450118944,0.0398,0.6466,12.111,44.997,calibrated:/Users/let/Documents/DO_A_PAPER_May_18/Papers/Paper_xAI_in_Cyber_2/6_Analysis_Results/xai_surfacebench/data/unsw_nb15_dedup/unsw_nb15_dedup_score_stream.csv
unsw_nb15_deduplicated_anchor,default,default,adversarial_explanation_flood,threshold_explain,9,5000,0.0,0.019562361811355466,1.0073882799999991,0.6333576798083006,0.8451377918124184,0.5206709779076185,4297.817654494912,1.6945972222221792,0.0,0.0,0.0,7.441135999999869,0.8042605614512042,0.0006,0.4122,12.1852,45.0238,calibrated:/Users/let/Documents/DO_A_PAPER_May_18/Papers/Paper_xAI_in_Cyber_2/6_Analysis_Results/xai_surfacebench/data/unsw_nb15_dedup/unsw_nb15_dedup_score_stream.csv
unsw_nb15_deduplicated_anchor,default,default,adversarial_explanation_flood,rate_limited,9,5000,0.0,0.01772539501287227,0.913068320000001,0.6785332541567719,0.8311783159041798,0.7168324425969713,5482.401329474806,1.689636111111056,0.0,0.0,0.0,7.679271999999744,0.7926494983455559,0.0,0.41,12.1248,45.0908,calibrated:/Users/let/Documents/DO_A_PAPER_May_18/Papers/Paper_xAI_in_Cyber_2/6_Analysis_Results/xai_surfacebench/data/unsw_nb15_dedup/unsw_nb15_dedup_score_stream.csv
unsw_nb15_deduplicated_anchor,default,default,adversarial_explanation_flood,fifo_explanation,9,5000,0.0,0.018368192028278166,0.9433659999999919,0.8780663544361837,0.829744529916228,0.8682900468345307,2717.3578183362674,2.5320555555554436,0.0,0.0,0.0,10.724,0.8072986263098001,0.0,0.6044,12.2132,45.0514,calibrated:/Users/let/Documents/DO_A_PAPER_May_18/Papers/Paper_xAI_in_Cyber_2/6_Analysis_Results/xai_surfacebench/data/unsw_nb15_dedup/unsw_nb15_dedup_score_stream.csv
unsw_nb15_deduplicated_anchor,default,default,adversarial_explanation_flood,static_coarse_full,9,5000,0.0,0.018929298628859045,0.9746309599999993,0.634211130800034,0.8452291132642621,0.5213354006694154,4264.781642540415,1.6972249999999516,0.0,0.0,0.0,7.453271999999841,0.8025019962736186,0.0,0.411,12.1896,45.084,calibrated:/Users/let/Documents/DO_A_PAPER_May_18/Papers/Paper_xAI_in_Cyber_2/6_Analysis_Results/xai_surfacebench/data/unsw_nb15_dedup/unsw_nb15_dedup_score_stream.csv
unsw_nb15_deduplicated_anchor,default,default,adversarial_explanation_flood,static_offload,9,5000,0.0,0.015747215076938607,0.8171707999999996,0.5769301730299587,0.7200588202818315,0.827105862407208,3539.613665097477,1.9678055555555118,0.5756694313780896,0.0,0.0,1.5487279999999508,0.7875728876508858,0.0,0.4918,12.0326,44.875,calibrated:/Users/let/Documents/DO_A_PAPER_May_18/Papers/Paper_xAI_in_Cyber_2/6_Analysis_Results/xai_surfacebench/data/unsw_nb15_dedup/unsw_nb15_dedup_score_stream.csv
unsw_nb15_deduplicated_anchor,default,default,adversarial_explanation_flood,budget_only_bexgov,9,5000,0.0,0.01799979208324045,0.9293968800000001,0.5048073306720491,0.7159907923746432,0.4509641714229091,8151.014067261148,0.8931388888889596,0.0,0.4014384216950942,0.04869519316419781,5.310535999999922,0.7960637223096247,0.0,0.0,12.1244,45.0036,calibrated:/Users/let/Documents/DO_A_PAPER_May_18/Papers/Paper_xAI_in_Cyber_2/6_Analysis_Results/xai_surfacebench/data/unsw_nb15_dedup/unsw_nb15_dedup_score_stream.csv
unsw_nb15_deduplicated_anchor,default,default,adversarial_explanation_flood,xai_gate,9,5000,0.0,0.018684695462983594,0.9629369999999997,0.6498686761632683,0.7253038921041612,0.6468922010815767,2941.061630551142,1.0,0.033272539064425496,0.1268299896485434,0.5508433150941182,6.633668499994023,0.7989633813807653,0.0,0.0,12.1722,45.1082,calibrated:/Users/let/Documents/DO_A_PAPER_May_18/Papers/Paper_xAI_in_Cyber_2/6_Analysis_Results/xai_surfacebench/data/unsw_nb15_dedup/unsw_nb15_dedup_score_stream.csv
unsw_nb15_deduplicated_anchor,default,default,transient_overload,never_explain,9,5000,0.24379143062144593,1.024534615384631,53.2758,0.0,0.0,0.0,17140.8905034155,0.0,0.0,0.0,0.0,0.0,0.20543400788423538,0.0,0.0,10.1306,56.0274,calibrated:/Users/let/Documents/DO_A_PAPER_May_18/Papers/Paper_xAI_in_Cyber_2/6_Analysis_Results/xai_surfacebench/data/unsw_nb15_dedup/unsw_nb15_dedup_score_stream.csv
unsw_nb15_deduplicated_anchor,default,default,transient_overload,always_explain,9,5000,0.2517650505710551,1.0519129321473253,53.25795299999999,1.0,1.0,0.849999999999918,0.0,2.4018638888886574,0.0,0.0,0.0,10.1726,0.20421141352728478,0.2006,0.528,10.1726,56.3168,calibrated:/Users/let/Documents/DO_A_PAPER_May_18/Papers/Paper_xAI_in_Cyber_2/6_Analysis_Results/xai_surfacebench/data/unsw_nb15_dedup/unsw_nb15_dedup_score_stream.csv
unsw_nb15_deduplicated_anchor,default,default,transient_overload,threshold_explain,9,5000,0.24706117788504253,1.036315973905678,53.21285576,0.4385515397019052,0.7340896008070642,0.35297223423918495,4945.600185293902,0.9339083333333577,0.0,0.0,0.0,4.202087999999953,0.2059383940819972,0.0072,0.0,10.1708,56.2262,calibrated:/Users/let/Documents/DO_A_PAPER_May_18/Papers/Paper_xAI_in_Cyber_2/6_Analysis_Results/xai_surfacebench/data/unsw_nb15_dedup/unsw_nb15_dedup_score_stream.csv
unsw_nb15_deduplicated_anchor,default,default,transient_overload,rate_limited,9,5000,0.24664253753732637,1.0351654365173384,53.29711760000002,0.48748760953175574,0.6612171290541529,0.6939782324253168,9150.47777062038,0.8910388888889489,0.0,0.0,0.0,4.332727999999996,0.20105147363458387,0.0,0.0,10.0884,55.9976,calibrated:/Users/let/Documents/DO_A_PAPER_May_18/Papers/Paper_xAI_in_Cyber_2/6_Analysis_Results/xai_surfacebench/data/unsw_nb15_dedup/unsw_nb15_dedup_score_stream.csv
unsw_nb15_deduplicated_anchor,default,default,transient_overload,fifo_explanation,9,5000,0.24678169149894263,1.0381410489844274,53.302262999999975,0.7186059450007948,0.5430953836173167,0.8922091082497937,9714.184756546963,1.7078388888887812,0.0,0.0,0.0,7.2332,0.19823436138451522,0.0,0.4442,10.0656,56.0024,calibrated:/Users/let/Documents/DO_A_PAPER_May_18/Papers/Paper_xAI_in_Cyber_2/6_Analysis_Results/xai_surfacebench/data/unsw_nb15_dedup/unsw_nb15_dedup_score_stream.csv
unsw_nb15_deduplicated_anchor,default,default,transient_overload,static_coarse_full,9,5000,0.24885617568672044,1.0373388899834515,53.26542516,0.4407798128922887,0.7345237366859548,0.3546332846484729,4882.216039087687,0.9343888888889149,0.0,0.0,0.0,4.206103999999953,0.2002890207644794,0.009,0.0,10.1332,56.282,calibrated:/Users/let/Documents/DO_A_PAPER_May_18/Papers/Paper_xAI_in_Cyber_2/6_Analysis_Results/xai_surfacebench/data/unsw_nb15_dedup/unsw_nb15_dedup_score_stream.csv
unsw_nb15_deduplicated_anchor,default,default,transient_overload,static_offload,9,5000,0.2463738211544213,1.026835203792537,53.24118679999998,0.4045196558729139,0.6294303300081757,0.552801011670073,4568.0058899456535,1.0827722222221827,0.3728043971800693,0.0,0.0,1.0301839999999123,0.19187661107709086,0.0,0.1616,10.0428,56.1736,calibrated:/Users/let/Documents/DO_A_PAPER_May_18/Papers/Paper_xAI_in_Cyber_2/6_Analysis_Results/xai_surfacebench/data/unsw_nb15_dedup/unsw_nb15_dedup_score_stream.csv
unsw_nb15_deduplicated_anchor,default,default,transient_overload,budget_only_bexgov,9,5000,0.24798609041550132,1.0348249885554124,53.30185874000002,0.36908812427124543,0.6404487784772394,0.3162661317417475,6720.046683806275,0.566660000000058,0.0,0.2557758058459653,0.0,3.2170080000001624,0.20020304231392627,0.0002,0.0,10.1198,56.2116,calibrated:/Users/let/Documents/DO_A_PAPER_May_18/Papers/Paper_xAI_in_Cyber_2/6_Analysis_Results/xai_surfacebench/data/unsw_nb15_dedup/unsw_nb15_dedup_score_stream.csv
unsw_nb15_deduplicated_anchor,default,default,transient_overload,xai_gate,9,5000,0.2476622929859392,1.0367475386002918,53.26396589999999,0.6835146890199191,0.7458384942793006,0.7709408485232737,3026.039609747534,0.9931911111114111,0.2355778735518564,0.15410620378790874,0.5765489699893243,4.27778399999919,0.1976478917092579,0.0102,0.0,10.1164,56.3126,calibrated:/Users/let/Documents/DO_A_PAPER_May_18/Papers/Paper_xAI_in_Cyber_2/6_Analysis_Results/xai_surfacebench/data/unsw_nb15_dedup/unsw_nb15_dedup_score_stream.csv
unsw_nb15_deduplicated_anchor,default,default,non_markovian,never_explain,9,5000,0.1326326216958387,1.2528192307692458,65.1466,0.0,0.0,0.0,15135.47430880809,0.0,0.0,0.0,0.0,0.0,0.1314332053794045,0.0,0.0,9.32,54.9156,calibrated:/Users/let/Documents/DO_A_PAPER_May_18/Papers/Paper_xAI_in_Cyber_2/6_Analysis_Results/xai_surfacebench/data/unsw_nb15_dedup/unsw_nb15_dedup_score_stream.csv
unsw_nb15_deduplicated_anchor,default,default,non_markovian,always_explain,9,5000,0.1365841229062139,1.274427161112667,65.19329499999995,1.0,1.0,0.8499999999999294,0.0,2.1890333333331515,0.0,0.0,0.0,9.2712,0.13098309600401126,0.0968,0.5406,9.2712,54.6498,calibrated:/Users/let/Documents/DO_A_PAPER_May_18/Papers/Paper_xAI_in_Cyber_2/6_Analysis_Results/xai_surfacebench/data/unsw_nb15_dedup/unsw_nb15_dedup_score_stream.csv
unsw_nb15_deduplicated_anchor,default,default,non_markovian,threshold_explain,9,5000,0.1342755597879614,1.2572343386179234,64.88570275999984,0.42203745525823444,0.7193379784397205,0.33825102266918633,4047.1860283983915,0.8215500000000746,0.0,0.0,0.0,3.7150800000000532,0.13299731572137707,0.0174,0.0,9.3872,55.2352,calibrated:/Users/let/Documents/DO_A_PAPER_May_18/Papers/Paper_xAI_in_Cyber_2/6_Analysis_Results/xai_surfacebench/data/unsw_nb15_dedup/unsw_nb15_dedup_score_stream.csv
unsw_nb15_deduplicated_anchor,default,default,non_markovian,rate_limited,9,5000,0.1377642516748391,1.3199850027968638,68.18644388000001,0.542079482637203,0.6849896977263982,0.5838110686615433,4477.97883584358,0.8385527777778604,0.0,0.0,0.0,4.29798400000009,0.13541329669224322,0.0,0.0,9.3706,55.0202,calibrated:/Users/let/Documents/DO_A_PAPER_May_18/Papers/Paper_xAI_in_Cyber_2/6_Analysis_Results/xai_surfacebench/data/unsw_nb15_dedup/unsw_nb15_dedup_score_stream.csv
unsw_nb15_deduplicated_anchor,default,default,non_markovian,fifo_explanation,9,5000,0.14236401155892753,1.2549605093986356,64.58225399999989,0.8194572562479888,0.6920646069540056,0.8770814115627221,1882.2197582576503,1.8038416666665718,0.0,0.0,0.0,7.6398,0.13102300381658338,0.0,0.4468,9.323,54.9532,calibrated:/Users/let/Documents/DO_A_PAPER_May_18/Papers/Paper_xAI_in_Cyber_2/6_Analysis_Results/xai_surfacebench/data/unsw_nb15_dedup/unsw_nb15_dedup_score_stream.csv
unsw_nb15_deduplicated_anchor,default,default,non_markovian,static_coarse_full,9,5000,0.13953340234169995,1.326706338585233,68.48413223999997,0.4191387457504022,0.7183573008879581,0.3360227928756428,4183.222484739161,0.8135305555556349,0.0,0.0,0.0,3.677576000000065,0.12847982530749036,0.0174,0.0,9.3538,55.259,calibrated:/Users/let/Documents/DO_A_PAPER_May_18/Papers/Paper_xAI_in_Cyber_2/6_Analysis_Results/xai_surfacebench/data/unsw_nb15_dedup/unsw_nb15_dedup_score_stream.csv
unsw_nb15_deduplicated_anchor,default,default,non_markovian,static_offload,9,5000,0.1351048869630884,1.182367376830141,61.37151651999997,0.385338075969186,0.6164476621703662,0.5225534090414669,3715.423346730242,0.9348055555555831,0.35054170473828483,0.0,0.0,0.9151759999999891,0.12336731589115679,0.0,0.0,9.1932,54.5574,calibrated:/Users/let/Documents/DO_A_PAPER_May_18/Papers/Paper_xAI_in_Cyber_2/6_Analysis_Results/xai_surfacebench/data/unsw_nb15_dedup/unsw_nb15_dedup_score_stream.csv
unsw_nb15_deduplicated_anchor,default,default,non_markovian,budget_only_bexgov,9,5000,0.13807700718672802,1.331511985713361,68.85666603999987,0.35325247810914173,0.6296069806262875,0.3023186109743439,5928.906499057842,0.5012661111111579,0.0,0.24183776145924768,0.0,2.841840000000109,0.12968156132057973,0.0004,0.0,9.3418,55.1294,calibrated:/Users/let/Documents/DO_A_PAPER_May_18/Papers/Paper_xAI_in_Cyber_2/6_Analysis_Results/xai_surfacebench/data/unsw_nb15_dedup/unsw_nb15_dedup_score_stream.csv
unsw_nb15_deduplicated_anchor,default,default,non_markovian,xai_gate,9,5000,0.1330513201001415,1.233084705424455,63.777741859999985,0.663267217511722,0.7728148272451824,0.7133701765011246,255.66946666904326,0.9015249999999901,0.20128915037203668,0.14890119397819693,0.4614336390378958,3.944475999999851,0.12318140793675858,0.0036,0.0,9.2464,54.8822,calibrated:/Users/let/Documents/DO_A_PAPER_May_18/Papers/Paper_xAI_in_Cyber_2/6_Analysis_Results/xai_surfacebench/data/unsw_nb15_dedup/unsw_nb15_dedup_score_stream.csv
unsw_nb15_deduplicated_anchor,default,default,rtt_uncertainty,never_explain,9,5000,0.0,0.016323076923076923,0.8488,0.0,0.0,0.0,9711.155275319115,0.0,0.0,0.0,0.0,0.0,0.0748221426320661,0.0,0.0,7.2654,45.0642,calibrated:/Users/let/Documents/DO_A_PAPER_May_18/Papers/Paper_xAI_in_Cyber_2/6_Analysis_Results/xai_surfacebench/data/unsw_nb15_dedup/unsw_nb15_dedup_score_stream.csv
unsw_nb15_deduplicated_anchor,default,default,rtt_uncertainty,always_explain,9,5000,0.0,0.018151844649027943,0.9347979999999992,1.0,1.0,0.84999999999995,0.0,1.7072249999998996,0.0,0.0,0.0,7.2306,0.07322242804217871,0.0002,0.415,7.2306,44.9152,calibrated:/Users/let/Documents/DO_A_PAPER_May_18/Papers/Paper_xAI_in_Cyber_2/6_Analysis_Results/xai_surfacebench/data/unsw_nb15_dedup/unsw_nb15_dedup_score_stream.csv
unsw_nb15_deduplicated_anchor,default,default,rtt_uncertainty,threshold_explain,9,5000,0.0,0.014750776447815068,0.764152359999999,0.40617798311471254,0.7067829838470192,0.3245799301488019,1493.6619038019082,0.6084305555556216,0.0,0.0,0.0,2.7610880000000755,0.0785391093888328,0.0,0.0,7.2726,44.9534,calibrated:/Users/let/Documents/DO_A_PAPER_May_18/Papers/Paper_xAI_in_Cyber_2/6_Analysis_Results/xai_surfacebench/data/unsw_nb15_dedup/unsw_nb15_dedup_score_stream.csv
unsw_nb15_deduplicated_anchor,default,default,rtt_uncertainty,rate_limited,9,5000,0.0,0.01548989078695717,0.801477839999999,0.6359604025377616,0.7663783998647703,0.45286589367756075,1.039550569324658,0.7183222222222977,0.0,0.0,0.0,3.828224000000127,0.0826157688043343,0.0,0.0,7.3136,45.0366,calibrated:/Users/let/Documents/DO_A_PAPER_May_18/Papers/Paper_xAI_in_Cyber_2/6_Analysis_Results/xai_surfacebench/data/unsw_nb15_dedup/unsw_nb15_dedup_score_stream.csv
unsw_nb15_deduplicated_anchor,default,default,rtt_uncertainty,fifo_explanation,9,5000,0.0,0.016304798827359825,0.8399769999999986,0.9911543810848401,0.9834803665977814,0.8513268428372236,0.1325636658426256,1.6826222222221245,0.0,0.0,0.0,7.1264,0.06829511095262109,0.0,0.4054,7.19,44.869,calibrated:/Users/let/Documents/DO_A_PAPER_May_18/Papers/Paper_xAI_in_Cyber_2/6_Analysis_Results/xai_surfacebench/data/unsw_nb15_dedup/unsw_nb15_dedup_score_stream.csv
unsw_nb15_deduplicated_anchor,default,default,rtt_uncertainty,static_coarse_full,9,5000,0.0,0.01647087293336155,0.8534020799999984,0.40446582541812265,0.7043497067412711,0.3228943694741965,1560.5232816289772,0.6073250000000648,0.0,0.0,0.0,2.7593280000000684,0.08140669008091495,0.0,0.0,7.3066,45.0438,calibrated:/Users/let/Documents/DO_A_PAPER_May_18/Papers/Paper_xAI_in_Cyber_2/6_Analysis_Results/xai_surfacebench/data/unsw_nb15_dedup/unsw_nb15_dedup_score_stream.csv
unsw_nb15_deduplicated_anchor,default,default,rtt_uncertainty,static_offload,9,5000,0.0,0.015421534434234201,0.8011893999999999,0.37136139846211325,0.6071337666998274,0.6130700281190258,1191.2269434712703,0.7042888888889173,0.33514963766111633,0.0,0.0,0.7014560000000161,0.07032579895495461,0.0,0.0,7.2308,45.038,calibrated:/Users/let/Documents/DO_A_PAPER_May_18/Papers/Paper_xAI_in_Cyber_2/6_Analysis_Results/xai_surfacebench/data/unsw_nb15_dedup/unsw_nb15_dedup_score_stream.csv
unsw_nb15_deduplicated_anchor,default,default,rtt_uncertainty,budget_only_bexgov,9,5000,0.0,0.017468819566124293,0.9058198200000006,0.3406744052971427,0.620550814100608,0.2889097795580361,2794.3708300231924,0.37677055555558486,0.0,0.22488351181231095,0.0,2.142812000000039,0.08200621801987329,0.0,0.0,7.3398,45.2234,calibrated:/Users/let/Documents/DO_A_PAPER_May_18/Papers/Paper_xAI_in_Cyber_2/6_Analysis_Results/xai_surfacebench/data/unsw_nb15_dedup/unsw_nb15_dedup_score_stream.csv
unsw_nb15_deduplicated_anchor,default,default,rtt_uncertainty,xai_gate,9,5000,0.0,0.01604904577162631,0.83027304,0.6627828587076233,0.8152382480872088,0.5516296088121214,0.7823335767035831,0.6694427777777666,0.017086527929901424,0.021823658269441402,0.31579956188389924,4.011671999999637,0.0818384736953579,0.0,0.0,7.304,45.0098,calibrated:/Users/let/Documents/DO_A_PAPER_May_18/Papers/Paper_xAI_in_Cyber_2/6_Analysis_Results/xai_surfacebench/data/unsw_nb15_dedup/unsw_nb15_dedup_score_stream.csv
unsw_nb15_deduplicated_anchor,default,default,adversarial_explanation_flood,never_explain,10,5000,0.0,0.017361538461538446,0.9028,0.0,0.0,0.0,25682.587093467653,0.0,0.0,0.0,0.0,0.0,0.7958933496782092,0.0,0.0,12.1302,45.0294,calibrated:/Users/let/Documents/DO_A_PAPER_May_18/Papers/Paper_xAI_in_Cyber_2/6_Analysis_Results/xai_surfacebench/data/unsw_nb15_dedup/unsw_nb15_dedup_score_stream.csv
unsw_nb15_deduplicated_anchor,default,default,adversarial_explanation_flood,always_explain,10,5000,0.0,0.019263386556360017,0.9857310000000005,1.0,1.0,0.8499999999999552,0.0,2.869033333333182,0.0,0.0,0.0,12.1512,0.8014107433532311,0.04,0.6522,12.1512,44.9692,calibrated:/Users/let/Documents/DO_A_PAPER_May_18/Papers/Paper_xAI_in_Cyber_2/6_Analysis_Results/xai_surfacebench/data/unsw_nb15_dedup/unsw_nb15_dedup_score_stream.csv
unsw_nb15_deduplicated_anchor,default,default,adversarial_explanation_flood,threshold_explain,10,5000,0.0,0.019392715005289222,0.9986557200000005,0.6341911885044749,0.8458761798643268,0.521491113220511,4328.39883935226,1.7027055555555124,0.0,0.0,0.0,7.474567999999845,0.8081714244284521,0.0002,0.4132,12.2204,45.0562,calibrated:/Users/let/Documents/DO_A_PAPER_May_18/Papers/Paper_xAI_in_Cyber_2/6_Analysis_Results/xai_surfacebench/data/unsw_nb15_dedup/unsw_nb15_dedup_score_stream.csv
unsw_nb15_deduplicated_anchor,default,default,adversarial_explanation_flood,rate_limited,10,5000,0.0,0.01942185895183797,1.0004100000000022,0.678026313630927,0.8322976567529119,0.72182932230915,5558.343151325222,1.7043555555555077,0.0,0.0,0.0,7.730215999999764,0.8042088438998409,0.0,0.4118,12.1914,45.048,calibrated:/Users/let/Documents/DO_A_PAPER_May_18/Papers/Paper_xAI_in_Cyber_2/6_Analysis_Results/xai_surfacebench/data/unsw_nb15_dedup/unsw_nb15_dedup_score_stream.csv
unsw_nb15_deduplicated_anchor,default,default,adversarial_explanation_flood,fifo_explanation,10,5000,0.0,0.01774391802799172,0.9113189999999928,0.8828092625437186,0.836181720481725,0.8675786106183875,2354.422635134158,2.5150083333331748,0.0,0.0,0.0,10.6518,0.7944965480726613,0.0,0.6008,12.0658,44.8252,calibrated:/Users/let/Documents/DO_A_PAPER_May_18/Papers/Paper_xAI_in_Cyber_2/6_Analysis_Results/xai_surfacebench/data/unsw_nb15_dedup/unsw_nb15_dedup_score_stream.csv
unsw_nb15_deduplicated_anchor,default,default,adversarial_explanation_flood,static_coarse_full,10,5000,0.0,0.018019815711828393,0.9280014000000012,0.631911511458481,0.8445608914080872,0.5194587031394781,4262.719322917945,1.6757416666666105,0.0,0.0,0.0,7.358711999999879,0.7870971655665966,0.0002,0.4054,12.0784,45.0578,calibrated:/Users/let/Documents/DO_A_PAPER_May_18/Papers/Paper_xAI_in_Cyber_2/6_Analysis_Results/xai_surfacebench/data/unsw_nb15_dedup/unsw_nb15_dedup_score_stream.csv
unsw_nb15_deduplicated_anchor,default,default,adversarial_explanation_flood,static_offload,10,5000,0.0,0.014569183817725833,0.7560172000000012,0.5765611120250267,0.7193525254188842,0.8258738279323076,3685.186676106257,1.984883333333287,0.5745023852607337,0.0,0.0,1.567751999999944,0.8051243676942432,0.0,0.4972,12.158,44.9018,calibrated:/Users/let/Documents/DO_A_PAPER_May_18/Papers/Paper_xAI_in_Cyber_2/6_Analysis_Results/xai_surfacebench/data/unsw_nb15_dedup/unsw_nb15_dedup_score_stream.csv
unsw_nb15_deduplicated_anchor,default,default,adversarial_explanation_flood,budget_only_bexgov,10,5000,0.0,0.015990297240078697,0.8257377599999992,0.5048702406386291,0.7166537494225907,0.4511882877063926,8057.911399939359,0.8919372222222997,0.0,0.4063364303340455,0.043954224010864344,5.291291999999942,0.7930671988169131,0.0,0.0,12.0762,44.8996,calibrated:/Users/let/Documents/DO_A_PAPER_May_18/Papers/Paper_xAI_in_Cyber_2/6_Analysis_Results/xai_surfacebench/data/unsw_nb15_dedup/unsw_nb15_dedup_score_stream.csv
unsw_nb15_deduplicated_anchor,default,default,adversarial_explanation_flood,xai_gate,10,5000,0.0,0.018280068106221133,0.9424514799999996,0.6552089319325796,0.7308825210649612,0.6489261327987312,2781.141419569652,1.0,0.034512368308068295,0.12741504012682056,0.5588464777559324,6.642697499994027,0.7926857427043952,0.0004,0.0,12.1116,45.0408,calibrated:/Users/let/Documents/DO_A_PAPER_May_18/Papers/Paper_xAI_in_Cyber_2/6_Analysis_Results/xai_surfacebench/data/unsw_nb15_dedup/unsw_nb15_dedup_score_stream.csv
unsw_nb15_deduplicated_anchor,default,default,transient_overload,never_explain,10,5000,0.24503768687670677,1.0239961538461686,53.2478,0.0,0.0,0.0,17275.43909819422,0.0,0.0,0.0,0.0,0.0,0.20773652060702674,0.0,0.0,10.1764,56.1734,calibrated:/Users/let/Documents/DO_A_PAPER_May_18/Papers/Paper_xAI_in_Cyber_2/6_Analysis_Results/xai_surfacebench/data/unsw_nb15_dedup/unsw_nb15_dedup_score_stream.csv
unsw_nb15_deduplicated_anchor,default,default,transient_overload,always_explain,10,5000,0.25162763282546585,1.0515062587620987,53.24283300000004,1.0,1.0,0.849999999999916,0.0,2.383683333333098,0.0,0.0,0.0,10.0956,0.19850987598919767,0.1998,0.5248,10.0956,56.1564,calibrated:/Users/let/Documents/DO_A_PAPER_May_18/Papers/Paper_xAI_in_Cyber_2/6_Analysis_Results/xai_surfacebench/data/unsw_nb15_dedup/unsw_nb15_dedup_score_stream.csv
unsw_nb15_deduplicated_anchor,default,default,transient_overload,threshold_explain,10,5000,0.2486006189439532,1.035398467478415,53.15866152000001,0.4428141870435211,0.7349642457258666,0.35615572403936896,4833.808699460029,0.9327944444444751,0.0,0.0,0.0,4.200519999999936,0.19482268797161706,0.0086,0.0,10.0768,56.2248,calibrated:/Users/let/Documents/DO_A_PAPER_May_18/Papers/Paper_xAI_in_Cyber_2/6_Analysis_Results/xai_surfacebench/data/unsw_nb15_dedup/unsw_nb15_dedup_score_stream.csv
unsw_nb15_deduplicated_anchor,default,default,transient_overload,rate_limited,10,5000,0.24768967553307647,1.0352899767001316,53.304753159999954,0.4856319894933882,0.6604806036605221,0.6961286663747698,9167.237653286953,0.8854777777778379,0.0,0.0,0.0,4.302616000000011,0.19600696365737336,0.0,0.0,10.0508,56.0242,calibrated:/Users/let/Documents/DO_A_PAPER_May_18/Papers/Paper_xAI_in_Cyber_2/6_Analysis_Results/xai_surfacebench/data/unsw_nb15_dedup/unsw_nb15_dedup_score_stream.csv
unsw_nb15_deduplicated_anchor,default,default,transient_overload,fifo_explanation,10,5000,0.2486005168197527,1.038822345837696,53.33696599999995,0.7170450493284203,0.5369562013594974,0.8924432426006548,9856.300565023259,1.7092083333332382,0.0,0.0,0.0,7.239,0.19614979952796796,0.0,0.4452,10.0956,56.2672,calibrated:/Users/let/Documents/DO_A_PAPER_May_18/Papers/Paper_xAI_in_Cyber_2/6_Analysis_Results/xai_surfacebench/data/unsw_nb15_dedup/unsw_nb15_dedup_score_stream.csv
unsw_nb15_deduplicated_anchor,default,default,transient_overload,static_coarse_full,10,5000,0.24728365658880685,1.0362844636492017,53.20928055999998,0.4379729542439803,0.7324512329045707,0.3522185043657232,4900.890471154418,0.9245888888889244,0.0,0.0,0.0,4.164175999999949,0.202036753427407,0.0088,0.0,10.1014,56.0238,calibrated:/Users/let/Documents/DO_A_PAPER_May_18/Papers/Paper_xAI_in_Cyber_2/6_Analysis_Results/xai_surfacebench/data/unsw_nb15_dedup/unsw_nb15_dedup_score_stream.csv
unsw_nb15_deduplicated_anchor,default,default,transient_overload,static_offload,10,5000,0.24752682417115346,1.0282771128887755,53.31397664,0.40374595405389024,0.6297019500710365,0.5523146759296035,4680.2624625689095,1.0919333333332846,0.37274019104760403,0.0,0.0,1.034879999999907,0.19646736563710165,0.0,0.1822,10.1336,56.464,calibrated:/Users/let/Documents/DO_A_PAPER_May_18/Papers/Paper_xAI_in_Cyber_2/6_Analysis_Results/xai_surfacebench/data/unsw_nb15_dedup/unsw_nb15_dedup_score_stream.csv
unsw_nb15_deduplicated_anchor,default,default,transient_overload,budget_only_bexgov,10,5000,0.24772142302762737,1.0332497685080053,53.21488368000001,0.36631314617544075,0.6403108522412457,0.31414572420694714,6887.015266242423,0.5665950000000561,0.0,0.2550173621328939,0.0,3.2172600000001683,0.20984050128168796,0.0002,0.0,10.1946,56.176,calibrated:/Users/let/Documents/DO_A_PAPER_May_18/Papers/Paper_xAI_in_Cyber_2/6_Analysis_Results/xai_surfacebench/data/unsw_nb15_dedup/unsw_nb15_dedup_score_stream.csv
unsw_nb15_deduplicated_anchor,default,default,transient_overload,xai_gate,10,5000,0.2461169662067417,1.035729226492732,53.21575653999996,0.6842720455134271,0.747124731538119,0.7717129159953928,2959.6346064874565,0.9915683333336389,0.2360406596248334,0.15450259593005908,0.5739889797298642,4.2577599999992195,0.1958053685288459,0.0094,0.0,10.0542,56.0526,calibrated:/Users/let/Documents/DO_A_PAPER_May_18/Papers/Paper_xAI_in_Cyber_2/6_Analysis_Results/xai_surfacebench/data/unsw_nb15_dedup/unsw_nb15_dedup_score_stream.csv
unsw_nb15_deduplicated_anchor,default,default,non_markovian,never_explain,10,5000,0.13769499755403766,1.2262115384615537,63.763,0.0,0.0,0.0,14963.351633116023,0.0,0.0,0.0,0.0,0.0,0.12514268113710014,0.0,0.0,9.315,55.193,calibrated:/Users/let/Documents/DO_A_PAPER_May_18/Papers/Paper_xAI_in_Cyber_2/6_Analysis_Results/xai_surfacebench/data/unsw_nb15_dedup/unsw_nb15_dedup_score_stream.csv
unsw_nb15_deduplicated_anchor,default,default,non_markovian,always_explain,10,5000,0.13914693769242809,1.3274545748053774,67.914742,1.0,1.0,0.849999999999937,0.0,2.2001305555553925,0.0,0.0,0.0,9.3182,0.1290559051215978,0.0946,0.545,9.3182,55.0206,calibrated:/Users/let/Documents/DO_A_PAPER_May_18/Papers/Paper_xAI_in_Cyber_2/6_Analysis_Results/xai_surfacebench/data/unsw_nb15_dedup/unsw_nb15_dedup_score_stream.csv
unsw_nb15_deduplicated_anchor,default,default,non_markovian,threshold_explain,10,5000,0.14018135044747665,1.283616161087512,66.24386675999992,0.4207868498486534,0.7185195114647802,0.33719596096447746,4215.06254534541,0.8241083333334124,0.0,0.0,0.0,3.727344000000057,0.13738746872960994,0.0164,0.0,9.4478,55.3772,calibrated:/Users/let/Documents/DO_A_PAPER_May_18/Papers/Paper_xAI_in_Cyber_2/6_Analysis_Results/xai_surfacebench/data/unsw_nb15_dedup/unsw_nb15_dedup_score_stream.csv
unsw_nb15_deduplicated_anchor,default,default,non_markovian,rate_limited,10,5000,0.13729118005749258,1.2591674535491217,65.04023200000006,0.5390078217079389,0.681791613868964,0.5844583735133232,4542.630674463452,0.8286194444445313,0.0,0.0,0.0,4.252504000000111,0.12917041725949985,0.0,0.0,9.333,55.1024,calibrated:/Users/let/Documents/DO_A_PAPER_May_18/Papers/Paper_xAI_in_Cyber_2/6_Analysis_Results/xai_surfacebench/data/unsw_nb15_dedup/unsw_nb15_dedup_score_stream.csv
unsw_nb15_deduplicated_anchor,default,default,non_markovian,fifo_explanation,10,5000,0.13775136452700698,1.4167051726101565,72.9325279999999,0.8245914997641206,0.700577439179153,0.876311275035303,1677.545678314911,1.8158833333332383,0.0,0.0,0.0,7.6908,0.1260049087961166,0.0,0.447,9.3268,55.2206,calibrated:/Users/let/Documents/DO_A_PAPER_May_18/Papers/Paper_xAI_in_Cyber_2/6_Analysis_Results/xai_surfacebench/data/unsw_nb15_dedup/unsw_nb15_dedup_score_stream.csv
unsw_nb15_deduplicated_anchor,default,default,non_markovian,static_coarse_full,10,5000,0.13759277845998935,1.245689678341383,64.28618624000003,0.4197295511700388,0.7189444441998859,0.33655428157369627,4090.0661477379754,0.8176638888889688,0.0,0.0,0.0,3.6955040000000605,0.13312299487194545,0.0164,0.0,9.3844,55.2126,calibrated:/Users/let/Documents/DO_A_PAPER_May_18/Papers/Paper_xAI_in_Cyber_2/6_Analysis_Results/xai_surfacebench/data/unsw_nb15_dedup/unsw_nb15_dedup_score_stream.csv
unsw_nb15_deduplicated_anchor,default,default,non_markovian,static_offload,10,5000,0.1375203953135629,1.2675603177556083,65.79690240000004,0.3876409894898718,0.6192023909610942,0.5273564470648594,4002.8708262662194,0.9616722222222468,0.3545458429462531,0.0,0.0,0.9304399999999925,0.13516246485353967,0.0,0.0,9.3624,54.9842,calibrated:/Users/let/Documents/DO_A_PAPER_May_18/Papers/Paper_xAI_in_Cyber_2/6_Analysis_Results/xai_surfacebench/data/unsw_nb15_dedup/unsw_nb15_dedup_score_stream.csv
unsw_nb15_deduplicated_anchor,default,default,non_markovian,budget_only_bexgov,10,5000,0.13518408434001455,1.2360854282910376,63.915386099999864,0.34999764881906337,0.6266147293756743,0.2989238003633777,5812.635329061853,0.49565722222226477,0.0,0.23858074169071283,0.0,2.8157280000001137,0.13113392640195132,0.0004,0.0,9.357,55.1482,calibrated:/Users/let/Documents/DO_A_PAPER_May_18/Papers/Paper_xAI_in_Cyber_2/6_Analysis_Results/xai_surfacebench/data/unsw_nb15_dedup/unsw_nb15_dedup_score_stream.csv
unsw_nb15_deduplicated_anchor,default,default,non_markovian,xai_gate,10,5000,0.13760427917133658,1.3119919561687523,67.86025555999989,0.6625141507426949,0.7706860666351926,0.7134964037962416,281.3270438689434,0.9073316666666514,0.20289824232880793,0.1419117334127761,0.4725496871941099,3.9823359999998247,0.12895650680283421,0.0036,0.0,9.3988,55.5014,calibrated:/Users/let/Documents/DO_A_PAPER_May_18/Papers/Paper_xAI_in_Cyber_2/6_Analysis_Results/xai_surfacebench/data/unsw_nb15_dedup/unsw_nb15_dedup_score_stream.csv
unsw_nb15_deduplicated_anchor,default,default,rtt_uncertainty,never_explain,10,5000,0.0,0.01419230769230772,0.738,0.0,0.0,0.0,9482.465575369986,0.0,0.0,0.0,0.0,0.0,0.07454967005528812,0.0,0.0,7.23,44.856,calibrated:/Users/let/Documents/DO_A_PAPER_May_18/Papers/Paper_xAI_in_Cyber_2/6_Analysis_Results/xai_surfacebench/data/unsw_nb15_dedup/unsw_nb15_dedup_score_stream.csv
unsw_nb15_deduplicated_anchor,default,default,rtt_uncertainty,always_explain,10,5000,0.0,0.017392438290630873,0.8958379999999994,1.0,1.0,0.8499999999999502,0.0,1.7080749999999,0.0,0.0,0.0,7.2342,0.070966996948852,0.0,0.4156,7.2342,45.0322,calibrated:/Users/let/Documents/DO_A_PAPER_May_18/Papers/Paper_xAI_in_Cyber_2/6_Analysis_Results/xai_surfacebench/data/unsw_nb15_dedup/unsw_nb15_dedup_score_stream.csv
unsw_nb15_deduplicated_anchor,default,default,rtt_uncertainty,threshold_explain,10,5000,0.0,0.016858371263897186,0.8734334799999995,0.40348086613101647,0.7064295347001837,0.32266239956423404,1638.0395228642733,0.6112750000000656,0.0,0.0,0.0,2.771544000000072,0.08791470914615851,0.0,0.0,7.343,44.9974,calibrated:/Users/let/Documents/DO_A_PAPER_May_18/Papers/Paper_xAI_in_Cyber_2/6_Analysis_Results/xai_surfacebench/data/unsw_nb15_dedup/unsw_nb15_dedup_score_stream.csv
unsw_nb15_deduplicated_anchor,default,default,rtt_uncertainty,rate_limited,10,5000,0.0,0.01557298461014773,0.8057217999999982,0.6341034313458261,0.7639793442459074,0.450840106922728,1.0161104289436063,0.7150111111111829,0.0,0.0,0.0,3.8202400000001013,0.0877608362187392,0.0,0.0,7.3324,44.9388,calibrated:/Users/let/Documents/DO_A_PAPER_May_18/Papers/Paper_xAI_in_Cyber_2/6_Analysis_Results/xai_surfacebench/data/unsw_nb15_dedup/unsw_nb15_dedup_score_stream.csv
unsw_nb15_deduplicated_anchor,default,default,rtt_uncertainty,fifo_explanation,10,5000,0.0,0.016668087343552462,0.8585949999999999,0.9915722650905708,0.9843555605413208,0.8512641602363681,0.10527842100651776,1.7112388888887962,0.0,0.0,0.0,7.2476,0.08603981492212398,0.0,0.4142,7.3092,44.8676,calibrated:/Users/let/Documents/DO_A_PAPER_May_18/Papers/Paper_xAI_in_Cyber_2/6_Analysis_Results/xai_surfacebench/data/unsw_nb15_dedup/unsw_nb15_dedup_score_stream.csv
unsw_nb15_deduplicated_anchor,default,default,rtt_uncertainty,static_coarse_full,10,5000,0.0,0.013701629664792719,0.7097540799999994,0.4012161232631793,0.702583151019285,0.32026826248454454,1510.3036922962979,0.5992083333333926,0.0,0.0,0.0,2.7227760000000645,0.08133437465134374,0.0,0.0,7.269,44.815,calibrated:/Users/let/Documents/DO_A_PAPER_May_18/Papers/Paper_xAI_in_Cyber_2/6_Analysis_Results/xai_surfacebench/data/unsw_nb15_dedup/unsw_nb15_dedup_score_stream.csv
unsw_nb15_deduplicated_anchor,default,default,rtt_uncertainty,static_offload,10,5000,0.0,0.015972580224648543,0.8298115200000017,0.3710569260477928,0.6072544952987309,0.6129568166865393,1403.0210373765428,0.7160277777778068,0.33511028911795904,0.0,0.0,0.7120720000000151,0.08796614808732617,0.0,0.0,7.3534,45.059,calibrated:/Users/let/Documents/DO_A_PAPER_May_18/Papers/Paper_xAI_in_Cyber_2/6_Analysis_Results/xai_surfacebench/data/unsw_nb15_dedup/unsw_nb15_dedup_score_stream.csv
unsw_nb15_deduplicated_anchor,default,default,rtt_uncertainty,budget_only_bexgov,10,5000,0.0,0.01593141497621876,0.8260714399999993,0.3437684325505142,0.6234190588339539,0.29169852539596863,2708.1560256857274,0.381111111111141,0.0,0.22583287820862916,0.0,2.1608720000000465,0.08343836354061307,0.0,0.0,7.324,45.0664,calibrated:/Users/let/Documents/DO_A_PAPER_May_18/Papers/Paper_xAI_in_Cyber_2/6_Analysis_Results/xai_surfacebench/data/unsw_nb15_dedup/unsw_nb15_dedup_score_stream.csv
unsw_nb15_deduplicated_anchor,default,default,rtt_uncertainty,xai_gate,10,5000,0.0,0.015342836407371283,0.79379648,0.6603561757392139,0.8133612329772789,0.5485310127751398,0.7366599587861931,0.657763888888881,0.016966012710693562,0.023017408123791102,0.3122685824813484,3.9526799999996585,0.07216287158338708,0.0,0.0,7.238,45.0056,calibrated:/Users/let/Documents/DO_A_PAPER_May_18/Papers/Paper_xAI_in_Cyber_2/6_Analysis_Results/xai_surfacebench/data/unsw_nb15_dedup/unsw_nb15_dedup_score_stream.csv
unsw_nb15_deduplicated_anchor,default,default,adversarial_explanation_flood,never_explain,11,5000,0.0,0.013115384615384605,0.682,0.0,0.0,0.0,25879.667968152888,0.0,0.0,0.0,0.0,0.0,0.8022415925432675,0.0,0.0,12.1388,44.9026,calibrated:/Users/let/Documents/DO_A_PAPER_May_18/Papers/Paper_xAI_in_Cyber_2/6_Analysis_Results/xai_surfacebench/data/unsw_nb15_dedup/unsw_nb15_dedup_score_stream.csv
unsw_nb15_deduplicated_anchor,default,default,adversarial_explanation_flood,always_explain,11,5000,0.0,0.021007792156814715,1.0750310000000014,1.0,1.0,0.8499999999999472,0.0,2.867758333333155,0.0,0.0,0.0,12.1458,0.7998657413787711,0.0408,0.6518,12.1458,44.9878,calibrated:/Users/let/Documents/DO_A_PAPER_May_18/Papers/Paper_xAI_in_Cyber_2/6_Analysis_Results/xai_surfacebench/data/unsw_nb15_dedup/unsw_nb15_dedup_score_stream.csv
unsw_nb15_deduplicated_anchor,default,default,adversarial_explanation_flood,threshold_explain,11,5000,0.0,0.01679694826944332,0.8650880399999998,0.6324596172344105,0.845889915433974,0.5202112839563457,4112.965893341964,1.676741666666627,0.0,0.0,0.0,7.358303999999868,0.7898450382098552,0.0004,0.4026,12.0596,44.9186,calibrated:/Users/let/Documents/DO_A_PAPER_May_18/Papers/Paper_xAI_in_Cyber_2/6_Analysis_Results/xai_surfacebench/data/unsw_nb15_dedup/unsw_nb15_dedup_score_stream.csv
unsw_nb15_deduplicated_anchor,default,default,adversarial_explanation_flood,rate_limited,11,5000,0.0,0.018599463037071426,0.9580454000000019,0.6726431153839943,0.8282823048066571,0.7278837891733118,6102.565001693844,1.7163611111110622,0.0,0.0,0.0,7.771743999999728,0.8197964563519995,0.0002,0.4204,12.3362,45.1926,calibrated:/Users/let/Documents/DO_A_PAPER_May_18/Papers/Paper_xAI_in_Cyber_2/6_Analysis_Results/xai_surfacebench/data/unsw_nb15_dedup/unsw_nb15_dedup_score_stream.csv
unsw_nb15_deduplicated_anchor,default,default,adversarial_explanation_flood,fifo_explanation,11,5000,0.0,0.019483708463908917,1.0006889999999902,0.8800438883794052,0.8318606471980334,0.8679934167430374,2711.897101565639,2.5376749999998522,0.0,0.0,0.0,10.7478,0.8046517126222763,0.0,0.6056,12.2128,45.116,calibrated:/Users/let/Documents/DO_A_PAPER_May_18/Papers/Paper_xAI_in_Cyber_2/6_Analysis_Results/xai_surfacebench/data/unsw_nb15_dedup/unsw_nb15_dedup_score_stream.csv
unsw_nb15_deduplicated_anchor,default,default,adversarial_explanation_flood,static_coarse_full,11,5000,0.0,0.01701550807839992,0.8762391599999991,0.63114994510807,0.8445608087623971,0.5188893804584667,4268.9425441009735,1.6917861111110797,0.0,0.0,0.0,7.428255999999857,0.8076560806127664,0.0,0.407,12.2058,45.0152,calibrated:/Users/let/Documents/DO_A_PAPER_May_18/Papers/Paper_xAI_in_Cyber_2/6_Analysis_Results/xai_surfacebench/data/unsw_nb15_dedup/unsw_nb15_dedup_score_stream.csv
unsw_nb15_deduplicated_anchor,default,default,adversarial_explanation_flood,static_offload,11,5000,0.0,0.015113464047110378,0.7842896000000006,0.5745554238293059,0.7183678679131388,0.8225182770204327,3734.9803953127393,1.974611111111074,0.5719554765197918,0.0,0.0,1.5634719999999422,0.797541300207331,0.0,0.491,12.1464,45.0482,calibrated:/Users/let/Documents/DO_A_PAPER_May_18/Papers/Paper_xAI_in_Cyber_2/6_Analysis_Results/xai_surfacebench/data/unsw_nb15_dedup/unsw_nb15_dedup_score_stream.csv
unsw_nb15_deduplicated_anchor,default,default,adversarial_explanation_flood,budget_only_bexgov,11,5000,0.0,0.017390166195430212,0.8980657200000002,0.504269485330455,0.7153928222534855,0.4504371233823891,8214.476810176846,0.8927922222222957,0.0,0.40348710856465475,0.04693931311534789,5.31189599999994,0.802777270723795,0.0,0.0,12.1476,44.9218,calibrated:/Users/let/Documents/DO_A_PAPER_May_18/Papers/Paper_xAI_in_Cyber_2/6_Analysis_Results/xai_surfacebench/data/unsw_nb15_dedup/unsw_nb15_dedup_score_stream.csv
unsw_nb15_deduplicated_anchor,default,default,adversarial_explanation_flood,xai_gate,11,5000,0.0,0.017573126806433616,0.9055339200000002,0.6506139277911085,0.7257815586269054,0.6454346585773243,2975.205722921313,1.0,0.03043985092025547,0.12857307041883528,0.5501851182941758,6.672215499993994,0.8097271310504865,0.0,0.0,12.1814,44.8738,calibrated:/Users/let/Documents/DO_A_PAPER_May_18/Papers/Paper_xAI_in_Cyber_2/6_Analysis_Results/xai_surfacebench/data/unsw_nb15_dedup/unsw_nb15_dedup_score_stream.csv
unsw_nb15_deduplicated_anchor,default,default,transient_overload,never_explain,11,5000,0.24483967008077037,1.0244500000000152,53.2714,0.0,0.0,0.0,17042.750408954005,0.0,0.0,0.0,0.0,0.0,0.1979040537139607,0.0,0.0,10.091,56.1592,calibrated:/Users/let/Documents/DO_A_PAPER_May_18/Papers/Paper_xAI_in_Cyber_2/6_Analysis_Results/xai_surfacebench/data/unsw_nb15_dedup/unsw_nb15_dedup_score_stream.csv
unsw_nb15_deduplicated_anchor,default,default,transient_overload,always_explain,11,5000,0.25056540097942587,1.0533622279789785,53.34441699999998,1.0,1.0,0.8499999999999187,0.0,2.387036111110883,0.0,0.0,0.0,10.1098,0.20284309666243705,0.2002,0.5254,10.1098,56.0328,calibrated:/Users/let/Documents/DO_A_PAPER_May_18/Papers/Paper_xAI_in_Cyber_2/6_Analysis_Results/xai_surfacebench/data/unsw_nb15_dedup/unsw_nb15_dedup_score_stream.csv
unsw_nb15_deduplicated_anchor,default,default,transient_overload,threshold_explain,11,5000,0.24670228022556132,1.0393697769828012,53.366865839999925,0.4402730950775599,0.7344546068927041,0.3542580619570748,4855.277355701145,0.9290138888889249,0.0,0.0,0.0,4.181455999999957,0.19895232558277853,0.009,0.0,10.0844,56.0734,calibrated:/Users/let/Documents/DO_A_PAPER_May_18/Papers/Paper_xAI_in_Cyber_2/6_Analysis_Results/xai_surfacebench/data/unsw_nb15_dedup/unsw_nb15_dedup_score_stream.csv
unsw_nb15_deduplicated_anchor,default,default,transient_overload,rate_limited,11,5000,0.24591544030069284,1.0344647907912263,53.263610560000046,0.48743117093293153,0.6620361548057266,0.6914740768516779,9107.876011749635,0.8919861111111688,0.0,0.0,0.0,4.345312000000008,0.20458927378498593,0.0,0.0,10.1338,56.0844,calibrated:/Users/let/Documents/DO_A_PAPER_May_18/Papers/Paper_xAI_in_Cyber_2/6_Analysis_Results/xai_surfacebench/data/unsw_nb15_dedup/unsw_nb15_dedup_score_stream.csv
unsw_nb15_deduplicated_anchor,default,default,transient_overload,fifo_explanation,11,5000,0.24744386864656004,1.037756883766052,53.281904999999945,0.7148908374735259,0.535806023245255,0.8927663743788747,9927.08750871028,1.7055249999998978,0.0,0.0,0.0,7.2234,0.20455011468272488,0.0,0.4418,10.1042,55.9224,calibrated:/Users/let/Documents/DO_A_PAPER_May_18/Papers/Paper_xAI_in_Cyber_2/6_Analysis_Results/xai_surfacebench/data/unsw_nb15_dedup/unsw_nb15_dedup_score_stream.csv
unsw_nb15_deduplicated_anchor,default,default,transient_overload,static_coarse_full,11,5000,0.24718664374522942,1.0379803383056507,53.288670600000025,0.4445308951598718,0.7357026949285144,0.35752582002013333,4846.645202850873,0.9410861111111337,0.0,0.0,0.0,4.238007999999973,0.20406498845606547,0.0112,0.0,10.1278,56.0756,calibrated:/Users/let/Documents/DO_A_PAPER_May_18/Papers/Paper_xAI_in_Cyber_2/6_Analysis_Results/xai_surfacebench/data/unsw_nb15_dedup/unsw_nb15_dedup_score_stream.csv
unsw_nb15_deduplicated_anchor,default,default,transient_overload,static_offload,11,5000,0.24455894632631567,1.0278263591671422,53.291169599999996,0.40107648388252576,0.6277054098291427,0.547904920502775,4670.114025767364,1.0779444444444042,0.3694143769081321,0.0,0.0,1.026927999999913,0.19754422950913053,0.0,0.1534,10.0884,56.1616,calibrated:/Users/let/Documents/DO_A_PAPER_May_18/Papers/Paper_xAI_in_Cyber_2/6_Analysis_Results/xai_surfacebench/data/unsw_nb15_dedup/unsw_nb15_dedup_score_stream.csv
unsw_nb15_deduplicated_anchor,default,default,transient_overload,budget_only_bexgov,11,5000,0.2448700361075041,1.0350193517906432,53.30839230000005,0.36699464275203125,0.6394654656076021,0.3146088031554911,6883.368421093072,0.564095000000057,0.0,0.2575403755960674,0.0,3.216328000000174,0.20854010660310518,0.0002,0.0,10.1918,56.221,calibrated:/Users/let/Documents/DO_A_PAPER_May_18/Papers/Paper_xAI_in_Cyber_2/6_Analysis_Results/xai_surfacebench/data/unsw_nb15_dedup/unsw_nb15_dedup_score_stream.csv
unsw_nb15_deduplicated_anchor,default,default,transient_overload,xai_gate,11,5000,0.24897756797395154,1.0385347530110318,53.355467599999955,0.6828156084137171,0.7444345511403381,0.7700912128957017,3087.41503049762,0.9947144444447543,0.2351680754865343,0.15380381364261844,0.5782386475329271,4.295403999999156,0.2055030848508721,0.0118,0.0,10.174,56.2642,calibrated:/Users/let/Documents/DO_A_PAPER_May_18/Papers/Paper_xAI_in_Cyber_2/6_Analysis_Results/xai_surfacebench/data/unsw_nb15_dedup/unsw_nb15_dedup_score_stream.csv
unsw_nb15_deduplicated_anchor,default,default,non_markovian,never_explain,11,5000,0.1341137893134008,1.204342307692318,62.6258,0.0,0.0,0.0,14893.488799046127,0.0,0.0,0.0,0.0,0.0,0.13363300311233206,0.0,0.0,9.3136,54.7714,calibrated:/Users/let/Documents/DO_A_PAPER_May_18/Papers/Paper_xAI_in_Cyber_2/6_Analysis_Results/xai_surfacebench/data/unsw_nb15_dedup/unsw_nb15_dedup_score_stream.csv
unsw_nb15_deduplicated_anchor,default,default,non_markovian,always_explain,11,5000,0.14243329930143142,1.2385722449685967,63.33093199999991,1.0,1.0,0.8499999999999347,0.0,2.185963888888721,0.0,0.0,0.0,9.2582,0.12929805237497405,0.0968,0.5414,9.2582,54.6546,calibrated:/Users/let/Documents/DO_A_PAPER_May_18/Papers/Paper_xAI_in_Cyber_2/6_Analysis_Results/xai_surfacebench/data/unsw_nb15_dedup/unsw_nb15_dedup_score_stream.csv
unsw_nb15_deduplicated_anchor,default,default,non_markovian,threshold_explain,11,5000,0.14238814631932473,1.2314009977342388,63.5289108,0.42221401344812604,0.7218261010793207,0.3389095892757933,4146.168642749027,0.8205861111111947,0.0,0.0,0.0,3.703984000000057,0.1303258600344912,0.022,0.0,9.3396,55.085,calibrated:/Users/let/Documents/DO_A_PAPER_May_18/Papers/Paper_xAI_in_Cyber_2/6_Analysis_Results/xai_surfacebench/data/unsw_nb15_dedup/unsw_nb15_dedup_score_stream.csv
unsw_nb15_deduplicated_anchor,default,default,non_markovian,rate_limited,11,5000,0.13927742879395513,1.2308797649596668,63.57038787999999,0.5408376404254575,0.6825237696197293,0.5856851480073288,4509.934589616283,0.837069444444524,0.0,0.0,0.0,4.287448000000078,0.13604545928778244,0.0,0.0,9.3644,54.9532,calibrated:/Users/let/Documents/DO_A_PAPER_May_18/Papers/Paper_xAI_in_Cyber_2/6_Analysis_Results/xai_surfacebench/data/unsw_nb15_dedup/unsw_nb15_dedup_score_stream.csv
unsw_nb15_deduplicated_anchor,default,default,non_markovian,fifo_explanation,11,5000,0.13688248139465317,1.3016011050914837,66.98878299999977,0.824034242450314,0.7005154485987046,0.8763948636323721,1579.373670614415,1.8091305555554642,0.0,0.0,0.0,7.6622,0.13182835121443093,0.0,0.4478,9.2984,54.7692,calibrated:/Users/let/Documents/DO_A_PAPER_May_18/Papers/Paper_xAI_in_Cyber_2/6_Analysis_Results/xai_surfacebench/data/unsw_nb15_dedup/unsw_nb15_dedup_score_stream.csv
unsw_nb15_deduplicated_anchor,default,default,non_markovian,static_coarse_full,11,5000,0.1362487675883196,1.2625421959933822,65.16425599999997,0.41907740084971656,0.7179303346533239,0.33588173132914034,4004.80099578227,0.8059500000000763,0.0,0.0,0.0,3.644496000000052,0.1259681239975725,0.015,0.0,9.2738,54.9086,calibrated:/Users/let/Documents/DO_A_PAPER_May_18/Papers/Paper_xAI_in_Cyber_2/6_Analysis_Results/xai_surfacebench/data/unsw_nb15_dedup/unsw_nb15_dedup_score_stream.csv
unsw_nb15_deduplicated_anchor,default,default,non_markovian,static_offload,11,5000,0.13445066771291975,1.2642384581177577,65.6238696800002,0.3850371149060284,0.6177451600249176,0.5235859864412631,3882.8600678041457,0.950594444444469,0.35190508881833005,0.0,0.0,0.9212079999999887,0.12888772638543977,0.0,0.0,9.3224,55.0536,calibrated:/Users/let/Documents/DO_A_PAPER_May_18/Papers/Paper_xAI_in_Cyber_2/6_Analysis_Results/xai_surfacebench/data/unsw_nb15_dedup/unsw_nb15_dedup_score_stream.csv
unsw_nb15_deduplicated_anchor,default,default,non_markovian,budget_only_bexgov,11,5000,0.13715310189191865,1.2737108239983352,65.86837828000027,0.3496676425004295,0.6263854420549343,0.29923153091098403,5841.668656749328,0.4902455555555979,0.0,0.24072240399517825,0.0,2.791524000000119,0.13093955671434698,0.0008,0.0,9.2912,54.7698,calibrated:/Users/let/Documents/DO_A_PAPER_May_18/Papers/Paper_xAI_in_Cyber_2/6_Analysis_Results/xai_surfacebench/data/unsw_nb15_dedup/unsw_nb15_dedup_score_stream.csv
unsw_nb15_deduplicated_anchor,default,default,non_markovian,xai_gate,11,5000,0.136854404962307,1.2727897061244178,65.83786616000003,0.6633070127604332,0.7744531991146143,0.7160879048969402,247.22061543784625,0.8985105555555424,0.20667466463082124,0.14426873159559384,0.4620133057040026,3.8759079999998844,0.11847080924150433,0.004,0.0,9.169,54.652,calibrated:/Users/let/Documents/DO_A_PAPER_May_18/Papers/Paper_xAI_in_Cyber_2/6_Analysis_Results/xai_surfacebench/data/unsw_nb15_dedup/unsw_nb15_dedup_score_stream.csv
unsw_nb15_deduplicated_anchor,default,default,rtt_uncertainty,never_explain,11,5000,0.0,0.013946153846153843,0.7252,0.0,0.0,0.0,9681.353100236913,0.0,0.0,0.0,0.0,0.0,0.07922568334911051,0.0,0.0,7.285,45.0014,calibrated:/Users/let/Documents/DO_A_PAPER_May_18/Papers/Paper_xAI_in_Cyber_2/6_Analysis_Results/xai_surfacebench/data/unsw_nb15_dedup/unsw_nb15_dedup_score_stream.csv
unsw_nb15_deduplicated_anchor,default,default,rtt_uncertainty,always_explain,11,5000,0.0,0.018447166470335216,0.9499269999999993,1.0,1.0,0.8499999999999505,0.0,1.7271999999998993,0.0,0.0,0.0,7.3152,0.08389230420461447,0.0,0.4226,7.3152,44.9934,calibrated:/Users/let/Documents/DO_A_PAPER_May_18/Papers/Paper_xAI_in_Cyber_2/6_Analysis_Results/xai_surfacebench/data/unsw_nb15_dedup/unsw_nb15_dedup_score_stream.csv
unsw_nb15_deduplicated_anchor,default,default,rtt_uncertainty,threshold_explain,11,5000,0.0,0.01571952520581714,0.81443604,0.4079301669799918,0.7074480506143903,0.3259454826938184,1326.0048152102684,0.607697222222286,0.0,0.0,0.0,2.7581120000000716,0.07113456401873752,0.0,0.0,7.2344,45.0264,calibrated:/Users/let/Documents/DO_A_PAPER_May_18/Papers/Paper_xAI_in_Cyber_2/6_Analysis_Results/xai_surfacebench/data/unsw_nb15_dedup/unsw_nb15_dedup_score_stream.csv
unsw_nb15_deduplicated_anchor,default,default,rtt_uncertainty,rate_limited,11,5000,0.0,0.015211440740213364,0.7868184799999997,0.637065258803705,0.767128933764727,0.4540711914222238,1.1018138056144862,0.7248944444445232,0.0,0.0,0.0,3.8574880000001075,0.08969055350444077,0.0,0.0,7.3492,44.962,calibrated:/Users/let/Documents/DO_A_PAPER_May_18/Papers/Paper_xAI_in_Cyber_2/6_Analysis_Results/xai_surfacebench/data/unsw_nb15_dedup/unsw_nb15_dedup_score_stream.csv
unsw_nb15_deduplicated_anchor,default,default,rtt_uncertainty,fifo_explanation,11,5000,0.0,0.019088259518069008,0.9831409999999982,0.9910197619827492,0.9831498308266946,0.8513470357025366,0.10340414422532772,1.71449722222212,0.0,0.0,0.0,7.2614,0.083656853827895,0.0,0.4172,7.3272,45.077,calibrated:/Users/let/Documents/DO_A_PAPER_May_18/Papers/Paper_xAI_in_Cyber_2/6_Analysis_Results/xai_surfacebench/data/unsw_nb15_dedup/unsw_nb15_dedup_score_stream.csv
unsw_nb15_deduplicated_anchor,default,default,rtt_uncertainty,static_coarse_full,11,5000,0.0,0.017168096571775978,0.8895356399999997,0.40387678581203756,0.7048332179686126,0.322577864141464,1511.8510301143979,0.6071888888889504,0.0,0.0,0.0,2.7571280000000655,0.08170838754753595,0.0,0.0,7.3076,45.0374,calibrated:/Users/let/Documents/DO_A_PAPER_May_18/Papers/Paper_xAI_in_Cyber_2/6_Analysis_Results/xai_surfacebench/data/unsw_nb15_dedup/unsw_nb15_dedup_score_stream.csv
unsw_nb15_deduplicated_anchor,default,default,rtt_uncertainty,static_offload,11,5000,0.0,0.01537679018066857,0.7988592400000003,0.3742114437496326,0.6094666962079014,0.6183514010155704,1200.3522948942666,0.7110611111111392,0.33871949532399975,0.0,0.0,0.7037200000000182,0.06924407089044826,0.0,0.0,7.2284,45.0686,calibrated:/Users/let/Documents/DO_A_PAPER_May_18/Papers/Paper_xAI_in_Cyber_2/6_Analysis_Results/xai_surfacebench/data/unsw_nb15_dedup/unsw_nb15_dedup_score_stream.csv
unsw_nb15_deduplicated_anchor,default,default,rtt_uncertainty,budget_only_bexgov,11,5000,0.0,0.015486986144294406,0.8031175599999993,0.3402513742714229,0.6198849324871732,0.2883290516836639,2654.711702566522,0.3712377777778074,0.0,0.22352973674760365,0.0,2.110704000000029,0.07513086089765264,0.0,0.0,7.2402,44.895,calibrated:/Users/let/Documents/DO_A_PAPER_May_18/Papers/Paper_xAI_in_Cyber_2/6_Analysis_Results/xai_surfacebench/data/unsw_nb15_dedup/unsw_nb15_dedup_score_stream.csv
unsw_nb15_deduplicated_anchor,default,default,rtt_uncertainty,xai_gate,11,5000,0.0,0.015803011190204896,0.817491940000001,0.6628091216681495,0.8156419361000264,0.5509014866224284,0.8790990589607148,0.6690155555555485,0.017302560999092234,0.02156630814513245,0.30985063130965806,3.9920639999996403,0.08111885824236742,0.0,0.0,7.2706,44.8338,calibrated:/Users/let/Documents/DO_A_PAPER_May_18/Papers/Paper_xAI_in_Cyber_2/6_Analysis_Results/xai_surfacebench/data/unsw_nb15_dedup/unsw_nb15_dedup_score_stream.csv
unsw_nb15_deduplicated_anchor,default,default,adversarial_explanation_flood,never_explain,12,5000,0.0,0.015992307692307695,0.8316,0.0,0.0,0.0,26230.879043763747,0.0,0.0,0.0,0.0,0.0,0.8080157095504976,0.0,0.0,12.2456,45.153,calibrated:/Users/let/Documents/DO_A_PAPER_May_18/Papers/Paper_xAI_in_Cyber_2/6_Analysis_Results/xai_surfacebench/data/unsw_nb15_dedup/unsw_nb15_dedup_score_stream.csv
unsw_nb15_deduplicated_anchor,default,default,adversarial_explanation_flood,always_explain,12,5000,0.0,0.02038177708632301,1.0431480000000009,1.0,1.0,0.8499999999999447,0.0,2.8571333333331475,0.0,0.0,0.0,12.1008,0.7938033380324911,0.0416,0.6474,12.1008,44.9726,calibrated:/Users/let/Documents/DO_A_PAPER_May_18/Papers/Paper_xAI_in_Cyber_2/6_Analysis_Results/xai_surfacebench/data/unsw_nb15_dedup/unsw_nb15_dedup_score_stream.csv
unsw_nb15_deduplicated_anchor,default,default,adversarial_explanation_flood,threshold_explain,12,5000,0.0,0.019660649716490793,1.0124044000000016,0.6345769547325163,0.8463113983346308,0.5219004115226287,4199.802635811405,1.6945888888888463,0.0,0.0,0.0,7.43746399999986,0.7975313902240893,0.0004,0.4138,12.15,45.0618,calibrated:/Users/let/Documents/DO_A_PAPER_May_18/Papers/Paper_xAI_in_Cyber_2/6_Analysis_Results/xai_surfacebench/data/unsw_nb15_dedup/unsw_nb15_dedup_score_stream.csv
unsw_nb15_deduplicated_anchor,default,default,adversarial_explanation_flood,rate_limited,12,5000,0.0,0.015566612932433395,0.8018968000000013,0.6777337780771979,0.8310786419857067,0.7198508026750167,5722.45465819347,1.6979444444443927,0.0,0.0,0.0,7.708095999999703,0.8103745746174511,0.0,0.4114,12.1718,44.8224,calibrated:/Users/let/Documents/DO_A_PAPER_May_18/Papers/Paper_xAI_in_Cyber_2/6_Analysis_Results/xai_surfacebench/data/unsw_nb15_dedup/unsw_nb15_dedup_score_stream.csv
unsw_nb15_deduplicated_anchor,default,default,adversarial_explanation_flood,fifo_explanation,12,5000,0.0,0.020041727705904993,1.029353999999991,0.8767094122078645,0.8285744587067428,0.8684935881687746,2717.2213689360433,2.527852777777657,0.0,0.0,0.0,10.7062,0.8070994779273355,0.0,0.6048,12.2118,45.0512,calibrated:/Users/let/Documents/DO_A_PAPER_May_18/Papers/Paper_xAI_in_Cyber_2/6_Analysis_Results/xai_surfacebench/data/unsw_nb15_dedup/unsw_nb15_dedup_score_stream.csv
unsw_nb15_deduplicated_anchor,default,default,adversarial_explanation_flood,static_coarse_full,12,5000,0.0,0.01794267632767565,0.9237074000000004,0.6331576276458226,0.844401014144974,0.5203414801839944,4334.877503066104,1.6973444444444046,0.0,0.0,0.0,7.455855999999844,0.8083697082458219,0.0006,0.4142,12.2174,45.0402,calibrated:/Users/let/Documents/DO_A_PAPER_May_18/Papers/Paper_xAI_in_Cyber_2/6_Analysis_Results/xai_surfacebench/data/unsw_nb15_dedup/unsw_nb15_dedup_score_stream.csv
unsw_nb15_deduplicated_anchor,default,default,adversarial_explanation_flood,static_offload,12,5000,0.0,0.014838926388908751,0.7700333599999982,0.5763824732744064,0.718340941330447,0.8244965025736579,3643.670099587092,1.9751555555555111,0.5730500197967533,0.0,0.0,1.56895999999994,0.8012412208954205,0.0,0.4972,12.1232,44.8698,calibrated:/Users/let/Documents/DO_A_PAPER_May_18/Papers/Paper_xAI_in_Cyber_2/6_Analysis_Results/xai_surfacebench/data/unsw_nb15_dedup/unsw_nb15_dedup_score_stream.csv
unsw_nb15_deduplicated_anchor,default,default,adversarial_explanation_flood,budget_only_bexgov,12,5000,0.0,0.017691181600482504,0.9135441000000004,0.5048044049967294,0.7153725862587067,0.4509163379355597,8176.155537289931,0.8939605555556265,0.0,0.3995233399079553,0.051479289940828406,5.3273079999999124,0.8015857152375265,0.0,0.0,12.168,45.027,calibrated:/Users/let/Documents/DO_A_PAPER_May_18/Papers/Paper_xAI_in_Cyber_2/6_Analysis_Results/xai_surfacebench/data/unsw_nb15_dedup/unsw_nb15_dedup_score_stream.csv
unsw_nb15_deduplicated_anchor,default,default,adversarial_explanation_flood,xai_gate,12,5000,0.0,0.01799432084744245,0.9277070000000016,0.6501471336007989,0.7255378172754138,0.6445534322967091,2942.2776872832483,1.0,0.029853194455835317,0.12751578774706798,0.5497908636093327,6.678591999993967,0.8009116071876969,0.0,0.0,12.193,45.1364,calibrated:/Users/let/Documents/DO_A_PAPER_May_18/Papers/Paper_xAI_in_Cyber_2/6_Analysis_Results/xai_surfacebench/data/unsw_nb15_dedup/unsw_nb15_dedup_score_stream.csv
unsw_nb15_deduplicated_anchor,default,default,transient_overload,never_explain,12,5000,0.24559496873274064,1.025250000000015,53.313,0.0,0.0,0.0,17164.2542417013,0.0,0.0,0.0,0.0,0.0,0.2002351725489535,0.0,0.0,10.1052,56.129,calibrated:/Users/let/Documents/DO_A_PAPER_May_18/Papers/Paper_xAI_in_Cyber_2/6_Analysis_Results/xai_surfacebench/data/unsw_nb15_dedup/unsw_nb15_dedup_score_stream.csv
unsw_nb15_deduplicated_anchor,default,default,transient_overload,always_explain,12,5000,0.2510071578480692,1.0507019989005366,53.20517800000002,1.0,1.0,0.8499999999999154,0.0,2.3850055555553182,0.0,0.0,0.0,10.1012,0.20384373819389956,0.1984,0.526,10.1012,55.9386,calibrated:/Users/let/Documents/DO_A_PAPER_May_18/Papers/Paper_xAI_in_Cyber_2/6_Analysis_Results/xai_surfacebench/data/unsw_nb15_dedup/unsw_nb15_dedup_score_stream.csv
unsw_nb15_deduplicated_anchor,default,default,transient_overload,threshold_explain,12,5000,0.2469870603153403,1.03796834577046,53.28769539999997,0.44110560374502317,0.7331503991574568,0.3545465274089728,4952.979502166103,0.9362083333333604,0.0,0.0,0.0,4.219199999999944,0.20389149561159048,0.013,0.0,10.1682,56.3074,calibrated:/Users/let/Documents/DO_A_PAPER_May_18/Papers/Paper_xAI_in_Cyber_2/6_Analysis_Results/xai_surfacebench/data/unsw_nb15_dedup/unsw_nb15_dedup_score_stream.csv
unsw_nb15_deduplicated_anchor,default,default,transient_overload,rate_limited,12,5000,0.24839322605725056,1.0351392916393654,53.29379764000004,0.48163772443328423,0.653514567392785,0.6957450988095231,9448.20519520968,0.8862138888889491,0.0,0.0,0.0,4.315280000000028,0.21032722534873227,0.0,0.0,10.1812,56.0796,calibrated:/Users/let/Documents/DO_A_PAPER_May_18/Papers/Paper_xAI_in_Cyber_2/6_Analysis_Results/xai_surfacebench/data/unsw_nb15_dedup/unsw_nb15_dedup_score_stream.csv
unsw_nb15_deduplicated_anchor,default,default,transient_overload,fifo_explanation,12,5000,0.24846210026792012,1.0355440061815575,53.16734499999998,0.718141932437484,0.5398395250240408,0.8922787101342902,9890.377941121706,1.7236583333332305,0.0,0.0,0.0,7.3002,0.20720040281973828,0.0,0.4466,10.1654,56.1376,calibrated:/Users/let/Documents/DO_A_PAPER_May_18/Papers/Paper_xAI_in_Cyber_2/6_Analysis_Results/xai_surfacebench/data/unsw_nb15_dedup/unsw_nb15_dedup_score_stream.csv
unsw_nb15_deduplicated_anchor,default,default,transient_overload,static_coarse_full,12,5000,0.24636550254595743,1.0374254501770723,53.26905767999993,0.44000535003072844,0.7339207928886039,0.3539590227277158,4866.083806145737,0.9287777777778091,0.0,0.0,0.0,4.18155999999995,0.1988507262540664,0.009,0.0,10.0934,56.1282,calibrated:/Users/let/Documents/DO_A_PAPER_May_18/Papers/Paper_xAI_in_Cyber_2/6_Analysis_Results/xai_surfacebench/data/unsw_nb15_dedup/unsw_nb15_dedup_score_stream.csv
unsw_nb15_deduplicated_anchor,default,default,transient_overload,static_offload,12,5000,0.24545035050224404,1.0261742520525976,53.20659672000002,0.3971506266257274,0.6259999555105897,0.5426192165208683,4770.587698689766,1.0740666666666265,0.36588634034838813,0.0,0.0,1.0226879999999114,0.20510080501531935,0.0,0.1514,10.1496,56.148,calibrated:/Users/let/Documents/DO_A_PAPER_May_18/Papers/Paper_xAI_in_Cyber_2/6_Analysis_Results/xai_surfacebench/data/unsw_nb15_dedup/unsw_nb15_dedup_score_stream.csv
unsw_nb15_deduplicated_anchor,default,default,transient_overload,budget_only_bexgov,12,5000,0.24577468602406344,1.0357813790592871,53.353533920000004,0.3664075157071292,0.6406983795767136,0.31453254040385353,6793.570259514256,0.5615388888889458,0.0,0.2574386533370214,0.0,3.1943200000001615,0.2018588040301006,0.0,0.0,10.1228,56.1508,calibrated:/Users/let/Documents/DO_A_PAPER_May_18/Papers/Paper_xAI_in_Cyber_2/6_Analysis_Results/xai_surfacebench/data/unsw_nb15_dedup/unsw_nb15_dedup_score_stream.csv
unsw_nb15_deduplicated_anchor,default,default,transient_overload,xai_gate,12,5000,0.24621075997204867,1.0344747335348219,53.149313599999985,0.6839221129442726,0.7467082785890792,0.7710824476523712,2975.1517541604494,0.9919455555558624,0.23548540609137056,0.15353347081218274,0.5759240164974619,4.2704319999992295,0.19868988367726104,0.0114,0.0,10.0864,56.0968,calibrated:/Users/let/Documents/DO_A_PAPER_May_18/Papers/Paper_xAI_in_Cyber_2/6_Analysis_Results/xai_surfacebench/data/unsw_nb15_dedup/unsw_nb15_dedup_score_stream.csv
unsw_nb15_deduplicated_anchor,default,default,non_markovian,never_explain,12,5000,0.1389445799526646,1.1764153846153989,61.1736,0.0,0.0,0.0,15327.003596742708,0.0,0.0,0.0,0.0,0.0,0.1329371828926713,0.0,0.0,9.3918,55.2652,calibrated:/Users/let/Documents/DO_A_PAPER_May_18/Papers/Paper_xAI_in_Cyber_2/6_Analysis_Results/xai_surfacebench/data/unsw_nb15_dedup/unsw_nb15_dedup_score_stream.csv
unsw_nb15_deduplicated_anchor,default,default,non_markovian,always_explain,12,5000,0.14372455573213272,1.2752505024478242,65.20518399999993,1.0,1.0,0.8499999999999343,0.0,2.21066111111094,0.0,0.0,0.0,9.3628,0.12978643044780958,0.0992,0.5482,9.3628,55.2482,calibrated:/Users/let/Documents/DO_A_PAPER_May_18/Papers/Paper_xAI_in_Cyber_2/6_Analysis_Results/xai_surfacebench/data/unsw_nb15_dedup/unsw_nb15_dedup_score_stream.csv
unsw_nb15_deduplicated_anchor,default,default,non_markovian,threshold_explain,12,5000,0.13780219541362118,1.264717405482668,65.27308256,0.41732630101445145,0.718414657696111,0.3347823312988019,4238.280168113991,0.8155611111111901,0.0,0.0,0.0,3.6839680000000676,0.13940997653137144,0.0152,0.0,9.4042,55.0238,calibrated:/Users/let/Documents/DO_A_PAPER_May_18/Papers/Paper_xAI_in_Cyber_2/6_Analysis_Results/xai_surfacebench/data/unsw_nb15_dedup/unsw_nb15_dedup_score_stream.csv
unsw_nb15_deduplicated_anchor,default,default,non_markovian,rate_limited,12,5000,0.13662916725468643,1.2632010411125865,65.24730019999997,0.5425306052564187,0.6872013165717304,0.5835930142967058,4392.80496536506,0.8370777777778584,0.0,0.0,0.0,4.290016000000095,0.1271655732504422,0.0,0.0,9.3448,55.2702,calibrated:/Users/let/Documents/DO_A_PAPER_May_18/Papers/Paper_xAI_in_Cyber_2/6_Analysis_Results/xai_surfacebench/data/unsw_nb15_dedup/unsw_nb15_dedup_score_stream.csv
unsw_nb15_deduplicated_anchor,default,default,non_markovian,fifo_explanation,12,5000,0.13801201914426636,1.367459966078696,70.38322499999991,0.8250241911733771,0.7013604497553828,0.8762463713239109,1990.3421443864581,1.8520555555554428,0.0,0.0,0.0,7.844,0.1404512576918897,0.0,0.4618,9.5076,55.578,calibrated:/Users/let/Documents/DO_A_PAPER_May_18/Papers/Paper_xAI_in_Cyber_2/6_Analysis_Results/xai_surfacebench/data/unsw_nb15_dedup/unsw_nb15_dedup_score_stream.csv
unsw_nb15_deduplicated_anchor,default,default,non_markovian,static_coarse_full,12,5000,0.13753368454056264,1.2389857992855047,63.93241275999996,0.4233429456830638,0.7206144995222423,0.3394196005853685,3963.0505352440587,0.8165472222222986,0.0,0.0,0.0,3.6908720000000583,0.12940467336512418,0.017,0.0,9.2936,54.8584,calibrated:/Users/let/Documents/DO_A_PAPER_May_18/Papers/Paper_xAI_in_Cyber_2/6_Analysis_Results/xai_surfacebench/data/unsw_nb15_dedup/unsw_nb15_dedup_score_stream.csv
unsw_nb15_deduplicated_anchor,default,default,non_markovian,static_offload,12,5000,0.135706598744138,1.3115243559836751,68.08210288000014,0.3864372688539425,0.62009557862815,0.5271418993446833,3725.0202704213357,0.950233333333358,0.3550619633626749,0.0,0.0,0.91017599999999,0.12402789831555139,0.0,0.0,9.2474,54.8468,calibrated:/Users/let/Documents/DO_A_PAPER_May_18/Papers/Paper_xAI_in_Cyber_2/6_Analysis_Results/xai_surfacebench/data/unsw_nb15_dedup/unsw_nb15_dedup_score_stream.csv
unsw_nb15_deduplicated_anchor,default,default,non_markovian,budget_only_bexgov,12,5000,0.13719697293524963,1.2169280877525221,62.912898220000116,0.351321710624348,0.6281144867196459,0.30092172765397057,5946.700641357375,0.5003266666667137,0.0,0.24228877961555656,0.0,2.8412880000001137,0.13834790889727544,0.0004,0.0,9.3954,55.0236,calibrated:/Users/let/Documents/DO_A_PAPER_May_18/Papers/Paper_xAI_in_Cyber_2/6_Analysis_Results/xai_surfacebench/data/unsw_nb15_dedup/unsw_nb15_dedup_score_stream.csv
unsw_nb15_deduplicated_anchor,default,default,non_markovian,xai_gate,12,5000,0.13484315790618595,1.220760049029129,63.12865395999998,0.6650974025974479,0.7722912653084243,0.716365131578957,284.0727804012432,0.9082866666666517,0.20164046479835954,0.1465951811346548,0.47468814080656185,4.004327999999828,0.13155102445296696,0.0028,0.0,9.3632,55.1644,calibrated:/Users/let/Documents/DO_A_PAPER_May_18/Papers/Paper_xAI_in_Cyber_2/6_Analysis_Results/xai_surfacebench/data/unsw_nb15_dedup/unsw_nb15_dedup_score_stream.csv
unsw_nb15_deduplicated_anchor,default,default,rtt_uncertainty,never_explain,12,5000,0.0,0.014630769230769222,0.7608,0.0,0.0,0.0,9698.897342954275,0.0,0.0,0.0,0.0,0.0,0.0719406382569856,0.0,0.0,7.252,45.102,calibrated:/Users/let/Documents/DO_A_PAPER_May_18/Papers/Paper_xAI_in_Cyber_2/6_Analysis_Results/xai_surfacebench/data/unsw_nb15_dedup/unsw_nb15_dedup_score_stream.csv
unsw_nb15_deduplicated_anchor,default,default,rtt_uncertainty,always_explain,12,5000,0.0,0.019528746000325434,1.0056209999999997,1.0,1.0,0.8499999999999543,0.0,1.717661111111019,0.0,0.0,0.0,7.2748,0.07595488999814948,0.0,0.4148,7.2748,45.075,calibrated:/Users/let/Documents/DO_A_PAPER_May_18/Papers/Paper_xAI_in_Cyber_2/6_Analysis_Results/xai_surfacebench/data/unsw_nb15_dedup/unsw_nb15_dedup_score_stream.csv
unsw_nb15_deduplicated_anchor,default,default,rtt_uncertainty,threshold_explain,12,5000,0.0,0.014564250580924346,0.7545748799999996,0.40391360253885666,0.707531879752019,0.32319708907859646,1494.079824963763,0.610030555555623,0.0,0.0,0.0,2.7639680000000704,0.08478680876448141,0.0,0.0,7.3104,44.9268,calibrated:/Users/let/Documents/DO_A_PAPER_May_18/Papers/Paper_xAI_in_Cyber_2/6_Analysis_Results/xai_surfacebench/data/unsw_nb15_dedup/unsw_nb15_dedup_score_stream.csv
unsw_nb15_deduplicated_anchor,default,default,rtt_uncertainty,rate_limited,12,5000,0.0,0.01589425474099987,0.8223771199999994,0.6339090189225557,0.7635560839617175,0.45062802064279306,1.0557734553011986,0.7137111111111827,0.0,0.0,0.0,3.8143120000001196,0.08476433781332382,0.0,0.0,7.3246,45.015,calibrated:/Users/let/Documents/DO_A_PAPER_May_18/Papers/Paper_xAI_in_Cyber_2/6_Analysis_Results/xai_surfacebench/data/unsw_nb15_dedup/unsw_nb15_dedup_score_stream.csv
unsw_nb15_deduplicated_anchor,default,default,rtt_uncertainty,fifo_explanation,12,5000,0.0,0.01895048292690801,0.9762359999999988,0.9900425181730901,0.9814286141896741,0.8514936222739896,0.13627776159664723,1.704344444444352,0.0,0.0,0.0,7.2184,0.07771490737948672,0.0,0.4156,7.291,45.1016,calibrated:/Users/let/Documents/DO_A_PAPER_May_18/Papers/Paper_xAI_in_Cyber_2/6_Analysis_Results/xai_surfacebench/data/unsw_nb15_dedup/unsw_nb15_dedup_score_stream.csv
unsw_nb15_deduplicated_anchor,default,default,rtt_uncertainty,static_coarse_full,12,5000,0.0,0.015430241981828359,0.7994181599999983,0.4074798603282906,0.7092855312980233,0.3260262296885096,1439.9056280891034,0.6122638888889498,0.0,0.0,0.0,2.774336000000071,0.07961696468856094,0.0,0.0,7.2742,44.9184,calibrated:/Users/let/Documents/DO_A_PAPER_May_18/Papers/Paper_xAI_in_Cyber_2/6_Analysis_Results/xai_surfacebench/data/unsw_nb15_dedup/unsw_nb15_dedup_score_stream.csv
unsw_nb15_deduplicated_anchor,default,default,rtt_uncertainty,static_offload,12,5000,0.0,0.014564725924642963,0.7566655200000002,0.3742019970535073,0.6082891819876809,0.6173289524984725,1322.5587954849714,0.7190222222222513,0.337425656135756,0.0,0.0,0.7174400000000175,0.08419889698868199,0.0,0.0,7.3308,45.0766,calibrated:/Users/let/Documents/DO_A_PAPER_May_18/Papers/Paper_xAI_in_Cyber_2/6_Analysis_Results/xai_surfacebench/data/unsw_nb15_dedup/unsw_nb15_dedup_score_stream.csv
unsw_nb15_deduplicated_anchor,default,default,rtt_uncertainty,budget_only_bexgov,12,5000,0.0,0.015273927097081542,0.7919426400000005,0.34436778760086484,0.624294773150686,0.29220578919827966,2583.1866667067757,0.37965277777780726,0.0,0.2250130821559393,0.0,2.1481200000000267,0.07716269134923337,0.0,0.0,7.2618,44.944,calibrated:/Users/let/Documents/DO_A_PAPER_May_18/Papers/Paper_xAI_in_Cyber_2/6_Analysis_Results/xai_surfacebench/data/unsw_nb15_dedup/unsw_nb15_dedup_score_stream.csv
unsw_nb15_deduplicated_anchor,default,default,rtt_uncertainty,xai_gate,12,5000,0.0,0.01662539740596452,0.8600985600000004,0.6601950073742859,0.8133292276600674,0.5488329211823916,0.995790755798967,0.6647999999999945,0.017315780848855628,0.02324247555579833,0.31318621292401816,3.9956719999996406,0.08295326151898319,0.0,0.0,7.3228,45.0792,calibrated:/Users/let/Documents/DO_A_PAPER_May_18/Papers/Paper_xAI_in_Cyber_2/6_Analysis_Results/xai_surfacebench/data/unsw_nb15_dedup/unsw_nb15_dedup_score_stream.csv
unsw_nb15_deduplicated_anchor,default,default,adversarial_explanation_flood,never_explain,13,5000,0.0,0.014676923076923068,0.7632,0.0,0.0,0.0,25884.79452999467,0.0,0.0,0.0,0.0,0.0,0.8037621977969842,0.0,0.0,12.1702,44.9808,calibrated:/Users/let/Documents/DO_A_PAPER_May_18/Papers/Paper_xAI_in_Cyber_2/6_Analysis_Results/xai_surfacebench/data/unsw_nb15_dedup/unsw_nb15_dedup_score_stream.csv
unsw_nb15_deduplicated_anchor,default,default,adversarial_explanation_flood,always_explain,13,5000,0.0,0.019480586862989743,0.9965590000000005,1.0,1.0,0.8499999999999472,0.0,2.896138888888709,0.0,0.0,0.0,12.266,0.8194979692705688,0.0472,0.652,12.266,44.9428,calibrated:/Users/let/Documents/DO_A_PAPER_May_18/Papers/Paper_xAI_in_Cyber_2/6_Analysis_Results/xai_surfacebench/data/unsw_nb15_dedup/unsw_nb15_dedup_score_stream.csv
unsw_nb15_deduplicated_anchor,default,default,adversarial_explanation_flood,threshold_explain,13,5000,0.0,0.018091772732310822,0.9314642799999999,0.6307193937803521,0.8437972872576945,0.5183645518960701,4423.911619824709,1.6877083333332914,0.0,0.0,0.0,7.4130959999998725,0.8056487236099903,0.0004,0.4068,12.1936,45.0202,calibrated:/Users/let/Documents/DO_A_PAPER_May_18/Papers/Paper_xAI_in_Cyber_2/6_Analysis_Results/xai_surfacebench/data/unsw_nb15_dedup/unsw_nb15_dedup_score_stream.csv
unsw_nb15_deduplicated_anchor,default,default,adversarial_explanation_flood,rate_limited,13,5000,0.0,0.019722106985498946,1.0158608000000033,0.675268052695244,0.8296621699044215,0.7226243012650612,5725.3183172041145,1.7032138888888395,0.0,0.0,0.0,7.726159999999728,0.8086681979832786,0.0,0.4128,12.2364,45.1028,calibrated:/Users/let/Documents/DO_A_PAPER_May_18/Papers/Paper_xAI_in_Cyber_2/6_Analysis_Results/xai_surfacebench/data/unsw_nb15_dedup/unsw_nb15_dedup_score_stream.csv
unsw_nb15_deduplicated_anchor,default,default,adversarial_explanation_flood,fifo_explanation,13,5000,0.0,0.017597488803433942,0.9038119999999932,0.8829207020791326,0.8359981041685381,0.8675618946880784,2387.946343486153,2.522705555555419,0.0,0.0,0.0,10.6844,0.7979965470003183,0.0,0.6024,12.1012,44.8692,calibrated:/Users/let/Documents/DO_A_PAPER_May_18/Papers/Paper_xAI_in_Cyber_2/6_Analysis_Results/xai_surfacebench/data/unsw_nb15_dedup/unsw_nb15_dedup_score_stream.csv
unsw_nb15_deduplicated_anchor,default,default,adversarial_explanation_flood,static_coarse_full,13,5000,0.0,0.016391166080291036,0.8439084399999991,0.634282624369147,0.8455328212388165,0.5214671953857193,4292.77332639434,1.7001722222221811,0.0,0.0,0.0,7.465039999999849,0.8054606397865216,0.0006,0.414,12.2056,45.0692,calibrated:/Users/let/Documents/DO_A_PAPER_May_18/Papers/Paper_xAI_in_Cyber_2/6_Analysis_Results/xai_surfacebench/data/unsw_nb15_dedup/unsw_nb15_dedup_score_stream.csv
unsw_nb15_deduplicated_anchor,default,default,adversarial_explanation_flood,static_offload,13,5000,0.0,0.016243122605686982,0.8429002000000004,0.5762911843277189,0.7200511161843505,0.826391774677695,3640.2335063029454,1.9818944444443996,0.5752613700075855,0.0,0.0,1.5582159999999448,0.7968638884938142,0.0,0.4986,12.1284,44.9984,calibrated:/Users/let/Documents/DO_A_PAPER_May_18/Papers/Paper_xAI_in_Cyber_2/6_Analysis_Results/xai_surfacebench/data/unsw_nb15_dedup/unsw_nb15_dedup_score_stream.csv
unsw_nb15_deduplicated_anchor,default,default,adversarial_explanation_flood,budget_only_bexgov,13,5000,0.0,0.01690724224173955,0.8729811999999995,0.5058436716378689,0.7153187085319371,0.4515062029827016,8135.053002351603,0.8935100000000753,0.0,0.4005213145044213,0.04952487792002112,5.317727999999912,0.7971078943662491,0.0,0.0,12.1232,44.973,calibrated:/Users/let/Documents/DO_A_PAPER_May_18/Papers/Paper_xAI_in_Cyber_2/6_Analysis_Results/xai_surfacebench/data/unsw_nb15_dedup/unsw_nb15_dedup_score_stream.csv
unsw_nb15_deduplicated_anchor,default,default,adversarial_explanation_flood,xai_gate,13,5000,0.0,0.01668665342877475,0.8604270800000002,0.6498940382115221,0.7254152228357426,0.6470950041896009,2870.736195681533,1.0,0.037604113617321876,0.126332736442641,0.551165579667567,6.588191999994116,0.7991074067506043,0.0004,0.0,12.1742,45.112,calibrated:/Users/let/Documents/DO_A_PAPER_May_18/Papers/Paper_xAI_in_Cyber_2/6_Analysis_Results/xai_surfacebench/data/unsw_nb15_dedup/unsw_nb15_dedup_score_stream.csv
unsw_nb15_deduplicated_anchor,default,default,transient_overload,never_explain,13,5000,0.2462422776185046,1.0255538461538614,53.3288,0.0,0.0,0.0,17415.504035706577,0.0,0.0,0.0,0.0,0.0,0.20557373283076474,0.0,0.0,10.1806,56.2974,calibrated:/Users/let/Documents/DO_A_PAPER_May_18/Papers/Paper_xAI_in_Cyber_2/6_Analysis_Results/xai_surfacebench/data/unsw_nb15_dedup/unsw_nb15_dedup_score_stream.csv
unsw_nb15_deduplicated_anchor,default,default,transient_overload,always_explain,13,5000,0.2504639622192294,1.0509718910802406,53.217232999999986,1.0,1.0,0.8499999999999143,0.0,2.3854777777775373,0.0,0.0,0.0,10.1032,0.19672272899025156,0.1956,0.5248,10.1032,56.2826,calibrated:/Users/let/Documents/DO_A_PAPER_May_18/Papers/Paper_xAI_in_Cyber_2/6_Analysis_Results/xai_surfacebench/data/unsw_nb15_dedup/unsw_nb15_dedup_score_stream.csv
unsw_nb15_deduplicated_anchor,default,default,transient_overload,threshold_explain,13,5000,0.2475957828750529,1.0369933612943139,53.24097764000002,0.4416332695003404,0.7347880445035013,0.3552751071012476,4905.434069547548,0.9356888888889154,0.0,0.0,0.0,4.21258399999996,0.20275917747067385,0.0078,0.0,10.1306,56.152,calibrated:/Users/let/Documents/DO_A_PAPER_May_18/Papers/Paper_xAI_in_Cyber_2/6_Analysis_Results/xai_surfacebench/data/unsw_nb15_dedup/unsw_nb15_dedup_score_stream.csv
unsw_nb15_deduplicated_anchor,default,default,transient_overload,rate_limited,13,5000,0.2473402788762333,1.0347627473845913,53.28086316000005,0.4887529862386376,0.6627036554118939,0.6896197358288964,9055.347139812759,0.8928666666667243,0.0,0.0,0.0,4.352807999999994,0.20292983918659901,0.0,0.0,10.1298,56.1396,calibrated:/Users/let/Documents/DO_A_PAPER_May_18/Papers/Paper_xAI_in_Cyber_2/6_Analysis_Results/xai_surfacebench/data/unsw_nb15_dedup/unsw_nb15_dedup_score_stream.csv
unsw_nb15_deduplicated_anchor,default,default,transient_overload,fifo_explanation,13,5000,0.24970457529363493,1.036864196967551,53.235721000000005,0.7165110264358058,0.5384204550859524,0.8925233460345439,9923.56411193877,1.71378888888879,0.0,0.0,0.0,7.2584,0.20145785077310685,0.0,0.444,10.1302,56.2106,calibrated:/Users/let/Documents/DO_A_PAPER_May_18/Papers/Paper_xAI_in_Cyber_2/6_Analysis_Results/xai_surfacebench/data/unsw_nb15_dedup/unsw_nb15_dedup_score_stream.csv
unsw_nb15_deduplicated_anchor,default,default,transient_overload,static_coarse_full,13,5000,0.24810911473915123,1.03761547288364,53.277107639999976,0.4392911262865951,0.7337087831616182,0.3534075925452069,4871.7891674234215,0.9337666666666975,0.0,0.0,0.0,4.20369599999995,0.20648963349194172,0.0102,0.0,10.1626,56.1552,calibrated:/Users/let/Documents/DO_A_PAPER_May_18/Papers/Paper_xAI_in_Cyber_2/6_Analysis_Results/xai_surfacebench/data/unsw_nb15_dedup/unsw_nb15_dedup_score_stream.csv
unsw_nb15_deduplicated_anchor,default,default,transient_overload,static_offload,13,5000,0.24622526864677552,1.0267904329223236,53.23845172,0.4004226767557821,0.6289651900231896,0.5485294001734258,4722.634191475074,1.0866055555555134,0.3705367699219674,0.0,0.0,1.0244719999999103,0.2050192513864224,0.0,0.1716,10.1496,56.1518,calibrated:/Users/let/Documents/DO_A_PAPER_May_18/Papers/Paper_xAI_in_Cyber_2/6_Analysis_Results/xai_surfacebench/data/unsw_nb15_dedup/unsw_nb15_dedup_score_stream.csv
unsw_nb15_deduplicated_anchor,default,default,transient_overload,budget_only_bexgov,13,5000,0.24749209065679914,1.0360886002862495,53.367843679999964,0.3665106651421504,0.6395253147457938,0.31444328352325657,6838.363527419438,0.5613994444445012,0.0,0.2578756456255175,0.0,3.199188000000163,0.2032069071847049,0.0,0.0,10.1452,56.212,calibrated:/Users/let/Documents/DO_A_PAPER_May_18/Papers/Paper_xAI_in_Cyber_2/6_Analysis_Results/xai_surfacebench/data/unsw_nb15_dedup/unsw_nb15_dedup_score_stream.csv
unsw_nb15_deduplicated_anchor,default,default,transient_overload,xai_gate,13,5000,0.24793202321033556,1.03664204183552,53.259943779999986,0.6834712784451159,0.7458761908583762,0.7701278049937657,3000.9136187513805,0.9926516666669651,0.23447376738305942,0.15425489886219976,0.5763866940581542,4.287903999999188,0.2021690526483264,0.0112,0.0,10.1248,56.1474,calibrated:/Users/let/Documents/DO_A_PAPER_May_18/Papers/Paper_xAI_in_Cyber_2/6_Analysis_Results/xai_surfacebench/data/unsw_nb15_dedup/unsw_nb15_dedup_score_stream.csv
unsw_nb15_deduplicated_anchor,default,default,non_markovian,never_explain,13,5000,0.13884474626336193,1.2752807692307777,66.3146,0.0,0.0,0.0,15247.050181316963,0.0,0.0,0.0,0.0,0.0,0.13331716446275,0.0,0.0,9.3924,55.2502,calibrated:/Users/let/Documents/DO_A_PAPER_May_18/Papers/Paper_xAI_in_Cyber_2/6_Analysis_Results/xai_surfacebench/data/unsw_nb15_dedup/unsw_nb15_dedup_score_stream.csv
unsw_nb15_deduplicated_anchor,default,default,non_markovian,always_explain,13,5000,0.1400860054866197,1.3365128193530715,68.390461,1.0,1.0,0.8499999999999293,0.0,2.1935666666664844,0.0,0.0,0.0,9.2904,0.12522936613193414,0.0942,0.5462,9.2904,55.043,calibrated:/Users/let/Documents/DO_A_PAPER_May_18/Papers/Paper_xAI_in_Cyber_2/6_Analysis_Results/xai_surfacebench/data/unsw_nb15_dedup/unsw_nb15_dedup_score_stream.csv
unsw_nb15_deduplicated_anchor,default,default,non_markovian,threshold_explain,13,5000,0.13753666138268644,1.2030405127808255,62.07499131999989,0.4212315677460092,0.7195793799489691,0.3377288422698766,3958.725142274382,0.8051250000000798,0.0,0.0,0.0,3.6392160000000593,0.1290553935216734,0.015,0.0,9.2094,54.3782,calibrated:/Users/let/Documents/DO_A_PAPER_May_18/Papers/Paper_xAI_in_Cyber_2/6_Analysis_Results/xai_surfacebench/data/unsw_nb15_dedup/unsw_nb15_dedup_score_stream.csv
unsw_nb15_deduplicated_anchor,default,default,non_markovian,rate_limited,13,5000,0.1362712016803354,1.1945684151972193,61.69222811999994,0.5414246705964134,0.6861605629690264,0.5840737690707191,4307.038339429459,0.8246111111111929,0.0,0.0,0.0,4.227280000000099,0.11983555812799551,0.0,0.0,9.2288,54.9414,calibrated:/Users/let/Documents/DO_A_PAPER_May_18/Papers/Paper_xAI_in_Cyber_2/6_Analysis_Results/xai_surfacebench/data/unsw_nb15_dedup/unsw_nb15_dedup_score_stream.csv
unsw_nb15_deduplicated_anchor,default,default,non_markovian,fifo_explanation,13,5000,0.13788856768844837,1.3423544389234734,69.09313699999989,0.8262045864467921,0.704831796253367,0.876069312032896,1886.8415848518907,1.8170166666665604,0.0,0.0,0.0,7.6956,0.12897712810443474,0.0,0.4514,9.3144,55.002,calibrated:/Users/let/Documents/DO_A_PAPER_May_18/Papers/Paper_xAI_in_Cyber_2/6_Analysis_Results/xai_surfacebench/data/unsw_nb15_dedup/unsw_nb15_dedup_score_stream.csv
unsw_nb15_deduplicated_anchor,default,default,non_markovian,static_coarse_full,13,5000,0.13831303178795898,1.2001416835019012,61.92294516000001,0.419609110694518,0.7192797671180335,0.33655590751397413,4100.291181373902,0.8089972222223039,0.0,0.0,0.0,3.6550640000000576,0.12717005191729736,0.0156,0.0,9.2814,54.895,calibrated:/Users/let/Documents/DO_A_PAPER_May_18/Papers/Paper_xAI_in_Cyber_2/6_Analysis_Results/xai_surfacebench/data/unsw_nb15_dedup/unsw_nb15_dedup_score_stream.csv
unsw_nb15_deduplicated_anchor,default,default,non_markovian,static_offload,13,5000,0.13563497188965584,1.2023849482238982,62.410626080000135,0.3853557023942304,0.6183185463477116,0.5244237535398626,3904.003755140313,0.952333333333357,0.3526559684201493,0.0,0.0,0.92025599999999,0.1315020342373323,0.0,0.0,9.3224,54.9264,calibrated:/Users/let/Documents/DO_A_PAPER_May_18/Papers/Paper_xAI_in_Cyber_2/6_Analysis_Results/xai_surfacebench/data/unsw_nb15_dedup/unsw_nb15_dedup_score_stream.csv
unsw_nb15_deduplicated_anchor,default,default,non_markovian,budget_only_bexgov,13,5000,0.13695400452058396,1.221065363521888,63.13964934000005,0.348208822637257,0.6255767194905223,0.29788317372276846,5826.732460267567,0.4842783333333801,0.0,0.24177752740824196,0.0,2.761396000000117,0.1253669621870448,0.0,0.0,9.2308,54.6832,calibrated:/Users/let/Documents/DO_A_PAPER_May_18/Papers/Paper_xAI_in_Cyber_2/6_Analysis_Results/xai_surfacebench/data/unsw_nb15_dedup/unsw_nb15_dedup_score_stream.csv
unsw_nb15_deduplicated_anchor,default,default,non_markovian,xai_gate,13,5000,0.13896967725019946,1.2774580012409325,66.07596602000002,0.6632886629034762,0.7707084398900438,0.7171560305080407,273.94086449614514,0.9062866666666555,0.2097642952557418,0.14346964278019564,0.4632223036152885,3.892307999999906,0.1267899692532537,0.0022,0.0,9.2828,54.9218,calibrated:/Users/let/Documents/DO_A_PAPER_May_18/Papers/Paper_xAI_in_Cyber_2/6_Analysis_Results/xai_surfacebench/data/unsw_nb15_dedup/unsw_nb15_dedup_score_stream.csv
unsw_nb15_deduplicated_anchor,default,default,rtt_uncertainty,never_explain,13,5000,0.0,0.013073076923076925,0.6798,0.0,0.0,0.0,9687.81876306812,0.0,0.0,0.0,0.0,0.0,0.08318986152368368,0.0,0.0,7.2856,44.8404,calibrated:/Users/let/Documents/DO_A_PAPER_May_18/Papers/Paper_xAI_in_Cyber_2/6_Analysis_Results/xai_surfacebench/data/unsw_nb15_dedup/unsw_nb15_dedup_score_stream.csv
unsw_nb15_deduplicated_anchor,default,default,rtt_uncertainty,always_explain,13,5000,0.0,0.018209648268010237,0.9379919999999993,1.0,1.0,0.8499999999999558,0.0,1.7102472222221334,0.0,0.0,0.0,7.2434,0.07516060465723928,0.0002,0.414,7.2434,44.9136,calibrated:/Users/let/Documents/DO_A_PAPER_May_18/Papers/Paper_xAI_in_Cyber_2/6_Analysis_Results/xai_surfacebench/data/unsw_nb15_dedup/unsw_nb15_dedup_score_stream.csv
unsw_nb15_deduplicated_anchor,default,default,rtt_uncertainty,threshold_explain,13,5000,0.0,0.014717480442838035,0.7624751999999992,0.40545838359469977,0.7075113917243657,0.32426115802173444,1432.4379704231465,0.6103472222222845,0.0,0.0,0.0,2.7671600000000742,0.08365047251509772,0.0,0.0,7.2952,44.8804,calibrated:/Users/let/Documents/DO_A_PAPER_May_18/Papers/Paper_xAI_in_Cyber_2/6_Analysis_Results/xai_surfacebench/data/unsw_nb15_dedup/unsw_nb15_dedup_score_stream.csv
unsw_nb15_deduplicated_anchor,default,default,rtt_uncertainty,rate_limited,13,5000,0.0,0.016682656377016145,0.8632101999999994,0.633789848132462,0.7629341884336239,0.4504980161445104,1.121675701817384,0.7118611111111869,0.0,0.0,0.0,3.805048000000122,0.07981054192926784,0.0,0.0,7.309,45.1252,calibrated:/Users/let/Documents/DO_A_PAPER_May_18/Papers/Paper_xAI_in_Cyber_2/6_Analysis_Results/xai_surfacebench/data/unsw_nb15_dedup/unsw_nb15_dedup_score_stream.csv
unsw_nb15_deduplicated_anchor,default,default,rtt_uncertainty,fifo_explanation,13,5000,0.0,0.01854264384870603,0.9550439999999986,0.991877976927948,0.9849223324229427,0.8512183034607642,0.08972466113772505,1.7012277777776919,0.0,0.0,0.0,7.2052,0.0770681541185183,0.0,0.4068,7.2642,44.9628,calibrated:/Users/let/Documents/DO_A_PAPER_May_18/Papers/Paper_xAI_in_Cyber_2/6_Analysis_Results/xai_surfacebench/data/unsw_nb15_dedup/unsw_nb15_dedup_score_stream.csv
unsw_nb15_deduplicated_anchor,default,default,rtt_uncertainty,static_coarse_full,13,5000,0.0,0.01556333366380477,0.8063318399999996,0.4022219204128824,0.7073234664604563,0.3220073339671551,1648.672541552391,0.6125611111111735,0.0,0.0,0.0,2.7737440000000673,0.09015103396302426,0.0,0.0,7.363,45.0274,calibrated:/Users/let/Documents/DO_A_PAPER_May_18/Papers/Paper_xAI_in_Cyber_2/6_Analysis_Results/xai_surfacebench/data/unsw_nb15_dedup/unsw_nb15_dedup_score_stream.csv
unsw_nb15_deduplicated_anchor,default,default,rtt_uncertainty,static_offload,13,5000,0.0,0.014925266179856766,0.7753942399999998,0.3703428068341042,0.6070799140648598,0.6121258866524564,1250.542603583849,0.7068500000000283,0.3346906209590888,0.0,0.0,0.701928000000015,0.07801658236088693,0.0,0.0,7.2694,44.9554,calibrated:/Users/let/Documents/DO_A_PAPER_May_18/Papers/Paper_xAI_in_Cyber_2/6_Analysis_Results/xai_surfacebench/data/unsw_nb15_dedup/unsw_nb15_dedup_score_stream.csv
unsw_nb15_deduplicated_anchor,default,default,rtt_uncertainty,budget_only_bexgov,13,5000,0.0,0.01667170121010288,0.8643744399999997,0.3424467852257139,0.6213669616955646,0.29063748290014657,2734.3281891889615,0.3759505555555867,0.0,0.22842681258549932,0.0,2.1436280000000276,0.08062880474471767,0.0,0.0,7.31,45.0972,calibrated:/Users/let/Documents/DO_A_PAPER_May_18/Papers/Paper_xAI_in_Cyber_2/6_Analysis_Results/xai_surfacebench/data/unsw_nb15_dedup/unsw_nb15_dedup_score_stream.csv
unsw_nb15_deduplicated_anchor,default,default,rtt_uncertainty,xai_gate,13,5000,0.0,0.0156514699235428,0.8097131200000001,0.6593424036281772,0.8128700454939639,0.5486947831667361,0.8429399074599907,0.6525488888888833,0.01736629611194071,0.023837177147281677,0.3171837840827388,3.938239999999653,0.07393432910287379,0.0,0.0,7.2324,44.8966,calibrated:/Users/let/Documents/DO_A_PAPER_May_18/Papers/Paper_xAI_in_Cyber_2/6_Analysis_Results/xai_surfacebench/data/unsw_nb15_dedup/unsw_nb15_dedup_score_stream.csv
unsw_nb15_deduplicated_anchor,default,default,adversarial_explanation_flood,never_explain,14,5000,0.0,0.013500000000000014,0.702,0.0,0.0,0.0,26026.726143732085,0.0,0.0,0.0,0.0,0.0,0.8035941327185352,0.0,0.0,12.157,44.9362,calibrated:/Users/let/Documents/DO_A_PAPER_May_18/Papers/Paper_xAI_in_Cyber_2/6_Analysis_Results/xai_surfacebench/data/unsw_nb15_dedup/unsw_nb15_dedup_score_stream.csv
unsw_nb15_deduplicated_anchor,default,default,adversarial_explanation_flood,always_explain,14,5000,0.0,0.019608279626393582,1.0035260000000006,1.0,1.0,0.8499999999999492,0.0,2.857180555555385,0.0,0.0,0.0,12.101,0.7956616837463031,0.0382,0.6492,12.101,44.9268,calibrated:/Users/let/Documents/DO_A_PAPER_May_18/Papers/Paper_xAI_in_Cyber_2/6_Analysis_Results/xai_surfacebench/data/unsw_nb15_dedup/unsw_nb15_dedup_score_stream.csv
unsw_nb15_deduplicated_anchor,default,default,adversarial_explanation_flood,threshold_explain,14,5000,0.0,0.019046060670421115,0.9808018800000012,0.6298353705811585,0.8434024063763186,0.5176011613137291,4244.830428330869,1.6754861111110668,0.0,0.0,0.0,7.359999999999882,0.7944152632303363,0.0,0.4004,12.1242,45.0442,calibrated:/Users/let/Documents/DO_A_PAPER_May_18/Papers/Paper_xAI_in_Cyber_2/6_Analysis_Results/xai_surfacebench/data/unsw_nb15_dedup/unsw_nb15_dedup_score_stream.csv
unsw_nb15_deduplicated_anchor,default,default,adversarial_explanation_flood,rate_limited,14,5000,0.0,0.018589768922363355,0.9576762000000028,0.6805248892708445,0.8325233395235255,0.7170432008990402,5293.306746297895,1.6928027777777246,0.0,0.0,0.0,7.690215999999756,0.7906887617322729,0.0,0.4088,12.1016,45.0538,calibrated:/Users/let/Documents/DO_A_PAPER_May_18/Papers/Paper_xAI_in_Cyber_2/6_Analysis_Results/xai_surfacebench/data/unsw_nb15_dedup/unsw_nb15_dedup_score_stream.csv
unsw_nb15_deduplicated_anchor,default,default,adversarial_explanation_flood,fifo_explanation,14,5000,0.0,0.018692484740223482,0.9600159999999917,0.880429582460366,0.8325917368046476,0.867935562630896,2545.951941890438,2.5202027777776372,0.0,0.0,0.0,10.6738,0.7970815990133648,0.0,0.6024,12.1234,44.9744,calibrated:/Users/let/Documents/DO_A_PAPER_May_18/Papers/Paper_xAI_in_Cyber_2/6_Analysis_Results/xai_surfacebench/data/unsw_nb15_dedup/unsw_nb15_dedup_score_stream.csv
unsw_nb15_deduplicated_anchor,default,default,adversarial_explanation_flood,static_coarse_full,14,5000,0.0,0.019712107635602577,1.0151978,0.6358229826437511,0.8459505015471191,0.5227276466233385,4257.420622738617,1.697472222222182,0.0,0.0,0.0,7.45327999999988,0.7963664841781799,0.0006,0.4104,12.157,45.117,calibrated:/Users/let/Documents/DO_A_PAPER_May_18/Papers/Paper_xAI_in_Cyber_2/6_Analysis_Results/xai_surfacebench/data/unsw_nb15_dedup/unsw_nb15_dedup_score_stream.csv
unsw_nb15_deduplicated_anchor,default,default,adversarial_explanation_flood,static_offload,14,5000,0.0,0.01627795089588273,0.8447613599999999,0.5764185216989463,0.7194808972512684,0.8259026355770634,3655.2014446823796,1.9774666666666223,0.5746251403659423,0.0,0.0,1.5600479999999421,0.7970632574813334,0.0,0.4928,12.1112,44.9296,calibrated:/Users/let/Documents/DO_A_PAPER_May_18/Papers/Paper_xAI_in_Cyber_2/6_Analysis_Results/xai_surfacebench/data/unsw_nb15_dedup/unsw_nb15_dedup_score_stream.csv
unsw_nb15_deduplicated_anchor,default,default,adversarial_explanation_flood,budget_only_bexgov,14,5000,0.0,0.017143286224180265,0.8851898800000003,0.5043364874221284,0.7150680252091497,0.4502365566581965,8188.2007212999715,0.8920922222222981,0.0,0.4050311562427879,0.04445946391480663,5.303875999999947,0.8007940925451753,0.0,0.0,12.1324,44.915,calibrated:/Users/let/Documents/DO_A_PAPER_May_18/Papers/Paper_xAI_in_Cyber_2/6_Analysis_Results/xai_surfacebench/data/unsw_nb15_dedup/unsw_nb15_dedup_score_stream.csv
unsw_nb15_deduplicated_anchor,default,default,adversarial_explanation_flood,xai_gate,14,5000,0.0,0.016308845570320342,0.8405226849997074,0.6567373266552968,0.7327821699255903,0.6486098990103705,2796.185592641419,1.0,0.03152014016297251,0.1277334258937869,0.5595320738490588,6.680742999993822,0.7969188548618524,0.0002,0.0,12.1002,44.8924,calibrated:/Users/let/Documents/DO_A_PAPER_May_18/Papers/Paper_xAI_in_Cyber_2/6_Analysis_Results/xai_surfacebench/data/unsw_nb15_dedup/unsw_nb15_dedup_score_stream.csv
unsw_nb15_deduplicated_anchor,default,default,transient_overload,never_explain,14,5000,0.24485801735006196,1.0221615384615537,53.1524,0.0,0.0,0.0,17196.94489630151,0.0,0.0,0.0,0.0,0.0,0.20805193351881224,0.0,0.0,10.1476,55.9998,calibrated:/Users/let/Documents/DO_A_PAPER_May_18/Papers/Paper_xAI_in_Cyber_2/6_Analysis_Results/xai_surfacebench/data/unsw_nb15_dedup/unsw_nb15_dedup_score_stream.csv
unsw_nb15_deduplicated_anchor,default,default,transient_overload,always_explain,14,5000,0.2502668813496529,1.0522662956402429,53.28948000000004,1.0,1.0,0.8499999999999233,0.0,2.3931277777775617,0.0,0.0,0.0,10.1356,0.20350712206057664,0.196,0.5262,10.1356,56.1448,calibrated:/Users/let/Documents/DO_A_PAPER_May_18/Papers/Paper_xAI_in_Cyber_2/6_Analysis_Results/xai_surfacebench/data/unsw_nb15_dedup/unsw_nb15_dedup_score_stream.csv
unsw_nb15_deduplicated_anchor,default,default,transient_overload,threshold_explain,14,5000,0.2495933093720143,1.0395216915579286,53.37575623999998,0.4423513422352889,0.734521712352839,0.3557270689073536,4847.735506431773,0.9317972222222561,0.0,0.0,0.0,4.196815999999956,0.19808975035537757,0.0068,0.0,10.0802,56.0904,calibrated:/Users/let/Documents/DO_A_PAPER_May_18/Papers/Paper_xAI_in_Cyber_2/6_Analysis_Results/xai_surfacebench/data/unsw_nb15_dedup/unsw_nb15_dedup_score_stream.csv
unsw_nb15_deduplicated_anchor,default,default,transient_overload,rate_limited,14,5000,0.24730957571608736,1.0349698363853328,53.28826331999999,0.4863751433883321,0.6611849064505831,0.6943603892250662,9182.933092772673,0.8907527777778371,0.0,0.0,0.0,4.332327999999984,0.20192976263064155,0.0002,0.0,10.1124,56.0898,calibrated:/Users/let/Documents/DO_A_PAPER_May_18/Papers/Paper_xAI_in_Cyber_2/6_Analysis_Results/xai_surfacebench/data/unsw_nb15_dedup/unsw_nb15_dedup_score_stream.csv
unsw_nb15_deduplicated_anchor,default,default,transient_overload,fifo_explanation,14,5000,0.2480323220008554,1.037248853365927,53.256558000000005,0.7164057694978474,0.5370676446134296,0.8925391345752351,9919.112921300546,1.7051472222221196,0.0,0.0,0.0,7.2218,0.1978425857600683,0.0,0.4438,10.0806,56.1042,calibrated:/Users/let/Documents/DO_A_PAPER_May_18/Papers/Paper_xAI_in_Cyber_2/6_Analysis_Results/xai_surfacebench/data/unsw_nb15_dedup/unsw_nb15_dedup_score_stream.csv
unsw_nb15_deduplicated_anchor,default,default,transient_overload,static_coarse_full,14,5000,0.2473720954134729,1.0381199444767375,53.294809759999964,0.44412823708629073,0.7369595827988009,0.3575266583575565,4875.130328835441,0.9404694444444617,0.0,0.0,0.0,4.230687999999954,0.20258946797425104,0.0088,0.0,10.1094,56.0424,calibrated:/Users/let/Documents/DO_A_PAPER_May_18/Papers/Paper_xAI_in_Cyber_2/6_Analysis_Results/xai_surfacebench/data/unsw_nb15_dedup/unsw_nb15_dedup_score_stream.csv
unsw_nb15_deduplicated_anchor,default,default,transient_overload,static_offload,14,5000,0.24700385695868488,1.0273613956786802,53.26727515999998,0.40037323062878455,0.6276415479705342,0.5472037481884634,4668.2682248505835,1.0751999999999577,0.3690615632010482,0.0,0.0,1.0224959999999106,0.19262655571695042,0.0,0.1468,10.0742,56.3138,calibrated:/Users/let/Documents/DO_A_PAPER_May_18/Papers/Paper_xAI_in_Cyber_2/6_Analysis_Results/xai_surfacebench/data/unsw_nb15_dedup/unsw_nb15_dedup_score_stream.csv
unsw_nb15_deduplicated_anchor,default,default,transient_overload,budget_only_bexgov,14,5000,0.24685543621281483,1.0335553592418776,53.23481253999999,0.3702464329473291,0.641264243472697,0.31730366388681547,6748.57295411458,0.5659427777778336,0.0,0.2587447136476819,0.0,3.223212000000157,0.20618802440884676,0.0002,0.0,10.1204,55.936,calibrated:/Users/let/Documents/DO_A_PAPER_May_18/Papers/Paper_xAI_in_Cyber_2/6_Analysis_Results/xai_surfacebench/data/unsw_nb15_dedup/unsw_nb15_dedup_score_stream.csv
unsw_nb15_deduplicated_anchor,default,default,transient_overload,xai_gate,14,5000,0.24902761111308455,1.0360900344613735,53.23527716000001,0.6833535609101538,0.7455259171932993,0.7703081575775194,3000.51078722089,0.9922205555558582,0.23516040402443122,0.15386135873969678,0.5761301417248127,4.278283999999196,0.1982567709998686,0.0116,0.0,10.1182,56.294,calibrated:/Users/let/Documents/DO_A_PAPER_May_18/Papers/Paper_xAI_in_Cyber_2/6_Analysis_Results/xai_surfacebench/data/unsw_nb15_dedup/unsw_nb15_dedup_score_stream.csv
unsw_nb15_deduplicated_anchor,default,default,non_markovian,never_explain,14,5000,0.13550666011731052,1.238826923076935,64.419,0.0,0.0,0.0,14885.411602483096,0.0,0.0,0.0,0.0,0.0,0.12201065233513297,0.0,0.0,9.3196,55.3744,calibrated:/Users/let/Documents/DO_A_PAPER_May_18/Papers/Paper_xAI_in_Cyber_2/6_Analysis_Results/xai_surfacebench/data/unsw_nb15_dedup/unsw_nb15_dedup_score_stream.csv
unsw_nb15_deduplicated_anchor,default,default,non_markovian,always_explain,14,5000,0.13854146332646505,1.380668534684565,70.65372500000005,1.0,1.0,0.8499999999999303,0.0,2.217886111110929,0.0,0.0,0.0,9.3934,0.13188494860764455,0.0978,0.5468,9.3934,55.326,calibrated:/Users/let/Documents/DO_A_PAPER_May_18/Papers/Paper_xAI_in_Cyber_2/6_Analysis_Results/xai_surfacebench/data/unsw_nb15_dedup/unsw_nb15_dedup_score_stream.csv
unsw_nb15_deduplicated_anchor,default,default,non_markovian,threshold_explain,14,5000,0.1362947746789714,1.2476784869216018,64.38469463999988,0.4237572391224902,0.7225082093395082,0.3401171176990026,4057.3317747588994,0.8190222222223024,0.0,0.0,0.0,3.6973280000000552,0.1277341160874954,0.018,0.0,9.2898,54.9172,calibrated:/Users/let/Documents/DO_A_PAPER_May_18/Papers/Paper_xAI_in_Cyber_2/6_Analysis_Results/xai_surfacebench/data/unsw_nb15_dedup/unsw_nb15_dedup_score_stream.csv
unsw_nb15_deduplicated_anchor,default,default,non_markovian,rate_limited,14,5000,0.13293562514477603,1.3217562295166427,68.28325400000014,0.5419715641828073,0.6828873340552007,0.5808026307387606,4552.752439731289,0.8373722222223037,0.0,0.0,0.0,4.301816000000113,0.13367211026175863,0.0,0.0,9.3966,55.2576,calibrated:/Users/let/Documents/DO_A_PAPER_May_18/Papers/Paper_xAI_in_Cyber_2/6_Analysis_Results/xai_surfacebench/data/unsw_nb15_dedup/unsw_nb15_dedup_score_stream.csv
unsw_nb15_deduplicated_anchor,default,default,non_markovian,fifo_explanation,14,5000,0.1393151676566539,1.3414758860312637,69.05018599999991,0.8214516337336949,0.6943243403280943,0.8767822549398624,1825.5577358822372,1.8021416666665648,0.0,0.0,0.0,7.6326,0.12383115681457313,0.0,0.4486,9.2916,55.1186,calibrated:/Users/let/Documents/DO_A_PAPER_May_18/Papers/Paper_xAI_in_Cyber_2/6_Analysis_Results/xai_surfacebench/data/unsw_nb15_dedup/unsw_nb15_dedup_score_stream.csv
unsw_nb15_deduplicated_anchor,default,default,non_markovian,static_coarse_full,14,5000,0.13611271336037128,1.2488776770149848,64.4433818799998,0.42173843393567784,0.7230952130344682,0.33886218975609655,4131.219508149175,0.8236222222223014,0.0,0.0,0.0,3.713336000000072,0.1383596417004651,0.0166,0.0,9.3636,54.8368,calibrated:/Users/let/Documents/DO_A_PAPER_May_18/Papers/Paper_xAI_in_Cyber_2/6_Analysis_Results/xai_surfacebench/data/unsw_nb15_dedup/unsw_nb15_dedup_score_stream.csv
unsw_nb15_deduplicated_anchor,default,default,non_markovian,static_offload,14,5000,0.1356067339969587,1.2462180351755996,64.68964436000016,0.38388876982425524,0.6187351900489829,0.5234404200600097,3848.523484229373,0.9520722222222484,0.35246463780540077,0.0,0.0,0.9133999999999894,0.1288650503041744,0.0,0.0,9.332,55.1114,calibrated:/Users/let/Documents/DO_A_PAPER_May_18/Papers/Paper_xAI_in_Cyber_2/6_Analysis_Results/xai_surfacebench/data/unsw_nb15_dedup/unsw_nb15_dedup_score_stream.csv
unsw_nb15_deduplicated_anchor,default,default,non_markovian,budget_only_bexgov,14,5000,0.13626041721467197,1.239310495177923,64.08590428000008,0.3501051333636169,0.6261015162123859,0.29906223635539037,5849.407540044589,0.4897900000000435,0.0,0.2384537175243905,0.0,2.7826520000001134,0.12589507525938615,0.0008,0.0,9.2454,54.744,calibrated:/Users/let/Documents/DO_A_PAPER_May_18/Papers/Paper_xAI_in_Cyber_2/6_Analysis_Results/xai_surfacebench/data/unsw_nb15_dedup/unsw_nb15_dedup_score_stream.csv
unsw_nb15_deduplicated_anchor,default,default,non_markovian,xai_gate,14,5000,0.13743583720972644,1.2147363032398113,62.817401640000135,0.6642197641072543,0.7718572713558791,0.7180831015373982,267.2828858102546,0.9053499999999923,0.20458416887681394,0.14897470729025164,0.4710955861741812,3.9479479999998532,0.12800306463087452,0.0036,0.0,9.2754,54.819,calibrated:/Users/let/Documents/DO_A_PAPER_May_18/Papers/Paper_xAI_in_Cyber_2/6_Analysis_Results/xai_surfacebench/data/unsw_nb15_dedup/unsw_nb15_dedup_score_stream.csv
unsw_nb15_deduplicated_anchor,default,default,rtt_uncertainty,never_explain,14,5000,0.0,0.015403846153846117,0.801,0.0,0.0,0.0,9758.897700027306,0.0,0.0,0.0,0.0,0.0,0.07825640253488308,0.0,0.0,7.3044,45.1618,calibrated:/Users/let/Documents/DO_A_PAPER_May_18/Papers/Paper_xAI_in_Cyber_2/6_Analysis_Results/xai_surfacebench/data/unsw_nb15_dedup/unsw_nb15_dedup_score_stream.csv
unsw_nb15_deduplicated_anchor,default,default,rtt_uncertainty,always_explain,14,5000,0.0,0.019191188439923023,0.9882749999999989,1.0,1.0,0.8499999999999525,0.0,1.714261111111015,0.0,0.0,0.0,7.2604,0.07470251179369125,0.0004,0.4136,7.2604,45.0382,calibrated:/Users/let/Documents/DO_A_PAPER_May_18/Papers/Paper_xAI_in_Cyber_2/6_Analysis_Results/xai_surfacebench/data/unsw_nb15_dedup/unsw_nb15_dedup_score_stream.csv
unsw_nb15_deduplicated_anchor,default,default,rtt_uncertainty,threshold_explain,14,5000,0.0,0.014519828522415009,0.75231408,0.40234403024199733,0.7053754747724416,0.32165365194119366,1448.5704768231421,0.6012555555556194,0.0,0.0,0.0,2.727128000000068,0.07839417730822529,0.0,0.0,7.2482,44.8086,calibrated:/Users/let/Documents/DO_A_PAPER_May_18/Papers/Paper_xAI_in_Cyber_2/6_Analysis_Results/xai_surfacebench/data/unsw_nb15_dedup/unsw_nb15_dedup_score_stream.csv
unsw_nb15_deduplicated_anchor,default,default,rtt_uncertainty,rate_limited,14,5000,0.0,0.016555865151109028,0.8565954399999997,0.6314943030038904,0.7615001055493907,0.44799378509516197,1.013196166830773,0.7082277777778521,0.0,0.0,0.0,3.7976800000001365,0.08680904262095046,0.0,0.0,7.3372,45.0076,calibrated:/Users/let/Documents/DO_A_PAPER_May_18/Papers/Paper_xAI_in_Cyber_2/6_Analysis_Results/xai_surfacebench/data/unsw_nb15_dedup/unsw_nb15_dedup_score_stream.csv
unsw_nb15_deduplicated_anchor,default,default,rtt_uncertainty,fifo_explanation,14,5000,0.0,0.0176707640489469,0.9103529999999987,0.9919372592184921,0.9850606941144958,0.8512094111171807,0.0909848633201752,1.7022194444443546,0.0,0.0,0.0,7.2094,0.07722429475749903,0.0,0.4102,7.268,44.9798,calibrated:/Users/let/Documents/DO_A_PAPER_May_18/Papers/Paper_xAI_in_Cyber_2/6_Analysis_Results/xai_surfacebench/data/unsw_nb15_dedup/unsw_nb15_dedup_score_stream.csv
unsw_nb15_deduplicated_anchor,default,default,rtt_uncertainty,static_coarse_full,14,5000,0.0,0.016598678734721928,0.8599234799999984,0.4035883732344534,0.7048460445774366,0.32239870207778865,1549.4423377357884,0.6092361111111734,0.0,0.0,0.0,2.765896000000083,0.08762314869185239,0.0,0.0,7.3348,44.9592,calibrated:/Users/let/Documents/DO_A_PAPER_May_18/Papers/Paper_xAI_in_Cyber_2/6_Analysis_Results/xai_surfacebench/data/unsw_nb15_dedup/unsw_nb15_dedup_score_stream.csv
unsw_nb15_deduplicated_anchor,default,default,rtt_uncertainty,static_offload,14,5000,0.0,0.014776287853723048,0.7676735200000001,0.3664998912333926,0.6049066650017088,0.6053685536169142,1355.0725746454123,0.7072000000000276,0.33086795736349794,0.0,0.0,0.7038720000000158,0.08724798483955087,0.0,0.0,7.3552,45.0998,calibrated:/Users/let/Documents/DO_A_PAPER_May_18/Papers/Paper_xAI_in_Cyber_2/6_Analysis_Results/xai_surfacebench/data/unsw_nb15_dedup/unsw_nb15_dedup_score_stream.csv
unsw_nb15_deduplicated_anchor,default,default,rtt_uncertainty,budget_only_bexgov,14,5000,0.0,0.013712161489223553,0.71104464,0.34263080508239036,0.6217027327494036,0.2905079620485026,2557.772936902598,0.37261333333336377,0.0,0.22543416745269934,0.0,2.117344000000027,0.07285988323727444,0.0,0.0,7.2092,44.7974,calibrated:/Users/let/Documents/DO_A_PAPER_May_18/Papers/Paper_xAI_in_Cyber_2/6_Analysis_Results/xai_surfacebench/data/unsw_nb15_dedup/unsw_nb15_dedup_score_stream.csv
unsw_nb15_deduplicated_anchor,default,default,rtt_uncertainty,xai_gate,14,5000,0.0,0.015671314946525836,0.8107071400000004,0.6610918256131367,0.8145538971671991,0.5489573132671587,0.8080454557521576,0.6681372222222142,0.01640326975476839,0.022479564032697547,0.314141689373297,4.018567999999635,0.08196871135167938,0.0,0.0,7.34,45.2262,calibrated:/Users/let/Documents/DO_A_PAPER_May_18/Papers/Paper_xAI_in_Cyber_2/6_Analysis_Results/xai_surfacebench/data/unsw_nb15_dedup/unsw_nb15_dedup_score_stream.csv
unsw_nb15_deduplicated_anchor,default,default,adversarial_explanation_flood,never_explain,15,5000,0.0,0.013319230769230788,0.6926,0.0,0.0,0.0,25724.749352687915,0.0,0.0,0.0,0.0,0.0,0.7985927488878846,0.0,0.0,12.1214,44.9292,calibrated:/Users/let/Documents/DO_A_PAPER_May_18/Papers/Paper_xAI_in_Cyber_2/6_Analysis_Results/xai_surfacebench/data/unsw_nb15_dedup/unsw_nb15_dedup_score_stream.csv
unsw_nb15_deduplicated_anchor,default,default,adversarial_explanation_flood,always_explain,15,5000,0.0,0.02203535913100538,1.1275490000000017,1.0,1.0,0.849999999999948,0.0,2.8732361111109355,0.0,0.0,0.0,12.169,0.8000068042002619,0.0452,0.6546,12.169,45.0702,calibrated:/Users/let/Documents/DO_A_PAPER_May_18/Papers/Paper_xAI_in_Cyber_2/6_Analysis_Results/xai_surfacebench/data/unsw_nb15_dedup/unsw_nb15_dedup_score_stream.csv
unsw_nb15_deduplicated_anchor,default,default,adversarial_explanation_flood,threshold_explain,15,5000,0.0,0.018096052285986004,0.9318631599999999,0.6313289320260868,0.8447762927116528,0.5190799954016132,4279.694301524827,1.6887527777777351,0.0,0.0,0.0,7.414239999999883,0.8062328693980716,0.0006,0.4064,12.1782,44.9488,calibrated:/Users/let/Documents/DO_A_PAPER_May_18/Papers/Paper_xAI_in_Cyber_2/6_Analysis_Results/xai_surfacebench/data/unsw_nb15_dedup/unsw_nb15_dedup_score_stream.csv
unsw_nb15_deduplicated_anchor,default,default,adversarial_explanation_flood,rate_limited,15,5000,0.0,0.01928007937197723,0.9931132000000035,0.6779440431143289,0.8318812889295634,0.7232198142414665,5580.283670004519,1.7085694444443957,0.0,0.0,0.0,7.744815999999762,0.8117713049401045,0.0,0.4134,12.2094,44.9262,calibrated:/Users/let/Documents/DO_A_PAPER_May_18/Papers/Paper_xAI_in_Cyber_2/6_Analysis_Results/xai_surfacebench/data/unsw_nb15_dedup/unsw_nb15_dedup_score_stream.csv
unsw_nb15_deduplicated_anchor,default,default,adversarial_explanation_flood,fifo_explanation,15,5000,0.0,0.019881027643640355,1.0210799999999898,0.8805294380091544,0.8330479580667609,0.8679205842985732,2535.1694665896816,2.5163305555554074,0.0,0.0,0.0,10.6574,0.796777694149643,0.0,0.6038,12.1034,44.9078,calibrated:/Users/let/Documents/DO_A_PAPER_May_18/Papers/Paper_xAI_in_Cyber_2/6_Analysis_Results/xai_surfacebench/data/unsw_nb15_dedup/unsw_nb15_dedup_score_stream.csv
unsw_nb15_deduplicated_anchor,default,default,adversarial_explanation_flood,static_coarse_full,15,5000,0.0,0.01899692850480937,0.9783072800000011,0.6303589455044997,0.8434146757370997,0.5179869925695376,4271.952799817854,1.6711944444443938,0.0,0.0,0.0,7.341855999999882,0.7880217603257149,0.0006,0.405,12.0854,45.0606,calibrated:/Users/let/Documents/DO_A_PAPER_May_18/Papers/Paper_xAI_in_Cyber_2/6_Analysis_Results/xai_surfacebench/data/unsw_nb15_dedup/unsw_nb15_dedup_score_stream.csv
unsw_nb15_deduplicated_anchor,default,default,adversarial_explanation_flood,static_offload,15,5000,0.0,0.01644571746699899,0.8534312800000016,0.5761993167978842,0.7190439708567811,0.8251337524960716,3652.6470689787193,1.9766611111110703,0.5738897965245804,0.0,0.0,1.563015999999947,0.7938960110481079,0.0,0.4934,12.1194,45.0394,calibrated:/Users/let/Documents/DO_A_PAPER_May_18/Papers/Paper_xAI_in_Cyber_2/6_Analysis_Results/xai_surfacebench/data/unsw_nb15_dedup/unsw_nb15_dedup_score_stream.csv
unsw_nb15_deduplicated_anchor,default,default,adversarial_explanation_flood,budget_only_bexgov,15,5000,0.0,0.016347480665012043,0.8441659399999993,0.5045657201909539,0.7152976401897665,0.45090382691139785,8199.054351491703,0.894116666666736,0.0,0.4007840821481882,0.05168708888998245,5.334383999999925,0.8065921365545787,0.0,0.0,12.1926,44.993,calibrated:/Users/let/Documents/DO_A_PAPER_May_18/Papers/Paper_xAI_in_Cyber_2/6_Analysis_Results/xai_surfacebench/data/unsw_nb15_dedup/unsw_nb15_dedup_score_stream.csv
unsw_nb15_deduplicated_anchor,default,default,adversarial_explanation_flood,xai_gate,15,5000,0.0,0.017346814632288005,0.8937961049997019,0.653909508163775,0.7296261523325408,0.6470811388668584,2861.1579308660857,1.0,0.03077481880169724,0.1288447885882217,0.5525805279918925,6.667074999993737,0.7978411895570887,0.0004,0.0,12.1138,44.9198,calibrated:/Users/let/Documents/DO_A_PAPER_May_18/Papers/Paper_xAI_in_Cyber_2/6_Analysis_Results/xai_surfacebench/data/unsw_nb15_dedup/unsw_nb15_dedup_score_stream.csv
unsw_nb15_deduplicated_anchor,default,default,transient_overload,never_explain,15,5000,0.24651403056260238,1.0250076923077072,53.3004,0.0,0.0,0.0,17416.393560703833,0.0,0.0,0.0,0.0,0.0,0.20936573813625992,0.0,0.0,10.2542,56.5266,calibrated:/Users/let/Documents/DO_A_PAPER_May_18/Papers/Paper_xAI_in_Cyber_2/6_Analysis_Results/xai_surfacebench/data/unsw_nb15_dedup/unsw_nb15_dedup_score_stream.csv
unsw_nb15_deduplicated_anchor,default,default,transient_overload,always_explain,15,5000,0.250853693805632,1.0547810317661002,53.40679300000001,1.0,1.0,0.8499999999999073,0.0,2.3940249999997385,0.0,0.0,0.0,10.1394,0.20673957518825303,0.1972,0.526,10.1394,56.0154,calibrated:/Users/let/Documents/DO_A_PAPER_May_18/Papers/Paper_xAI_in_Cyber_2/6_Analysis_Results/xai_surfacebench/data/unsw_nb15_dedup/unsw_nb15_dedup_score_stream.csv
unsw_nb15_deduplicated_anchor,default,default,transient_overload,threshold_explain,15,5000,0.24646708507870194,1.038906669244878,53.33651503999998,0.44293949839535546,0.7376646659616564,0.3568485280716252,4806.3760116380345,0.9383388888889137,0.0,0.0,0.0,4.217215999999941,0.2027678099132224,0.0118,0.0,10.0956,55.9576,calibrated:/Users/let/Documents/DO_A_PAPER_May_18/Papers/Paper_xAI_in_Cyber_2/6_Analysis_Results/xai_surfacebench/data/unsw_nb15_dedup/unsw_nb15_dedup_score_stream.csv
unsw_nb15_deduplicated_anchor,default,default,transient_overload,rate_limited,15,5000,0.24780430379656915,1.0348446688285564,53.28175476000006,0.4880488433405512,0.6608490721680975,0.6923612900667588,9113.034031119845,0.8906861111111725,0.0,0.0,0.0,4.334968000000018,0.19879424306909566,0.0002,0.0,10.0894,56.1086,calibrated:/Users/let/Documents/DO_A_PAPER_May_18/Papers/Paper_xAI_in_Cyber_2/6_Analysis_Results/xai_surfacebench/data/unsw_nb15_dedup/unsw_nb15_dedup_score_stream.csv
unsw_nb15_deduplicated_anchor,default,default,transient_overload,fifo_explanation,15,5000,0.24633894927859212,1.039609981219385,53.37743599999993,0.7241847826086957,0.5466523661517949,0.8913722826086098,9493.40384101075,1.7115222222221262,0.0,0.0,0.0,7.2488,0.18718829131752468,0.0,0.4434,10.0096,56.209,calibrated:/Users/let/Documents/DO_A_PAPER_May_18/Papers/Paper_xAI_in_Cyber_2/6_Analysis_Results/xai_surfacebench/data/unsw_nb15_dedup/unsw_nb15_dedup_score_stream.csv
unsw_nb15_deduplicated_anchor,default,default,transient_overload,static_coarse_full,15,5000,0.2471095862598967,1.0351959007573244,53.15650595999999,0.4390414507772173,0.7325156018844211,0.3529643284176896,4809.4715244946365,0.920169444444488,0.0,0.0,0.0,4.145847999999945,0.19576549365836793,0.0074,0.0,10.036,55.953,calibrated:/Users/let/Documents/DO_A_PAPER_May_18/Papers/Paper_xAI_in_Cyber_2/6_Analysis_Results/xai_surfacebench/data/unsw_nb15_dedup/unsw_nb15_dedup_score_stream.csv
unsw_nb15_deduplicated_anchor,default,default,transient_overload,static_offload,15,5000,0.24519888210765883,1.029345227146216,53.368993720000006,0.40153777865461493,0.6281877793552214,0.5488102189781198,4705.51127377365,1.0851944444444037,0.37015190372854606,0.0,0.0,1.0318959999999109,0.20540231402050058,0.0,0.164,10.138,56.0698,calibrated:/Users/let/Documents/DO_A_PAPER_May_18/Papers/Paper_xAI_in_Cyber_2/6_Analysis_Results/xai_surfacebench/data/unsw_nb15_dedup/unsw_nb15_dedup_score_stream.csv
unsw_nb15_deduplicated_anchor,default,default,transient_overload,budget_only_bexgov,15,5000,0.24759924389862775,1.0347488865191412,53.29678661999997,0.36612772917160735,0.6405080695678477,0.3143591865689424,6857.172057278641,0.5617083333333902,0.0,0.2582367778040514,0.0,3.1990520000001657,0.20152285706168005,0.0002,0.0,10.1496,56.3152,calibrated:/Users/let/Documents/DO_A_PAPER_May_18/Papers/Paper_xAI_in_Cyber_2/6_Analysis_Results/xai_surfacebench/data/unsw_nb15_dedup/unsw_nb15_dedup_score_stream.csv
unsw_nb15_deduplicated_anchor,default,default,transient_overload,xai_gate,15,5000,0.24641561258337222,1.0357996078226321,53.20913345999996,0.6829469235306814,0.7454259295074956,0.7694411244349226,3077.6895114567005,0.9937816666669694,0.23390996658148222,0.15417731472380578,0.5782386475329271,4.305559999999179,0.20959208664740392,0.0108,0.0,10.174,56.074,calibrated:/Users/let/Documents/DO_A_PAPER_May_18/Papers/Paper_xAI_in_Cyber_2/6_Analysis_Results/xai_surfacebench/data/unsw_nb15_dedup/unsw_nb15_dedup_score_stream.csv
unsw_nb15_deduplicated_anchor,default,default,non_markovian,never_explain,15,5000,0.13514815003976446,1.218919230769242,63.3838,0.0,0.0,0.0,15186.339037319514,0.0,0.0,0.0,0.0,0.0,0.13152435361443815,0.0,0.0,9.305,54.8228,calibrated:/Users/let/Documents/DO_A_PAPER_May_18/Papers/Paper_xAI_in_Cyber_2/6_Analysis_Results/xai_surfacebench/data/unsw_nb15_dedup/unsw_nb15_dedup_score_stream.csv
unsw_nb15_deduplicated_anchor,default,default,non_markovian,always_explain,15,5000,0.13808094949155256,1.2153260106539945,62.15770599999998,1.0,1.0,0.8499999999999319,0.0,2.175622222222048,0.0,0.0,0.0,9.2144,0.12270236154466674,0.0916,0.538,9.2144,54.7156,calibrated:/Users/let/Documents/DO_A_PAPER_May_18/Papers/Paper_xAI_in_Cyber_2/6_Analysis_Results/xai_surfacebench/data/unsw_nb15_dedup/unsw_nb15_dedup_score_stream.csv
unsw_nb15_deduplicated_anchor,default,default,non_markovian,threshold_explain,15,5000,0.13740524278907354,1.2486584402460135,64.43474032000007,0.41990893507607735,0.7199295181584386,0.33691557745877493,4126.035534729069,0.8148222222223038,0.0,0.0,0.0,3.6798320000000544,0.13168200390402607,0.017,0.0,9.334,54.986,calibrated:/Users/let/Documents/DO_A_PAPER_May_18/Papers/Paper_xAI_in_Cyber_2/6_Analysis_Results/xai_surfacebench/data/unsw_nb15_dedup/unsw_nb15_dedup_score_stream.csv
unsw_nb15_deduplicated_anchor,default,default,non_markovian,rate_limited,15,5000,0.1405440094392546,1.2814810461351378,66.19189944000014,0.5374984010574542,0.6817618889313614,0.5867245128554819,4555.680177075366,0.831755555555639,0.0,0.0,0.0,4.26507200000011,0.13179366349008537,0.0,0.0,9.3812,55.2586,calibrated:/Users/let/Documents/DO_A_PAPER_May_18/Papers/Paper_xAI_in_Cyber_2/6_Analysis_Results/xai_surfacebench/data/unsw_nb15_dedup/unsw_nb15_dedup_score_stream.csv
unsw_nb15_deduplicated_anchor,default,default,non_markovian,fifo_explanation,15,5000,0.13527776662200344,1.2219491686201092,62.88712699999996,0.8245511824615915,0.7004695114630429,0.8763173226306833,1739.0829252036776,1.8045027777776814,0.0,0.0,0.0,7.6426,0.12800703909104794,0.0,0.4502,9.2688,54.7798,calibrated:/Users/let/Documents/DO_A_PAPER_May_18/Papers/Paper_xAI_in_Cyber_2/6_Analysis_Results/xai_surfacebench/data/unsw_nb15_dedup/unsw_nb15_dedup_score_stream.csv
unsw_nb15_deduplicated_anchor,default,default,non_markovian,static_coarse_full,15,5000,0.141152354936967,1.2744206720413938,65.7651777200001,0.4213362297340366,0.7199604478854701,0.3378753841263309,4279.3933198957075,0.8255777777778548,0.0,0.0,0.0,3.73084000000007,0.13660862579596844,0.0166,0.0,9.437,55.3518,calibrated:/Users/let/Documents/DO_A_PAPER_May_18/Papers/Paper_xAI_in_Cyber_2/6_Analysis_Results/xai_surfacebench/data/unsw_nb15_dedup/unsw_nb15_dedup_score_stream.csv
unsw_nb15_deduplicated_anchor,default,default,non_markovian,static_offload,15,5000,0.13485800294324468,1.2031509936116773,62.45058304,0.38318580295629084,0.616028753917081,0.520204338459572,3987.693129768153,0.9494777777778034,0.34923106456498093,0.0,0.0,0.925791999999989,0.1329075536030604,0.0,0.0,9.3766,55.1772,calibrated:/Users/let/Documents/DO_A_PAPER_May_18/Papers/Paper_xAI_in_Cyber_2/6_Analysis_Results/xai_surfacebench/data/unsw_nb15_dedup/unsw_nb15_dedup_score_stream.csv
unsw_nb15_deduplicated_anchor,default,default,non_markovian,budget_only_bexgov,15,5000,0.13715680765792831,1.2557298845989073,64.93065235999995,0.35031509442078407,0.6272810257559402,0.2998322364176151,5950.228737053488,0.49226388888893474,0.0,0.24228932765518132,0.0,2.801180000000114,0.13550107703354253,0.0004,0.0,9.2988,54.5944,calibrated:/Users/let/Documents/DO_A_PAPER_May_18/Papers/Paper_xAI_in_Cyber_2/6_Analysis_Results/xai_surfacebench/data/unsw_nb15_dedup/unsw_nb15_dedup_score_stream.csv
unsw_nb15_deduplicated_anchor,default,default,non_markovian,xai_gate,15,5000,0.13693037584966022,1.2346389277453447,63.851563100000064,0.6623802865379251,0.7716031526450416,0.7124319149851568,257.37105292472376,0.9028122222222128,0.2028997977885815,0.14322591748053176,0.463580432818483,3.940183999999875,0.12648274023724015,0.0032,0.0,9.2972,55.022,calibrated:/Users/let/Documents/DO_A_PAPER_May_18/Papers/Paper_xAI_in_Cyber_2/6_Analysis_Results/xai_surfacebench/data/unsw_nb15_dedup/unsw_nb15_dedup_score_stream.csv
unsw_nb15_deduplicated_anchor,default,default,rtt_uncertainty,never_explain,15,5000,0.0,0.014323076923076942,0.7448,0.0,0.0,0.0,9839.37130635765,0.0,0.0,0.0,0.0,0.0,0.08641121776974248,0.0,0.0,7.3542,45.1284,calibrated:/Users/let/Documents/DO_A_PAPER_May_18/Papers/Paper_xAI_in_Cyber_2/6_Analysis_Results/xai_surfacebench/data/unsw_nb15_dedup/unsw_nb15_dedup_score_stream.csv
unsw_nb15_deduplicated_anchor,default,default,rtt_uncertainty,always_explain,15,5000,0.0,0.019417613630773194,0.9998809999999989,1.0,1.0,0.8499999999999487,0.0,1.7152055555554522,0.0,0.0,0.0,7.2644,0.07742369904989221,0.0006,0.4222,7.2644,44.9492,calibrated:/Users/let/Documents/DO_A_PAPER_May_18/Papers/Paper_xAI_in_Cyber_2/6_Analysis_Results/xai_surfacebench/data/unsw_nb15_dedup/unsw_nb15_dedup_score_stream.csv
unsw_nb15_deduplicated_anchor,default,default,rtt_uncertainty,threshold_explain,15,5000,0.0,0.017204624596365462,0.8914068399999989,0.40188492336480236,0.7028845851388525,0.3208125808315891,1500.1260961388223,0.6001861111111739,0.0,0.0,0.0,2.7271120000000693,0.07156494598830343,0.0,0.0,7.2682,45.2186,calibrated:/Users/let/Documents/DO_A_PAPER_May_18/Papers/Paper_xAI_in_Cyber_2/6_Analysis_Results/xai_surfacebench/data/unsw_nb15_dedup/unsw_nb15_dedup_score_stream.csv
unsw_nb15_deduplicated_anchor,default,default,rtt_uncertainty,rate_limited,15,5000,0.0,0.016799762450013103,0.8692144400000003,0.6304473777705133,0.7604311535112507,0.44685168484056537,1.179604577695498,0.7034916666667432,0.0,0.0,0.0,3.7778160000001306,0.08088228778036899,0.0,0.0,7.3182,45.1372,calibrated:/Users/let/Documents/DO_A_PAPER_May_18/Papers/Paper_xAI_in_Cyber_2/6_Analysis_Results/xai_surfacebench/data/unsw_nb15_dedup/unsw_nb15_dedup_score_stream.csv
unsw_nb15_deduplicated_anchor,default,default,rtt_uncertainty,fifo_explanation,15,5000,0.0,0.018056870597717243,0.9302869999999983,0.9913026725015825,0.9838639873593357,0.8513045991247139,0.10527038121306068,1.7008027777776815,0.0,0.0,0.0,7.2034,0.07565846444891866,0.0,0.416,7.2666,45.0366,calibrated:/Users/let/Documents/DO_A_PAPER_May_18/Papers/Paper_xAI_in_Cyber_2/6_Analysis_Results/xai_surfacebench/data/unsw_nb15_dedup/unsw_nb15_dedup_score_stream.csv
unsw_nb15_deduplicated_anchor,default,default,rtt_uncertainty,static_coarse_full,15,5000,0.0,0.015541767435096714,0.8052108399999985,0.4063742834416819,0.7064668142502287,0.3246304067582993,1476.6906716995986,0.6098722222222861,0.0,0.0,0.0,2.768720000000075,0.08103059495376641,0.0,0.0,7.2918,44.9682,calibrated:/Users/let/Documents/DO_A_PAPER_May_18/Papers/Paper_xAI_in_Cyber_2/6_Analysis_Results/xai_surfacebench/data/unsw_nb15_dedup/unsw_nb15_dedup_score_stream.csv
unsw_nb15_deduplicated_anchor,default,default,rtt_uncertainty,static_offload,15,5000,0.0,0.014743387041756529,0.7659632000000007,0.3705744254372525,0.6092623810132898,0.6152244371770386,1281.2783848420438,0.7123500000000295,0.3371591751558253,0.0,0.0,0.6971760000000142,0.0780130507689436,0.0,0.0,7.2838,45.0446,calibrated:/Users/let/Documents/DO_A_PAPER_May_18/Papers/Paper_xAI_in_Cyber_2/6_Analysis_Results/xai_surfacebench/data/unsw_nb15_dedup/unsw_nb15_dedup_score_stream.csv
unsw_nb15_deduplicated_anchor,default,default,rtt_uncertainty,budget_only_bexgov,15,5000,0.0,0.0157241655020151,0.8153222400000006,0.3386014389279386,0.6189793727282281,0.2869837434094998,2758.093265015328,0.3714150000000287,0.0,0.22292398945518455,0.0,2.1126960000000268,0.07811572513614773,0.0,0.0,7.2832,45.0366,calibrated:/Users/let/Documents/DO_A_PAPER_May_18/Papers/Paper_xAI_in_Cyber_2/6_Analysis_Results/xai_surfacebench/data/unsw_nb15_dedup/unsw_nb15_dedup_score_stream.csv
unsw_nb15_deduplicated_anchor,default,default,rtt_uncertainty,xai_gate,15,5000,0.0,0.0153054540810648,0.7918371800000008,0.6612414226742714,0.8150094466201838,0.5505970681678807,0.8426208316664717,0.6676777777777703,0.018070477596435115,0.02282730528445283,0.3130211323436945,3.9979879999996455,0.08506160369844862,0.0,0.0,7.3158,44.9486,calibrated:/Users/let/Documents/DO_A_PAPER_May_18/Papers/Paper_xAI_in_Cyber_2/6_Analysis_Results/xai_surfacebench/data/unsw_nb15_dedup/unsw_nb15_dedup_score_stream.csv
unsw_nb15_deduplicated_anchor,default,default,adversarial_explanation_flood,never_explain,16,5000,0.0,0.014888461538461528,0.7742,0.0,0.0,0.0,26149.835677365278,0.0,0.0,0.0,0.0,0.0,0.8153863456097397,0.0,0.0,12.2678,45.0512,calibrated:/Users/let/Documents/DO_A_PAPER_May_18/Papers/Paper_xAI_in_Cyber_2/6_Analysis_Results/xai_surfacebench/data/unsw_nb15_dedup/unsw_nb15_dedup_score_stream.csv
unsw_nb15_deduplicated_anchor,default,default,adversarial_explanation_flood,always_explain,16,5000,0.0,0.019683742820226988,1.0074070000000013,1.0,1.0,0.8499999999999504,0.0,2.872055555555388,0.0,0.0,0.0,12.164,0.8035489763480672,0.0386,0.6564,12.164,44.9632,calibrated:/Users/let/Documents/DO_A_PAPER_May_18/Papers/Paper_xAI_in_Cyber_2/6_Analysis_Results/xai_surfacebench/data/unsw_nb15_dedup/unsw_nb15_dedup_score_stream.csv
unsw_nb15_deduplicated_anchor,default,default,adversarial_explanation_flood,threshold_explain,16,5000,0.0,0.018419187608333575,0.9482729600000009,0.6355624979392733,0.8463604788576448,0.5226416960664645,4212.423886865409,1.6941527777777337,0.0,0.0,0.0,7.436655999999866,0.800122267528474,0.0004,0.4108,12.1316,44.9288,calibrated:/Users/let/Documents/DO_A_PAPER_May_18/Papers/Paper_xAI_in_Cyber_2/6_Analysis_Results/xai_surfacebench/data/unsw_nb15_dedup/unsw_nb15_dedup_score_stream.csv
unsw_nb15_deduplicated_anchor,default,default,adversarial_explanation_flood,rate_limited,16,5000,0.0,0.019097107274969567,0.9836593600000034,0.6766769941969158,0.8311493174521614,0.7210878331857759,5679.607988981584,1.7004027777777233,0.0,0.0,0.0,7.716591999999744,0.8063587666231344,0.0,0.4148,12.2004,45.0276,calibrated:/Users/let/Documents/DO_A_PAPER_May_18/Papers/Paper_xAI_in_Cyber_2/6_Analysis_Results/xai_surfacebench/data/unsw_nb15_dedup/unsw_nb15_dedup_score_stream.csv
unsw_nb15_deduplicated_anchor,default,default,adversarial_explanation_flood,fifo_explanation,16,5000,0.0,0.01825612005433679,0.937613999999992,0.8806659893153289,0.8332286141680834,0.8679001016026509,2680.7140907322528,2.5377222222220817,0.0,0.0,0.0,10.748,0.8022520028057731,0.0,0.6066,12.2044,45.145,calibrated:/Users/let/Documents/DO_A_PAPER_May_18/Papers/Paper_xAI_in_Cyber_2/6_Analysis_Results/xai_surfacebench/data/unsw_nb15_dedup/unsw_nb15_dedup_score_stream.csv
unsw_nb15_deduplicated_anchor,default,default,adversarial_explanation_flood,static_coarse_full,16,5000,0.0,0.0177024522506452,0.9114177200000002,0.6339954401561556,0.8464738488059713,0.521500975937794,4240.6279883823645,1.6996527777777257,0.0,0.0,0.0,7.458423999999874,0.8137572087529896,0.0006,0.4074,12.1934,44.8182,calibrated:/Users/let/Documents/DO_A_PAPER_May_18/Papers/Paper_xAI_in_Cyber_2/6_Analysis_Results/xai_surfacebench/data/unsw_nb15_dedup/unsw_nb15_dedup_score_stream.csv
unsw_nb15_deduplicated_anchor,default,default,adversarial_explanation_flood,static_offload,16,5000,0.0,0.01451072835617783,0.7530079999999996,0.5743002857987823,0.7180664108425352,0.8218736243882394,3819.5410120114207,1.9777499999999584,0.5713839886994514,0.0,0.0,1.5681839999999456,0.8039592166902219,0.0,0.4936,12.1764,44.9988,calibrated:/Users/let/Documents/DO_A_PAPER_May_18/Papers/Paper_xAI_in_Cyber_2/6_Analysis_Results/xai_surfacebench/data/unsw_nb15_dedup/unsw_nb15_dedup_score_stream.csv
unsw_nb15_deduplicated_anchor,default,default,adversarial_explanation_flood,budget_only_bexgov,16,5000,0.0,0.016382804816448975,0.8457825599999999,0.5049246231155973,0.7158674283855867,0.4511393030727315,8229.851978457727,0.893343333333406,0.0,0.4024054699728149,0.04883433561248867,5.316703999999904,0.7966216586226398,0.0,0.0,12.139,45.0438,calibrated:/Users/let/Documents/DO_A_PAPER_May_18/Papers/Paper_xAI_in_Cyber_2/6_Analysis_Results/xai_surfacebench/data/unsw_nb15_dedup/unsw_nb15_dedup_score_stream.csv
unsw_nb15_deduplicated_anchor,default,default,adversarial_explanation_flood,xai_gate,16,5000,0.0,0.017248712177324092,0.8890468800000006,0.6576075090964678,0.7346965282482979,0.64706177638151,2777.085834999554,1.0,0.03202117102216341,0.1282666225603705,0.5585924578224053,6.676433999993917,0.7991959266632815,0.0002,0.0,12.092,44.8052,calibrated:/Users/let/Documents/DO_A_PAPER_May_18/Papers/Paper_xAI_in_Cyber_2/6_Analysis_Results/xai_surfacebench/data/unsw_nb15_dedup/unsw_nb15_dedup_score_stream.csv
unsw_nb15_deduplicated_anchor,default,default,transient_overload,never_explain,16,5000,0.24305637315237982,1.025019230769246,53.301,0.0,0.0,0.0,17071.083089908472,0.0,0.0,0.0,0.0,0.0,0.20190895479611037,0.0,0.0,10.1066,56.0586,calibrated:/Users/let/Documents/DO_A_PAPER_May_18/Papers/Paper_xAI_in_Cyber_2/6_Analysis_Results/xai_surfacebench/data/unsw_nb15_dedup/unsw_nb15_dedup_score_stream.csv
unsw_nb15_deduplicated_anchor,default,default,transient_overload,always_explain,16,5000,0.2519650393409634,1.0525691450566088,53.284604000000016,1.0,1.0,0.8499999999999168,0.0,2.4009194444442095,0.0,0.0,0.0,10.1686,0.20512884328442338,0.2022,0.526,10.1686,56.2518,calibrated:/Users/let/Documents/DO_A_PAPER_May_18/Papers/Paper_xAI_in_Cyber_2/6_Analysis_Results/xai_surfacebench/data/unsw_nb15_dedup/unsw_nb15_dedup_score_stream.csv
unsw_nb15_deduplicated_anchor,default,default,transient_overload,threshold_explain,16,5000,0.24652070963173822,1.038478434289561,53.32510880000001,0.4403866767239823,0.7338792903809003,0.35422406606057333,4837.197046869039,0.9276944444444768,0.0,0.0,0.0,4.177263999999953,0.20102894933211046,0.0086,0.0,10.0756,55.9276,calibrated:/Users/let/Documents/DO_A_PAPER_May_18/Papers/Paper_xAI_in_Cyber_2/6_Analysis_Results/xai_surfacebench/data/unsw_nb15_dedup/unsw_nb15_dedup_score_stream.csv
unsw_nb15_deduplicated_anchor,default,default,transient_overload,rate_limited,16,5000,0.2483182613154105,1.0372573704657808,53.40577920000001,0.4887734876714653,0.6633314280492651,0.6930874890985033,9097.569786303204,0.8934694444445053,0.0,0.0,0.0,4.344808,0.19757693147615485,0.0,0.0,10.0904,56.1712,calibrated:/Users/let/Documents/DO_A_PAPER_May_18/Papers/Paper_xAI_in_Cyber_2/6_Analysis_Results/xai_surfacebench/data/unsw_nb15_dedup/unsw_nb15_dedup_score_stream.csv
unsw_nb15_deduplicated_anchor,default,default,transient_overload,fifo_explanation,16,5000,0.24879133117241933,1.0382083243725506,53.30470700000001,0.719652269687672,0.5416241737919331,0.8920521595467658,9833.658230924219,1.7278611111110045,0.0,0.0,0.0,7.318,0.20603587223762054,0.0,0.4484,10.1688,56.2106,calibrated:/Users/let/Documents/DO_A_PAPER_May_18/Papers/Paper_xAI_in_Cyber_2/6_Analysis_Results/xai_surfacebench/data/unsw_nb15_dedup/unsw_nb15_dedup_score_stream.csv
unsw_nb15_deduplicated_anchor,default,default,transient_overload,static_coarse_full,16,5000,0.2491236212804073,1.0381064265016569,53.30397240000001,0.43828023085742873,0.7319493344218283,0.3523125271771274,4952.256155872763,0.9259138888889249,0.0,0.0,0.0,4.172287999999948,0.19884745345029464,0.0076,0.0,10.1188,56.2696,calibrated:/Users/let/Documents/DO_A_PAPER_May_18/Papers/Paper_xAI_in_Cyber_2/6_Analysis_Results/xai_surfacebench/data/unsw_nb15_dedup/unsw_nb15_dedup_score_stream.csv
unsw_nb15_deduplicated_anchor,default,default,transient_overload,static_offload,16,5000,0.24632559757618952,1.028752982082228,53.33798988000003,0.4041204343534518,0.6303217224303956,0.5533168805528302,4675.240016713262,1.093811111111067,0.3736426456071076,0.0,0.0,1.0332159999999135,0.2035881898651426,0.0,0.1886,10.13,56.11,calibrated:/Users/let/Documents/DO_A_PAPER_May_18/Papers/Paper_xAI_in_Cyber_2/6_Analysis_Results/xai_surfacebench/data/unsw_nb15_dedup/unsw_nb15_dedup_score_stream.csv
unsw_nb15_deduplicated_anchor,default,default,transient_overload,budget_only_bexgov,16,5000,0.24468256195185423,1.0341118513514764,53.268987120000006,0.36662425313140246,0.6420110568590486,0.31504853405325356,6728.304013292585,0.5615505555556108,0.0,0.2571411556861266,0.0,3.185960000000173,0.20076893832404186,0.0,0.0,10.0754,55.9386,calibrated:/Users/let/Documents/DO_A_PAPER_May_18/Papers/Paper_xAI_in_Cyber_2/6_Analysis_Results/xai_surfacebench/data/unsw_nb15_dedup/unsw_nb15_dedup_score_stream.csv
unsw_nb15_deduplicated_anchor,default,default,transient_overload,xai_gate,16,5000,0.24749557257286814,1.0394840633721394,53.41415529999997,0.6841184781312062,0.7462300415766908,0.7719884984280778,2947.52392504762,0.9911366666669739,0.23693636327456521,0.15572889720221275,0.5725713376049668,4.2463759999991995,0.19217662262488466,0.0106,0.0,10.0508,56.2042,calibrated:/Users/let/Documents/DO_A_PAPER_May_18/Papers/Paper_xAI_in_Cyber_2/6_Analysis_Results/xai_surfacebench/data/unsw_nb15_dedup/unsw_nb15_dedup_score_stream.csv
unsw_nb15_deduplicated_anchor,default,default,non_markovian,never_explain,16,5000,0.13476568185125892,1.247673076923093,64.879,0.0,0.0,0.0,15064.392442585024,0.0,0.0,0.0,0.0,0.0,0.12836559452772978,0.0,0.0,9.3036,54.968,calibrated:/Users/let/Documents/DO_A_PAPER_May_18/Papers/Paper_xAI_in_Cyber_2/6_Analysis_Results/xai_surfacebench/data/unsw_nb15_dedup/unsw_nb15_dedup_score_stream.csv
unsw_nb15_deduplicated_anchor,default,default,non_markovian,always_explain,16,5000,0.14243370790616233,1.2383677009140517,63.32345299999992,1.0,1.0,0.8499999999999308,0.0,2.189174999999822,0.0,0.0,0.0,9.2718,0.12758582947206754,0.095,0.544,9.2718,54.818,calibrated:/Users/let/Documents/DO_A_PAPER_May_18/Papers/Paper_xAI_in_Cyber_2/6_Analysis_Results/xai_surfacebench/data/unsw_nb15_dedup/unsw_nb15_dedup_score_stream.csv
unsw_nb15_deduplicated_anchor,default,default,non_markovian,threshold_explain,16,5000,0.13794165570470293,1.2589767309629862,64.97302159999994,0.42417032672738075,0.7197858993175262,0.3398018211033933,4017.0359434790266,0.8202333333334073,0.0,0.0,0.0,3.711192000000056,0.13071748172804187,0.0158,0.0,9.335,55.0388,calibrated:/Users/let/Documents/DO_A_PAPER_May_18/Papers/Paper_xAI_in_Cyber_2/6_Analysis_Results/xai_surfacebench/data/unsw_nb15_dedup/unsw_nb15_dedup_score_stream.csv
unsw_nb15_deduplicated_anchor,default,default,non_markovian,rate_limited,16,5000,0.13824455576827324,1.2256752895402974,63.3070966800001,0.538665213488927,0.6803319531753295,0.5823695345556952,4576.039339895279,0.8278500000000786,0.0,0.0,0.0,4.2560640000000785,0.13327496703273023,0.0,0.0,9.3588,55.0546,calibrated:/Users/let/Documents/DO_A_PAPER_May_18/Papers/Paper_xAI_in_Cyber_2/6_Analysis_Results/xai_surfacebench/data/unsw_nb15_dedup/unsw_nb15_dedup_score_stream.csv
unsw_nb15_deduplicated_anchor,default,default,non_markovian,fifo_explanation,16,5000,0.14036902394226988,1.2154384990355929,62.54819599999994,0.8188021870893909,0.6921545139390105,0.8771796719365142,2049.3768255491086,1.8244777777776904,0.0,0.0,0.0,7.7272,0.13959742403549447,0.0,0.445,9.4372,55.2078,calibrated:/Users/let/Documents/DO_A_PAPER_May_18/Papers/Paper_xAI_in_Cyber_2/6_Analysis_Results/xai_surfacebench/data/unsw_nb15_dedup/unsw_nb15_dedup_score_stream.csv
unsw_nb15_deduplicated_anchor,default,default,non_markovian,static_coarse_full,16,5000,0.1376202457361595,1.2956171850714064,66.86921507999972,0.4220719473493766,0.7202875536095885,0.33848160848546216,4192.003987534574,0.8230083333334128,0.0,0.0,0.0,3.719016000000064,0.13246549008541253,0.0158,0.0,9.3902,55.2788,calibrated:/Users/let/Documents/DO_A_PAPER_May_18/Papers/Paper_xAI_in_Cyber_2/6_Analysis_Results/xai_surfacebench/data/unsw_nb15_dedup/unsw_nb15_dedup_score_stream.csv
unsw_nb15_deduplicated_anchor,default,default,non_markovian,static_offload,16,5000,0.1342027573729754,1.2074129980851733,62.673603160000184,0.3841428142942773,0.6176801092783856,0.5227022452652338,3815.6318899198473,0.9504722222222469,0.351465421201474,0.0,0.0,0.9189199999999883,0.13046237160717067,0.0,0.0,9.3352,55.0524,calibrated:/Users/let/Documents/DO_A_PAPER_May_18/Papers/Paper_xAI_in_Cyber_2/6_Analysis_Results/xai_surfacebench/data/unsw_nb15_dedup/unsw_nb15_dedup_score_stream.csv
unsw_nb15_deduplicated_anchor,default,default,non_markovian,budget_only_bexgov,16,5000,0.13751438705194272,1.2361017948391315,63.90855147999992,0.35053975574344354,0.6264821670340069,0.2998249210009531,5984.330175629828,0.49537555555559964,0.0,0.24231360491929285,0.0,2.821724000000118,0.13005964444959184,0.001,0.0,9.3672,55.2608,calibrated:/Users/let/Documents/DO_A_PAPER_May_18/Papers/Paper_xAI_in_Cyber_2/6_Analysis_Results/xai_surfacebench/data/unsw_nb15_dedup/unsw_nb15_dedup_score_stream.csv
unsw_nb15_deduplicated_anchor,default,default,non_markovian,xai_gate,16,5000,0.13706995862604762,1.2100675179839848,62.585841859999974,0.6623005235375077,0.7736046970484246,0.7131794582147607,247.21104174866412,0.9005544444444333,0.20372341581039688,0.1464167010622814,0.4575196055004019,3.903611999999873,0.12463368721682766,0.0044,0.0,9.2066,54.5754,calibrated:/Users/let/Documents/DO_A_PAPER_May_18/Papers/Paper_xAI_in_Cyber_2/6_Analysis_Results/xai_surfacebench/data/unsw_nb15_dedup/unsw_nb15_dedup_score_stream.csv
unsw_nb15_deduplicated_anchor,default,default,rtt_uncertainty,never_explain,16,5000,0.0,0.015303846153846166,0.7958,0.0,0.0,0.0,9746.278336353313,0.0,0.0,0.0,0.0,0.0,0.07593838818291276,0.0,0.0,7.257,44.9654,calibrated:/Users/let/Documents/DO_A_PAPER_May_18/Papers/Paper_xAI_in_Cyber_2/6_Analysis_Results/xai_surfacebench/data/unsw_nb15_dedup/unsw_nb15_dedup_score_stream.csv
unsw_nb15_deduplicated_anchor,default,default,rtt_uncertainty,always_explain,16,5000,0.0,0.01802147719467645,0.928030999999999,1.0,1.0,0.8499999999999522,0.0,1.7363138888887915,0.0,0.0,0.0,7.3538,0.08853264650591264,0.0,0.4282,7.3538,45.038,calibrated:/Users/let/Documents/DO_A_PAPER_May_18/Papers/Paper_xAI_in_Cyber_2/6_Analysis_Results/xai_surfacebench/data/unsw_nb15_dedup/unsw_nb15_dedup_score_stream.csv
unsw_nb15_deduplicated_anchor,default,default,rtt_uncertainty,threshold_explain,16,5000,0.0,0.015260083215107977,0.7906668799999983,0.40607462397164246,0.706135377735545,0.32436774604583807,1392.380261010522,0.6033388888889499,0.0,0.0,0.0,2.739296000000075,0.07082526899660957,0.0,0.0,7.2202,44.951,calibrated:/Users/let/Documents/DO_A_PAPER_May_18/Papers/Paper_xAI_in_Cyber_2/6_Analysis_Results/xai_surfacebench/data/unsw_nb15_dedup/unsw_nb15_dedup_score_stream.csv
unsw_nb15_deduplicated_anchor,default,default,rtt_uncertainty,rate_limited,16,5000,0.0,0.015303318042625308,0.7917970799999989,0.633178347422983,0.7630875344941854,0.44983092446144163,1.0073101201692853,0.7125972222222938,0.0,0.0,0.0,3.8121920000001097,0.08553912100046279,0.0,0.0,7.334,45.0406,calibrated:/Users/let/Documents/DO_A_PAPER_May_18/Papers/Paper_xAI_in_Cyber_2/6_Analysis_Results/xai_surfacebench/data/unsw_nb15_dedup/unsw_nb15_dedup_score_stream.csv
unsw_nb15_deduplicated_anchor,default,default,rtt_uncertainty,fifo_explanation,16,5000,0.0,0.01581530022359937,0.8148879999999993,0.9929046439800774,0.9866669694955846,0.8510643034029398,0.07878842330500672,1.6850777777776822,0.0,0.0,0.0,7.1368,0.06731645892915217,0.0,0.408,7.1878,44.8964,calibrated:/Users/let/Documents/DO_A_PAPER_May_18/Papers/Paper_xAI_in_Cyber_2/6_Analysis_Results/xai_surfacebench/data/unsw_nb15_dedup/unsw_nb15_dedup_score_stream.csv
unsw_nb15_deduplicated_anchor,default,default,rtt_uncertainty,static_coarse_full,16,5000,0.0,0.017015549669829332,0.8816974399999997,0.40470777878813613,0.7056255810618676,0.32331845361111067,1405.6007456358277,0.6046555555556183,0.0,0.0,0.0,2.7448400000000723,0.07659994838158268,0.0,0.0,7.2582,44.9452,calibrated:/Users/let/Documents/DO_A_PAPER_May_18/Papers/Paper_xAI_in_Cyber_2/6_Analysis_Results/xai_surfacebench/data/unsw_nb15_dedup/unsw_nb15_dedup_score_stream.csv
unsw_nb15_deduplicated_anchor,default,default,rtt_uncertainty,static_offload,16,5000,0.0,0.015990530611471817,0.8307528000000015,0.37572168763876623,0.6107564087038754,0.6223256872162981,1265.3141676479756,0.7215111111111404,0.3406804287633303,0.0,0.0,0.7113760000000146,0.08078078611935613,0.0,0.0,7.2954,45.0008,calibrated:/Users/let/Documents/DO_A_PAPER_May_18/Papers/Paper_xAI_in_Cyber_2/6_Analysis_Results/xai_surfacebench/data/unsw_nb15_dedup/unsw_nb15_dedup_score_stream.csv
unsw_nb15_deduplicated_anchor,default,default,rtt_uncertainty,budget_only_bexgov,16,5000,0.0,0.016692940603423162,0.8655293,0.3420507069988745,0.6215292871361178,0.29049038645626246,2762.029604066696,0.37563333333336374,0.0,0.2290566966605585,0.0,2.142292000000028,0.08005517991072986,0.0,0.0,7.3126,45.1372,calibrated:/Users/let/Documents/DO_A_PAPER_May_18/Papers/Paper_xAI_in_Cyber_2/6_Analysis_Results/xai_surfacebench/data/unsw_nb15_dedup/unsw_nb15_dedup_score_stream.csv
unsw_nb15_deduplicated_anchor,default,default,rtt_uncertainty,xai_gate,16,5000,0.0,0.015707756358875637,0.812654260000001,0.6605746440678579,0.8140524640784749,0.5481180690870018,0.9244372313794187,0.6715927777777704,0.016786440677966103,0.020854237288135593,0.31151186440677964,4.030703999999652,0.09219940080830225,0.0,0.0,7.375,45.0162,calibrated:/Users/let/Documents/DO_A_PAPER_May_18/Papers/Paper_xAI_in_Cyber_2/6_Analysis_Results/xai_surfacebench/data/unsw_nb15_dedup/unsw_nb15_dedup_score_stream.csv
unsw_nb15_deduplicated_anchor,default,default,adversarial_explanation_flood,never_explain,17,5000,0.0,0.014357692307692292,0.7466,0.0,0.0,0.0,25959.324117584758,0.0,0.0,0.0,0.0,0.0,0.7987482944770754,0.0,0.0,12.1286,44.952,calibrated:/Users/let/Documents/DO_A_PAPER_May_18/Papers/Paper_xAI_in_Cyber_2/6_Analysis_Results/xai_surfacebench/data/unsw_nb15_dedup/unsw_nb15_dedup_score_stream.csv
unsw_nb15_deduplicated_anchor,default,default,adversarial_explanation_flood,always_explain,17,5000,0.0,0.020670522726330392,1.057829,1.0,1.0,0.8499999999999482,0.0,2.8768249999998248,0.0,0.0,0.0,12.1842,0.8021271969720492,0.0404,0.6504,12.1842,45.0734,calibrated:/Users/let/Documents/DO_A_PAPER_May_18/Papers/Paper_xAI_in_Cyber_2/6_Analysis_Results/xai_surfacebench/data/unsw_nb15_dedup/unsw_nb15_dedup_score_stream.csv
unsw_nb15_deduplicated_anchor,default,default,adversarial_explanation_flood,threshold_explain,17,5000,0.0,0.01772527662485079,0.9127137999999997,0.6297499340630417,0.8427681114932266,0.5173620269022755,4284.3955975611225,1.6752333333332932,0.0,0.0,0.0,7.36159199999987,0.7990590112352272,0.0004,0.405,12.1328,44.9598,calibrated:/Users/let/Documents/DO_A_PAPER_May_18/Papers/Paper_xAI_in_Cyber_2/6_Analysis_Results/xai_surfacebench/data/unsw_nb15_dedup/unsw_nb15_dedup_score_stream.csv
unsw_nb15_deduplicated_anchor,default,default,adversarial_explanation_flood,rate_limited,17,5000,0.0,0.019088714772799196,0.9833411600000034,0.6784382437423085,0.8322874175478125,0.7217644645055195,5682.625688276248,1.704641666666614,0.0,0.0,0.0,7.731167999999715,0.8044313338723654,0.0,0.4118,12.185,45.0188,calibrated:/Users/let/Documents/DO_A_PAPER_May_18/Papers/Paper_xAI_in_Cyber_2/6_Analysis_Results/xai_surfacebench/data/unsw_nb15_dedup/unsw_nb15_dedup_score_stream.csv
unsw_nb15_deduplicated_anchor,default,default,adversarial_explanation_flood,fifo_explanation,17,5000,0.0,0.02175573880499504,1.1174789999999895,0.8757551020408163,0.8258963587386526,0.8686367346938286,2885.17296022103,2.5329999999998596,0.0,0.0,0.0,10.728,0.8075124644584017,0.0,0.6072,12.25,45.1818,calibrated:/Users/let/Documents/DO_A_PAPER_May_18/Papers/Paper_xAI_in_Cyber_2/6_Analysis_Results/xai_surfacebench/data/unsw_nb15_dedup/unsw_nb15_dedup_score_stream.csv
unsw_nb15_deduplicated_anchor,default,default,adversarial_explanation_flood,static_coarse_full,17,5000,0.0,0.016361541951214885,0.842543120000001,0.633751707790824,0.8451186942063185,0.5209593257724077,4238.200912194614,1.6905249999999505,0.0,0.0,0.0,7.423823999999865,0.8043440166561244,0.0004,0.4074,12.1502,44.8924,calibrated:/Users/let/Documents/DO_A_PAPER_May_18/Papers/Paper_xAI_in_Cyber_2/6_Analysis_Results/xai_surfacebench/data/unsw_nb15_dedup/unsw_nb15_dedup_score_stream.csv
unsw_nb15_deduplicated_anchor,default,default,adversarial_explanation_flood,static_offload,17,5000,0.0,0.016899717789148942,0.8769861599999987,0.5751539181401983,0.7188612360094375,0.8237575727725789,3836.22867177296,1.9836055555555177,0.572985929829746,0.0,0.0,1.5675439999999403,0.797497155858935,0.0,0.498,12.1818,45.1806,calibrated:/Users/let/Documents/DO_A_PAPER_May_18/Papers/Paper_xAI_in_Cyber_2/6_Analysis_Results/xai_surfacebench/data/unsw_nb15_dedup/unsw_nb15_dedup_score_stream.csv
unsw_nb15_deduplicated_anchor,default,default,adversarial_explanation_flood,budget_only_bexgov,17,5000,0.0,0.01727402006178234,0.8920547799999998,0.5052865150016667,0.7151540301384394,0.4510764919221807,8206.005822130292,0.8928011111111844,0.0,0.40318166831519947,0.04727992087042532,5.313899999999937,0.7981884718510581,0.0,0.0,12.132,44.9786,calibrated:/Users/let/Documents/DO_A_PAPER_May_18/Papers/Paper_xAI_in_Cyber_2/6_Analysis_Results/xai_surfacebench/data/unsw_nb15_dedup/unsw_nb15_dedup_score_stream.csv
unsw_nb15_deduplicated_anchor,default,default,adversarial_explanation_flood,xai_gate,17,5000,0.0,0.01697504972104146,0.8750431000000013,0.6527356668525126,0.7289568050043859,0.6467461742664999,2907.9350127219377,1.0,0.032381077615963705,0.1273710509878694,0.5567429073924861,6.668227499994026,0.7954495485405624,0.0,0.0,12.1676,45.1794,calibrated:/Users/let/Documents/DO_A_PAPER_May_18/Papers/Paper_xAI_in_Cyber_2/6_Analysis_Results/xai_surfacebench/data/unsw_nb15_dedup/unsw_nb15_dedup_score_stream.csv
unsw_nb15_deduplicated_anchor,default,default,transient_overload,never_explain,17,5000,0.24484357265608045,1.0238653846154,53.241,0.0,0.0,0.0,17236.202341396067,0.0,0.0,0.0,0.0,0.0,0.2017728313711009,0.0,0.0,10.133,56.2114,calibrated:/Users/let/Documents/DO_A_PAPER_May_18/Papers/Paper_xAI_in_Cyber_2/6_Analysis_Results/xai_surfacebench/data/unsw_nb15_dedup/unsw_nb15_dedup_score_stream.csv
unsw_nb15_deduplicated_anchor,default,default,transient_overload,always_explain,17,5000,0.2512258907616811,1.053143522686069,53.33268299999994,1.0,1.0,0.8499999999999208,0.0,2.3961499999997766,0.0,0.0,0.0,10.1484,0.2029016428419026,0.1942,0.5268,10.1484,56.244,calibrated:/Users/let/Documents/DO_A_PAPER_May_18/Papers/Paper_xAI_in_Cyber_2/6_Analysis_Results/xai_surfacebench/data/unsw_nb15_dedup/unsw_nb15_dedup_score_stream.csv
unsw_nb15_deduplicated_anchor,default,default,transient_overload,threshold_explain,17,5000,0.2486709663383005,1.0385992350848157,53.31901148000001,0.4418140285928242,0.7350028057384326,0.3554615808751029,4895.857141859988,0.9387027777778013,0.0,0.0,0.0,4.225575999999942,0.2074651601290607,0.0104,0.0,10.1564,56.0756,calibrated:/Users/let/Documents/DO_A_PAPER_May_18/Papers/Paper_xAI_in_Cyber_2/6_Analysis_Results/xai_surfacebench/data/unsw_nb15_dedup/unsw_nb15_dedup_score_stream.csv
unsw_nb15_deduplicated_anchor,default,default,transient_overload,rate_limited,17,5000,0.24843914584163818,1.0334754919789528,53.21114424000002,0.4872494782848516,0.6606121620901148,0.6936124345394679,9202.50650136148,0.896216666666724,0.0,0.0,0.0,4.359528000000013,0.20476841046659167,0.0,0.0,10.1588,56.2144,calibrated:/Users/let/Documents/DO_A_PAPER_May_18/Papers/Paper_xAI_in_Cyber_2/6_Analysis_Results/xai_surfacebench/data/unsw_nb15_dedup/unsw_nb15_dedup_score_stream.csv
unsw_nb15_deduplicated_anchor,default,default,transient_overload,fifo_explanation,17,5000,0.2490791793041996,1.0385163268046789,53.32109499999993,0.71268943499596,0.5321034770184367,0.8930965847505224,10096.707753938204,1.7077444444443446,0.0,0.0,0.0,7.2328,0.20708890871245855,0.0,0.4418,10.1486,56.05,calibrated:/Users/let/Documents/DO_A_PAPER_May_18/Papers/Paper_xAI_in_Cyber_2/6_Analysis_Results/xai_surfacebench/data/unsw_nb15_dedup/unsw_nb15_dedup_score_stream.csv
unsw_nb15_deduplicated_anchor,default,default,transient_overload,static_coarse_full,17,5000,0.2492645899053624,1.0354443012690355,53.167841319999994,0.4378251409356291,0.7331263394693234,0.3522717832064015,4908.409087636737,0.9261861111111492,0.0,0.0,0.0,4.168959999999938,0.19729350801905965,0.0076,0.0,10.111,56.2992,calibrated:/Users/let/Documents/DO_A_PAPER_May_18/Papers/Paper_xAI_in_Cyber_2/6_Analysis_Results/xai_surfacebench/data/unsw_nb15_dedup/unsw_nb15_dedup_score_stream.csv
unsw_nb15_deduplicated_anchor,default,default,transient_overload,static_offload,17,5000,0.24516616564417157,1.0270246132148961,53.24890212000002,0.40030020540374506,0.6285197485431939,0.5480265444778196,4698.3958166173625,1.0829333333332885,0.3700426607678938,0.0,0.0,1.0233599999999108,0.20397584058590956,0.0,0.1648,10.1264,56.072,calibrated:/Users/let/Documents/DO_A_PAPER_May_18/Papers/Paper_xAI_in_Cyber_2/6_Analysis_Results/xai_surfacebench/data/unsw_nb15_dedup/unsw_nb15_dedup_score_stream.csv
unsw_nb15_deduplicated_anchor,default,default,transient_overload,budget_only_bexgov,17,5000,0.24738579239434938,1.0342558662555725,53.27147741999999,0.36559501471489914,0.6388344716213695,0.3137194098244225,6819.302871914756,0.5587316666667206,0.0,0.25702660530525984,0.0,3.1845400000001636,0.1983521444962406,0.0002,0.0,10.1258,56.3318,calibrated:/Users/let/Documents/DO_A_PAPER_May_18/Papers/Paper_xAI_in_Cyber_2/6_Analysis_Results/xai_surfacebench/data/unsw_nb15_dedup/unsw_nb15_dedup_score_stream.csv
unsw_nb15_deduplicated_anchor,default,default,transient_overload,xai_gate,17,5000,0.2501637339437783,1.037503908566722,53.29787660000001,0.6831196134504638,0.7448632899597369,0.7702603293561657,3100.5918049707457,0.9939900000003068,0.23528251651710877,0.15327876935213489,0.5769253525293364,4.28532399999917,0.20344526406729124,0.0138,0.0,10.141,56.1776,calibrated:/Users/let/Documents/DO_A_PAPER_May_18/Papers/Paper_xAI_in_Cyber_2/6_Analysis_Results/xai_surfacebench/data/unsw_nb15_dedup/unsw_nb15_dedup_score_stream.csv
unsw_nb15_deduplicated_anchor,default,default,non_markovian,never_explain,17,5000,0.13242814769356653,1.207015384615397,62.7648,0.0,0.0,0.0,14856.129963499621,0.0,0.0,0.0,0.0,0.0,0.13237091911532373,0.0,0.0,9.2998,54.7512,calibrated:/Users/let/Documents/DO_A_PAPER_May_18/Papers/Paper_xAI_in_Cyber_2/6_Analysis_Results/xai_surfacebench/data/unsw_nb15_dedup/unsw_nb15_dedup_score_stream.csv
unsw_nb15_deduplicated_anchor,default,default,non_markovian,always_explain,17,5000,0.14044241552577902,1.195073106944958,61.091916000000005,1.0,1.0,0.8499999999999329,0.0,2.1887499999998274,0.0,0.0,0.0,9.27,0.1251092339062061,0.0954,0.5442,9.27,54.928,calibrated:/Users/let/Documents/DO_A_PAPER_May_18/Papers/Paper_xAI_in_Cyber_2/6_Analysis_Results/xai_surfacebench/data/unsw_nb15_dedup/unsw_nb15_dedup_score_stream.csv
unsw_nb15_deduplicated_anchor,default,default,non_markovian,threshold_explain,17,5000,0.1344673073989323,1.319408965265844,68.11651499999988,0.4193410694751408,0.718112314441258,0.336096394328756,4093.8454678209705,0.8108583333334101,0.0,0.0,0.0,3.6666480000000585,0.12893344472291712,0.0148,0.0,9.3242,55.062,calibrated:/Users/let/Documents/DO_A_PAPER_May_18/Papers/Paper_xAI_in_Cyber_2/6_Analysis_Results/xai_surfacebench/data/unsw_nb15_dedup/unsw_nb15_dedup_score_stream.csv
unsw_nb15_deduplicated_anchor,default,default,non_markovian,rate_limited,17,5000,0.1339222332320664,1.4030762504200311,72.49112071999998,0.5438375830298009,0.6872685402740403,0.5782419112920352,4325.304305811516,0.8334583333334156,0.0,0.0,0.0,4.285272000000105,0.1292955030228664,0.0,0.0,9.334,55.1022,calibrated:/Users/let/Documents/DO_A_PAPER_May_18/Papers/Paper_xAI_in_Cyber_2/6_Analysis_Results/xai_surfacebench/data/unsw_nb15_dedup/unsw_nb15_dedup_score_stream.csv
unsw_nb15_deduplicated_anchor,default,default,non_markovian,fifo_explanation,17,5000,0.13906919067676052,1.2031436675616916,61.918025000000036,0.8244807185732176,0.7005314433943495,0.8763278922139361,1735.2954892558262,1.8031805555554576,0.0,0.0,0.0,7.637,0.12693534611762858,0.0,0.4448,9.2628,54.7964,calibrated:/Users/let/Documents/DO_A_PAPER_May_18/Papers/Paper_xAI_in_Cyber_2/6_Analysis_Results/xai_surfacebench/data/unsw_nb15_dedup/unsw_nb15_dedup_score_stream.csv
unsw_nb15_deduplicated_anchor,default,default,non_markovian,static_coarse_full,17,5000,0.13825819931121214,1.2459699072397497,64.30069439999986,0.42303379250969847,0.7220665449216256,0.33953831252692623,4112.0958400368,0.8178277777778602,0.0,0.0,0.0,3.691912000000054,0.12878636029568158,0.0142,0.0,9.292,54.879,calibrated:/Users/let/Documents/DO_A_PAPER_May_18/Papers/Paper_xAI_in_Cyber_2/6_Analysis_Results/xai_surfacebench/data/unsw_nb15_dedup/unsw_nb15_dedup_score_stream.csv
unsw_nb15_deduplicated_anchor,default,default,non_markovian,static_offload,17,5000,0.1342786648558219,1.266279777499772,65.73248752000008,0.3817866482245808,0.6148772843610444,0.5179004127855449,3837.1358097698667,0.9327166666666973,0.3474962719630006,0.0,0.0,0.9120719999999893,0.12923989666958446,0.0,0.0,9.2542,54.6338,calibrated:/Users/let/Documents/DO_A_PAPER_May_18/Papers/Paper_xAI_in_Cyber_2/6_Analysis_Results/xai_surfacebench/data/unsw_nb15_dedup/unsw_nb15_dedup_score_stream.csv
unsw_nb15_deduplicated_anchor,default,default,non_markovian,budget_only_bexgov,17,5000,0.13792124046786416,1.2626045314889647,65.28516482000015,0.3523254228622532,0.6295096115100982,0.3017766605598532,5912.697345257827,0.5002122222222691,0.0,0.24472753610838907,0.0,2.8457920000001167,0.12940848127016236,0.0012,0.0,9.3884,55.4178,calibrated:/Users/let/Documents/DO_A_PAPER_May_18/Papers/Paper_xAI_in_Cyber_2/6_Analysis_Results/xai_surfacebench/data/unsw_nb15_dedup/unsw_nb15_dedup_score_stream.csv
unsw_nb15_deduplicated_anchor,default,default,non_markovian,xai_gate,17,5000,0.13742837450756848,1.2947591194128265,66.96751286000014,0.6633986997762383,0.7700126456660406,0.7158855376745223,286.9246383815977,0.9088472222222074,0.20417776830438025,0.14547586059895556,0.4726633272940424,3.9779679999998296,0.12832316002635613,0.0036,0.0,9.383,55.4392,calibrated:/Users/let/Documents/DO_A_PAPER_May_18/Papers/Paper_xAI_in_Cyber_2/6_Analysis_Results/xai_surfacebench/data/unsw_nb15_dedup/unsw_nb15_dedup_score_stream.csv
unsw_nb15_deduplicated_anchor,default,default,rtt_uncertainty,never_explain,17,5000,0.0,0.01336153846153845,0.6948,0.0,0.0,0.0,9660.383182451422,0.0,0.0,0.0,0.0,0.0,0.07844010546568692,0.0,0.0,7.2642,44.9056,calibrated:/Users/let/Documents/DO_A_PAPER_May_18/Papers/Paper_xAI_in_Cyber_2/6_Analysis_Results/xai_surfacebench/data/unsw_nb15_dedup/unsw_nb15_dedup_score_stream.csv
unsw_nb15_deduplicated_anchor,default,default,rtt_uncertainty,always_explain,17,5000,0.0,0.01710309763910823,0.8808750000000004,1.0,1.0,0.8499999999999519,0.0,1.7072722222221257,0.0,0.0,0.0,7.2308,0.07338116253764859,0.0,0.4124,7.2308,44.9098,calibrated:/Users/let/Documents/DO_A_PAPER_May_18/Papers/Paper_xAI_in_Cyber_2/6_Analysis_Results/xai_surfacebench/data/unsw_nb15_dedup/unsw_nb15_dedup_score_stream.csv
unsw_nb15_deduplicated_anchor,default,default,rtt_uncertainty,threshold_explain,17,5000,0.0,0.01640127479352209,0.8497487200000005,0.40079308157017096,0.7051180272347698,0.32054564012029485,1502.6551977837776,0.5996694444445074,0.0,0.0,0.0,2.7185920000000654,0.07254969836296432,0.0,0.0,7.2502,45.0652,calibrated:/Users/let/Documents/DO_A_PAPER_May_18/Papers/Paper_xAI_in_Cyber_2/6_Analysis_Results/xai_surfacebench/data/unsw_nb15_dedup/unsw_nb15_dedup_score_stream.csv
unsw_nb15_deduplicated_anchor,default,default,rtt_uncertainty,rate_limited,17,5000,0.0,0.016547430931656917,0.8562447599999999,0.6355472378558783,0.7668549953396487,0.4524151685700522,1.0663532748405742,0.7178444444445201,0.0,0.0,0.0,3.82782400000012,0.08186395565191096,0.0,0.0,7.3204,45.1098,calibrated:/Users/let/Documents/DO_A_PAPER_May_18/Papers/Paper_xAI_in_Cyber_2/6_Analysis_Results/xai_surfacebench/data/unsw_nb15_dedup/unsw_nb15_dedup_score_stream.csv
unsw_nb15_deduplicated_anchor,default,default,rtt_uncertainty,fifo_explanation,17,5000,0.0,0.01730288807270895,0.891301999999998,0.9910751064121928,0.9834655755819461,0.8513387340381222,0.10456269925700708,1.704249999999904,0.0,0.0,0.0,7.218,0.0779760160327283,0.0,0.4102,7.283,45.0412,calibrated:/Users/let/Documents/DO_A_PAPER_May_18/Papers/Paper_xAI_in_Cyber_2/6_Analysis_Results/xai_surfacebench/data/unsw_nb15_dedup/unsw_nb15_dedup_score_stream.csv
unsw_nb15_deduplicated_anchor,default,default,rtt_uncertainty,static_coarse_full,17,5000,0.0,0.016099353441364074,0.8341262399999996,0.4039314071460148,0.706152502504967,0.3229143692104339,1460.606193871003,0.6041083333333993,0.0,0.0,0.0,2.7401520000000574,0.07494091410874804,0.0,0.0,7.2544,44.991,calibrated:/Users/let/Documents/DO_A_PAPER_May_18/Papers/Paper_xAI_in_Cyber_2/6_Analysis_Results/xai_surfacebench/data/unsw_nb15_dedup/unsw_nb15_dedup_score_stream.csv
unsw_nb15_deduplicated_anchor,default,default,rtt_uncertainty,static_offload,17,5000,0.0,0.013630790332814953,0.7081548000000008,0.36816722022451237,0.6068617019174626,0.6089358445875827,1352.9220285121453,0.7058111111111386,0.33364442370508635,0.0,0.0,0.696736000000014,0.08235699568762267,0.0,0.0,7.2862,44.8786,calibrated:/Users/let/Documents/DO_A_PAPER_May_18/Papers/Paper_xAI_in_Cyber_2/6_Analysis_Results/xai_surfacebench/data/unsw_nb15_dedup/unsw_nb15_dedup_score_stream.csv
unsw_nb15_deduplicated_anchor,default,default,rtt_uncertainty,budget_only_bexgov,17,5000,0.0,0.01492640286723789,0.7739292800000004,0.34275975099162087,0.6206711614011537,0.2903302666372937,2724.1308080675453,0.37437222222225336,0.0,0.22531952401939181,0.0,2.1309360000000144,0.07609494676436279,0.0,0.0,7.2608,44.9824,calibrated:/Users/let/Documents/DO_A_PAPER_May_18/Papers/Paper_xAI_in_Cyber_2/6_Analysis_Results/xai_surfacebench/data/unsw_nb15_dedup/unsw_nb15_dedup_score_stream.csv
unsw_nb15_deduplicated_anchor,default,default,rtt_uncertainty,xai_gate,17,5000,0.0,0.01596996315504726,0.8261388400000005,0.6607755529814695,0.8135609124999519,0.5515366810867419,0.8197383658925741,0.6617566666666611,0.01974736609851619,0.02264327872469524,0.3125103425450935,3.9498399999996496,0.07844274509454019,0.0,0.0,7.2516,44.8276,calibrated:/Users/let/Documents/DO_A_PAPER_May_18/Papers/Paper_xAI_in_Cyber_2/6_Analysis_Results/xai_surfacebench/data/unsw_nb15_dedup/unsw_nb15_dedup_score_stream.csv
unsw_nb15_deduplicated_anchor,default,default,adversarial_explanation_flood,never_explain,18,5000,0.0,0.014538461538461521,0.756,0.0,0.0,0.0,26371.981297162507,0.0,0.0,0.0,0.0,0.0,0.8091870283029299,0.0,0.0,12.2328,45.0766,calibrated:/Users/let/Documents/DO_A_PAPER_May_18/Papers/Paper_xAI_in_Cyber_2/6_Analysis_Results/xai_surfacebench/data/unsw_nb15_dedup/unsw_nb15_dedup_score_stream.csv
unsw_nb15_deduplicated_anchor,default,default,adversarial_explanation_flood,always_explain,18,5000,0.0,0.02070207378432735,1.059490000000002,1.0,1.0,0.8499999999999514,0.0,2.8835305555553905,0.0,0.0,0.0,12.2126,0.8048781929640982,0.0382,0.6558,12.2126,45.1096,calibrated:/Users/let/Documents/DO_A_PAPER_May_18/Papers/Paper_xAI_in_Cyber_2/6_Analysis_Results/xai_surfacebench/data/unsw_nb15_dedup/unsw_nb15_dedup_score_stream.csv
unsw_nb15_deduplicated_anchor,default,default,adversarial_explanation_flood,threshold_explain,18,5000,0.0,0.018573865283460167,0.9564448400000001,0.6317244060618177,0.8439564489212694,0.5191416848653233,4220.939713538655,1.6755194444444028,0.0,0.0,0.0,7.360335999999861,0.7962982775222045,0.0,0.4006,12.0888,44.8656,calibrated:/Users/let/Documents/DO_A_PAPER_May_18/Papers/Paper_xAI_in_Cyber_2/6_Analysis_Results/xai_surfacebench/data/unsw_nb15_dedup/unsw_nb15_dedup_score_stream.csv
unsw_nb15_deduplicated_anchor,default,default,adversarial_explanation_flood,rate_limited,18,5000,0.0,0.015505126896294266,0.7987959600000009,0.6794270919225595,0.833098253090859,0.718023351693639,5503.18966671524,1.6944333333332828,0.0,0.0,0.0,7.695887999999735,0.8003622220242859,0.0,0.4088,12.1276,44.908,calibrated:/Users/let/Documents/DO_A_PAPER_May_18/Papers/Paper_xAI_in_Cyber_2/6_Analysis_Results/xai_surfacebench/data/unsw_nb15_dedup/unsw_nb15_dedup_score_stream.csv
unsw_nb15_deduplicated_anchor,default,default,adversarial_explanation_flood,fifo_explanation,18,5000,0.0,0.017162176792599692,0.8814459999999941,0.8801115851657368,0.8327826235804066,0.8679832622250891,2531.0887758750328,2.532716666666522,0.0,0.0,0.0,10.7268,0.8121776314713456,0.0,0.6046,12.188,44.8374,calibrated:/Users/let/Documents/DO_A_PAPER_May_18/Papers/Paper_xAI_in_Cyber_2/6_Analysis_Results/xai_surfacebench/data/unsw_nb15_dedup/unsw_nb15_dedup_score_stream.csv
unsw_nb15_deduplicated_anchor,default,default,adversarial_explanation_flood,static_coarse_full,18,5000,0.0,0.016653858243917404,0.8576284000000002,0.633239506172849,0.8441527845174798,0.5203382716049314,4237.699466255839,1.6876916666666284,0.0,0.0,0.0,7.414583999999876,0.804772620930909,0.0,0.4114,12.15,44.881,calibrated:/Users/let/Documents/DO_A_PAPER_May_18/Papers/Paper_xAI_in_Cyber_2/6_Analysis_Results/xai_surfacebench/data/unsw_nb15_dedup/unsw_nb15_dedup_score_stream.csv
unsw_nb15_deduplicated_anchor,default,default,adversarial_explanation_flood,static_offload,18,5000,0.0,0.014755982237004934,0.7657342800000009,0.5730922072354548,0.7180545551520345,0.8205327639086648,3717.8621406128973,1.9671277777777372,0.5706229594697094,0.0,0.0,1.5566799999999439,0.7989733458513391,0.0,0.4934,12.1292,44.9486,calibrated:/Users/let/Documents/DO_A_PAPER_May_18/Papers/Paper_xAI_in_Cyber_2/6_Analysis_Results/xai_surfacebench/data/unsw_nb15_dedup/unsw_nb15_dedup_score_stream.csv
unsw_nb15_deduplicated_anchor,default,default,adversarial_explanation_flood,budget_only_bexgov,18,5000,0.0,0.01761733210820705,0.9096781200000003,0.5040527091177115,0.7146855201675503,0.4502930103126441,8256.163770832873,0.8944366666667354,0.0,0.3999672614175806,0.05172696022262236,5.3385199999998925,0.8033735395006436,0.0,0.0,12.218,45.1672,calibrated:/Users/let/Documents/DO_A_PAPER_May_18/Papers/Paper_xAI_in_Cyber_2/6_Analysis_Results/xai_surfacebench/data/unsw_nb15_dedup/unsw_nb15_dedup_score_stream.csv
unsw_nb15_deduplicated_anchor,default,default,adversarial_explanation_flood,xai_gate,18,5000,0.0,0.01793436358628766,0.9242846200000008,0.6543575448958955,0.7306385566882511,0.6465430022782515,2847.212608660832,1.0,0.031873101809058495,0.12754192526079494,0.5535846923270737,6.659670499993995,0.7972621595684244,0.0002,0.0,12.1168,44.9454,calibrated:/Users/let/Documents/DO_A_PAPER_May_18/Papers/Paper_xAI_in_Cyber_2/6_Analysis_Results/xai_surfacebench/data/unsw_nb15_dedup/unsw_nb15_dedup_score_stream.csv
unsw_nb15_deduplicated_anchor,default,default,transient_overload,never_explain,18,5000,0.24596119463705174,1.0271423076923238,53.4114,0.0,0.0,0.0,17108.913052572407,0.0,0.0,0.0,0.0,0.0,0.20510505473695462,0.0,0.0,10.1308,56.0438,calibrated:/Users/let/Documents/DO_A_PAPER_May_18/Papers/Paper_xAI_in_Cyber_2/6_Analysis_Results/xai_surfacebench/data/unsw_nb15_dedup/unsw_nb15_dedup_score_stream.csv
unsw_nb15_deduplicated_anchor,default,default,transient_overload,always_explain,18,5000,0.24989849209661702,1.0555317469915153,53.44582400000001,1.0,1.0,0.8499999999999193,0.0,2.3869888888886623,0.0,0.0,0.0,10.1096,0.20213705855983077,0.1976,0.5244,10.1096,56.0646,calibrated:/Users/let/Documents/DO_A_PAPER_May_18/Papers/Paper_xAI_in_Cyber_2/6_Analysis_Results/xai_surfacebench/data/unsw_nb15_dedup/unsw_nb15_dedup_score_stream.csv
unsw_nb15_deduplicated_anchor,default,default,transient_overload,threshold_explain,18,5000,0.24852879107885087,1.036536275915741,53.22581063999999,0.44039271383736733,0.7343218066477789,0.354317468515348,4830.542348644743,0.927572222222259,0.0,0.0,0.0,4.175479999999949,0.19532762761586486,0.009,0.0,10.0684,56.1542,calibrated:/Users/let/Documents/DO_A_PAPER_May_18/Papers/Paper_xAI_in_Cyber_2/6_Analysis_Results/xai_surfacebench/data/unsw_nb15_dedup/unsw_nb15_dedup_score_stream.csv
unsw_nb15_deduplicated_anchor,default,default,transient_overload,rate_limited,18,5000,0.24792299600162837,1.0335692357386168,53.21425872000005,0.4862825586202982,0.6590030637241711,0.6943978500974096,9271.070377730075,0.8946277777778373,0.0,0.0,0.0,4.351239999999993,0.2067109980257651,0.0,0.0,10.1586,56.1228,calibrated:/Users/let/Documents/DO_A_PAPER_May_18/Papers/Paper_xAI_in_Cyber_2/6_Analysis_Results/xai_surfacebench/data/unsw_nb15_dedup/unsw_nb15_dedup_score_stream.csv
unsw_nb15_deduplicated_anchor,default,default,transient_overload,fifo_explanation,18,5000,0.24830546517341012,1.0379844995367193,53.29323999999995,0.7142828964238516,0.5316942948187589,0.8928575655363414,10003.800234050197,1.7100111111110043,0.0,0.0,0.0,7.2424,0.20317828739863386,0.0,0.4446,10.1394,56.1812,calibrated:/Users/let/Documents/DO_A_PAPER_May_18/Papers/Paper_xAI_in_Cyber_2/6_Analysis_Results/xai_surfacebench/data/unsw_nb15_dedup/unsw_nb15_dedup_score_stream.csv
unsw_nb15_deduplicated_anchor,default,default,transient_overload,static_coarse_full,18,5000,0.24831510136826745,1.0372892374126523,53.258468000000015,0.4379268869784834,0.7322137773089931,0.3521157031311538,4956.812778410564,0.9279222222222551,0.0,0.0,0.0,4.180111999999942,0.20067567007697806,0.0084,0.0,10.1432,56.3194,calibrated:/Users/let/Documents/DO_A_PAPER_May_18/Papers/Paper_xAI_in_Cyber_2/6_Analysis_Results/xai_surfacebench/data/unsw_nb15_dedup/unsw_nb15_dedup_score_stream.csv
unsw_nb15_deduplicated_anchor,default,default,transient_overload,static_offload,18,5000,0.24364652558489702,1.0269068614475938,53.241589880000056,0.4047230469748984,0.6293865170918314,0.5529708791317047,4675.970521409486,1.0969111111110645,0.37286902491299134,0.0,0.0,1.0443999999999125,0.20974465650716323,0.0,0.187,10.1714,56.0526,calibrated:/Users/let/Documents/DO_A_PAPER_May_18/Papers/Paper_xAI_in_Cyber_2/6_Analysis_Results/xai_surfacebench/data/unsw_nb15_dedup/unsw_nb15_dedup_score_stream.csv
unsw_nb15_deduplicated_anchor,default,default,transient_overload,budget_only_bexgov,18,5000,0.24709657532781426,1.0356634638730084,53.34206218000002,0.36931651539773974,0.6419579955846882,0.31674031944831155,6755.154376080365,0.5667555555556091,0.0,0.25623241250842216,0.0,3.2132480000001586,0.199360176450591,0.0,0.0,10.0924,56.0988,calibrated:/Users/let/Documents/DO_A_PAPER_May_18/Papers/Paper_xAI_in_Cyber_2/6_Analysis_Results/xai_surfacebench/data/unsw_nb15_dedup/unsw_nb15_dedup_score_stream.csv
unsw_nb15_deduplicated_anchor,default,default,transient_overload,xai_gate,18,5000,0.24753715758165132,1.0368337303978548,53.266418719999955,0.6829243651231569,0.7453968425139118,0.7687868543125346,3048.5816203753075,0.993760555555864,0.23311581099143014,0.15309772780879,0.5782883874518437,4.312143999999182,0.20382661451567552,0.0114,0.0,10.1752,56.3492,calibrated:/Users/let/Documents/DO_A_PAPER_May_18/Papers/Paper_xAI_in_Cyber_2/6_Analysis_Results/xai_surfacebench/data/unsw_nb15_dedup/unsw_nb15_dedup_score_stream.csv
unsw_nb15_deduplicated_anchor,default,default,non_markovian,never_explain,18,5000,0.13514665695026418,1.1712769230769364,60.9064,0.0,0.0,0.0,15026.185255910515,0.0,0.0,0.0,0.0,0.0,0.13363697091151971,0.0,0.0,9.3338,54.89,calibrated:/Users/let/Documents/DO_A_PAPER_May_18/Papers/Paper_xAI_in_Cyber_2/6_Analysis_Results/xai_surfacebench/data/unsw_nb15_dedup/unsw_nb15_dedup_score_stream.csv
unsw_nb15_deduplicated_anchor,default,default,non_markovian,always_explain,18,5000,0.14031598047576713,1.3080900108956408,66.91182899999994,1.0,1.0,0.8499999999999279,0.0,2.216611111110923,0.0,0.0,0.0,9.388,0.13564745090211705,0.0964,0.5526,9.388,55.111,calibrated:/Users/let/Documents/DO_A_PAPER_May_18/Papers/Paper_xAI_in_Cyber_2/6_Analysis_Results/xai_surfacebench/data/unsw_nb15_dedup/unsw_nb15_dedup_score_stream.csv
unsw_nb15_deduplicated_anchor,default,default,non_markovian,threshold_explain,18,5000,0.13574215222520983,1.3143613126753595,67.85049679999979,0.4197887643361739,0.7178875711786687,0.3363755156699054,4019.0684087710074,0.8056805555556332,0.0,0.0,0.0,3.6442640000000543,0.12919570506136924,0.017,0.0,9.2598,54.669,calibrated:/Users/let/Documents/DO_A_PAPER_May_18/Papers/Paper_xAI_in_Cyber_2/6_Analysis_Results/xai_surfacebench/data/unsw_nb15_dedup/unsw_nb15_dedup_score_stream.csv
unsw_nb15_deduplicated_anchor,default,default,non_markovian,rate_limited,18,5000,0.1340623189304534,1.2031136748293674,62.138740360000135,0.5457093141387468,0.6899252780298156,0.5802055638415,4080.0772757647783,0.832666666666746,0.0,0.0,0.0,4.270392000000097,0.12506611705911497,0.0,0.0,9.2526,54.827,calibrated:/Users/let/Documents/DO_A_PAPER_May_18/Papers/Paper_xAI_in_Cyber_2/6_Analysis_Results/xai_surfacebench/data/unsw_nb15_dedup/unsw_nb15_dedup_score_stream.csv
unsw_nb15_deduplicated_anchor,default,default,non_markovian,fifo_explanation,18,5000,0.1398509461100359,1.3332974395729358,68.61746399999976,0.8240415522489729,0.7006801856202116,0.876393767162578,1685.5373985401907,1.828019444444345,0.0,0.0,0.0,7.7422,0.13179045361241837,0.0,0.4548,9.3954,55.3424,calibrated:/Users/let/Documents/DO_A_PAPER_May_18/Papers/Paper_xAI_in_Cyber_2/6_Analysis_Results/xai_surfacebench/data/unsw_nb15_dedup/unsw_nb15_dedup_score_stream.csv
unsw_nb15_deduplicated_anchor,default,default,non_markovian,static_coarse_full,18,5000,0.13645886465789914,1.2541855365942969,64.71883847999986,0.42558655878398377,0.724446206838083,0.34182873977927347,4090.9595840738475,0.8308500000000806,0.0,0.0,0.0,3.747552000000059,0.13010666299944917,0.0152,0.0,9.3682,55.2644,calibrated:/Users/let/Documents/DO_A_PAPER_May_18/Papers/Paper_xAI_in_Cyber_2/6_Analysis_Results/xai_surfacebench/data/unsw_nb15_dedup/unsw_nb15_dedup_score_stream.csv
unsw_nb15_deduplicated_anchor,default,default,non_markovian,static_offload,18,5000,0.13749125618494665,1.2620993446517328,65.51388656000015,0.38651865047001355,0.6201424865918205,0.5271728119500395,3807.5158745312488,0.9575833333333572,0.3550457140404344,0.0,0.0,0.9177359999999891,0.1292928044363164,0.0,0.0,9.3188,55.0126,calibrated:/Users/let/Documents/DO_A_PAPER_May_18/Papers/Paper_xAI_in_Cyber_2/6_Analysis_Results/xai_surfacebench/data/unsw_nb15_dedup/unsw_nb15_dedup_score_stream.csv
unsw_nb15_deduplicated_anchor,default,default,non_markovian,budget_only_bexgov,18,5000,0.13723426727197943,1.2559897951421273,64.94616116000002,0.3495440932497343,0.6274023057507027,0.2991931139982476,5819.1491337677135,0.4912044444444873,0.0,0.2407084222092948,0.0,2.7914320000001194,0.12647854404596193,0.0002,0.0,9.2826,54.9358,calibrated:/Users/let/Documents/DO_A_PAPER_May_18/Papers/Paper_xAI_in_Cyber_2/6_Analysis_Results/xai_surfacebench/data/unsw_nb15_dedup/unsw_nb15_dedup_score_stream.csv
unsw_nb15_deduplicated_anchor,default,default,non_markovian,xai_gate,18,5000,0.13732538678501055,1.3316793418387807,68.87993675999984,0.6614202198640619,0.7667689031118577,0.7126593378661801,325.2229640475814,0.9138222222222185,0.20465569464743386,0.14884243078943465,0.46004109211836225,3.9750239999998236,0.13375286824274313,0.005,0.0,9.4422,55.5218,calibrated:/Users/let/Documents/DO_A_PAPER_May_18/Papers/Paper_xAI_in_Cyber_2/6_Analysis_Results/xai_surfacebench/data/unsw_nb15_dedup/unsw_nb15_dedup_score_stream.csv
unsw_nb15_deduplicated_anchor,default,default,rtt_uncertainty,never_explain,18,5000,0.0,0.015196153846153831,0.7902,0.0,0.0,0.0,9869.277822866974,0.0,0.0,0.0,0.0,0.0,0.08539035294048092,0.0,0.0,7.337,45.0652,calibrated:/Users/let/Documents/DO_A_PAPER_May_18/Papers/Paper_xAI_in_Cyber_2/6_Analysis_Results/xai_surfacebench/data/unsw_nb15_dedup/unsw_nb15_dedup_score_stream.csv
unsw_nb15_deduplicated_anchor,default,default,rtt_uncertainty,always_explain,18,5000,0.0,0.018835420130792962,0.969947999999999,1.0,1.0,0.8499999999999482,0.0,1.7358888888887831,0.0,0.0,0.0,7.352,0.0866063062184288,0.0004,0.4266,7.352,45.1068,calibrated:/Users/let/Documents/DO_A_PAPER_May_18/Papers/Paper_xAI_in_Cyber_2/6_Analysis_Results/xai_surfacebench/data/unsw_nb15_dedup/unsw_nb15_dedup_score_stream.csv
unsw_nb15_deduplicated_anchor,default,default,rtt_uncertainty,threshold_explain,18,5000,0.0,0.014854003582498877,0.7695028399999982,0.4000220774920028,0.7036640359016493,0.3197027817640135,1471.545018265708,0.5972972222222807,0.0,0.0,0.0,2.710136000000066,0.07369266303099953,0.0,0.0,7.2472,44.9986,calibrated:/Users/let/Documents/DO_A_PAPER_May_18/Papers/Paper_xAI_in_Cyber_2/6_Analysis_Results/xai_surfacebench/data/unsw_nb15_dedup/unsw_nb15_dedup_score_stream.csv
unsw_nb15_deduplicated_anchor,default,default,rtt_uncertainty,rate_limited,18,5000,0.0,0.015833100970691787,0.8191705999999999,0.6354148738306308,0.7662744103441332,0.4522707714516026,0.9172931379597136,0.7061277777778492,0.0,0.0,0.0,3.7660240000001175,0.07084624588470767,0.0,0.0,7.2046,44.853,calibrated:/Users/let/Documents/DO_A_PAPER_May_18/Papers/Paper_xAI_in_Cyber_2/6_Analysis_Results/xai_surfacebench/data/unsw_nb15_dedup/unsw_nb15_dedup_score_stream.csv
unsw_nb15_deduplicated_anchor,default,default,rtt_uncertainty,fifo_explanation,18,5000,0.0,0.018570824021738593,0.9567339999999985,0.9882944522298244,0.9780747282279459,0.8517558321654809,0.1589767808421231,1.6984416666665787,0.0,0.0,0.0,7.1934,0.0770186886846902,0.0,0.4116,7.2786,45.054,calibrated:/Users/let/Documents/DO_A_PAPER_May_18/Papers/Paper_xAI_in_Cyber_2/6_Analysis_Results/xai_surfacebench/data/unsw_nb15_dedup/unsw_nb15_dedup_score_stream.csv
unsw_nb15_deduplicated_anchor,default,default,rtt_uncertainty,static_coarse_full,18,5000,0.0,0.015639864211739858,0.8102848399999985,0.40754711827370355,0.7097339208076491,0.3261690794865015,1558.3520540191416,0.6167750000000628,0.0,0.0,0.0,2.7938640000000747,0.08482270512290024,0.0,0.0,7.322,44.9966,calibrated:/Users/let/Documents/DO_A_PAPER_May_18/Papers/Paper_xAI_in_Cyber_2/6_Analysis_Results/xai_surfacebench/data/unsw_nb15_dedup/unsw_nb15_dedup_score_stream.csv
unsw_nb15_deduplicated_anchor,default,default,rtt_uncertainty,static_offload,18,5000,0.0,0.014589330260566276,0.7579424000000003,0.37484101858222196,0.6106036396660756,0.6208339432862939,1209.9387834659362,0.7172555555555847,0.3401514108740537,0.0,0.0,0.7059680000000169,0.07859249988493922,0.0,0.0,7.265,44.9042,calibrated:/Users/let/Documents/DO_A_PAPER_May_18/Papers/Paper_xAI_in_Cyber_2/6_Analysis_Results/xai_surfacebench/data/unsw_nb15_dedup/unsw_nb15_dedup_score_stream.csv
unsw_nb15_deduplicated_anchor,default,default,rtt_uncertainty,budget_only_bexgov,18,5000,0.0,0.01784697224906442,0.9253147800000006,0.3448005584909748,0.6229441185845302,0.29258219946889635,2676.153294474825,0.37914222222225247,0.0,0.22884441645905768,0.0,2.158300000000027,0.07888180503804754,0.0,0.0,7.3054,45.1418,calibrated:/Users/let/Documents/DO_A_PAPER_May_18/Papers/Paper_xAI_in_Cyber_2/6_Analysis_Results/xai_surfacebench/data/unsw_nb15_dedup/unsw_nb15_dedup_score_stream.csv
unsw_nb15_deduplicated_anchor,default,default,rtt_uncertainty,xai_gate,18,5000,0.0,0.015413564502124237,0.79745702,0.6585049214488011,0.8123359427830493,0.5458689305955616,0.7818731238340423,0.6585055555555481,0.016615030296383625,0.023579085899158282,0.3096811339895265,3.9675479999996632,0.08130142763332615,0.0,0.0,7.2946,44.9742,calibrated:/Users/let/Documents/DO_A_PAPER_May_18/Papers/Paper_xAI_in_Cyber_2/6_Analysis_Results/xai_surfacebench/data/unsw_nb15_dedup/unsw_nb15_dedup_score_stream.csv
unsw_nb15_deduplicated_anchor,default,default,adversarial_explanation_flood,never_explain,19,5000,0.0,0.013407692307692337,0.6972,0.0,0.0,0.0,25725.076966319186,0.0,0.0,0.0,0.0,0.0,0.7982084259317106,0.0,0.0,12.0886,44.8172,calibrated:/Users/let/Documents/DO_A_PAPER_May_18/Papers/Paper_xAI_in_Cyber_2/6_Analysis_Results/xai_surfacebench/data/unsw_nb15_dedup/unsw_nb15_dedup_score_stream.csv
unsw_nb15_deduplicated_anchor,default,default,adversarial_explanation_flood,always_explain,19,5000,0.0,0.01941849533091661,0.993799,1.0,1.0,0.8499999999999555,0.0,2.8560472222220725,0.0,0.0,0.0,12.0962,0.7901837512727623,0.0414,0.6492,12.0962,45.0464,calibrated:/Users/let/Documents/DO_A_PAPER_May_18/Papers/Paper_xAI_in_Cyber_2/6_Analysis_Results/xai_surfacebench/data/unsw_nb15_dedup/unsw_nb15_dedup_score_stream.csv
unsw_nb15_deduplicated_anchor,default,default,adversarial_explanation_flood,threshold_explain,19,5000,0.0,0.018399025303444283,0.9473038799999999,0.6333647355659031,0.8454476812319943,0.5207566026607157,4307.690889317499,1.6982527777777259,0.0,0.0,0.0,7.45590399999987,0.8052166608992968,0.0002,0.4114,12.2072,45.0812,calibrated:/Users/let/Documents/DO_A_PAPER_May_18/Papers/Paper_xAI_in_Cyber_2/6_Analysis_Results/xai_surfacebench/data/unsw_nb15_dedup/unsw_nb15_dedup_score_stream.csv
unsw_nb15_deduplicated_anchor,default,default,adversarial_explanation_flood,rate_limited,19,5000,0.0,0.017147373320314158,0.8831974800000023,0.68245039666178,0.8339416726024259,0.7211624416552388,5505.386196489425,1.7079027777777243,0.0,0.0,0.0,7.742511999999729,0.7982163459114497,0.0,0.4152,12.1262,44.9564,calibrated:/Users/let/Documents/DO_A_PAPER_May_18/Papers/Paper_xAI_in_Cyber_2/6_Analysis_Results/xai_surfacebench/data/unsw_nb15_dedup/unsw_nb15_dedup_score_stream.csv
unsw_nb15_deduplicated_anchor,default,default,adversarial_explanation_flood,fifo_explanation,19,5000,0.0,0.016836532630840995,0.8647049999999945,0.8811701390035329,0.8339513751725126,0.8678244791494216,2528.383245663251,2.520533333333191,0.0,0.0,0.0,10.6752,0.8052395278732696,0.0,0.6036,12.1148,44.7394,calibrated:/Users/let/Documents/DO_A_PAPER_May_18/Papers/Paper_xAI_in_Cyber_2/6_Analysis_Results/xai_surfacebench/data/unsw_nb15_dedup/unsw_nb15_dedup_score_stream.csv
unsw_nb15_deduplicated_anchor,default,default,adversarial_explanation_flood,static_coarse_full,19,5000,0.0,0.01635738251134593,0.8422535599999992,0.632548378034477,0.8449739227173276,0.5200353643018792,4271.660234695301,1.6811722222221746,0.0,0.0,0.0,7.381711999999865,0.8008133166087079,0.0002,0.4088,12.1026,44.8042,calibrated:/Users/let/Documents/DO_A_PAPER_May_18/Papers/Paper_xAI_in_Cyber_2/6_Analysis_Results/xai_surfacebench/data/unsw_nb15_dedup/unsw_nb15_dedup_score_stream.csv
unsw_nb15_deduplicated_anchor,default,default,adversarial_explanation_flood,static_offload,19,5000,0.0,0.014863462776353266,0.7713004799999998,0.5774554489658452,0.7198346195695388,0.8274388297435505,3671.1090617294935,1.9882777777777354,0.575716189755319,0.0,0.0,1.5681759999999456,0.8028208288650687,0.0,0.4906,12.1546,44.9466,calibrated:/Users/let/Documents/DO_A_PAPER_May_18/Papers/Paper_xAI_in_Cyber_2/6_Analysis_Results/xai_surfacebench/data/unsw_nb15_dedup/unsw_nb15_dedup_score_stream.csv
unsw_nb15_deduplicated_anchor,default,default,adversarial_explanation_flood,budget_only_bexgov,19,5000,0.0,0.014725632057619467,0.7603645600000003,0.5038312916221499,0.714267380151315,0.44957576255857307,8248.246577612343,0.892222777777851,0.0,0.4043081476609389,0.04452848803749075,5.309207999999934,0.8060919780887157,0.0,0.0,12.163,44.8962,calibrated:/Users/let/Documents/DO_A_PAPER_May_18/Papers/Paper_xAI_in_Cyber_2/6_Analysis_Results/xai_surfacebench/data/unsw_nb15_dedup/unsw_nb15_dedup_score_stream.csv
unsw_nb15_deduplicated_anchor,default,default,adversarial_explanation_flood,xai_gate,19,5000,0.0,0.01665830721683922,0.8586403000000017,0.6568787180799864,0.7337452939501058,0.6467970238780582,2768.8086312374767,1.0,0.03209770162559862,0.12762854822940659,0.5558519893274448,6.658151999993991,0.7908529899235435,0.0002,0.0,12.0694,44.9298,calibrated:/Users/let/Documents/DO_A_PAPER_May_18/Papers/Paper_xAI_in_Cyber_2/6_Analysis_Results/xai_surfacebench/data/unsw_nb15_dedup/unsw_nb15_dedup_score_stream.csv
unsw_nb15_deduplicated_anchor,default,default,transient_overload,never_explain,19,5000,0.24267561015725003,1.0229538461538616,53.1936,0.0,0.0,0.0,16939.19917813597,0.0,0.0,0.0,0.0,0.0,0.19330763748352275,0.0,0.0,10.0124,55.9364,calibrated:/Users/let/Documents/DO_A_PAPER_May_18/Papers/Paper_xAI_in_Cyber_2/6_Analysis_Results/xai_surfacebench/data/unsw_nb15_dedup/unsw_nb15_dedup_score_stream.csv
unsw_nb15_deduplicated_anchor,default,default,transient_overload,always_explain,19,5000,0.2514127198387313,1.0530910288785014,53.31704200000003,1.0,1.0,0.849999999999915,0.0,2.4005888888886493,0.0,0.0,0.0,10.1672,0.20704433696377245,0.202,0.5264,10.1672,56.1548,calibrated:/Users/let/Documents/DO_A_PAPER_May_18/Papers/Paper_xAI_in_Cyber_2/6_Analysis_Results/xai_surfacebench/data/unsw_nb15_dedup/unsw_nb15_dedup_score_stream.csv
unsw_nb15_deduplicated_anchor,default,default,transient_overload,threshold_explain,19,5000,0.2476343810499943,1.036163389290603,53.196025879999986,0.44066391671578925,0.7352054419541609,0.3546906305244456,4926.559341106945,0.939550000000025,0.0,0.0,0.0,4.227215999999963,0.20786356906958314,0.0092,0.0,10.182,56.1984,calibrated:/Users/let/Documents/DO_A_PAPER_May_18/Papers/Paper_xAI_in_Cyber_2/6_Analysis_Results/xai_surfacebench/data/unsw_nb15_dedup/unsw_nb15_dedup_score_stream.csv
unsw_nb15_deduplicated_anchor,default,default,transient_overload,rate_limited,19,5000,0.24764358634039774,1.0363158691462186,53.35597508,0.48612700793307734,0.658976757340656,0.6954236886765921,9283.249255317733,0.8933277777778389,0.0,0.0,0.0,4.342000000000015,0.20208895989676212,0.0,0.0,10.1348,56.2066,calibrated:/Users/let/Documents/DO_A_PAPER_May_18/Papers/Paper_xAI_in_Cyber_2/6_Analysis_Results/xai_surfacebench/data/unsw_nb15_dedup/unsw_nb15_dedup_score_stream.csv
unsw_nb15_deduplicated_anchor,default,default,transient_overload,fifo_explanation,19,5000,0.24754850249227234,1.035937949013643,53.188148,0.7165994316488146,0.5368436254083659,0.8925100852525946,9874.442306217676,1.702833333333243,0.0,0.0,0.0,7.212,0.20127668920209452,0.0,0.4406,10.0642,55.8528,calibrated:/Users/let/Documents/DO_A_PAPER_May_18/Papers/Paper_xAI_in_Cyber_2/6_Analysis_Results/xai_surfacebench/data/unsw_nb15_dedup/unsw_nb15_dedup_score_stream.csv
unsw_nb15_deduplicated_anchor,default,default,transient_overload,static_coarse_full,19,5000,0.24684801565937262,1.03555587841652,53.17182239999998,0.4389350490438095,0.7331480507131646,0.35303242613826175,4894.393592032473,0.9298333333333701,0.0,0.0,0.0,4.187231999999955,0.20437882466755086,0.0098,0.0,10.1338,56.0942,calibrated:/Users/let/Documents/DO_A_PAPER_May_18/Papers/Paper_xAI_in_Cyber_2/6_Analysis_Results/xai_surfacebench/data/unsw_nb15_dedup/unsw_nb15_dedup_score_stream.csv
unsw_nb15_deduplicated_anchor,default,default,transient_overload,static_offload,19,5000,0.24509386871827052,1.026146936024335,53.20144091999997,0.40263344564643616,0.6287408038312662,0.5503452148726318,4750.096390930375,1.0895611111110663,0.371204508285551,0.0,0.0,1.0357839999999103,0.2062204095602087,0.0,0.1766,10.1502,56.0992,calibrated:/Users/let/Documents/DO_A_PAPER_May_18/Papers/Paper_xAI_in_Cyber_2/6_Analysis_Results/xai_surfacebench/data/unsw_nb15_dedup/unsw_nb15_dedup_score_stream.csv
unsw_nb15_deduplicated_anchor,default,default,transient_overload,budget_only_bexgov,19,5000,0.24642635451552458,1.0336044661950958,53.240941020000015,0.3671105393369762,0.6411544216294941,0.31484710539338284,6630.55069525955,0.5634483333333912,0.0,0.2551806036615537,0.0,3.196996000000163,0.19498684982309022,0.0,0.0,10.105,56.3744,calibrated:/Users/let/Documents/DO_A_PAPER_May_18/Papers/Paper_xAI_in_Cyber_2/6_Analysis_Results/xai_surfacebench/data/unsw_nb15_dedup/unsw_nb15_dedup_score_stream.csv
unsw_nb15_deduplicated_anchor,default,default,transient_overload,xai_gate,19,5000,0.24771378177607575,1.036924977358489,53.2780803,0.683648831024603,0.7458231302305403,0.7712342714246918,2989.7471682523633,0.9913827777780821,0.23631564323423174,0.15466597864486167,0.5741475806771722,4.256983999999204,0.19678156824322346,0.0106,0.0,10.0772,56.135,calibrated:/Users/let/Documents/DO_A_PAPER_May_18/Papers/Paper_xAI_in_Cyber_2/6_Analysis_Results/xai_surfacebench/data/unsw_nb15_dedup/unsw_nb15_dedup_score_stream.csv
unsw_nb15_deduplicated_anchor,default,default,non_markovian,never_explain,19,5000,0.13424724175612732,1.2276076923077055,63.8356,0.0,0.0,0.0,14985.163546881486,0.0,0.0,0.0,0.0,0.0,0.12459626231786025,0.0,0.0,9.293,55.0894,calibrated:/Users/let/Documents/DO_A_PAPER_May_18/Papers/Paper_xAI_in_Cyber_2/6_Analysis_Results/xai_surfacebench/data/unsw_nb15_dedup/unsw_nb15_dedup_score_stream.csv
unsw_nb15_deduplicated_anchor,default,default,non_markovian,always_explain,19,5000,0.1399495152014335,1.2610995785501746,64.49533899999994,1.0,1.0,0.849999999999928,0.0,2.206788888888702,0.0,0.0,0.0,9.3464,0.12546480935591142,0.095,0.549,9.3464,55.3632,calibrated:/Users/let/Documents/DO_A_PAPER_May_18/Papers/Paper_xAI_in_Cyber_2/6_Analysis_Results/xai_surfacebench/data/unsw_nb15_dedup/unsw_nb15_dedup_score_stream.csv
unsw_nb15_deduplicated_anchor,default,default,non_markovian,threshold_explain,19,5000,0.1390184146803979,1.3367559164502645,69.00449263999988,0.4225090901267355,0.7192244294577351,0.3385389100454187,4025.229342471592,0.8139638888889689,0.0,0.0,0.0,3.681944000000065,0.12998512121830852,0.0174,0.0,9.2958,54.8432,calibrated:/Users/let/Documents/DO_A_PAPER_May_18/Papers/Paper_xAI_in_Cyber_2/6_Analysis_Results/xai_surfacebench/data/unsw_nb15_dedup/unsw_nb15_dedup_score_stream.csv
unsw_nb15_deduplicated_anchor,default,default,non_markovian,rate_limited,19,5000,0.13456960939900545,1.3170745364516743,68.03733772000004,0.543431286892426,0.6881375680535537,0.5821147740106821,4475.599256631174,0.8412611111111936,0.0,0.0,0.0,4.313968000000111,0.1309414068383823,0.0,0.0,9.3854,55.325,calibrated:/Users/let/Documents/DO_A_PAPER_May_18/Papers/Paper_xAI_in_Cyber_2/6_Analysis_Results/xai_surfacebench/data/unsw_nb15_dedup/unsw_nb15_dedup_score_stream.csv
unsw_nb15_deduplicated_anchor,default,default,non_markovian,fifo_explanation,19,5000,0.1359902759850918,1.3619498300789903,70.09221999999986,0.8303097486623036,0.7089131655274019,0.8754535377005708,1622.0004156089024,1.8392583333332329,0.0,0.0,0.0,7.7898,0.13383995861915343,0.0,0.4634,9.3818,55.1624,calibrated:/Users/let/Documents/DO_A_PAPER_May_18/Papers/Paper_xAI_in_Cyber_2/6_Analysis_Results/xai_surfacebench/data/unsw_nb15_dedup/unsw_nb15_dedup_score_stream.csv
unsw_nb15_deduplicated_anchor,default,default,non_markovian,static_coarse_full,19,5000,0.13668351306884166,1.1732519181428882,60.52901575999991,0.4201079607649659,0.7189838119583108,0.33682900130928617,4071.3829590433197,0.8124694444445194,0.0,0.0,0.0,3.6724000000000547,0.1381660993058491,0.0182,0.0,9.3182,54.5802,calibrated:/Users/let/Documents/DO_A_PAPER_May_18/Papers/Paper_xAI_in_Cyber_2/6_Analysis_Results/xai_surfacebench/data/unsw_nb15_dedup/unsw_nb15_dedup_score_stream.csv
unsw_nb15_deduplicated_anchor,default,default,non_markovian,static_offload,19,5000,0.13354141699288719,1.2030142609386554,62.44422963999999,0.38659787151535646,0.6204116010679304,0.5275483648584612,3881.0382470017366,0.9547888888889113,0.3554224654228963,0.0,0.0,0.9133279999999915,0.13746607609980654,0.0,0.0,9.2836,54.411,calibrated:/Users/let/Documents/DO_A_PAPER_May_18/Papers/Paper_xAI_in_Cyber_2/6_Analysis_Results/xai_surfacebench/data/unsw_nb15_dedup/unsw_nb15_dedup_score_stream.csv
unsw_nb15_deduplicated_anchor,default,default,non_markovian,budget_only_bexgov,19,5000,0.14019998211868073,1.1609800081123278,60.01094658000004,0.34978800335750965,0.6258037571061035,0.2991735359318301,5904.068540747398,0.49126111111115756,0.0,0.24040634483352344,0.0,2.794344000000105,0.1303669806237049,0.0002,0.0,9.2926,54.8058,calibrated:/Users/let/Documents/DO_A_PAPER_May_18/Papers/Paper_xAI_in_Cyber_2/6_Analysis_Results/xai_surfacebench/data/unsw_nb15_dedup/unsw_nb15_dedup_score_stream.csv
unsw_nb15_deduplicated_anchor,default,default,non_markovian,xai_gate,19,5000,0.13601522018515147,1.2869158063189474,66.5527320800002,0.6640226003101668,0.7706123410969143,0.7163170415684358,304.17213652735546,0.9101877777777606,0.20387009069861298,0.14312113681259162,0.477219142292742,3.9974199999998237,0.139444545289527,0.0042,0.0,9.4158,55.09,calibrated:/Users/let/Documents/DO_A_PAPER_May_18/Papers/Paper_xAI_in_Cyber_2/6_Analysis_Results/xai_surfacebench/data/unsw_nb15_dedup/unsw_nb15_dedup_score_stream.csv
unsw_nb15_deduplicated_anchor,default,default,rtt_uncertainty,never_explain,19,5000,0.0,0.015603846153846152,0.8114,0.0,0.0,0.0,9593.968310575348,0.0,0.0,0.0,0.0,0.0,0.07322771842745568,0.0,0.0,7.2392,44.9684,calibrated:/Users/let/Documents/DO_A_PAPER_May_18/Papers/Paper_xAI_in_Cyber_2/6_Analysis_Results/xai_surfacebench/data/unsw_nb15_dedup/unsw_nb15_dedup_score_stream.csv
unsw_nb15_deduplicated_anchor,default,default,rtt_uncertainty,always_explain,19,5000,0.0,0.019801237721395474,1.019687999999998,1.0,1.0,0.8499999999999504,0.0,1.7124666666665667,0.0,0.0,0.0,7.2528,0.07664217323535927,0.0002,0.4148,7.2528,44.91,calibrated:/Users/let/Documents/DO_A_PAPER_May_18/Papers/Paper_xAI_in_Cyber_2/6_Analysis_Results/xai_surfacebench/data/unsw_nb15_dedup/unsw_nb15_dedup_score_stream.csv
unsw_nb15_deduplicated_anchor,default,default,rtt_uncertainty,threshold_explain,19,5000,0.0,0.017441679118221795,0.9036068000000005,0.40186393035505474,0.7051780637776942,0.3212987473733261,1599.7056399204812,0.6073250000000613,0.0,0.0,0.0,2.754360000000071,0.08529404795754192,0.0,0.0,7.3286,45.0176,calibrated:/Users/let/Documents/DO_A_PAPER_May_18/Papers/Paper_xAI_in_Cyber_2/6_Analysis_Results/xai_surfacebench/data/unsw_nb15_dedup/unsw_nb15_dedup_score_stream.csv
unsw_nb15_deduplicated_anchor,default,default,rtt_uncertainty,rate_limited,19,5000,0.0,0.017307088932285504,0.8954574399999987,0.634760895883797,0.7659220869167818,0.4515573409641513,1.0643194306943693,0.7106194444445173,0.0,0.0,0.0,3.793360000000117,0.07421430492624093,0.0,0.0,7.2688,45.1108,calibrated:/Users/let/Documents/DO_A_PAPER_May_18/Papers/Paper_xAI_in_Cyber_2/6_Analysis_Results/xai_surfacebench/data/unsw_nb15_dedup/unsw_nb15_dedup_score_stream.csv
unsw_nb15_deduplicated_anchor,default,default,rtt_uncertainty,fifo_explanation,19,5000,0.0,0.01896182752110544,0.9767119999999974,0.9907183102425215,0.9825828697443189,0.8513922534635715,0.13185789671923032,1.7187944444443444,0.0,0.0,0.0,7.2796,0.08602408000260198,0.0,0.4214,7.3478,45.1052,calibrated:/Users/let/Documents/DO_A_PAPER_May_18/Papers/Paper_xAI_in_Cyber_2/6_Analysis_Results/xai_surfacebench/data/unsw_nb15_dedup/unsw_nb15_dedup_score_stream.csv
unsw_nb15_deduplicated_anchor,default,default,rtt_uncertainty,static_coarse_full,19,5000,0.0,0.016496011599358967,0.85470808,0.40411404568417153,0.7059444335116499,0.32297660882936446,1487.402473013814,0.6065527777778386,0.0,0.0,0.0,2.752096000000069,0.07865913879622366,0.0,0.0,7.2848,45.0238,calibrated:/Users/let/Documents/DO_A_PAPER_May_18/Papers/Paper_xAI_in_Cyber_2/6_Analysis_Results/xai_surfacebench/data/unsw_nb15_dedup/unsw_nb15_dedup_score_stream.csv
unsw_nb15_deduplicated_anchor,default,default,rtt_uncertainty,static_offload,19,5000,0.0,0.017012645413605705,0.8838092399999994,0.37177903963832654,0.6075520774942893,0.6141692022464763,1227.352351841224,0.707800000000027,0.3357131043607696,0.0,0.0,0.704112000000018,0.07414464149038258,0.0,0.0,7.2556,45.0318,calibrated:/Users/let/Documents/DO_A_PAPER_May_18/Papers/Paper_xAI_in_Cyber_2/6_Analysis_Results/xai_surfacebench/data/unsw_nb15_dedup/unsw_nb15_dedup_score_stream.csv
unsw_nb15_deduplicated_anchor,default,default,rtt_uncertainty,budget_only_bexgov,19,5000,0.0,0.015469477774931073,0.8021444799999987,0.33907541251874584,0.6183830766375814,0.28692622391927985,2822.755721105537,0.37465277777780864,0.0,0.22091913268784943,0.0,2.129416000000031,0.08527544802946463,0.0,0.0,7.333,45.0454,calibrated:/Users/let/Documents/DO_A_PAPER_May_18/Papers/Paper_xAI_in_Cyber_2/6_Analysis_Results/xai_surfacebench/data/unsw_nb15_dedup/unsw_nb15_dedup_score_stream.csv
unsw_nb15_deduplicated_anchor,default,default,rtt_uncertainty,xai_gate,19,5000,0.0,0.017003334454918063,0.8796975200000017,0.6575415663969085,0.8111650649673908,0.545636937335623,0.9409838218641253,0.6562422222222145,0.016927368190767886,0.023490483482826514,0.3133887551957996,3.9672519999996623,0.08377085157869768,0.0,0.0,7.3136,44.9886,calibrated:/Users/let/Documents/DO_A_PAPER_May_18/Papers/Paper_xAI_in_Cyber_2/6_Analysis_Results/xai_surfacebench/data/unsw_nb15_dedup/unsw_nb15_dedup_score_stream.csv
unsw_nb15_deduplicated_anchor,default,default,adversarial_explanation_flood,never_explain,20,5000,0.0,0.01243846153846155,0.6468,0.0,0.0,0.0,25896.55785312888,0.0,0.0,0.0,0.0,0.0,0.8014670858340505,0.0,0.0,12.1024,44.7872,calibrated:/Users/let/Documents/DO_A_PAPER_May_18/Papers/Paper_xAI_in_Cyber_2/6_Analysis_Results/xai_surfacebench/data/unsw_nb15_dedup/unsw_nb15_dedup_score_stream.csv
unsw_nb15_deduplicated_anchor,default,default,adversarial_explanation_flood,always_explain,20,5000,0.0,0.018530517525692146,0.948264,1.0,1.0,0.8499999999999506,0.0,2.8669555555553887,0.0,0.0,0.0,12.1424,0.8000661178587898,0.0374,0.6538,12.1424,44.9702,calibrated:/Users/let/Documents/DO_A_PAPER_May_18/Papers/Paper_xAI_in_Cyber_2/6_Analysis_Results/xai_surfacebench/data/unsw_nb15_dedup/unsw_nb15_dedup_score_stream.csv
unsw_nb15_deduplicated_anchor,default,default,adversarial_explanation_flood,threshold_explain,20,5000,0.0,0.015279277359584098,0.7867561199999995,0.6311411292973185,0.8436287203095831,0.5186238743180114,4330.4399592116215,1.684994444444406,0.0,0.0,0.0,7.4025759999998595,0.8111441977579448,0.0002,0.4074,12.1704,44.7982,calibrated:/Users/let/Documents/DO_A_PAPER_May_18/Papers/Paper_xAI_in_Cyber_2/6_Analysis_Results/xai_surfacebench/data/unsw_nb15_dedup/unsw_nb15_dedup_score_stream.csv
unsw_nb15_deduplicated_anchor,default,default,adversarial_explanation_flood,rate_limited,20,5000,0.0,0.017800048468911322,0.9168021200000026,0.6825668378552486,0.8348302297282667,0.7200389715474524,5250.517297511889,1.7046111111110605,0.0,0.0,0.0,7.731135999999734,0.7964292124065417,0.0,0.4092,12.1114,44.9462,calibrated:/Users/let/Documents/DO_A_PAPER_May_18/Papers/Paper_xAI_in_Cyber_2/6_Analysis_Results/xai_surfacebench/data/unsw_nb15_dedup/unsw_nb15_dedup_score_stream.csv
unsw_nb15_deduplicated_anchor,default,default,adversarial_explanation_flood,fifo_explanation,20,5000,0.0,0.02063119982966543,1.0595659999999916,0.8817262817658602,0.8347209985889715,0.8677410577350712,2495.8501122161515,2.524830555555426,0.0,0.0,0.0,10.6934,0.7991579659447976,0.0,0.605,12.1278,44.9388,calibrated:/Users/let/Documents/DO_A_PAPER_May_18/Papers/Paper_xAI_in_Cyber_2/6_Analysis_Results/xai_surfacebench/data/unsw_nb15_dedup/unsw_nb15_dedup_score_stream.csv
unsw_nb15_deduplicated_anchor,default,default,adversarial_explanation_flood,static_coarse_full,20,5000,0.0,0.01790780694174794,0.9221909999999996,0.6311407037651343,0.8437935331433455,0.5186770332178406,4337.545859882157,1.686736111111076,0.0,0.0,0.0,7.409367999999868,0.8022552975521982,0.0002,0.4106,12.1802,45.0554,calibrated:/Users/let/Documents/DO_A_PAPER_May_18/Papers/Paper_xAI_in_Cyber_2/6_Analysis_Results/xai_surfacebench/data/unsw_nb15_dedup/unsw_nb15_dedup_score_stream.csv
unsw_nb15_deduplicated_anchor,default,default,adversarial_explanation_flood,static_offload,20,5000,0.0,0.016097388707192475,0.83533436,0.5776621988323537,0.7198836434017832,0.8277501850177597,3650.977224406946,1.9900833333332961,0.5759394786612942,0.0,0.0,1.5694799999999476,0.7999816464333402,0.0,0.494,12.161,45.0412,calibrated:/Users/let/Documents/DO_A_PAPER_May_18/Papers/Paper_xAI_in_Cyber_2/6_Analysis_Results/xai_surfacebench/data/unsw_nb15_dedup/unsw_nb15_dedup_score_stream.csv
unsw_nb15_deduplicated_anchor,default,default,adversarial_explanation_flood,budget_only_bexgov,20,5000,0.0,0.015495656981496651,0.8001951800000001,0.5043021684682486,0.7164198723099576,0.45098042446611225,8171.145108776272,0.8929366666667359,0.0,0.40421500131821775,0.04793369364619035,5.311735999999916,0.8045711957871187,0.0,0.0,12.1376,44.8402,calibrated:/Users/let/Documents/DO_A_PAPER_May_18/Papers/Paper_xAI_in_Cyber_2/6_Analysis_Results/xai_surfacebench/data/unsw_nb15_dedup/unsw_nb15_dedup_score_stream.csv
unsw_nb15_deduplicated_anchor,default,default,adversarial_explanation_flood,xai_gate,20,5000,0.0,0.018125064529435044,0.9339964400000014,0.6501745320927779,0.7257356362150914,0.6458966094192613,2972.18285585639,1.0,0.030657940062004823,0.129389957843282,0.5496530682535612,6.6711979999938205,0.8044985925248369,0.0002,0.0,12.1926,45.0452,calibrated:/Users/let/Documents/DO_A_PAPER_May_18/Papers/Paper_xAI_in_Cyber_2/6_Analysis_Results/xai_surfacebench/data/unsw_nb15_dedup/unsw_nb15_dedup_score_stream.csv
unsw_nb15_deduplicated_anchor,default,default,transient_overload,never_explain,20,5000,0.24592197636185906,1.0243423076923228,53.2658,0.0,0.0,0.0,17355.93914151076,0.0,0.0,0.0,0.0,0.0,0.20536745756686448,0.0,0.0,10.173,56.265,calibrated:/Users/let/Documents/DO_A_PAPER_May_18/Papers/Paper_xAI_in_Cyber_2/6_Analysis_Results/xai_surfacebench/data/unsw_nb15_dedup/unsw_nb15_dedup_score_stream.csv
unsw_nb15_deduplicated_anchor,default,default,transient_overload,always_explain,20,5000,0.25079037910729207,1.0506516831723405,53.192184999999995,1.0,1.0,0.8499999999999132,0.0,2.384627777777534,0.0,0.0,0.0,10.0996,0.19782011824494616,0.1984,0.525,10.0996,56.211,calibrated:/Users/let/Documents/DO_A_PAPER_May_18/Papers/Paper_xAI_in_Cyber_2/6_Analysis_Results/xai_surfacebench/data/unsw_nb15_dedup/unsw_nb15_dedup_score_stream.csv
unsw_nb15_deduplicated_anchor,default,default,transient_overload,threshold_explain,20,5000,0.24581945981033138,1.0392450190699176,53.36305451999995,0.43845811756336245,0.7316073017029608,0.3523589753725649,4892.084693125208,0.9257111111111487,0.0,0.0,0.0,4.172727999999943,0.2029735516537443,0.0082,0.0,10.1188,56.0766,calibrated:/Users/let/Documents/DO_A_PAPER_May_18/Papers/Paper_xAI_in_Cyber_2/6_Analysis_Results/xai_surfacebench/data/unsw_nb15_dedup/unsw_nb15_dedup_score_stream.csv
unsw_nb15_deduplicated_anchor,default,default,transient_overload,rate_limited,20,5000,0.24731014633311774,1.0363500280631444,53.360764880000055,0.4874630207084191,0.6612319696234888,0.6938144639001723,9037.359053712718,0.883475000000059,0.0,0.0,0.0,4.296504000000004,0.18920614998431118,0.0,0.0,10.0056,56.0912,calibrated:/Users/let/Documents/DO_A_PAPER_May_18/Papers/Paper_xAI_in_Cyber_2/6_Analysis_Results/xai_surfacebench/data/unsw_nb15_dedup/unsw_nb15_dedup_score_stream.csv
unsw_nb15_deduplicated_anchor,default,default,transient_overload,fifo_explanation,20,5000,0.2479871287164074,1.040537412627328,53.42520199999997,0.7137034545526493,0.5334745165671766,0.8929444818170144,10005.81804718988,1.7033999999999028,0.0,0.0,0.0,7.2144,0.20103464541294658,0.0,0.442,10.1084,56.1094,calibrated:/Users/let/Documents/DO_A_PAPER_May_18/Papers/Paper_xAI_in_Cyber_2/6_Analysis_Results/xai_surfacebench/data/unsw_nb15_dedup/unsw_nb15_dedup_score_stream.csv
unsw_nb15_deduplicated_anchor,default,default,transient_overload,static_coarse_full,20,5000,0.2491491761637911,1.0389982168315033,53.34218952000004,0.4423561595133356,0.7363575043125576,0.3561417369491679,4895.115658566308,0.938486111111134,0.0,0.0,0.0,4.221183999999937,0.20245054904601112,0.0104,0.0,10.1258,56.1398,calibrated:/Users/let/Documents/DO_A_PAPER_May_18/Papers/Paper_xAI_in_Cyber_2/6_Analysis_Results/xai_surfacebench/data/unsw_nb15_dedup/unsw_nb15_dedup_score_stream.csv
unsw_nb15_deduplicated_anchor,default,default,transient_overload,static_offload,20,5000,0.24440578741081667,1.027705408307365,53.283514880000034,0.4017285657843248,0.6282713673677442,0.5490711181351436,4721.617482388043,1.0842111111110722,0.37032793362307387,0.0,0.0,1.0309599999999113,0.20025702856953642,0.0,0.161,10.124,56.2324,calibrated:/Users/let/Documents/DO_A_PAPER_May_18/Papers/Paper_xAI_in_Cyber_2/6_Analysis_Results/xai_surfacebench/data/unsw_nb15_dedup/unsw_nb15_dedup_score_stream.csv
unsw_nb15_deduplicated_anchor,default,default,transient_overload,budget_only_bexgov,20,5000,0.24764265338029645,1.0342203687475724,53.27356059999998,0.3669446634084962,0.6404891467759003,0.31472292290715614,6829.766333026263,0.5643655555556123,0.0,0.25612880340532873,0.0,3.2073400000001633,0.20479553448793952,0.0,0.0,10.1488,56.1578,calibrated:/Users/let/Documents/DO_A_PAPER_May_18/Papers/Paper_xAI_in_Cyber_2/6_Analysis_Results/xai_surfacebench/data/unsw_nb15_dedup/unsw_nb15_dedup_score_stream.csv
unsw_nb15_deduplicated_anchor,default,default,transient_overload,xai_gate,20,5000,0.24805225441313303,1.0380254302457463,53.330894379999904,0.6835335297724933,0.745437937789276,0.7703249154587847,3030.8381913731628,0.9929538888891977,0.23481717325528506,0.1547254138074238,0.5750192813494968,4.28192399999922,0.201474548826317,0.01,0.0,10.1134,56.1166,calibrated:/Users/let/Documents/DO_A_PAPER_May_18/Papers/Paper_xAI_in_Cyber_2/6_Analysis_Results/xai_surfacebench/data/unsw_nb15_dedup/unsw_nb15_dedup_score_stream.csv
unsw_nb15_deduplicated_anchor,default,default,non_markovian,never_explain,20,5000,0.13780964703671308,1.3462653846154005,70.0058,0.0,0.0,0.0,15210.700722233409,0.0,0.0,0.0,0.0,0.0,0.1310775873493195,0.0,0.0,9.3886,55.3372,calibrated:/Users/let/Documents/DO_A_PAPER_May_18/Papers/Paper_xAI_in_Cyber_2/6_Analysis_Results/xai_surfacebench/data/unsw_nb15_dedup/unsw_nb15_dedup_score_stream.csv
unsw_nb15_deduplicated_anchor,default,default,non_markovian,always_explain,20,5000,0.13707382325283035,1.2599993029694665,64.44526999999994,1.0,1.0,0.8499999999999319,0.0,2.1940388888887132,0.0,0.0,0.0,9.2924,0.12898718705730228,0.0916,0.5428,9.2924,54.8716,calibrated:/Users/let/Documents/DO_A_PAPER_May_18/Papers/Paper_xAI_in_Cyber_2/6_Analysis_Results/xai_surfacebench/data/unsw_nb15_dedup/unsw_nb15_dedup_score_stream.csv
unsw_nb15_deduplicated_anchor,default,default,non_markovian,threshold_explain,20,5000,0.13661211444995694,1.3615125396257415,70.29495579999988,0.4210974902853321,0.7193278280122783,0.33758238691257747,4141.897260882832,0.8139527777778567,0.0,0.0,0.0,3.679624000000054,0.12126967620175311,0.017,0.0,9.3158,55.3884,calibrated:/Users/let/Documents/DO_A_PAPER_May_18/Papers/Paper_xAI_in_Cyber_2/6_Analysis_Results/xai_surfacebench/data/unsw_nb15_dedup/unsw_nb15_dedup_score_stream.csv
unsw_nb15_deduplicated_anchor,default,default,non_markovian,rate_limited,20,5000,0.13761852304736075,1.32105796390682,68.23985960000009,0.5397542654791461,0.6822224942563534,0.5831258718746491,4378.691619303746,0.827711111111189,0.0,0.0,0.0,4.25024800000011,0.1304719134926342,0.0,0.0,9.319,54.9564,calibrated:/Users/let/Documents/DO_A_PAPER_May_18/Papers/Paper_xAI_in_Cyber_2/6_Analysis_Results/xai_surfacebench/data/unsw_nb15_dedup/unsw_nb15_dedup_score_stream.csv
unsw_nb15_deduplicated_anchor,default,default,non_markovian,fifo_explanation,20,5000,0.13558420615250633,1.2434997058771133,63.99522599999984,0.8292281363055393,0.7094954041430235,0.8756157795540909,1483.8311763564518,1.8075722222221144,0.0,0.0,0.0,7.6556,0.12660484629718272,0.0,0.4438,9.2322,54.6314,calibrated:/Users/let/Documents/DO_A_PAPER_May_18/Papers/Paper_xAI_in_Cyber_2/6_Analysis_Results/xai_surfacebench/data/unsw_nb15_dedup/unsw_nb15_dedup_score_stream.csv
unsw_nb15_deduplicated_anchor,default,default,non_markovian,static_coarse_full,20,5000,0.13491214843764235,1.3280140246633785,68.55926379999993,0.4198123940155088,0.7185307565300547,0.33652199111342107,4136.981384679553,0.8114416666667463,0.0,0.0,0.0,3.6686640000000623,0.13016677037505975,0.0154,0.0,9.3174,54.9618,calibrated:/Users/let/Documents/DO_A_PAPER_May_18/Papers/Paper_xAI_in_Cyber_2/6_Analysis_Results/xai_surfacebench/data/unsw_nb15_dedup/unsw_nb15_dedup_score_stream.csv
unsw_nb15_deduplicated_anchor,default,default,non_markovian,static_offload,20,5000,0.13943954932453365,1.2527865445859017,65.02930315999993,0.388874176462988,0.620204842439541,0.5294580803513802,3754.1555512283207,0.9581833333333608,0.3561555354605348,0.0,0.0,0.924311999999989,0.12902226030519115,0.0,0.0,9.2892,54.851,calibrated:/Users/let/Documents/DO_A_PAPER_May_18/Papers/Paper_xAI_in_Cyber_2/6_Analysis_Results/xai_surfacebench/data/unsw_nb15_dedup/unsw_nb15_dedup_score_stream.csv
unsw_nb15_deduplicated_anchor,default,default,non_markovian,budget_only_bexgov,20,5000,0.13612364495798296,1.2628610095268766,65.29838247999993,0.3531052280694195,0.6295593411251822,0.3023226305942193,5701.127248930398,0.4980100000000442,0.0,0.24370416568098238,0.0,2.827328000000105,0.12283879068868919,0.001,0.0,9.2998,55.216,calibrated:/Users/let/Documents/DO_A_PAPER_May_18/Papers/Paper_xAI_in_Cyber_2/6_Analysis_Results/xai_surfacebench/data/unsw_nb15_dedup/unsw_nb15_dedup_score_stream.csv
unsw_nb15_deduplicated_anchor,default,default,non_markovian,xai_gate,20,5000,0.13478525045332984,1.296034084414912,67.03094560000002,0.6641323340471565,0.7714590241687341,0.716063383297656,280.8657913889478,0.9070199999999862,0.20539614561027839,0.14451820128479656,0.46873661670235545,3.9528359999998544,0.13590895215439924,0.0042,0.0,9.34,54.8166,calibrated:/Users/let/Documents/DO_A_PAPER_May_18/Papers/Paper_xAI_in_Cyber_2/6_Analysis_Results/xai_surfacebench/data/unsw_nb15_dedup/unsw_nb15_dedup_score_stream.csv
unsw_nb15_deduplicated_anchor,default,default,rtt_uncertainty,never_explain,20,5000,0.0,0.013984615384615401,0.7272,0.0,0.0,0.0,9714.333650894576,0.0,0.0,0.0,0.0,0.0,0.08418904569533736,0.0,0.0,7.3106,44.9528,calibrated:/Users/let/Documents/DO_A_PAPER_May_18/Papers/Paper_xAI_in_Cyber_2/6_Analysis_Results/xai_surfacebench/data/unsw_nb15_dedup/unsw_nb15_dedup_score_stream.csv
unsw_nb15_deduplicated_anchor,default,default,rtt_uncertainty,always_explain,20,5000,0.0,0.016515423847310428,0.8505159999999998,1.0,1.0,0.8499999999999532,0.0,1.7209194444443499,0.0,0.0,0.0,7.2886,0.0792265981988709,0.0002,0.4196,7.2886,45.0236,calibrated:/Users/let/Documents/DO_A_PAPER_May_18/Papers/Paper_xAI_in_Cyber_2/6_Analysis_Results/xai_surfacebench/data/unsw_nb15_dedup/unsw_nb15_dedup_score_stream.csv
unsw_nb15_deduplicated_anchor,default,default,rtt_uncertainty,threshold_explain,20,5000,0.0,0.01566092099554781,0.8113628799999986,0.4055650661291728,0.7083935385353254,0.32452439462133253,1416.1589785707913,0.6069361111111735,0.0,0.0,0.0,2.749888000000064,0.0730724502418445,0.0,0.0,7.2434,45.001,calibrated:/Users/let/Documents/DO_A_PAPER_May_18/Papers/Paper_xAI_in_Cyber_2/6_Analysis_Results/xai_surfacebench/data/unsw_nb15_dedup/unsw_nb15_dedup_score_stream.csv
unsw_nb15_deduplicated_anchor,default,default,rtt_uncertainty,rate_limited,20,5000,0.0,0.015986602968342627,0.8271620399999989,0.6334385418374845,0.7642448669201629,0.45011477291362234,1.0624170743774635,0.7118416666667455,0.0,0.0,0.0,3.80678400000011,0.08466196569416473,0.0,0.0,7.3188,44.9836,calibrated:/Users/let/Documents/DO_A_PAPER_May_18/Papers/Paper_xAI_in_Cyber_2/6_Analysis_Results/xai_surfacebench/data/unsw_nb15_dedup/unsw_nb15_dedup_score_stream.csv
unsw_nb15_deduplicated_anchor,default,default,rtt_uncertainty,fifo_explanation,20,5000,0.0,0.01990370664774187,1.0251889999999981,0.9910078782939419,0.9832183326161618,0.8513488182558613,0.098160019633132,1.7226194444443503,0.0,0.0,0.0,7.2958,0.08787204425963435,0.0,0.419,7.362,45.1156,calibrated:/Users/let/Documents/DO_A_PAPER_May_18/Papers/Paper_xAI_in_Cyber_2/6_Analysis_Results/xai_surfacebench/data/unsw_nb15_dedup/unsw_nb15_dedup_score_stream.csv
unsw_nb15_deduplicated_anchor,default,default,rtt_uncertainty,static_coarse_full,20,5000,0.0,0.017012857194123945,0.8816304399999996,0.4046484321038892,0.7066174155165308,0.3235060091173041,1420.0688261831547,0.6039750000000618,0.0,0.0,0.0,2.7393600000000684,0.07138734226673993,0.0,0.0,7.239,45.0444,calibrated:/Users/let/Documents/DO_A_PAPER_May_18/Papers/Paper_xAI_in_Cyber_2/6_Analysis_Results/xai_surfacebench/data/unsw_nb15_dedup/unsw_nb15_dedup_score_stream.csv
unsw_nb15_deduplicated_anchor,default,default,rtt_uncertainty,static_offload,20,5000,0.0,0.014393908480702763,0.7478042399999986,0.3718370264474421,0.6079495915027245,0.6146324827197774,1243.839061060604,0.7104000000000283,0.33614669819101556,0.0,0.0,0.704976000000019,0.07822256607722178,0.0,0.0,7.2748,44.9802,calibrated:/Users/let/Documents/DO_A_PAPER_May_18/Papers/Paper_xAI_in_Cyber_2/6_Analysis_Results/xai_surfacebench/data/unsw_nb15_dedup/unsw_nb15_dedup_score_stream.csv
unsw_nb15_deduplicated_anchor,default,default,rtt_uncertainty,budget_only_bexgov,20,5000,0.0,0.014827479360391376,0.7688481800000004,0.34173668230747495,0.622704832948617,0.29016698868342006,2635.357890832146,0.37482166666669536,0.0,0.22539332045266353,0.0,2.125632000000023,0.07296645758184117,0.0,0.0,7.246,45.0216,calibrated:/Users/let/Documents/DO_A_PAPER_May_18/Papers/Paper_xAI_in_Cyber_2/6_Analysis_Results/xai_surfacebench/data/unsw_nb15_dedup/unsw_nb15_dedup_score_stream.csv
unsw_nb15_deduplicated_anchor,default,default,rtt_uncertainty,xai_gate,20,5000,0.0,0.017560699341033326,0.9084645000000015,0.6604242969261589,0.8133736666303212,0.5481360659348272,0.8601624422901762,0.6674422222222135,0.016623065184216263,0.02381730978853281,0.3105243078264661,4.0101799999996315,0.08698453321958954,0.0,0.0,7.3392,45.0126,calibrated:/Users/let/Documents/DO_A_PAPER_May_18/Papers/Paper_xAI_in_Cyber_2/6_Analysis_Results/xai_surfacebench/data/unsw_nb15_dedup/unsw_nb15_dedup_score_stream.csv
