stage,variant,ablation,regime,policy,seed,slots,packet_drop_rate,mean_packet_delay,mean_packet_queue,explanation_coverage,high_risk_explanation_coverage,mean_explanation_delay,mean_explanation_debt,exposure_use,offload_rate,audit_rate,redaction_rate,local_compute_load,attacker_trigger_gain,budget_violation_rate,exposure_budget_violation_rate,alerts_per_slot,packets_per_slot,calibration_status
unsw_nb15_xai_gate_tuning_envelope,xai_default,default,adversarial_explanation_flood,xai_gate,1,5000,0.0,0.019014185456803747,0.9805042400000008,0.6057119863736578,0.6627893004082538,0.6680041929492564,4572.341276149912,1.0,0.00433556631297573,0.1433833716362688,0.42790694831486986,6.5371144999957425,0.8135383551257644,0.0012,0.0,12.2706,45.1074,calibrated:/Users/let/Documents/DO_A_PAPER_May_18/Papers/Paper_xAI_in_Cyber_2/6_Analysis_Results/xai_surfacebench/data/unsw_nb15/unsw_nb15_score_stream.csv
unsw_nb15_xai_gate_tuning_envelope,xai_default,default,transient_overload,xai_gate,1,5000,0.24730387462928582,1.0371769832815902,53.267059039999985,0.6767115377029354,0.7278892345543362,0.7722949268798178,3998.250989916619,1.0,0.23936694390791913,0.15487405889077221,0.560152154202828,4.210587999994216,0.20283248107609508,0.017,0.0,10.1476,56.2428,calibrated:/Users/let/Documents/DO_A_PAPER_May_18/Papers/Paper_xAI_in_Cyber_2/6_Analysis_Results/xai_surfacebench/data/unsw_nb15/unsw_nb15_score_stream.csv
unsw_nb15_xai_gate_tuning_envelope,xai_default,default,non_markovian,xai_gate,1,5000,0.13829726929397815,1.3427859422413257,69.43088730000005,0.6759579746406807,0.7494105490221422,0.7376048513633782,835.5116417868871,0.9589538888890321,0.21445231330308298,0.17115474322547813,0.4615580340104321,4.071503999999673,0.1406541553144245,0.0046,0.0,9.4324,55.1286,calibrated:/Users/let/Documents/DO_A_PAPER_May_18/Papers/Paper_xAI_in_Cyber_2/6_Analysis_Results/xai_surfacebench/data/unsw_nb15/unsw_nb15_score_stream.csv
unsw_nb15_xai_gate_tuning_envelope,xai_default,default,rtt_uncertainty,xai_gate,1,5000,0.0,0.01808174870787735,0.9344027200000006,0.7356640140981519,0.8478760928978304,0.631253215013666,14.349203938888394,0.8708827777777841,0.01192279097943112,0.15761213756642894,0.21177410028361374,4.691171999999575,0.07341626986589822,0.0,0.0,7.2634,45.1108,calibrated:/Users/let/Documents/DO_A_PAPER_May_18/Papers/Paper_xAI_in_Cyber_2/6_Analysis_Results/xai_surfacebench/data/unsw_nb15/unsw_nb15_score_stream.csv
unsw_nb15_xai_gate_tuning_envelope,xai_default,default,adversarial_explanation_flood,xai_gate,2,5000,0.0,0.01636742738473694,0.8434790800000009,0.6133447835048708,0.6705431018765833,0.6677145773198526,4367.300238310899,1.0,0.003595876288659794,0.14668865979381443,0.43221237113338995,6.547628499995753,0.8050084705139795,0.0032,0.0,12.125,44.7828,calibrated:/Users/let/Documents/DO_A_PAPER_May_18/Papers/Paper_xAI_in_Cyber_2/6_Analysis_Results/xai_surfacebench/data/unsw_nb15/unsw_nb15_score_stream.csv
unsw_nb15_xai_gate_tuning_envelope,xai_default,default,transient_overload,xai_gate,2,5000,0.24845601649390453,1.037624364618276,53.28805325999997,0.674249632532524,0.7255003971195788,0.7716822390990249,4059.2571042300815,1.0,0.23872611464968152,0.15384615384615385,0.5607422831934108,4.215748499994231,0.21338155945391302,0.0194,0.0,10.205,56.0692,calibrated:/Users/let/Documents/DO_A_PAPER_May_18/Papers/Paper_xAI_in_Cyber_2/6_Analysis_Results/xai_surfacebench/data/unsw_nb15/unsw_nb15_score_stream.csv
unsw_nb15_xai_gate_tuning_envelope,xai_default,default,non_markovian,xai_gate,2,5000,0.1332067292279043,1.2827220787057545,66.33005767999995,0.6775020016013614,0.7529210208984887,0.7389626295630991,716.0041896150192,0.9509561111112388,0.21435526799818233,0.18367126133339104,0.4453941531603661,4.009979999999715,0.12495816065093024,0.0058,0.0,9.2426,54.773,calibrated:/Users/let/Documents/DO_A_PAPER_May_18/Papers/Paper_xAI_in_Cyber_2/6_Analysis_Results/xai_surfacebench/data/unsw_nb15/unsw_nb15_score_stream.csv
unsw_nb15_xai_gate_tuning_envelope,xai_default,default,rtt_uncertainty,xai_gate,2,5000,0.0,0.01685110676810579,0.8708713800000005,0.737861500412272,0.8487562106579108,0.6354148642455434,22.032420989153422,0.8736883333333368,0.011981313547677933,0.16345149766419345,0.21802693047540533,4.718879999999575,0.07480672529517096,0.0,0.0,7.278,45.143,calibrated:/Users/let/Documents/DO_A_PAPER_May_18/Papers/Paper_xAI_in_Cyber_2/6_Analysis_Results/xai_surfacebench/data/unsw_nb15/unsw_nb15_score_stream.csv
unsw_nb15_xai_gate_tuning_envelope,xai_default,default,adversarial_explanation_flood,xai_gate,3,5000,0.0,0.01831638031842424,0.9440808999997966,0.6110852355949024,0.6684681195270284,0.6668953769690563,4384.925044941347,1.0,0.0037194911209492932,0.14244334359210678,0.4303747469587363,6.536563999995544,0.7979845504890724,0.003,0.0,12.1522,45.0586,calibrated:/Users/let/Documents/DO_A_PAPER_May_18/Papers/Paper_xAI_in_Cyber_2/6_Analysis_Results/xai_surfacebench/data/unsw_nb15/unsw_nb15_score_stream.csv
unsw_nb15_xai_gate_tuning_envelope,xai_default,default,transient_overload,xai_gate,3,5000,0.24748616699413423,1.0353942650325034,53.171631160000004,0.6797810832174579,0.7310026806520007,0.772630114647726,3960.5257421120323,1.0,0.23816959873492785,0.1559596758252619,0.562388812017042,4.234082999994085,0.20047648879017643,0.0182,0.0,10.118,56.1888,calibrated:/Users/let/Documents/DO_A_PAPER_May_18/Papers/Paper_xAI_in_Cyber_2/6_Analysis_Results/xai_surfacebench/data/unsw_nb15/unsw_nb15_score_stream.csv
unsw_nb15_xai_gate_tuning_envelope,xai_default,default,non_markovian,xai_gate,3,5000,0.13771765902206848,1.234562676289417,63.831260839999935,0.6776162951904402,0.750121336738736,0.7397129145782082,826.2308458359514,0.9578933333334811,0.2147381891863069,0.17099285485763038,0.4632611709501973,4.064683999999675,0.12709745660849148,0.003,0.0,9.377,55.464,calibrated:/Users/let/Documents/DO_A_PAPER_May_18/Papers/Paper_xAI_in_Cyber_2/6_Analysis_Results/xai_surfacebench/data/unsw_nb15/unsw_nb15_score_stream.csv
unsw_nb15_xai_gate_tuning_envelope,xai_default,default,rtt_uncertainty,xai_gate,3,5000,0.0,0.01761259370948967,0.9101924200000009,0.7379247865120074,0.8488591935908103,0.6351753966134255,21.841004797537888,0.8785027777777816,0.011604992336325816,0.1684366104663893,0.21247536676155024,4.7404039999995655,0.08308246883277448,0.0,0.0,7.3072,44.9778,calibrated:/Users/let/Documents/DO_A_PAPER_May_18/Papers/Paper_xAI_in_Cyber_2/6_Analysis_Results/xai_surfacebench/data/unsw_nb15/unsw_nb15_score_stream.csv
unsw_nb15_xai_gate_tuning_envelope,xai_default,default,adversarial_explanation_flood,xai_gate,4,5000,0.0,0.019327540946821094,0.9959577449996017,0.6142646646429044,0.6712828632432581,0.6685162770937447,4314.776383745066,1.0,0.004371350334861931,0.1454587443502359,0.43551227277161036,6.548765499995576,0.7934892747732032,0.0034,0.0,12.1244,45.0682,calibrated:/Users/let/Documents/DO_A_PAPER_May_18/Papers/Paper_xAI_in_Cyber_2/6_Analysis_Results/xai_surfacebench/data/unsw_nb15/unsw_nb15_score_stream.csv
unsw_nb15_xai_gate_tuning_envelope,xai_default,default,transient_overload,xai_gate,4,5000,0.24982593431282307,1.0375468019402878,53.27585771999995,0.6794826511833835,0.7307424593617269,0.7726405263985089,4018.6030364261305,1.0,0.23706751597396689,0.15574370437775711,0.5624591996190474,4.240788499994144,0.1980201656813696,0.0182,0.0,10.1102,56.2606,calibrated:/Users/let/Documents/DO_A_PAPER_May_18/Papers/Paper_xAI_in_Cyber_2/6_Analysis_Results/xai_surfacebench/data/unsw_nb15/unsw_nb15_score_stream.csv
unsw_nb15_xai_gate_tuning_envelope,xai_default,default,non_markovian,xai_gate,4,5000,0.1353432451887763,1.1938099537824587,61.72091569999989,0.6799307973538434,0.755450713923756,0.7388202907381436,698.1120852565421,0.9502700000001296,0.20997997910863508,0.18245125348189414,0.446879352367688,4.0448679999996955,0.12511630184614075,0.0036,0.0,9.1904,54.456,calibrated:/Users/let/Documents/DO_A_PAPER_May_18/Papers/Paper_xAI_in_Cyber_2/6_Analysis_Results/xai_surfacebench/data/unsw_nb15/unsw_nb15_score_stream.csv
unsw_nb15_xai_gate_tuning_envelope,xai_default,default,rtt_uncertainty,xai_gate,4,5000,0.0,0.016622171333093343,0.8591069200000002,0.7361090004647204,0.8474576026435579,0.633852723712549,18.13715604211218,0.8736872222222263,0.01186213682455517,0.1644026566813349,0.21876622844179627,4.729819999999563,0.08261577156384003,0.0,0.0,7.3174,45.06,calibrated:/Users/let/Documents/DO_A_PAPER_May_18/Papers/Paper_xAI_in_Cyber_2/6_Analysis_Results/xai_surfacebench/data/unsw_nb15/unsw_nb15_score_stream.csv
unsw_nb15_xai_gate_tuning_envelope,xai_default,default,adversarial_explanation_flood,xai_gate,5,5000,0.0,0.01768031732299524,0.9110538000000006,0.6155999834666607,0.6728177975399524,0.6671635529466161,4277.282854396366,1.0,0.0028932793254525914,0.14768950979581713,0.4331197817633889,6.560510999995418,0.7936867327678119,0.002,0.0,12.097,44.9614,calibrated:/Users/let/Documents/DO_A_PAPER_May_18/Papers/Paper_xAI_in_Cyber_2/6_Analysis_Results/xai_surfacebench/data/unsw_nb15/unsw_nb15_score_stream.csv
unsw_nb15_xai_gate_tuning_envelope,xai_default,default,transient_overload,xai_gate,5,5000,0.24763996897216797,1.0378717340384183,53.30501667999943,0.6749522296111944,0.7264080621493019,0.7723159319634134,4030.973306293273,1.0,0.23967590685264747,0.15416004551429188,0.5621799776340981,4.21071199999419,0.20916032707320653,0.0192,0.0,10.1946,56.2076,calibrated:/Users/let/Documents/DO_A_PAPER_May_18/Papers/Paper_xAI_in_Cyber_2/6_Analysis_Results/xai_surfacebench/data/unsw_nb15/unsw_nb15_score_stream.csv
unsw_nb15_xai_gate_tuning_envelope,xai_default,default,non_markovian,xai_gate,5,5000,0.13917099087731533,1.2879297151453266,66.58315439999993,0.6785893657912352,0.7525607426319721,0.7359974375400231,803.6929873591971,0.9560738888890181,0.20621396540679052,0.17994875080076875,0.45665171898355755,4.130615999999674,0.13199611306908343,0.0054,0.0,9.366,55.1592,calibrated:/Users/let/Documents/DO_A_PAPER_May_18/Papers/Paper_xAI_in_Cyber_2/6_Analysis_Results/xai_surfacebench/data/unsw_nb15/unsw_nb15_score_stream.csv
unsw_nb15_xai_gate_tuning_envelope,xai_default,default,rtt_uncertainty,xai_gate,5,5000,0.0,0.015664036437682747,0.8095995999999999,0.7369498495764003,0.8491278750203775,0.6313785224817138,14.09730807129882,0.8705344444444503,0.010433054566531423,0.15848306698683448,0.21233198090033398,4.698763999999581,0.07489653330960189,0.0,0.0,7.2462,44.942,calibrated:/Users/let/Documents/DO_A_PAPER_May_18/Papers/Paper_xAI_in_Cyber_2/6_Analysis_Results/xai_surfacebench/data/unsw_nb15/unsw_nb15_score_stream.csv
unsw_nb15_xai_gate_tuning_envelope,xai_default,default,adversarial_explanation_flood,xai_gate,6,5000,0.0,0.015275500382870235,0.78769732,0.6147380031275246,0.6726548444131988,0.6663125360114768,4281.336404966733,1.0,0.0029796691085686063,0.15148571898921723,0.4331467610496212,6.576337999995485,0.7992201256743952,0.0022,0.0,12.149,45.0158,calibrated:/Users/let/Documents/DO_A_PAPER_May_18/Papers/Paper_xAI_in_Cyber_2/6_Analysis_Results/xai_surfacebench/data/unsw_nb15/unsw_nb15_score_stream.csv
unsw_nb15_xai_gate_tuning_envelope,xai_default,default,transient_overload,xai_gate,6,5000,0.24855343624204107,1.0377681679494326,53.29536094000001,0.6762279240740348,0.7271599445055558,0.7733407823161513,4028.3477243876437,1.0,0.23974060787637483,0.15476800567666654,0.560341684076636,4.204866499994302,0.20382069634812838,0.018,0.0,10.1468,56.1922,calibrated:/Users/let/Documents/DO_A_PAPER_May_18/Papers/Paper_xAI_in_Cyber_2/6_Analysis_Results/xai_surfacebench/data/unsw_nb15/unsw_nb15_score_stream.csv
unsw_nb15_xai_gate_tuning_envelope,xai_default,default,non_markovian,xai_gate,6,5000,0.13537937354311302,1.302226867117634,67.33342482,0.6772080451208665,0.7502699249351774,0.7376660636373216,817.3394522412755,0.958272222222362,0.21193998084495053,0.17173566031712248,0.4620197935511333,4.089995999999669,0.12852069755237228,0.0052,0.0,9.397,55.5122,calibrated:/Users/let/Documents/DO_A_PAPER_May_18/Papers/Paper_xAI_in_Cyber_2/6_Analysis_Results/xai_surfacebench/data/unsw_nb15/unsw_nb15_score_stream.csv
unsw_nb15_xai_gate_tuning_envelope,xai_default,default,rtt_uncertainty,xai_gate,6,5000,0.0,0.017483724886557913,0.9035474799999994,0.7371257337210629,0.8490365206356804,0.6325959720316169,21.735623576386722,0.8745572222222291,0.010395523616215919,0.16512150968237424,0.21246365681057655,4.729175999999593,0.07974275479817572,0.0,0.0,7.2916,45.0206,calibrated:/Users/let/Documents/DO_A_PAPER_May_18/Papers/Paper_xAI_in_Cyber_2/6_Analysis_Results/xai_surfacebench/data/unsw_nb15/unsw_nb15_score_stream.csv
unsw_nb15_xai_gate_tuning_envelope,xai_default,default,adversarial_explanation_flood,xai_gate,7,5000,0.0,0.017219987094851785,0.8874464400000015,0.6110704572633274,0.6683057480875222,0.6676002465720327,4448.586426042392,1.0,0.0028179628749774727,0.14850009010927798,0.431129888427665,6.571920499995471,0.807074107298821,0.0038,0.0,12.2074,45.0356,calibrated:/Users/let/Documents/DO_A_PAPER_May_18/Papers/Paper_xAI_in_Cyber_2/6_Analysis_Results/xai_surfacebench/data/unsw_nb15/unsw_nb15_score_stream.csv
unsw_nb15_xai_gate_tuning_envelope,xai_default,default,transient_overload,xai_gate,7,5000,0.24761883807195748,1.036291136856783,53.22047769999997,0.6794207570298663,0.7307389640551721,0.7727547166085403,3963.347151553745,1.0,0.23846062571688487,0.15490645888541707,0.5633923980529233,4.229353999994285,0.19776677112720287,0.0162,0.0,10.1132,56.2892,calibrated:/Users/let/Documents/DO_A_PAPER_May_18/Papers/Paper_xAI_in_Cyber_2/6_Analysis_Results/xai_surfacebench/data/unsw_nb15/unsw_nb15_score_stream.csv
unsw_nb15_xai_gate_tuning_envelope,xai_default,default,non_markovian,xai_gate,7,5000,0.14054880163163577,1.2355055925279659,63.86201752000012,0.6776284029714934,0.7510686599157619,0.7379372512292066,814.4133016522917,0.9567138888890218,0.21063834316000085,0.17149485962410335,0.46623102956514334,4.104099999999681,0.1346341015739152,0.006,0.0,9.3962,55.2084,calibrated:/Users/let/Documents/DO_A_PAPER_May_18/Papers/Paper_xAI_in_Cyber_2/6_Analysis_Results/xai_surfacebench/data/unsw_nb15/unsw_nb15_score_stream.csv
unsw_nb15_xai_gate_tuning_envelope,xai_default,default,rtt_uncertainty,xai_gate,7,5000,0.0,0.017468968273872253,0.9028629199999999,0.737485092756258,0.8485939821127378,0.6351605323605697,8.939633811154906,0.870670000000012,0.012698763250883392,0.16163317137809188,0.21593418727915195,4.6907479999995845,0.07266963676286298,0.0,0.0,7.2448,45.0266,calibrated:/Users/let/Documents/DO_A_PAPER_May_18/Papers/Paper_xAI_in_Cyber_2/6_Analysis_Results/xai_surfacebench/data/unsw_nb15/unsw_nb15_score_stream.csv
unsw_nb15_xai_gate_tuning_envelope,xai_default,default,adversarial_explanation_flood,xai_gate,8,5000,0.0,0.017480301619906363,0.9010312800000011,0.6159459425982873,0.6739255650453784,0.6671488993661507,4251.498979272952,1.0,0.004376114670718013,0.15204108593698396,0.43455025100667544,6.55746949999562,0.7903369816519707,0.0028,0.0,12.1112,45.0984,calibrated:/Users/let/Documents/DO_A_PAPER_May_18/Papers/Paper_xAI_in_Cyber_2/6_Analysis_Results/xai_surfacebench/data/unsw_nb15/unsw_nb15_score_stream.csv
unsw_nb15_xai_gate_tuning_envelope,xai_default,default,transient_overload,xai_gate,8,5000,0.249017252467924,1.038499129936129,53.33250826000002,0.6759666837160866,0.7275879493973337,0.7715204058552283,4020.8779886796415,1.0,0.23808305955027445,0.15394149239637228,0.560546221792699,4.2220514999943415,0.20810888214693501,0.0168,0.0,10.1662,56.0998,calibrated:/Users/let/Documents/DO_A_PAPER_May_18/Papers/Paper_xAI_in_Cyber_2/6_Analysis_Results/xai_surfacebench/data/unsw_nb15/unsw_nb15_score_stream.csv
unsw_nb15_xai_gate_tuning_envelope,xai_default,default,non_markovian,xai_gate,8,5000,0.1369654427489742,1.3194475042328073,68.21803982,0.6779861927459291,0.7527935626848659,0.737426849338478,786.1387086443629,0.9540922222223479,0.20898967661957382,0.1764592728749439,0.46164532883065806,4.102707999999666,0.12678939560333924,0.0042,0.0,9.3574,55.3632,calibrated:/Users/let/Documents/DO_A_PAPER_May_18/Papers/Paper_xAI_in_Cyber_2/6_Analysis_Results/xai_surfacebench/data/unsw_nb15/unsw_nb15_score_stream.csv
unsw_nb15_xai_gate_tuning_envelope,xai_default,default,rtt_uncertainty,xai_gate,8,5000,0.0,0.016440477981778875,0.8498629600000015,0.7380850711228504,0.848677652811277,0.6357046690685055,11.528761524277845,0.8715000000000066,0.012650186438337246,0.16044745200939098,0.21717994752106062,4.6941199999995815,0.06997307704811018,0.0,0.0,7.241,45.1164,calibrated:/Users/let/Documents/DO_A_PAPER_May_18/Papers/Paper_xAI_in_Cyber_2/6_Analysis_Results/xai_surfacebench/data/unsw_nb15/unsw_nb15_score_stream.csv
unsw_nb15_xai_gate_tuning_envelope,xai_default,default,adversarial_explanation_flood,xai_gate,9,5000,0.0,0.01727023865325437,0.8899901400000008,0.6131574281753183,0.6702870523422297,0.6683399783952323,4406.414762698593,1.0,0.003941682884190389,0.14587525150905434,0.43361604050467856,6.54503249999565,0.7983293219858913,0.0022,0.0,12.1268,44.9558,calibrated:/Users/let/Documents/DO_A_PAPER_May_18/Papers/Paper_xAI_in_Cyber_2/6_Analysis_Results/xai_surfacebench/data/unsw_nb15/unsw_nb15_score_stream.csv
unsw_nb15_xai_gate_tuning_envelope,xai_default,default,transient_overload,xai_gate,9,5000,0.24710074247558336,1.0393648972181826,53.37671795999998,0.6756432466478817,0.7267182392519863,0.7719424375460591,4036.3013138594374,1.0,0.2383408469004075,0.15463511624702247,0.5583991180570649,4.214407999994336,0.20535417675142909,0.0146,0.0,10.1594,56.1904,calibrated:/Users/let/Documents/DO_A_PAPER_May_18/Papers/Paper_xAI_in_Cyber_2/6_Analysis_Results/xai_surfacebench/data/unsw_nb15/unsw_nb15_score_stream.csv
unsw_nb15_xai_gate_tuning_envelope,xai_default,default,non_markovian,xai_gate,9,5000,0.13832748696233238,1.2537394664802037,64.81420533999984,0.6783649263779563,0.7514920019859851,0.7385002030218121,786.5481551440746,0.9563144444445788,0.21077939007971278,0.17585963712521105,0.4606458230931977,4.09319199999969,0.1329091551785042,0.0056,0.0,9.3586,55.0712,calibrated:/Users/let/Documents/DO_A_PAPER_May_18/Papers/Paper_xAI_in_Cyber_2/6_Analysis_Results/xai_surfacebench/data/unsw_nb15/unsw_nb15_score_stream.csv
unsw_nb15_xai_gate_tuning_envelope,xai_default,default,rtt_uncertainty,xai_gate,9,5000,0.0,0.017642959417676247,0.9117683600000006,0.7365512183196838,0.8479919231500592,0.6347899583397332,25.36005403652689,0.8813816666666773,0.012223942628962595,0.17257490560399857,0.21161002906581913,4.7603159999995945,0.08814400993171878,0.0,0.0,7.3626,45.108,calibrated:/Users/let/Documents/DO_A_PAPER_May_18/Papers/Paper_xAI_in_Cyber_2/6_Analysis_Results/xai_surfacebench/data/unsw_nb15/unsw_nb15_score_stream.csv
unsw_nb15_xai_gate_tuning_envelope,xai_default,default,adversarial_explanation_flood,xai_gate,10,5000,0.0,0.01710325424899067,0.8814629400000012,0.6143210075023671,0.671475118539344,0.6668754431530594,4312.232243041189,1.0,0.002572347266881029,0.14579932393437217,0.434963723307095,6.569402499995462,0.8016934046345792,0.002,0.0,12.129,44.88,calibrated:/Users/let/Documents/DO_A_PAPER_May_18/Papers/Paper_xAI_in_Cyber_2/6_Analysis_Results/xai_surfacebench/data/unsw_nb15/unsw_nb15_score_stream.csv
unsw_nb15_xai_gate_tuning_envelope,xai_default,default,transient_overload,xai_gate,10,5000,0.24829689216629267,1.036985413761128,53.24593791999995,0.6756420453422979,0.7266918239198186,0.7705787059800312,4045.3846302318007,1.0,0.235523133491948,0.15441335509369408,0.5583375936438651,4.241858499994459,0.20781827033830869,0.019,0.0,10.1714,56.142,calibrated:/Users/let/Documents/DO_A_PAPER_May_18/Papers/Paper_xAI_in_Cyber_2/6_Analysis_Results/xai_surfacebench/data/unsw_nb15/unsw_nb15_score_stream.csv
unsw_nb15_xai_gate_tuning_envelope,xai_default,default,non_markovian,xai_gate,10,5000,0.1389867877014669,1.2035472901639879,62.21357271999996,0.6787072741326843,0.7526916443611336,0.7409908536585199,766.8168860418838,0.9546111111112409,0.21423050498110616,0.17474665063552045,0.46199759532806595,4.054307999999664,0.1299492595139935,0.0048,0.0,9.3152,54.9594,calibrated:/Users/let/Documents/DO_A_PAPER_May_18/Papers/Paper_xAI_in_Cyber_2/6_Analysis_Results/xai_surfacebench/data/unsw_nb15/unsw_nb15_score_stream.csv
unsw_nb15_xai_gate_tuning_envelope,xai_default,default,rtt_uncertainty,xai_gate,10,5000,0.0,0.01576557152756046,0.8147479399999987,0.7376791714868789,0.8491632957558813,0.6340406394622111,19.816401743163752,0.8719566666666764,0.011127637305128628,0.1609100424172313,0.21753980058392552,4.711791999999596,0.07873461274479054,0.0,0.0,7.2612,44.8748,calibrated:/Users/let/Documents/DO_A_PAPER_May_18/Papers/Paper_xAI_in_Cyber_2/6_Analysis_Results/xai_surfacebench/data/unsw_nb15/unsw_nb15_score_stream.csv
unsw_nb15_xai_gate_tuning_envelope,xai_default,default,adversarial_explanation_flood,xai_gate,11,5000,0.0,0.017693925400366475,0.9120344000000005,0.6137751780177755,0.6714643630249781,0.6672055902620245,4284.333067594796,1.0,0.004236170633612448,0.14711215138128833,0.43475349442804867,6.550729499995619,0.7997540719777021,0.003,0.0,12.1336,44.9454,calibrated:/Users/let/Documents/DO_A_PAPER_May_18/Papers/Paper_xAI_in_Cyber_2/6_Analysis_Results/xai_surfacebench/data/unsw_nb15/unsw_nb15_score_stream.csv
unsw_nb15_xai_gate_tuning_envelope,xai_default,default,transient_overload,xai_gate,11,5000,0.24772877376670147,1.0372220315308722,53.26551906000009,0.68204278165112,0.7333628583998564,0.7743109690690209,3929.1809512032755,1.0,0.2393269364483382,0.15644555694618273,0.5640855633022335,4.227102499994303,0.19754196642685362,0.0182,0.0,10.0674,56.0448,calibrated:/Users/let/Documents/DO_A_PAPER_May_18/Papers/Paper_xAI_in_Cyber_2/6_Analysis_Results/xai_surfacebench/data/unsw_nb15/unsw_nb15_score_stream.csv
unsw_nb15_xai_gate_tuning_envelope,xai_default,default,non_markovian,xai_gate,11,5000,0.13902298885710745,1.2870820406310581,66.53964845999995,0.6775130479060485,0.7497484269557823,0.7393423006746614,837.7106935830266,0.9583394444445823,0.2133703908006959,0.17339924470658125,0.4659693639411041,4.09183199999968,0.14349900895458556,0.0062,0.0,9.4268,54.9588,calibrated:/Users/let/Documents/DO_A_PAPER_May_18/Papers/Paper_xAI_in_Cyber_2/6_Analysis_Results/xai_surfacebench/data/unsw_nb15/unsw_nb15_score_stream.csv
unsw_nb15_xai_gate_tuning_envelope,xai_default,default,rtt_uncertainty,xai_gate,11,5000,0.0,0.015411342513096947,0.7964295800000003,0.7379696223317648,0.8484858280531282,0.6352291270089399,18.02033778292707,0.8781700000000113,0.011603721948549535,0.16735084838533115,0.21420361247947456,4.74127999999958,0.08230108940979908,0.0,0.0,7.308,45.0152,calibrated:/Users/let/Documents/DO_A_PAPER_May_18/Papers/Paper_xAI_in_Cyber_2/6_Analysis_Results/xai_surfacebench/data/unsw_nb15/unsw_nb15_score_stream.csv
unsw_nb15_xai_gate_tuning_envelope,xai_default,default,adversarial_explanation_flood,xai_gate,12,5000,0.0,0.014294836440765419,0.7369721599999998,0.6136341947815711,0.6716927565980851,0.6662396164688827,4333.566065194948,1.0,0.0030491322334481566,0.1475615183030343,0.4335186161877692,6.561372499995568,0.8069298453300471,0.0018,0.0,12.1346,44.7706,calibrated:/Users/let/Documents/DO_A_PAPER_May_18/Papers/Paper_xAI_in_Cyber_2/6_Analysis_Results/xai_surfacebench/data/unsw_nb15/unsw_nb15_score_stream.csv
unsw_nb15_xai_gate_tuning_envelope,xai_default,default,transient_overload,xai_gate,12,5000,0.247197646336764,1.0369951600658234,53.24739764,0.677314732801341,0.7286389879621693,0.770186743430199,3990.791630625461,1.0,0.23472099202834368,0.1545123511465407,0.5609930124976662,4.258754999994245,0.2085896575841033,0.0182,0.0,10.161,56.0488,calibrated:/Users/let/Documents/DO_A_PAPER_May_18/Papers/Paper_xAI_in_Cyber_2/6_Analysis_Results/xai_surfacebench/data/unsw_nb15/unsw_nb15_score_stream.csv
unsw_nb15_xai_gate_tuning_envelope,xai_default,default,non_markovian,xai_gate,12,5000,0.1366141739263113,1.306821061551417,67.56958634000006,0.6782820347714875,0.7530762256366561,0.73636681691349,811.6691819596545,0.9552816666668049,0.2076840523717536,0.18003863490019317,0.45267224726336125,4.100159999999693,0.12836311059120709,0.0062,0.0,9.318,55.0532,calibrated:/Users/let/Documents/DO_A_PAPER_May_18/Papers/Paper_xAI_in_Cyber_2/6_Analysis_Results/xai_surfacebench/data/unsw_nb15/unsw_nb15_score_stream.csv
unsw_nb15_xai_gate_tuning_envelope,xai_default,default,rtt_uncertainty,xai_gate,12,5000,0.0,0.01797318582278392,0.9287935800000005,0.7357245885639043,0.847451368674438,0.6324781767009803,19.605923449531044,0.8813894444444531,0.011387360030366294,0.1675297562562698,0.2122929262804002,4.766491999999575,0.08967200231625161,0.0,0.0,7.3766,45.1304,calibrated:/Users/let/Documents/DO_A_PAPER_May_18/Papers/Paper_xAI_in_Cyber_2/6_Analysis_Results/xai_surfacebench/data/unsw_nb15/unsw_nb15_score_stream.csv
unsw_nb15_xai_gate_tuning_envelope,xai_default,default,adversarial_explanation_flood,xai_gate,13,5000,0.0,0.01908136800407972,0.9830921774998009,0.6118300812069647,0.6692260242383358,0.6666729887233149,4341.907494662408,1.0,0.0030247238295633876,0.14576209889531824,0.43148959429182016,6.55786249999555,0.8028543019763239,0.0026,0.0,12.1664,44.9894,calibrated:/Users/let/Documents/DO_A_PAPER_May_18/Papers/Paper_xAI_in_Cyber_2/6_Analysis_Results/xai_surfacebench/data/unsw_nb15/unsw_nb15_score_stream.csv
unsw_nb15_xai_gate_tuning_envelope,xai_default,default,transient_overload,xai_gate,13,5000,0.24837247496443893,1.035946381373584,53.20317627999993,0.6773818882080295,0.7282860866414633,0.7737120778189213,4012.2750056735085,1.0,0.24029231680821647,0.1549279083547304,0.5610655737694012,4.202516999994333,0.20332310164075307,0.0146,0.0,10.126,56.1002,calibrated:/Users/let/Documents/DO_A_PAPER_May_18/Papers/Paper_xAI_in_Cyber_2/6_Analysis_Results/xai_surfacebench/data/unsw_nb15/unsw_nb15_score_stream.csv
unsw_nb15_xai_gate_tuning_envelope,xai_default,default,non_markovian,xai_gate,13,5000,0.13400132429979875,1.2564262169897562,64.96633266000003,0.6775198569026168,0.7502004434902398,0.7384227337577863,824.9300894399877,0.9575666666668078,0.2136666595685782,0.175507335874449,0.45791188432955005,4.071871999999669,0.13186719161433302,0.0036,0.0,9.3922,55.3198,calibrated:/Users/let/Documents/DO_A_PAPER_May_18/Papers/Paper_xAI_in_Cyber_2/6_Analysis_Results/xai_surfacebench/data/unsw_nb15/unsw_nb15_score_stream.csv
unsw_nb15_xai_gate_tuning_envelope,xai_default,default,rtt_uncertainty,xai_gate,13,5000,0.0,0.016238148578809175,0.8391715799999995,0.7365606448451246,0.8481437486155641,0.6340590611791307,23.10836879902036,0.878941666666674,0.01181852840259245,0.16818256086269812,0.21395893469854582,4.750803999999578,0.0884172275918933,0.0,0.0,7.3444,44.9852,calibrated:/Users/let/Documents/DO_A_PAPER_May_18/Papers/Paper_xAI_in_Cyber_2/6_Analysis_Results/xai_surfacebench/data/unsw_nb15/unsw_nb15_score_stream.csv
unsw_nb15_xai_gate_tuning_envelope,xai_default,default,adversarial_explanation_flood,xai_gate,14,5000,0.0,0.015436145305632561,0.7956972074998027,0.6130967574596898,0.6710360763594782,0.6667389541205494,4369.827981204155,1.0,0.004116988340689019,0.14714116329622554,0.43256167248470234,6.5486284999956785,0.8006461379247969,0.0026,0.0,12.1448,44.9646,calibrated:/Users/let/Documents/DO_A_PAPER_May_18/Papers/Paper_xAI_in_Cyber_2/6_Analysis_Results/xai_surfacebench/data/unsw_nb15/unsw_nb15_score_stream.csv
unsw_nb15_xai_gate_tuning_envelope,xai_default,default,transient_overload,xai_gate,14,5000,0.24986085959090543,1.0371738989952544,53.25158050000003,0.6759976200305253,0.7273341488293479,0.7708143525888804,4058.8757537319207,1.0,0.2355775850199642,0.15369485257961094,0.5603105761087256,4.244596999994257,0.20551862482527605,0.0192,0.0,10.1682,56.2314,calibrated:/Users/let/Documents/DO_A_PAPER_May_18/Papers/Paper_xAI_in_Cyber_2/6_Analysis_Results/xai_surfacebench/data/unsw_nb15/unsw_nb15_score_stream.csv
unsw_nb15_xai_gate_tuning_envelope,xai_default,default,non_markovian,xai_gate,14,5000,0.13838474956291452,1.1453156032405922,59.200812780000035,0.678614917606326,0.754651437065031,0.7391036426712817,723.4683589536291,0.9506527777778995,0.2116652211621856,0.17831743278404164,0.4527970511708586,4.037915999999659,0.12459552844041766,0.0056,0.0,9.224,54.6804,calibrated:/Users/let/Documents/DO_A_PAPER_May_18/Papers/Paper_xAI_in_Cyber_2/6_Analysis_Results/xai_surfacebench/data/unsw_nb15/unsw_nb15_score_stream.csv
unsw_nb15_xai_gate_tuning_envelope,xai_default,default,rtt_uncertainty,xai_gate,14,5000,0.0,0.01525823270312059,0.7885444600000007,0.7356463571448792,0.8482980166347717,0.6308641279601723,21.550593486762953,0.8762105555555645,0.011244562392273809,0.16481081228967745,0.20617766955760444,4.723183999999599,0.08254994994639353,0.0,0.0,7.3102,45.0184,calibrated:/Users/let/Documents/DO_A_PAPER_May_18/Papers/Paper_xAI_in_Cyber_2/6_Analysis_Results/xai_surfacebench/data/unsw_nb15/unsw_nb15_score_stream.csv
unsw_nb15_xai_gate_tuning_envelope,xai_default,default,adversarial_explanation_flood,xai_gate,15,5000,0.0,0.017158059924888284,0.8846764049997906,0.6158864003424812,0.6739381967866852,0.6662376396719976,4240.317000405816,1.0,0.003971785490622631,0.1490820396189723,0.43612594350437744,6.570458999995414,0.796126419735546,0.0004,0.0,12.1356,45.0436,calibrated:/Users/let/Documents/DO_A_PAPER_May_18/Papers/Paper_xAI_in_Cyber_2/6_Analysis_Results/xai_surfacebench/data/unsw_nb15/unsw_nb15_score_stream.csv
unsw_nb15_xai_gate_tuning_envelope,xai_default,default,transient_overload,xai_gate,15,5000,0.2482695311161863,1.0391707460661221,53.371633799999955,0.6764486989941463,0.727171355182719,0.7734709984235517,3996.19436690771,1.0,0.23995663315592353,0.15367632564557462,0.5608146067405028,4.203779499994449,0.20682272337995733,0.0186,0.0,10.146,56.048,calibrated:/Users/let/Documents/DO_A_PAPER_May_18/Papers/Paper_xAI_in_Cyber_2/6_Analysis_Results/xai_surfacebench/data/unsw_nb15/unsw_nb15_score_stream.csv
unsw_nb15_xai_gate_tuning_envelope,xai_default,default,non_markovian,xai_gate,15,5000,0.13634446517861024,1.3260051542725844,68.56246641999986,0.6765518930199667,0.750977305134506,0.7357124909501135,793.5748793090571,0.956046666666795,0.21019121843192368,0.1763766449469784,0.456198628678506,4.091403999999705,0.1278585529633811,0.0056,0.0,9.3924,55.5176,calibrated:/Users/let/Documents/DO_A_PAPER_May_18/Papers/Paper_xAI_in_Cyber_2/6_Analysis_Results/xai_surfacebench/data/unsw_nb15/unsw_nb15_score_stream.csv
unsw_nb15_xai_gate_tuning_envelope,xai_default,default,rtt_uncertainty,xai_gate,15,5000,0.0,0.018411239636545732,0.9515874999999987,0.7365891046949969,0.847816872753348,0.6338293466050848,22.61892977869991,0.8736033333333401,0.012609543693854565,0.16576467679459356,0.21015906156424274,4.704703999999602,0.07920526424237462,0.0,0.0,7.2802,44.9726,calibrated:/Users/let/Documents/DO_A_PAPER_May_18/Papers/Paper_xAI_in_Cyber_2/6_Analysis_Results/xai_surfacebench/data/unsw_nb15/unsw_nb15_score_stream.csv
unsw_nb15_xai_gate_tuning_envelope,xai_default,default,adversarial_explanation_flood,xai_gate,16,5000,0.0,0.016238207142444536,0.8371525400000013,0.6119975780938092,0.6689788678841752,0.6684632842364697,4382.591545883936,1.0,0.003410438908659549,0.14664887307236063,0.43080680769670915,6.544530999995477,0.800080074736423,0.0034,0.0,12.1392,44.958,calibrated:/Users/let/Documents/DO_A_PAPER_May_18/Papers/Paper_xAI_in_Cyber_2/6_Analysis_Results/xai_surfacebench/data/unsw_nb15/unsw_nb15_score_stream.csv
unsw_nb15_xai_gate_tuning_envelope,xai_default,default,transient_overload,xai_gate,16,5000,0.24733242103610922,1.036964087011557,53.25393408,0.6806421405669305,0.7318758744759665,0.7737655575996523,3951.6635815094887,1.0,0.23930507736752543,0.15475483794372552,0.5653691281796471,4.229189499994176,0.2019206758039067,0.0166,0.0,10.1076,56.0636,calibrated:/Users/let/Documents/DO_A_PAPER_May_18/Papers/Paper_xAI_in_Cyber_2/6_Analysis_Results/xai_surfacebench/data/unsw_nb15/unsw_nb15_score_stream.csv
unsw_nb15_xai_gate_tuning_envelope,xai_default,default,non_markovian,xai_gate,16,5000,0.13810490843579634,1.2498448408359377,64.61972362000004,0.6780573828452185,0.751911250021711,0.7387779896719301,812.2767380630064,0.9555483333334693,0.21151085302877715,0.18176948295442372,0.4544772761361932,4.074867999999701,0.12779356609828518,0.006,0.0,9.3338,55.1744,calibrated:/Users/let/Documents/DO_A_PAPER_May_18/Papers/Paper_xAI_in_Cyber_2/6_Analysis_Results/xai_surfacebench/data/unsw_nb15/unsw_nb15_score_stream.csv
unsw_nb15_xai_gate_tuning_envelope,xai_default,default,rtt_uncertainty,xai_gate,16,5000,0.0,0.017907340963443017,0.9256387399999992,0.7358865832236133,0.8473054899433243,0.6328199538186035,7.275178821051271,0.874452222222233,0.013037988581466842,0.16265920070267897,0.20860781730346947,4.700791999999609,0.0780053704977699,0.0,0.0,7.2864,45.061,calibrated:/Users/let/Documents/DO_A_PAPER_May_18/Papers/Paper_xAI_in_Cyber_2/6_Analysis_Results/xai_surfacebench/data/unsw_nb15/unsw_nb15_score_stream.csv
unsw_nb15_xai_gate_tuning_envelope,xai_default,default,adversarial_explanation_flood,xai_gate,17,5000,0.0,0.01915104831256886,0.9872888000000006,0.6119536942818393,0.6688989119372794,0.6676589271649952,4377.159838351409,1.0,0.003364406223330926,0.1481979912033086,0.4320082222798926,6.564871499995418,0.803164682451603,0.0018,0.0,12.1864,45.0556,calibrated:/Users/let/Documents/DO_A_PAPER_May_18/Papers/Paper_xAI_in_Cyber_2/6_Analysis_Results/xai_surfacebench/data/unsw_nb15/unsw_nb15_score_stream.csv
unsw_nb15_xai_gate_tuning_envelope,xai_default,default,transient_overload,xai_gate,17,5000,0.24666705102048114,1.0356967046439904,53.19317163999999,0.6746914205366671,0.7258724574115673,0.7724004257291098,4028.206914610479,1.0,0.2406693672080859,0.15454044912887874,0.5589997836933799,4.191826499994195,0.20505110104808422,0.0162,0.0,10.1708,56.2676,calibrated:/Users/let/Documents/DO_A_PAPER_May_18/Papers/Paper_xAI_in_Cyber_2/6_Analysis_Results/xai_surfacebench/data/unsw_nb15/unsw_nb15_score_stream.csv
unsw_nb15_xai_gate_tuning_envelope,xai_default,default,non_markovian,xai_gate,17,5000,0.13638924061393323,1.2905938984061593,66.7288751599999,0.6747513507787684,0.7471425584165658,0.7391547833456836,858.2240856744056,0.9599650000001537,0.22019281703570293,0.1677931984320373,0.4610022248119504,4.019071999999657,0.13813256549477426,0.0044,0.0,9.439,55.2894,calibrated:/Users/let/Documents/DO_A_PAPER_May_18/Papers/Paper_xAI_in_Cyber_2/6_Analysis_Results/xai_surfacebench/data/unsw_nb15/unsw_nb15_score_stream.csv
unsw_nb15_xai_gate_tuning_envelope,xai_default,default,rtt_uncertainty,xai_gate,17,5000,0.0,0.016180856814814282,0.8364975199999999,0.7381151919405153,0.8495581431662308,0.6337080008804703,17.80656479190457,0.8703077777777837,0.010987794414768482,0.16038858597879938,0.21388835072375523,4.693411999999604,0.07006305289750281,0.0,0.0,7.2262,45.0204,calibrated:/Users/let/Documents/DO_A_PAPER_May_18/Papers/Paper_xAI_in_Cyber_2/6_Analysis_Results/xai_surfacebench/data/unsw_nb15/unsw_nb15_score_stream.csv
unsw_nb15_xai_gate_tuning_envelope,xai_default,default,adversarial_explanation_flood,xai_gate,18,5000,0.0,0.017917819187101308,0.9235711800000019,0.6149772551214273,0.6729319920787841,0.6657539185472352,4269.28599918113,1.0,0.004367675901966278,0.14929210686796435,0.4339203599617725,6.557194999995595,0.7980861272378701,0.0022,0.0,12.1346,44.9908,calibrated:/Users/let/Documents/DO_A_PAPER_May_18/Papers/Paper_xAI_in_Cyber_2/6_Analysis_Results/xai_surfacebench/data/unsw_nb15/unsw_nb15_score_stream.csv
unsw_nb15_xai_gate_tuning_envelope,xai_default,default,transient_overload,xai_gate,18,5000,0.24809181527515978,1.0399012198933137,53.40181184,0.6799077716923702,0.7315190949336664,0.7720710840033093,3968.661105853,1.0,0.23720369308633676,0.15505822344358552,0.562904054881151,4.243042999994213,0.201961406347835,0.017,0.0,10.1162,56.1094,calibrated:/Users/let/Documents/DO_A_PAPER_May_18/Papers/Paper_xAI_in_Cyber_2/6_Analysis_Results/xai_surfacebench/data/unsw_nb15/unsw_nb15_score_stream.csv
unsw_nb15_xai_gate_tuning_envelope,xai_default,default,non_markovian,xai_gate,18,5000,0.1352838749863004,1.269180729216115,65.62613762000008,0.6794394846631856,0.7531096590794722,0.7409677698277038,780.1380094722069,0.9542016666668003,0.213181729750762,0.18134065411469705,0.45262748319318646,4.044591999999687,0.1266820102534172,0.0042,0.0,9.2522,54.746,calibrated:/Users/let/Documents/DO_A_PAPER_May_18/Papers/Paper_xAI_in_Cyber_2/6_Analysis_Results/xai_surfacebench/data/unsw_nb15/unsw_nb15_score_stream.csv
unsw_nb15_xai_gate_tuning_envelope,xai_default,default,rtt_uncertainty,xai_gate,18,5000,0.0,0.01677493697456352,0.8670407800000023,0.7346850846900919,0.8470319170583711,0.6307322088679145,15.81577851362234,0.8701855555555618,0.012032012278682233,0.15652579071424655,0.21652140547059145,4.702467999999606,0.07948342431100874,0.0,0.0,7.2972,45.066,calibrated:/Users/let/Documents/DO_A_PAPER_May_18/Papers/Paper_xAI_in_Cyber_2/6_Analysis_Results/xai_surfacebench/data/unsw_nb15/unsw_nb15_score_stream.csv
unsw_nb15_xai_gate_tuning_envelope,xai_default,default,adversarial_explanation_flood,xai_gate,19,5000,0.0,0.017942492151065945,0.9249701800000006,0.6113631101913142,0.6683096356095933,0.667512540433427,4403.21636994351,1.0,0.0026599674892862422,0.14789090849383446,0.43086342216244905,6.564796499995531,0.8022744826484154,0.0022,0.0,12.1806,45.0564,calibrated:/Users/let/Documents/DO_A_PAPER_May_18/Papers/Paper_xAI_in_Cyber_2/6_Analysis_Results/xai_surfacebench/data/unsw_nb15/unsw_nb15_score_stream.csv
unsw_nb15_xai_gate_tuning_envelope,xai_default,default,transient_overload,xai_gate,19,5000,0.24627673495491187,1.0374372732648345,53.27712901999995,0.6790757456048244,0.7304326955864419,0.772779725458658,3983.813665775274,1.0,0.23829745210349595,0.1558562117321746,0.5628728026850547,4.231650999994321,0.2059413392784788,0.0192,0.0,10.126,55.9784,calibrated:/Users/let/Documents/DO_A_PAPER_May_18/Papers/Paper_xAI_in_Cyber_2/6_Analysis_Results/xai_surfacebench/data/unsw_nb15/unsw_nb15_score_stream.csv
unsw_nb15_xai_gate_tuning_envelope,xai_default,default,non_markovian,xai_gate,19,5000,0.1397431626701232,1.1414954315654569,58.995978219999955,0.6800304345011469,0.7545871130964156,0.7401154784260258,745.1185822366341,0.952897777777908,0.2090914977659781,0.18549936324980035,0.45479073582421375,4.085783999999684,0.13089549670280665,0.0038,0.0,9.2658,54.6222,calibrated:/Users/let/Documents/DO_A_PAPER_May_18/Papers/Paper_xAI_in_Cyber_2/6_Analysis_Results/xai_surfacebench/data/unsw_nb15/unsw_nb15_score_stream.csv
unsw_nb15_xai_gate_tuning_envelope,xai_default,default,rtt_uncertainty,xai_gate,19,5000,0.0,0.0173562448983274,0.89694246,0.7383211196209938,0.8484778979914923,0.635856765113443,17.163772629448488,0.874748888888895,0.012204529175161166,0.1644718717284699,0.21422667915587637,4.711159999999591,0.07726300762880833,0.0,0.0,7.2596,44.9262,calibrated:/Users/let/Documents/DO_A_PAPER_May_18/Papers/Paper_xAI_in_Cyber_2/6_Analysis_Results/xai_surfacebench/data/unsw_nb15/unsw_nb15_score_stream.csv
unsw_nb15_xai_gate_tuning_envelope,xai_default,default,adversarial_explanation_flood,xai_gate,20,5000,0.0,0.017086426104866548,0.8802998599999995,0.6129280449190698,0.6701840050647262,0.6679969946574388,4377.005827051296,1.0,0.004056594439497378,0.14724118597671582,0.4314027406741357,6.540627499995627,0.7983265794518892,0.0028,0.0,12.1284,44.9618,calibrated:/Users/let/Documents/DO_A_PAPER_May_18/Papers/Paper_xAI_in_Cyber_2/6_Analysis_Results/xai_surfacebench/data/unsw_nb15/unsw_nb15_score_stream.csv
unsw_nb15_xai_gate_tuning_envelope,xai_default,default,transient_overload,xai_gate,20,5000,0.2474862248620102,1.0375239093491881,53.2909888,0.6818339292803357,0.7334090504383568,0.7747779102099946,3906.843250204243,1.0,0.24143822010329757,0.15651569328565754,0.5639253079051179,4.207299999994241,0.19431030003665706,0.0172,0.0,10.068,56.1998,calibrated:/Users/let/Documents/DO_A_PAPER_May_18/Papers/Paper_xAI_in_Cyber_2/6_Analysis_Results/xai_surfacebench/data/unsw_nb15/unsw_nb15_score_stream.csv
unsw_nb15_xai_gate_tuning_envelope,xai_default,default,non_markovian,xai_gate,20,5000,0.1356462304605942,1.232977187771362,63.74547229999999,0.677108180099755,0.7511122924319698,0.7399241708197153,784.9771861795142,0.9553783333334688,0.21545798247121498,0.17777968723148307,0.4546313799621928,4.030583999999687,0.12687375562051195,0.006,0.0,9.3104,55.081,calibrated:/Users/let/Documents/DO_A_PAPER_May_18/Papers/Paper_xAI_in_Cyber_2/6_Analysis_Results/xai_surfacebench/data/unsw_nb15/unsw_nb15_score_stream.csv
unsw_nb15_xai_gate_tuning_envelope,xai_default,default,rtt_uncertainty,xai_gate,20,5000,0.0,0.016098950762883073,0.8320952600000002,0.7374129081577635,0.8488919752085903,0.6357883817197477,28.27706887666271,0.8786772222222264,0.012203778530086272,0.17251829201703614,0.21229660369116524,4.743963999999577,0.0844884224613589,0.0,0.0,7.3256,45.0326,calibrated:/Users/let/Documents/DO_A_PAPER_May_18/Papers/Paper_xAI_in_Cyber_2/6_Analysis_Results/xai_surfacebench/data/unsw_nb15/unsw_nb15_score_stream.csv
unsw_nb15_xai_gate_tuning_envelope,coverage_heavy,default,adversarial_explanation_flood,xai_gate,1,5000,0.0,0.017094056711089607,0.8813064599993833,0.6049010837208517,0.6600184078405348,0.6683398838983736,4452.660754638238,1.0,0.0059366212238319985,0.13313818678156195,0.41715864427896104,6.4516439999955475,0.8005317888952066,0.0016,0.0,12.1618,45.0304,calibrated:/Users/let/Documents/DO_A_PAPER_May_18/Papers/Paper_xAI_in_Cyber_2/6_Analysis_Results/xai_surfacebench/data/unsw_nb15/unsw_nb15_score_stream.csv
unsw_nb15_xai_gate_tuning_envelope,coverage_heavy,default,transient_overload,xai_gate,1,5000,0.24909830623186208,1.0393918232862696,53.37128945999993,0.6797585518976262,0.7369430390352579,0.7291681335450545,4195.8416019811475,1.0,0.15607580824972128,0.15363101175458155,0.5197881828306246,4.938418999994564,0.20781968101880977,0.0178,0.0,10.2258,56.4422,calibrated:/Users/let/Documents/DO_A_PAPER_May_18/Papers/Paper_xAI_in_Cyber_2/6_Analysis_Results/xai_surfacebench/data/unsw_nb15/unsw_nb15_score_stream.csv
unsw_nb15_xai_gate_tuning_envelope,coverage_heavy,default,non_markovian,xai_gate,1,5000,0.1355922246973787,1.2623031930025301,65.24426861999991,0.6913799497038463,0.7658891787110989,0.7232818294190205,924.3380848684961,0.9661650000001607,0.1701973487916116,0.15540684540300925,0.4706321128681642,4.5152679999995575,0.13676310086646715,0.0046,0.0,9.3844,55.0358,calibrated:/Users/let/Documents/DO_A_PAPER_May_18/Papers/Paper_xAI_in_Cyber_2/6_Analysis_Results/xai_surfacebench/data/unsw_nb15/unsw_nb15_score_stream.csv
unsw_nb15_xai_gate_tuning_envelope,coverage_heavy,default,rtt_uncertainty,xai_gate,1,5000,0.0,0.017235210670495323,0.8905682400000006,0.7599026541310256,0.8676801008012525,0.6789050226341712,5.479711024673853,0.89283555555556,0.0165016501650165,0.1820450952658291,0.2953934048867072,4.863659999999519,0.07047271269844524,0.0,0.0,7.2114,44.911,calibrated:/Users/let/Documents/DO_A_PAPER_May_18/Papers/Paper_xAI_in_Cyber_2/6_Analysis_Results/xai_surfacebench/data/unsw_nb15/unsw_nb15_score_stream.csv
unsw_nb15_xai_gate_tuning_envelope,coverage_heavy,default,adversarial_explanation_flood,xai_gate,2,5000,0.0,0.01685057102603365,0.868109514999585,0.6027415950856647,0.6579416296699171,0.6686273958319026,4560.51573481142,1.0,0.005945439913281982,0.13217928293395964,0.4150783418456953,6.440200499995521,0.8032738333229672,0.0028,0.0,12.1774,45.0196,calibrated:/Users/let/Documents/DO_A_PAPER_May_18/Papers/Paper_xAI_in_Cyber_2/6_Analysis_Results/xai_surfacebench/data/unsw_nb15/unsw_nb15_score_stream.csv
unsw_nb15_xai_gate_tuning_envelope,coverage_heavy,default,transient_overload,xai_gate,2,5000,0.24815284558912373,1.038307153386839,53.32061993999994,0.6811652654731705,0.7384218126994039,0.7314951924026165,4149.351925033342,1.0,0.15771278162996719,0.15313598774283527,0.521766779939643,4.921065499994595,0.2060114610058108,0.0162,0.0,10.1818,56.2836,calibrated:/Users/let/Documents/DO_A_PAPER_May_18/Papers/Paper_xAI_in_Cyber_2/6_Analysis_Results/xai_surfacebench/data/unsw_nb15/unsw_nb15_score_stream.csv
unsw_nb15_xai_gate_tuning_envelope,coverage_heavy,default,non_markovian,xai_gate,2,5000,0.13632706134010827,1.2653529649829736,65.41022093999986,0.6937475614515113,0.7678642870040417,0.7304454415398495,860.7641718028925,0.9629800000001625,0.17739628040057226,0.15827805956561322,0.46846143841851995,4.418927999999598,0.12269481799465298,0.0056,0.0,9.2268,54.7896,calibrated:/Users/let/Documents/DO_A_PAPER_May_18/Papers/Paper_xAI_in_Cyber_2/6_Analysis_Results/xai_surfacebench/data/unsw_nb15/unsw_nb15_score_stream.csv
unsw_nb15_xai_gate_tuning_envelope,coverage_heavy,default,rtt_uncertainty,xai_gate,2,5000,0.0,0.016177248190585528,0.8358895599999995,0.7593533499986961,0.8662529282912617,0.6815554980428178,18.873675301393657,0.8995733333333427,0.0188446007197209,0.18896794220256571,0.29508556987061507,4.8922999999994925,0.07872247113766107,0.0,0.0,7.2806,44.9952,calibrated:/Users/let/Documents/DO_A_PAPER_May_18/Papers/Paper_xAI_in_Cyber_2/6_Analysis_Results/xai_surfacebench/data/unsw_nb15/unsw_nb15_score_stream.csv
unsw_nb15_xai_gate_tuning_envelope,coverage_heavy,default,adversarial_explanation_flood,xai_gate,3,5000,0.0,0.017384985378039966,0.8957744600000009,0.5995486116782648,0.6540708776217946,0.6703874062327573,4770.034930925324,1.0,0.0061612381310366246,0.130350226347873,0.4144454068535119,6.437561999995582,0.8109308733393115,0.0026,0.0,12.2378,45.0516,calibrated:/Users/let/Documents/DO_A_PAPER_May_18/Papers/Paper_xAI_in_Cyber_2/6_Analysis_Results/xai_surfacebench/data/unsw_nb15/unsw_nb15_score_stream.csv
unsw_nb15_xai_gate_tuning_envelope,coverage_heavy,default,transient_overload,xai_gate,3,5000,0.24777584743649175,1.0377543743321842,53.28921745999995,0.6892867556625495,0.7462692571874543,0.7334616128450442,4008.8285577822103,1.0,0.15785297734756218,0.15487761336136788,0.5285560558563726,4.942953499994157,0.19746796356337737,0.0152,0.0,10.0828,56.134,calibrated:/Users/let/Documents/DO_A_PAPER_May_18/Papers/Paper_xAI_in_Cyber_2/6_Analysis_Results/xai_surfacebench/data/unsw_nb15/unsw_nb15_score_stream.csv
unsw_nb15_xai_gate_tuning_envelope,coverage_heavy,default,non_markovian,xai_gate,3,5000,0.14025860027830056,1.3669054138166454,70.66215052000005,0.689750449022798,0.7625602227450927,0.7254658214474259,980.3524236299453,0.9686605555557251,0.17557316428948758,0.15562599049128367,0.4753935552033809,4.495019999999592,0.1373549917447161,0.005,0.0,9.465,55.4796,calibrated:/Users/let/Documents/DO_A_PAPER_May_18/Papers/Paper_xAI_in_Cyber_2/6_Analysis_Results/xai_surfacebench/data/unsw_nb15/unsw_nb15_score_stream.csv
unsw_nb15_xai_gate_tuning_envelope,coverage_heavy,default,rtt_uncertainty,xai_gate,3,5000,0.0,0.01741077375489978,0.8996443800000016,0.7568834452571324,0.863530193141127,0.678135093633506,23.14734942548839,0.9014822222222273,0.018161550800685135,0.1865093390609282,0.2970555449824638,4.923263999999523,0.08874769298623475,0.0,0.0,7.3562,45.0438,calibrated:/Users/let/Documents/DO_A_PAPER_May_18/Papers/Paper_xAI_in_Cyber_2/6_Analysis_Results/xai_surfacebench/data/unsw_nb15/unsw_nb15_score_stream.csv
unsw_nb15_xai_gate_tuning_envelope,coverage_heavy,default,adversarial_explanation_flood,xai_gate,4,5000,0.0,0.016609234593392155,0.8564436000000009,0.6066392813518249,0.6619117882813488,0.6676177871121451,4499.154636579836,1.0,0.006057505034166309,0.13405737299045983,0.41776771861419415,6.446584499995569,0.7925435443165278,0.0022,0.0,12.1172,45.0652,calibrated:/Users/let/Documents/DO_A_PAPER_May_18/Papers/Paper_xAI_in_Cyber_2/6_Analysis_Results/xai_surfacebench/data/unsw_nb15/unsw_nb15_score_stream.csv
unsw_nb15_xai_gate_tuning_envelope,coverage_heavy,default,transient_overload,xai_gate,4,5000,0.24703643948937778,1.0372962613180503,53.26596439999994,0.6798012781611196,0.7372260638988379,0.7303094844285823,4158.720868973404,1.0,0.15815537591262308,0.15318365988764704,0.521518820097222,4.9197164999945535,0.21550615556832242,0.0188,0.0,10.2178,56.0414,calibrated:/Users/let/Documents/DO_A_PAPER_May_18/Papers/Paper_xAI_in_Cyber_2/6_Analysis_Results/xai_surfacebench/data/unsw_nb15/unsw_nb15_score_stream.csv
unsw_nb15_xai_gate_tuning_envelope,coverage_heavy,default,non_markovian,xai_gate,4,5000,0.13752629614282885,1.3536426846891891,69.97889717999999,0.6888866938568281,0.7621580170700746,0.7267932704562703,949.7331907541852,0.9674327777779399,0.18043164245050555,0.1563004503356275,0.46911377347268246,4.428263999999563,0.1308123299764017,0.0058,0.0,9.4152,55.507,calibrated:/Users/let/Documents/DO_A_PAPER_May_18/Papers/Paper_xAI_in_Cyber_2/6_Analysis_Results/xai_surfacebench/data/unsw_nb15/unsw_nb15_score_stream.csv
unsw_nb15_xai_gate_tuning_envelope,coverage_heavy,default,rtt_uncertainty,xai_gate,4,5000,0.0,0.016238803506749302,0.8390130800000004,0.7596896589842045,0.8675209184435629,0.6802051680423696,7.1685631789918425,0.8942577777777854,0.01735477809097441,0.1826120599126734,0.29925938208146796,4.874883999999536,0.07165385811380909,0.0,0.0,7.2372,45.022,calibrated:/Users/let/Documents/DO_A_PAPER_May_18/Papers/Paper_xAI_in_Cyber_2/6_Analysis_Results/xai_surfacebench/data/unsw_nb15/unsw_nb15_score_stream.csv
unsw_nb15_xai_gate_tuning_envelope,coverage_heavy,default,adversarial_explanation_flood,xai_gate,5,5000,0.0,0.019459710715319458,1.0027414200000007,0.6058126763814482,0.6605689697318401,0.6691986904423892,4513.409935003305,1.0,0.005281138085257373,0.13283712640073936,0.4174966580291237,6.449114499995498,0.7946382690106288,0.0012,0.0,12.1186,45.0178,calibrated:/Users/let/Documents/DO_A_PAPER_May_18/Papers/Paper_xAI_in_Cyber_2/6_Analysis_Results/xai_surfacebench/data/unsw_nb15/unsw_nb15_score_stream.csv
unsw_nb15_xai_gate_tuning_envelope,coverage_heavy,default,transient_overload,xai_gate,5,5000,0.24779109331945523,1.0364792201479747,53.223273139999996,0.6839384903055348,0.7416473457945852,0.7306475248504319,4122.342737417973,1.0,0.15671685857691173,0.15331168192107075,0.5239494144266348,4.941086999994387,0.20735319804228403,0.0142,0.0,10.161,56.1062,calibrated:/Users/let/Documents/DO_A_PAPER_May_18/Papers/Paper_xAI_in_Cyber_2/6_Analysis_Results/xai_surfacebench/data/unsw_nb15/unsw_nb15_score_stream.csv
unsw_nb15_xai_gate_tuning_envelope,coverage_heavy,default,non_markovian,xai_gate,5,5000,0.13562292104697393,1.191625635676234,61.58771789999998,0.693010713520548,0.7668720336133314,0.7249254338975673,926.9301331711905,0.9659600000001728,0.16978787229483608,0.15879580029997858,0.4685665309620741,4.5121559999995755,0.1337480125399768,0.0062,0.0,9.334,54.8858,calibrated:/Users/let/Documents/DO_A_PAPER_May_18/Papers/Paper_xAI_in_Cyber_2/6_Analysis_Results/xai_surfacebench/data/unsw_nb15/unsw_nb15_score_stream.csv
unsw_nb15_xai_gate_tuning_envelope,coverage_heavy,default,rtt_uncertainty,xai_gate,5,5000,0.0,0.015210927616130115,0.7859454000000002,0.7587215699154987,0.8659445031717805,0.6802910812939288,10.131729872779061,0.8999455555555639,0.017981771902455045,0.1885212250595287,0.2970960943700906,4.908923999999491,0.08020133484112724,0.0,0.0,7.3074,45.099,calibrated:/Users/let/Documents/DO_A_PAPER_May_18/Papers/Paper_xAI_in_Cyber_2/6_Analysis_Results/xai_surfacebench/data/unsw_nb15/unsw_nb15_score_stream.csv
unsw_nb15_xai_gate_tuning_envelope,coverage_heavy,default,adversarial_explanation_flood,xai_gate,6,5000,0.0,0.01676813988551192,0.8641636524997993,0.602287210448194,0.6563928664716893,0.6708066987024215,4638.360859175473,1.0,0.006111384918679152,0.1295712173484475,0.41501766058748757,6.432407499995658,0.8019058106800019,0.0024,0.0,12.174,45.0412,calibrated:/Users/let/Documents/DO_A_PAPER_May_18/Papers/Paper_xAI_in_Cyber_2/6_Analysis_Results/xai_surfacebench/data/unsw_nb15/unsw_nb15_score_stream.csv
unsw_nb15_xai_gate_tuning_envelope,coverage_heavy,default,transient_overload,xai_gate,6,5000,0.24937754902694748,1.0378916278211296,53.290198059999966,0.6831641823324967,0.7411096557909469,0.730471417053931,4157.031346875328,1.0,0.15690631636907104,0.15364194131990874,0.5239666089818312,4.938344999994281,0.20856490641417347,0.0176,0.0,10.1704,56.1018,calibrated:/Users/let/Documents/DO_A_PAPER_May_18/Papers/Paper_xAI_in_Cyber_2/6_Analysis_Results/xai_surfacebench/data/unsw_nb15/unsw_nb15_score_stream.csv
unsw_nb15_xai_gate_tuning_envelope,coverage_heavy,default,non_markovian,xai_gate,6,5000,0.13900943740154792,1.3663238116893923,70.63658391999999,0.6874827869371115,0.7597671996545298,0.7272174846819464,972.4773749178958,0.969498333333506,0.1825111068999642,0.15339102604594362,0.4762596593182153,4.436439999999567,0.13610512076185488,0.006,0.0,9.4986,55.7378,calibrated:/Users/let/Documents/DO_A_PAPER_May_18/Papers/Paper_xAI_in_Cyber_2/6_Analysis_Results/xai_surfacebench/data/unsw_nb15/unsw_nb15_score_stream.csv
unsw_nb15_xai_gate_tuning_envelope,coverage_heavy,default,rtt_uncertainty,xai_gate,6,5000,0.0,0.013829713139114371,0.7145164600000002,0.7594892465697372,0.8666583362068044,0.6800330121149532,3.9501163672383153,0.8950272222222329,0.017558874685955662,0.18315341928715387,0.29805913696474423,4.876511999999504,0.07650653256773388,0.0,0.0,7.2442,44.8624,calibrated:/Users/let/Documents/DO_A_PAPER_May_18/Papers/Paper_xAI_in_Cyber_2/6_Analysis_Results/xai_surfacebench/data/unsw_nb15/unsw_nb15_score_stream.csv
unsw_nb15_xai_gate_tuning_envelope,coverage_heavy,default,adversarial_explanation_flood,xai_gate,7,5000,0.0,0.016836535076087098,0.8674529400000002,0.603641831075979,0.6584496149423302,0.669141024797483,4601.9398244673885,1.0,0.005495861649087588,0.13254241192634889,0.4150897602546848,6.4426589999954285,0.8026042593581293,0.0016,0.0,12.1546,44.952,calibrated:/Users/let/Documents/DO_A_PAPER_May_18/Papers/Paper_xAI_in_Cyber_2/6_Analysis_Results/xai_surfacebench/data/unsw_nb15/unsw_nb15_score_stream.csv
unsw_nb15_xai_gate_tuning_envelope,coverage_heavy,default,transient_overload,xai_gate,7,5000,0.24714264030761748,1.0386101250596376,53.33767571999993,0.682355978206882,0.739360349459251,0.7323403910081299,4102.855519700683,1.0,0.16086776940778474,0.15390515901894067,0.5234496390839378,4.897828999994338,0.20346009868074777,0.0154,0.0,10.1686,56.3298,calibrated:/Users/let/Documents/DO_A_PAPER_May_18/Papers/Paper_xAI_in_Cyber_2/6_Analysis_Results/xai_surfacebench/data/unsw_nb15/unsw_nb15_score_stream.csv
unsw_nb15_xai_gate_tuning_envelope,coverage_heavy,default,non_markovian,xai_gate,7,5000,0.13549025721704472,1.214261941362945,62.758493340000044,0.692383242790665,0.7674145504743426,0.7253642824933751,870.8631366314452,0.9637433333334869,0.1721672285327779,0.15610573103433467,0.4690902063515922,4.47886399999953,0.13066732703795725,0.005,0.0,9.3142,54.9186,calibrated:/Users/let/Documents/DO_A_PAPER_May_18/Papers/Paper_xAI_in_Cyber_2/6_Analysis_Results/xai_surfacebench/data/unsw_nb15/unsw_nb15_score_stream.csv
unsw_nb15_xai_gate_tuning_envelope,coverage_heavy,default,rtt_uncertainty,xai_gate,7,5000,0.0,0.014520401039406767,0.7503302799999998,0.7599062379350983,0.8675315358093196,0.6806477947858586,13.110122435937997,0.8969100000000089,0.0174838674094093,0.18622800728034858,0.29664662732336883,4.885975999999528,0.07571570751995615,0.0,0.0,7.2524,44.9462,calibrated:/Users/let/Documents/DO_A_PAPER_May_18/Papers/Paper_xAI_in_Cyber_2/6_Analysis_Results/xai_surfacebench/data/unsw_nb15/unsw_nb15_score_stream.csv
unsw_nb15_xai_gate_tuning_envelope,coverage_heavy,default,adversarial_explanation_flood,xai_gate,8,5000,0.0,0.016820964971109253,0.8672257600000012,0.6043738465591418,0.6593992036458304,0.6700987839443849,4536.671620679991,1.0,0.005783680464012655,0.13335420511468496,0.4161201555490278,6.440173999995568,0.8070052419468883,0.0016,0.0,12.1376,44.7798,calibrated:/Users/let/Documents/DO_A_PAPER_May_18/Papers/Paper_xAI_in_Cyber_2/6_Analysis_Results/xai_surfacebench/data/unsw_nb15/unsw_nb15_score_stream.csv
unsw_nb15_xai_gate_tuning_envelope,coverage_heavy,default,transient_overload,xai_gate,8,5000,0.24759070598971938,1.03719300246847,53.26737679999998,0.6870717391298958,0.7444983742889659,0.7333525691704692,4031.8082389916285,1.0,0.1601383399209486,0.15515810276679842,0.5285968379435806,4.922095999994346,0.20255435854657322,0.0152,0.0,10.12,56.1028,calibrated:/Users/let/Documents/DO_A_PAPER_May_18/Papers/Paper_xAI_in_Cyber_2/6_Analysis_Results/xai_surfacebench/data/unsw_nb15/unsw_nb15_score_stream.csv
unsw_nb15_xai_gate_tuning_envelope,coverage_heavy,default,non_markovian,xai_gate,8,5000,0.13716849153736388,1.3297974741315268,68.74405808000009,0.690588661243008,0.7632552110888927,0.7295627635558006,932.5148549100492,0.9673272222223809,0.18034672232397667,0.1549814712271585,0.47667930314776163,4.438843999999544,0.1308562586176769,0.003,0.0,9.3908,55.361,calibrated:/Users/let/Documents/DO_A_PAPER_May_18/Papers/Paper_xAI_in_Cyber_2/6_Analysis_Results/xai_surfacebench/data/unsw_nb15/unsw_nb15_score_stream.csv
unsw_nb15_xai_gate_tuning_envelope,coverage_heavy,default,rtt_uncertainty,xai_gate,8,5000,0.0,0.01696746528676445,0.8768231399999993,0.7586608023677153,0.8658707072423502,0.6800667124846893,12.070742738465883,0.8987450000000079,0.0179217362709635,0.18656143812342432,0.2980927326537323,4.902871999999532,0.08140785718730958,0.0,0.0,7.2984,44.9932,calibrated:/Users/let/Documents/DO_A_PAPER_May_18/Papers/Paper_xAI_in_Cyber_2/6_Analysis_Results/xai_surfacebench/data/unsw_nb15/unsw_nb15_score_stream.csv
unsw_nb15_xai_gate_tuning_envelope,coverage_heavy,default,adversarial_explanation_flood,xai_gate,9,5000,0.0,0.017286854793242618,0.8909705400000006,0.6030827299651322,0.6573334512849409,0.6707115558666594,4620.203438731224,1.0,0.005874609182162251,0.1326312325160441,0.4149148428494167,6.434866499995531,0.7993450466935463,0.0014,0.0,12.154,45.0312,calibrated:/Users/let/Documents/DO_A_PAPER_May_18/Papers/Paper_xAI_in_Cyber_2/6_Analysis_Results/xai_surfacebench/data/unsw_nb15/unsw_nb15_score_stream.csv
unsw_nb15_xai_gate_tuning_envelope,coverage_heavy,default,transient_overload,xai_gate,9,5000,0.24666410637307373,1.036298827629274,53.20996895999999,0.6814331104001653,0.7385867389376511,0.7297013944735964,4171.0958822364655,1.0,0.1562555161119501,0.1527055916213937,0.5226724459165386,4.940625999994527,0.20799231426232878,0.0164,0.0,10.1974,56.2774,calibrated:/Users/let/Documents/DO_A_PAPER_May_18/Papers/Paper_xAI_in_Cyber_2/6_Analysis_Results/xai_surfacebench/data/unsw_nb15/unsw_nb15_score_stream.csv
unsw_nb15_xai_gate_tuning_envelope,coverage_heavy,default,non_markovian,xai_gate,9,5000,0.13773536492998503,1.2272049063730077,63.43512565999996,0.6932590523216396,0.7679506957753978,0.7286224445599224,847.0409538111976,0.962018888889047,0.17506930006930008,0.15728950103950104,0.46894490644490644,4.435699999999572,0.12638538743281336,0.005,0.0,9.2352,54.6598,calibrated:/Users/let/Documents/DO_A_PAPER_May_18/Papers/Paper_xAI_in_Cyber_2/6_Analysis_Results/xai_surfacebench/data/unsw_nb15/unsw_nb15_score_stream.csv
unsw_nb15_xai_gate_tuning_envelope,coverage_heavy,default,rtt_uncertainty,xai_gate,9,5000,0.0,0.016244835854626508,0.8392373199999996,0.7589085058989213,0.8663595688186915,0.679174115891225,9.46345863755373,0.8977355555555646,0.017517806561614828,0.18549074608805655,0.29447515331518304,4.889827999999512,0.0783472044909681,0.0,0.0,7.2726,44.9614,calibrated:/Users/let/Documents/DO_A_PAPER_May_18/Papers/Paper_xAI_in_Cyber_2/6_Analysis_Results/xai_surfacebench/data/unsw_nb15/unsw_nb15_score_stream.csv
unsw_nb15_xai_gate_tuning_envelope,coverage_heavy,default,adversarial_explanation_flood,xai_gate,10,5000,0.0,0.018255340869408825,0.9411924400000015,0.6015931255846005,0.6564480354647619,0.6690335880935953,4615.280910453878,1.0,0.0057793028715911144,0.13124928169175956,0.414790171900762,6.435381499995615,0.804691956117547,0.0018,0.0,12.1814,44.999,calibrated:/Users/let/Documents/DO_A_PAPER_May_18/Papers/Paper_xAI_in_Cyber_2/6_Analysis_Results/xai_surfacebench/data/unsw_nb15/unsw_nb15_score_stream.csv
unsw_nb15_xai_gate_tuning_envelope,coverage_heavy,default,transient_overload,xai_gate,10,5000,0.24824377212136786,1.0399544812609565,53.40330861999994,0.6854404895637008,0.7432656566626581,0.7310579140311374,4078.0621717122226,1.0,0.1569207118784367,0.15477246299690572,0.5254784288209282,4.946042999994355,0.2068990123879666,0.0176,0.0,10.1478,56.0544,calibrated:/Users/let/Documents/DO_A_PAPER_May_18/Papers/Paper_xAI_in_Cyber_2/6_Analysis_Results/xai_surfacebench/data/unsw_nb15/unsw_nb15_score_stream.csv
unsw_nb15_xai_gate_tuning_envelope,coverage_heavy,default,non_markovian,xai_gate,10,5000,0.13777838594212363,1.257463964429724,65.00211110000001,0.6928918537803194,0.7680025557619186,0.7277939038941172,824.8698344925871,0.9608888888890358,0.1760928517192754,0.15641609719058466,0.46458401128105,4.413475999999575,0.12125867032513948,0.0044,0.0,9.219,54.8134,calibrated:/Users/let/Documents/DO_A_PAPER_May_18/Papers/Paper_xAI_in_Cyber_2/6_Analysis_Results/xai_surfacebench/data/unsw_nb15/unsw_nb15_score_stream.csv
unsw_nb15_xai_gate_tuning_envelope,coverage_heavy,default,rtt_uncertainty,xai_gate,10,5000,0.0,0.015022278040670082,0.7760676000000011,0.7568541496599349,0.8647703721991481,0.6774926147767744,20.722015007804934,0.8988372222222272,0.017088435374149658,0.18555102040816326,0.3005986394557823,4.924775999999522,0.08976554472709242,0.0,0.0,7.35,44.9638,calibrated:/Users/let/Documents/DO_A_PAPER_May_18/Papers/Paper_xAI_in_Cyber_2/6_Analysis_Results/xai_surfacebench/data/unsw_nb15/unsw_nb15_score_stream.csv
unsw_nb15_xai_gate_tuning_envelope,coverage_heavy,default,adversarial_explanation_flood,xai_gate,11,5000,0.0,0.01651292114581212,0.8512621200000003,0.603576928772079,0.6582010968930301,0.6704376244305797,4598.894262370607,1.0,0.006087829277522747,0.13185909143261432,0.4170862332783519,6.4388029999954695,0.8102535462973286,0.0018,0.0,12.1554,44.765,calibrated:/Users/let/Documents/DO_A_PAPER_May_18/Papers/Paper_xAI_in_Cyber_2/6_Analysis_Results/xai_surfacebench/data/unsw_nb15/unsw_nb15_score_stream.csv
unsw_nb15_xai_gate_tuning_envelope,coverage_heavy,default,transient_overload,xai_gate,11,5000,0.24883790610633,1.0351150156677094,53.15779199249969,0.6862322145919141,0.7430972984915237,0.73317948172425,4068.3494153308334,1.0,0.16025171669997823,0.15439415827281183,0.5250455148110348,4.908187499994438,0.1997089341315068,0.017,0.0,10.1066,56.1614,calibrated:/Users/let/Documents/DO_A_PAPER_May_18/Papers/Paper_xAI_in_Cyber_2/6_Analysis_Results/xai_surfacebench/data/unsw_nb15/unsw_nb15_score_stream.csv
unsw_nb15_xai_gate_tuning_envelope,coverage_heavy,default,non_markovian,xai_gate,11,5000,0.1379093009329415,1.2372537018544045,63.94405699999983,0.6909810018743427,0.7649346681026603,0.7256035951610031,918.7910860810537,0.9664861111112777,0.1741778837962174,0.15586130516271937,0.47241864031351166,4.485163999999569,0.14294755932058623,0.0064,0.0,9.3904,54.773,calibrated:/Users/let/Documents/DO_A_PAPER_May_18/Papers/Paper_xAI_in_Cyber_2/6_Analysis_Results/xai_surfacebench/data/unsw_nb15/unsw_nb15_score_stream.csv
unsw_nb15_xai_gate_tuning_envelope,coverage_heavy,default,rtt_uncertainty,xai_gate,11,5000,0.0,0.01621345929973079,0.8377766199999994,0.757768178349571,0.8647791809563549,0.6794441474958587,29.406170544481544,0.9009955555555632,0.01812384170936444,0.18878774664777062,0.297421781314728,4.919847999999516,0.08702543364588955,0.0,0.0,7.3384,45.006,calibrated:/Users/let/Documents/DO_A_PAPER_May_18/Papers/Paper_xAI_in_Cyber_2/6_Analysis_Results/xai_surfacebench/data/unsw_nb15/unsw_nb15_score_stream.csv
unsw_nb15_xai_gate_tuning_envelope,coverage_heavy,default,adversarial_explanation_flood,xai_gate,12,5000,0.0,0.017103730037589523,0.8819986800000006,0.6043828101813676,0.6594333355123567,0.669680483201175,4532.816537566831,1.0,0.006215173596228032,0.13251343598536056,0.4172017705819413,6.434537499995524,0.7945622910564796,0.0022,0.0,12.1316,45.068,calibrated:/Users/let/Documents/DO_A_PAPER_May_18/Papers/Paper_xAI_in_Cyber_2/6_Analysis_Results/xai_surfacebench/data/unsw_nb15/unsw_nb15_score_stream.csv
unsw_nb15_xai_gate_tuning_envelope,coverage_heavy,default,transient_overload,xai_gate,12,5000,0.24897613306176003,1.0388652565531618,53.35135081999994,0.6848545182142446,0.7424662165645972,0.7322203713930486,4100.270808328612,1.0,0.15977369500078853,0.1536626715029175,0.5256958681584895,4.916589999994239,0.20423123670616627,0.0182,0.0,10.1456,56.1664,calibrated:/Users/let/Documents/DO_A_PAPER_May_18/Papers/Paper_xAI_in_Cyber_2/6_Analysis_Results/xai_surfacebench/data/unsw_nb15/unsw_nb15_score_stream.csv
unsw_nb15_xai_gate_tuning_envelope,coverage_heavy,default,non_markovian,xai_gate,12,5000,0.13797849333338158,1.2502205909555204,64.62386179999996,0.6898113007077106,0.7629877901450521,0.7269230115386901,950.9716407311902,0.9671638888890522,0.17826558150406935,0.15525191780530823,0.4731719756050915,4.453339999999542,0.13390945639380014,0.0052,0.0,9.4118,55.3354,calibrated:/Users/let/Documents/DO_A_PAPER_May_18/Papers/Paper_xAI_in_Cyber_2/6_Analysis_Results/xai_surfacebench/data/unsw_nb15/unsw_nb15_score_stream.csv
unsw_nb15_xai_gate_tuning_envelope,coverage_heavy,default,rtt_uncertainty,xai_gate,12,5000,0.0,0.015409926817887587,0.7964072200000001,0.758833085522399,0.8666894303616705,0.6800979322106385,6.733148844934716,0.8960077777777831,0.018255410540227987,0.18481193898342418,0.29701525414395064,4.879507999999523,0.07797654559539757,0.0,0.0,7.2636,44.9212,calibrated:/Users/let/Documents/DO_A_PAPER_May_18/Papers/Paper_xAI_in_Cyber_2/6_Analysis_Results/xai_surfacebench/data/unsw_nb15/unsw_nb15_score_stream.csv
unsw_nb15_xai_gate_tuning_envelope,coverage_heavy,default,adversarial_explanation_flood,xai_gate,13,5000,0.0,0.018025114365225754,0.9290281249995889,0.6013145155984981,0.6562350280972167,0.669773065354166,4659.668131740503,1.0,0.0057036720470758405,0.1325980472730859,0.4122772773588774,6.426815499995553,0.8005267986622897,0.0026,0.0,12.1676,45.052,calibrated:/Users/let/Documents/DO_A_PAPER_May_18/Papers/Paper_xAI_in_Cyber_2/6_Analysis_Results/xai_surfacebench/data/unsw_nb15/unsw_nb15_score_stream.csv
unsw_nb15_xai_gate_tuning_envelope,coverage_heavy,default,transient_overload,xai_gate,13,5000,0.24656046967640555,1.037881925737898,53.302331919999965,0.6880403195427504,0.7454636901356925,0.73321357067864,4004.5720639480173,1.0,0.15868138838781295,0.15439966697722363,0.5269986322268174,4.928933999994478,0.20120484796532612,0.0176,0.0,10.0894,55.996,calibrated:/Users/let/Documents/DO_A_PAPER_May_18/Papers/Paper_xAI_in_Cyber_2/6_Analysis_Results/xai_surfacebench/data/unsw_nb15/unsw_nb15_score_stream.csv
unsw_nb15_xai_gate_tuning_envelope,coverage_heavy,default,non_markovian,xai_gate,13,5000,0.13942820152208113,1.286843708765216,66.51608672000012,0.6902075940761071,0.7631786735775168,0.7261917004865689,967.2494790642612,0.9678955555557226,0.17629560376516584,0.15700231604445106,0.47153815098909974,4.472363999999587,0.13434202835674203,0.0054,0.0,9.4126,55.319,calibrated:/Users/let/Documents/DO_A_PAPER_May_18/Papers/Paper_xAI_in_Cyber_2/6_Analysis_Results/xai_surfacebench/data/unsw_nb15/unsw_nb15_score_stream.csv
unsw_nb15_xai_gate_tuning_envelope,coverage_heavy,default,rtt_uncertainty,xai_gate,13,5000,0.0,0.01611580165443082,0.8326529200000002,0.7576694868996368,0.8655199472246387,0.6784667079426825,18.66909302465626,0.9000511111111198,0.017603711790393013,0.1877183406113537,0.29585152838427947,4.914623999999521,0.0849015401515727,0.0,0.0,7.328,45.0302,calibrated:/Users/let/Documents/DO_A_PAPER_May_18/Papers/Paper_xAI_in_Cyber_2/6_Analysis_Results/xai_surfacebench/data/unsw_nb15/unsw_nb15_score_stream.csv
unsw_nb15_xai_gate_tuning_envelope,coverage_heavy,default,adversarial_explanation_flood,xai_gate,14,5000,0.0,0.017504213721398258,0.9028178324997905,0.6043844868456918,0.6586676965359208,0.6706276340920149,4564.169498966952,1.0,0.006157189424121695,0.1324783510585756,0.4172092621243693,6.441063499995458,0.7997469652121554,0.0018,0.0,12.1484,45.0004,calibrated:/Users/let/Documents/DO_A_PAPER_May_18/Papers/Paper_xAI_in_Cyber_2/6_Analysis_Results/xai_surfacebench/data/unsw_nb15/unsw_nb15_score_stream.csv
unsw_nb15_xai_gate_tuning_envelope,coverage_heavy,default,transient_overload,xai_gate,14,5000,0.24635794703167718,1.0385855199516683,53.334086540000015,0.6886170813913306,0.7456879670272689,0.7329312729249547,4007.8422996941617,1.0,0.15830276593635373,0.1553088133240805,0.527691583224811,4.935967499994201,0.19914596365590564,0.0182,0.0,10.087,56.0788,calibrated:/Users/let/Documents/DO_A_PAPER_May_18/Papers/Paper_xAI_in_Cyber_2/6_Analysis_Results/xai_surfacebench/data/unsw_nb15/unsw_nb15_score_stream.csv
unsw_nb15_xai_gate_tuning_envelope,coverage_heavy,default,non_markovian,xai_gate,14,5000,0.13558472832361546,1.2270252346424686,63.42132708000015,0.6919009841549756,0.7662165514668663,0.7261961019747245,876.5182863031496,0.9644144444445986,0.174146100902678,0.1553849782370977,0.4704431913205686,4.466535999999586,0.1288444828479225,0.005,0.0,9.3278,55.0876,calibrated:/Users/let/Documents/DO_A_PAPER_May_18/Papers/Paper_xAI_in_Cyber_2/6_Analysis_Results/xai_surfacebench/data/unsw_nb15/unsw_nb15_score_stream.csv
unsw_nb15_xai_gate_tuning_envelope,coverage_heavy,default,rtt_uncertainty,xai_gate,14,5000,0.0,0.015404903462806674,0.7959702000000007,0.7605345650244826,0.8678056855398057,0.6819779464301681,12.079711285997272,0.8932900000000089,0.018142476697736352,0.18242343541944075,0.3001830892143808,4.860323999999536,0.06985772031981496,0.0,0.0,7.2096,44.9256,calibrated:/Users/let/Documents/DO_A_PAPER_May_18/Papers/Paper_xAI_in_Cyber_2/6_Analysis_Results/xai_surfacebench/data/unsw_nb15/unsw_nb15_score_stream.csv
unsw_nb15_xai_gate_tuning_envelope,coverage_heavy,default,adversarial_explanation_flood,xai_gate,15,5000,0.0,0.018999959438788103,0.9800946124997834,0.600913216364351,0.6561372943164755,0.6690555669429837,4668.626719685879,1.0,0.005689923751742231,0.13168812002951547,0.4138743133550401,6.43666349999534,0.8024767984867314,0.0008,0.0,12.197,45.112,calibrated:/Users/let/Documents/DO_A_PAPER_May_18/Papers/Paper_xAI_in_Cyber_2/6_Analysis_Results/xai_surfacebench/data/unsw_nb15/unsw_nb15_score_stream.csv
unsw_nb15_xai_gate_tuning_envelope,coverage_heavy,default,transient_overload,xai_gate,15,5000,0.246414816436523,1.0392668611676616,53.380785299999964,0.685238758494792,0.7426618695694684,0.7326650169911897,4072.3586569496943,1.0,0.15967283072546232,0.1548719772403983,0.5240783546693687,4.911992999994371,0.20123455471662566,0.0168,0.0,10.1232,56.1822,calibrated:/Users/let/Documents/DO_A_PAPER_May_18/Papers/Paper_xAI_in_Cyber_2/6_Analysis_Results/xai_surfacebench/data/unsw_nb15/unsw_nb15_score_stream.csv
unsw_nb15_xai_gate_tuning_envelope,coverage_heavy,default,non_markovian,xai_gate,15,5000,0.13765747234359707,1.3152474234426894,67.99112913999993,0.6907709902251494,0.7647714186707276,0.7305075200137985,831.4449768620495,0.9623227777779343,0.18378180091923269,0.15488854843234146,0.4677729106876983,4.3596079999995965,0.12873684159249965,0.005,0.0,9.2686,54.7432,calibrated:/Users/let/Documents/DO_A_PAPER_May_18/Papers/Paper_xAI_in_Cyber_2/6_Analysis_Results/xai_surfacebench/data/unsw_nb15/unsw_nb15_score_stream.csv
unsw_nb15_xai_gate_tuning_envelope,coverage_heavy,default,rtt_uncertainty,xai_gate,15,5000,0.0,0.016983122873133878,0.8775666600000017,0.7585399381144788,0.8659241931744825,0.6789645232232149,3.8739351106676505,0.8997122222222337,0.01733344286535776,0.1868890166762507,0.2954352528820614,4.908167999999487,0.08054129144789446,0.0,0.0,7.3038,45.0626,calibrated:/Users/let/Documents/DO_A_PAPER_May_18/Papers/Paper_xAI_in_Cyber_2/6_Analysis_Results/xai_surfacebench/data/unsw_nb15/unsw_nb15_score_stream.csv
unsw_nb15_xai_gate_tuning_envelope,coverage_heavy,default,adversarial_explanation_flood,xai_gate,16,5000,0.0,0.017619384895922473,0.9081099400000007,0.6007784965604449,0.655630049770601,0.6693919505407336,4655.0264780030775,1.0,0.005764821487061906,0.13318047821814608,0.4136546020301059,6.441120999995438,0.8054138761993461,0.0024,0.0,12.212,45.094,calibrated:/Users/let/Documents/DO_A_PAPER_May_18/Papers/Paper_xAI_in_Cyber_2/6_Analysis_Results/xai_surfacebench/data/unsw_nb15/unsw_nb15_score_stream.csv
unsw_nb15_xai_gate_tuning_envelope,coverage_heavy,default,transient_overload,xai_gate,16,5000,0.2487980225114142,1.0384709585074765,53.33173472000002,0.6886740824454837,0.7463305006867619,0.7330330339267038,4008.4748690033994,1.0,0.15854698312612772,0.15555291178395098,0.5277794301339556,4.934237999994419,0.19645710340802358,0.0166,0.0,10.0866,56.2026,calibrated:/Users/let/Documents/DO_A_PAPER_May_18/Papers/Paper_xAI_in_Cyber_2/6_Analysis_Results/xai_surfacebench/data/unsw_nb15/unsw_nb15_score_stream.csv
unsw_nb15_xai_gate_tuning_envelope,coverage_heavy,default,non_markovian,xai_gate,16,5000,0.1359347096134572,1.3144359384839033,67.94663453999986,0.6903924830955835,0.7638126831702944,0.7283566903436246,922.351338602756,0.9651000000001559,0.17966766920500843,0.15599069985708497,0.47324075851624325,4.431547999999575,0.13086300036544896,0.0074,0.0,9.3762,55.2746,calibrated:/Users/let/Documents/DO_A_PAPER_May_18/Papers/Paper_xAI_in_Cyber_2/6_Analysis_Results/xai_surfacebench/data/unsw_nb15/unsw_nb15_score_stream.csv
unsw_nb15_xai_gate_tuning_envelope,coverage_heavy,default,rtt_uncertainty,xai_gate,16,5000,0.0,0.01715122846316585,0.8862226799999997,0.7579424216766177,0.86508141442629,0.6794225545114785,21.848819250074165,0.9001527777777832,0.018163939799513806,0.18767583513151784,0.29655021714785174,4.910495999999489,0.08023339013181863,0.0,0.0,7.3222,45.189,calibrated:/Users/let/Documents/DO_A_PAPER_May_18/Papers/Paper_xAI_in_Cyber_2/6_Analysis_Results/xai_surfacebench/data/unsw_nb15/unsw_nb15_score_stream.csv
unsw_nb15_xai_gate_tuning_envelope,coverage_heavy,default,adversarial_explanation_flood,xai_gate,17,5000,0.0,0.01767663221791404,0.910647180000001,0.6054381906643798,0.6600862962018939,0.6697925325749118,4520.20327444008,1.0,0.005409863104073891,0.1333663203034801,0.41739031832359336,6.44837849999554,0.7933200823454243,0.0024,0.0,12.126,45.0784,calibrated:/Users/let/Documents/DO_A_PAPER_May_18/Papers/Paper_xAI_in_Cyber_2/6_Analysis_Results/xai_surfacebench/data/unsw_nb15/unsw_nb15_score_stream.csv
unsw_nb15_xai_gate_tuning_envelope,coverage_heavy,default,transient_overload,xai_gate,17,5000,0.246088753139333,1.037679732190945,53.295600060000005,0.687473454214174,0.7453407153922336,0.7315810313808824,4014.5770343846007,1.0,0.15694145097186246,0.15431158918790658,0.5267484626173288,4.948162999994413,0.20619542688962,0.0138,0.0,10.1146,55.9036,calibrated:/Users/let/Documents/DO_A_PAPER_May_18/Papers/Paper_xAI_in_Cyber_2/6_Analysis_Results/xai_surfacebench/data/unsw_nb15/unsw_nb15_score_stream.csv
unsw_nb15_xai_gate_tuning_envelope,coverage_heavy,default,non_markovian,xai_gate,17,5000,0.13976296216923054,1.2190011569987818,63.004999520000105,0.6924854523202022,0.766899753281066,0.7276236284382834,917.7681035931618,0.9648422222223833,0.174507740868781,0.15677138133173005,0.47183869790212796,4.46617999999958,0.12774316969664,0.0068,0.0,9.3142,55.061,calibrated:/Users/let/Documents/DO_A_PAPER_May_18/Papers/Paper_xAI_in_Cyber_2/6_Analysis_Results/xai_surfacebench/data/unsw_nb15/unsw_nb15_score_stream.csv
unsw_nb15_xai_gate_tuning_envelope,coverage_heavy,default,rtt_uncertainty,xai_gate,17,5000,0.0,0.018479757422162152,0.9548859399999994,0.7579835390947155,0.8656680185232437,0.6783475274145725,29.01640878699701,0.9006333333333387,0.016787943204425913,0.1852669446488431,0.30022075055187636,4.929551999999514,0.08339607599982046,0.0,0.0,7.3386,45.158,calibrated:/Users/let/Documents/DO_A_PAPER_May_18/Papers/Paper_xAI_in_Cyber_2/6_Analysis_Results/xai_surfacebench/data/unsw_nb15/unsw_nb15_score_stream.csv
unsw_nb15_xai_gate_tuning_envelope,coverage_heavy,default,adversarial_explanation_flood,xai_gate,18,5000,0.0,0.01687220423983554,0.8695345200000005,0.6003440491015724,0.655091976142854,0.6696995665074195,4702.739997107582,1.0,0.005555919758751803,0.1305559197587518,0.41313139176543134,6.434837499995531,0.8075360412602652,0.0036,0.0,12.2032,45.0086,calibrated:/Users/let/Documents/DO_A_PAPER_May_18/Papers/Paper_xAI_in_Cyber_2/6_Analysis_Results/xai_surfacebench/data/unsw_nb15/unsw_nb15_score_stream.csv
unsw_nb15_xai_gate_tuning_envelope,coverage_heavy,default,transient_overload,xai_gate,18,5000,0.24733996124883836,1.0376891481407,53.28879576000008,0.6844310993748001,0.7413685533374894,0.7315039805303003,4076.937040736661,1.0,0.15644274538396358,0.15449189114627465,0.5230604764802919,4.942416999994384,0.20055264172681753,0.0176,0.0,10.1494,56.3596,calibrated:/Users/let/Documents/DO_A_PAPER_May_18/Papers/Paper_xAI_in_Cyber_2/6_Analysis_Results/xai_surfacebench/data/unsw_nb15/unsw_nb15_score_stream.csv
unsw_nb15_xai_gate_tuning_envelope,coverage_heavy,default,non_markovian,xai_gate,18,5000,0.13641553251312982,1.2750739752726956,65.91763964000002,0.6897562493295591,0.7622788937695636,0.7303643385902641,906.6299097814762,0.9651677777779429,0.1854092908486214,0.15468297392983585,0.4678038837034653,4.360555999999558,0.13160405876911008,0.0038,0.0,9.321,54.9132,calibrated:/Users/let/Documents/DO_A_PAPER_May_18/Papers/Paper_xAI_in_Cyber_2/6_Analysis_Results/xai_surfacebench/data/unsw_nb15/unsw_nb15_score_stream.csv
unsw_nb15_xai_gate_tuning_envelope,coverage_heavy,default,rtt_uncertainty,xai_gate,18,5000,0.0,0.016556099577727638,0.8555050000000006,0.758642964996637,0.8665844460478325,0.6789711105350277,11.28204550316802,0.8972455555555576,0.017158544955387784,0.18531228551818807,0.2972958133150309,4.897707999999536,0.0766465968508998,0.0,0.0,7.285,45.1092,calibrated:/Users/let/Documents/DO_A_PAPER_May_18/Papers/Paper_xAI_in_Cyber_2/6_Analysis_Results/xai_surfacebench/data/unsw_nb15/unsw_nb15_score_stream.csv
unsw_nb15_xai_gate_tuning_envelope,coverage_heavy,default,adversarial_explanation_flood,xai_gate,19,5000,0.0,0.019208881433311852,0.989824780000001,0.605673073748529,0.6607749854199894,0.6690789028459184,4494.902928521586,1.0,0.005925656939125842,0.13447444869932657,0.4160483791093169,6.43977649999553,0.7919117886287128,0.0018,0.0,12.1168,45.0796,calibrated:/Users/let/Documents/DO_A_PAPER_May_18/Papers/Paper_xAI_in_Cyber_2/6_Analysis_Results/xai_surfacebench/data/unsw_nb15/unsw_nb15_score_stream.csv
unsw_nb15_xai_gate_tuning_envelope,coverage_heavy,default,transient_overload,xai_gate,19,5000,0.2477921283359266,1.0363504919361344,53.21905958,0.682420613059452,0.7396235832314538,0.7318637485976197,4123.671553355993,1.0,0.15816396796977983,0.1541700277411612,0.5223626222272665,4.9202674999944005,0.20620772061222437,0.0172,0.0,10.1654,56.1838,calibrated:/Users/let/Documents/DO_A_PAPER_May_18/Papers/Paper_xAI_in_Cyber_2/6_Analysis_Results/xai_surfacebench/data/unsw_nb15/unsw_nb15_score_stream.csv
unsw_nb15_xai_gate_tuning_envelope,coverage_heavy,default,non_markovian,xai_gate,19,5000,0.13237171939838754,1.1941386662675402,61.731920679999924,0.6922739791382917,0.7676046789195556,0.7285103983692114,802.1939083682399,0.9605116666668226,0.17771561164964328,0.15720078936525492,0.4651616680762475,4.39873999999959,0.121983087406067,0.0034,0.0,9.2226,54.7994,calibrated:/Users/let/Documents/DO_A_PAPER_May_18/Papers/Paper_xAI_in_Cyber_2/6_Analysis_Results/xai_surfacebench/data/unsw_nb15/unsw_nb15_score_stream.csv
unsw_nb15_xai_gate_tuning_envelope,coverage_heavy,default,rtt_uncertainty,xai_gate,19,5000,0.0,0.017341143069499316,0.896010180000001,0.7584166323590682,0.8660408614718839,0.6795869496524587,10.427947401379962,0.8978600000000063,0.01825168107588857,0.18515163990668312,0.2965006175380815,4.891203999999503,0.07517838488641715,0.0,0.0,7.287,45.1832,calibrated:/Users/let/Documents/DO_A_PAPER_May_18/Papers/Paper_xAI_in_Cyber_2/6_Analysis_Results/xai_surfacebench/data/unsw_nb15/unsw_nb15_score_stream.csv
unsw_nb15_xai_gate_tuning_envelope,coverage_heavy,default,adversarial_explanation_flood,xai_gate,20,5000,0.0,0.01754654915771022,0.9047163800000004,0.6040268871264948,0.6589360483424226,0.6689048564971751,4563.120268862005,1.0,0.0056049191407988655,0.131385898682844,0.41577372611657387,6.436066999995379,0.800163216855849,0.0008,0.0,12.1322,44.93,calibrated:/Users/let/Documents/DO_A_PAPER_May_18/Papers/Paper_xAI_in_Cyber_2/6_Analysis_Results/xai_surfacebench/data/unsw_nb15/unsw_nb15_score_stream.csv
unsw_nb15_xai_gate_tuning_envelope,coverage_heavy,default,transient_overload,xai_gate,20,5000,0.24836187347983954,1.0401955717700324,53.4177669,0.6854571013513339,0.7430791261328883,0.732374520713625,4096.938341404189,1.0,0.15985453395525337,0.15505178274962447,0.5241397541296542,4.910562499994243,0.20295674957263254,0.0176,0.0,10.1192,56.0796,calibrated:/Users/let/Documents/DO_A_PAPER_May_18/Papers/Paper_xAI_in_Cyber_2/6_Analysis_Results/xai_surfacebench/data/unsw_nb15/unsw_nb15_score_stream.csv
unsw_nb15_xai_gate_tuning_envelope,coverage_heavy,default,non_markovian,xai_gate,20,5000,0.1348433977915433,1.2775655733412847,66.03632562000004,0.6891344573235846,0.7613146825959701,0.7282432033719612,1016.5140459590159,0.9699988888890647,0.1798314014752371,0.15511064278187567,0.48031612223393044,4.471467999999585,0.1359487685908347,0.0038,0.0,9.49,55.695,calibrated:/Users/let/Documents/DO_A_PAPER_May_18/Papers/Paper_xAI_in_Cyber_2/6_Analysis_Results/xai_surfacebench/data/unsw_nb15/unsw_nb15_score_stream.csv
unsw_nb15_xai_gate_tuning_envelope,coverage_heavy,default,rtt_uncertainty,xai_gate,20,5000,0.0,0.015682436527997567,0.8102969000000009,0.7591198553187503,0.8660894207781754,0.681220358591667,14.979598420921679,0.8998938888888939,0.018386584096015783,0.18882556036608758,0.2977201731791527,4.904871999999536,0.0833838006008567,0.0,0.0,7.2988,44.9136,calibrated:/Users/let/Documents/DO_A_PAPER_May_18/Papers/Paper_xAI_in_Cyber_2/6_Analysis_Results/xai_surfacebench/data/unsw_nb15/unsw_nb15_score_stream.csv
unsw_nb15_xai_gate_tuning_envelope,coverage_heavy_budget20,default,adversarial_explanation_flood,xai_gate,1,5000,0.0,0.01791440660927199,0.9229992200000006,0.6178502505330271,0.6745347043804257,0.6660975302207186,4108.363112508528,1.0,0.004018455127251079,0.14654958575184798,0.4345822791083531,6.562189499995654,0.7933194247356534,0.001,0.0,12.0942,44.9602,calibrated:/Users/let/Documents/DO_A_PAPER_May_18/Papers/Paper_xAI_in_Cyber_2/6_Analysis_Results/xai_surfacebench/data/unsw_nb15/unsw_nb15_score_stream.csv
unsw_nb15_xai_gate_tuning_envelope,coverage_heavy_budget20,default,transient_overload,xai_gate,1,5000,0.24699871415359495,1.0374312654679145,53.27953023999997,0.6978111715275348,0.759258111534899,0.7302961937716561,3795.051716100455,0.999869444444704,0.1555313890261987,0.15501730103806227,0.5445378151260504,5.035223999999374,0.203955974371147,0.0096,0.0,10.115,56.0098,calibrated:/Users/let/Documents/DO_A_PAPER_May_18/Papers/Paper_xAI_in_Cyber_2/6_Analysis_Results/xai_surfacebench/data/unsw_nb15/unsw_nb15_score_stream.csv
unsw_nb15_xai_gate_tuning_envelope,coverage_heavy_budget20,default,non_markovian,xai_gate,1,5000,0.13401588179999327,1.1995916667965811,62.01778540000005,0.6879786105519221,0.7681861710874647,0.7216970838474827,736.2550131184519,0.9540655555556685,0.1735619492974822,0.15063540516550844,0.46561018380203933,4.39980399999958,0.12633092051601547,0.0018,0.0,9.2382,54.6802,calibrated:/Users/let/Documents/DO_A_PAPER_May_18/Papers/Paper_xAI_in_Cyber_2/6_Analysis_Results/xai_surfacebench/data/unsw_nb15/unsw_nb15_score_stream.csv
unsw_nb15_xai_gate_tuning_envelope,coverage_heavy_budget20,default,rtt_uncertainty,xai_gate,1,5000,0.0,0.015999942866238702,0.8267458800000007,0.7583658664895429,0.8654447320695537,0.6745173110639334,2.2823938052538453,0.8828066666666633,0.012431818811086192,0.1674003931666528,0.31746822825816096,4.881055999999516,0.07064724401045708,0.0,0.0,7.2234,44.9784,calibrated:/Users/let/Documents/DO_A_PAPER_May_18/Papers/Paper_xAI_in_Cyber_2/6_Analysis_Results/xai_surfacebench/data/unsw_nb15/unsw_nb15_score_stream.csv
unsw_nb15_xai_gate_tuning_envelope,coverage_heavy_budget20,default,adversarial_explanation_flood,xai_gate,2,5000,0.0,0.01755770464210177,0.9046452400000017,0.6153650657609785,0.6724162910796121,0.66652132709261,4202.705892811573,1.0,0.003757787520189867,0.14770741998219997,0.431346210896909,6.560849999995433,0.7952188842090655,0.0006,0.0,12.1348,45.0634,calibrated:/Users/let/Documents/DO_A_PAPER_May_18/Papers/Paper_xAI_in_Cyber_2/6_Analysis_Results/xai_surfacebench/data/unsw_nb15/unsw_nb15_score_stream.csv
unsw_nb15_xai_gate_tuning_envelope,coverage_heavy_budget20,default,transient_overload,xai_gate,2,5000,0.2481268992947033,1.0400746029591148,53.43273441999998,0.6969969119918659,0.7577879469242147,0.7326828061285398,3788.7679628423953,0.9995922222224853,0.1607149926758779,0.15442020665901263,0.5450334534225425,4.981467999999345,0.20027608393236251,0.0082,0.0,10.1036,56.1182,calibrated:/Users/let/Documents/DO_A_PAPER_May_18/Papers/Paper_xAI_in_Cyber_2/6_Analysis_Results/xai_surfacebench/data/unsw_nb15/unsw_nb15_score_stream.csv
unsw_nb15_xai_gate_tuning_envelope,coverage_heavy_budget20,default,non_markovian,xai_gate,2,5000,0.13911898405689568,1.2989276045945939,67.14466352000001,0.6869645868466274,0.7650931875141892,0.7232507951416163,840.3602362321002,0.9597750000001379,0.1758063483253997,0.15072469955386683,0.47467287126176705,4.433095999999552,0.13036187167097846,0.0026,0.0,9.3694,55.259,calibrated:/Users/let/Documents/DO_A_PAPER_May_18/Papers/Paper_xAI_in_Cyber_2/6_Analysis_Results/xai_surfacebench/data/unsw_nb15/unsw_nb15_score_stream.csv
unsw_nb15_xai_gate_tuning_envelope,coverage_heavy_budget20,default,rtt_uncertainty,xai_gate,2,5000,0.0,0.016243499014045686,0.8392451399999998,0.7563338366507336,0.863391857671847,0.6733888358594206,3.2482503859966063,0.8837783333333297,0.013040494166094716,0.16636925188743995,0.32140013726835964,4.900539999999494,0.0802098439219101,0.0,0.0,7.285,44.9604,calibrated:/Users/let/Documents/DO_A_PAPER_May_18/Papers/Paper_xAI_in_Cyber_2/6_Analysis_Results/xai_surfacebench/data/unsw_nb15/unsw_nb15_score_stream.csv
unsw_nb15_xai_gate_tuning_envelope,coverage_heavy_budget20,default,adversarial_explanation_flood,xai_gate,3,5000,0.0,0.016556831809643773,0.8533265999999998,0.6144899757834372,0.6711582441032985,0.6668949228212244,4193.857152255114,1.0,0.0038218868919163798,0.1434360739996376,0.43272573019388466,6.555924999995489,0.7962842131583927,0.0004,0.0,12.1406,45.0582,calibrated:/Users/let/Documents/DO_A_PAPER_May_18/Papers/Paper_xAI_in_Cyber_2/6_Analysis_Results/xai_surfacebench/data/unsw_nb15/unsw_nb15_score_stream.csv
unsw_nb15_xai_gate_tuning_envelope,coverage_heavy_budget20,default,transient_overload,xai_gate,3,5000,0.2478082785971884,1.036439316694234,53.22715781999999,0.6935917656087408,0.7545675465979479,0.7298617264265996,3905.465052124275,1.0,0.15673302223009825,0.15385827081733514,0.5407732293685755,5.01017499999403,0.20537001634074015,0.009,0.0,10.1574,56.1786,calibrated:/Users/let/Documents/DO_A_PAPER_May_18/Papers/Paper_xAI_in_Cyber_2/6_Analysis_Results/xai_surfacebench/data/unsw_nb15/unsw_nb15_score_stream.csv
unsw_nb15_xai_gate_tuning_envelope,coverage_heavy_budget20,default,non_markovian,xai_gate,3,5000,0.13444763674598953,1.2444581780478803,64.33524188000011,0.68729759346807,0.7663067175323859,0.7222642887838217,789.4506371226802,0.9575138888890168,0.17460249247958745,0.15085947571981093,0.46953158573270304,4.418091999999546,0.1327652469374696,0.002,0.0,9.308,54.7804,calibrated:/Users/let/Documents/DO_A_PAPER_May_18/Papers/Paper_xAI_in_Cyber_2/6_Analysis_Results/xai_surfacebench/data/unsw_nb15/unsw_nb15_score_stream.csv
unsw_nb15_xai_gate_tuning_envelope,coverage_heavy_budget20,default,rtt_uncertainty,xai_gate,3,5000,0.0,0.016852091382096937,0.8707001799999993,0.7570481878202572,0.8640659696104953,0.6731498161635071,4.405405404797816,0.8882938888888912,0.012053803796948197,0.1744514149521957,0.3130975536257294,4.921579999999508,0.07942112297883686,0.0,0.0,7.3006,45.0896,calibrated:/Users/let/Documents/DO_A_PAPER_May_18/Papers/Paper_xAI_in_Cyber_2/6_Analysis_Results/xai_surfacebench/data/unsw_nb15/unsw_nb15_score_stream.csv
unsw_nb15_xai_gate_tuning_envelope,coverage_heavy_budget20,default,adversarial_explanation_flood,xai_gate,4,5000,0.0,0.01875981099732307,0.9669559600000003,0.6088786743654475,0.6648926825131923,0.6685125873092705,4421.249547662335,1.0,0.004024013217084062,0.14421016472281747,0.4261528143549609,6.541599999995741,0.8045869623292863,0.0004,0.0,12.2266,45.1686,calibrated:/Users/let/Documents/DO_A_PAPER_May_18/Papers/Paper_xAI_in_Cyber_2/6_Analysis_Results/xai_surfacebench/data/unsw_nb15/unsw_nb15_score_stream.csv
unsw_nb15_xai_gate_tuning_envelope,coverage_heavy_budget20,default,transient_overload,xai_gate,4,5000,0.24556665132344233,1.0374591435227822,53.29847143999998,0.6977194516194152,0.7585081320574097,0.7330558315120512,3784.2443801066324,0.9988238888891505,0.16034174448638983,0.1549374130737135,0.5435525531492151,4.974603999999343,0.1972472590340668,0.0078,0.0,10.066,56.0508,calibrated:/Users/let/Documents/DO_A_PAPER_May_18/Papers/Paper_xAI_in_Cyber_2/6_Analysis_Results/xai_surfacebench/data/unsw_nb15/unsw_nb15_score_stream.csv
unsw_nb15_xai_gate_tuning_envelope,coverage_heavy_budget20,default,non_markovian,xai_gate,4,5000,0.13773067916115359,1.2588453538405684,65.07138169999992,0.687679290722786,0.7664754041400152,0.7209319920717678,807.3913168145759,0.9587755555556788,0.1703927878774962,0.15223460710556042,0.47554399948850196,4.484655999999558,0.1339532242180408,0.0024,0.0,9.3842,55.171,calibrated:/Users/let/Documents/DO_A_PAPER_May_18/Papers/Paper_xAI_in_Cyber_2/6_Analysis_Results/xai_surfacebench/data/unsw_nb15/unsw_nb15_score_stream.csv
unsw_nb15_xai_gate_tuning_envelope,coverage_heavy_budget20,default,rtt_uncertainty,xai_gate,4,5000,0.0,0.01638237239380112,0.8465090399999997,0.7575126459410709,0.8640490450644766,0.6737427111989471,7.091742638179882,0.8920861111111089,0.012249473655428868,0.17778142345446094,0.30921718207420773,4.933843999999482,0.0810499246253431,0.0,0.0,7.3146,45.108,calibrated:/Users/let/Documents/DO_A_PAPER_May_18/Papers/Paper_xAI_in_Cyber_2/6_Analysis_Results/xai_surfacebench/data/unsw_nb15/unsw_nb15_score_stream.csv
unsw_nb15_xai_gate_tuning_envelope,coverage_heavy_budget20,default,adversarial_explanation_flood,xai_gate,5,5000,0.0,0.01731149789175465,0.891887809999797,0.6132706896832483,0.6697124004318212,0.6685295472867904,4230.783751202329,1.0,0.004393832178649596,0.14545723830368457,0.4297645103421234,6.544125999995504,0.7974839307001229,0.0006,0.0,12.1534,45.0756,calibrated:/Users/let/Documents/DO_A_PAPER_May_18/Papers/Paper_xAI_in_Cyber_2/6_Analysis_Results/xai_surfacebench/data/unsw_nb15/unsw_nb15_score_stream.csv
unsw_nb15_xai_gate_tuning_envelope,coverage_heavy_budget20,default,transient_overload,xai_gate,5,5000,0.24596388065980085,1.0355801307022208,53.17772397999999,0.6929761484785981,0.7546596275140238,0.7277949102377385,3887.138717705055,1.0,0.15363358419567263,0.1536139855754155,0.5427298918145101,5.0506629999942145,0.21265271346017744,0.0106,0.0,10.2048,56.1018,calibrated:/Users/let/Documents/DO_A_PAPER_May_18/Papers/Paper_xAI_in_Cyber_2/6_Analysis_Results/xai_surfacebench/data/unsw_nb15/unsw_nb15_score_stream.csv
unsw_nb15_xai_gate_tuning_envelope,coverage_heavy_budget20,default,non_markovian,xai_gate,5,5000,0.1390319854039055,1.3135373549136575,67.90013095999991,0.6875381977928651,0.7658119527992179,0.7223846565948621,811.0843904763417,0.9592766666668017,0.17424193721204329,0.15103396549876782,0.4707382406514518,4.433819999999542,0.1329453666139837,0.0032,0.0,9.333,54.9188,calibrated:/Users/let/Documents/DO_A_PAPER_May_18/Papers/Paper_xAI_in_Cyber_2/6_Analysis_Results/xai_surfacebench/data/unsw_nb15/unsw_nb15_score_stream.csv
unsw_nb15_xai_gate_tuning_envelope,coverage_heavy_budget20,default,rtt_uncertainty,xai_gate,5,5000,0.0,0.01762182911693634,0.9106043800000009,0.7572033131291771,0.8641203805367283,0.67301701527218,3.396498461249667,0.8885005555555555,0.012122541894078605,0.17350045253832863,0.3118126217053838,4.917043999999509,0.08049880573484258,0.0,0.0,7.2922,44.9928,calibrated:/Users/let/Documents/DO_A_PAPER_May_18/Papers/Paper_xAI_in_Cyber_2/6_Analysis_Results/xai_surfacebench/data/unsw_nb15/unsw_nb15_score_stream.csv
unsw_nb15_xai_gate_tuning_envelope,coverage_heavy_budget20,default,adversarial_explanation_flood,xai_gate,6,5000,0.0,0.018893951134342158,0.9736848749997987,0.6139674618960891,0.6706806884633048,0.6670923283079315,4227.776415413737,1.0,0.003896680422880255,0.14728465497114485,0.43035711349632677,6.559828999995578,0.7975977254053508,0.0002,0.0,12.1642,45.1128,calibrated:/Users/let/Documents/DO_A_PAPER_May_18/Papers/Paper_xAI_in_Cyber_2/6_Analysis_Results/xai_surfacebench/data/unsw_nb15/unsw_nb15_score_stream.csv
unsw_nb15_xai_gate_tuning_envelope,coverage_heavy_budget20,default,transient_overload,xai_gate,6,5000,0.2470106022055617,1.0374189475550903,53.277657559999966,0.697364662247576,0.7594901325745116,0.728612294823267,3822.928569146356,0.999863888889157,0.1537839330808081,0.15415877525252525,0.544369476010101,5.054251999999343,0.20755580014151298,0.0098,0.0,10.1376,55.9676,calibrated:/Users/let/Documents/DO_A_PAPER_May_18/Papers/Paper_xAI_in_Cyber_2/6_Analysis_Results/xai_surfacebench/data/unsw_nb15/unsw_nb15_score_stream.csv
unsw_nb15_xai_gate_tuning_envelope,coverage_heavy_budget20,default,non_markovian,xai_gate,6,5000,0.13763846218749443,1.2192484286338072,63.02520167999979,0.6887675335589383,0.7678317706898263,0.7237107582254027,771.9740427068651,0.9566005555556765,0.17362263256555557,0.1514942578268083,0.4728189437848786,4.4285959999995494,0.13504160629016004,0.002,0.0,9.2822,54.519,calibrated:/Users/let/Documents/DO_A_PAPER_May_18/Papers/Paper_xAI_in_Cyber_2/6_Analysis_Results/xai_surfacebench/data/unsw_nb15/unsw_nb15_score_stream.csv
unsw_nb15_xai_gate_tuning_envelope,coverage_heavy_budget20,default,rtt_uncertainty,xai_gate,6,5000,0.0,0.018084091125476744,0.9343685799999998,0.7556559046352622,0.8632364239907958,0.6721475264652055,8.575342219677884,0.8918638888888878,0.012246449615771038,0.17712547858907868,0.312705352051484,4.9505399999994975,0.08733329199772188,0.0,0.0,7.3654,45.1588,calibrated:/Users/let/Documents/DO_A_PAPER_May_18/Papers/Paper_xAI_in_Cyber_2/6_Analysis_Results/xai_surfacebench/data/unsw_nb15/unsw_nb15_score_stream.csv
unsw_nb15_xai_gate_tuning_envelope,coverage_heavy_budget20,default,adversarial_explanation_flood,xai_gate,7,5000,0.0,0.018193712717510222,0.9375225200000008,0.6157737555812561,0.672942459809177,0.6660553047406773,4165.175440288915,1.0,0.003707304213145277,0.14516155607915507,0.43356922772668627,6.56654499999558,0.7988354740278689,0.0006,0.0,12.1382,44.9854,calibrated:/Users/let/Documents/DO_A_PAPER_May_18/Papers/Paper_xAI_in_Cyber_2/6_Analysis_Results/xai_surfacebench/data/unsw_nb15/unsw_nb15_score_stream.csv
unsw_nb15_xai_gate_tuning_envelope,coverage_heavy_budget20,default,transient_overload,xai_gate,7,5000,0.2452733409488453,1.0393692688900478,53.394347299999964,0.6981502786267402,0.7590771305640963,0.7344893842251603,3702.7815882099835,0.9976166666669259,0.16200291609243614,0.15605089180498133,0.5414943975073402,4.9428079999993635,0.19151822368186222,0.0092,0.0,10.0134,56.026,calibrated:/Users/let/Documents/DO_A_PAPER_May_18/Papers/Paper_xAI_in_Cyber_2/6_Analysis_Results/xai_surfacebench/data/unsw_nb15/unsw_nb15_score_stream.csv
unsw_nb15_xai_gate_tuning_envelope,coverage_heavy_budget20,default,non_markovian,xai_gate,7,5000,0.1378480396515909,1.235070464675817,63.851542539999926,0.6877813296471591,0.7675378550514943,0.721749967601171,752.2573716248652,0.9551600000001236,0.17378720463086958,0.1505248606851268,0.466629228044408,4.405995999999551,0.12487092581119419,0.0014,0.0,9.2596,54.878,calibrated:/Users/let/Documents/DO_A_PAPER_May_18/Papers/Paper_xAI_in_Cyber_2/6_Analysis_Results/xai_surfacebench/data/unsw_nb15/unsw_nb15_score_stream.csv
unsw_nb15_xai_gate_tuning_envelope,coverage_heavy_budget20,default,rtt_uncertainty,xai_gate,7,5000,0.0,0.01836579004830057,0.9490507200000002,0.7565075507251089,0.8637122056287689,0.6741274421359815,4.822305197015774,0.8882588888888832,0.013053332969223628,0.17253338430869222,0.3191785685026899,4.927471999999523,0.08238562888410961,0.0,0.0,7.3238,45.109,calibrated:/Users/let/Documents/DO_A_PAPER_May_18/Papers/Paper_xAI_in_Cyber_2/6_Analysis_Results/xai_surfacebench/data/unsw_nb15/unsw_nb15_score_stream.csv
unsw_nb15_xai_gate_tuning_envelope,coverage_heavy_budget20,default,adversarial_explanation_flood,xai_gate,8,5000,0.0,0.017832886694401282,0.9189899449995977,0.6112866445496233,0.6678890384917383,0.6675964254630001,4337.454871134385,1.0,0.004385028494473551,0.14286652761582552,0.429447437139058,6.538701499995538,0.8017082332819938,0.0008,0.0,12.1778,45.0602,calibrated:/Users/let/Documents/DO_A_PAPER_May_18/Papers/Paper_xAI_in_Cyber_2/6_Analysis_Results/xai_surfacebench/data/unsw_nb15/unsw_nb15_score_stream.csv
unsw_nb15_xai_gate_tuning_envelope,coverage_heavy_budget20,default,transient_overload,xai_gate,8,5000,0.24783228396050203,1.0426346409305762,53.56073687999997,0.6964646075403262,0.7578473473377035,0.7307978124252763,3802.7434044288234,1.0,0.15801122440913762,0.15431586435854874,0.5429758517101579,5.005888999993913,0.20046259229606078,0.0078,0.0,10.1208,56.205,calibrated:/Users/let/Documents/DO_A_PAPER_May_18/Papers/Paper_xAI_in_Cyber_2/6_Analysis_Results/xai_surfacebench/data/unsw_nb15/unsw_nb15_score_stream.csv
unsw_nb15_xai_gate_tuning_envelope,coverage_heavy_budget20,default,non_markovian,xai_gate,8,5000,0.13581265401069914,1.1981066876020512,61.93606190000002,0.6897323226855193,0.7694088842550864,0.723974228478593,734.6113581730926,0.9551600000001226,0.1729723876556578,0.15239848402815376,0.4701678397401191,4.420523999999576,0.12947294523982666,0.0016,0.0,9.235,54.5092,calibrated:/Users/let/Documents/DO_A_PAPER_May_18/Papers/Paper_xAI_in_Cyber_2/6_Analysis_Results/xai_surfacebench/data/unsw_nb15/unsw_nb15_score_stream.csv
unsw_nb15_xai_gate_tuning_envelope,coverage_heavy_budget20,default,rtt_uncertainty,xai_gate,8,5000,0.0,0.016194356379638616,0.8367210800000002,0.757179081688379,0.8638080315592951,0.6742907618417628,7.892977013402133,0.8931561111111112,0.012814919838586541,0.1779910568218999,0.3111844257825281,4.941715999999506,0.08757118689553267,0.0,0.0,7.3352,44.9638,calibrated:/Users/let/Documents/DO_A_PAPER_May_18/Papers/Paper_xAI_in_Cyber_2/6_Analysis_Results/xai_surfacebench/data/unsw_nb15/unsw_nb15_score_stream.csv
unsw_nb15_xai_gate_tuning_envelope,coverage_heavy_budget20,default,adversarial_explanation_flood,xai_gate,9,5000,0.0,0.017120717891313596,0.8823495000000013,0.613847239364483,0.6706295847702782,0.6676897268160524,4240.611981220739,1.0,0.004393976795852876,0.14684440055953263,0.43084629309572064,6.550166499995694,0.7997965176980699,0.0002,0.0,12.153,45.0162,calibrated:/Users/let/Documents/DO_A_PAPER_May_18/Papers/Paper_xAI_in_Cyber_2/6_Analysis_Results/xai_surfacebench/data/unsw_nb15/unsw_nb15_score_stream.csv
unsw_nb15_xai_gate_tuning_envelope,coverage_heavy_budget20,default,transient_overload,xai_gate,9,5000,0.24722238383520753,1.0368821209288475,53.25947305999997,0.6970239296449067,0.7581713780898893,0.7318263542649989,3811.0751910058134,1.0,0.15867363089585312,0.15319325735992403,0.5456211419741889,5.002096499994122,0.2042113087792783,0.0106,0.0,10.1088,55.9636,calibrated:/Users/let/Documents/DO_A_PAPER_May_18/Papers/Paper_xAI_in_Cyber_2/6_Analysis_Results/xai_surfacebench/data/unsw_nb15/unsw_nb15_score_stream.csv
unsw_nb15_xai_gate_tuning_envelope,coverage_heavy_budget20,default,non_markovian,xai_gate,9,5000,0.13766881075974072,1.267696101281602,65.53814394000005,0.6872031882754644,0.7652271698455145,0.723849713955119,797.5570871732206,0.9587816666668001,0.1772621113753723,0.15047888410361895,0.4720275974373808,4.407891999999566,0.13499651628954012,0.0012,0.0,9.3342,54.8266,calibrated:/Users/let/Documents/DO_A_PAPER_May_18/Papers/Paper_xAI_in_Cyber_2/6_Analysis_Results/xai_surfacebench/data/unsw_nb15/unsw_nb15_score_stream.csv
unsw_nb15_xai_gate_tuning_envelope,coverage_heavy_budget20,default,rtt_uncertainty,xai_gate,9,5000,0.0,0.017778689060931756,0.9186727000000001,0.7561958336755914,0.8632077746736274,0.6723819556879339,2.6081825409005317,0.8873638888888892,0.012592045112370316,0.17116969149489475,0.3141441515425255,4.914811999999491,0.0784695775396349,0.0,0.0,7.3062,45.164,calibrated:/Users/let/Documents/DO_A_PAPER_May_18/Papers/Paper_xAI_in_Cyber_2/6_Analysis_Results/xai_surfacebench/data/unsw_nb15/unsw_nb15_score_stream.csv
unsw_nb15_xai_gate_tuning_envelope,coverage_heavy_budget20,default,adversarial_explanation_flood,xai_gate,10,5000,0.0,0.017021499207461415,0.8776547599999998,0.6130212469234312,0.6702477268731241,0.6662463904842623,4154.555294341818,1.0,0.003954060705496309,0.14682526661197703,0.4311607875301444,6.563798999995767,0.8049231908199144,0.0002,0.0,12.19,45.025,calibrated:/Users/let/Documents/DO_A_PAPER_May_18/Papers/Paper_xAI_in_Cyber_2/6_Analysis_Results/xai_surfacebench/data/unsw_nb15/unsw_nb15_score_stream.csv
unsw_nb15_xai_gate_tuning_envelope,coverage_heavy_budget20,default,transient_overload,xai_gate,10,5000,0.2485036258176162,1.0373153696866098,53.275671100000004,0.6942469258264041,0.7560117033450597,0.7290038648155164,3850.071722257547,1.0,0.1558104816531783,0.15335507189439773,0.5432274888021664,5.0313734999938955,0.20843970797860756,0.01,0.0,10.1816,56.1694,calibrated:/Users/let/Documents/DO_A_PAPER_May_18/Papers/Paper_xAI_in_Cyber_2/6_Analysis_Results/xai_surfacebench/data/unsw_nb15/unsw_nb15_score_stream.csv
unsw_nb15_xai_gate_tuning_envelope,coverage_heavy_budget20,default,non_markovian,xai_gate,10,5000,0.13849746629162524,1.2896939242887215,66.68178960000012,0.6872685972656672,0.7673596564622994,0.7209654429970682,747.5148789532251,0.9551433333334495,0.1737108407794165,0.1498977284960706,0.46732694584993,4.412139999999524,0.12379396908931528,0.002,0.0,9.289,55.105,calibrated:/Users/let/Documents/DO_A_PAPER_May_18/Papers/Paper_xAI_in_Cyber_2/6_Analysis_Results/xai_surfacebench/data/unsw_nb15/unsw_nb15_score_stream.csv
unsw_nb15_xai_gate_tuning_envelope,coverage_heavy_budget20,default,rtt_uncertainty,xai_gate,10,5000,0.0,0.017116610781701614,0.8843724000000002,0.7578329769151464,0.8635876414997963,0.6762519499394669,4.019875977363212,0.8905427777777789,0.0141744804518287,0.17590612491089544,0.31326424302242695,4.914063999999486,0.07973215395818833,0.0,0.0,7.2948,45.0408,calibrated:/Users/let/Documents/DO_A_PAPER_May_18/Papers/Paper_xAI_in_Cyber_2/6_Analysis_Results/xai_surfacebench/data/unsw_nb15/unsw_nb15_score_stream.csv
unsw_nb15_xai_gate_tuning_envelope,coverage_heavy_budget20,default,adversarial_explanation_flood,xai_gate,11,5000,0.0,0.015331230844809599,0.79027458,0.613097746585072,0.669456104751578,0.6677761706746501,4202.045417006604,1.0,0.004092634900807021,0.14325865781298794,0.43222497986490727,6.553803999995635,0.8015033007771206,0.0008,0.0,12.1682,45.0298,calibrated:/Users/let/Documents/DO_A_PAPER_May_18/Papers/Paper_xAI_in_Cyber_2/6_Analysis_Results/xai_surfacebench/data/unsw_nb15/unsw_nb15_score_stream.csv
unsw_nb15_xai_gate_tuning_envelope,coverage_heavy_budget20,default,transient_overload,xai_gate,11,5000,0.24676253999736067,1.0368330588449814,53.26957925999996,0.6977158026607236,0.7585650543977969,0.7345435383483697,3722.275548124974,0.9990916666669198,0.16220246972498956,0.1553222374674382,0.5446916820775916,4.958099999999332,0.19594336694835857,0.006,0.0,10.0578,56.0662,calibrated:/Users/let/Documents/DO_A_PAPER_May_18/Papers/Paper_xAI_in_Cyber_2/6_Analysis_Results/xai_surfacebench/data/unsw_nb15/unsw_nb15_score_stream.csv
unsw_nb15_xai_gate_tuning_envelope,coverage_heavy_budget20,default,non_markovian,xai_gate,11,5000,0.13889151718873863,1.2689729320416565,65.60103719999992,0.6901567091088027,0.7705376183847147,0.7216223745782748,725.2911117154733,0.9531472222223382,0.16928936772227662,0.15224725214930895,0.46555664381325496,4.43065199999956,0.12402019786865526,0.0024,0.0,9.189,54.5008,calibrated:/Users/let/Documents/DO_A_PAPER_May_18/Papers/Paper_xAI_in_Cyber_2/6_Analysis_Results/xai_surfacebench/data/unsw_nb15/unsw_nb15_score_stream.csv
unsw_nb15_xai_gate_tuning_envelope,coverage_heavy_budget20,default,rtt_uncertainty,xai_gate,11,5000,0.0,0.016836686500873117,0.8699336600000009,0.7556723111631315,0.863622996920537,0.6714913712220952,5.673904817754789,0.8907438888888913,0.011687640999157402,0.1747710037780979,0.31415291783316573,4.949111999999512,0.08756122723470039,0.0,0.0,7.3582,45.1052,calibrated:/Users/let/Documents/DO_A_PAPER_May_18/Papers/Paper_xAI_in_Cyber_2/6_Analysis_Results/xai_surfacebench/data/unsw_nb15/unsw_nb15_score_stream.csv
unsw_nb15_xai_gate_tuning_envelope,coverage_heavy_budget20,default,adversarial_explanation_flood,xai_gate,12,5000,0.0,0.017635348728380806,0.9090414549998055,0.6192204875782289,0.6758367699677612,0.6668925984854895,4064.375647622168,1.0,0.0037952236530270638,0.14706905981206186,0.43531961086463894,6.564588999995685,0.7934256811281466,0.0002,0.0,12.0678,44.8594,calibrated:/Users/let/Documents/DO_A_PAPER_May_18/Papers/Paper_xAI_in_Cyber_2/6_Analysis_Results/xai_surfacebench/data/unsw_nb15/unsw_nb15_score_stream.csv
unsw_nb15_xai_gate_tuning_envelope,coverage_heavy_budget20,default,transient_overload,xai_gate,12,5000,0.2496947069553437,1.0363659741350757,53.22943783999996,0.6973787734728834,0.7590178690454863,0.7310284446557568,3776.021158586081,0.999411666666932,0.15783218445448063,0.15345455986054987,0.5440535615244434,5.004827999999333,0.19671309251627322,0.0102,0.0,10.0968,56.2474,calibrated:/Users/let/Documents/DO_A_PAPER_May_18/Papers/Paper_xAI_in_Cyber_2/6_Analysis_Results/xai_surfacebench/data/unsw_nb15/unsw_nb15_score_stream.csv
unsw_nb15_xai_gate_tuning_envelope,coverage_heavy_budget20,default,non_markovian,xai_gate,12,5000,0.13817029033119854,1.2111320567216024,62.60213224000002,0.6868560372505276,0.7652916766037151,0.7195528671358251,866.8895772615465,0.960551666666809,0.17128399209065975,0.15114919311972444,0.47103097824931434,4.476971999999537,0.13198601173069702,0.0022,0.0,9.4066,55.3988,calibrated:/Users/let/Documents/DO_A_PAPER_May_18/Papers/Paper_xAI_in_Cyber_2/6_Analysis_Results/xai_surfacebench/data/unsw_nb15/unsw_nb15_score_stream.csv
unsw_nb15_xai_gate_tuning_envelope,coverage_heavy_budget20,default,rtt_uncertainty,xai_gate,12,5000,0.0,0.015383962247015182,0.7949421400000003,0.7561958068754888,0.863234470941109,0.6733499284335616,4.154944218752713,0.8877038888888867,0.013466170352529012,0.17243266914823735,0.3140464199693453,4.910823999999471,0.08476589174905724,0.0,0.0,7.3072,44.908,calibrated:/Users/let/Documents/DO_A_PAPER_May_18/Papers/Paper_xAI_in_Cyber_2/6_Analysis_Results/xai_surfacebench/data/unsw_nb15/unsw_nb15_score_stream.csv
unsw_nb15_xai_gate_tuning_envelope,coverage_heavy_budget20,default,adversarial_explanation_flood,xai_gate,13,5000,0.0,0.01700710184046113,0.8767358200000017,0.6191681006665147,0.6762664169848911,0.6667450196074708,4048.4387148906253,1.0,0.003971077320184655,0.14957724572695535,0.43567061568178833,6.572025499995574,0.7945383228963487,0.0004,0.0,12.0874,44.9044,calibrated:/Users/let/Documents/DO_A_PAPER_May_18/Papers/Paper_xAI_in_Cyber_2/6_Analysis_Results/xai_surfacebench/data/unsw_nb15/unsw_nb15_score_stream.csv
unsw_nb15_xai_gate_tuning_envelope,coverage_heavy_budget20,default,transient_overload,xai_gate,13,5000,0.24803186529420188,1.038094574444131,53.31747873999997,0.6952467775257527,0.7572093357773161,0.7273103906320848,3845.354165472261,1.0,0.15306503985043787,0.15296664370756666,0.5412230640547419,5.0528269999940045,0.20660587928005336,0.0098,0.0,10.163,56.152,calibrated:/Users/let/Documents/DO_A_PAPER_May_18/Papers/Paper_xAI_in_Cyber_2/6_Analysis_Results/xai_surfacebench/data/unsw_nb15/unsw_nb15_score_stream.csv
unsw_nb15_xai_gate_tuning_envelope,coverage_heavy_budget20,default,non_markovian,xai_gate,13,5000,0.14041431317116085,1.2913503709318186,66.75448326000014,0.6844887213295229,0.7614879360108143,0.7221390509488255,931.7211572992421,0.9627072222223736,0.1774047473619916,0.14895006213273237,0.4801069946713284,4.451899999999545,0.14138522081749794,0.0024,0.0,9.4958,55.4636,calibrated:/Users/let/Documents/DO_A_PAPER_May_18/Papers/Paper_xAI_in_Cyber_2/6_Analysis_Results/xai_surfacebench/data/unsw_nb15/unsw_nb15_score_stream.csv
unsw_nb15_xai_gate_tuning_envelope,coverage_heavy_budget20,default,rtt_uncertainty,xai_gate,13,5000,0.0,0.01757638469287523,0.9081661000000008,0.7574401966139463,0.8651894033125197,0.6738643250691011,14.815866717889241,0.8924916666666677,0.012179137083560896,0.17946477334789732,0.3093664664117968,4.93969999999952,0.08616665035340176,0.0,0.0,7.324,44.9532,calibrated:/Users/let/Documents/DO_A_PAPER_May_18/Papers/Paper_xAI_in_Cyber_2/6_Analysis_Results/xai_surfacebench/data/unsw_nb15/unsw_nb15_score_stream.csv
unsw_nb15_xai_gate_tuning_envelope,coverage_heavy_budget20,default,adversarial_explanation_flood,xai_gate,14,5000,0.0,0.01685319616560301,0.8687974600000009,0.6172167921870702,0.6739985473293597,0.6667262062404508,4056.4448469246977,1.0,0.0045352975254489775,0.14620541256310518,0.43315608706380343,6.546395499995493,0.794372593308712,0.0002,0.0,12.083,44.8922,calibrated:/Users/let/Documents/DO_A_PAPER_May_18/Papers/Paper_xAI_in_Cyber_2/6_Analysis_Results/xai_surfacebench/data/unsw_nb15/unsw_nb15_score_stream.csv
unsw_nb15_xai_gate_tuning_envelope,coverage_heavy_budget20,default,transient_overload,xai_gate,14,5000,0.2477308185379796,1.0397216408854386,53.40579828000002,0.6953130487967589,0.7563375778791056,0.7311384399855527,3829.8075941042625,1.0,0.15840880838217014,0.15339687049862863,0.543331557448674,5.000713999993953,0.2011433365803752,0.009,0.0,10.1358,56.2564,calibrated:/Users/let/Documents/DO_A_PAPER_May_18/Papers/Paper_xAI_in_Cyber_2/6_Analysis_Results/xai_surfacebench/data/unsw_nb15/unsw_nb15_score_stream.csv
unsw_nb15_xai_gate_tuning_envelope,coverage_heavy_budget20,default,non_markovian,xai_gate,14,5000,0.13762281832458656,1.2946471796804169,66.9359601399999,0.6865311769375181,0.765524148862596,0.7210804144055054,799.5678367707585,0.9574850000001263,0.17487827373930204,0.15106926063362006,0.46667810643272345,4.4130559999995675,0.12726696818356098,0.0024,0.0,9.3242,55.1434,calibrated:/Users/let/Documents/DO_A_PAPER_May_18/Papers/Paper_xAI_in_Cyber_2/6_Analysis_Results/xai_surfacebench/data/unsw_nb15/unsw_nb15_score_stream.csv
unsw_nb15_xai_gate_tuning_envelope,coverage_heavy_budget20,default,rtt_uncertainty,xai_gate,14,5000,0.0,0.01785152287674789,0.9223825000000002,0.7575367303142793,0.8644161470422286,0.6735526314026182,4.603036711956946,0.8867383333333362,0.012436031475265504,0.17094040609695701,0.3136246079348484,4.903471999999489,0.07732550815493422,0.0,0.0,7.2692,44.983,calibrated:/Users/let/Documents/DO_A_PAPER_May_18/Papers/Paper_xAI_in_Cyber_2/6_Analysis_Results/xai_surfacebench/data/unsw_nb15/unsw_nb15_score_stream.csv
unsw_nb15_xai_gate_tuning_envelope,coverage_heavy_budget20,default,adversarial_explanation_flood,xai_gate,15,5000,0.0,0.018997389593598427,0.9793993600000005,0.6145088696366552,0.6713472987132076,0.6672549711223998,4160.871811449526,1.0,0.004026402640264027,0.14405940594059405,0.4306827557748914,6.543702499995391,0.7947818051773179,0.0002,0.0,12.12,45.0194,calibrated:/Users/let/Documents/DO_A_PAPER_May_18/Papers/Paper_xAI_in_Cyber_2/6_Analysis_Results/xai_surfacebench/data/unsw_nb15/unsw_nb15_score_stream.csv
unsw_nb15_xai_gate_tuning_envelope,coverage_heavy_budget20,default,transient_overload,xai_gate,15,5000,0.24853868607947008,1.0354292237155838,53.17470175999998,0.6974414062501019,0.759173386102568,0.7295198074495237,3804.8787857083103,0.999937222222482,0.15477035984848486,0.15453361742424243,0.5454940025252525,5.047683999999343,0.20175398041886394,0.0092,0.0,10.1376,56.2378,calibrated:/Users/let/Documents/DO_A_PAPER_May_18/Papers/Paper_xAI_in_Cyber_2/6_Analysis_Results/xai_surfacebench/data/unsw_nb15/unsw_nb15_score_stream.csv
unsw_nb15_xai_gate_tuning_envelope,coverage_heavy_budget20,default,non_markovian,xai_gate,15,5000,0.13918124705711912,1.2824605258157842,66.29045510000005,0.68533439220678,0.7639623526980638,0.71973549343498,895.8270738163529,0.9604405555556996,0.17327403642524353,0.1505082592121982,0.4738458280389665,4.465703999999585,0.140207903219965,0.0018,0.0,9.444,55.218,calibrated:/Users/let/Documents/DO_A_PAPER_May_18/Papers/Paper_xAI_in_Cyber_2/6_Analysis_Results/xai_surfacebench/data/unsw_nb15/unsw_nb15_score_stream.csv
unsw_nb15_xai_gate_tuning_envelope,coverage_heavy_budget20,default,rtt_uncertainty,xai_gate,15,5000,0.0,0.015439929584362239,0.79774356,0.7566680264339544,0.8632212764785777,0.6740489477317684,4.275421605555675,0.8932666666666658,0.012863397786298986,0.17821109026134727,0.3130456065921514,4.949455999999527,0.09106284493502192,0.0,0.0,7.3542,44.936,calibrated:/Users/let/Documents/DO_A_PAPER_May_18/Papers/Paper_xAI_in_Cyber_2/6_Analysis_Results/xai_surfacebench/data/unsw_nb15/unsw_nb15_score_stream.csv
unsw_nb15_xai_gate_tuning_envelope,coverage_heavy_budget20,default,adversarial_explanation_flood,xai_gate,16,5000,0.0,0.01705837971278834,0.8794044399999995,0.6153474079574425,0.6719612522010376,0.6674918070004368,4118.1466773309185,1.0,0.0042430245996367836,0.1444774640911342,0.43260070992174965,6.547493499995584,0.7961994235080587,0.001,0.0,12.114,44.9616,calibrated:/Users/let/Documents/DO_A_PAPER_May_18/Papers/Paper_xAI_in_Cyber_2/6_Analysis_Results/xai_surfacebench/data/unsw_nb15/unsw_nb15_score_stream.csv
unsw_nb15_xai_gate_tuning_envelope,coverage_heavy_budget20,default,transient_overload,xai_gate,16,5000,0.2475644930454336,1.037612974371637,53.29311772000001,0.6938831292618455,0.755118024131727,0.7293655048047417,3863.081588911085,1.0,0.15650242723216917,0.15351506456241032,0.542370924312476,5.02082249999414,0.20883180628660836,0.0084,0.0,10.1762,56.1214,calibrated:/Users/let/Documents/DO_A_PAPER_May_18/Papers/Paper_xAI_in_Cyber_2/6_Analysis_Results/xai_surfacebench/data/unsw_nb15/unsw_nb15_score_stream.csv
unsw_nb15_xai_gate_tuning_envelope,coverage_heavy_budget20,default,non_markovian,xai_gate,16,5000,0.13535330114423158,1.3050788366060264,67.48157452000001,0.6867045136271481,0.764170668656645,0.7252864375740441,774.7775716980581,0.9572716666668011,0.18170849940751913,0.15178282882688787,0.4658623289884736,4.346607999999569,0.12759031168768065,0.0018,0.0,9.283,54.884,calibrated:/Users/let/Documents/DO_A_PAPER_May_18/Papers/Paper_xAI_in_Cyber_2/6_Analysis_Results/xai_surfacebench/data/unsw_nb15/unsw_nb15_score_stream.csv
unsw_nb15_xai_gate_tuning_envelope,coverage_heavy_budget20,default,rtt_uncertainty,xai_gate,16,5000,0.0,0.01701819527304676,0.8792636999999986,0.7556459958932971,0.8640733439843074,0.6705851647258353,2.614886695929701,0.8844511111111091,0.011389459274469542,0.16632443531827515,0.3186584531143053,4.915775999999532,0.08316096172238163,0.0,0.0,7.305,44.961,calibrated:/Users/let/Documents/DO_A_PAPER_May_18/Papers/Paper_xAI_in_Cyber_2/6_Analysis_Results/xai_surfacebench/data/unsw_nb15/unsw_nb15_score_stream.csv
unsw_nb15_xai_gate_tuning_envelope,coverage_heavy_budget20,default,adversarial_explanation_flood,xai_gate,17,5000,0.0,0.017251783781350217,0.8892175000000007,0.6166939956094739,0.6739599376099646,0.6660942374030984,4138.943803429989,1.0,0.003763059301193286,0.1478321147402994,0.43270436877916163,6.564715499995601,0.7966589716559669,0.0,0.0,12.1178,44.9642,calibrated:/Users/let/Documents/DO_A_PAPER_May_18/Papers/Paper_xAI_in_Cyber_2/6_Analysis_Results/xai_surfacebench/data/unsw_nb15/unsw_nb15_score_stream.csv
unsw_nb15_xai_gate_tuning_envelope,coverage_heavy_budget20,default,transient_overload,xai_gate,17,5000,0.24895939062204486,1.0373896999236216,53.27422734000002,0.6971631051449965,0.7583576903356954,0.7316441971251215,3802.716688919542,1.0,0.15739221539130607,0.15484215312234367,0.5456639057453447,5.01774199999385,0.20336505467083765,0.0104,0.0,10.1174,56.0506,calibrated:/Users/let/Documents/DO_A_PAPER_May_18/Papers/Paper_xAI_in_Cyber_2/6_Analysis_Results/xai_surfacebench/data/unsw_nb15/unsw_nb15_score_stream.csv
unsw_nb15_xai_gate_tuning_envelope,coverage_heavy_budget20,default,non_markovian,xai_gate,17,5000,0.13585032280072748,1.310999385977686,67.77705268000004,0.6859702317670445,0.7646689118727057,0.7209104826706176,877.7878588589068,0.9594811111112476,0.17401658515840954,0.15083988943227727,0.47352753561556454,4.450607999999526,0.13781661628386366,0.0012,0.0,9.406,55.1114,calibrated:/Users/let/Documents/DO_A_PAPER_May_18/Papers/Paper_xAI_in_Cyber_2/6_Analysis_Results/xai_surfacebench/data/unsw_nb15/unsw_nb15_score_stream.csv
unsw_nb15_xai_gate_tuning_envelope,coverage_heavy_budget20,default,rtt_uncertainty,xai_gate,17,5000,0.0,0.016929253221359762,0.8746478599999997,0.7557340326723194,0.8631231718915829,0.6720496055928723,3.9044660057611384,0.8875805555555522,0.012620881822652025,0.17182975468502432,0.3145659181554936,4.9202919999995025,0.08468971402665093,0.0,0.0,7.3212,44.9972,calibrated:/Users/let/Documents/DO_A_PAPER_May_18/Papers/Paper_xAI_in_Cyber_2/6_Analysis_Results/xai_surfacebench/data/unsw_nb15/unsw_nb15_score_stream.csv
unsw_nb15_xai_gate_tuning_envelope,coverage_heavy_budget20,default,adversarial_explanation_flood,xai_gate,18,5000,0.0,0.018118743118707856,0.9336200800000002,0.6096565965517692,0.6663542692987245,0.6675572066468765,4335.338241847049,1.0,0.00433445647551441,0.1456050246982237,0.4267027053544466,6.545208999995566,0.8081532218949232,0.0006,0.0,12.2276,45.0832,calibrated:/Users/let/Documents/DO_A_PAPER_May_18/Papers/Paper_xAI_in_Cyber_2/6_Analysis_Results/xai_surfacebench/data/unsw_nb15/unsw_nb15_score_stream.csv
unsw_nb15_xai_gate_tuning_envelope,coverage_heavy_budget20,default,transient_overload,xai_gate,18,5000,0.24891066797161737,1.0378634254725043,53.30447435999999,0.6923578559234806,0.7533958344779581,0.7288452938990049,3895.5096366421594,1.0,0.1561574518995038,0.1523917861415655,0.5413634848086845,5.020221999993875,0.2053536073493316,0.0086,0.0,10.1974,56.4006,calibrated:/Users/let/Documents/DO_A_PAPER_May_18/Papers/Paper_xAI_in_Cyber_2/6_Analysis_Results/xai_surfacebench/data/unsw_nb15/unsw_nb15_score_stream.csv
unsw_nb15_xai_gate_tuning_envelope,coverage_heavy_budget20,default,non_markovian,xai_gate,18,5000,0.13631996193891918,1.1508010222462945,59.47926691999984,0.6882738120697186,0.7675804232391411,0.7203229117659452,777.9344410426521,0.9572438888890192,0.16900474744450622,0.14988666010863522,0.47562123091399,4.486031999999547,0.14090529256405904,0.0026,0.0,9.3524,54.649,calibrated:/Users/let/Documents/DO_A_PAPER_May_18/Papers/Paper_xAI_in_Cyber_2/6_Analysis_Results/xai_surfacebench/data/unsw_nb15/unsw_nb15_score_stream.csv
unsw_nb15_xai_gate_tuning_envelope,coverage_heavy_budget20,default,rtt_uncertainty,xai_gate,18,5000,0.0,0.01599082877895353,0.8261025399999998,0.7574435326729078,0.8645074611735761,0.6733117985863853,4.545561009606857,0.887488888888887,0.01182863572741993,0.17191316518923072,0.3151466915497983,4.918011999999478,0.07972038747492682,0.0,0.0,7.2874,44.9956,calibrated:/Users/let/Documents/DO_A_PAPER_May_18/Papers/Paper_xAI_in_Cyber_2/6_Analysis_Results/xai_surfacebench/data/unsw_nb15/unsw_nb15_score_stream.csv
unsw_nb15_xai_gate_tuning_envelope,coverage_heavy_budget20,default,adversarial_explanation_flood,xai_gate,19,5000,0.0,0.018311925877884792,0.9436327200000006,0.6138185641850239,0.6704268900401512,0.6678140741779812,4238.748499587523,1.0,0.0038356434991604384,0.14605076877489875,0.4312567905699501,6.554631499995728,0.7962650012789068,0.0006,0.0,12.1492,45.0906,calibrated:/Users/let/Documents/DO_A_PAPER_May_18/Papers/Paper_xAI_in_Cyber_2/6_Analysis_Results/xai_surfacebench/data/unsw_nb15/unsw_nb15_score_stream.csv
unsw_nb15_xai_gate_tuning_envelope,coverage_heavy_budget20,default,transient_overload,xai_gate,19,5000,0.24894984658050565,1.0357107960807075,53.19417061999999,0.6970758443611558,0.7585347639832171,0.7308372506419448,3809.1776917988623,0.9997683333336033,0.1576733162156824,0.15453288564092435,0.5449140825597472,5.015547999999357,0.20009718345747785,0.0072,0.0,10.126,56.251,calibrated:/Users/let/Documents/DO_A_PAPER_May_18/Papers/Paper_xAI_in_Cyber_2/6_Analysis_Results/xai_surfacebench/data/unsw_nb15/unsw_nb15_score_stream.csv
unsw_nb15_xai_gate_tuning_envelope,coverage_heavy_budget20,default,non_markovian,xai_gate,19,5000,0.13535189731288438,1.248184553159861,64.53568607999983,0.6861067781273755,0.7646704685538427,0.7243562287240738,783.307915692416,0.9572272222223582,0.18128150988925756,0.15165682768130306,0.464213383892791,4.345203999999592,0.12802229116313035,0.0008,0.0,9.2828,54.8618,calibrated:/Users/let/Documents/DO_A_PAPER_May_18/Papers/Paper_xAI_in_Cyber_2/6_Analysis_Results/xai_surfacebench/data/unsw_nb15/unsw_nb15_score_stream.csv
unsw_nb15_xai_gate_tuning_envelope,coverage_heavy_budget20,default,rtt_uncertainty,xai_gate,19,5000,0.0,0.01845529112699259,0.9535230599999992,0.7579235916845664,0.8653725653624253,0.674142257896232,12.571848942604323,0.889197777777776,0.011957654544457243,0.17429104272941692,0.31435467061598377,4.9250119999995015,0.08232779731956108,0.0,0.0,7.2924,44.918,calibrated:/Users/let/Documents/DO_A_PAPER_May_18/Papers/Paper_xAI_in_Cyber_2/6_Analysis_Results/xai_surfacebench/data/unsw_nb15/unsw_nb15_score_stream.csv
unsw_nb15_xai_gate_tuning_envelope,coverage_heavy_budget20,default,adversarial_explanation_flood,xai_gate,20,5000,0.0,0.018236400758859943,0.9401269199993946,0.613741382430557,0.6704146375622055,0.667223127169434,4186.741445906783,1.0,0.0038501406782170886,0.14540039817694195,0.431314477515509,6.555843999995537,0.7972135604948352,0.0006,0.0,12.1554,45.0898,calibrated:/Users/let/Documents/DO_A_PAPER_May_18/Papers/Paper_xAI_in_Cyber_2/6_Analysis_Results/xai_surfacebench/data/unsw_nb15/unsw_nb15_score_stream.csv
unsw_nb15_xai_gate_tuning_envelope,coverage_heavy_budget20,default,transient_overload,xai_gate,20,5000,0.24748042171572338,1.0364580754044546,53.23804247999992,0.6921627760618846,0.7534887061631288,0.7292668980713106,3885.1072478630526,1.0,0.15754488780506992,0.15304135774548172,0.5379210997254802,4.995012999993924,0.20783050609924714,0.0078,0.0,10.1698,56.1326,calibrated:/Users/let/Documents/DO_A_PAPER_May_18/Papers/Paper_xAI_in_Cyber_2/6_Analysis_Results/xai_surfacebench/data/unsw_nb15/unsw_nb15_score_stream.csv
unsw_nb15_xai_gate_tuning_envelope,coverage_heavy_budget20,default,non_markovian,xai_gate,20,5000,0.13876916487127994,1.2387857661307502,64.04721021999998,0.6875458437852295,0.7670145465812935,0.7225309229305222,729.1346274650504,0.9552611111112328,0.17567684456361907,0.14983565435515958,0.46607127411123606,4.385951999999573,0.12577445073336557,0.0028,0.0,9.2488,54.77,calibrated:/Users/let/Documents/DO_A_PAPER_May_18/Papers/Paper_xAI_in_Cyber_2/6_Analysis_Results/xai_surfacebench/data/unsw_nb15/unsw_nb15_score_stream.csv
unsw_nb15_xai_gate_tuning_envelope,coverage_heavy_budget20,default,rtt_uncertainty,xai_gate,20,5000,0.0,0.015383973608094268,0.7948289599999995,0.7568680792892101,0.8641703920951409,0.6745415358816058,8.175226656421776,0.8893461111111104,0.013369788106630212,0.17427204374572797,0.3156254272043746,4.922935999999518,0.08508779346692963,0.0,0.0,7.315,44.9426,calibrated:/Users/let/Documents/DO_A_PAPER_May_18/Papers/Paper_xAI_in_Cyber_2/6_Analysis_Results/xai_surfacebench/data/unsw_nb15/unsw_nb15_score_stream.csv
unsw_nb15_xai_gate_tuning_envelope,exposure_strict,default,adversarial_explanation_flood,xai_gate,1,5000,0.0,0.017637349854250254,0.9089656799999993,0.6331744161039972,0.6908565887791605,0.6682485402609568,4028.807883292985,1.0,4.962286621675268e-05,0.17295222972078866,0.46099849477242805,6.755291499995653,0.799092954326321,0.0032,0.0,12.0912,44.8048,calibrated:/Users/let/Documents/DO_A_PAPER_May_18/Papers/Paper_xAI_in_Cyber_2/6_Analysis_Results/xai_surfacebench/data/unsw_nb15/unsw_nb15_score_stream.csv
unsw_nb15_xai_gate_tuning_envelope,exposure_strict,default,transient_overload,xai_gate,1,5000,0.24786415385108168,1.0396433645395269,53.313234159999936,0.6849397015875222,0.7488970569595624,0.7309447082431294,3420.6784466321765,0.9875638888891458,0.1850277154153339,0.17213359028867742,0.5012218623964397,4.624751999999422,0.1942547267293777,0.0398,0.0,10.0666,56.1946,calibrated:/Users/let/Documents/DO_A_PAPER_May_18/Papers/Paper_xAI_in_Cyber_2/6_Analysis_Results/xai_surfacebench/data/unsw_nb15/unsw_nb15_score_stream.csv
unsw_nb15_xai_gate_tuning_envelope,exposure_strict,default,non_markovian,xai_gate,1,5000,0.13915449087582565,1.225708028613986,63.34246695999998,0.685616628570282,0.7615779740550048,0.7350144196876728,636.4199472363374,0.933753888888938,0.18514878981435987,0.20264467753305848,0.4787549934844374,4.327523999999619,0.1396483744958903,0.005,0.0,9.3622,54.7666,calibrated:/Users/let/Documents/DO_A_PAPER_May_18/Papers/Paper_xAI_in_Cyber_2/6_Analysis_Results/xai_surfacebench/data/unsw_nb15/unsw_nb15_score_stream.csv
unsw_nb15_xai_gate_tuning_envelope,exposure_strict,default,rtt_uncertainty,xai_gate,1,5000,0.0,0.016247283832691754,0.840139,0.6864669002902614,0.7963489537120683,0.6150439358180975,47.072237038981335,0.6435505555555587,0.002162842906422822,0.34772490828450964,0.31810217379400973,4.290383999999498,0.08318579871830245,0.0,0.0,7.3052,44.9612,calibrated:/Users/let/Documents/DO_A_PAPER_May_18/Papers/Paper_xAI_in_Cyber_2/6_Analysis_Results/xai_surfacebench/data/unsw_nb15/unsw_nb15_score_stream.csv
unsw_nb15_xai_gate_tuning_envelope,exposure_strict,default,adversarial_explanation_flood,xai_gate,2,5000,0.0,0.016251066159480073,0.8371342000000008,0.6304622417318339,0.6874483563445279,0.6690548055973488,4074.7156515094807,1.0,6.601095781899796e-05,0.17019275199683148,0.45833883424582283,6.743413999995451,0.7976741426367662,0.0032,0.0,12.1192,44.944,calibrated:/Users/let/Documents/DO_A_PAPER_May_18/Papers/Paper_xAI_in_Cyber_2/6_Analysis_Results/xai_surfacebench/data/unsw_nb15/unsw_nb15_score_stream.csv
unsw_nb15_xai_gate_tuning_envelope,exposure_strict,default,transient_overload,xai_gate,2,5000,0.24743595574086003,1.0380934600459724,53.22063764000002,0.685129017565495,0.7493067482900557,0.7297005762718893,3472.1837152110875,0.9884788888891487,0.1824464819692259,0.16907935124858903,0.5052775412400736,4.662043999999411,0.19965314897963382,0.0424,0.0,10.0994,56.124,calibrated:/Users/let/Documents/DO_A_PAPER_May_18/Papers/Paper_xAI_in_Cyber_2/6_Analysis_Results/xai_surfacebench/data/unsw_nb15/unsw_nb15_score_stream.csv
unsw_nb15_xai_gate_tuning_envelope,exposure_strict,default,non_markovian,xai_gate,2,5000,0.13555041312276647,1.1808399002733827,61.02817599999998,0.6864423872795227,0.7660284795597893,0.7313874972772655,519.9370994602643,0.9241722222222382,0.17817468961010674,0.21496406011762142,0.4600958396863428,4.307735999999664,0.12644194260322927,0.0052,0.0,9.182,54.3422,calibrated:/Users/let/Documents/DO_A_PAPER_May_18/Papers/Paper_xAI_in_Cyber_2/6_Analysis_Results/xai_surfacebench/data/unsw_nb15/unsw_nb15_score_stream.csv
unsw_nb15_xai_gate_tuning_envelope,exposure_strict,default,rtt_uncertainty,xai_gate,2,5000,0.0,0.016650094315767708,0.8610336600000006,0.6841319636726696,0.7935056303468967,0.611740534348372,38.83116714184088,0.6306538888888946,0.002132019049728652,0.345913168678702,0.3160649019825008,4.219167999999484,0.0734480908668056,0.0,0.0,7.2232,44.8598,calibrated:/Users/let/Documents/DO_A_PAPER_May_18/Papers/Paper_xAI_in_Cyber_2/6_Analysis_Results/xai_surfacebench/data/unsw_nb15/unsw_nb15_score_stream.csv
unsw_nb15_xai_gate_tuning_envelope,exposure_strict,default,adversarial_explanation_flood,xai_gate,3,5000,0.0,0.017012835550763248,0.8769272200000003,0.6281756834553289,0.6850495545613211,0.6688358020531038,4154.297215618229,1.0,3.289798335362042e-05,0.1673684903115439,0.4576623515472221,6.7418994999956485,0.7982905679520718,0.0032,0.0,12.1588,45.0754,calibrated:/Users/let/Documents/DO_A_PAPER_May_18/Papers/Paper_xAI_in_Cyber_2/6_Analysis_Results/xai_surfacebench/data/unsw_nb15/unsw_nb15_score_stream.csv
unsw_nb15_xai_gate_tuning_envelope,exposure_strict,default,transient_overload,xai_gate,3,5000,0.24808709781003166,1.0379512904442638,53.221784459999945,0.6855582089553196,0.7496217705914122,0.7308035820895786,3410.5452358646185,0.9871788888891434,0.18380099502487562,0.1732537313432836,0.5002189054726368,4.633143999999435,0.1952418670034739,0.0354,0.0,10.05,56.0556,calibrated:/Users/let/Documents/DO_A_PAPER_May_18/Papers/Paper_xAI_in_Cyber_2/6_Analysis_Results/xai_surfacebench/data/unsw_nb15/unsw_nb15_score_stream.csv
unsw_nb15_xai_gate_tuning_envelope,exposure_strict,default,non_markovian,xai_gate,3,5000,0.135500801237354,1.2119054745390798,62.63001836000004,0.6863526019025336,0.7655503055853511,0.7286945293332626,580.9073720048334,0.9283350000000391,0.1734386433090862,0.21856841561571902,0.46104678689794687,4.386331999999645,0.12207037027646495,0.0048,0.0,9.2932,55.2146,calibrated:/Users/let/Documents/DO_A_PAPER_May_18/Papers/Paper_xAI_in_Cyber_2/6_Analysis_Results/xai_surfacebench/data/unsw_nb15/unsw_nb15_score_stream.csv
unsw_nb15_xai_gate_tuning_envelope,exposure_strict,default,rtt_uncertainty,xai_gate,3,5000,0.0,0.01610041453205743,0.8326029999999984,0.6871641218235792,0.797059481773841,0.6142522189293719,45.93686262940473,0.6457055555555576,0.0018914992187285835,0.34271772800789496,0.31604484772060637,4.2912999999994526,0.07914701266583068,0.0,0.0,7.2958,45.0714,calibrated:/Users/let/Documents/DO_A_PAPER_May_18/Papers/Paper_xAI_in_Cyber_2/6_Analysis_Results/xai_surfacebench/data/unsw_nb15/unsw_nb15_score_stream.csv
unsw_nb15_xai_gate_tuning_envelope,exposure_strict,default,adversarial_explanation_flood,xai_gate,4,5000,0.0,0.01608681073683738,0.8289533799999995,0.6309329981866239,0.6882827142436053,0.6679552909183576,4101.476044328226,1.0,0.00011537827591890555,0.16855117850667545,0.46148425910599833,6.754902999995582,0.7931030406204187,0.0038,0.0,12.134,45.1136,calibrated:/Users/let/Documents/DO_A_PAPER_May_18/Papers/Paper_xAI_in_Cyber_2/6_Analysis_Results/xai_surfacebench/data/unsw_nb15/unsw_nb15_score_stream.csv
unsw_nb15_xai_gate_tuning_envelope,exposure_strict,default,transient_overload,xai_gate,4,5000,0.248427229243867,1.0394397896503278,53.29525806000001,0.6852551819895817,0.7489832946129491,0.7307214122781226,3435.4684689479345,0.9876616666669182,0.18385401170286622,0.17090151740553405,0.5041951800059506,4.644059999999409,0.19526021181106712,0.0406,0.0,10.083,56.2388,calibrated:/Users/let/Documents/DO_A_PAPER_May_18/Papers/Paper_xAI_in_Cyber_2/6_Analysis_Results/xai_surfacebench/data/unsw_nb15/unsw_nb15_score_stream.csv
unsw_nb15_xai_gate_tuning_envelope,exposure_strict,default,non_markovian,xai_gate,4,5000,0.13545513651213584,1.281367946964915,66.23522901999999,0.6854119318182481,0.7638369735514168,0.7315906938705159,588.6171636140572,0.9281283333333706,0.17940771349862258,0.2099259641873278,0.46982610192837465,4.337991999999659,0.1256754743310673,0.0042,0.0,9.2928,55.0354,calibrated:/Users/let/Documents/DO_A_PAPER_May_18/Papers/Paper_xAI_in_Cyber_2/6_Analysis_Results/xai_surfacebench/data/unsw_nb15/unsw_nb15_score_stream.csv
unsw_nb15_xai_gate_tuning_envelope,exposure_strict,default,rtt_uncertainty,xai_gate,4,5000,0.0,0.016696948762388076,0.8633081599999994,0.6877917148044848,0.797121562486651,0.6165659453267637,46.6331970828924,0.6419122222222243,0.001787973813060461,0.3504978819387138,0.31930461572316665,4.2827119999994565,0.07650008661392826,0.0,0.0,7.2708,45.0274,calibrated:/Users/let/Documents/DO_A_PAPER_May_18/Papers/Paper_xAI_in_Cyber_2/6_Analysis_Results/xai_surfacebench/data/unsw_nb15/unsw_nb15_score_stream.csv
unsw_nb15_xai_gate_tuning_envelope,exposure_strict,default,adversarial_explanation_flood,xai_gate,5,5000,0.0,0.017769427819762373,0.9151632599999994,0.6278810193405541,0.6847420710419911,0.6686068556347657,4201.065864219228,1.0,4.933885928557332e-05,0.16525228603381356,0.4594331787376135,6.7418544999956564,0.8014318663591404,0.0026,0.0,12.1608,45.0042,calibrated:/Users/let/Documents/DO_A_PAPER_May_18/Papers/Paper_xAI_in_Cyber_2/6_Analysis_Results/xai_surfacebench/data/unsw_nb15/unsw_nb15_score_stream.csv
unsw_nb15_xai_gate_tuning_envelope,exposure_strict,default,transient_overload,xai_gate,5,5000,0.2461386891182847,1.0389707039583298,53.26951478,0.6854404196358851,0.7496072661539478,0.7300354315123014,3444.123324592018,0.9883255555558177,0.18206650831353918,0.16969517022961203,0.5066904196357878,4.6700119999994225,0.2005246948785253,0.0376,0.0,10.104,56.1088,calibrated:/Users/let/Documents/DO_A_PAPER_May_18/Papers/Paper_xAI_in_Cyber_2/6_Analysis_Results/xai_surfacebench/data/unsw_nb15/unsw_nb15_score_stream.csv
unsw_nb15_xai_gate_tuning_envelope,exposure_strict,default,non_markovian,xai_gate,5,5000,0.13413436568244338,1.2856290100503687,66.45187160000009,0.6849103752572812,0.7607637797661853,0.7340586750387086,675.1099496080694,0.9360972222222738,0.18342843808998535,0.20156551621730553,0.4836342037716637,4.365155999999619,0.13718820861677417,0.0042,0.0,9.4282,55.272,calibrated:/Users/let/Documents/DO_A_PAPER_May_18/Papers/Paper_xAI_in_Cyber_2/6_Analysis_Results/xai_surfacebench/data/unsw_nb15/unsw_nb15_score_stream.csv
unsw_nb15_xai_gate_tuning_envelope,exposure_strict,default,rtt_uncertainty,xai_gate,5,5000,0.0,0.01705004273999829,0.8816903799999994,0.6866489566702139,0.7952362172044279,0.6142388617339318,42.51871611109584,0.6393561111111127,0.0018994659472554094,0.3332323955293729,0.3284699664152398,4.270747999999493,0.07494521851192393,0.0,0.0,7.2652,45.0578,calibrated:/Users/let/Documents/DO_A_PAPER_May_18/Papers/Paper_xAI_in_Cyber_2/6_Analysis_Results/xai_surfacebench/data/unsw_nb15/unsw_nb15_score_stream.csv
unsw_nb15_xai_gate_tuning_envelope,exposure_strict,default,adversarial_explanation_flood,xai_gate,6,5000,0.0,0.01816555064769233,0.9365862600000008,0.6299631850299484,0.6877120001395268,0.6667384984107154,4131.592852133078,1.0,4.941606681052233e-05,0.168212291423018,0.4596558994541473,6.749690999995648,0.8026307975532994,0.0036,0.0,12.1418,44.904,calibrated:/Users/let/Documents/DO_A_PAPER_May_18/Papers/Paper_xAI_in_Cyber_2/6_Analysis_Results/xai_surfacebench/data/unsw_nb15/unsw_nb15_score_stream.csv
unsw_nb15_xai_gate_tuning_envelope,exposure_strict,default,transient_overload,xai_gate,6,5000,0.24840774918673672,1.0384354128986422,53.23228013999998,0.6855963139121062,0.7496525394383317,0.7281619104241268,3466.080244348164,0.9882172222224752,0.17984542211652793,0.1705509314308363,0.501961950059453,4.681715999999399,0.19992010044515163,0.0426,0.0,10.092,56.0704,calibrated:/Users/let/Documents/DO_A_PAPER_May_18/Papers/Paper_xAI_in_Cyber_2/6_Analysis_Results/xai_surfacebench/data/unsw_nb15/unsw_nb15_score_stream.csv
unsw_nb15_xai_gate_tuning_envelope,exposure_strict,default,non_markovian,xai_gate,6,5000,0.13776977776978674,1.3136781185161577,67.90034248000023,0.6846142442661485,0.7601987273142417,0.7339213028653623,689.8704937139186,0.9369722222222813,0.18405726508397044,0.2058493403079269,0.47915034202333806,4.361451999999623,0.13198365037697646,0.0072,0.0,9.4438,55.618,calibrated:/Users/let/Documents/DO_A_PAPER_May_18/Papers/Paper_xAI_in_Cyber_2/6_Analysis_Results/xai_surfacebench/data/unsw_nb15/unsw_nb15_score_stream.csv
unsw_nb15_xai_gate_tuning_envelope,exposure_strict,default,rtt_uncertainty,xai_gate,6,5000,0.0,0.01491524236023088,0.7711707599999996,0.6873973280554762,0.7967418071324606,0.6142978362418986,45.47328546078281,0.6439216666666691,0.0015393919401836275,0.34320193523558196,0.31661993512562536,4.283275999999478,0.07878723177111135,0.0,0.0,7.2756,44.9616,calibrated:/Users/let/Documents/DO_A_PAPER_May_18/Papers/Paper_xAI_in_Cyber_2/6_Analysis_Results/xai_surfacebench/data/unsw_nb15/unsw_nb15_score_stream.csv
unsw_nb15_xai_gate_tuning_envelope,exposure_strict,default,adversarial_explanation_flood,xai_gate,7,5000,0.0,0.01783426425029438,0.9188062799999996,0.6251737540381256,0.6812111011957003,0.6704639454223172,4300.475543153257,1.0,1.639962608852518e-05,0.16397986125916328,0.4565327910517278,6.733563999995569,0.8064930890388935,0.0038,0.0,12.1954,45.0058,calibrated:/Users/let/Documents/DO_A_PAPER_May_18/Papers/Paper_xAI_in_Cyber_2/6_Analysis_Results/xai_surfacebench/data/unsw_nb15/unsw_nb15_score_stream.csv
unsw_nb15_xai_gate_tuning_envelope,exposure_strict,default,transient_overload,xai_gate,7,5000,0.24679722081444758,1.0391823411644103,53.27279551999996,0.6845476171753112,0.7484100596314668,0.7278910427807765,3530.466660806074,0.9899111111113637,0.18018637936458007,0.1713589178987103,0.5055048757470902,4.702615999999383,0.21022639399454857,0.04,0.0,10.1728,56.038,calibrated:/Users/let/Documents/DO_A_PAPER_May_18/Papers/Paper_xAI_in_Cyber_2/6_Analysis_Results/xai_surfacebench/data/unsw_nb15/unsw_nb15_score_stream.csv
unsw_nb15_xai_gate_tuning_envelope,exposure_strict,default,non_markovian,xai_gate,7,5000,0.1368298153769449,1.2243672773301497,63.28141173999999,0.6863649954500798,0.7653830198262517,0.732608441305186,552.4751118040459,0.9259766666666956,0.17911773627421243,0.21605927980240067,0.46453178489405034,4.321783999999649,0.1280238929704378,0.0046,0.0,9.2308,54.5544,calibrated:/Users/let/Documents/DO_A_PAPER_May_18/Papers/Paper_xAI_in_Cyber_2/6_Analysis_Results/xai_surfacebench/data/unsw_nb15/unsw_nb15_score_stream.csv
unsw_nb15_xai_gate_tuning_envelope,exposure_strict,default,rtt_uncertainty,xai_gate,7,5000,0.0,0.015352334196083225,0.7938946799999999,0.6856045747120685,0.7949598929002933,0.6136612193246003,41.6441599923363,0.634418333333338,0.001712754495980552,0.3501201690654438,0.31669383132130724,4.244287999999469,0.07322597812278353,0.0,0.0,7.2398,44.9722,calibrated:/Users/let/Documents/DO_A_PAPER_May_18/Papers/Paper_xAI_in_Cyber_2/6_Analysis_Results/xai_surfacebench/data/unsw_nb15/unsw_nb15_score_stream.csv
unsw_nb15_xai_gate_tuning_envelope,exposure_strict,default,adversarial_explanation_flood,xai_gate,8,5000,0.0,0.016847248424521843,0.8680632400000013,0.6250573247882867,0.6809880908816842,0.6714966113226318,4274.775295696318,1.0,0.00014751196485937191,0.16459057234642366,0.4568507015007117,6.73505449999562,0.8070321188615535,0.0044,0.0,12.2024,45.0182,calibrated:/Users/let/Documents/DO_A_PAPER_May_18/Papers/Paper_xAI_in_Cyber_2/6_Analysis_Results/xai_surfacebench/data/unsw_nb15/unsw_nb15_score_stream.csv
unsw_nb15_xai_gate_tuning_envelope,exposure_strict,default,transient_overload,xai_gate,8,5000,0.25021397093095654,1.0398343736548896,53.30497455999999,0.6837247454973538,0.7476425761740989,0.7264361785434926,3575.305954063737,0.9905105555558055,0.17946358653093186,0.17147611589663272,0.5049138606108066,4.716479999999431,0.2116252453552958,0.0408,0.0,10.216,56.211,calibrated:/Users/let/Documents/DO_A_PAPER_May_18/Papers/Paper_xAI_in_Cyber_2/6_Analysis_Results/xai_surfacebench/data/unsw_nb15/unsw_nb15_score_stream.csv
unsw_nb15_xai_gate_tuning_envelope,exposure_strict,default,non_markovian,xai_gate,8,5000,0.137652718262382,1.3712600334858325,70.88148193999999,0.6836381245132024,0.7589021182116177,0.7327984925363679,734.6729931839619,0.939470000000077,0.18392740594142787,0.20085479082889446,0.4831252500157905,4.378979999999628,0.137927977786239,0.0064,0.0,9.4994,55.6532,calibrated:/Users/let/Documents/DO_A_PAPER_May_18/Papers/Paper_xAI_in_Cyber_2/6_Analysis_Results/xai_surfacebench/data/unsw_nb15/unsw_nb15_score_stream.csv
unsw_nb15_xai_gate_tuning_envelope,exposure_strict,default,rtt_uncertainty,xai_gate,8,5000,0.0,0.016675332591351538,0.8623442999999996,0.6889651207359767,0.798064713397741,0.6172882821384164,49.38221984019784,0.6492855555555574,0.0021080873898045227,0.3440015331544653,0.32067568307506983,4.312759999999462,0.08074361409706388,0.0,0.0,7.3052,45.0628,calibrated:/Users/let/Documents/DO_A_PAPER_May_18/Papers/Paper_xAI_in_Cyber_2/6_Analysis_Results/xai_surfacebench/data/unsw_nb15/unsw_nb15_score_stream.csv
unsw_nb15_xai_gate_tuning_envelope,exposure_strict,default,adversarial_explanation_flood,xai_gate,9,5000,0.0,0.01695460427306271,0.8737060200000003,0.6302724337854805,0.6877567516056757,0.6685572868622178,4107.531559014983,1.0,8.235604163921465e-05,0.16792396890235867,0.4611114771373636,6.753447999995796,0.7952994334244146,0.0036,0.0,12.1424,45.0896,calibrated:/Users/let/Documents/DO_A_PAPER_May_18/Papers/Paper_xAI_in_Cyber_2/6_Analysis_Results/xai_surfacebench/data/unsw_nb15/unsw_nb15_score_stream.csv
unsw_nb15_xai_gate_tuning_envelope,exposure_strict,default,transient_overload,xai_gate,9,5000,0.24899247554873197,1.0397507926290783,53.298866040000014,0.6848696645141912,0.7488682675876588,0.7286834540872876,3554.7689066606254,0.9902505555558032,0.18089462907544496,0.1687864230587494,0.5077177508269018,4.69621199999942,0.20341938663331094,0.0424,0.0,10.1584,56.2752,calibrated:/Users/let/Documents/DO_A_PAPER_May_18/Papers/Paper_xAI_in_Cyber_2/6_Analysis_Results/xai_surfacebench/data/unsw_nb15/unsw_nb15_score_stream.csv
unsw_nb15_xai_gate_tuning_envelope,exposure_strict,default,non_markovian,xai_gate,9,5000,0.14042459669222276,1.20339478646041,62.17835374000001,0.6866702364634043,0.7645861950446199,0.7284602039067742,614.1180838432307,0.930574444444494,0.17370630568882797,0.21041809458533242,0.46759338588074023,4.404787999999618,0.12989099920621094,0.008,0.0,9.3376,55.0944,calibrated:/Users/let/Documents/DO_A_PAPER_May_18/Papers/Paper_xAI_in_Cyber_2/6_Analysis_Results/xai_surfacebench/data/unsw_nb15/unsw_nb15_score_stream.csv
unsw_nb15_xai_gate_tuning_envelope,exposure_strict,default,rtt_uncertainty,xai_gate,9,5000,0.0,0.016814628150972073,0.8695152599999999,0.6855447401076027,0.7948418893371688,0.6129641487024593,43.60694036914578,0.6377916666666713,0.0018475113746036123,0.34774576037501725,0.31358058734316835,4.251755999999459,0.07709396987760608,0.0,0.0,7.253,44.8924,calibrated:/Users/let/Documents/DO_A_PAPER_May_18/Papers/Paper_xAI_in_Cyber_2/6_Analysis_Results/xai_surfacebench/data/unsw_nb15/unsw_nb15_score_stream.csv
unsw_nb15_xai_gate_tuning_envelope,exposure_strict,default,adversarial_explanation_flood,xai_gate,10,5000,0.0,0.018393082097823175,0.947770180000001,0.6266770647162856,0.6835366206373147,0.6691274041216773,4208.440144722999,1.0,1.6396399350702586e-05,0.16657102100378757,0.45770343832427757,6.747268499995431,0.8074831444024586,0.004,0.0,12.1978,44.99,calibrated:/Users/let/Documents/DO_A_PAPER_May_18/Papers/Paper_xAI_in_Cyber_2/6_Analysis_Results/xai_surfacebench/data/unsw_nb15/unsw_nb15_score_stream.csv
unsw_nb15_xai_gate_tuning_envelope,exposure_strict,default,transient_overload,xai_gate,10,5000,0.24855867840000015,1.03886514441946,53.25243522000002,0.6841854125400565,0.7483462074677232,0.7269216889917716,3548.2585370569273,0.9904483333335865,0.1791955127576536,0.17076232128498303,0.5060503245798114,4.71749599999941,0.20862814814814667,0.0426,0.0,10.1978,56.25,calibrated:/Users/let/Documents/DO_A_PAPER_May_18/Papers/Paper_xAI_in_Cyber_2/6_Analysis_Results/xai_surfacebench/data/unsw_nb15/unsw_nb15_score_stream.csv
unsw_nb15_xai_gate_tuning_envelope,exposure_strict,default,non_markovian,xai_gate,10,5000,0.13813568046517063,1.2292006040827304,63.52215393999988,0.6865011794750399,0.7649121258260941,0.7322797411647455,591.5743877421495,0.9292850000000437,0.17973467223580844,0.2123271365810375,0.4633064254333759,4.3235479999996,0.12370015855876759,0.0054,0.0,9.2414,54.8272,calibrated:/Users/let/Documents/DO_A_PAPER_May_18/Papers/Paper_xAI_in_Cyber_2/6_Analysis_Results/xai_surfacebench/data/unsw_nb15/unsw_nb15_score_stream.csv
unsw_nb15_xai_gate_tuning_envelope,exposure_strict,default,rtt_uncertainty,xai_gate,10,5000,0.0,0.016417831816852142,0.8490090800000005,0.6869270790321826,0.7956836336368556,0.6161513371571485,44.964087261262186,0.6397855555555583,0.002532551545682275,0.34704214496104824,0.3213037134913425,4.268387999999468,0.0765182294213369,0.0,0.0,7.2654,44.9932,calibrated:/Users/let/Documents/DO_A_PAPER_May_18/Papers/Paper_xAI_in_Cyber_2/6_Analysis_Results/xai_surfacebench/data/unsw_nb15/unsw_nb15_score_stream.csv
unsw_nb15_xai_gate_tuning_envelope,exposure_strict,default,adversarial_explanation_flood,xai_gate,11,5000,0.0,0.017741599069885747,0.9141268999999996,0.6250782120157206,0.6824907621458394,0.6668958019395882,4254.858594772786,1.0,3.2758959575443885e-05,0.16404049007403526,0.45647562733346925,6.738392999995744,0.8015418095975788,0.0052,0.0,12.2104,45.185,calibrated:/Users/let/Documents/DO_A_PAPER_May_18/Papers/Paper_xAI_in_Cyber_2/6_Analysis_Results/xai_surfacebench/data/unsw_nb15/unsw_nb15_score_stream.csv
unsw_nb15_xai_gate_tuning_envelope,exposure_strict,default,transient_overload,xai_gate,11,5000,0.24608145330712325,1.0409976598829667,53.37357831999992,0.6861317150816744,0.7496427898855798,0.73087226422605,3447.280148815044,0.9876005555558085,0.1827099084759252,0.1704934341424592,0.5038798249104656,4.649999999999393,0.19106441013755626,0.0416,0.0,10.052,56.2634,calibrated:/Users/let/Documents/DO_A_PAPER_May_18/Papers/Paper_xAI_in_Cyber_2/6_Analysis_Results/xai_surfacebench/data/unsw_nb15/unsw_nb15_score_stream.csv
unsw_nb15_xai_gate_tuning_envelope,exposure_strict,default,non_markovian,xai_gate,11,5000,0.1406610044646924,1.2621908565506215,65.23919308000016,0.6857939588438778,0.7642794593924574,0.733817030596084,544.7471378469535,0.9257200000000327,0.1826441442418197,0.21749029641997528,0.4616952533772795,4.285607999999656,0.12053454821563925,0.0044,0.0,9.2234,54.875,calibrated:/Users/let/Documents/DO_A_PAPER_May_18/Papers/Paper_xAI_in_Cyber_2/6_Analysis_Results/xai_surfacebench/data/unsw_nb15/unsw_nb15_score_stream.csv
unsw_nb15_xai_gate_tuning_envelope,exposure_strict,default,rtt_uncertainty,xai_gate,11,5000,0.0,0.016094683328970093,0.8321602599999994,0.6909579863842882,0.8002950809913795,0.6177195351587089,52.01699551723059,0.6642227777777808,0.0015188912094171254,0.3430795519270932,0.31340692722883723,4.376095999999486,0.08786993597120252,0.0,0.0,7.3738,45.188,calibrated:/Users/let/Documents/DO_A_PAPER_May_18/Papers/Paper_xAI_in_Cyber_2/6_Analysis_Results/xai_surfacebench/data/unsw_nb15/unsw_nb15_score_stream.csv
unsw_nb15_xai_gate_tuning_envelope,exposure_strict,default,adversarial_explanation_flood,xai_gate,12,5000,0.0,0.017641089536116223,0.9089933800000013,0.6322116034761607,0.6895332242785371,0.6681656826692542,4017.7392205541155,1.0,0.0,0.1703250490624536,0.4626671834022648,6.764428999995752,0.794052469163194,0.0028,0.0,12.1274,45.0652,calibrated:/Users/let/Documents/DO_A_PAPER_May_18/Papers/Paper_xAI_in_Cyber_2/6_Analysis_Results/xai_surfacebench/data/unsw_nb15/unsw_nb15_score_stream.csv
unsw_nb15_xai_gate_tuning_envelope,exposure_strict,default,transient_overload,xai_gate,12,5000,0.24793167249904746,1.0375264700858262,53.19004769999997,0.6848877904103813,0.7489350695696878,0.7285273356401676,3484.600556543692,0.9886644444447003,0.18139396935244687,0.17158675234799803,0.5018882847256549,4.671739999999412,0.20029571299226734,0.039,0.0,10.115,56.1806,calibrated:/Users/let/Documents/DO_A_PAPER_May_18/Papers/Paper_xAI_in_Cyber_2/6_Analysis_Results/xai_surfacebench/data/unsw_nb15/unsw_nb15_score_stream.csv
unsw_nb15_xai_gate_tuning_envelope,exposure_strict,default,non_markovian,xai_gate,12,5000,0.1342161894189773,1.3023681762584078,67.31690045999996,0.6841696337742301,0.761365060011138,0.7316327568667309,650.3103306074044,0.9342066666667201,0.1810359443879281,0.20935062733129875,0.475373007799254,4.3743359999996105,0.133717053690813,0.0072,0.0,9.4368,55.4918,calibrated:/Users/let/Documents/DO_A_PAPER_May_18/Papers/Paper_xAI_in_Cyber_2/6_Analysis_Results/xai_surfacebench/data/unsw_nb15/unsw_nb15_score_stream.csv
unsw_nb15_xai_gate_tuning_envelope,exposure_strict,default,rtt_uncertainty,xai_gate,12,5000,0.0,0.01764333818609369,0.9123254999999998,0.6880760362339279,0.7979721177566026,0.6145652876795197,45.29254644276564,0.648871666666669,0.0017293439472961844,0.340488608289871,0.3144660993686522,4.296047999999481,0.07597385528254841,0.0,0.0,7.286,45.1436,calibrated:/Users/let/Documents/DO_A_PAPER_May_18/Papers/Paper_xAI_in_Cyber_2/6_Analysis_Results/xai_surfacebench/data/unsw_nb15/unsw_nb15_score_stream.csv
unsw_nb15_xai_gate_tuning_envelope,exposure_strict,default,adversarial_explanation_flood,xai_gate,13,5000,0.0,0.01863800834119608,0.9602064400000019,0.6323633861713867,0.6902116504325417,0.6675044835454622,4069.8066063279443,1.0,3.305839765946544e-05,0.17145737946081754,0.4600757863759886,6.751351499995592,0.7942375847086933,0.0042,0.0,12.0998,44.958,calibrated:/Users/let/Documents/DO_A_PAPER_May_18/Papers/Paper_xAI_in_Cyber_2/6_Analysis_Results/xai_surfacebench/data/unsw_nb15/unsw_nb15_score_stream.csv
unsw_nb15_xai_gate_tuning_envelope,exposure_strict,default,transient_overload,xai_gate,13,5000,0.24876336877348595,1.0369325729727008,53.14228779999999,0.6839806565065453,0.748265073386641,0.7254722547870547,3625.9202125758275,0.9914388888891416,0.17710042985541227,0.1691285658460336,0.5080500195388824,4.748719999999404,0.2152944738294995,0.0418,0.0,10.236,56.151,calibrated:/Users/let/Documents/DO_A_PAPER_May_18/Papers/Paper_xAI_in_Cyber_2/6_Analysis_Results/xai_surfacebench/data/unsw_nb15/unsw_nb15_score_stream.csv
unsw_nb15_xai_gate_tuning_envelope,exposure_strict,default,non_markovian,xai_gate,13,5000,0.1362136804409931,1.2217728619758057,63.139388859999926,0.6848855175382677,0.7631310222216149,0.7308760490639012,600.9472348209214,0.9299388888889356,0.17972885732730795,0.21381536475145255,0.4627071228749731,4.330991999999645,0.13320872182981502,0.006,0.0,9.294,54.6766,calibrated:/Users/let/Documents/DO_A_PAPER_May_18/Papers/Paper_xAI_in_Cyber_2/6_Analysis_Results/xai_surfacebench/data/unsw_nb15/unsw_nb15_score_stream.csv
unsw_nb15_xai_gate_tuning_envelope,exposure_strict,default,rtt_uncertainty,xai_gate,13,5000,0.0,0.016767016375983695,0.8669197399999999,0.6892073720137115,0.79876042618524,0.6172668820330636,48.35672554596736,0.6522438888888902,0.0019112627986348123,0.3424163822525597,0.32109215017064846,4.3288359999994706,0.0852189475524423,0.0,0.0,7.325,44.9986,calibrated:/Users/let/Documents/DO_A_PAPER_May_18/Papers/Paper_xAI_in_Cyber_2/6_Analysis_Results/xai_surfacebench/data/unsw_nb15/unsw_nb15_score_stream.csv
unsw_nb15_xai_gate_tuning_envelope,exposure_strict,default,adversarial_explanation_flood,xai_gate,14,5000,0.0,0.017785232011913003,0.9166722600000019,0.6287210220632813,0.6861060925538621,0.6681559831523285,4180.306848429281,1.0,4.9359153655045325e-05,0.16736043699304035,0.45900310962608193,6.7459209999958185,0.8002911673797721,0.0036,0.0,12.1558,45.0142,calibrated:/Users/let/Documents/DO_A_PAPER_May_18/Papers/Paper_xAI_in_Cyber_2/6_Analysis_Results/xai_surfacebench/data/unsw_nb15/unsw_nb15_score_stream.csv
unsw_nb15_xai_gate_tuning_envelope,exposure_strict,default,transient_overload,xai_gate,14,5000,0.24942227822364904,1.0389643015616534,53.25050192000001,0.6858383842373325,0.7500414121041654,0.7282561055063373,3542.744837189334,0.9896905555558111,0.17867366883180982,0.16868373773469428,0.5073739906418432,4.712027999999405,0.2044706022234113,0.0446,0.0,10.1302,56.07,calibrated:/Users/let/Documents/DO_A_PAPER_May_18/Papers/Paper_xAI_in_Cyber_2/6_Analysis_Results/xai_surfacebench/data/unsw_nb15/unsw_nb15_score_stream.csv
unsw_nb15_xai_gate_tuning_envelope,exposure_strict,default,non_markovian,xai_gate,14,5000,0.14239790221406898,1.2809229497745094,66.19769149999996,0.6854986367897146,0.7631763577252628,0.7302117236090923,651.4109905657741,0.9346905555556069,0.1772386470137173,0.20079662605435802,0.4786146374712448,4.399947999999609,0.1302789223492964,0.006,0.0,9.3896,55.3822,calibrated:/Users/let/Documents/DO_A_PAPER_May_18/Papers/Paper_xAI_in_Cyber_2/6_Analysis_Results/xai_surfacebench/data/unsw_nb15/unsw_nb15_score_stream.csv
unsw_nb15_xai_gate_tuning_envelope,exposure_strict,default,rtt_uncertainty,xai_gate,14,5000,0.0,0.016470635807157737,0.8517414400000007,0.6863853124827881,0.7959548736828681,0.6132080140975216,43.487362808517894,0.6406511111111152,0.0020445377686909433,0.3541194673150246,0.3030336519865171,4.247171999999512,0.07451609072556664,0.0,0.0,7.2388,44.912,calibrated:/Users/let/Documents/DO_A_PAPER_May_18/Papers/Paper_xAI_in_Cyber_2/6_Analysis_Results/xai_surfacebench/data/unsw_nb15/unsw_nb15_score_stream.csv
unsw_nb15_xai_gate_tuning_envelope,exposure_strict,default,adversarial_explanation_flood,xai_gate,15,5000,0.0,0.018009743697534115,0.9280417549988137,0.6263427470375594,0.6835101461971994,0.6684447872675363,4278.108312149873,1.0,4.930075101477379e-05,0.16210086933657622,0.4583511363816681,6.732111499995575,0.8027922823389997,0.0032,0.0,12.1702,45.005,calibrated:/Users/let/Documents/DO_A_PAPER_May_18/Papers/Paper_xAI_in_Cyber_2/6_Analysis_Results/xai_surfacebench/data/unsw_nb15/unsw_nb15_score_stream.csv
unsw_nb15_xai_gate_tuning_envelope,exposure_strict,default,transient_overload,xai_gate,15,5000,0.24970201794280064,1.037996986024343,53.211426479999986,0.6850561287008379,0.7484979777679238,0.7306990394877557,3537.7540724570604,0.989383888889151,0.18374244041266452,0.16832681133641647,0.5081426143325823,4.66036799999939,0.19945808901705742,0.045,0.0,10.1196,56.2454,calibrated:/Users/let/Documents/DO_A_PAPER_May_18/Papers/Paper_xAI_in_Cyber_2/6_Analysis_Results/xai_surfacebench/data/unsw_nb15/unsw_nb15_score_stream.csv
unsw_nb15_xai_gate_tuning_envelope,exposure_strict,default,non_markovian,xai_gate,15,5000,0.1341945117249019,1.226344164334769,63.38037536000011,0.6853987101183747,0.762515842356401,0.7305652842437868,672.5602285342984,0.9347033333333905,0.17831973689830435,0.21139964976722334,0.4671549993593303,4.376951999999649,0.13021514057693606,0.0064,0.0,9.3652,55.2414,calibrated:/Users/let/Documents/DO_A_PAPER_May_18/Papers/Paper_xAI_in_Cyber_2/6_Analysis_Results/xai_surfacebench/data/unsw_nb15/unsw_nb15_score_stream.csv
unsw_nb15_xai_gate_tuning_envelope,exposure_strict,default,rtt_uncertainty,xai_gate,15,5000,0.0,0.018038730800226783,0.9328725999999989,0.6852387396095722,0.7950006071486598,0.6130773844318588,45.209816893537706,0.6352683333333389,0.0019331142470520007,0.3525171909088399,0.31167324846041256,4.240811999999465,0.0711808251798891,0.0,0.0,7.2422,45.073,calibrated:/Users/let/Documents/DO_A_PAPER_May_18/Papers/Paper_xAI_in_Cyber_2/6_Analysis_Results/xai_surfacebench/data/unsw_nb15/unsw_nb15_score_stream.csv
unsw_nb15_xai_gate_tuning_envelope,exposure_strict,default,adversarial_explanation_flood,xai_gate,16,5000,0.0,0.01608949228968981,0.8291642000000007,0.6298784213297114,0.6867564834859008,0.6691560101778035,4134.644280210684,1.0,3.2936991535193175e-05,0.1670399525707322,0.4610417146991386,6.751602499995596,0.8050991181406195,0.003,0.0,12.1444,44.8522,calibrated:/Users/let/Documents/DO_A_PAPER_May_18/Papers/Paper_xAI_in_Cyber_2/6_Analysis_Results/xai_surfacebench/data/unsw_nb15/unsw_nb15_score_stream.csv
unsw_nb15_xai_gate_tuning_envelope,exposure_strict,default,transient_overload,xai_gate,16,5000,0.24990597470655473,1.0384990878972702,53.23561415999998,0.6837930292599951,0.747902184195483,0.7279752777343461,3594.855781712853,0.9910966666669206,0.18080112658425912,0.17106086684399938,0.5088209982788297,4.7133159999994065,0.2101846000175156,0.0408,0.0,10.2256,56.3308,calibrated:/Users/let/Documents/DO_A_PAPER_May_18/Papers/Paper_xAI_in_Cyber_2/6_Analysis_Results/xai_surfacebench/data/unsw_nb15/unsw_nb15_score_stream.csv
unsw_nb15_xai_gate_tuning_envelope,exposure_strict,default,non_markovian,xai_gate,16,5000,0.13599734390391963,1.2347210325611873,63.811763600000134,0.6859279155876805,0.7634145191676506,0.7329582860689444,621.85925967475,0.9313722222222661,0.1798257817349057,0.21203689831560474,0.4730860603985189,4.362075999999625,0.13225470702488584,0.0072,0.0,9.3446,55.0206,calibrated:/Users/let/Documents/DO_A_PAPER_May_18/Papers/Paper_xAI_in_Cyber_2/6_Analysis_Results/xai_surfacebench/data/unsw_nb15/unsw_nb15_score_stream.csv
unsw_nb15_xai_gate_tuning_envelope,exposure_strict,default,rtt_uncertainty,xai_gate,16,5000,0.0,0.015250659235625056,0.7885967600000006,0.6855933651117915,0.7953876456050784,0.6134847482269177,42.61338482139374,0.6385122222222254,0.002038960681123082,0.3494888821535833,0.31320089273413604,4.254931999999486,0.07752234879861586,0.0,0.0,7.2586,44.9092,calibrated:/Users/let/Documents/DO_A_PAPER_May_18/Papers/Paper_xAI_in_Cyber_2/6_Analysis_Results/xai_surfacebench/data/unsw_nb15/unsw_nb15_score_stream.csv
unsw_nb15_xai_gate_tuning_envelope,exposure_strict,default,adversarial_explanation_flood,xai_gate,17,5000,0.0,0.019076016903485503,0.98313084,0.6228479149629497,0.6798234352209093,0.6676618152087523,4321.749123124029,1.0,6.541291905151267e-05,0.16148814390842192,0.45486508585386504,6.727535999995823,0.8085321905421017,0.0048,0.0,12.23,45.0826,calibrated:/Users/let/Documents/DO_A_PAPER_May_18/Papers/Paper_xAI_in_Cyber_2/6_Analysis_Results/xai_surfacebench/data/unsw_nb15/unsw_nb15_score_stream.csv
unsw_nb15_xai_gate_tuning_envelope,exposure_strict,default,transient_overload,xai_gate,17,5000,0.24885171322426233,1.0395323497613178,53.28747458,0.6848273891626582,0.7488281728702275,0.7287265024630826,3561.1716182787486,0.9895688888891357,0.18135960591133005,0.16807881773399014,0.5075467980295566,4.687575999999388,0.2085923174013511,0.0394,0.0,10.15,55.988,calibrated:/Users/let/Documents/DO_A_PAPER_May_18/Papers/Paper_xAI_in_Cyber_2/6_Analysis_Results/xai_surfacebench/data/unsw_nb15/unsw_nb15_score_stream.csv
unsw_nb15_xai_gate_tuning_envelope,exposure_strict,default,non_markovian,xai_gate,17,5000,0.1359531327519766,1.3035528527514215,67.3752086600001,0.6849045036548663,0.7626938204828257,0.7308473558980441,632.383607392587,0.9309405555556031,0.17978178388458982,0.2091059141283145,0.4683929604938801,4.345855999999634,0.12956553216166067,0.0058,0.0,9.3302,55.0666,calibrated:/Users/let/Documents/DO_A_PAPER_May_18/Papers/Paper_xAI_in_Cyber_2/6_Analysis_Results/xai_surfacebench/data/unsw_nb15/unsw_nb15_score_stream.csv
unsw_nb15_xai_gate_tuning_envelope,exposure_strict,default,rtt_uncertainty,xai_gate,17,5000,0.0,0.016479732727379754,0.8522614399999993,0.6857540852600568,0.7948975887359256,0.6140739048962733,43.076658985662725,0.635180555555558,0.0016258370305051117,0.3407644189699358,0.32715147840943537,4.259591999999476,0.07462783804033024,0.0,0.0,7.2578,45.0252,calibrated:/Users/let/Documents/DO_A_PAPER_May_18/Papers/Paper_xAI_in_Cyber_2/6_Analysis_Results/xai_surfacebench/data/unsw_nb15/unsw_nb15_score_stream.csv
unsw_nb15_xai_gate_tuning_envelope,exposure_strict,default,adversarial_explanation_flood,xai_gate,18,5000,0.0,0.01834692799392794,0.9458034549996228,0.6264172681384292,0.6835418311421144,0.6688043379967853,4226.531806691321,1.0,9.864689344491394e-05,0.16602272166779014,0.45567260740119037,6.728774499995711,0.8013943680326014,0.0034,0.0,12.1646,45.0192,calibrated:/Users/let/Documents/DO_A_PAPER_May_18/Papers/Paper_xAI_in_Cyber_2/6_Analysis_Results/xai_surfacebench/data/unsw_nb15/unsw_nb15_score_stream.csv
unsw_nb15_xai_gate_tuning_envelope,exposure_strict,default,transient_overload,xai_gate,18,5000,0.24702927282273704,1.0391227856655587,53.27692863999999,0.6844486398862255,0.7485491048870256,0.7290746085719099,3499.550352362702,0.9885011111113686,0.18280483947493278,0.170429384785703,0.5032421318994148,4.6580999999994,0.20449710031562862,0.0396,0.0,10.1168,55.9946,calibrated:/Users/let/Documents/DO_A_PAPER_May_18/Papers/Paper_xAI_in_Cyber_2/6_Analysis_Results/xai_surfacebench/data/unsw_nb15/unsw_nb15_score_stream.csv
unsw_nb15_xai_gate_tuning_envelope,exposure_strict,default,non_markovian,xai_gate,18,5000,0.13600028158931768,1.2655836489731147,65.41876011999992,0.6853324258335655,0.762691024841541,0.7342015081782967,579.4383548282905,0.9281405555555959,0.18422246710313087,0.21516389014930534,0.46351634580065254,4.284791999999665,0.12686858799940226,0.005,0.0,9.2562,54.7606,calibrated:/Users/let/Documents/DO_A_PAPER_May_18/Papers/Paper_xAI_in_Cyber_2/6_Analysis_Results/xai_surfacebench/data/unsw_nb15/unsw_nb15_score_stream.csv
unsw_nb15_xai_gate_tuning_envelope,exposure_strict,default,rtt_uncertainty,xai_gate,18,5000,0.0,0.018616636635191586,0.9626027999999996,0.6878540373520607,0.797536790900194,0.6152823683702624,46.87574973502398,0.6502061111111155,0.002187525635066036,0.34658609280577507,0.31205053184217,4.306947999999489,0.08143673087983672,0.0,0.0,7.3142,45.0894,calibrated:/Users/let/Documents/DO_A_PAPER_May_18/Papers/Paper_xAI_in_Cyber_2/6_Analysis_Results/xai_surfacebench/data/unsw_nb15/unsw_nb15_score_stream.csv
unsw_nb15_xai_gate_tuning_envelope,exposure_strict,default,adversarial_explanation_flood,xai_gate,19,5000,0.0,0.018376003716007155,0.9469343400000007,0.625824889921673,0.6830221561752459,0.6689191069355755,4202.226396588511,1.0,8.184243694040234e-05,0.16816983942513872,0.4564434550597382,6.748553999995931,0.8092864641869757,0.003,0.0,12.2186,45.0218,calibrated:/Users/let/Documents/DO_A_PAPER_May_18/Papers/Paper_xAI_in_Cyber_2/6_Analysis_Results/xai_surfacebench/data/unsw_nb15/unsw_nb15_score_stream.csv
unsw_nb15_xai_gate_tuning_envelope,exposure_strict,default,transient_overload,xai_gate,19,5000,0.24769497282657146,1.039676387029073,53.299869940000015,0.6861350437550692,0.7502430102939395,0.7300678202068694,3438.860002114321,0.9881611111113608,0.18172235481304694,0.16933174224343675,0.5035401750198886,4.659799999999386,0.19613041818174826,0.0412,0.0,10.056,56.0474,calibrated:/Users/let/Documents/DO_A_PAPER_May_18/Papers/Paper_xAI_in_Cyber_2/6_Analysis_Results/xai_surfacebench/data/unsw_nb15/unsw_nb15_score_stream.csv
unsw_nb15_xai_gate_tuning_envelope,exposure_strict,default,non_markovian,xai_gate,19,5000,0.13530158635509212,1.240516128274499,64.11116250000006,0.6871531306520371,0.7657762194318035,0.7297088967358478,598.5537207539976,0.9287716666667063,0.17408061321160967,0.21434415640341056,0.4653561278098355,4.38717599999966,0.12578005790820446,0.006,0.0,9.2888,55.0066,calibrated:/Users/let/Documents/DO_A_PAPER_May_18/Papers/Paper_xAI_in_Cyber_2/6_Analysis_Results/xai_surfacebench/data/unsw_nb15/unsw_nb15_score_stream.csv
unsw_nb15_xai_gate_tuning_envelope,exposure_strict,default,rtt_uncertainty,xai_gate,19,5000,0.0,0.015625260230734874,0.8079739599999998,0.6876651200873961,0.7969713613653826,0.6158116634283661,47.55205644243178,0.6493666666666712,0.002183406113537118,0.34811681222707425,0.3150927947598253,4.313527999999466,0.08709358232048525,0.0,0.0,7.328,44.9394,calibrated:/Users/let/Documents/DO_A_PAPER_May_18/Papers/Paper_xAI_in_Cyber_2/6_Analysis_Results/xai_surfacebench/data/unsw_nb15/unsw_nb15_score_stream.csv
unsw_nb15_xai_gate_tuning_envelope,exposure_strict,default,adversarial_explanation_flood,xai_gate,20,5000,0.0,0.01736211477878653,0.894686580000001,0.6304513407873653,0.6876691701877383,0.6688070824265584,4118.341500234951,1.0,1.6491853024605845e-05,0.1696516920641203,0.4593949963711495,6.748128499995559,0.7917407241603922,0.0056,0.0,12.1272,45.1226,calibrated:/Users/let/Documents/DO_A_PAPER_May_18/Papers/Paper_xAI_in_Cyber_2/6_Analysis_Results/xai_surfacebench/data/unsw_nb15/unsw_nb15_score_stream.csv
unsw_nb15_xai_gate_tuning_envelope,exposure_strict,default,transient_overload,xai_gate,20,5000,0.24867507416808582,1.0381515493757225,53.21714419999994,0.6857318595115995,0.7492831918632737,0.7295352706959318,3520.928653710201,0.9890088888891444,0.18103841049107586,0.17192607119510311,0.5033576989362334,4.67723599999938,0.20146943846458365,0.0386,0.0,10.0962,56.0214,calibrated:/Users/let/Documents/DO_A_PAPER_May_18/Papers/Paper_xAI_in_Cyber_2/6_Analysis_Results/xai_surfacebench/data/unsw_nb15/unsw_nb15_score_stream.csv
unsw_nb15_xai_gate_tuning_envelope,exposure_strict,default,non_markovian,xai_gate,20,5000,0.13697816933923554,1.215836122855298,62.83622432000003,0.6875445703269525,0.7658239289695324,0.731181465675965,583.1458220409326,0.9280600000000397,0.1767866039902086,0.2145224530468124,0.4613435002057925,4.34635199999966,0.1277311991869945,0.0062,0.0,9.2326,54.5792,calibrated:/Users/let/Documents/DO_A_PAPER_May_18/Papers/Paper_xAI_in_Cyber_2/6_Analysis_Results/xai_surfacebench/data/unsw_nb15/unsw_nb15_score_stream.csv
unsw_nb15_xai_gate_tuning_envelope,exposure_strict,default,rtt_uncertainty,xai_gate,20,5000,0.0,0.01690682496787392,0.8742522800000001,0.6887292545325706,0.797301909786572,0.6168593497653004,48.16153640369728,0.6477216666666707,0.0016979788574245495,0.3412115900750397,0.3244235087911486,4.312435999999476,0.0790045640646031,0.0,0.0,7.3028,45.1206,calibrated:/Users/let/Documents/DO_A_PAPER_May_18/Papers/Paper_xAI_in_Cyber_2/6_Analysis_Results/xai_surfacebench/data/unsw_nb15/unsw_nb15_score_stream.csv
unsw_nb15_xai_gate_tuning_envelope,debt_strict,default,adversarial_explanation_flood,xai_gate,1,5000,0.0,0.017800618269210644,0.9177828149995934,0.6086743152426274,0.6625341940544442,0.5528625269058515,4274.691905806952,1.0,0.0034833472995842987,0.14406598642809024,0.42486773138725337,6.5245964999955595,0.8011195404645939,0.003,0.0,12.1722,45.0542,calibrated:/Users/let/Documents/DO_A_PAPER_May_18/Papers/Paper_xAI_in_Cyber_2/6_Analysis_Results/xai_surfacebench/data/unsw_nb15/unsw_nb15_score_stream.csv
unsw_nb15_xai_gate_tuning_envelope,debt_strict,default,transient_overload,xai_gate,1,5000,0.24762459198468692,1.037903113701219,53.26392573999996,0.6846292872049253,0.7386688741667444,0.7359199721647685,3946.3891922395287,1.0,0.18041554826523512,0.15719256387314842,0.5347350631264243,4.722941999994253,0.19744012799360133,0.024,0.0,10.059,56.0028,calibrated:/Users/let/Documents/DO_A_PAPER_May_18/Papers/Paper_xAI_in_Cyber_2/6_Analysis_Results/xai_surfacebench/data/unsw_nb15/unsw_nb15_score_stream.csv
unsw_nb15_xai_gate_tuning_envelope,debt_strict,default,non_markovian,xai_gate,1,5000,0.1338815037692465,1.2319010755515603,63.677540980000025,0.6972870356396794,0.7647863243703604,0.7412731506435676,836.1812377973789,0.9655061111112822,0.18537763308251223,0.1664905888186973,0.48405597119510146,4.411115999999574,0.1249769576311468,0.0036,0.0,9.2762,54.9712,calibrated:/Users/let/Documents/DO_A_PAPER_May_18/Papers/Paper_xAI_in_Cyber_2/6_Analysis_Results/xai_surfacebench/data/unsw_nb15/unsw_nb15_score_stream.csv
unsw_nb15_xai_gate_tuning_envelope,debt_strict,default,rtt_uncertainty,xai_gate,1,5000,0.0,0.015019589216862124,0.7759924399999988,0.76037856278207,0.8670956628969583,0.6822689083600224,11.412610809177377,0.8832199999999876,0.013480796742599317,0.16798723451083966,0.3456586332122813,4.927975999999508,0.08031956630287218,0.0,0.0,7.2696,44.8608,calibrated:/Users/let/Documents/DO_A_PAPER_May_18/Papers/Paper_xAI_in_Cyber_2/6_Analysis_Results/xai_surfacebench/data/unsw_nb15/unsw_nb15_score_stream.csv
unsw_nb15_xai_gate_tuning_envelope,debt_strict,default,adversarial_explanation_flood,xai_gate,2,5000,0.0,0.016883441168636694,0.8698078800000005,0.6109031279867649,0.6645047525467963,0.5549857444216623,4187.183668439587,1.0,0.003296087544085171,0.14314908203961899,0.4284007383229239,6.531509999995422,0.7994741969492776,0.0032,0.0,12.1356,44.9598,calibrated:/Users/let/Documents/DO_A_PAPER_May_18/Papers/Paper_xAI_in_Cyber_2/6_Analysis_Results/xai_surfacebench/data/unsw_nb15/unsw_nb15_score_stream.csv
unsw_nb15_xai_gate_tuning_envelope,debt_strict,default,transient_overload,xai_gate,2,5000,0.24609857727191944,1.036520254709526,53.187866220000046,0.6820381809910032,0.7370909489510048,0.7307090861474227,4010.16112409015,1.0,0.17604965604491182,0.15580770143116945,0.5323075630573538,4.759914499994418,0.19954946944098273,0.022,0.0,10.1176,56.23,calibrated:/Users/let/Documents/DO_A_PAPER_May_18/Papers/Paper_xAI_in_Cyber_2/6_Analysis_Results/xai_surfacebench/data/unsw_nb15/unsw_nb15_score_stream.csv
unsw_nb15_xai_gate_tuning_envelope,debt_strict,default,non_markovian,xai_gate,2,5000,0.14117720151603977,1.327122709512217,68.60668080000003,0.6942891406301019,0.7614182759849939,0.742775124740343,854.8794369216727,0.9664594444446171,0.19206801293444975,0.16928282330770714,0.48362849861875495,4.361379999999609,0.13343746093697684,0.0048,0.0,9.3394,54.9326,calibrated:/Users/let/Documents/DO_A_PAPER_May_18/Papers/Paper_xAI_in_Cyber_2/6_Analysis_Results/xai_surfacebench/data/unsw_nb15/unsw_nb15_score_stream.csv
unsw_nb15_xai_gate_tuning_envelope,debt_strict,default,rtt_uncertainty,xai_gate,2,5000,0.0,0.017618963778079217,0.9103043200000013,0.7592554843984956,0.8653815101098812,0.6810829161424652,11.49501507991835,0.8902588888888812,0.013707589589862379,0.17588227278920834,0.3365581141844938,4.961615999999519,0.0870708336480921,0.0,0.0,7.339,45.0078,calibrated:/Users/let/Documents/DO_A_PAPER_May_18/Papers/Paper_xAI_in_Cyber_2/6_Analysis_Results/xai_surfacebench/data/unsw_nb15/unsw_nb15_score_stream.csv
unsw_nb15_xai_gate_tuning_envelope,debt_strict,default,adversarial_explanation_flood,xai_gate,3,5000,0.0,0.01617365468600827,0.8338602000000014,0.6095089293066006,0.6630055090919964,0.5533993764315248,4192.228558730616,1.0,0.003443219822402346,0.14183100215819042,0.4263435147195087,6.518949499995542,0.7960303229357102,0.0028,0.0,12.1398,45.0616,calibrated:/Users/let/Documents/DO_A_PAPER_May_18/Papers/Paper_xAI_in_Cyber_2/6_Analysis_Results/xai_surfacebench/data/unsw_nb15/unsw_nb15_score_stream.csv
unsw_nb15_xai_gate_tuning_envelope,debt_strict,default,transient_overload,xai_gate,3,5000,0.2470938316705483,1.0392455940767926,53.32344588,0.6781229641688693,0.7321513944154912,0.7269821386528208,4075.868595746313,1.0,0.17540520387739886,0.15350653428044425,0.532634610100616,4.764319499994636,0.2096913936303766,0.0224,0.0,10.1924,56.1708,calibrated:/Users/let/Documents/DO_A_PAPER_May_18/Papers/Paper_xAI_in_Cyber_2/6_Analysis_Results/xai_surfacebench/data/unsw_nb15/unsw_nb15_score_stream.csv
unsw_nb15_xai_gate_tuning_envelope,debt_strict,default,non_markovian,xai_gate,3,5000,0.13974706462129452,1.2844035980553725,66.38728792000002,0.694827755590283,0.7629770256707481,0.739196335134432,855.911639441691,0.9661761111112785,0.18608376225359333,0.16775943446596758,0.48382205326442135,4.418067999999584,0.12697650517661185,0.0054,0.0,9.3646,55.3966,calibrated:/Users/let/Documents/DO_A_PAPER_May_18/Papers/Paper_xAI_in_Cyber_2/6_Analysis_Results/xai_surfacebench/data/unsw_nb15/unsw_nb15_score_stream.csv
unsw_nb15_xai_gate_tuning_envelope,debt_strict,default,rtt_uncertainty,xai_gate,3,5000,0.0,0.017067165051791244,0.881837200000001,0.7599436830717119,0.866394829562555,0.680048980825247,4.9469688032107815,0.8755605555555455,0.01278921378238917,0.1566886755812018,0.34980302946235364,4.887851999999497,0.07038447547567306,0.0,0.0,7.2092,44.901,calibrated:/Users/let/Documents/DO_A_PAPER_May_18/Papers/Paper_xAI_in_Cyber_2/6_Analysis_Results/xai_surfacebench/data/unsw_nb15/unsw_nb15_score_stream.csv
unsw_nb15_xai_gate_tuning_envelope,debt_strict,default,adversarial_explanation_flood,xai_gate,4,5000,0.0,0.0180130648130464,0.9283331999984077,0.6032496287953723,0.6571278049297908,0.5482550132983582,4434.297715857633,1.0,0.0036059849560265635,0.14182453048770538,0.4212394145570945,6.513829999995659,0.8117722181327989,0.0038,0.0,12.2574,45.1028,calibrated:/Users/let/Documents/DO_A_PAPER_May_18/Papers/Paper_xAI_in_Cyber_2/6_Analysis_Results/xai_surfacebench/data/unsw_nb15/unsw_nb15_score_stream.csv
unsw_nb15_xai_gate_tuning_envelope,debt_strict,default,transient_overload,xai_gate,4,5000,0.2477503466415086,1.0390298479836086,53.30657044000007,0.6820581443537901,0.73736144690819,0.7300291116500291,4013.4290761171565,1.0,0.1750054275958711,0.15558450273353464,0.5332563601544741,4.774481999994532,0.20709864631130803,0.0238,0.0,10.1334,55.9656,calibrated:/Users/let/Documents/DO_A_PAPER_May_18/Papers/Paper_xAI_in_Cyber_2/6_Analysis_Results/xai_surfacebench/data/unsw_nb15/unsw_nb15_score_stream.csv
unsw_nb15_xai_gate_tuning_envelope,debt_strict,default,non_markovian,xai_gate,4,5000,0.13592444866920156,1.2064721367571076,62.34641102000014,0.6961161273875338,0.7649251711330918,0.7360241347808398,842.3531947396841,0.9660283333334889,0.17748411905925343,0.16541672863243323,0.49191612313837135,4.515631999999575,0.1363148047558731,0.0044,0.0,9.4138,55.23,calibrated:/Users/let/Documents/DO_A_PAPER_May_18/Papers/Paper_xAI_in_Cyber_2/6_Analysis_Results/xai_surfacebench/data/unsw_nb15/unsw_nb15_score_stream.csv
unsw_nb15_xai_gate_tuning_envelope,debt_strict,default,rtt_uncertainty,xai_gate,4,5000,0.0,0.016768263804788335,0.8664733599999997,0.760970932303296,0.8671479699950204,0.6838750752679489,17.420547837109492,0.8898638888888849,0.014300978055395742,0.17780334785348348,0.3372510342182406,4.9485679999994865,0.07683048792360392,0.0,0.0,7.3002,45.1956,calibrated:/Users/let/Documents/DO_A_PAPER_May_18/Papers/Paper_xAI_in_Cyber_2/6_Analysis_Results/xai_surfacebench/data/unsw_nb15/unsw_nb15_score_stream.csv
unsw_nb15_xai_gate_tuning_envelope,debt_strict,default,adversarial_explanation_flood,xai_gate,5,5000,0.0,0.01702015781627903,0.8772477200000012,0.6055723794082726,0.6584679360768556,0.5497564634708302,4445.166117646327,1.0,0.003995153420440776,0.13979762255624326,0.4228947670032843,6.50941249999548,0.8040115730381929,0.0022,0.0,12.2148,45.1394,calibrated:/Users/let/Documents/DO_A_PAPER_May_18/Papers/Paper_xAI_in_Cyber_2/6_Analysis_Results/xai_surfacebench/data/unsw_nb15/unsw_nb15_score_stream.csv
unsw_nb15_xai_gate_tuning_envelope,debt_strict,default,transient_overload,xai_gate,5,5000,0.24797749927062396,1.0380506472001432,53.26859809999997,0.6838771253454526,0.7389495232883769,0.7338028370891952,3938.1964223517566,1.0,0.17807433768287861,0.15591142744167655,0.537430802687744,4.757266999994461,0.19973528972255106,0.0218,0.0,10.116,56.2124,calibrated:/Users/let/Documents/DO_A_PAPER_May_18/Papers/Paper_xAI_in_Cyber_2/6_Analysis_Results/xai_surfacebench/data/unsw_nb15/unsw_nb15_score_stream.csv
unsw_nb15_xai_gate_tuning_envelope,debt_strict,default,non_markovian,xai_gate,5,5000,0.13618357877778195,1.2295888003536086,63.551925900000086,0.6968692765071807,0.7658731741683716,0.7420891020354827,785.5386790046543,0.9626361111112708,0.18770886680265614,0.16635562692591468,0.4810338092964715,4.3654679999996056,0.12487032087193395,0.0056,0.0,9.2164,54.622,calibrated:/Users/let/Documents/DO_A_PAPER_May_18/Papers/Paper_xAI_in_Cyber_2/6_Analysis_Results/xai_surfacebench/data/unsw_nb15/unsw_nb15_score_stream.csv
unsw_nb15_xai_gate_tuning_envelope,debt_strict,default,rtt_uncertainty,xai_gate,5,5000,0.0,0.015241805952680113,0.7874685999999993,0.7603821271930552,0.8667675871962884,0.6829805949544235,19.105230526437737,0.8883116666666633,0.014418859649122807,0.17491776315789473,0.33782894736842106,4.939811999999493,0.08040390757926508,0.0,0.0,7.296,45.0202,calibrated:/Users/let/Documents/DO_A_PAPER_May_18/Papers/Paper_xAI_in_Cyber_2/6_Analysis_Results/xai_surfacebench/data/unsw_nb15/unsw_nb15_score_stream.csv
unsw_nb15_xai_gate_tuning_envelope,debt_strict,default,adversarial_explanation_flood,xai_gate,6,5000,0.0,0.01677618538064682,0.8651338949997894,0.6095285704878155,0.6635953135985518,0.5533623399495968,4266.945370971671,1.0,0.0033409038543826732,0.14235871103650308,0.42656183140710124,6.525428999995402,0.7997236525842093,0.0028,0.0,12.1524,45.0158,calibrated:/Users/let/Documents/DO_A_PAPER_May_18/Papers/Paper_xAI_in_Cyber_2/6_Analysis_Results/xai_surfacebench/data/unsw_nb15/unsw_nb15_score_stream.csv
unsw_nb15_xai_gate_tuning_envelope,debt_strict,default,transient_overload,xai_gate,6,5000,0.24792874218593966,1.0403243684782295,53.37850069999994,0.6825813044245573,0.7373911194349497,0.7300879193565054,3985.116977314719,1.0,0.17437750528207255,0.155658235096657,0.5334350255700827,4.78172099999441,0.2046499015214207,0.0242,0.0,10.1286,56.0528,calibrated:/Users/let/Documents/DO_A_PAPER_May_18/Papers/Paper_xAI_in_Cyber_2/6_Analysis_Results/xai_surfacebench/data/unsw_nb15/unsw_nb15_score_stream.csv
unsw_nb15_xai_gate_tuning_envelope,debt_strict,default,non_markovian,xai_gate,6,5000,0.13480455098856883,1.2825234923632856,66.30296725999996,0.6963119222565441,0.7648273315539557,0.7400219784955367,837.6862208257753,0.965396666666832,0.18511495615074663,0.16634704475425025,0.48197547889418,4.407439999999563,0.12778976632061956,0.003,0.0,9.2818,54.8672,calibrated:/Users/let/Documents/DO_A_PAPER_May_18/Papers/Paper_xAI_in_Cyber_2/6_Analysis_Results/xai_surfacebench/data/unsw_nb15/unsw_nb15_score_stream.csv
unsw_nb15_xai_gate_tuning_envelope,debt_strict,default,rtt_uncertainty,xai_gate,6,5000,0.0,0.016183882677089267,0.8361747799999998,0.7610678036034302,0.8662610878413157,0.6835445107426221,10.890667800637168,0.8868083333333281,0.014165864392793288,0.17395131343694129,0.33896300371338195,4.930891999999478,0.07960830604987645,0.0,0.0,7.271,44.899,calibrated:/Users/let/Documents/DO_A_PAPER_May_18/Papers/Paper_xAI_in_Cyber_2/6_Analysis_Results/xai_surfacebench/data/unsw_nb15/unsw_nb15_score_stream.csv
unsw_nb15_xai_gate_tuning_envelope,debt_strict,default,adversarial_explanation_flood,xai_gate,7,5000,0.0,0.016038685524562078,0.826436540000001,0.6145688496570527,0.668824016592845,0.5582596359657129,4121.847991930537,1.0,0.0037332625396140637,0.14426985680864127,0.430071844562853,6.522475999995456,0.7932399059775612,0.0028,0.0,12.0538,44.812,calibrated:/Users/let/Documents/DO_A_PAPER_May_18/Papers/Paper_xAI_in_Cyber_2/6_Analysis_Results/xai_surfacebench/data/unsw_nb15/unsw_nb15_score_stream.csv
unsw_nb15_xai_gate_tuning_envelope,debt_strict,default,transient_overload,xai_gate,7,5000,0.2475292815126798,1.0391794332546676,53.318126919999955,0.6766429046709987,0.7314950271555631,0.7252362907797453,4064.7492164954015,1.0,0.17507877174785214,0.15445133765191693,0.5303075523014605,4.764311499994649,0.21073613998922336,0.0228,0.0,10.2194,56.271,calibrated:/Users/let/Documents/DO_A_PAPER_May_18/Papers/Paper_xAI_in_Cyber_2/6_Analysis_Results/xai_surfacebench/data/unsw_nb15/unsw_nb15_score_stream.csv
unsw_nb15_xai_gate_tuning_envelope,debt_strict,default,non_markovian,xai_gate,7,5000,0.13802361923291337,1.2328691675721781,63.721498519999955,0.695500678192434,0.7643590427351287,0.7415917066764152,810.0196712438269,0.9641255555557166,0.18842982323939114,0.16593106120955067,0.4848752341378345,4.378975999999609,0.12817448606450776,0.0046,0.0,9.2894,54.8934,calibrated:/Users/let/Documents/DO_A_PAPER_May_18/Papers/Paper_xAI_in_Cyber_2/6_Analysis_Results/xai_surfacebench/data/unsw_nb15/unsw_nb15_score_stream.csv
unsw_nb15_xai_gate_tuning_envelope,debt_strict,default,rtt_uncertainty,xai_gate,7,5000,0.0,0.01577843134369674,0.8151850200000004,0.7599828375286781,0.866383482976716,0.682072733098235,15.79410203736228,0.8902244444444373,0.013076168682576005,0.17631034107006646,0.34126076059714505,4.9739479999994884,0.08730617141333719,0.0,0.0,7.3416,45.014,calibrated:/Users/let/Documents/DO_A_PAPER_May_18/Papers/Paper_xAI_in_Cyber_2/6_Analysis_Results/xai_surfacebench/data/unsw_nb15/unsw_nb15_score_stream.csv
unsw_nb15_xai_gate_tuning_envelope,debt_strict,default,adversarial_explanation_flood,xai_gate,8,5000,0.0,0.01752591330699365,0.9034375399999998,0.6063852446930836,0.6597587820516282,0.5505804712070478,4355.315477535506,1.0,0.00379979035639413,0.139937106918239,0.4247309846691314,6.51807449999546,0.8033440548658954,0.0032,0.0,12.2112,45.1428,calibrated:/Users/let/Documents/DO_A_PAPER_May_18/Papers/Paper_xAI_in_Cyber_2/6_Analysis_Results/xai_surfacebench/data/unsw_nb15/unsw_nb15_score_stream.csv
unsw_nb15_xai_gate_tuning_envelope,debt_strict,default,transient_overload,xai_gate,8,5000,0.248309707123719,1.0375484624995053,53.22880803999996,0.6801295556119107,0.7345953845480225,0.7282545433071218,4042.238204777067,1.0,0.17442753352103801,0.15564393864813247,0.5322018547312718,4.775027999994516,0.2080150606457407,0.027,0.0,10.1578,56.0578,calibrated:/Users/let/Documents/DO_A_PAPER_May_18/Papers/Paper_xAI_in_Cyber_2/6_Analysis_Results/xai_surfacebench/data/unsw_nb15/unsw_nb15_score_stream.csv
unsw_nb15_xai_gate_tuning_envelope,debt_strict,default,non_markovian,xai_gate,8,5000,0.13595568939501906,1.4120166149125832,73.00328600000002,0.6935854371855845,0.7603927788290372,0.7452075179562118,865.5852807128705,0.964983333333511,0.19758289966022966,0.1664874629048213,0.4840436970452884,4.299147999999624,0.13263015857358074,0.0038,0.0,9.3004,54.7422,calibrated:/Users/let/Documents/DO_A_PAPER_May_18/Papers/Paper_xAI_in_Cyber_2/6_Analysis_Results/xai_surfacebench/data/unsw_nb15/unsw_nb15_score_stream.csv
unsw_nb15_xai_gate_tuning_envelope,debt_strict,default,rtt_uncertainty,xai_gate,8,5000,0.0,0.017878102165411507,0.9236511600000004,0.7598095859856028,0.866445941042728,0.6812837921234248,26.972606611840618,0.8942983333333288,0.013437789021271965,0.18089331374789183,0.3307491431369349,4.976499999999523,0.08880408368170878,0.0,0.0,7.3524,45.0182,calibrated:/Users/let/Documents/DO_A_PAPER_May_18/Papers/Paper_xAI_in_Cyber_2/6_Analysis_Results/xai_surfacebench/data/unsw_nb15/unsw_nb15_score_stream.csv
unsw_nb15_xai_gate_tuning_envelope,debt_strict,default,adversarial_explanation_flood,xai_gate,9,5000,0.0,0.015473483697929401,0.7973268400000013,0.6149225623316157,0.6693895222469866,0.5590319461508095,4083.296965898197,1.0,0.0039507320474087846,0.1470402709073404,0.4287664752159501,6.520400999995515,0.7898643087829385,0.0016,0.0,12.0484,44.8764,calibrated:/Users/let/Documents/DO_A_PAPER_May_18/Papers/Paper_xAI_in_Cyber_2/6_Analysis_Results/xai_surfacebench/data/unsw_nb15/unsw_nb15_score_stream.csv
unsw_nb15_xai_gate_tuning_envelope,debt_strict,default,transient_overload,xai_gate,9,5000,0.24681782896958737,1.0398161423837822,53.365480059999925,0.6827893516218857,0.737343003759299,0.7334432793519456,3929.8541512204392,1.0,0.1790124680370275,0.15685147376558506,0.5335289103836515,4.732395999994367,0.19563684625274425,0.0192,0.0,10.0898,56.259,calibrated:/Users/let/Documents/DO_A_PAPER_May_18/Papers/Paper_xAI_in_Cyber_2/6_Analysis_Results/xai_surfacebench/data/unsw_nb15/unsw_nb15_score_stream.csv
unsw_nb15_xai_gate_tuning_envelope,debt_strict,default,non_markovian,xai_gate,9,5000,0.13737214200952955,1.2875359973696414,66.55057507999994,0.6941192752358891,0.7623546809300501,0.7387765878169648,873.9895344374312,0.9664372222223816,0.18606681286860988,0.16396618902633764,0.4886622522196436,4.426247999999606,0.1293578455948694,0.0038,0.0,9.3934,55.4498,calibrated:/Users/let/Documents/DO_A_PAPER_May_18/Papers/Paper_xAI_in_Cyber_2/6_Analysis_Results/xai_surfacebench/data/unsw_nb15/unsw_nb15_score_stream.csv
unsw_nb15_xai_gate_tuning_envelope,debt_strict,default,rtt_uncertainty,xai_gate,9,5000,0.0,0.016706201254352033,0.8631516399999994,0.7613466265293912,0.8669100464480294,0.6834328472934015,9.85734998137735,0.8850566666666623,0.014278218122566213,0.17153193957303434,0.3380651219310116,4.9133279999994715,0.07534929028253612,0.0,0.0,7.2418,44.8958,calibrated:/Users/let/Documents/DO_A_PAPER_May_18/Papers/Paper_xAI_in_Cyber_2/6_Analysis_Results/xai_surfacebench/data/unsw_nb15/unsw_nb15_score_stream.csv
unsw_nb15_xai_gate_tuning_envelope,debt_strict,default,adversarial_explanation_flood,xai_gate,10,5000,0.0,0.01740951730048565,0.8973818800000004,0.6117134377573176,0.6656079838054967,0.5560769167356522,4184.696377506067,1.0,0.003924154987633965,0.14359439406430338,0.42952184666049825,6.529673999995525,0.8007987054439665,0.003,0.0,12.13,44.906,calibrated:/Users/let/Documents/DO_A_PAPER_May_18/Papers/Paper_xAI_in_Cyber_2/6_Analysis_Results/xai_surfacebench/data/unsw_nb15/unsw_nb15_score_stream.csv
unsw_nb15_xai_gate_tuning_envelope,debt_strict,default,transient_overload,xai_gate,10,5000,0.24875500140493964,1.0381789616057258,53.27484747999996,0.6878350156970798,0.742413085279142,0.7374577256283077,3930.030444822094,1.0,0.1780789254063506,0.15642014068274848,0.5410771768060735,4.768718999994116,0.1933326456838711,0.0238,0.0,10.0652,56.2302,calibrated:/Users/let/Documents/DO_A_PAPER_May_18/Papers/Paper_xAI_in_Cyber_2/6_Analysis_Results/xai_surfacebench/data/unsw_nb15/unsw_nb15_score_stream.csv
unsw_nb15_xai_gate_tuning_envelope,debt_strict,default,non_markovian,xai_gate,10,5000,0.13694726026897736,1.2454005724551573,64.36617763999988,0.696801480079251,0.7651938294381014,0.7397683073745648,829.2660571869648,0.9646750000001604,0.18356853971258927,0.1650890629033646,0.4859306428018243,4.428495999999548,0.13007371102942966,0.0052,0.0,9.2968,54.8448,calibrated:/Users/let/Documents/DO_A_PAPER_May_18/Papers/Paper_xAI_in_Cyber_2/6_Analysis_Results/xai_surfacebench/data/unsw_nb15/unsw_nb15_score_stream.csv
unsw_nb15_xai_gate_tuning_envelope,debt_strict,default,rtt_uncertainty,xai_gate,10,5000,0.0,0.016299965085249606,0.8421021799999991,0.7608289382853153,0.8664909178229001,0.6822899467026242,8.22240164363227,0.8827155555555485,0.01364075659257214,0.16727875189838465,0.3425928482672926,4.913243999999501,0.07983278469538502,0.0,0.0,7.243,44.7168,calibrated:/Users/let/Documents/DO_A_PAPER_May_18/Papers/Paper_xAI_in_Cyber_2/6_Analysis_Results/xai_surfacebench/data/unsw_nb15/unsw_nb15_score_stream.csv
unsw_nb15_xai_gate_tuning_envelope,debt_strict,default,adversarial_explanation_flood,xai_gate,11,5000,0.0,0.017497144223946277,0.9019186000000009,0.6086499343290334,0.6623517092547393,0.5530858028241147,4262.11615122948,1.0,0.0036939747167952716,0.14605155146938106,0.42437818092200635,6.526472499995515,0.8039229623311528,0.002,0.0,12.182,45.0204,calibrated:/Users/let/Documents/DO_A_PAPER_May_18/Papers/Paper_xAI_in_Cyber_2/6_Analysis_Results/xai_surfacebench/data/unsw_nb15/unsw_nb15_score_stream.csv
unsw_nb15_xai_gate_tuning_envelope,debt_strict,default,transient_overload,xai_gate,11,5000,0.24829968376631487,1.0393940181388115,53.342258699999974,0.6852065459161971,0.7396333846236581,0.7343669566258839,3936.0587320944383,1.0,0.17743088655862727,0.15578328566889102,0.5356391007297535,4.755437999994341,0.19542030946741873,0.0216,0.0,10.0704,56.161,calibrated:/Users/let/Documents/DO_A_PAPER_May_18/Papers/Paper_xAI_in_Cyber_2/6_Analysis_Results/xai_surfacebench/data/unsw_nb15/unsw_nb15_score_stream.csv
unsw_nb15_xai_gate_tuning_envelope,debt_strict,default,non_markovian,xai_gate,11,5000,0.13654054046219744,1.2772114122109492,66.01805675999996,0.695502709853711,0.7642143122209017,0.7385428668971058,839.9917238849005,0.9659133333334986,0.182648401826484,0.1648956599667136,0.4902061195749584,4.4570879999996125,0.1320864101802255,0.0056,0.0,9.3732,55.1972,calibrated:/Users/let/Documents/DO_A_PAPER_May_18/Papers/Paper_xAI_in_Cyber_2/6_Analysis_Results/xai_surfacebench/data/unsw_nb15/unsw_nb15_score_stream.csv
unsw_nb15_xai_gate_tuning_envelope,debt_strict,default,rtt_uncertainty,xai_gate,11,5000,0.0,0.016151574390723362,0.8344978399999993,0.7593788939207556,0.8660237516839219,0.6822895905608697,13.408597128766392,0.8833449999999919,0.014683683271579526,0.16720186633731302,0.3459860024701523,4.92411999999949,0.07830472207794559,0.0,0.0,7.287,45.0522,calibrated:/Users/let/Documents/DO_A_PAPER_May_18/Papers/Paper_xAI_in_Cyber_2/6_Analysis_Results/xai_surfacebench/data/unsw_nb15/unsw_nb15_score_stream.csv
unsw_nb15_xai_gate_tuning_envelope,debt_strict,default,adversarial_explanation_flood,xai_gate,12,5000,0.0,0.016784172756649562,0.8652773200000003,0.6088964593329819,0.6630270217377496,0.5531872986392441,4243.707577121034,1.0,0.0035834045630876456,0.14103491353803668,0.4276045433618151,6.5249849999955245,0.8038629638195594,0.0016,0.0,12.1672,44.9672,calibrated:/Users/let/Documents/DO_A_PAPER_May_18/Papers/Paper_xAI_in_Cyber_2/6_Analysis_Results/xai_surfacebench/data/unsw_nb15/unsw_nb15_score_stream.csv
unsw_nb15_xai_gate_tuning_envelope,debt_strict,default,transient_overload,xai_gate,12,5000,0.2472115003525969,1.0391270595252473,53.32925879999996,0.681852460796557,0.7358351908597228,0.7333415540946002,3993.6225621558956,1.0,0.17976063514634436,0.15594264723308449,0.536277501282649,4.7334844999944155,0.2022480714026238,0.0224,0.0,10.1268,56.1548,calibrated:/Users/let/Documents/DO_A_PAPER_May_18/Papers/Paper_xAI_in_Cyber_2/6_Analysis_Results/xai_surfacebench/data/unsw_nb15/unsw_nb15_score_stream.csv
unsw_nb15_xai_gate_tuning_envelope,debt_strict,default,non_markovian,xai_gate,12,5000,0.1374862166715499,1.3215650470381848,68.31854566000001,0.6946360029327626,0.7628407295719628,0.7429742959416762,802.5785448771845,0.9635200000001597,0.19262949066287144,0.16675292189588994,0.48212360374347696,4.333019999999573,0.13228830940521585,0.0058,0.0,9.2748,54.608,calibrated:/Users/let/Documents/DO_A_PAPER_May_18/Papers/Paper_xAI_in_Cyber_2/6_Analysis_Results/xai_surfacebench/data/unsw_nb15/unsw_nb15_score_stream.csv
unsw_nb15_xai_gate_tuning_envelope,debt_strict,default,rtt_uncertainty,xai_gate,12,5000,0.0,0.017493268878984232,0.9038838599999995,0.7597064074044265,0.8663146405463029,0.68208255249659,14.909977985558458,0.8848372222222155,0.014473648073384417,0.17082749718491663,0.34039163988904453,4.924327999999504,0.07700635360096753,0.0,0.0,7.2822,45.0768,calibrated:/Users/let/Documents/DO_A_PAPER_May_18/Papers/Paper_xAI_in_Cyber_2/6_Analysis_Results/xai_surfacebench/data/unsw_nb15/unsw_nb15_score_stream.csv
unsw_nb15_xai_gate_tuning_envelope,debt_strict,default,adversarial_explanation_flood,xai_gate,13,5000,0.0,0.01744034786075301,0.8986758400000013,0.6117027842032562,0.6654802529433124,0.5560648339394784,4221.31987709666,1.0,0.00380039656311963,0.14330799735624586,0.4287694150687182,6.520187499995488,0.8016408864120745,0.0026,0.0,12.104,44.7888,calibrated:/Users/let/Documents/DO_A_PAPER_May_18/Papers/Paper_xAI_in_Cyber_2/6_Analysis_Results/xai_surfacebench/data/unsw_nb15/unsw_nb15_score_stream.csv
unsw_nb15_xai_gate_tuning_envelope,debt_strict,default,transient_overload,xai_gate,13,5000,0.24935427404014024,1.0394844355517934,53.33970891999998,0.6812829725568315,0.7354292127827078,0.7304389687332729,4015.541905768155,1.0,0.17685908051415503,0.1554885261414715,0.5332953828551612,4.756988499994387,0.20462528231179222,0.0216,0.0,10.1448,56.1436,calibrated:/Users/let/Documents/DO_A_PAPER_May_18/Papers/Paper_xAI_in_Cyber_2/6_Analysis_Results/xai_surfacebench/data/unsw_nb15/unsw_nb15_score_stream.csv
unsw_nb15_xai_gate_tuning_envelope,debt_strict,default,non_markovian,xai_gate,13,5000,0.13981954681895517,1.2055733863997686,62.297415940000015,0.6953256688697509,0.7636215130216485,0.7378411288437352,873.3390188261754,0.9665461111112778,0.1812270225471237,0.16803026117262043,0.4902564974392758,4.481011999999585,0.13318138198666074,0.0054,0.0,9.4114,55.3686,calibrated:/Users/let/Documents/DO_A_PAPER_May_18/Papers/Paper_xAI_in_Cyber_2/6_Analysis_Results/xai_surfacebench/data/unsw_nb15/unsw_nb15_score_stream.csv
unsw_nb15_xai_gate_tuning_envelope,debt_strict,default,rtt_uncertainty,xai_gate,13,5000,0.0,0.01566112127619366,0.809058239999999,0.7612389896913714,0.867489198785004,0.6827908127005404,6.8370608393045655,0.8783172222222149,0.013865347745144349,0.16266081302620244,0.3459390369279502,4.8859839999994605,0.06715177609056977,0.0,0.0,7.1978,44.9658,calibrated:/Users/let/Documents/DO_A_PAPER_May_18/Papers/Paper_xAI_in_Cyber_2/6_Analysis_Results/xai_surfacebench/data/unsw_nb15/unsw_nb15_score_stream.csv
unsw_nb15_xai_gate_tuning_envelope,debt_strict,default,adversarial_explanation_flood,xai_gate,14,5000,0.0,0.017716202010285415,0.9132477399999998,0.6088128358500116,0.6624932356550023,0.5530983065751482,4327.03681489771,1.0,0.003730300889027657,0.14321397466024682,0.42601638374375334,6.523334499995453,0.8004512001183457,0.0036,0.0,12.1706,45.065,calibrated:/Users/let/Documents/DO_A_PAPER_May_18/Papers/Paper_xAI_in_Cyber_2/6_Analysis_Results/xai_surfacebench/data/unsw_nb15/unsw_nb15_score_stream.csv
unsw_nb15_xai_gate_tuning_envelope,debt_strict,default,transient_overload,xai_gate,14,5000,0.24891899359131575,1.0392870711245756,53.32817029999999,0.6847883106559214,0.7384367113597091,0.7340665656972138,3923.8681217890194,1.0,0.1770781606912305,0.15614261594994538,0.5353336974862359,4.755986499994294,0.1929939301739001,0.0232,0.0,10.069,56.2674,calibrated:/Users/let/Documents/DO_A_PAPER_May_18/Papers/Paper_xAI_in_Cyber_2/6_Analysis_Results/xai_surfacebench/data/unsw_nb15/unsw_nb15_score_stream.csv
unsw_nb15_xai_gate_tuning_envelope,debt_strict,default,non_markovian,xai_gate,14,5000,0.13951295505863515,1.239350044265996,64.05507903999987,0.6952307791483056,0.7640936131274221,0.7403384331084178,821.9698810884047,0.9645727777779373,0.18660019768791095,0.16498345438136577,0.4859039924362886,4.398883999999575,0.12991963483623303,0.0074,0.0,9.3076,54.916,calibrated:/Users/let/Documents/DO_A_PAPER_May_18/Papers/Paper_xAI_in_Cyber_2/6_Analysis_Results/xai_surfacebench/data/unsw_nb15/unsw_nb15_score_stream.csv
unsw_nb15_xai_gate_tuning_envelope,debt_strict,default,rtt_uncertainty,xai_gate,14,5000,0.0,0.01694319600419476,0.8755233199999993,0.7599198516984544,0.866500705644063,0.6824515812502863,20.481440438822506,0.8926694444444396,0.014339458044817621,0.17995202006433672,0.33264271304727117,4.962267999999518,0.08323440646834213,0.0,0.0,7.3364,45.1512,calibrated:/Users/let/Documents/DO_A_PAPER_May_18/Papers/Paper_xAI_in_Cyber_2/6_Analysis_Results/xai_surfacebench/data/unsw_nb15/unsw_nb15_score_stream.csv
unsw_nb15_xai_gate_tuning_envelope,debt_strict,default,adversarial_explanation_flood,xai_gate,15,5000,0.0,0.019292211947496498,0.994453960000001,0.6075618331117739,0.6609427238350284,0.5516977676159411,4301.591549402517,1.0,0.0035075642097326712,0.14269557948566652,0.4250995722076585,6.527744999995713,0.7980399004478058,0.0038,0.0,12.2022,45.2426,calibrated:/Users/let/Documents/DO_A_PAPER_May_18/Papers/Paper_xAI_in_Cyber_2/6_Analysis_Results/xai_surfacebench/data/unsw_nb15/unsw_nb15_score_stream.csv
unsw_nb15_xai_gate_tuning_envelope,debt_strict,default,transient_overload,xai_gate,15,5000,0.2472947748190755,1.0398144973787353,53.35915633999998,0.6833599047180768,0.7379350223914056,0.73297964397912,3959.3350526829017,1.0,0.17706130033407794,0.15632474746476369,0.5368548243609302,4.763620499994497,0.2017013432344703,0.0216,0.0,10.1174,56.1282,calibrated:/Users/let/Documents/DO_A_PAPER_May_18/Papers/Paper_xAI_in_Cyber_2/6_Analysis_Results/xai_surfacebench/data/unsw_nb15/unsw_nb15_score_stream.csv
unsw_nb15_xai_gate_tuning_envelope,debt_strict,default,non_markovian,xai_gate,15,5000,0.13784546968059258,1.2328901476755159,63.723155339999835,0.6948173853437807,0.763775610230175,0.7393192382665926,832.9296633618231,0.9645694444446017,0.18578497525865947,0.1661632714264293,0.4853801169590643,4.41096799999959,0.12884387989756974,0.0052,0.0,9.3366,55.1396,calibrated:/Users/let/Documents/DO_A_PAPER_May_18/Papers/Paper_xAI_in_Cyber_2/6_Analysis_Results/xai_surfacebench/data/unsw_nb15/unsw_nb15_score_stream.csv
unsw_nb15_xai_gate_tuning_envelope,debt_strict,default,rtt_uncertainty,xai_gate,15,5000,0.0,0.015705583239444324,0.8115136199999994,0.7605581471928727,0.8672296799878407,0.683263709492193,15.656923406237713,0.8869222222222177,0.014241808901816585,0.17320673947642828,0.34106251029032436,4.937659999999484,0.07568015915886916,0.0,0.0,7.2884,45.1708,calibrated:/Users/let/Documents/DO_A_PAPER_May_18/Papers/Paper_xAI_in_Cyber_2/6_Analysis_Results/xai_surfacebench/data/unsw_nb15/unsw_nb15_score_stream.csv
unsw_nb15_xai_gate_tuning_envelope,debt_strict,default,adversarial_explanation_flood,xai_gate,16,5000,0.0,0.01625262364763168,0.8374645000000006,0.612487263674687,0.6661564003607342,0.5563710364394151,4193.121208440607,1.0,0.0036554906793258017,0.14367236217476884,0.42824031956527825,6.521291499995407,0.7919795598672748,0.0018,0.0,12.0914,44.9834,calibrated:/Users/let/Documents/DO_A_PAPER_May_18/Papers/Paper_xAI_in_Cyber_2/6_Analysis_Results/xai_surfacebench/data/unsw_nb15/unsw_nb15_score_stream.csv
unsw_nb15_xai_gate_tuning_envelope,debt_strict,default,transient_overload,xai_gate,16,5000,0.24800829580873698,1.0400830093147742,53.372814340000005,0.6825225768199403,0.7371131510631636,0.7321066594204475,3992.478420879881,1.0,0.17713664657642525,0.15583440371504792,0.5353868194831728,4.757506999994477,0.19901008514262775,0.0234,0.0,10.121,56.2742,calibrated:/Users/let/Documents/DO_A_PAPER_May_18/Papers/Paper_xAI_in_Cyber_2/6_Analysis_Results/xai_surfacebench/data/unsw_nb15/unsw_nb15_score_stream.csv
unsw_nb15_xai_gate_tuning_envelope,debt_strict,default,non_markovian,xai_gate,16,5000,0.14112367016561192,1.2972898802239463,67.0486872199999,0.6951131906549274,0.7631610744935743,0.7395148362892092,854.2929315685197,0.9658950000001603,0.1846862210095498,0.16398789222373805,0.4921555252387449,4.442539999999561,0.1316271603062109,0.0042,0.0,9.3824,55.2738,calibrated:/Users/let/Documents/DO_A_PAPER_May_18/Papers/Paper_xAI_in_Cyber_2/6_Analysis_Results/xai_surfacebench/data/unsw_nb15/unsw_nb15_score_stream.csv
unsw_nb15_xai_gate_tuning_envelope,debt_strict,default,rtt_uncertainty,xai_gate,16,5000,0.0,0.018454972086393462,0.9535537399999997,0.759625115873352,0.86561194409668,0.6833886061965382,14.193316704289094,0.8904955555555493,0.015240743770107422,0.17577294290855552,0.3397949724630569,4.955135999999477,0.08646583133386287,0.0,0.0,7.3356,45.012,calibrated:/Users/let/Documents/DO_A_PAPER_May_18/Papers/Paper_xAI_in_Cyber_2/6_Analysis_Results/xai_surfacebench/data/unsw_nb15/unsw_nb15_score_stream.csv
unsw_nb15_xai_gate_tuning_envelope,debt_strict,default,adversarial_explanation_flood,xai_gate,17,5000,0.0,0.016156688382827418,0.8328324000000009,0.6091120149054647,0.663388702895478,0.553436556077501,4251.20139998871,1.0,0.0035622824873596426,0.14406724013395494,0.4270039890990821,6.533638499995547,0.8054320636388386,0.0032,0.0,12.1832,44.9872,calibrated:/Users/let/Documents/DO_A_PAPER_May_18/Papers/Paper_xAI_in_Cyber_2/6_Analysis_Results/xai_surfacebench/data/unsw_nb15/unsw_nb15_score_stream.csv
unsw_nb15_xai_gate_tuning_envelope,debt_strict,default,transient_overload,xai_gate,17,5000,0.24911905141519056,1.038291169552356,53.27232143999999,0.6796265261908738,0.733901453877442,0.7289713962195049,4069.300576369856,1.0,0.17676250492319812,0.15521858999606145,0.5316118550599629,4.7501229999943835,0.2048006965921314,0.0268,0.0,10.156,56.1974,calibrated:/Users/let/Documents/DO_A_PAPER_May_18/Papers/Paper_xAI_in_Cyber_2/6_Analysis_Results/xai_surfacebench/data/unsw_nb15/unsw_nb15_score_stream.csv
unsw_nb15_xai_gate_tuning_envelope,debt_strict,default,non_markovian,xai_gate,17,5000,0.13821556680423944,1.3761521659878118,71.14171138000005,0.6949636151480597,0.7640189927434179,0.7349084544393637,894.9199462268977,0.967313333333497,0.17857218627346982,0.16609737986634135,0.4868144690781797,4.501691999999567,0.12970179803180204,0.0044,0.0,9.427,55.6312,calibrated:/Users/let/Documents/DO_A_PAPER_May_18/Papers/Paper_xAI_in_Cyber_2/6_Analysis_Results/xai_surfacebench/data/unsw_nb15/unsw_nb15_score_stream.csv
unsw_nb15_xai_gate_tuning_envelope,debt_strict,default,rtt_uncertainty,xai_gate,17,5000,0.0,0.017030304411782975,0.8800292599999994,0.7606722666083678,0.8674002633364096,0.6831431774646118,23.984395017524616,0.8894711111111048,0.013790084272737223,0.1763160774871402,0.339252489876327,4.955019999999533,0.0855476152287935,0.0,0.0,7.3096,44.8904,calibrated:/Users/let/Documents/DO_A_PAPER_May_18/Papers/Paper_xAI_in_Cyber_2/6_Analysis_Results/xai_surfacebench/data/unsw_nb15/unsw_nb15_score_stream.csv
unsw_nb15_xai_gate_tuning_envelope,debt_strict,default,adversarial_explanation_flood,xai_gate,18,5000,0.0,0.01863226486775377,0.9605346399995753,0.6104009294044653,0.6640778700939232,0.5546941533191287,4221.631642560685,1.0,0.003987871597126096,0.14244281853536353,0.42750972249617647,6.519627999995405,0.7966071587174692,0.0032,0.0,12.1368,45.036,calibrated:/Users/let/Documents/DO_A_PAPER_May_18/Papers/Paper_xAI_in_Cyber_2/6_Analysis_Results/xai_surfacebench/data/unsw_nb15/unsw_nb15_score_stream.csv
unsw_nb15_xai_gate_tuning_envelope,debt_strict,default,transient_overload,xai_gate,18,5000,0.24715632115766475,1.0380060304637135,53.262822579999906,0.6871244899984575,0.7421615574056368,0.7362837098223909,3940.977151643255,1.0,0.17733107771917603,0.1573091849935317,0.5369788038599813,4.762941999994309,0.1962582555985697,0.0242,0.0,10.049,56.0024,calibrated:/Users/let/Documents/DO_A_PAPER_May_18/Papers/Paper_xAI_in_Cyber_2/6_Analysis_Results/xai_surfacebench/data/unsw_nb15/unsw_nb15_score_stream.csv
unsw_nb15_xai_gate_tuning_envelope,debt_strict,default,non_markovian,xai_gate,18,5000,0.13924492220568052,1.2516391274928418,64.69175314000013,0.6964822713369493,0.7654681725479399,0.7393287665330898,795.0108401785564,0.9638294444446001,0.1839429580802206,0.16369393821894793,0.48487785963551766,4.416951999999525,0.1292582537875535,0.0066,0.0,9.2844,54.8112,calibrated:/Users/let/Documents/DO_A_PAPER_May_18/Papers/Paper_xAI_in_Cyber_2/6_Analysis_Results/xai_surfacebench/data/unsw_nb15/unsw_nb15_score_stream.csv
unsw_nb15_xai_gate_tuning_envelope,debt_strict,default,rtt_uncertainty,xai_gate,18,5000,0.0,0.01751109287951368,0.9047454200000007,0.7599690553746679,0.8659671295333861,0.6831227130008208,25.115664969736063,0.8951905555555525,0.014332247557003257,0.18243756786102064,0.33463626492942455,4.9840519999995,0.0897006429056304,0.0,0.0,7.368,45.0766,calibrated:/Users/let/Documents/DO_A_PAPER_May_18/Papers/Paper_xAI_in_Cyber_2/6_Analysis_Results/xai_surfacebench/data/unsw_nb15/unsw_nb15_score_stream.csv
unsw_nb15_xai_gate_tuning_envelope,debt_strict,default,adversarial_explanation_flood,xai_gate,19,5000,0.0,0.016603617058729696,0.8553151200000014,0.6118687022771737,0.6660213516286676,0.5559080882962119,4204.625365569683,1.0,0.0034797236011016378,0.14346026353546515,0.4296654682777713,6.534529499995523,0.795869650848374,0.0026,0.0,12.1274,45.0196,calibrated:/Users/let/Documents/DO_A_PAPER_May_18/Papers/Paper_xAI_in_Cyber_2/6_Analysis_Results/xai_surfacebench/data/unsw_nb15/unsw_nb15_score_stream.csv
unsw_nb15_xai_gate_tuning_envelope,debt_strict,default,transient_overload,xai_gate,19,5000,0.24974049896523107,1.0403059967436976,53.37348115999994,0.6777027702617917,0.7324054637190909,0.7267054121078244,4085.7948578350624,1.0,0.1756852135042936,0.15378582911814295,0.5324349096174149,4.761870499994457,0.20915148885933443,0.0246,0.0,10.2012,56.2444,calibrated:/Users/let/Documents/DO_A_PAPER_May_18/Papers/Paper_xAI_in_Cyber_2/6_Analysis_Results/xai_surfacebench/data/unsw_nb15/unsw_nb15_score_stream.csv
unsw_nb15_xai_gate_tuning_envelope,debt_strict,default,non_markovian,xai_gate,19,5000,0.1387073666457344,1.41161689371136,72.97619824000003,0.6936069155707251,0.7622430737443067,0.7359083580822965,880.70220292721,0.9669838888890572,0.18336868901145523,0.16735256682223165,0.4828171404327535,4.451035999999568,0.12771747256361676,0.0064,0.0,9.428,55.735,calibrated:/Users/let/Documents/DO_A_PAPER_May_18/Papers/Paper_xAI_in_Cyber_2/6_Analysis_Results/xai_surfacebench/data/unsw_nb15/unsw_nb15_score_stream.csv
unsw_nb15_xai_gate_tuning_envelope,debt_strict,default,rtt_uncertainty,xai_gate,19,5000,0.0,0.01615938935654278,0.8348221799999995,0.7618372400132783,0.8675283398756164,0.6841802426692787,15.28903416095308,0.8899949999999969,0.014223616154946626,0.1785517772642236,0.3329481677121162,4.9360879999994935,0.07579201591134876,0.0,0.0,7.2696,45.0496,calibrated:/Users/let/Documents/DO_A_PAPER_May_18/Papers/Paper_xAI_in_Cyber_2/6_Analysis_Results/xai_surfacebench/data/unsw_nb15/unsw_nb15_score_stream.csv
unsw_nb15_xai_gate_tuning_envelope,debt_strict,default,adversarial_explanation_flood,xai_gate,20,5000,0.0,0.018574560650601882,0.9575026200000002,0.611260804658071,0.6653502739937481,0.5553604920658655,4243.345573848735,1.0,0.003612549899376464,0.1441390914189568,0.4278830292626387,6.526175499995518,0.7970460288875545,0.004,0.0,12.1244,44.979,calibrated:/Users/let/Documents/DO_A_PAPER_May_18/Papers/Paper_xAI_in_Cyber_2/6_Analysis_Results/xai_surfacebench/data/unsw_nb15/unsw_nb15_score_stream.csv
unsw_nb15_xai_gate_tuning_envelope,debt_strict,default,transient_overload,xai_gate,20,5000,0.24789940039641487,1.0375817585390297,53.246690199999975,0.68293046128902,0.7374521860951215,0.732338829807656,3975.9314114485533,1.0,0.17709730881540525,0.1555125877989109,0.5369717267765974,4.765780499994374,0.20238607828414779,0.0246,0.0,10.1368,56.2038,calibrated:/Users/let/Documents/DO_A_PAPER_May_18/Papers/Paper_xAI_in_Cyber_2/6_Analysis_Results/xai_surfacebench/data/unsw_nb15/unsw_nb15_score_stream.csv
unsw_nb15_xai_gate_tuning_envelope,debt_strict,default,non_markovian,xai_gate,20,5000,0.13751608855176115,1.2021061158712003,62.12293180000002,0.697507397248521,0.7666229703639841,0.7391201053972796,832.2725283949812,0.9635611111112762,0.18152955659704975,0.16431610548368286,0.4848923349387702,4.4350199999995645,0.12243624008950205,0.007,0.0,9.2602,55.0006,calibrated:/Users/let/Documents/DO_A_PAPER_May_18/Papers/Paper_xAI_in_Cyber_2/6_Analysis_Results/xai_surfacebench/data/unsw_nb15/unsw_nb15_score_stream.csv
unsw_nb15_xai_gate_tuning_envelope,debt_strict,default,rtt_uncertainty,xai_gate,20,5000,0.0,0.017781289591398346,0.9187678199999997,0.7604688491133967,0.8665300971569531,0.6824013202564944,9.291106301342706,0.8824811111111047,0.013927576601671309,0.16715849857966297,0.3438870349430486,4.914423999999487,0.07418796734093891,0.0,0.0,7.2518,45.0064,calibrated:/Users/let/Documents/DO_A_PAPER_May_18/Papers/Paper_xAI_in_Cyber_2/6_Analysis_Results/xai_surfacebench/data/unsw_nb15/unsw_nb15_score_stream.csv
unsw_nb15_xai_gate_tuning_envelope,service_strict,default,adversarial_explanation_flood,xai_gate,1,5000,0.0,0.017870085884378398,0.9237222600000005,0.5603750389168758,0.6044092435900525,0.7517440026548691,5114.030545203775,1.0,0.1749225752535763,0.14680387369524964,0.4255063332616519,4.4072904999958205,0.8043020957601379,0.0002,0.0,12.2054,45.0974,calibrated:/Users/let/Documents/DO_A_PAPER_May_18/Papers/Paper_xAI_in_Cyber_2/6_Analysis_Results/xai_surfacebench/data/unsw_nb15/unsw_nb15_score_stream.csv
unsw_nb15_xai_gate_tuning_envelope,service_strict,default,transient_overload,xai_gate,1,5000,0.24723505699441295,1.0353432455839482,53.21485925999996,0.6521592386801305,0.7048796946265992,0.7514998817821291,4242.867298342072,1.0,0.2560389328919888,0.15265791858769753,0.46190448043391713,3.810705999994227,0.20491280798526934,0.0126,0.0,10.1508,56.1634,calibrated:/Users/let/Documents/DO_A_PAPER_May_18/Papers/Paper_xAI_in_Cyber_2/6_Analysis_Results/xai_surfacebench/data/unsw_nb15/unsw_nb15_score_stream.csv
unsw_nb15_xai_gate_tuning_envelope,service_strict,default,non_markovian,xai_gate,1,5000,0.13652325154856565,1.1950678910928907,61.802732699999936,0.6421219827587001,0.7212534748857025,0.7415116379310226,1013.9894795310071,0.9625433333335033,0.2787284482758621,0.15411637931034483,0.4094396551724138,3.2956919999996868,0.1324420233614969,0.004,0.0,9.28,54.6312,calibrated:/Users/let/Documents/DO_A_PAPER_May_18/Papers/Paper_xAI_in_Cyber_2/6_Analysis_Results/xai_surfacebench/data/unsw_nb15/unsw_nb15_score_stream.csv
unsw_nb15_xai_gate_tuning_envelope,service_strict,default,rtt_uncertainty,xai_gate,1,5000,0.0,0.01676053725641031,0.8675905800000006,0.655556073612942,0.7975923287310925,0.625748852701531,35.42458019453286,0.8344127777778041,0.0794821864457914,0.19582567675050053,0.12166424398672554,3.836975999999749,0.07833220948527697,0.0,0.0,7.2922,45.0832,calibrated:/Users/let/Documents/DO_A_PAPER_May_18/Papers/Paper_xAI_in_Cyber_2/6_Analysis_Results/xai_surfacebench/data/unsw_nb15/unsw_nb15_score_stream.csv
unsw_nb15_xai_gate_tuning_envelope,service_strict,default,adversarial_explanation_flood,xai_gate,2,5000,0.0,0.016239618538473822,0.8394082599999998,0.5606763961681198,0.6048804452757037,0.7523525992806581,5114.279579881282,1.0,0.17450667893465652,0.14700228381775463,0.4249030609723294,4.406732499995821,0.8125640292569012,0.0006,0.0,12.1726,44.7712,calibrated:/Users/let/Documents/DO_A_PAPER_May_18/Papers/Paper_xAI_in_Cyber_2/6_Analysis_Results/xai_surfacebench/data/unsw_nb15/unsw_nb15_score_stream.csv
unsw_nb15_xai_gate_tuning_envelope,service_strict,default,transient_overload,xai_gate,2,5000,0.24911662887296357,1.0378080133019478,53.34171304,0.6518127403603553,0.704648925814618,0.7518930578843657,4228.923868099474,1.0,0.25648358150083816,0.15310127206389904,0.46222759096625715,3.804134999994328,0.20523882530514204,0.0112,0.0,10.141,56.094,calibrated:/Users/let/Documents/DO_A_PAPER_May_18/Papers/Paper_xAI_in_Cyber_2/6_Analysis_Results/xai_surfacebench/data/unsw_nb15/unsw_nb15_score_stream.csv
unsw_nb15_xai_gate_tuning_envelope,service_strict,default,non_markovian,xai_gate,2,5000,0.1367617064590374,1.2738511211302934,65.89436320000004,0.6422521671960264,0.7215954148087913,0.7414601750922623,1054.2601226419586,0.9660633333335165,0.2786670672045318,0.1530126169427517,0.4105870740708952,3.3104559999996623,0.13147263333721715,0.005,0.0,9.3208,54.9184,calibrated:/Users/let/Documents/DO_A_PAPER_May_18/Papers/Paper_xAI_in_Cyber_2/6_Analysis_Results/xai_surfacebench/data/unsw_nb15/unsw_nb15_score_stream.csv
unsw_nb15_xai_gate_tuning_envelope,service_strict,default,rtt_uncertainty,xai_gate,2,5000,0.0,0.015420250474326474,0.7980561000000008,0.6555417045048432,0.7968568860560765,0.6251369333392993,34.95861754967048,0.8270916666666979,0.07884091471972261,0.20105121219626296,0.12099947714576625,3.8201799999997434,0.07748210942051892,0.0,0.0,7.2678,44.9678,calibrated:/Users/let/Documents/DO_A_PAPER_May_18/Papers/Paper_xAI_in_Cyber_2/6_Analysis_Results/xai_surfacebench/data/unsw_nb15/unsw_nb15_score_stream.csv
unsw_nb15_xai_gate_tuning_envelope,service_strict,default,adversarial_explanation_flood,xai_gate,3,5000,0.0,0.017002519916574452,0.8790345400000004,0.5605685536242655,0.6041539136104459,0.7540493415106206,5036.442002519299,1.0,0.1780141727363904,0.14490060998668222,0.42655497278836507,4.367893999996016,0.7977969811577308,0.0002,0.0,12.1642,45.1078,calibrated:/Users/let/Documents/DO_A_PAPER_May_18/Papers/Paper_xAI_in_Cyber_2/6_Analysis_Results/xai_surfacebench/data/unsw_nb15/unsw_nb15_score_stream.csv
unsw_nb15_xai_gate_tuning_envelope,service_strict,default,transient_overload,xai_gate,3,5000,0.24509831679356728,1.034855958395759,53.197847460000006,0.656682510446401,0.7100404193202785,0.7524260788629795,4137.330148416483,1.0,0.2571643594161567,0.15346681718257976,0.46636167389421745,3.8208519999939883,0.19991730116633777,0.0106,0.0,10.0986,56.1072,calibrated:/Users/let/Documents/DO_A_PAPER_May_18/Papers/Paper_xAI_in_Cyber_2/6_Analysis_Results/xai_surfacebench/data/unsw_nb15/unsw_nb15_score_stream.csv
unsw_nb15_xai_gate_tuning_envelope,service_strict,default,non_markovian,xai_gate,3,5000,0.13708965548484398,1.252566763805511,64.78115812000003,0.6412472103552386,0.7192082247701741,0.7376345937214251,1076.8217312424526,0.9674277777779553,0.2755425195009458,0.1513953537801016,0.41044443027481986,3.3451919999996695,0.13676229686435448,0.005,0.0,9.4098,55.1848,calibrated:/Users/let/Documents/DO_A_PAPER_May_18/Papers/Paper_xAI_in_Cyber_2/6_Analysis_Results/xai_surfacebench/data/unsw_nb15/unsw_nb15_score_stream.csv
unsw_nb15_xai_gate_tuning_envelope,service_strict,default,rtt_uncertainty,xai_gate,3,5000,0.0,0.015761252466130797,0.8156300199999997,0.6573373297003134,0.7994509874186012,0.6262745551390339,40.46666459943251,0.8328327777778042,0.07332425068119891,0.21479564032697548,0.12967302452316076,3.9095039999997105,0.09060651986567914,0.0,0.0,7.34,44.868,calibrated:/Users/let/Documents/DO_A_PAPER_May_18/Papers/Paper_xAI_in_Cyber_2/6_Analysis_Results/xai_surfacebench/data/unsw_nb15/unsw_nb15_score_stream.csv
unsw_nb15_xai_gate_tuning_envelope,service_strict,default,adversarial_explanation_flood,xai_gate,4,5000,0.0,0.016158191178765255,0.835377817499786,0.5600879778635679,0.6041422136371536,0.75251447139417,5044.48540565832,1.0,0.174937598528639,0.1455103783499737,0.4250915495263695,4.398958499995685,0.8057946388988937,0.0004,0.0,12.1792,44.9634,calibrated:/Users/let/Documents/DO_A_PAPER_May_18/Papers/Paper_xAI_in_Cyber_2/6_Analysis_Results/xai_surfacebench/data/unsw_nb15/unsw_nb15_score_stream.csv
unsw_nb15_xai_gate_tuning_envelope,service_strict,default,transient_overload,xai_gate,4,5000,0.24661043326950735,1.0369659130287787,53.30668477999996,0.6570928032183496,0.7099797507169493,0.7544053144239962,4130.9609874089165,1.0,0.2593868892297273,0.15419397247176464,0.46515148496986186,3.7925959999940844,0.19339582835619273,0.0096,0.0,10.0406,56.0898,calibrated:/Users/let/Documents/DO_A_PAPER_May_18/Papers/Paper_xAI_in_Cyber_2/6_Analysis_Results/xai_surfacebench/data/unsw_nb15/unsw_nb15_score_stream.csv
unsw_nb15_xai_gate_tuning_envelope,service_strict,default,non_markovian,xai_gate,4,5000,0.13866981383219204,1.2418287596598334,64.22307405999999,0.6427005695514811,0.721764813782343,0.739604087117892,1022.6091541150671,0.9654555555557266,0.27645640905309415,0.14978988459651443,0.41412999424049146,3.3389919999996747,0.130413919241676,0.0048,0.0,9.3758,55.2942,calibrated:/Users/let/Documents/DO_A_PAPER_May_18/Papers/Paper_xAI_in_Cyber_2/6_Analysis_Results/xai_surfacebench/data/unsw_nb15/unsw_nb15_score_stream.csv
unsw_nb15_xai_gate_tuning_envelope,service_strict,default,rtt_uncertainty,xai_gate,4,5000,0.0,0.01663782905598221,0.8608966199999997,0.6588449591281104,0.8008035768463109,0.6258682227320657,39.297612532411705,0.841545555555577,0.07425068119891008,0.19899182561307902,0.1282016348773842,3.919015999999726,0.0874605721464905,0.0,0.0,7.34,44.9978,calibrated:/Users/let/Documents/DO_A_PAPER_May_18/Papers/Paper_xAI_in_Cyber_2/6_Analysis_Results/xai_surfacebench/data/unsw_nb15/unsw_nb15_score_stream.csv
unsw_nb15_xai_gate_tuning_envelope,service_strict,default,adversarial_explanation_flood,xai_gate,5,5000,0.0,0.017467446951779018,0.9034041599999993,0.5582733234953393,0.6016218650970052,0.7543453844895582,5189.411070719384,1.0,0.17552057714379407,0.14515494343334973,0.42242170847613414,4.3808619999958225,0.8029043343310085,0.001,0.0,12.198,45.105,calibrated:/Users/let/Documents/DO_A_PAPER_May_18/Papers/Paper_xAI_in_Cyber_2/6_Analysis_Results/xai_surfacebench/data/unsw_nb15/unsw_nb15_score_stream.csv
unsw_nb15_xai_gate_tuning_envelope,service_strict,default,transient_overload,xai_gate,5,5000,0.2467608520281639,1.0353696254561404,53.221646359999966,0.6528466872105179,0.7055392796984257,0.7517714136151831,4181.152509658832,1.0,0.25704239263561296,0.15242384733910158,0.4616718027723517,3.8004209999941327,0.20250277928223404,0.011,0.0,10.1244,56.1296,calibrated:/Users/let/Documents/DO_A_PAPER_May_18/Papers/Paper_xAI_in_Cyber_2/6_Analysis_Results/xai_surfacebench/data/unsw_nb15/unsw_nb15_score_stream.csv
unsw_nb15_xai_gate_tuning_envelope,service_strict,default,non_markovian,xai_gate,5,5000,0.13661804157744797,1.1952197885177436,61.81591154000008,0.6403936379136248,0.7213389780610132,0.7391492759565672,986.9664175679678,0.9616400000001676,0.2789779226104409,0.15408852536849602,0.40235664803504756,3.2737759999996934,0.12684927475963992,0.0042,0.0,9.2674,54.8278,calibrated:/Users/let/Documents/DO_A_PAPER_May_18/Papers/Paper_xAI_in_Cyber_2/6_Analysis_Results/xai_surfacebench/data/unsw_nb15/unsw_nb15_score_stream.csv
unsw_nb15_xai_gate_tuning_envelope,service_strict,default,rtt_uncertainty,xai_gate,5,5000,0.0,0.014925106182216055,0.7724963600000002,0.6546209972741943,0.7970397868906268,0.6235008654671673,33.86106565466829,0.8264922222222496,0.07668162669677028,0.20413557642005561,0.11990968914342355,3.8287319999997482,0.07507211499325983,0.0,0.0,7.2638,45.0438,calibrated:/Users/let/Documents/DO_A_PAPER_May_18/Papers/Paper_xAI_in_Cyber_2/6_Analysis_Results/xai_surfacebench/data/unsw_nb15/unsw_nb15_score_stream.csv
unsw_nb15_xai_gate_tuning_envelope,service_strict,default,adversarial_explanation_flood,xai_gate,6,5000,0.0,0.017065892268451104,0.8822540200000003,0.5608147181796966,0.6046624576144135,0.753849077336189,5153.212019426693,1.0,0.177141634292487,0.14703364719826167,0.4244933989589587,4.3744874999957934,0.7981585658066284,0.0004,0.0,12.1496,45.0446,calibrated:/Users/let/Documents/DO_A_PAPER_May_18/Papers/Paper_xAI_in_Cyber_2/6_Analysis_Results/xai_surfacebench/data/unsw_nb15/unsw_nb15_score_stream.csv
unsw_nb15_xai_gate_tuning_envelope,service_strict,default,transient_overload,xai_gate,6,5000,0.24643957793792365,1.0366741720560566,53.28956217999991,0.6503137902554355,0.7034401320371827,0.7504490582365315,4206.75831285956,1.0,0.255554244819315,0.15221579961464354,0.4593606228607689,3.805767999994363,0.20790689555673514,0.0106,0.0,10.1724,56.1434,calibrated:/Users/let/Documents/DO_A_PAPER_May_18/Papers/Paper_xAI_in_Cyber_2/6_Analysis_Results/xai_surfacebench/data/unsw_nb15/unsw_nb15_score_stream.csv
unsw_nb15_xai_gate_tuning_envelope,service_strict,default,non_markovian,xai_gate,6,5000,0.13858975972769375,1.1741957134747398,60.71877274000009,0.6418674324412009,0.7208105782060119,0.7400325739879454,1041.0826243601416,0.9640077777779528,0.27769324732657563,0.15106186914686154,0.411589482030731,3.313843999999674,0.1337101596105883,0.006,0.0,9.3326,54.8794,calibrated:/Users/let/Documents/DO_A_PAPER_May_18/Papers/Paper_xAI_in_Cyber_2/6_Analysis_Results/xai_surfacebench/data/unsw_nb15/unsw_nb15_score_stream.csv
unsw_nb15_xai_gate_tuning_envelope,service_strict,default,rtt_uncertainty,xai_gate,6,5000,0.0,0.015285115085417742,0.7909355199999988,0.6538916949573995,0.7969498301621405,0.619014366088501,34.07338806379964,0.8201472222222516,0.07330738870028429,0.2006568960282631,0.12144296320830228,3.8288399999997367,0.07267204320176224,0.0,0.0,7.2462,45.0352,calibrated:/Users/let/Documents/DO_A_PAPER_May_18/Papers/Paper_xAI_in_Cyber_2/6_Analysis_Results/xai_surfacebench/data/unsw_nb15/unsw_nb15_score_stream.csv
unsw_nb15_xai_gate_tuning_envelope,service_strict,default,adversarial_explanation_flood,xai_gate,7,5000,0.0,0.014947419857739274,0.7723335600000014,0.5617325773192537,0.6061261893548989,0.7537909484539245,5039.996524542182,1.0,0.17730309278350515,0.14762886597938144,0.4255979381436322,4.375908499995694,0.8016773058497604,0.0008,0.0,12.125,44.8656,calibrated:/Users/let/Documents/DO_A_PAPER_May_18/Papers/Paper_xAI_in_Cyber_2/6_Analysis_Results/xai_surfacebench/data/unsw_nb15/unsw_nb15_score_stream.csv
unsw_nb15_xai_gate_tuning_envelope,service_strict,default,transient_overload,xai_gate,7,5000,0.24774909868491438,1.0378385332108135,53.34796016000001,0.6527715654946279,0.7061340152542095,0.7505253323083634,4211.032129888738,1.0,0.25628130793200016,0.1526841005009269,0.46188320908653413,3.810006999994117,0.2047471399550962,0.0116,0.0,10.1412,56.118,calibrated:/Users/let/Documents/DO_A_PAPER_May_18/Papers/Paper_xAI_in_Cyber_2/6_Analysis_Results/xai_surfacebench/data/unsw_nb15/unsw_nb15_score_stream.csv
unsw_nb15_xai_gate_tuning_envelope,service_strict,default,non_markovian,xai_gate,7,5000,0.134670403332702,1.3103174490693479,67.77589849999993,0.6405289602532264,0.7203357762284981,0.7385074084368445,1024.091290411166,0.9641433333335057,0.2771161617241453,0.15062752560347223,0.4109597827713754,3.314599999999679,0.13544443311533327,0.0042,0.0,9.3542,54.9224,calibrated:/Users/let/Documents/DO_A_PAPER_May_18/Papers/Paper_xAI_in_Cyber_2/6_Analysis_Results/xai_surfacebench/data/unsw_nb15/unsw_nb15_score_stream.csv
unsw_nb15_xai_gate_tuning_envelope,service_strict,default,rtt_uncertainty,xai_gate,7,5000,0.0,0.017038377720387958,0.8817260600000003,0.6597756759703899,0.8004341177515921,0.628657944447652,39.146917409064216,0.8410288888889149,0.07642825992150022,0.20050152638464894,0.12963366768425644,3.9085199999997196,0.08452130214684606,0.0,0.0,7.3376,45.105,calibrated:/Users/let/Documents/DO_A_PAPER_May_18/Papers/Paper_xAI_in_Cyber_2/6_Analysis_Results/xai_surfacebench/data/unsw_nb15/unsw_nb15_score_stream.csv
unsw_nb15_xai_gate_tuning_envelope,service_strict,default,adversarial_explanation_flood,xai_gate,8,5000,0.0,0.017276657719374602,0.8930524600000015,0.568241892565788,0.6131038150450945,0.7528921087646445,4766.227705995567,1.0,0.17816397804756362,0.1507068019291535,0.4315275236979834,4.39850499999587,0.7834765186467174,0.0006,0.0,12.026,44.9534,calibrated:/Users/let/Documents/DO_A_PAPER_May_18/Papers/Paper_xAI_in_Cyber_2/6_Analysis_Results/xai_surfacebench/data/unsw_nb15/unsw_nb15_score_stream.csv
unsw_nb15_xai_gate_tuning_envelope,service_strict,default,transient_overload,xai_gate,8,5000,0.24846490517845557,1.03942084409283,53.42757131499966,0.6521905259623318,0.7055467723904085,0.7512022501829476,4229.892998306343,1.0,0.2564734652020431,0.15244443567949198,0.4616473070768199,3.8049809999943447,0.20255513618183962,0.0146,0.0,10.1414,56.2214,calibrated:/Users/let/Documents/DO_A_PAPER_May_18/Papers/Paper_xAI_in_Cyber_2/6_Analysis_Results/xai_surfacebench/data/unsw_nb15/unsw_nb15_score_stream.csv
unsw_nb15_xai_gate_tuning_envelope,service_strict,default,non_markovian,xai_gate,8,5000,0.13829502477253985,1.2307202125374483,63.651262200000126,0.6416798247517369,0.721176567780518,0.7415440506658488,988.1618109638905,0.9625522222223899,0.28132997874463195,0.15399297271504794,0.4007721337786839,3.2545599999996817,0.11730273146179626,0.0048,0.0,9.2212,55.0206,calibrated:/Users/let/Documents/DO_A_PAPER_May_18/Papers/Paper_xAI_in_Cyber_2/6_Analysis_Results/xai_surfacebench/data/unsw_nb15/unsw_nb15_score_stream.csv
unsw_nb15_xai_gate_tuning_envelope,service_strict,default,rtt_uncertainty,xai_gate,8,5000,0.0,0.01694068096871529,0.8766477200000007,0.6547239581912355,0.7966876742429472,0.6263473811558595,38.67269736191968,0.8310533333333592,0.07856889446824769,0.20707911470130722,0.12561744398657315,3.851723999999732,0.08214024145344823,0.0,0.0,7.3286,45.1488,calibrated:/Users/let/Documents/DO_A_PAPER_May_18/Papers/Paper_xAI_in_Cyber_2/6_Analysis_Results/xai_surfacebench/data/unsw_nb15/unsw_nb15_score_stream.csv
unsw_nb15_xai_gate_tuning_envelope,service_strict,default,adversarial_explanation_flood,xai_gate,9,5000,0.0,0.018332253913991944,0.9473449249997953,0.5570469166922701,0.6008289945568412,0.7531512023831266,5306.229487414939,1.0,0.1774845711853586,0.14389313601912027,0.42367852407156276,4.35690699999588,0.8060199680109745,0.0004,0.0,12.2174,45.0988,calibrated:/Users/let/Documents/DO_A_PAPER_May_18/Papers/Paper_xAI_in_Cyber_2/6_Analysis_Results/xai_surfacebench/data/unsw_nb15/unsw_nb15_score_stream.csv
unsw_nb15_xai_gate_tuning_envelope,service_strict,default,transient_overload,xai_gate,9,5000,0.24638295802878796,1.0364435014711695,53.27687343999996,0.6519432396193197,0.7048049486114308,0.7517248432626868,4199.656250564079,1.0,0.256397618390442,0.1524584992705335,0.4614812113075786,3.8047109999942403,0.20387017607568136,0.0104,0.0,10.1444,56.1766,calibrated:/Users/let/Documents/DO_A_PAPER_May_18/Papers/Paper_xAI_in_Cyber_2/6_Analysis_Results/xai_surfacebench/data/unsw_nb15/unsw_nb15_score_stream.csv
unsw_nb15_xai_gate_tuning_envelope,service_strict,default,non_markovian,xai_gate,9,5000,0.13699530137446017,1.1758566356530076,60.79949048,0.6423869692282017,0.72142196644851,0.7408995186522117,1017.4205492693872,0.9635044444446125,0.2779568506102802,0.15338662540828607,0.41004813477737667,3.309151999999687,0.13166802848138004,0.0038,0.0,9.3072,54.8288,calibrated:/Users/let/Documents/DO_A_PAPER_May_18/Papers/Paper_xAI_in_Cyber_2/6_Analysis_Results/xai_surfacebench/data/unsw_nb15/unsw_nb15_score_stream.csv
unsw_nb15_xai_gate_tuning_envelope,service_strict,default,rtt_uncertainty,xai_gate,9,5000,0.0,0.016462390623829787,0.8519088600000001,0.6540447954214413,0.7964547165549812,0.6199782702393594,31.53608101248506,0.8243277777778119,0.07459483256748205,0.20898109677241836,0.11198855350411359,3.831555999999753,0.07631299938992031,0.0,0.0,7.2686,45.0216,calibrated:/Users/let/Documents/DO_A_PAPER_May_18/Papers/Paper_xAI_in_Cyber_2/6_Analysis_Results/xai_surfacebench/data/unsw_nb15/unsw_nb15_score_stream.csv
unsw_nb15_xai_gate_tuning_envelope,service_strict,default,adversarial_explanation_flood,xai_gate,10,5000,0.0,0.016819371430910966,0.8696494600000002,0.5604407076297896,0.6042904417573706,0.754192392072744,5071.374712509899,1.0,0.17560927511462424,0.14819805755041002,0.4236639496468242,4.3920504999958,0.8009115392583419,0.0004,0.0,12.1702,45.052,calibrated:/Users/let/Documents/DO_A_PAPER_May_18/Papers/Paper_xAI_in_Cyber_2/6_Analysis_Results/xai_surfacebench/data/unsw_nb15/unsw_nb15_score_stream.csv
unsw_nb15_xai_gate_tuning_envelope,service_strict,default,transient_overload,xai_gate,10,5000,0.2465504048050613,1.037001625927169,53.30177301999998,0.6516484036257616,0.7048613816310025,0.7508385888850501,4231.519509859189,1.0,0.25630666141111547,0.15250295624753646,0.4613914071726994,3.804555999994209,0.20221298172038882,0.0104,0.0,10.148,56.274,calibrated:/Users/let/Documents/DO_A_PAPER_May_18/Papers/Paper_xAI_in_Cyber_2/6_Analysis_Results/xai_surfacebench/data/unsw_nb15/unsw_nb15_score_stream.csv
unsw_nb15_xai_gate_tuning_envelope,service_strict,default,non_markovian,xai_gate,10,5000,0.13697151327108548,1.1883056171325195,61.46117524000001,0.640714914446503,0.7204314883324392,0.7407967109641594,1090.4117394281984,0.9669244444446271,0.279503638978939,0.1533738379956633,0.4077159234848322,3.2945799999996677,0.12951235688313312,0.0048,0.0,9.3158,54.9842,calibrated:/Users/let/Documents/DO_A_PAPER_May_18/Papers/Paper_xAI_in_Cyber_2/6_Analysis_Results/xai_surfacebench/data/unsw_nb15/unsw_nb15_score_stream.csv
unsw_nb15_xai_gate_tuning_envelope,service_strict,default,rtt_uncertainty,xai_gate,10,5000,0.0,0.014959568658358978,0.7741782800000009,0.659890573536261,0.8008352013522794,0.629208197085712,41.72001263679088,0.8410961111111309,0.07640798105452269,0.20181288619103357,0.13172006424041158,3.9145799999997215,0.0869481601145603,0.0,0.0,7.3474,45.0644,calibrated:/Users/let/Documents/DO_A_PAPER_May_18/Papers/Paper_xAI_in_Cyber_2/6_Analysis_Results/xai_surfacebench/data/unsw_nb15/unsw_nb15_score_stream.csv
unsw_nb15_xai_gate_tuning_envelope,service_strict,default,adversarial_explanation_flood,xai_gate,11,5000,0.0,0.017219439769535706,0.8903152600000002,0.556048571428251,0.5993519777641036,0.7534447755098351,5246.955529114725,1.0,0.17479183673469387,0.14481632653061224,0.42006122448912464,4.380876999995798,0.8133158070809643,0.0006,0.0,12.25,45.0372,calibrated:/Users/let/Documents/DO_A_PAPER_May_18/Papers/Paper_xAI_in_Cyber_2/6_Analysis_Results/xai_surfacebench/data/unsw_nb15/unsw_nb15_score_stream.csv
unsw_nb15_xai_gate_tuning_envelope,service_strict,default,transient_overload,xai_gate,11,5000,0.24738393036778086,1.0364263119567965,53.272634099999955,0.6531205694759368,0.7057952812748699,0.752326432082798,4217.29163214656,1.0,0.25681732914716743,0.1527753095195782,0.46354382639141595,3.8071269999939976,0.20436628259551592,0.0126,0.0,10.1286,56.066,calibrated:/Users/let/Documents/DO_A_PAPER_May_18/Papers/Paper_xAI_in_Cyber_2/6_Analysis_Results/xai_surfacebench/data/unsw_nb15/unsw_nb15_score_stream.csv
unsw_nb15_xai_gate_tuning_envelope,service_strict,default,non_markovian,xai_gate,11,5000,0.1350502912339313,1.2754684485181298,65.96490755999996,0.6404813423167443,0.7216870715256876,0.7405169733091399,979.2381499784851,0.9613288888890543,0.27969249373758315,0.15273818778612766,0.40716506867064006,3.2718479999996988,0.12106906819667418,0.004,0.0,9.2616,55.076,calibrated:/Users/let/Documents/DO_A_PAPER_May_18/Papers/Paper_xAI_in_Cyber_2/6_Analysis_Results/xai_surfacebench/data/unsw_nb15/unsw_nb15_score_stream.csv
unsw_nb15_xai_gate_tuning_envelope,service_strict,default,rtt_uncertainty,xai_gate,11,5000,0.0,0.015547271344856966,0.8045270599999992,0.6603512982762834,0.7993784376699506,0.6326909796386843,39.63422885769439,0.8403827777778079,0.07988762819114117,0.20676958324241762,0.12873663539166486,3.8875399999997353,0.08709445956603767,0.0,0.0,7.3328,44.9688,calibrated:/Users/let/Documents/DO_A_PAPER_May_18/Papers/Paper_xAI_in_Cyber_2/6_Analysis_Results/xai_surfacebench/data/unsw_nb15/unsw_nb15_score_stream.csv
unsw_nb15_xai_gate_tuning_envelope,service_strict,default,adversarial_explanation_flood,xai_gate,12,5000,0.0,0.015379884523882413,0.7950026949997974,0.5617637404325141,0.6064495584374913,0.7524945978493386,5043.157923329686,1.0,0.17714106624439166,0.14619622591712852,0.4259822842432005,4.377280999995911,0.8059868894360318,0.0006,0.0,12.1248,44.7578,calibrated:/Users/let/Documents/DO_A_PAPER_May_18/Papers/Paper_xAI_in_Cyber_2/6_Analysis_Results/xai_surfacebench/data/unsw_nb15/unsw_nb15_score_stream.csv
unsw_nb15_xai_gate_tuning_envelope,service_strict,default,transient_overload,xai_gate,12,5000,0.24816150977999496,1.0365754437688126,53.287679280000006,0.6546580401158293,0.7070970944494732,0.7532036215676039,4150.500231814743,1.0,0.2575292556877809,0.15343642951903846,0.464462507176605,3.8054569999939383,0.20131113537377532,0.0108,0.0,10.1006,56.0532,calibrated:/Users/let/Documents/DO_A_PAPER_May_18/Papers/Paper_xAI_in_Cyber_2/6_Analysis_Results/xai_surfacebench/data/unsw_nb15/unsw_nb15_score_stream.csv
unsw_nb15_xai_gate_tuning_envelope,service_strict,default,non_markovian,xai_gate,12,5000,0.13686723310558743,1.1797926174462816,61.011253279999885,0.6432297611040765,0.7219931747523758,0.742383318506293,956.8192333928415,0.9607255555557187,0.2806431314687439,0.15305834617137154,0.4045609390934537,3.2666199999997114,0.12378263180739046,0.004,0.0,9.2174,54.6808,calibrated:/Users/let/Documents/DO_A_PAPER_May_18/Papers/Paper_xAI_in_Cyber_2/6_Analysis_Results/xai_surfacebench/data/unsw_nb15/unsw_nb15_score_stream.csv
unsw_nb15_xai_gate_tuning_envelope,service_strict,default,rtt_uncertainty,xai_gate,12,5000,0.0,0.01650591971864151,0.8539992800000001,0.6600332225914048,0.800225510275271,0.6270876374867465,40.07409495464311,0.8398305555555828,0.07491422035836828,0.2020042481346332,0.12842437775720278,3.918143999999718,0.08503081768811027,0.0,0.0,7.3444,45.1256,calibrated:/Users/let/Documents/DO_A_PAPER_May_18/Papers/Paper_xAI_in_Cyber_2/6_Analysis_Results/xai_surfacebench/data/unsw_nb15/unsw_nb15_score_stream.csv
unsw_nb15_xai_gate_tuning_envelope,service_strict,default,adversarial_explanation_flood,xai_gate,13,5000,0.0,0.016769691266789104,0.8668455400000005,0.5637176035279714,0.6082824641766882,0.7530038487582738,4958.017249426599,1.0,0.17600224648573648,0.14792117477989394,0.42749302102707654,4.401571999995716,0.7905649216208204,0.0004,0.0,12.1078,45.08,calibrated:/Users/let/Documents/DO_A_PAPER_May_18/Papers/Paper_xAI_in_Cyber_2/6_Analysis_Results/xai_surfacebench/data/unsw_nb15/unsw_nb15_score_stream.csv
unsw_nb15_xai_gate_tuning_envelope,service_strict,default,transient_overload,xai_gate,13,5000,0.2475630137716952,1.0351943073161198,53.21191499999999,0.6546295453640393,0.7072928591142515,0.7531201776605037,4183.176855151498,1.0,0.25709254936097814,0.15364222688244372,0.4641465200004337,3.810324999994114,0.19821687426735513,0.0098,0.0,10.1092,56.2458,calibrated:/Users/let/Documents/DO_A_PAPER_May_18/Papers/Paper_xAI_in_Cyber_2/6_Analysis_Results/xai_surfacebench/data/unsw_nb15/unsw_nb15_score_stream.csv
unsw_nb15_xai_gate_tuning_envelope,service_strict,default,non_markovian,xai_gate,13,5000,0.13961948386954726,1.195388440142881,61.824080939999966,0.6408116644313525,0.72134466935014,0.7406182667762587,973.9742582367347,0.9613533333335031,0.2800155756500671,0.15380954441223554,0.4041448535456237,3.2656959999996915,0.13079512319223086,0.0046,0.0,9.2452,54.5056,calibrated:/Users/let/Documents/DO_A_PAPER_May_18/Papers/Paper_xAI_in_Cyber_2/6_Analysis_Results/xai_surfacebench/data/unsw_nb15/unsw_nb15_score_stream.csv
unsw_nb15_xai_gate_tuning_envelope,service_strict,default,rtt_uncertainty,xai_gate,13,5000,0.0,0.01676636936704223,0.8676463799999993,0.6543666393666774,0.7958054622524781,0.6241906765744066,37.45137742094157,0.8248650000000325,0.07701337701337702,0.2122850122850123,0.12383292383292384,3.8471039999997325,0.0837582713123568,0.0,0.0,7.326,45.0654,calibrated:/Users/let/Documents/DO_A_PAPER_May_18/Papers/Paper_xAI_in_Cyber_2/6_Analysis_Results/xai_surfacebench/data/unsw_nb15/unsw_nb15_score_stream.csv
unsw_nb15_xai_gate_tuning_envelope,service_strict,default,adversarial_explanation_flood,xai_gate,14,5000,0.0,0.01453076055577777,0.7512571400000001,0.559382655238893,0.6038161175845326,0.7525450694515943,5132.490745101638,1.0,0.1760417692838144,0.14304009457196334,0.42522904147306384,4.381571999995776,0.810851551559588,0.0002,0.0,12.1812,44.8452,calibrated:/Users/let/Documents/DO_A_PAPER_May_18/Papers/Paper_xAI_in_Cyber_2/6_Analysis_Results/xai_surfacebench/data/unsw_nb15/unsw_nb15_score_stream.csv
unsw_nb15_xai_gate_tuning_envelope,service_strict,default,transient_overload,xai_gate,14,5000,0.24748288580555017,1.0347832882515344,53.18965141999998,0.6508346941580542,0.7038229340147021,0.7507208275123518,4224.049761488134,1.0,0.25557282546677945,0.1526747594782301,0.4587374820458284,3.80654299999426,0.20799228056165586,0.0108,0.0,10.1654,56.1008,calibrated:/Users/let/Documents/DO_A_PAPER_May_18/Papers/Paper_xAI_in_Cyber_2/6_Analysis_Results/xai_surfacebench/data/unsw_nb15/unsw_nb15_score_stream.csv
unsw_nb15_xai_gate_tuning_envelope,service_strict,default,non_markovian,xai_gate,14,5000,0.13711919690967897,1.298580397815234,67.16832450000007,0.6393379375027428,0.7194381151622238,0.736150189708821,1071.1750324846998,0.9656044444446265,0.27550411391055973,0.15441019738244446,0.40476190476190477,3.324171999999669,0.13870037573180038,0.0056,0.0,9.3828,54.9328,calibrated:/Users/let/Documents/DO_A_PAPER_May_18/Papers/Paper_xAI_in_Cyber_2/6_Analysis_Results/xai_surfacebench/data/unsw_nb15/unsw_nb15_score_stream.csv
unsw_nb15_xai_gate_tuning_envelope,service_strict,default,rtt_uncertainty,xai_gate,14,5000,0.0,0.015303557598637904,0.7920064599999997,0.6563369116433138,0.7977439078787186,0.6207208074174514,34.330595486145405,0.8260838888889193,0.072859895403248,0.20236718965042663,0.11976328103495734,3.8580759999997296,0.07664063229299645,0.0,0.0,7.266,44.9918,calibrated:/Users/let/Documents/DO_A_PAPER_May_18/Papers/Paper_xAI_in_Cyber_2/6_Analysis_Results/xai_surfacebench/data/unsw_nb15/unsw_nb15_score_stream.csv
unsw_nb15_xai_gate_tuning_envelope,service_strict,default,adversarial_explanation_flood,xai_gate,15,5000,0.0,0.015589820943790472,0.8058694699997985,0.561739351996137,0.6056567087984839,0.7536339651179145,4988.129913473376,1.0,0.17511876777406998,0.14931040718031333,0.425895484358163,4.408721999995933,0.8012504200884438,0.0006,0.0,12.1666,45.0302,calibrated:/Users/let/Documents/DO_A_PAPER_May_18/Papers/Paper_xAI_in_Cyber_2/6_Analysis_Results/xai_surfacebench/data/unsw_nb15/unsw_nb15_score_stream.csv
unsw_nb15_xai_gate_tuning_envelope,service_strict,default,transient_overload,xai_gate,15,5000,0.2476090905199629,1.0353877495300532,53.22484182000001,0.6540879066542117,0.7075736108395428,0.7511910906759284,4141.261749153264,1.0,0.2570552753881143,0.1531889646989024,0.46214278651123764,3.805702999994013,0.2024384066888527,0.0098,0.0,10.113,56.0694,calibrated:/Users/let/Documents/DO_A_PAPER_May_18/Papers/Paper_xAI_in_Cyber_2/6_Analysis_Results/xai_surfacebench/data/unsw_nb15/unsw_nb15_score_stream.csv
unsw_nb15_xai_gate_tuning_envelope,service_strict,default,non_markovian,xai_gate,15,5000,0.13892008037249695,1.2636918815645348,65.36218238000004,0.6414100608119089,0.7209254909387264,0.7394868599179015,1008.5162804667356,0.9644455555557316,0.2788104089219331,0.15151384919526398,0.4053978554698412,3.293099999999676,0.13033994967306706,0.0044,0.0,9.3074,54.8944,calibrated:/Users/let/Documents/DO_A_PAPER_May_18/Papers/Paper_xAI_in_Cyber_2/6_Analysis_Results/xai_surfacebench/data/unsw_nb15/unsw_nb15_score_stream.csv
unsw_nb15_xai_gate_tuning_envelope,service_strict,default,rtt_uncertainty,xai_gate,15,5000,0.0,0.019820111228525693,1.0257484800000018,0.6589966417089145,0.79911634307354,0.630998605019327,37.84308941336044,0.8321000000000264,0.07963554283197534,0.20744329442853998,0.12488989209425237,3.8441799999997506,0.07485650038463842,0.0,0.0,7.2656,45.064,calibrated:/Users/let/Documents/DO_A_PAPER_May_18/Papers/Paper_xAI_in_Cyber_2/6_Analysis_Results/xai_surfacebench/data/unsw_nb15/unsw_nb15_score_stream.csv
unsw_nb15_xai_gate_tuning_envelope,service_strict,default,adversarial_explanation_flood,xai_gate,16,5000,0.0,0.016416928794000023,0.8486180600000007,0.5640510722949931,0.6079772818387449,0.7540601319116247,4910.1361146281015,1.0,0.17688332700467221,0.14883360023773753,0.4274632249749614,4.395976499995755,0.7941062346902175,0.0006,0.0,12.1142,45.0148,calibrated:/Users/let/Documents/DO_A_PAPER_May_18/Papers/Paper_xAI_in_Cyber_2/6_Analysis_Results/xai_surfacebench/data/unsw_nb15/unsw_nb15_score_stream.csv
unsw_nb15_xai_gate_tuning_envelope,service_strict,default,transient_overload,xai_gate,16,5000,0.2476905858572943,1.037694949236466,53.33460089999991,0.6498046044858642,0.7028906150257191,0.7510770366002977,4277.681368858786,1.0,0.2559425423061787,0.15277449822904368,0.4594746162916901,3.798917999994308,0.20354384693536653,0.0128,0.0,10.164,56.3004,calibrated:/Users/let/Documents/DO_A_PAPER_May_18/Papers/Paper_xAI_in_Cyber_2/6_Analysis_Results/xai_surfacebench/data/unsw_nb15/unsw_nb15_score_stream.csv
unsw_nb15_xai_gate_tuning_envelope,service_strict,default,non_markovian,xai_gate,16,5000,0.1386141724107783,1.254030478177246,64.86015111999997,0.6396645370872467,0.721478115598143,0.7397050351921889,935.869755897304,0.9602955555557116,0.28058473199783435,0.15231185706551165,0.4027070925825663,3.2497039999997104,0.12149827798098811,0.0036,0.0,9.235,54.8968,calibrated:/Users/let/Documents/DO_A_PAPER_May_18/Papers/Paper_xAI_in_Cyber_2/6_Analysis_Results/xai_surfacebench/data/unsw_nb15/unsw_nb15_score_stream.csv
unsw_nb15_xai_gate_tuning_envelope,service_strict,default,rtt_uncertainty,xai_gate,16,5000,0.0,0.014364591895433716,0.7434796600000001,0.6553710840720562,0.7974793833830884,0.6233561129379495,36.006262696705114,0.824553888888923,0.07504266916258327,0.21095083411330728,0.11919837031327424,3.8405719999997348,0.07658909214845067,0.0,0.0,7.2652,44.989,calibrated:/Users/let/Documents/DO_A_PAPER_May_18/Papers/Paper_xAI_in_Cyber_2/6_Analysis_Results/xai_surfacebench/data/unsw_nb15/unsw_nb15_score_stream.csv
unsw_nb15_xai_gate_tuning_envelope,service_strict,default,adversarial_explanation_flood,xai_gate,17,5000,0.0,0.01534950334239172,0.7934196049995763,0.5614225258271353,0.6046237293767353,0.7548502788382423,5028.756882927506,1.0,0.17600513259195893,0.14514377837731132,0.427331463446043,4.394701499995731,0.7987595577965536,0.0004,0.0,12.1576,45.0592,calibrated:/Users/let/Documents/DO_A_PAPER_May_18/Papers/Paper_xAI_in_Cyber_2/6_Analysis_Results/xai_surfacebench/data/unsw_nb15/unsw_nb15_score_stream.csv
unsw_nb15_xai_gate_tuning_envelope,service_strict,default,transient_overload,xai_gate,17,5000,0.24706608073542013,1.0370147405142602,53.306252899999926,0.6498560487033073,0.7023218649164495,0.75124450117775,4227.984495888006,1.0,0.2554791830322074,0.15139434406912805,0.46127258444511254,3.808003999994432,0.2076753317134532,0.0084,0.0,10.184,56.2182,calibrated:/Users/let/Documents/DO_A_PAPER_May_18/Papers/Paper_xAI_in_Cyber_2/6_Analysis_Results/xai_surfacebench/data/unsw_nb15/unsw_nb15_score_stream.csv
unsw_nb15_xai_gate_tuning_envelope,service_strict,default,non_markovian,xai_gate,17,5000,0.13644409724119116,1.2359947007303398,63.93042132000013,0.6416382480057512,0.720567574974894,0.7390975552067338,1031.6134163752456,0.9646777777779513,0.27795815683660524,0.15565398757176338,0.400971896703722,3.298011999999678,0.12918753224680324,0.0042,0.0,9.3014,54.915,calibrated:/Users/let/Documents/DO_A_PAPER_May_18/Papers/Paper_xAI_in_Cyber_2/6_Analysis_Results/xai_surfacebench/data/unsw_nb15/unsw_nb15_score_stream.csv
unsw_nb15_xai_gate_tuning_envelope,service_strict,default,rtt_uncertainty,xai_gate,17,5000,0.0,0.015868305427576355,0.8210296999999996,0.6618181078000761,0.8005217401033133,0.6318720690936297,44.05181448204171,0.8393661111111363,0.0759105465993595,0.20835368832437715,0.13860391901427563,3.9367999999996814,0.09023607578924953,0.0,0.0,7.3692,45.0618,calibrated:/Users/let/Documents/DO_A_PAPER_May_18/Papers/Paper_xAI_in_Cyber_2/6_Analysis_Results/xai_surfacebench/data/unsw_nb15/unsw_nb15_score_stream.csv
unsw_nb15_xai_gate_tuning_envelope,service_strict,default,adversarial_explanation_flood,xai_gate,18,5000,0.0,0.014492522853685805,0.7490598200000008,0.5687401031267384,0.6135032730520541,0.7516608033935389,4781.101913896222,1.0,0.17751164337990685,0.14697272122421823,0.4323561210904355,4.406394999995639,0.7879288040326546,0.0008,0.0,12.024,44.834,calibrated:/Users/let/Documents/DO_A_PAPER_May_18/Papers/Paper_xAI_in_Cyber_2/6_Analysis_Results/xai_surfacebench/data/unsw_nb15/unsw_nb15_score_stream.csv
unsw_nb15_xai_gate_tuning_envelope,service_strict,default,transient_overload,xai_gate,18,5000,0.24721425571969022,1.0391145946279643,53.41757327999994,0.6561360479416313,0.7082836251793041,0.7535841568446188,4153.636776320939,1.0,0.2581458110092471,0.15327221494622376,0.4648966146751921,3.8041759999940767,0.19557442447233253,0.0098,0.0,10.0788,56.2006,calibrated:/Users/let/Documents/DO_A_PAPER_May_18/Papers/Paper_xAI_in_Cyber_2/6_Analysis_Results/xai_surfacebench/data/unsw_nb15/unsw_nb15_score_stream.csv
unsw_nb15_xai_gate_tuning_envelope,service_strict,default,non_markovian,xai_gate,18,5000,0.13985807461716293,1.318185547372624,68.18098795999985,0.6388842395922607,0.719072824674974,0.7368935853865721,1114.4065662235753,0.9676233333335147,0.2755947323704333,0.15314358538657605,0.4104502973661852,3.3361919999996723,0.13358374265626471,0.0054,0.0,9.416,55.376,calibrated:/Users/let/Documents/DO_A_PAPER_May_18/Papers/Paper_xAI_in_Cyber_2/6_Analysis_Results/xai_surfacebench/data/unsw_nb15/unsw_nb15_score_stream.csv
unsw_nb15_xai_gate_tuning_envelope,service_strict,default,rtt_uncertainty,xai_gate,18,5000,0.0,0.017551429742137567,0.9083450999999996,0.6587850083500321,0.7987362318207095,0.6274599986108315,36.453131549250756,0.8344777777778075,0.07654611657130342,0.20335642127741124,0.1266460426533797,3.8793999999997135,0.08182471104792977,0.0,0.0,7.3054,45.019,calibrated:/Users/let/Documents/DO_A_PAPER_May_18/Papers/Paper_xAI_in_Cyber_2/6_Analysis_Results/xai_surfacebench/data/unsw_nb15/unsw_nb15_score_stream.csv
unsw_nb15_xai_gate_tuning_envelope,service_strict,default,adversarial_explanation_flood,xai_gate,19,5000,0.0,0.0161525265496237,0.8352671800000008,0.5585870330927422,0.602483384538377,0.75429478620606,5096.752658615255,1.0,0.17753931847968546,0.1478211009174312,0.42388802424574423,4.367199499995917,0.7998493245404907,0.0006,0.0,12.208,45.2186,calibrated:/Users/let/Documents/DO_A_PAPER_May_18/Papers/Paper_xAI_in_Cyber_2/6_Analysis_Results/xai_surfacebench/data/unsw_nb15/unsw_nb15_score_stream.csv
unsw_nb15_xai_gate_tuning_envelope,service_strict,default,transient_overload,xai_gate,19,5000,0.24759200173890764,1.0355483913586665,53.23165341999993,0.6549342430529235,0.7081871723996784,0.7518761989512512,4170.037725698584,1.0,0.2570750519133788,0.15257589241570257,0.464056165330613,3.8117999999941783,0.201200131130717,0.013,0.0,10.113,56.1272,calibrated:/Users/let/Documents/DO_A_PAPER_May_18/Papers/Paper_xAI_in_Cyber_2/6_Analysis_Results/xai_surfacebench/data/unsw_nb15/unsw_nb15_score_stream.csv
unsw_nb15_xai_gate_tuning_envelope,service_strict,default,non_markovian,xai_gate,19,5000,0.13698011012473318,1.2713851197320576,65.75958983999993,0.6410541827735018,0.7203646200222681,0.7386282382589652,1078.4123368291378,0.9666111111112872,0.27706469042991694,0.1524037332080388,0.4080686841936655,3.3217159999996713,0.13152740370731708,0.0056,0.0,9.3646,55.1738,calibrated:/Users/let/Documents/DO_A_PAPER_May_18/Papers/Paper_xAI_in_Cyber_2/6_Analysis_Results/xai_surfacebench/data/unsw_nb15/unsw_nb15_score_stream.csv
unsw_nb15_xai_gate_tuning_envelope,service_strict,default,rtt_uncertainty,xai_gate,19,5000,0.0,0.01668316661585122,0.8634150000000004,0.6563450124449972,0.7985705100258246,0.6245977320332795,36.1977738151447,0.8343438888889164,0.07590054976614426,0.20152621646016247,0.12414868302289325,3.873283999999738,0.07987647921457275,0.0,0.0,7.3122,45.1422,calibrated:/Users/let/Documents/DO_A_PAPER_May_18/Papers/Paper_xAI_in_Cyber_2/6_Analysis_Results/xai_surfacebench/data/unsw_nb15/unsw_nb15_score_stream.csv
unsw_nb15_xai_gate_tuning_envelope,service_strict,default,adversarial_explanation_flood,xai_gate,20,5000,0.0,0.018080354570906492,0.9353674399999996,0.564608566841235,0.6088560284452723,0.7535030785021041,4921.3037844527535,1.0,0.17772554990979658,0.14882735563316177,0.427808305333739,4.385232999995829,0.7930854370977733,0.0004,0.0,12.0838,44.9274,calibrated:/Users/let/Documents/DO_A_PAPER_May_18/Papers/Paper_xAI_in_Cyber_2/6_Analysis_Results/xai_surfacebench/data/unsw_nb15/unsw_nb15_score_stream.csv
unsw_nb15_xai_gate_tuning_envelope,service_strict,default,transient_overload,xai_gate,20,5000,0.24608100589713017,1.0404535713122045,53.48558539999995,0.6530576733156582,0.705533510237376,0.7525876950429888,4190.914228307966,1.0,0.25692277305945094,0.15271578115741655,0.4628974916046641,3.8045739999943464,0.20270567205306667,0.0082,0.0,10.126,56.129,calibrated:/Users/let/Documents/DO_A_PAPER_May_18/Papers/Paper_xAI_in_Cyber_2/6_Analysis_Results/xai_surfacebench/data/unsw_nb15/unsw_nb15_score_stream.csv
unsw_nb15_xai_gate_tuning_envelope,service_strict,default,non_markovian,xai_gate,20,5000,0.1377787693969111,1.2648546032717929,65.41388526000007,0.6415773643278466,0.721156283161592,0.7397565848837554,1013.7618670751933,0.9633177777779505,0.2786920465775792,0.14991621191939156,0.40873544450650967,3.2956679999996727,0.12451953159917717,0.0034,0.0,9.3092,55.1892,calibrated:/Users/let/Documents/DO_A_PAPER_May_18/Papers/Paper_xAI_in_Cyber_2/6_Analysis_Results/xai_surfacebench/data/unsw_nb15/unsw_nb15_score_stream.csv
unsw_nb15_xai_gate_tuning_envelope,service_strict,default,rtt_uncertainty,xai_gate,20,5000,0.0,0.015713981497643987,0.8132894000000004,0.6558965649482683,0.7972353824455082,0.6252439814496414,35.63162995200916,0.8291577777778061,0.07620665096148578,0.20541828740481016,0.1263080041636991,3.8592079999997337,0.07842398729736755,0.0,0.0,7.3012,45.135,calibrated:/Users/let/Documents/DO_A_PAPER_May_18/Papers/Paper_xAI_in_Cyber_2/6_Analysis_Results/xai_surfacebench/data/unsw_nb15/unsw_nb15_score_stream.csv
unsw_nb15_xai_gate_tuning_envelope,suspicion_strict,default,adversarial_explanation_flood,xai_gate,1,5000,0.0,0.016870896671383917,0.8690906799998109,0.6294760887425468,0.6866303332989928,0.669718981101331,4161.94253281018,1.0,0.0,0.16350041084634348,0.46866064091967846,6.76840399999566,0.8025383650369808,0.0024,0.0,12.17,45.0106,calibrated:/Users/let/Documents/DO_A_PAPER_May_18/Papers/Paper_xAI_in_Cyber_2/6_Analysis_Results/xai_surfacebench/data/unsw_nb15/unsw_nb15_score_stream.csv
unsw_nb15_xai_gate_tuning_envelope,suspicion_strict,default,transient_overload,xai_gate,1,5000,0.24786505082848098,1.040348836671521,53.321855239999984,0.6932844407792372,0.7551709116052527,0.7409745130380516,3711.342474630538,0.9939733333335854,0.1752474081055608,0.15333411875589067,0.5655435124096764,4.869355999999405,0.21061282995724806,0.04,0.0,10.1856,56.0906,calibrated:/Users/let/Documents/DO_A_PAPER_May_18/Papers/Paper_xAI_in_Cyber_2/6_Analysis_Results/xai_surfacebench/data/unsw_nb15/unsw_nb15_score_stream.csv
unsw_nb15_xai_gate_tuning_envelope,suspicion_strict,default,non_markovian,xai_gate,1,5000,0.13194669043047108,1.2984903713248435,67.10066948,0.6911146204571844,0.7714125416902105,0.7128797029385857,597.8742321906942,0.9326638888889324,0.1448174310164536,0.17388335218421222,0.48797456198382383,4.679791999999575,0.13395937163855276,0.0046,0.0,9.3718,55.0978,calibrated:/Users/let/Documents/DO_A_PAPER_May_18/Papers/Paper_xAI_in_Cyber_2/6_Analysis_Results/xai_surfacebench/data/unsw_nb15/unsw_nb15_score_stream.csv
unsw_nb15_xai_gate_tuning_envelope,suspicion_strict,default,rtt_uncertainty,xai_gate,1,5000,0.0,0.016761455355345293,0.8663869799999994,0.71703337181821,0.8267745267131016,0.6265200354301117,14.918511292869004,0.7705405555555654,0.004590686678761889,0.23646159766892078,0.276815657815163,4.556663999999521,0.07984398097850298,0.0,0.0,7.2756,44.9176,calibrated:/Users/let/Documents/DO_A_PAPER_May_18/Papers/Paper_xAI_in_Cyber_2/6_Analysis_Results/xai_surfacebench/data/unsw_nb15/unsw_nb15_score_stream.csv
unsw_nb15_xai_gate_tuning_envelope,suspicion_strict,default,adversarial_explanation_flood,xai_gate,2,5000,0.0,0.01655293387119747,0.8532340800000007,0.6348962614505799,0.6924629778842235,0.6689151605185489,4025.0014975406343,1.0,0.0,0.17294709911694314,0.4704712387548424,6.790553999995644,0.7942578418263382,0.0036,0.0,12.117,45.0214,calibrated:/Users/let/Documents/DO_A_PAPER_May_18/Papers/Paper_xAI_in_Cyber_2/6_Analysis_Results/xai_surfacebench/data/unsw_nb15/unsw_nb15_score_stream.csv
unsw_nb15_xai_gate_tuning_envelope,suspicion_strict,default,transient_overload,xai_gate,2,5000,0.24928121277149443,1.0398156219156276,53.28534813999996,0.6939247142295011,0.7556764698772841,0.7420691761923847,3740.190441469453,0.9939050000002488,0.17575877020102484,0.1551044540796216,0.5638155301537249,4.856671999999404,0.20580850838825904,0.041,0.0,10.148,56.1062,calibrated:/Users/let/Documents/DO_A_PAPER_May_18/Papers/Paper_xAI_in_Cyber_2/6_Analysis_Results/xai_surfacebench/data/unsw_nb15/unsw_nb15_score_stream.csv
unsw_nb15_xai_gate_tuning_envelope,suspicion_strict,default,non_markovian,xai_gate,2,5000,0.13721630406233556,1.2137883447077507,62.719014800000124,0.6931661046449056,0.7748421304182198,0.7143735450886376,513.8800036560044,0.9260077777778012,0.14371804633960622,0.1775916458174698,0.48110518873055585,4.6268119999996,0.1178476234946213,0.0052,0.0,9.193,54.8256,calibrated:/Users/let/Documents/DO_A_PAPER_May_18/Papers/Paper_xAI_in_Cyber_2/6_Analysis_Results/xai_surfacebench/data/unsw_nb15/unsw_nb15_score_stream.csv
unsw_nb15_xai_gate_tuning_envelope,suspicion_strict,default,rtt_uncertainty,xai_gate,2,5000,0.0,0.01714547788215444,0.8862800200000005,0.7178657791061763,0.8280048540322726,0.6260596420615375,14.712662624237703,0.7817400000000078,0.004102703437033011,0.23097405243852737,0.27770683331069146,4.619247999999498,0.09053790585907029,0.0,0.0,7.361,44.9992,calibrated:/Users/let/Documents/DO_A_PAPER_May_18/Papers/Paper_xAI_in_Cyber_2/6_Analysis_Results/xai_surfacebench/data/unsw_nb15/unsw_nb15_score_stream.csv
unsw_nb15_xai_gate_tuning_envelope,suspicion_strict,default,adversarial_explanation_flood,xai_gate,3,5000,0.0,0.01690359630166221,0.8711098349998101,0.6343206849289758,0.691708761400288,0.6694029573490569,3999.0079237177238,1.0,0.0,0.1715460444840739,0.4699682964277726,6.7834529999956725,0.7985967256932875,0.0034,0.0,12.1122,44.895,calibrated:/Users/let/Documents/DO_A_PAPER_May_18/Papers/Paper_xAI_in_Cyber_2/6_Analysis_Results/xai_surfacebench/data/unsw_nb15/unsw_nb15_score_stream.csv
unsw_nb15_xai_gate_tuning_envelope,suspicion_strict,default,transient_overload,xai_gate,3,5000,0.24639081350383546,1.0386499420190458,53.23445642,0.695244599303232,0.7573414720822091,0.7435546042807707,3566.510000314015,0.9908661111113626,0.17642608262817322,0.15707317073170732,0.5596017919362867,4.819035999999401,0.19667955673416992,0.0402,0.0,10.045,55.9604,calibrated:/Users/let/Documents/DO_A_PAPER_May_18/Papers/Paper_xAI_in_Cyber_2/6_Analysis_Results/xai_surfacebench/data/unsw_nb15/unsw_nb15_score_stream.csv
unsw_nb15_xai_gate_tuning_envelope,suspicion_strict,default,non_markovian,xai_gate,3,5000,0.1369579606537398,1.2672713631370887,65.4838225,0.6911185351751383,0.7705917059067631,0.7161918834992902,584.2248116381498,0.9317111111111563,0.14896669879002034,0.1729521362030196,0.49195845379590963,4.638511999999613,0.1291012890542802,0.0072,0.0,9.339,55.1412,calibrated:/Users/let/Documents/DO_A_PAPER_May_18/Papers/Paper_xAI_in_Cyber_2/6_Analysis_Results/xai_surfacebench/data/unsw_nb15/unsw_nb15_score_stream.csv
unsw_nb15_xai_gate_tuning_envelope,suspicion_strict,default,rtt_uncertainty,xai_gate,3,5000,0.0,0.014758598334011011,0.7628076799999999,0.7199314162949026,0.8300811569125486,0.6273993799877632,17.046898772608575,0.7806611111111217,0.0045722470115132485,0.23111882333498596,0.26888117666501404,4.573395999999514,0.07866250128125629,0.0,0.0,7.2612,44.8778,calibrated:/Users/let/Documents/DO_A_PAPER_May_18/Papers/Paper_xAI_in_Cyber_2/6_Analysis_Results/xai_surfacebench/data/unsw_nb15/unsw_nb15_score_stream.csv
unsw_nb15_xai_gate_tuning_envelope,suspicion_strict,default,adversarial_explanation_flood,xai_gate,4,5000,0.0,0.018754052031473283,0.9664744600000006,0.6285728209409611,0.6848907310505299,0.671452528380047,4182.01776022203,1.0,0.0,0.1692466460268318,0.4655060854744927,6.777432999995567,0.8065678850131783,0.0034,0.0,12.2094,45.0556,calibrated:/Users/let/Documents/DO_A_PAPER_May_18/Papers/Paper_xAI_in_Cyber_2/6_Analysis_Results/xai_surfacebench/data/unsw_nb15/unsw_nb15_score_stream.csv
unsw_nb15_xai_gate_tuning_envelope,suspicion_strict,default,transient_overload,xai_gate,4,5000,0.2472028041821704,1.0407293251356493,53.345143339999986,0.6936665744656613,0.7551965086042982,0.7423084522069323,3668.9136477629095,0.9924944444446966,0.17722369304935393,0.1550559133836488,0.5616232662899593,4.829671999999385,0.20489729068320117,0.0414,0.0,10.1228,56.0092,calibrated:/Users/let/Documents/DO_A_PAPER_May_18/Papers/Paper_xAI_in_Cyber_2/6_Analysis_Results/xai_surfacebench/data/unsw_nb15/unsw_nb15_score_stream.csv
unsw_nb15_xai_gate_tuning_envelope,suspicion_strict,default,non_markovian,xai_gate,4,5000,0.13777924712898876,1.228506330516685,63.46540450000003,0.693121274914087,0.7738684566814951,0.712918331161458,611.9912815732512,0.9338183333333814,0.14065070175813377,0.17098545213731814,0.49387964367349557,4.728507999999521,0.12664700311319388,0.0058,0.0,9.3622,55.3986,calibrated:/Users/let/Documents/DO_A_PAPER_May_18/Papers/Paper_xAI_in_Cyber_2/6_Analysis_Results/xai_surfacebench/data/unsw_nb15/unsw_nb15_score_stream.csv
unsw_nb15_xai_gate_tuning_envelope,suspicion_strict,default,rtt_uncertainty,xai_gate,4,5000,0.0,0.014809680715027395,0.7655014600000004,0.7171883442686925,0.8267822795440146,0.6264410888861325,15.29729129298192,0.76663166666668,0.003942217566300932,0.24381099410045762,0.27352924960026465,4.544967999999507,0.07516746695121301,0.0,0.0,7.2548,44.984,calibrated:/Users/let/Documents/DO_A_PAPER_May_18/Papers/Paper_xAI_in_Cyber_2/6_Analysis_Results/xai_surfacebench/data/unsw_nb15/unsw_nb15_score_stream.csv
unsw_nb15_xai_gate_tuning_envelope,suspicion_strict,default,adversarial_explanation_flood,xai_gate,5,5000,0.0,0.016967195264500794,0.8741327600000003,0.6281032261767141,0.6840909670371,0.671766746254728,4192.120641506598,1.0,0.0,0.16572310014932964,0.46507368023697554,6.763067499995573,0.8056401253361143,0.0036,0.0,12.1878,44.999,calibrated:/Users/let/Documents/DO_A_PAPER_May_18/Papers/Paper_xAI_in_Cyber_2/6_Analysis_Results/xai_surfacebench/data/unsw_nb15/unsw_nb15_score_stream.csv
unsw_nb15_xai_gate_tuning_envelope,suspicion_strict,default,transient_overload,xai_gate,5,5000,0.24986632202618758,1.040036372406943,53.30176307999999,0.692950484941394,0.7544917607382136,0.7417063258334656,3757.8148941002614,0.9940200000002446,0.1767777908666117,0.15472965013546944,0.5648289943848902,4.854343999999407,0.20686958870612648,0.041,0.0,10.1868,56.2712,calibrated:/Users/let/Documents/DO_A_PAPER_May_18/Papers/Paper_xAI_in_Cyber_2/6_Analysis_Results/xai_surfacebench/data/unsw_nb15/unsw_nb15_score_stream.csv
unsw_nb15_xai_gate_tuning_envelope,suspicion_strict,default,non_markovian,xai_gate,5,5000,0.13607454444937486,1.3025822884494964,67.31367169999997,0.692084676552837,0.7728418311868664,0.7132591876208737,586.3116096432774,0.9309655555556051,0.14377820760799484,0.17212551042338275,0.48783580485708145,4.669167999999557,0.12823795564155094,0.0054,0.0,9.306,54.9884,calibrated:/Users/let/Documents/DO_A_PAPER_May_18/Papers/Paper_xAI_in_Cyber_2/6_Analysis_Results/xai_surfacebench/data/unsw_nb15/unsw_nb15_score_stream.csv
unsw_nb15_xai_gate_tuning_envelope,suspicion_strict,default,rtt_uncertainty,xai_gate,5,5000,0.0,0.01744061134750093,0.901534120000001,0.7170385362252188,0.8276993926902448,0.6266495703564695,17.8938813258676,0.7752188888889011,0.0050324098131991355,0.23994201788693487,0.2721056806060772,4.5758479999995245,0.08399854727651412,0.0,0.0,7.3126,44.973,calibrated:/Users/let/Documents/DO_A_PAPER_May_18/Papers/Paper_xAI_in_Cyber_2/6_Analysis_Results/xai_surfacebench/data/unsw_nb15/unsw_nb15_score_stream.csv
unsw_nb15_xai_gate_tuning_envelope,suspicion_strict,default,adversarial_explanation_flood,xai_gate,6,5000,0.0,0.017073775344531358,0.8794316549996238,0.6314646169783237,0.6882640774950961,0.6706970734798524,4080.10192426443,1.0,0.0,0.1698845508666908,0.4679945235661414,6.780792499995699,0.8038399012732407,0.004,0.0,12.1612,44.9456,calibrated:/Users/let/Documents/DO_A_PAPER_May_18/Papers/Paper_xAI_in_Cyber_2/6_Analysis_Results/xai_surfacebench/data/unsw_nb15/unsw_nb15_score_stream.csv
unsw_nb15_xai_gate_tuning_envelope,suspicion_strict,default,transient_overload,xai_gate,6,5000,0.24762870705211854,1.0424188727451729,53.43176875999997,0.6938206137835132,0.7558061412827043,0.7429171530897314,3648.605985770492,0.992070000000257,0.17774392053661528,0.15508814974574092,0.5620016225093493,4.821419999999382,0.2016015330589611,0.041,0.0,10.1078,56.0796,calibrated:/Users/let/Documents/DO_A_PAPER_May_18/Papers/Paper_xAI_in_Cyber_2/6_Analysis_Results/xai_surfacebench/data/unsw_nb15/unsw_nb15_score_stream.csv
unsw_nb15_xai_gate_tuning_envelope,suspicion_strict,default,non_markovian,xai_gate,6,5000,0.13591264105712453,1.2869731265206175,66.50911118000013,0.6916487555950246,0.7725838324331143,0.7156306355006645,533.1002515951989,0.9269300000000318,0.1478798624775661,0.17964408502173113,0.4821718165502627,4.606579999999588,0.12667855541913142,0.005,0.0,9.2494,54.7296,calibrated:/Users/let/Documents/DO_A_PAPER_May_18/Papers/Paper_xAI_in_Cyber_2/6_Analysis_Results/xai_surfacebench/data/unsw_nb15/unsw_nb15_score_stream.csv
unsw_nb15_xai_gate_tuning_envelope,suspicion_strict,default,rtt_uncertainty,xai_gate,6,5000,0.0,0.017037980480947946,0.8806472599999992,0.7187310292401571,0.8288064836016287,0.6272429214284095,16.983041430558707,0.7868327777777887,0.004724024651806803,0.23649987782694867,0.2701381912958488,4.627011999999484,0.08958544103465482,0.0,0.0,7.3666,45.0728,calibrated:/Users/let/Documents/DO_A_PAPER_May_18/Papers/Paper_xAI_in_Cyber_2/6_Analysis_Results/xai_surfacebench/data/unsw_nb15/unsw_nb15_score_stream.csv
unsw_nb15_xai_gate_tuning_envelope,suspicion_strict,default,adversarial_explanation_flood,xai_gate,7,5000,0.0,0.018652610983749547,0.9615340600000003,0.6282540723015294,0.6844617004091282,0.6715569794502925,4167.011530772668,1.0,0.0,0.167218380256301,0.4654550817731816,6.7719879999957335,0.8051469555043751,0.0042,0.0,12.2044,45.0726,calibrated:/Users/let/Documents/DO_A_PAPER_May_18/Papers/Paper_xAI_in_Cyber_2/6_Analysis_Results/xai_surfacebench/data/unsw_nb15/unsw_nb15_score_stream.csv
unsw_nb15_xai_gate_tuning_envelope,suspicion_strict,default,transient_overload,xai_gate,7,5000,0.2481829746853408,1.0394989828535475,53.27591505999997,0.6937669772584664,0.755924293428747,0.7411641266582794,3696.109820901672,0.9931044444446943,0.17533954516740366,0.15518398610233733,0.5607035691724573,4.849423999999414,0.1980001797378701,0.041,0.0,10.1312,56.3784,calibrated:/Users/let/Documents/DO_A_PAPER_May_18/Papers/Paper_xAI_in_Cyber_2/6_Analysis_Results/xai_surfacebench/data/unsw_nb15/unsw_nb15_score_stream.csv
unsw_nb15_xai_gate_tuning_envelope,suspicion_strict,default,non_markovian,xai_gate,7,5000,0.13638555793282076,1.2515162452605257,64.66857544,0.692198191619665,0.7728991091379896,0.7128699984965776,582.8065722881905,0.9308383333333772,0.14320998260346643,0.17256931766929404,0.4873821438542987,4.675559999999538,0.1275501617064969,0.0064,0.0,9.3122,55.0586,calibrated:/Users/let/Documents/DO_A_PAPER_May_18/Papers/Paper_xAI_in_Cyber_2/6_Analysis_Results/xai_surfacebench/data/unsw_nb15/unsw_nb15_score_stream.csv
unsw_nb15_xai_gate_tuning_envelope,suspicion_strict,default,rtt_uncertainty,xai_gate,7,5000,0.0,0.017082056580812438,0.8830026000000009,0.7172776524944348,0.8272180003973507,0.6263673268908369,13.983656664637124,0.7711094444444544,0.004785215334690061,0.2336505142731423,0.27668995104779714,4.5548279999994685,0.07825040068914046,0.0,0.0,7.2724,44.9642,calibrated:/Users/let/Documents/DO_A_PAPER_May_18/Papers/Paper_xAI_in_Cyber_2/6_Analysis_Results/xai_surfacebench/data/unsw_nb15/unsw_nb15_score_stream.csv
unsw_nb15_xai_gate_tuning_envelope,suspicion_strict,default,adversarial_explanation_flood,xai_gate,8,5000,0.0,0.01967965564775041,1.013743820000002,0.6250706330020745,0.6810208240106108,0.6712697200812732,4304.436751916389,1.0,0.0,0.16037366083093807,0.46587160308272346,6.764110999995575,0.8082940190628061,0.0046,0.0,12.2464,45.149,calibrated:/Users/let/Documents/DO_A_PAPER_May_18/Papers/Paper_xAI_in_Cyber_2/6_Analysis_Results/xai_surfacebench/data/unsw_nb15/unsw_nb15_score_stream.csv
unsw_nb15_xai_gate_tuning_envelope,suspicion_strict,default,transient_overload,xai_gate,8,5000,0.2491757027142251,1.0401246961400488,53.29976539999996,0.6923736203843457,0.7546017131347258,0.7370132170595798,3837.9739824664584,0.995762222222469,0.17063437992719913,0.15266774375644793,0.5657641173379012,4.934023999999407,0.2167353512386887,0.0436,0.0,10.2746,56.296,calibrated:/Users/let/Documents/DO_A_PAPER_May_18/Papers/Paper_xAI_in_Cyber_2/6_Analysis_Results/xai_surfacebench/data/unsw_nb15/unsw_nb15_score_stream.csv
unsw_nb15_xai_gate_tuning_envelope,suspicion_strict,default,non_markovian,xai_gate,8,5000,0.13701447608274303,1.2662900700652175,65.43091538000012,0.6905377280354098,0.769260465999412,0.7159313610975285,654.0104747015345,0.937590000000066,0.1494467687472126,0.1787329836260539,0.487416909125661,4.664555999999552,0.13088504778167698,0.005,0.0,9.4174,55.5164,calibrated:/Users/let/Documents/DO_A_PAPER_May_18/Papers/Paper_xAI_in_Cyber_2/6_Analysis_Results/xai_surfacebench/data/unsw_nb15/unsw_nb15_score_stream.csv
unsw_nb15_xai_gate_tuning_envelope,suspicion_strict,default,rtt_uncertainty,xai_gate,8,5000,0.0,0.01655829099269686,0.855895639999999,0.7176643040349338,0.8269039704080963,0.6281255267616043,13.890234544700562,0.7706250000000113,0.005295237044595825,0.24815907774621473,0.26740947075208915,4.541767999999512,0.07698293888413832,0.0,0.0,7.2518,44.8896,calibrated:/Users/let/Documents/DO_A_PAPER_May_18/Papers/Paper_xAI_in_Cyber_2/6_Analysis_Results/xai_surfacebench/data/unsw_nb15/unsw_nb15_score_stream.csv
unsw_nb15_xai_gate_tuning_envelope,suspicion_strict,default,adversarial_explanation_flood,xai_gate,9,5000,0.0,0.018496802974211163,0.9526704399999995,0.6321483538210296,0.6886718028831557,0.6703974145598313,4093.469670275893,1.0,0.0,0.16933065286886598,0.46836585044262735,6.775890999995594,0.7992392235692392,0.0054,0.0,12.1372,44.9716,calibrated:/Users/let/Documents/DO_A_PAPER_May_18/Papers/Paper_xAI_in_Cyber_2/6_Analysis_Results/xai_surfacebench/data/unsw_nb15/unsw_nb15_score_stream.csv
unsw_nb15_xai_gate_tuning_envelope,suspicion_strict,default,transient_overload,xai_gate,9,5000,0.24634567907387434,1.04136107402454,53.373138960000034,0.6938136244508094,0.7555001048424872,0.7410847931897788,3697.544779579208,0.9934366666669353,0.17490689104774668,0.15449189114627465,0.5627327723806334,4.861291999999394,0.20433919993924587,0.0422,0.0,10.1494,56.1824,calibrated:/Users/let/Documents/DO_A_PAPER_May_18/Papers/Paper_xAI_in_Cyber_2/6_Analysis_Results/xai_surfacebench/data/unsw_nb15/unsw_nb15_score_stream.csv
unsw_nb15_xai_gate_tuning_envelope,suspicion_strict,default,non_markovian,xai_gate,9,5000,0.13638333018696672,1.353621381528519,69.96450268,0.6903450198349638,0.7692460857978798,0.7188948214859944,603.4356036498224,0.9331561111111635,0.15475501232979522,0.1716736356813552,0.4916693470569315,4.586059999999578,0.12869849337447903,0.005,0.0,9.327,55.09,calibrated:/Users/let/Documents/DO_A_PAPER_May_18/Papers/Paper_xAI_in_Cyber_2/6_Analysis_Results/xai_surfacebench/data/unsw_nb15/unsw_nb15_score_stream.csv
unsw_nb15_xai_gate_tuning_envelope,suspicion_strict,default,rtt_uncertainty,xai_gate,9,5000,0.0,0.0164517753493676,0.8506596400000004,0.7175116832008587,0.8281737360368108,0.6259857274570956,14.931546516882118,0.7778588888888993,0.004399989068350141,0.2400043726599437,0.26867262441583994,4.586355999999493,0.08420668995617331,0.0,0.0,7.3182,44.9988,calibrated:/Users/let/Documents/DO_A_PAPER_May_18/Papers/Paper_xAI_in_Cyber_2/6_Analysis_Results/xai_surfacebench/data/unsw_nb15/unsw_nb15_score_stream.csv
unsw_nb15_xai_gate_tuning_envelope,suspicion_strict,default,adversarial_explanation_flood,xai_gate,10,5000,0.0,0.01728246093439564,0.8902437049998061,0.6344726062465207,0.6916966446148513,0.6696056934743299,4021.271028040858,1.0,0.0,0.16930115785474786,0.4716688964861621,6.783894999995617,0.8006209960920108,0.0046,0.0,12.1086,44.8312,calibrated:/Users/let/Documents/DO_A_PAPER_May_18/Papers/Paper_xAI_in_Cyber_2/6_Analysis_Results/xai_surfacebench/data/unsw_nb15/unsw_nb15_score_stream.csv
unsw_nb15_xai_gate_tuning_envelope,suspicion_strict,default,transient_overload,xai_gate,10,5000,0.24787934425294283,1.0397432503574675,53.28593505999996,0.6939055158527473,0.755870549543755,0.7420107000434631,3689.7854009646708,0.9930355555558084,0.17603743041023415,0.15408457377502272,0.5633908477119279,4.846411999999371,0.20400940312946347,0.0422,0.0,10.1308,56.0948,calibrated:/Users/let/Documents/DO_A_PAPER_May_18/Papers/Paper_xAI_in_Cyber_2/6_Analysis_Results/xai_surfacebench/data/unsw_nb15/unsw_nb15_score_stream.csv
unsw_nb15_xai_gate_tuning_envelope,suspicion_strict,default,non_markovian,xai_gate,10,5000,0.14201441291345598,1.2286210467460603,63.474558500000064,0.6918719116573551,0.7724613312633348,0.7142809263953734,569.5693752752184,0.930476111111159,0.14510376831521504,0.17670691359085636,0.48627164525415717,4.658019999999556,0.13375155432305386,0.0064,0.0,9.3092,54.7398,calibrated:/Users/let/Documents/DO_A_PAPER_May_18/Papers/Paper_xAI_in_Cyber_2/6_Analysis_Results/xai_surfacebench/data/unsw_nb15/unsw_nb15_score_stream.csv
unsw_nb15_xai_gate_tuning_envelope,suspicion_strict,default,rtt_uncertainty,xai_gate,10,5000,0.0,0.014957385843224586,0.7732103000000007,0.7186510255845499,0.8289237182001398,0.6263613672915723,16.804853229651396,0.7753233333333427,0.0043835465372739305,0.23166629907366565,0.27142148213498013,4.5584239999995075,0.07694682961009902,0.0,0.0,7.2544,44.9072,calibrated:/Users/let/Documents/DO_A_PAPER_May_18/Papers/Paper_xAI_in_Cyber_2/6_Analysis_Results/xai_surfacebench/data/unsw_nb15/unsw_nb15_score_stream.csv
unsw_nb15_xai_gate_tuning_envelope,suspicion_strict,default,adversarial_explanation_flood,xai_gate,11,5000,0.0,0.01718759234582667,0.8859887600000006,0.6315445414125356,0.6883465258461509,0.6704589988476303,4121.2560935864085,1.0,0.0,0.16853285032109336,0.46826115593548107,6.774869999995628,0.8007840067370064,0.0032,0.0,12.146,44.9656,calibrated:/Users/let/Documents/DO_A_PAPER_May_18/Papers/Paper_xAI_in_Cyber_2/6_Analysis_Results/xai_surfacebench/data/unsw_nb15/unsw_nb15_score_stream.csv
unsw_nb15_xai_gate_tuning_envelope,suspicion_strict,default,transient_overload,xai_gate,11,5000,0.24879855430434344,1.038432504610032,53.21826138000001,0.6930509805462213,0.7552864064017767,0.7400630140751391,3737.4237897962144,0.9940038888891425,0.17451561610490568,0.1531772050018649,0.5640839402445967,4.873511999999401,0.20868508843111533,0.0412,0.0,10.1882,56.1944,calibrated:/Users/let/Documents/DO_A_PAPER_May_18/Papers/Paper_xAI_in_Cyber_2/6_Analysis_Results/xai_surfacebench/data/unsw_nb15/unsw_nb15_score_stream.csv
unsw_nb15_xai_gate_tuning_envelope,suspicion_strict,default,non_markovian,xai_gate,11,5000,0.13494204778977756,1.2387529294161461,64.00755810000011,0.6933310337394234,0.7734563476384619,0.7152027595127531,562.1208594712458,0.9295188888889278,0.14360245769106392,0.17977794545650533,0.48606230462433975,4.667259999999572,0.1267301143126398,0.0048,0.0,9.277,54.8904,calibrated:/Users/let/Documents/DO_A_PAPER_May_18/Papers/Paper_xAI_in_Cyber_2/6_Analysis_Results/xai_surfacebench/data/unsw_nb15/unsw_nb15_score_stream.csv
unsw_nb15_xai_gate_tuning_envelope,suspicion_strict,default,rtt_uncertainty,xai_gate,11,5000,0.0,0.01536997006047716,0.794534739999999,0.7154161377560169,0.8254863276684811,0.6254583545039475,11.943511635995293,0.7629266666666796,0.0049947568850378056,0.24584690104310392,0.27040675533969866,4.519111999999521,0.0753386954863835,0.0,0.0,7.2476,44.9322,calibrated:/Users/let/Documents/DO_A_PAPER_May_18/Papers/Paper_xAI_in_Cyber_2/6_Analysis_Results/xai_surfacebench/data/unsw_nb15/unsw_nb15_score_stream.csv
unsw_nb15_xai_gate_tuning_envelope,suspicion_strict,default,adversarial_explanation_flood,xai_gate,12,5000,0.0,0.017609296257784846,0.9072504574994191,0.6387002152849744,0.6959035187788483,0.6701630164778768,3848.786827169764,1.0,0.0,0.17529187712180178,0.47459012999853856,6.805927499995625,0.7916377381778943,0.005,0.0,12.077,44.9384,calibrated:/Users/let/Documents/DO_A_PAPER_May_18/Papers/Paper_xAI_in_Cyber_2/6_Analysis_Results/xai_surfacebench/data/unsw_nb15/unsw_nb15_score_stream.csv
unsw_nb15_xai_gate_tuning_envelope,suspicion_strict,default,transient_overload,xai_gate,12,5000,0.24747935581149166,1.038050396522947,53.19767653999991,0.693919076285501,0.7560722979572595,0.7407904865291944,3687.495599993816,0.9921650000002477,0.17428204875160366,0.15539326951544458,0.5616303167867364,4.859407999999429,0.20399183951845412,0.0418,0.0,10.133,56.1078,calibrated:/Users/let/Documents/DO_A_PAPER_May_18/Papers/Paper_xAI_in_Cyber_2/6_Analysis_Results/xai_surfacebench/data/unsw_nb15/unsw_nb15_score_stream.csv
unsw_nb15_xai_gate_tuning_envelope,suspicion_strict,default,non_markovian,xai_gate,12,5000,0.14014356690455754,1.2320286434649619,63.64989157999998,0.6924389667833999,0.7722606729006539,0.7163710733686733,583.177212380683,0.931052222222268,0.14643677667317975,0.1757241320078157,0.49172267193438257,4.658379999999557,0.13343189686117518,0.0048,0.0,9.3146,54.787,calibrated:/Users/let/Documents/DO_A_PAPER_May_18/Papers/Paper_xAI_in_Cyber_2/6_Analysis_Results/xai_surfacebench/data/unsw_nb15/unsw_nb15_score_stream.csv
unsw_nb15_xai_gate_tuning_envelope,suspicion_strict,default,rtt_uncertainty,xai_gate,12,5000,0.0,0.01685842164060836,0.8713905800000008,0.7173399298323255,0.8274813555809909,0.6266364958980821,15.691893789861721,0.7765611111111242,0.005427036509154698,0.24068084639842122,0.26688411358403685,4.5664799999995145,0.08153134926104877,0.0,0.0,7.2968,44.9782,calibrated:/Users/let/Documents/DO_A_PAPER_May_18/Papers/Paper_xAI_in_Cyber_2/6_Analysis_Results/xai_surfacebench/data/unsw_nb15/unsw_nb15_score_stream.csv
unsw_nb15_xai_gate_tuning_envelope,suspicion_strict,default,adversarial_explanation_flood,xai_gate,13,5000,0.0,0.01829242708909643,0.9425979899996292,0.631859681775989,0.6885936768525723,0.6705336259720655,4093.969011395383,1.0,0.0,0.16657332981947556,0.47004298985312964,6.776638999995761,0.7990659744446791,0.003,0.0,12.1424,44.9952,calibrated:/Users/let/Documents/DO_A_PAPER_May_18/Papers/Paper_xAI_in_Cyber_2/6_Analysis_Results/xai_surfacebench/data/unsw_nb15/unsw_nb15_score_stream.csv
unsw_nb15_xai_gate_tuning_envelope,suspicion_strict,default,transient_overload,xai_gate,13,5000,0.24976331242944533,1.0399721215169577,53.297573199999995,0.6933515210992158,0.75506302313606,0.7404176643768777,3764.7777064432585,0.9943016666669175,0.1744062806673209,0.15428851815505398,0.5641413150147203,4.877911999999385,0.2096003570635787,0.0432,0.0,10.19,56.1618,calibrated:/Users/let/Documents/DO_A_PAPER_May_18/Papers/Paper_xAI_in_Cyber_2/6_Analysis_Results/xai_surfacebench/data/unsw_nb15/unsw_nb15_score_stream.csv
unsw_nb15_xai_gate_tuning_envelope,suspicion_strict,default,non_markovian,xai_gate,13,5000,0.13575114391951026,1.325066069655059,68.48380715999998,0.691123789392014,0.7698570430351935,0.7217393930242985,600.4936191606707,0.9338972222222777,0.15825801859321412,0.1772610599426242,0.4852354349561053,4.543127999999603,0.12668902498299395,0.007,0.0,9.2722,54.864,calibrated:/Users/let/Documents/DO_A_PAPER_May_18/Papers/Paper_xAI_in_Cyber_2/6_Analysis_Results/xai_surfacebench/data/unsw_nb15/unsw_nb15_score_stream.csv
unsw_nb15_xai_gate_tuning_envelope,suspicion_strict,default,rtt_uncertainty,xai_gate,13,5000,0.0,0.01711499772181632,0.8846146400000006,0.7199176573236702,0.8290147271136645,0.6294701736664784,20.86569986883263,0.7850233333333444,0.0049623732140909585,0.2361489802595703,0.27486639764423604,4.61763999999948,0.08515296763121705,0.0,0.0,7.3352,45.064,calibrated:/Users/let/Documents/DO_A_PAPER_May_18/Papers/Paper_xAI_in_Cyber_2/6_Analysis_Results/xai_surfacebench/data/unsw_nb15/unsw_nb15_score_stream.csv
unsw_nb15_xai_gate_tuning_envelope,suspicion_strict,default,adversarial_explanation_flood,xai_gate,14,5000,0.0,0.01736398423875401,0.8947476400000011,0.632279382699512,0.688656586019582,0.6710864928516126,4074.502460126374,1.0,0.0,0.16840700968443245,0.4691720469062964,6.779490999995708,0.8008654927050025,0.0034,0.0,12.1432,44.9532,calibrated:/Users/let/Documents/DO_A_PAPER_May_18/Papers/Paper_xAI_in_Cyber_2/6_Analysis_Results/xai_surfacebench/data/unsw_nb15/unsw_nb15_score_stream.csv
unsw_nb15_xai_gate_tuning_envelope,suspicion_strict,default,transient_overload,xai_gate,14,5000,0.25074181648858673,1.0396631215379641,53.278581179999954,0.6925792067590809,0.7543117824064667,0.7396338887585434,3804.751454236904,0.9948933333335911,0.17429398419776265,0.15383712743487443,0.5649690995853869,4.886871999999395,0.2116558965500075,0.0452,0.0,10.2264,56.2668,calibrated:/Users/let/Documents/DO_A_PAPER_May_18/Papers/Paper_xAI_in_Cyber_2/6_Analysis_Results/xai_surfacebench/data/unsw_nb15/unsw_nb15_score_stream.csv
unsw_nb15_xai_gate_tuning_envelope,suspicion_strict,default,non_markovian,xai_gate,14,5000,0.13473120899273752,1.2006934905486752,62.02790591999999,0.6933105081826758,0.7740444641009915,0.7131866925064424,560.2572877572208,0.9296350000000431,0.14132213608957794,0.17220068906115418,0.48987941429801896,4.689307999999523,0.1310332734207158,0.0044,0.0,9.288,54.7464,calibrated:/Users/let/Documents/DO_A_PAPER_May_18/Papers/Paper_xAI_in_Cyber_2/6_Analysis_Results/xai_surfacebench/data/unsw_nb15/unsw_nb15_score_stream.csv
unsw_nb15_xai_gate_tuning_envelope,suspicion_strict,default,rtt_uncertainty,xai_gate,14,5000,0.0,0.01667544435854873,0.8618919000000007,0.7164207096704241,0.8267603986797752,0.6264665479736127,14.429888833730129,0.7721733333333425,0.005311575950060234,0.24164932647026613,0.2721771985543752,4.563019999999508,0.08375319719655572,0.0,0.0,7.3048,44.9352,calibrated:/Users/let/Documents/DO_A_PAPER_May_18/Papers/Paper_xAI_in_Cyber_2/6_Analysis_Results/xai_surfacebench/data/unsw_nb15/unsw_nb15_score_stream.csv
unsw_nb15_xai_gate_tuning_envelope,suspicion_strict,default,adversarial_explanation_flood,xai_gate,15,5000,0.0,0.017799851057205437,0.9172162000000004,0.6329980025419546,0.6895764503743395,0.6708160688046414,4054.831407935103,1.0,0.0,0.16720867656041072,0.4699886095376612,6.773529999995709,0.796918568089322,0.0054,0.0,12.1154,44.9488,calibrated:/Users/let/Documents/DO_A_PAPER_May_18/Papers/Paper_xAI_in_Cyber_2/6_Analysis_Results/xai_surfacebench/data/unsw_nb15/unsw_nb15_score_stream.csv
unsw_nb15_xai_gate_tuning_envelope,suspicion_strict,default,transient_overload,xai_gate,15,5000,0.24728940298720206,1.0404971469514526,53.32885035999995,0.69407031898504,0.7559134139823135,0.7422172813154984,3674.828705720246,0.9928022222224705,0.1762322621447488,0.1555595082809597,0.5616822799320131,4.840731999999414,0.20186415072826835,0.0402,0.0,10.1196,56.1328,calibrated:/Users/let/Documents/DO_A_PAPER_May_18/Papers/Paper_xAI_in_Cyber_2/6_Analysis_Results/xai_surfacebench/data/unsw_nb15/unsw_nb15_score_stream.csv
unsw_nb15_xai_gate_tuning_envelope,suspicion_strict,default,non_markovian,xai_gate,15,5000,0.13774004407527937,1.1996721853459713,61.98025805999989,0.6936787598515656,0.774557581614518,0.7145389608979568,562.539331386803,0.929208888888929,0.14394580863674852,0.17516663409974165,0.48151284222410384,4.638623999999534,0.124066054347308,0.006,0.0,9.2118,54.6338,calibrated:/Users/let/Documents/DO_A_PAPER_May_18/Papers/Paper_xAI_in_Cyber_2/6_Analysis_Results/xai_surfacebench/data/unsw_nb15/unsw_nb15_score_stream.csv
unsw_nb15_xai_gate_tuning_envelope,suspicion_strict,default,rtt_uncertainty,xai_gate,15,5000,0.0,0.01648938383556438,0.8523194999999996,0.7179762787250558,0.8281978960234229,0.6276170767474439,15.342706056281848,0.7747994444444547,0.005024297833786343,0.24179776514839524,0.27035115174477664,4.566455999999512,0.0806312360370598,0.0,0.0,7.2846,44.9404,calibrated:/Users/let/Documents/DO_A_PAPER_May_18/Papers/Paper_xAI_in_Cyber_2/6_Analysis_Results/xai_surfacebench/data/unsw_nb15/unsw_nb15_score_stream.csv
unsw_nb15_xai_gate_tuning_envelope,suspicion_strict,default,adversarial_explanation_flood,xai_gate,16,5000,0.0,0.01623751384446039,0.8367334800000008,0.6320423892097481,0.6889998425490605,0.6702163924709919,4044.135839164864,1.0,0.0,0.1684205325823823,0.46891622614104295,6.77822799999569,0.805990524371639,0.0018,0.0,12.1446,44.8308,calibrated:/Users/let/Documents/DO_A_PAPER_May_18/Papers/Paper_xAI_in_Cyber_2/6_Analysis_Results/xai_surfacebench/data/unsw_nb15/unsw_nb15_score_stream.csv
unsw_nb15_xai_gate_tuning_envelope,suspicion_strict,default,transient_overload,xai_gate,16,5000,0.24850740673559465,1.0389596970915496,53.24020348000003,0.6928930669801194,0.7548938451992264,0.73904504504508,3759.433369989104,0.9944561111113643,0.17299255777516648,0.1535840188014101,0.5642577359968665,4.894259999999413,0.2106856165284967,0.0434,0.0,10.212,56.2326,calibrated:/Users/let/Documents/DO_A_PAPER_May_18/Papers/Paper_xAI_in_Cyber_2/6_Analysis_Results/xai_surfacebench/data/unsw_nb15/unsw_nb15_score_stream.csv
unsw_nb15_xai_gate_tuning_envelope,suspicion_strict,default,non_markovian,xai_gate,16,5000,0.13803225339511327,1.2688219905468918,65.55697558000006,0.6924663196899343,0.7724251521370515,0.7147816402150221,603.6043649910017,0.9330066666667127,0.14506628970421298,0.16926899269635245,0.4939064876095012,4.679379999999548,0.13204390552601497,0.0058,0.0,9.3378,54.9908,calibrated:/Users/let/Documents/DO_A_PAPER_May_18/Papers/Paper_xAI_in_Cyber_2/6_Analysis_Results/xai_surfacebench/data/unsw_nb15/unsw_nb15_score_stream.csv
unsw_nb15_xai_gate_tuning_envelope,suspicion_strict,default,rtt_uncertainty,xai_gate,16,5000,0.0,0.01702373245419991,0.8799206399999996,0.7160632804175735,0.8265938512965084,0.6252091498141782,16.131569651659746,0.773622222222231,0.0047815514085084295,0.24167326976146888,0.26954288368534657,4.571767999999517,0.08312469295831293,0.0,0.0,7.3198,45.0536,calibrated:/Users/let/Documents/DO_A_PAPER_May_18/Papers/Paper_xAI_in_Cyber_2/6_Analysis_Results/xai_surfacebench/data/unsw_nb15/unsw_nb15_score_stream.csv
unsw_nb15_xai_gate_tuning_envelope,suspicion_strict,default,adversarial_explanation_flood,xai_gate,17,5000,0.0,0.01772616919568464,0.9133114400000031,0.6330781683623622,0.6892354944781991,0.6722673285320416,4113.497586336352,1.0,0.0,0.16583520549755518,0.47088509316709415,6.7712219999957695,0.7919230848925574,0.004,0.0,12.1072,45.0436,calibrated:/Users/let/Documents/DO_A_PAPER_May_18/Papers/Paper_xAI_in_Cyber_2/6_Analysis_Results/xai_surfacebench/data/unsw_nb15/unsw_nb15_score_stream.csv
unsw_nb15_xai_gate_tuning_envelope,suspicion_strict,default,transient_overload,xai_gate,17,5000,0.2475772104510225,1.041782354705188,53.3926200199999,0.6937692838144998,0.7560455684837221,0.740616096936298,3667.9188085855953,0.9927966666669223,0.1740518175549207,0.15503891242242143,0.5627228844448823,4.8681039999993985,0.2041261277932387,0.0436,0.0,10.151,56.2012,calibrated:/Users/let/Documents/DO_A_PAPER_May_18/Papers/Paper_xAI_in_Cyber_2/6_Analysis_Results/xai_surfacebench/data/unsw_nb15/unsw_nb15_score_stream.csv
unsw_nb15_xai_gate_tuning_envelope,suspicion_strict,default,non_markovian,xai_gate,17,5000,0.13564654860205727,1.27620989148987,65.94886242,0.6901582123286922,0.7694087282438118,0.7173560203842183,650.36842189729,0.9365194444445034,0.15215676240431567,0.1769973773428005,0.48789952877460074,4.627123999999592,0.13233376792698937,0.0046,0.0,9.3798,55.224,calibrated:/Users/let/Documents/DO_A_PAPER_May_18/Papers/Paper_xAI_in_Cyber_2/6_Analysis_Results/xai_surfacebench/data/unsw_nb15/unsw_nb15_score_stream.csv
unsw_nb15_xai_gate_tuning_envelope,suspicion_strict,default,rtt_uncertainty,xai_gate,17,5000,0.0,0.015201706302245438,0.7858412399999993,0.7181202468864358,0.8281813766715705,0.6267285847054694,13.4532645540259,0.7753000000000118,0.005235313567728425,0.24107241265292625,0.2633638267386752,4.549459999999532,0.07867920350365387,0.0,0.0,7.2584,44.8598,calibrated:/Users/let/Documents/DO_A_PAPER_May_18/Papers/Paper_xAI_in_Cyber_2/6_Analysis_Results/xai_surfacebench/data/unsw_nb15/unsw_nb15_score_stream.csv
unsw_nb15_xai_gate_tuning_envelope,suspicion_strict,default,adversarial_explanation_flood,xai_gate,18,5000,0.0,0.018338477863375592,0.9451442200000003,0.6321006872906182,0.6884922341025139,0.6720112323441376,4086.127248043546,1.0,0.0,0.1686746987951807,0.4688947307692468,6.774938999995691,0.8024850902015028,0.003,0.0,12.1346,44.881,calibrated:/Users/let/Documents/DO_A_PAPER_May_18/Papers/Paper_xAI_in_Cyber_2/6_Analysis_Results/xai_surfacebench/data/unsw_nb15/unsw_nb15_score_stream.csv
unsw_nb15_xai_gate_tuning_envelope,suspicion_strict,default,transient_overload,xai_gate,18,5000,0.24766746452226668,1.0401578076751332,53.31173611999992,0.6938406269123222,0.7557709868483264,0.7413724561299964,3689.3828438453734,0.9929511111113691,0.17526302283808057,0.15501075778212037,0.5618720514794417,4.851815999999397,0.20333916463877455,0.0414,0.0,10.1322,56.1338,calibrated:/Users/let/Documents/DO_A_PAPER_May_18/Papers/Paper_xAI_in_Cyber_2/6_Analysis_Results/xai_surfacebench/data/unsw_nb15/unsw_nb15_score_stream.csv
unsw_nb15_xai_gate_tuning_envelope,suspicion_strict,default,non_markovian,xai_gate,18,5000,0.13812416142882686,1.2679006176818302,65.51703033999999,0.6917158873687826,0.7704869637828867,0.7184587297837028,599.8615313442608,0.9328583333333803,0.1520436435490453,0.17601323052471057,0.4883051611933246,4.6082719999995945,0.1322975603765173,0.005,0.0,9.3118,54.8254,calibrated:/Users/let/Documents/DO_A_PAPER_May_18/Papers/Paper_xAI_in_Cyber_2/6_Analysis_Results/xai_surfacebench/data/unsw_nb15/unsw_nb15_score_stream.csv
unsw_nb15_xai_gate_tuning_envelope,suspicion_strict,default,rtt_uncertainty,xai_gate,18,5000,0.0,0.01644908337719616,0.8501792199999992,0.7182382448597825,0.8282006466813308,0.6282507629224358,12.782157217242366,0.7722550000000153,0.005264318394796318,0.2433989305991952,0.26983077007882694,4.549411999999499,0.07848776290033865,0.0,0.0,7.2564,44.8554,calibrated:/Users/let/Documents/DO_A_PAPER_May_18/Papers/Paper_xAI_in_Cyber_2/6_Analysis_Results/xai_surfacebench/data/unsw_nb15/unsw_nb15_score_stream.csv
unsw_nb15_xai_gate_tuning_envelope,suspicion_strict,default,adversarial_explanation_flood,xai_gate,19,5000,0.0,0.01853852180288735,0.9554327924997987,0.635018454906979,0.6928246215498672,0.6688519767809559,3996.614992310658,1.0,0.0,0.1706273842749327,0.47168802536554905,6.78893949999549,0.7952720421356652,0.0032,0.0,12.1106,44.9722,calibrated:/Users/let/Documents/DO_A_PAPER_May_18/Papers/Paper_xAI_in_Cyber_2/6_Analysis_Results/xai_surfacebench/data/unsw_nb15/unsw_nb15_score_stream.csv
unsw_nb15_xai_gate_tuning_envelope,suspicion_strict,default,transient_overload,xai_gate,19,5000,0.2474843509428195,1.038924457393967,53.24689267999999,0.6937835061729392,0.7550973991995505,0.7425078518518875,3724.1759122247354,0.9932322222224788,0.17712592592592594,0.1554962962962963,0.561679012345679,4.833659999999388,0.20008107214354465,0.0416,0.0,10.125,56.2462,calibrated:/Users/let/Documents/DO_A_PAPER_May_18/Papers/Paper_xAI_in_Cyber_2/6_Analysis_Results/xai_surfacebench/data/unsw_nb15/unsw_nb15_score_stream.csv
unsw_nb15_xai_gate_tuning_envelope,suspicion_strict,default,non_markovian,xai_gate,19,5000,0.13969188133308177,1.2907340195617112,66.69362969999997,0.6909299455227131,0.7693453306786642,0.7176268300987247,637.886949618023,0.9368194444445082,0.1513874702076949,0.17281664964249233,0.4938500170241743,4.6475279999995935,0.1353521882202895,0.0058,0.0,9.3984,55.1864,calibrated:/Users/let/Documents/DO_A_PAPER_May_18/Papers/Paper_xAI_in_Cyber_2/6_Analysis_Results/xai_surfacebench/data/unsw_nb15/unsw_nb15_score_stream.csv
unsw_nb15_xai_gate_tuning_envelope,suspicion_strict,default,rtt_uncertainty,xai_gate,19,5000,0.0,0.017130481550536564,0.8855212599999995,0.7185799223761391,0.8286555798713574,0.6278447432625475,18.08506638972758,0.7745627777777879,0.005229981557433455,0.23320212502408544,0.2751245561397231,4.55979599999954,0.07620913929041806,0.0,0.0,7.2658,45.0086,calibrated:/Users/let/Documents/DO_A_PAPER_May_18/Papers/Paper_xAI_in_Cyber_2/6_Analysis_Results/xai_surfacebench/data/unsw_nb15/unsw_nb15_score_stream.csv
unsw_nb15_xai_gate_tuning_envelope,suspicion_strict,default,adversarial_explanation_flood,xai_gate,20,5000,0.0,0.01908177485191724,0.9837733800000013,0.6301637036669567,0.6866768769916679,0.6706005408912954,4150.58395262931,1.0,0.0,0.16825897107587248,0.46756500541650786,6.779615499995736,0.7999937949588463,0.003,0.0,12.1836,45.1246,calibrated:/Users/let/Documents/DO_A_PAPER_May_18/Papers/Paper_xAI_in_Cyber_2/6_Analysis_Results/xai_surfacebench/data/unsw_nb15/unsw_nb15_score_stream.csv
unsw_nb15_xai_gate_tuning_envelope,suspicion_strict,default,transient_overload,xai_gate,20,5000,0.2468890939771271,1.038627863408213,53.24098233999997,0.6947939059167053,0.7564967444215823,0.7449452609328929,3567.5810435563803,0.9901588888891422,0.17945240991485034,0.1570183660039484,0.5593554948451552,4.784039999999406,0.19518418020118022,0.0422,0.0,10.0294,55.9434,calibrated:/Users/let/Documents/DO_A_PAPER_May_18/Papers/Paper_xAI_in_Cyber_2/6_Analysis_Results/xai_surfacebench/data/unsw_nb15/unsw_nb15_score_stream.csv
unsw_nb15_xai_gate_tuning_envelope,suspicion_strict,default,non_markovian,xai_gate,20,5000,0.13672111063506512,1.29544855006604,66.94358129999998,0.6906762803521014,0.7692671080038107,0.7160854628353165,664.1767406586197,0.9377300000000615,0.14923125861520517,0.17527303573322023,0.49205810624536106,4.674639999999547,0.1318291083260439,0.0052,0.0,9.431,55.5502,calibrated:/Users/let/Documents/DO_A_PAPER_May_18/Papers/Paper_xAI_in_Cyber_2/6_Analysis_Results/xai_surfacebench/data/unsw_nb15/unsw_nb15_score_stream.csv
unsw_nb15_xai_gate_tuning_envelope,suspicion_strict,default,rtt_uncertainty,xai_gate,20,5000,0.0,0.01568486343735875,0.8108229200000002,0.7178200271010939,0.8278018522611563,0.6265785560746828,16.46843297159236,0.7709044444444564,0.004977738447498686,0.2392632947097702,0.26727690052819336,4.532963999999519,0.06995811715066624,0.0,0.0,7.2322,45.0622,calibrated:/Users/let/Documents/DO_A_PAPER_May_18/Papers/Paper_xAI_in_Cyber_2/6_Analysis_Results/xai_surfacebench/data/unsw_nb15/unsw_nb15_score_stream.csv
unsw_nb15_xai_gate_tuning_envelope,rtt_strict,default,adversarial_explanation_flood,xai_gate,1,5000,0.0,0.018359357670963083,0.9462404400000012,0.6099280884007303,0.6675112109320374,0.6658861542610794,4483.506047955267,1.0,0.0014210810016170921,0.14764541578869997,0.43016081083221097,6.591252499995452,0.8080572709472176,0.0024,0.0,12.2442,45.1468,calibrated:/Users/let/Documents/DO_A_PAPER_May_18/Papers/Paper_xAI_in_Cyber_2/6_Analysis_Results/xai_surfacebench/data/unsw_nb15/unsw_nb15_score_stream.csv
unsw_nb15_xai_gate_tuning_envelope,rtt_strict,default,transient_overload,xai_gate,1,5000,0.24863829657929865,1.0365425406611877,53.19880899999994,0.68970957860435,0.7525457977272534,0.723561442092477,3831.1789008332885,0.9995138888891569,0.16559321368259827,0.1551270470879315,0.5167301574834073,4.88739599999939,0.206598548793129,0.0248,0.0,10.1852,56.275,calibrated:/Users/let/Documents/DO_A_PAPER_May_18/Papers/Paper_xAI_in_Cyber_2/6_Analysis_Results/xai_surfacebench/data/unsw_nb15/unsw_nb15_score_stream.csv
unsw_nb15_xai_gate_tuning_envelope,rtt_strict,default,non_markovian,xai_gate,1,5000,0.13708061699166854,1.3563782992803324,70.13376378,0.6781003614714813,0.7572439566281699,0.7153457367637492,780.2546497362554,0.9522788888890122,0.1818413778439294,0.1720816500106315,0.4366361896661705,4.3020959999995965,0.13325983891469018,0.0048,0.0,9.406,55.333,calibrated:/Users/let/Documents/DO_A_PAPER_May_18/Papers/Paper_xAI_in_Cyber_2/6_Analysis_Results/xai_surfacebench/data/unsw_nb15/unsw_nb15_score_stream.csv
unsw_nb15_xai_gate_tuning_envelope,rtt_strict,default,rtt_uncertainty,xai_gate,1,5000,0.0,0.01723937474558197,0.8907691800000008,0.7374048538335025,0.8500670212452485,0.6224365692222464,9.680870401471424,0.865839444444454,0.0,0.15824600110314396,0.21505791505791505,4.76157599999961,0.07666726052616069,0.0,0.0,7.252,44.904,calibrated:/Users/let/Documents/DO_A_PAPER_May_18/Papers/Paper_xAI_in_Cyber_2/6_Analysis_Results/xai_surfacebench/data/unsw_nb15/unsw_nb15_score_stream.csv
unsw_nb15_xai_gate_tuning_envelope,rtt_strict,default,adversarial_explanation_flood,xai_gate,2,5000,0.0,0.0151555020117348,0.7813096400000005,0.6144185193123008,0.6719890592118836,0.6664325914506153,4273.570750619706,1.0,0.001500808127453244,0.14707919649041792,0.4334882244278844,6.579323499995578,0.8050668333779851,0.0022,0.0,12.1268,44.788,calibrated:/Users/let/Documents/DO_A_PAPER_May_18/Papers/Paper_xAI_in_Cyber_2/6_Analysis_Results/xai_surfacebench/data/unsw_nb15/unsw_nb15_score_stream.csv
unsw_nb15_xai_gate_tuning_envelope,rtt_strict,default,transient_overload,xai_gate,2,5000,0.24727834218885825,1.0393440130788967,53.33913483999998,0.6903362584606724,0.7528487068494869,0.7228222886825396,3807.2556351038256,0.998895000000266,0.1637808909176767,0.15412010073980797,0.5162521643318118,4.898675999999384,0.2066304848458942,0.0266,0.0,10.1648,56.1608,calibrated:/Users/let/Documents/DO_A_PAPER_May_18/Papers/Paper_xAI_in_Cyber_2/6_Analysis_Results/xai_surfacebench/data/unsw_nb15/unsw_nb15_score_stream.csv
unsw_nb15_xai_gate_tuning_envelope,rtt_strict,default,non_markovian,xai_gate,2,5000,0.13643402028594637,1.26930965147314,65.62278163999999,0.6798811577535758,0.7590685587925114,0.7118982812599701,797.9806689694792,0.9544466666667993,0.17468532362149383,0.1787745192000511,0.4256597022554469,4.361279999999614,0.13472246389420817,0.0062,0.0,9.3906,55.1712,calibrated:/Users/let/Documents/DO_A_PAPER_May_18/Papers/Paper_xAI_in_Cyber_2/6_Analysis_Results/xai_surfacebench/data/unsw_nb15/unsw_nb15_score_stream.csv
unsw_nb15_xai_gate_tuning_envelope,rtt_strict,default,rtt_uncertainty,xai_gate,2,5000,0.0,0.01619192813604026,0.8366215200000006,0.7385353200883703,0.8505782157526101,0.6238065673288792,15.295000010809515,0.8668122222222302,0.0,0.15825055187637968,0.21713576158940398,4.768031999999606,0.07312913083647632,0.0,0.0,7.248,45.0272,calibrated:/Users/let/Documents/DO_A_PAPER_May_18/Papers/Paper_xAI_in_Cyber_2/6_Analysis_Results/xai_surfacebench/data/unsw_nb15/unsw_nb15_score_stream.csv
unsw_nb15_xai_gate_tuning_envelope,rtt_strict,default,adversarial_explanation_flood,xai_gate,3,5000,0.0,0.016549579058045178,0.8529252199999992,0.6125462324264407,0.6692326027657122,0.6667559699772695,4441.303143669296,1.0,0.0012317698068584943,0.14498751806595717,0.4328808632236014,6.586986999995448,0.8054931613477156,0.0028,0.0,12.1776,44.965,calibrated:/Users/let/Documents/DO_A_PAPER_May_18/Papers/Paper_xAI_in_Cyber_2/6_Analysis_Results/xai_surfacebench/data/unsw_nb15/unsw_nb15_score_stream.csv
unsw_nb15_xai_gate_tuning_envelope,rtt_strict,default,transient_overload,xai_gate,3,5000,0.24882870795541823,1.037587775737489,53.24506685999997,0.6913309573310616,0.7537229421468097,0.7257136917137192,3785.008507453541,0.9980133333336064,0.1661023661023661,0.15614295614295615,0.515988515988516,4.864799999999359,0.19665349293451762,0.0274,0.0,10.101,56.2736,calibrated:/Users/let/Documents/DO_A_PAPER_May_18/Papers/Paper_xAI_in_Cyber_2/6_Analysis_Results/xai_surfacebench/data/unsw_nb15/unsw_nb15_score_stream.csv
unsw_nb15_xai_gate_tuning_envelope,rtt_strict,default,non_markovian,xai_gate,3,5000,0.13459366376166987,1.3411449457143805,69.33408209999995,0.6812118966977906,0.7603594394419494,0.7107713801862716,846.8049340649616,0.9556716666667995,0.16845893310753599,0.1747883149872989,0.4380186282811177,4.448555999999586,0.1369680691037818,0.0034,0.0,9.448,55.3988,calibrated:/Users/let/Documents/DO_A_PAPER_May_18/Papers/Paper_xAI_in_Cyber_2/6_Analysis_Results/xai_surfacebench/data/unsw_nb15/unsw_nb15_score_stream.csv
unsw_nb15_xai_gate_tuning_envelope,rtt_strict,default,rtt_uncertainty,xai_gate,3,5000,0.0,0.017970419329661404,0.9285062599999994,0.7365802798498037,0.8493905264722817,0.6218163009745343,17.683402809564107,0.8744900000000061,0.0,0.1639897642511025,0.2115751075298089,4.8144799999996,0.08533247059831561,0.0,0.0,7.3468,45.1278,calibrated:/Users/let/Documents/DO_A_PAPER_May_18/Papers/Paper_xAI_in_Cyber_2/6_Analysis_Results/xai_surfacebench/data/unsw_nb15/unsw_nb15_score_stream.csv
unsw_nb15_xai_gate_tuning_envelope,rtt_strict,default,adversarial_explanation_flood,xai_gate,4,5000,0.0,0.01873776955691776,0.9659981724997975,0.6162281215457504,0.6743643702426517,0.6652599638729899,4283.134692077559,1.0,0.001237235850145994,0.14853428792952705,0.4361029545185476,6.596963499995536,0.795200971355382,0.0026,0.0,12.1238,45.023,calibrated:/Users/let/Documents/DO_A_PAPER_May_18/Papers/Paper_xAI_in_Cyber_2/6_Analysis_Results/xai_surfacebench/data/unsw_nb15/unsw_nb15_score_stream.csv
unsw_nb15_xai_gate_tuning_envelope,rtt_strict,default,transient_overload,xai_gate,4,5000,0.24631119168953344,1.0363034031017184,53.19252712000001,0.6913321802748488,0.7542118494575003,0.7263290988250971,3694.896054874827,0.9964305555558282,0.16751158028667423,0.15655752370728215,0.5136080793622393,4.8351519999993595,0.19503937849684738,0.024,0.0,10.0602,56.122,calibrated:/Users/let/Documents/DO_A_PAPER_May_18/Papers/Paper_xAI_in_Cyber_2/6_Analysis_Results/xai_surfacebench/data/unsw_nb15/unsw_nb15_score_stream.csv
unsw_nb15_xai_gate_tuning_envelope,rtt_strict,default,non_markovian,xai_gate,4,5000,0.13410550011552538,1.258431466249997,65.07489341999992,0.6814012627912845,0.7634705451067817,0.7130809928151328,617.9551420727298,0.9456888888889928,0.17520139342477684,0.1797735684737644,0.4169170476812541,4.285239999999655,0.12298151224753906,0.0044,0.0,9.186,54.5334,calibrated:/Users/let/Documents/DO_A_PAPER_May_18/Papers/Paper_xAI_in_Cyber_2/6_Analysis_Results/xai_surfacebench/data/unsw_nb15/unsw_nb15_score_stream.csv
unsw_nb15_xai_gate_tuning_envelope,rtt_strict,default,rtt_uncertainty,xai_gate,4,5000,0.0,0.016101261719967962,0.8319656999999994,0.7356790190885227,0.8489322951666275,0.6199773341707491,7.3535130152808375,0.8701227777777867,0.0,0.15726808487397254,0.21314071929872472,4.790991999999603,0.08484829632394764,0.0,0.0,7.3238,45.0066,calibrated:/Users/let/Documents/DO_A_PAPER_May_18/Papers/Paper_xAI_in_Cyber_2/6_Analysis_Results/xai_surfacebench/data/unsw_nb15/unsw_nb15_score_stream.csv
unsw_nb15_xai_gate_tuning_envelope,rtt_strict,default,adversarial_explanation_flood,xai_gate,5,5000,0.0,0.01929010173802419,0.9942641749995975,0.6170569766479421,0.6753089704863126,0.6650020835055167,4246.3819012632375,1.0,0.0016337981681656902,0.1500288802706494,0.43586723326941473,6.59666649999555,0.794936735107975,0.0018,0.0,12.119,45.0118,calibrated:/Users/let/Documents/DO_A_PAPER_May_18/Papers/Paper_xAI_in_Cyber_2/6_Analysis_Results/xai_surfacebench/data/unsw_nb15/unsw_nb15_score_stream.csv
unsw_nb15_xai_gate_tuning_envelope,rtt_strict,default,transient_overload,xai_gate,5,5000,0.24886316001396874,1.0384156588515592,53.302973539999975,0.6900450512755671,0.752368844550984,0.7260967416862898,3784.344658528403,0.9982827777780435,0.16925843229465115,0.15530834436562665,0.515382639451481,4.835107999999368,0.20223680803502408,0.0256,0.0,10.1218,56.1276,calibrated:/Users/let/Documents/DO_A_PAPER_May_18/Papers/Paper_xAI_in_Cyber_2/6_Analysis_Results/xai_surfacebench/data/unsw_nb15/unsw_nb15_score_stream.csv
unsw_nb15_xai_gate_tuning_envelope,rtt_strict,default,non_markovian,xai_gate,5,5000,0.13645695428402838,1.2233142031964737,63.23793057999989,0.681564786405557,0.7613651017219433,0.7134318879138121,731.3215451866018,0.9511027777779059,0.173128500010728,0.18297680605917566,0.42560130452507133,4.360015999999576,0.1317474251149504,0.004,0.0,9.3214,54.9086,calibrated:/Users/let/Documents/DO_A_PAPER_May_18/Papers/Paper_xAI_in_Cyber_2/6_Analysis_Results/xai_surfacebench/data/unsw_nb15/unsw_nb15_score_stream.csv
unsw_nb15_xai_gate_tuning_envelope,rtt_strict,default,rtt_uncertainty,xai_gate,5,5000,0.0,0.015800138254288443,0.8165067199999994,0.7391238586851675,0.851680950503141,0.6235534093747037,13.630499862937667,0.8665877777777891,0.0,0.15635667304970444,0.2122776343906974,4.747739999999613,0.07086178919777009,0.0,0.0,7.2066,44.8648,calibrated:/Users/let/Documents/DO_A_PAPER_May_18/Papers/Paper_xAI_in_Cyber_2/6_Analysis_Results/xai_surfacebench/data/unsw_nb15/unsw_nb15_score_stream.csv
unsw_nb15_xai_gate_tuning_envelope,rtt_strict,default,adversarial_explanation_flood,xai_gate,6,5000,0.0,0.015332962987624031,0.7899380200000005,0.6171869320244276,0.6756403871897362,0.6648941087541138,4216.50282213664,1.0,0.001288787548329533,0.1524239119658967,0.4343771686322439,6.595306499995607,0.8030852832347208,0.0026,0.0,12.1044,44.7544,calibrated:/Users/let/Documents/DO_A_PAPER_May_18/Papers/Paper_xAI_in_Cyber_2/6_Analysis_Results/xai_surfacebench/data/unsw_nb15/unsw_nb15_score_stream.csv
unsw_nb15_xai_gate_tuning_envelope,rtt_strict,default,transient_overload,xai_gate,6,5000,0.24865622310563995,1.0389835283412703,53.321699659999936,0.6906912669612937,0.7535640619488021,0.7229804354686319,3789.177231612837,0.9986600000002765,0.16339933733038814,0.15572735878826127,0.5142197854212686,4.895267999999368,0.20410741595660542,0.0238,0.0,10.1408,56.1456,calibrated:/Users/let/Documents/DO_A_PAPER_May_18/Papers/Paper_xAI_in_Cyber_2/6_Analysis_Results/xai_surfacebench/data/unsw_nb15/unsw_nb15_score_stream.csv
unsw_nb15_xai_gate_tuning_envelope,rtt_strict,default,non_markovian,xai_gate,6,5000,0.13866527149362246,1.3314746688921069,68.8332221999999,0.6803699934271318,0.7593780338866833,0.711847846829066,826.0621481148162,0.9551655555556869,0.17261412547971927,0.17496766533087377,0.43455674999469923,4.401067999999626,0.13900893688393623,0.004,0.0,9.4326,55.2094,calibrated:/Users/let/Documents/DO_A_PAPER_May_18/Papers/Paper_xAI_in_Cyber_2/6_Analysis_Results/xai_surfacebench/data/unsw_nb15/unsw_nb15_score_stream.csv
unsw_nb15_xai_gate_tuning_envelope,rtt_strict,default,rtt_uncertainty,xai_gate,6,5000,0.0,0.016669043200292364,0.8614498999999989,0.7369626026983986,0.8495903275446267,0.6215961860797039,10.280074781702071,0.8689888888888967,0.0,0.15912400736405352,0.21177149451817656,4.774743999999571,0.07904966065662578,0.0,0.0,7.2786,44.9692,calibrated:/Users/let/Documents/DO_A_PAPER_May_18/Papers/Paper_xAI_in_Cyber_2/6_Analysis_Results/xai_surfacebench/data/unsw_nb15/unsw_nb15_score_stream.csv
unsw_nb15_xai_gate_tuning_envelope,rtt_strict,default,adversarial_explanation_flood,xai_gate,7,5000,0.0,0.01951534334173303,1.0059817800000002,0.6087867701159724,0.6657551436194249,0.6669730979285482,4474.397637317011,1.0,0.001815000735811109,0.14384289615252546,0.42991194793664267,6.572207499995634,0.8047440301238262,0.002,0.0,12.2314,45.1824,calibrated:/Users/let/Documents/DO_A_PAPER_May_18/Papers/Paper_xAI_in_Cyber_2/6_Analysis_Results/xai_surfacebench/data/unsw_nb15/unsw_nb15_score_stream.csv
unsw_nb15_xai_gate_tuning_envelope,rtt_strict,default,transient_overload,xai_gate,7,5000,0.24979559461967604,1.0389559097468235,53.321507059999966,0.6905621593872,0.7533149914520574,0.7254889029302869,3795.9827652805434,0.9980094444447127,0.16698917936971802,0.15454940368059394,0.5178895821815023,4.861955999999372,0.20046317531090896,0.027,0.0,10.1288,56.2494,calibrated:/Users/let/Documents/DO_A_PAPER_May_18/Papers/Paper_xAI_in_Cyber_2/6_Analysis_Results/xai_surfacebench/data/unsw_nb15/unsw_nb15_score_stream.csv
unsw_nb15_xai_gate_tuning_envelope,rtt_strict,default,non_markovian,xai_gate,7,5000,0.1387412392444451,1.1837926762324582,61.183600539999944,0.6824853124062739,0.7633613662638395,0.710804923024123,741.5947119513554,0.9521050000001281,0.16797461297654273,0.17082636476692825,0.43402375745100563,4.413163999999595,0.13552364396009242,0.005,0.0,9.3276,54.7624,calibrated:/Users/let/Documents/DO_A_PAPER_May_18/Papers/Paper_xAI_in_Cyber_2/6_Analysis_Results/xai_surfacebench/data/unsw_nb15/unsw_nb15_score_stream.csv
unsw_nb15_xai_gate_tuning_envelope,rtt_strict,default,rtt_uncertainty,xai_gate,7,5000,0.0,0.016585255910496845,0.8569920200000006,0.7365717794760538,0.8499005379211877,0.6218777292576053,22.87722216036761,0.8710411111111165,0.0,0.16048034934497818,0.21596615720524018,4.802003999999576,0.08552831365369196,0.0,0.0,7.328,45.0042,calibrated:/Users/let/Documents/DO_A_PAPER_May_18/Papers/Paper_xAI_in_Cyber_2/6_Analysis_Results/xai_surfacebench/data/unsw_nb15/unsw_nb15_score_stream.csv
unsw_nb15_xai_gate_tuning_envelope,rtt_strict,default,adversarial_explanation_flood,xai_gate,8,5000,0.0,0.01970617448743605,1.0165221600000012,0.6127616379095487,0.6702561174406275,0.6661680512545965,4341.296092053082,1.0,0.0015402513559127629,0.14920775369086828,0.4321224335964902,6.597279999995581,0.8064922897953521,0.002,0.0,12.2058,45.0442,calibrated:/Users/let/Documents/DO_A_PAPER_May_18/Papers/Paper_xAI_in_Cyber_2/6_Analysis_Results/xai_surfacebench/data/unsw_nb15/unsw_nb15_score_stream.csv
unsw_nb15_xai_gate_tuning_envelope,rtt_strict,default,transient_overload,xai_gate,8,5000,0.24754037066220771,1.0378590807243222,53.275530919999966,0.6897524537822771,0.7526110077404521,0.7243630020891927,3756.209438839442,0.9977022222224966,0.1669557333753794,0.1551894043911861,0.5158066932082462,4.860283999999393,0.20601892293083512,0.024,0.0,10.1476,56.0942,calibrated:/Users/let/Documents/DO_A_PAPER_May_18/Papers/Paper_xAI_in_Cyber_2/6_Analysis_Results/xai_surfacebench/data/unsw_nb15/unsw_nb15_score_stream.csv
unsw_nb15_xai_gate_tuning_envelope,rtt_strict,default,non_markovian,xai_gate,8,5000,0.13503129824612475,1.242589082994364,64.24362446000004,0.6802211501516375,0.7601910935233799,0.7110696751056452,695.8312909823408,0.9508261111112332,0.17245869444563036,0.17960978525381036,0.4265465568031422,4.369719999999624,0.136640183236707,0.0054,0.0,9.3692,54.9526,calibrated:/Users/let/Documents/DO_A_PAPER_May_18/Papers/Paper_xAI_in_Cyber_2/6_Analysis_Results/xai_surfacebench/data/unsw_nb15/unsw_nb15_score_stream.csv
unsw_nb15_xai_gate_tuning_envelope,rtt_strict,default,rtt_uncertainty,xai_gate,8,5000,0.0,0.017445155693350013,0.9015246000000002,0.736317275019254,0.8489125861256515,0.6209580181957306,13.028780791973492,0.8679172222222268,0.0,0.157185136468267,0.21522525485037816,4.780327999999595,0.08060568641647237,0.0,0.0,7.2984,45.0266,calibrated:/Users/let/Documents/DO_A_PAPER_May_18/Papers/Paper_xAI_in_Cyber_2/6_Analysis_Results/xai_surfacebench/data/unsw_nb15/unsw_nb15_score_stream.csv
unsw_nb15_xai_gate_tuning_envelope,rtt_strict,default,adversarial_explanation_flood,xai_gate,9,5000,0.0,0.017912082058575134,0.9234826400000001,0.6122386944163012,0.6693174333285201,0.6657184568887655,4403.517209628039,1.0,0.0011662861179098838,0.14539152717775186,0.4313739178993495,6.583016999995436,0.8043965066252883,0.0014,0.0,12.1754,44.9842,calibrated:/Users/let/Documents/DO_A_PAPER_May_18/Papers/Paper_xAI_in_Cyber_2/6_Analysis_Results/xai_surfacebench/data/unsw_nb15/unsw_nb15_score_stream.csv
unsw_nb15_xai_gate_tuning_envelope,rtt_strict,default,transient_overload,xai_gate,9,5000,0.2486165081195351,1.0404516513353048,53.4029379,0.6901884218435886,0.7532135177637328,0.7238961603859637,3760.8877117219427,0.9973877777780483,0.1661591996520226,0.15568033532365852,0.512456008541263,4.856307999999401,0.1999995254855773,0.0226,0.0,10.1156,56.1978,calibrated:/Users/let/Documents/DO_A_PAPER_May_18/Papers/Paper_xAI_in_Cyber_2/6_Analysis_Results/xai_surfacebench/data/unsw_nb15/unsw_nb15_score_stream.csv
unsw_nb15_xai_gate_tuning_envelope,rtt_strict,default,non_markovian,xai_gate,9,5000,0.13424535478293995,1.19557576449142,61.81596165999986,0.6820007423095401,0.7629212313416008,0.7142348754448168,613.5170895785614,0.9459400000001075,0.1776084535947427,0.17928956618562103,0.4139030194528743,4.25901599999963,0.11846121538003485,0.0052,0.0,9.1606,54.6024,calibrated:/Users/let/Documents/DO_A_PAPER_May_18/Papers/Paper_xAI_in_Cyber_2/6_Analysis_Results/xai_surfacebench/data/unsw_nb15/unsw_nb15_score_stream.csv
unsw_nb15_xai_gate_tuning_envelope,rtt_strict,default,rtt_uncertainty,xai_gate,9,5000,0.0,0.017863549755224493,0.9231659400000012,0.7374788931859728,0.8495684305593022,0.6227708480853715,20.10000569351622,0.8767111111111162,0.0,0.16830982079633966,0.20766381611198867,4.8195719999996,0.08504247173845214,0.0,0.0,7.3436,45.1202,calibrated:/Users/let/Documents/DO_A_PAPER_May_18/Papers/Paper_xAI_in_Cyber_2/6_Analysis_Results/xai_surfacebench/data/unsw_nb15/unsw_nb15_score_stream.csv
unsw_nb15_xai_gate_tuning_envelope,rtt_strict,default,adversarial_explanation_flood,xai_gate,10,5000,0.0,0.017279211527991806,0.8904960074997973,0.6118508275972104,0.6689579650635397,0.6663385160605855,4409.9831008202655,1.0,0.0012127171419206817,0.14626352015732547,0.43218411996000783,6.592528499995512,0.8064264018899092,0.0024,0.0,12.204,45.0392,calibrated:/Users/let/Documents/DO_A_PAPER_May_18/Papers/Paper_xAI_in_Cyber_2/6_Analysis_Results/xai_surfacebench/data/unsw_nb15/unsw_nb15_score_stream.csv
unsw_nb15_xai_gate_tuning_envelope,rtt_strict,default,transient_overload,xai_gate,10,5000,0.24788018085371555,1.036808550464284,53.21430760000001,0.6905577044522669,0.7530958988236726,0.7244995263656736,3771.394577394572,0.998225000000274,0.16563388064414272,0.1552731291443006,0.5162811809283233,4.87437199999937,0.2026534705163332,0.0238,0.0,10.1344,56.178,calibrated:/Users/let/Documents/DO_A_PAPER_May_18/Papers/Paper_xAI_in_Cyber_2/6_Analysis_Results/xai_surfacebench/data/unsw_nb15/unsw_nb15_score_stream.csv
unsw_nb15_xai_gate_tuning_envelope,rtt_strict,default,non_markovian,xai_gate,10,5000,0.1371500358472507,1.233156944569616,63.7572228799999,0.6814307043168627,0.7613404642745151,0.716199285946096,690.279594861828,0.949994444444566,0.17872984961592556,0.1750297522449421,0.42741534133939196,4.289511999999629,0.12127288674088366,0.0034,0.0,9.243,54.9554,calibrated:/Users/let/Documents/DO_A_PAPER_May_18/Papers/Paper_xAI_in_Cyber_2/6_Analysis_Results/xai_surfacebench/data/unsw_nb15/unsw_nb15_score_stream.csv
unsw_nb15_xai_gate_tuning_envelope,rtt_strict,default,rtt_uncertainty,xai_gate,10,5000,0.0,0.016576535389240157,0.8565274199999993,0.7375585256745261,0.8500589553901123,0.6232654838737225,15.70999882066435,0.8692933333333416,8.233389137415264e-05,0.15939841370035954,0.21755358564096935,4.786035999999587,0.07901056889623126,0.0,0.0,7.2874,45.0252,calibrated:/Users/let/Documents/DO_A_PAPER_May_18/Papers/Paper_xAI_in_Cyber_2/6_Analysis_Results/xai_surfacebench/data/unsw_nb15/unsw_nb15_score_stream.csv
unsw_nb15_xai_gate_tuning_envelope,rtt_strict,default,adversarial_explanation_flood,xai_gate,11,5000,0.0,0.01721894918686986,0.8874709800000008,0.6097979124024895,0.6666557013646619,0.6671217560379298,4441.106305669275,1.0,0.001244371674171101,0.1464428980761359,0.42959271387574055,6.57999849999567,0.8066586798006246,0.0036,0.0,12.215,45.074,calibrated:/Users/let/Documents/DO_A_PAPER_May_18/Papers/Paper_xAI_in_Cyber_2/6_Analysis_Results/xai_surfacebench/data/unsw_nb15/unsw_nb15_score_stream.csv
unsw_nb15_xai_gate_tuning_envelope,rtt_strict,default,transient_overload,xai_gate,11,5000,0.24844303365589873,1.0382154561782346,53.289903199999976,0.6903305262326578,0.7534049560116163,0.7227810066026399,3764.297960906279,0.9976850000002679,0.1647689083936267,0.15450915273000435,0.5114656228996165,4.868435999999361,0.1998007684644958,0.0226,0.0,10.1172,56.216,calibrated:/Users/let/Documents/DO_A_PAPER_May_18/Papers/Paper_xAI_in_Cyber_2/6_Analysis_Results/xai_surfacebench/data/unsw_nb15/unsw_nb15_score_stream.csv
unsw_nb15_xai_gate_tuning_envelope,rtt_strict,default,non_markovian,xai_gate,11,5000,0.14018831892188072,1.2013143121735286,62.09219018000001,0.6816227818511074,0.7598061775378947,0.7133851875464722,791.322303536424,0.9552172222223558,0.1728402932738285,0.1696950377218149,0.4409095739028796,4.404247999999607,0.1382810033709363,0.0062,0.0,9.411,55.1182,calibrated:/Users/let/Documents/DO_A_PAPER_May_18/Papers/Paper_xAI_in_Cyber_2/6_Analysis_Results/xai_surfacebench/data/unsw_nb15/unsw_nb15_score_stream.csv
unsw_nb15_xai_gate_tuning_envelope,rtt_strict,default,rtt_uncertainty,xai_gate,11,5000,0.0,0.019044468898566213,0.9839810800000006,0.7366850558470119,0.8499482433140374,0.6229339348316084,23.51856664753519,0.8741905555555632,0.0,0.16411663994347364,0.2173818517813952,4.824767999999574,0.08783988529448705,0.0,0.0,7.3594,45.101,calibrated:/Users/let/Documents/DO_A_PAPER_May_18/Papers/Paper_xAI_in_Cyber_2/6_Analysis_Results/xai_surfacebench/data/unsw_nb15/unsw_nb15_score_stream.csv
unsw_nb15_xai_gate_tuning_envelope,rtt_strict,default,adversarial_explanation_flood,xai_gate,12,5000,0.0,0.017278837778170932,0.890160120000001,0.6148412691867133,0.6715353666478666,0.6665766120392561,4311.297278130226,1.0,0.001286003989909815,0.1461757868530823,0.43371927192322773,6.585170499995507,0.7971658629451008,0.0034,0.0,12.1306,44.999,calibrated:/Users/let/Documents/DO_A_PAPER_May_18/Papers/Paper_xAI_in_Cyber_2/6_Analysis_Results/xai_surfacebench/data/unsw_nb15/unsw_nb15_score_stream.csv
unsw_nb15_xai_gate_tuning_envelope,rtt_strict,default,transient_overload,xai_gate,12,5000,0.24706040667254006,1.0384259635634294,53.29908561999997,0.6911496372071904,0.7544525320755324,0.7249522223544116,3686.432232842192,0.9972738888891591,0.16569525395503748,0.15667499306133778,0.513302406724555,4.859411999999389,0.19940222489326653,0.0218,0.0,10.0884,56.0746,calibrated:/Users/let/Documents/DO_A_PAPER_May_18/Papers/Paper_xAI_in_Cyber_2/6_Analysis_Results/xai_surfacebench/data/unsw_nb15/unsw_nb15_score_stream.csv
unsw_nb15_xai_gate_tuning_envelope,rtt_strict,default,non_markovian,xai_gate,12,5000,0.13634122946825372,1.2039924292680484,62.24426824000011,0.6820161552288753,0.7629099650910349,0.7142077224592088,667.3730020236509,0.9481305555556715,0.17528206682980704,0.177404335491695,0.42410723953483337,4.311815999999627,0.12792854848538981,0.0036,0.0,9.2354,54.5862,calibrated:/Users/let/Documents/DO_A_PAPER_May_18/Papers/Paper_xAI_in_Cyber_2/6_Analysis_Results/xai_surfacebench/data/unsw_nb15/unsw_nb15_score_stream.csv
unsw_nb15_xai_gate_tuning_envelope,rtt_strict,default,rtt_uncertainty,xai_gate,12,5000,0.0,0.0171362701727174,0.8853645599999996,0.7364676887885012,0.8492081343195671,0.6218369582238419,19.76900729162007,0.8738000000000078,2.723237384602816e-05,0.16628087470384795,0.2101522289697993,4.8110999999995805,0.08846501563588416,0.0,0.0,7.3442,44.982,calibrated:/Users/let/Documents/DO_A_PAPER_May_18/Papers/Paper_xAI_in_Cyber_2/6_Analysis_Results/xai_surfacebench/data/unsw_nb15/unsw_nb15_score_stream.csv
unsw_nb15_xai_gate_tuning_envelope,rtt_strict,default,adversarial_explanation_flood,xai_gate,13,5000,0.0,0.018773215227827426,0.967706860000001,0.6116610540285139,0.6698049103888573,0.6651981015351078,4355.60015895538,1.0,0.001360142896940498,0.1473378889926749,0.43151967290956267,6.589821499995581,0.8057374174963283,0.0024,0.0,12.2046,45.0586,calibrated:/Users/let/Documents/DO_A_PAPER_May_18/Papers/Paper_xAI_in_Cyber_2/6_Analysis_Results/xai_surfacebench/data/unsw_nb15/unsw_nb15_score_stream.csv
unsw_nb15_xai_gate_tuning_envelope,rtt_strict,default,transient_overload,xai_gate,13,5000,0.24865436740697355,1.0403556334045307,53.39095445999997,0.6912504215685354,0.7534606276270531,0.7260342809530764,3806.9809954043762,0.9978594444447162,0.16717916162437757,0.15549427658856904,0.5146110659233837,4.847055999999368,0.1996996407350935,0.0284,0.0,10.0814,56.0218,calibrated:/Users/let/Documents/DO_A_PAPER_May_18/Papers/Paper_xAI_in_Cyber_2/6_Analysis_Results/xai_surfacebench/data/unsw_nb15/unsw_nb15_score_stream.csv
unsw_nb15_xai_gate_tuning_envelope,rtt_strict,default,non_markovian,xai_gate,13,5000,0.13941040292933415,1.2467546576970527,64.44791322000003,0.680367448441539,0.7600707787477463,0.7155507439008506,761.9354851060322,0.9520594444445738,0.1789220940702311,0.17472023324615188,0.4315268190198516,4.313115999999578,0.13414444379608037,0.0066,0.0,9.3292,54.8384,calibrated:/Users/let/Documents/DO_A_PAPER_May_18/Papers/Paper_xAI_in_Cyber_2/6_Analysis_Results/xai_surfacebench/data/unsw_nb15/unsw_nb15_score_stream.csv
unsw_nb15_xai_gate_tuning_envelope,rtt_strict,default,rtt_uncertainty,xai_gate,13,5000,0.0,0.016489411901285153,0.8522127800000009,0.7370827038756983,0.8496198080334265,0.6223419237719455,12.55505174324838,0.8680500000000079,2.7467245309967865e-05,0.159831900458703,0.21501359628642844,4.77743599999958,0.08005559436876863,0.0,0.0,7.2814,44.9446,calibrated:/Users/let/Documents/DO_A_PAPER_May_18/Papers/Paper_xAI_in_Cyber_2/6_Analysis_Results/xai_surfacebench/data/unsw_nb15/unsw_nb15_score_stream.csv
unsw_nb15_xai_gate_tuning_envelope,rtt_strict,default,adversarial_explanation_flood,xai_gate,14,5000,0.0,0.01813364397095525,0.9344331049993878,0.6142788953006043,0.6714701180175623,0.6671019373457048,4302.423151314857,1.0,0.0014674361088211046,0.14745259686727122,0.43297197032085133,6.579500999995534,0.7986358244365404,0.0022,0.0,12.13,44.96,calibrated:/Users/let/Documents/DO_A_PAPER_May_18/Papers/Paper_xAI_in_Cyber_2/6_Analysis_Results/xai_surfacebench/data/unsw_nb15/unsw_nb15_score_stream.csv
unsw_nb15_xai_gate_tuning_envelope,rtt_strict,default,transient_overload,xai_gate,14,5000,0.2496825197148083,1.0362497885666324,53.18900608000001,0.690651128741963,0.7530089578457051,0.7258322616386261,3751.35948537731,0.9977922222224834,0.16763943572799397,0.15549136378924877,0.515798429060404,4.848635999999401,0.2018037875734573,0.0248,0.0,10.1086,56.0746,calibrated:/Users/let/Documents/DO_A_PAPER_May_18/Papers/Paper_xAI_in_Cyber_2/6_Analysis_Results/xai_surfacebench/data/unsw_nb15/unsw_nb15_score_stream.csv
unsw_nb15_xai_gate_tuning_envelope,rtt_strict,default,non_markovian,xai_gate,14,5000,0.135149992341971,1.2620463575990502,65.25717154,0.6808499138674338,0.7618040442643593,0.7130002153315917,694.6551154612506,0.9500144444445617,0.17573212747631353,0.17489233419465977,0.4251937984496124,4.319591999999596,0.1290122601395931,0.0038,0.0,9.288,54.8444,calibrated:/Users/let/Documents/DO_A_PAPER_May_18/Papers/Paper_xAI_in_Cyber_2/6_Analysis_Results/xai_surfacebench/data/unsw_nb15/unsw_nb15_score_stream.csv
unsw_nb15_xai_gate_tuning_envelope,rtt_strict,default,rtt_uncertainty,xai_gate,14,5000,0.0,0.016255222418227463,0.8400883999999998,0.7368721945309561,0.8498694801545738,0.6212527194117444,15.53280585707791,0.8661888888888928,0.0,0.15608735163715473,0.21400049569024868,4.7626759999996136,0.07897145166274422,0.0,0.0,7.2626,44.8736,calibrated:/Users/let/Documents/DO_A_PAPER_May_18/Papers/Paper_xAI_in_Cyber_2/6_Analysis_Results/xai_surfacebench/data/unsw_nb15/unsw_nb15_score_stream.csv
unsw_nb15_xai_gate_tuning_envelope,rtt_strict,default,adversarial_explanation_flood,xai_gate,15,5000,0.0,0.01836411704812053,0.9464851600000016,0.610334913319131,0.666487306159679,0.6688972626333424,4478.292019727449,1.0,0.0013449016745665972,0.1452493808531925,0.4304423414403299,6.575005999995406,0.7986659940586285,0.003,0.0,12.1942,45.1972,calibrated:/Users/let/Documents/DO_A_PAPER_May_18/Papers/Paper_xAI_in_Cyber_2/6_Analysis_Results/xai_surfacebench/data/unsw_nb15/unsw_nb15_score_stream.csv
unsw_nb15_xai_gate_tuning_envelope,rtt_strict,default,transient_overload,xai_gate,15,5000,0.24629583569475752,1.0393349664082052,53.349417480000035,0.6897014866517834,0.7526511152230589,0.7241839189242791,3776.2029880977257,0.9983233333336017,0.16713987144603493,0.15560550494893333,0.513782089199101,4.856295999999368,0.20519976760018732,0.022,0.0,10.1436,56.1102,calibrated:/Users/let/Documents/DO_A_PAPER_May_18/Papers/Paper_xAI_in_Cyber_2/6_Analysis_Results/xai_surfacebench/data/unsw_nb15/unsw_nb15_score_stream.csv
unsw_nb15_xai_gate_tuning_envelope,rtt_strict,default,non_markovian,xai_gate,15,5000,0.1363874481758632,1.2548670417094243,64.88798303999998,0.6806001940283202,0.7614736475355981,0.7125294815133955,664.3011933611369,0.9482722222223321,0.17540153066724157,0.1754446480543279,0.4244044410908699,4.314095999999625,0.12659054863757713,0.0046,0.0,9.277,54.8972,calibrated:/Users/let/Documents/DO_A_PAPER_May_18/Papers/Paper_xAI_in_Cyber_2/6_Analysis_Results/xai_surfacebench/data/unsw_nb15/unsw_nb15_score_stream.csv
unsw_nb15_xai_gate_tuning_envelope,rtt_strict,default,rtt_uncertainty,xai_gate,15,5000,0.0,0.01777756388997999,0.9186365200000004,0.7376718324204516,0.8501513095591422,0.6224792865203718,12.966928893756036,0.8683400000000058,0.0,0.1588813344710837,0.21341077376200832,4.772187999999592,0.07749230712193489,0.0,0.0,7.2658,44.955,calibrated:/Users/let/Documents/DO_A_PAPER_May_18/Papers/Paper_xAI_in_Cyber_2/6_Analysis_Results/xai_surfacebench/data/unsw_nb15/unsw_nb15_score_stream.csv
unsw_nb15_xai_gate_tuning_envelope,rtt_strict,default,adversarial_explanation_flood,xai_gate,16,5000,0.0,0.01708880019624386,0.8806185799999999,0.6153150490403502,0.672878641696789,0.6665371850337987,4290.844075030943,1.0,0.0014860803804365773,0.14616426141805092,0.43577655955813677,6.582401999995548,0.7935766842731089,0.0032,0.0,12.1124,45.0214,calibrated:/Users/let/Documents/DO_A_PAPER_May_18/Papers/Paper_xAI_in_Cyber_2/6_Analysis_Results/xai_surfacebench/data/unsw_nb15/unsw_nb15_score_stream.csv
unsw_nb15_xai_gate_tuning_envelope,rtt_strict,default,transient_overload,xai_gate,16,5000,0.24863747044118634,1.0380567706940764,53.276555200000004,0.6901573020436526,0.7529059346899067,0.7233080678820609,3825.9929021036946,0.9986983333335991,0.16492105366775603,0.15358113162972004,0.5164192621175729,4.885407999999347,0.2041386487636574,0.0262,0.0,10.1588,56.2438,calibrated:/Users/let/Documents/DO_A_PAPER_May_18/Papers/Paper_xAI_in_Cyber_2/6_Analysis_Results/xai_surfacebench/data/unsw_nb15/unsw_nb15_score_stream.csv
unsw_nb15_xai_gate_tuning_envelope,rtt_strict,default,non_markovian,xai_gate,16,5000,0.1375171833435832,1.25652636494936,64.95282741999982,0.6804243703751902,0.7601888311268715,0.712225705329138,756.9673063413757,0.9518855555556822,0.1737999274945088,0.17422643038406585,0.43264453116669865,4.368311999999601,0.137623225534109,0.0062,0.0,9.3786,54.9602,calibrated:/Users/let/Documents/DO_A_PAPER_May_18/Papers/Paper_xAI_in_Cyber_2/6_Analysis_Results/xai_surfacebench/data/unsw_nb15/unsw_nb15_score_stream.csv
unsw_nb15_xai_gate_tuning_envelope,rtt_strict,default,rtt_uncertainty,xai_gate,16,5000,0.0,0.019665015558042294,1.0162364600000007,0.7372625113615165,0.8501934924115118,0.6221327372955922,18.62797876887695,0.866341111111115,2.7542898063734267e-05,0.15754537692456,0.21519266257195582,4.76552399999957,0.07357287429939663,0.0,0.0,7.2614,45.0918,calibrated:/Users/let/Documents/DO_A_PAPER_May_18/Papers/Paper_xAI_in_Cyber_2/6_Analysis_Results/xai_surfacebench/data/unsw_nb15/unsw_nb15_score_stream.csv
unsw_nb15_xai_gate_tuning_envelope,rtt_strict,default,adversarial_explanation_flood,xai_gate,17,5000,0.0,0.018608557060610292,0.9594232024998046,0.6161325113655914,0.6743328191422522,0.6648011588261252,4256.015270666308,1.0,0.001087171377742637,0.14861303287869804,0.4356859886664186,6.603917499995639,0.8013094120108157,0.0028,0.0,12.1416,44.9362,calibrated:/Users/let/Documents/DO_A_PAPER_May_18/Papers/Paper_xAI_in_Cyber_2/6_Analysis_Results/xai_surfacebench/data/unsw_nb15/unsw_nb15_score_stream.csv
unsw_nb15_xai_gate_tuning_envelope,rtt_strict,default,transient_overload,xai_gate,17,5000,0.2469388283121703,1.038412309600881,53.29958713999995,0.6912434287529016,0.7540381691353583,0.7245347061040892,3693.125377782022,0.9971544444447143,0.1654268087047948,0.15487313773334127,0.5132020075780118,4.858947999999385,0.19632196674391467,0.0236,0.0,10.0818,56.1822,calibrated:/Users/let/Documents/DO_A_PAPER_May_18/Papers/Paper_xAI_in_Cyber_2/6_Analysis_Results/xai_surfacebench/data/unsw_nb15/unsw_nb15_score_stream.csv
unsw_nb15_xai_gate_tuning_envelope,rtt_strict,default,non_markovian,xai_gate,17,5000,0.13683155176464198,1.2955788255661693,66.99217449999992,0.6803957840396611,0.761087308538277,0.7123452355344985,700.6313494911598,0.9503988888890108,0.17522047752204775,0.17474725747472575,0.42501613250161324,4.3246919999996045,0.12016673593918603,0.005,0.0,9.298,55.337,calibrated:/Users/let/Documents/DO_A_PAPER_May_18/Papers/Paper_xAI_in_Cyber_2/6_Analysis_Results/xai_surfacebench/data/unsw_nb15/unsw_nb15_score_stream.csv
unsw_nb15_xai_gate_tuning_envelope,rtt_strict,default,rtt_uncertainty,xai_gate,17,5000,0.0,0.017264210159848963,0.8920446400000004,0.7370135389142387,0.849729940012628,0.6228363616551421,20.892871200259655,0.8733338888888963,0.0,0.16355662099212728,0.2157509057724264,4.815279999999567,0.08605223606821055,0.0,0.0,7.3418,45.0672,calibrated:/Users/let/Documents/DO_A_PAPER_May_18/Papers/Paper_xAI_in_Cyber_2/6_Analysis_Results/xai_surfacebench/data/unsw_nb15/unsw_nb15_score_stream.csv
unsw_nb15_xai_gate_tuning_envelope,rtt_strict,default,adversarial_explanation_flood,xai_gate,18,5000,0.0,0.017527927565792932,0.9034602974997904,0.6173337548345603,0.6746744748212468,0.6656007016763759,4246.944218880649,1.0,0.0016694766769149393,0.14883136632615954,0.4345164302945287,6.5878064999953745,0.7973822712829708,0.0014,0.0,12.0996,44.8786,calibrated:/Users/let/Documents/DO_A_PAPER_May_18/Papers/Paper_xAI_in_Cyber_2/6_Analysis_Results/xai_surfacebench/data/unsw_nb15/unsw_nb15_score_stream.csv
unsw_nb15_xai_gate_tuning_envelope,rtt_strict,default,transient_overload,xai_gate,18,5000,0.24746375310982996,1.0398252220803619,53.37195458000003,0.6904405599937712,0.753409796224962,0.7231833821087036,3752.139633539533,0.9976361111113747,0.1649331645970102,0.15585699596614727,0.5112315115083446,4.867223999999381,0.20168328806704183,0.0218,0.0,10.1144,56.1124,calibrated:/Users/let/Documents/DO_A_PAPER_May_18/Papers/Paper_xAI_in_Cyber_2/6_Analysis_Results/xai_surfacebench/data/unsw_nb15/unsw_nb15_score_stream.csv
unsw_nb15_xai_gate_tuning_envelope,rtt_strict,default,non_markovian,xai_gate,18,5000,0.14226978299540138,1.2272390694269977,63.43655460000003,0.6833018460076055,0.7637226447590056,0.7138975833297097,709.2931504148618,0.950180000000126,0.17197700056201634,0.17733777182136526,0.42704595564394104,4.356631999999606,0.12652939966079013,0.005,0.0,9.2524,54.7546,calibrated:/Users/let/Documents/DO_A_PAPER_May_18/Papers/Paper_xAI_in_Cyber_2/6_Analysis_Results/xai_surfacebench/data/unsw_nb15/unsw_nb15_score_stream.csv
unsw_nb15_xai_gate_tuning_envelope,rtt_strict,default,rtt_uncertainty,xai_gate,18,5000,0.0,0.015728196604654927,0.8126722200000003,0.7364977402998975,0.8498145554470156,0.6202991569424431,16.9113033114337,0.8665577777777844,8.267195767195767e-05,0.1566082451499118,0.20927028218694885,4.755459999999614,0.07620445749366,0.0,0.0,7.2576,44.958,calibrated:/Users/let/Documents/DO_A_PAPER_May_18/Papers/Paper_xAI_in_Cyber_2/6_Analysis_Results/xai_surfacebench/data/unsw_nb15/unsw_nb15_score_stream.csv
unsw_nb15_xai_gate_tuning_envelope,rtt_strict,default,adversarial_explanation_flood,xai_gate,19,5000,0.0,0.01685833325439013,0.8688733800000012,0.6130380333188277,0.6690594568961191,0.668015466664102,4403.88827308724,1.0,0.0016725150034434132,0.14937854589577937,0.4309493162358582,6.592676499995541,0.8075951243006982,0.003,0.0,12.1972,44.985,calibrated:/Users/let/Documents/DO_A_PAPER_May_18/Papers/Paper_xAI_in_Cyber_2/6_Analysis_Results/xai_surfacebench/data/unsw_nb15/unsw_nb15_score_stream.csv
unsw_nb15_xai_gate_tuning_envelope,rtt_strict,default,transient_overload,xai_gate,19,5000,0.24884756763509197,1.0382818326672434,53.28217167999995,0.6914026468025438,0.7543515700177413,0.7241597987162447,3732.487124204008,0.9974316666669377,0.16409778904826056,0.15470718757429272,0.5149377922180839,4.877891999999348,0.20103742831989413,0.029,0.0,10.0952,56.036,calibrated:/Users/let/Documents/DO_A_PAPER_May_18/Papers/Paper_xAI_in_Cyber_2/6_Analysis_Results/xai_surfacebench/data/unsw_nb15/unsw_nb15_score_stream.csv
unsw_nb15_xai_gate_tuning_envelope,rtt_strict,default,non_markovian,xai_gate,19,5000,0.13502363972829262,1.1676892215109205,60.36499533999994,0.6838810333254733,0.7659605050864841,0.7110233645871525,633.2098914788551,0.946937222222325,0.16671358350836923,0.17686927524306534,0.4266906303458132,4.390347999999603,0.12374424057047362,0.0038,0.0,9.2362,54.7942,calibrated:/Users/let/Documents/DO_A_PAPER_May_18/Papers/Paper_xAI_in_Cyber_2/6_Analysis_Results/xai_surfacebench/data/unsw_nb15/unsw_nb15_score_stream.csv
unsw_nb15_xai_gate_tuning_envelope,rtt_strict,default,rtt_uncertainty,xai_gate,19,5000,0.0,0.0175986840226764,0.9092121200000017,0.7378083424210107,0.8498116385313637,0.6240239912758601,18.39952562463733,0.87408611111112,0.0,0.1645856052344602,0.2168484187568157,4.818963999999582,0.08575801035140751,0.0,0.0,7.336,45.0438,calibrated:/Users/let/Documents/DO_A_PAPER_May_18/Papers/Paper_xAI_in_Cyber_2/6_Analysis_Results/xai_surfacebench/data/unsw_nb15/unsw_nb15_score_stream.csv
unsw_nb15_xai_gate_tuning_envelope,rtt_strict,default,adversarial_explanation_flood,xai_gate,20,5000,0.0,0.01918235005040996,0.9892386399987697,0.6147786925733821,0.6723417007661292,0.6664228552612719,4287.265116667468,1.0,0.0015149020253581425,0.1502881607113453,0.43255392721816976,6.589319999995539,0.7938663535597448,0.0026,0.0,12.146,45.139,calibrated:/Users/let/Documents/DO_A_PAPER_May_18/Papers/Paper_xAI_in_Cyber_2/6_Analysis_Results/xai_surfacebench/data/unsw_nb15/unsw_nb15_score_stream.csv
unsw_nb15_xai_gate_tuning_envelope,rtt_strict,default,transient_overload,xai_gate,20,5000,0.24642608922347298,1.0366290427939482,53.21639975999999,0.6906032667012068,0.7534298018585317,0.7262774708898226,3694.3299335163297,0.9966527777780496,0.1693558001828081,0.15588363867583357,0.511763303262727,4.814199999999395,0.19816962840218433,0.0226,0.0,10.0652,56.0032,calibrated:/Users/let/Documents/DO_A_PAPER_May_18/Papers/Paper_xAI_in_Cyber_2/6_Analysis_Results/xai_surfacebench/data/unsw_nb15/unsw_nb15_score_stream.csv
unsw_nb15_xai_gate_tuning_envelope,rtt_strict,default,non_markovian,xai_gate,20,5000,0.13807969720426352,1.2441827704683701,64.31749263999998,0.681790447504381,0.7622594258061853,0.7129601979345733,704.6690633922968,0.94957111111123,0.1730421686746988,0.18024956970740103,0.4250645438898451,4.3499079999996,0.1260958417069764,0.004,0.0,9.296,55.0338,calibrated:/Users/let/Documents/DO_A_PAPER_May_18/Papers/Paper_xAI_in_Cyber_2/6_Analysis_Results/xai_surfacebench/data/unsw_nb15/unsw_nb15_score_stream.csv
unsw_nb15_xai_gate_tuning_envelope,rtt_strict,default,rtt_uncertainty,xai_gate,20,5000,0.0,0.015527251633835898,0.8024257799999999,0.7366984231275373,0.8493890927286907,0.6221911957949695,15.40521897754166,0.8686872222222276,0.0,0.15974047306176084,0.2173401226456417,4.7893919999996095,0.08264312166842536,0.0,0.0,7.3056,44.9862,calibrated:/Users/let/Documents/DO_A_PAPER_May_18/Papers/Paper_xAI_in_Cyber_2/6_Analysis_Results/xai_surfacebench/data/unsw_nb15/unsw_nb15_score_stream.csv
unsw_nb15_xai_gate_tuning_envelope,low_exposure_budget,default,adversarial_explanation_flood,xai_gate,1,5000,0.0,0.016845991633489845,0.8690726999999994,0.5138514638490547,0.5621258737215569,0.6823500914904275,6747.715847077285,1.0,0.00309913949424681,0.1268339322805051,0.36385834624664587,5.48296250000073,0.7977201771582094,0.003,0.0,12.1324,44.9918,calibrated:/Users/let/Documents/DO_A_PAPER_May_18/Papers/Paper_xAI_in_Cyber_2/6_Analysis_Results/xai_surfacebench/data/unsw_nb15/unsw_nb15_score_stream.csv
unsw_nb15_xai_gate_tuning_envelope,low_exposure_budget,default,transient_overload,xai_gate,1,5000,0.24694536026220404,1.0362806014471357,53.24911975999997,0.5738187525997056,0.6248055239726711,0.7323010457724171,5274.088547410098,1.0,0.21295727782289212,0.12868149497910436,0.49139911663942654,3.4609310000004982,0.20043415254065833,0.0094,0.0,10.0978,56.0786,calibrated:/Users/let/Documents/DO_A_PAPER_May_18/Papers/Paper_xAI_in_Cyber_2/6_Analysis_Results/xai_surfacebench/data/unsw_nb15/unsw_nb15_score_stream.csv
unsw_nb15_xai_gate_tuning_envelope,low_exposure_budget,default,non_markovian,xai_gate,1,5000,0.13880003343922429,1.2211923941593128,63.11900875999993,0.6610196857193098,0.7330520494534247,0.7094452598859977,1136.144338542182,0.9929146666666104,0.18187705059575202,0.14926178552926955,0.5438179934380936,4.0347799999995715,0.12258868058029115,0.0056,0.0,9.2656,55.0252,calibrated:/Users/let/Documents/DO_A_PAPER_May_18/Papers/Paper_xAI_in_Cyber_2/6_Analysis_Results/xai_surfacebench/data/unsw_nb15/unsw_nb15_score_stream.csv
unsw_nb15_xai_gate_tuning_envelope,low_exposure_budget,default,rtt_uncertainty,xai_gate,1,5000,0.0,0.017284246500621974,0.8934709200000011,0.7143386968559853,0.8190588768788767,0.6239800313987914,60.10620542291053,0.924252666666652,0.009922973602697295,0.164058002795976,0.318604204928593,4.525775999999461,0.07990580685075876,0.0,0.0,7.2962,45.0422,calibrated:/Users/let/Documents/DO_A_PAPER_May_18/Papers/Paper_xAI_in_Cyber_2/6_Analysis_Results/xai_surfacebench/data/unsw_nb15/unsw_nb15_score_stream.csv
unsw_nb15_xai_gate_tuning_envelope,low_exposure_budget,default,adversarial_explanation_flood,xai_gate,2,5000,0.0,0.01597577743257772,0.8243477400000014,0.5127927206042173,0.560813317270983,0.6820597832371039,6780.971146263927,1.0,0.0027921423496951774,0.11971516843722636,0.3644778363377365,5.467269000000695,0.7935360754786303,0.004,0.0,12.1054,44.9964,calibrated:/Users/let/Documents/DO_A_PAPER_May_18/Papers/Paper_xAI_in_Cyber_2/6_Analysis_Results/xai_surfacebench/data/unsw_nb15/unsw_nb15_score_stream.csv
unsw_nb15_xai_gate_tuning_envelope,low_exposure_budget,default,transient_overload,xai_gate,2,5000,0.24669293894696273,1.036871051948346,53.27168311999998,0.5725760593809524,0.6242338335159787,0.7307091360447804,5391.176991512649,1.0,0.21229238514290244,0.1288896816902525,0.4874563959251637,3.4545915000005123,0.2004325497235877,0.0094,0.0,10.0908,56.0398,calibrated:/Users/let/Documents/DO_A_PAPER_May_18/Papers/Paper_xAI_in_Cyber_2/6_Analysis_Results/xai_surfacebench/data/unsw_nb15/unsw_nb15_score_stream.csv
unsw_nb15_xai_gate_tuning_envelope,low_exposure_budget,default,non_markovian,xai_gate,2,5000,0.13398422284049805,1.317071078108804,68.09466283999991,0.6592742839890484,0.7314393645959009,0.7067947722566981,1158.1915574549666,0.9944159999999448,0.18357487922705315,0.14639406487232573,0.5350457211870255,4.005491999999573,0.1213122603626724,0.004,0.0,9.2736,55.1354,calibrated:/Users/let/Documents/DO_A_PAPER_May_18/Papers/Paper_xAI_in_Cyber_2/6_Analysis_Results/xai_surfacebench/data/unsw_nb15/unsw_nb15_score_stream.csv
unsw_nb15_xai_gate_tuning_envelope,low_exposure_budget,default,rtt_uncertainty,xai_gate,2,5000,0.0,0.017168613930945115,0.8873794400000019,0.7146359804975698,0.8198098804547852,0.6232853283320708,36.52136779487369,0.9224593333333234,0.009833898024956616,0.16108861526595597,0.3159243037765474,4.506347999999476,0.07260301899502619,0.0,0.0,7.2606,45.1276,calibrated:/Users/let/Documents/DO_A_PAPER_May_18/Papers/Paper_xAI_in_Cyber_2/6_Analysis_Results/xai_surfacebench/data/unsw_nb15/unsw_nb15_score_stream.csv
unsw_nb15_xai_gate_tuning_envelope,low_exposure_budget,default,adversarial_explanation_flood,xai_gate,3,5000,0.0,0.01670025844891154,0.8617525000000009,0.515022537769533,0.5639318758766286,0.6807586064557424,6738.183334139236,1.0,0.0017171633781887228,0.1261124411788987,0.363881779906127,5.498246000000758,0.7938249062214442,0.003,0.0,12.113,45.0174,calibrated:/Users/let/Documents/DO_A_PAPER_May_18/Papers/Paper_xAI_in_Cyber_2/6_Analysis_Results/xai_surfacebench/data/unsw_nb15/unsw_nb15_score_stream.csv
unsw_nb15_xai_gate_tuning_envelope,low_exposure_budget,default,transient_overload,xai_gate,3,5000,0.2478707645769497,1.0361249881202916,53.234942405000005,0.5748752038504115,0.6266569074258092,0.7314296865676704,5348.361970826951,1.0,0.21154687562149477,0.1283759595879241,0.48886778568887085,3.468367000000467,0.19859882981551213,0.008,0.0,10.0564,55.9342,calibrated:/Users/let/Documents/DO_A_PAPER_May_18/Papers/Paper_xAI_in_Cyber_2/6_Analysis_Results/xai_surfacebench/data/unsw_nb15/unsw_nb15_score_stream.csv
unsw_nb15_xai_gate_tuning_envelope,low_exposure_budget,default,non_markovian,xai_gate,3,5000,0.1365586574250466,1.2943136939524256,66.9153656199998,0.6610246275464583,0.7333394775442157,0.7100030404377915,1111.106513718276,0.991686666666615,0.18329496590366157,0.1492637796985623,0.5402423663293229,4.003195999999593,0.12457626290749846,0.0024,0.0,9.2092,54.5936,calibrated:/Users/let/Documents/DO_A_PAPER_May_18/Papers/Paper_xAI_in_Cyber_2/6_Analysis_Results/xai_surfacebench/data/unsw_nb15/unsw_nb15_score_stream.csv
unsw_nb15_xai_gate_tuning_envelope,low_exposure_budget,default,rtt_uncertainty,xai_gate,3,5000,0.0,0.0151638125426647,0.7837115400000001,0.7164801329088589,0.8213366454471978,0.6272121545113167,45.24289711304416,0.9215833333333241,0.010992662328672296,0.1632562647099543,0.3195901979786792,4.493583999999431,0.07490397593929288,0.0,0.0,7.223,44.7978,calibrated:/Users/let/Documents/DO_A_PAPER_May_18/Papers/Paper_xAI_in_Cyber_2/6_Analysis_Results/xai_surfacebench/data/unsw_nb15/unsw_nb15_score_stream.csv
unsw_nb15_xai_gate_tuning_envelope,low_exposure_budget,default,adversarial_explanation_flood,xai_gate,4,5000,0.0,0.016825517247482817,0.8685120400000004,0.5083942979437153,0.5560231020319459,0.6838373060777103,7084.833483078482,1.0,0.0022139132146019877,0.11948571615992654,0.360111433632041,5.467544500000776,0.805920818821525,0.0034,0.0,12.1956,45.0208,calibrated:/Users/let/Documents/DO_A_PAPER_May_18/Papers/Paper_xAI_in_Cyber_2/6_Analysis_Results/xai_surfacebench/data/unsw_nb15/unsw_nb15_score_stream.csv
unsw_nb15_xai_gate_tuning_envelope,low_exposure_budget,default,transient_overload,xai_gate,4,5000,0.24632259867483697,1.0381088394263345,53.34278757999999,0.575792340788461,0.6265139740501674,0.7314949391308528,5265.686813117474,1.0,0.212487112380046,0.1282813863113649,0.4947482948689104,3.477183500000516,0.19777714448560868,0.0076,0.0,10.0872,56.144,calibrated:/Users/let/Documents/DO_A_PAPER_May_18/Papers/Paper_xAI_in_Cyber_2/6_Analysis_Results/xai_surfacebench/data/unsw_nb15/unsw_nb15_score_stream.csv
unsw_nb15_xai_gate_tuning_envelope,low_exposure_budget,default,non_markovian,xai_gate,4,5000,0.13767580797594586,1.2746418706365812,65.88420396,0.660685578686316,0.7333125968774603,0.7102252184230096,1127.8318696140827,0.9933299999999404,0.18310861827203107,0.14596052205803042,0.5479883507712221,4.028279999999592,0.12765721945102415,0.0044,0.0,9.271,54.8098,calibrated:/Users/let/Documents/DO_A_PAPER_May_18/Papers/Paper_xAI_in_Cyber_2/6_Analysis_Results/xai_surfacebench/data/unsw_nb15/unsw_nb15_score_stream.csv
unsw_nb15_xai_gate_tuning_envelope,low_exposure_budget,default,rtt_uncertainty,xai_gate,4,5000,0.0,0.014881035748111456,0.7691840600000003,0.7145201889214382,0.8188462472524174,0.624468208025156,69.65294637564051,0.9247659999999823,0.009527969641540856,0.1613202653635098,0.3261350296213383,4.547307999999451,0.08741570665395848,0.0,0.0,7.3258,44.9126,calibrated:/Users/let/Documents/DO_A_PAPER_May_18/Papers/Paper_xAI_in_Cyber_2/6_Analysis_Results/xai_surfacebench/data/unsw_nb15/unsw_nb15_score_stream.csv
unsw_nb15_xai_gate_tuning_envelope,low_exposure_budget,default,adversarial_explanation_flood,xai_gate,5,5000,0.0,0.017109614776013003,0.8834896800000009,0.5158521515599305,0.5646003384725352,0.6816384048865466,6593.557364756199,1.0,0.0034550594303284785,0.1243160139524888,0.3684122431438489,5.48576550000076,0.7946070709138409,0.0028,0.0,12.0982,44.9428,calibrated:/Users/let/Documents/DO_A_PAPER_May_18/Papers/Paper_xAI_in_Cyber_2/6_Analysis_Results/xai_surfacebench/data/unsw_nb15/unsw_nb15_score_stream.csv
unsw_nb15_xai_gate_tuning_envelope,low_exposure_budget,default,transient_overload,xai_gate,5,5000,0.24796034582768423,1.0363872444655675,53.252684740000035,0.5754020028187657,0.6270340362842707,0.7314174804977347,5254.057182065995,1.0,0.21308481708648444,0.1284860755473511,0.4930700291789863,3.4660225000005127,0.19520154302206194,0.0098,0.0,10.0758,56.2014,calibrated:/Users/let/Documents/DO_A_PAPER_May_18/Papers/Paper_xAI_in_Cyber_2/6_Analysis_Results/xai_surfacebench/data/unsw_nb15/unsw_nb15_score_stream.csv
unsw_nb15_xai_gate_tuning_envelope,low_exposure_budget,default,non_markovian,xai_gate,5,5000,0.13849470716228485,1.311698402751082,67.80527078000001,0.6608992334615383,0.7334202077057803,0.7094239151439325,1146.784034404229,0.9935293333332744,0.1812208790500934,0.1474888884117407,0.5495888175552359,4.058443999999586,0.1259715926261744,0.0044,0.0,9.3146,55.15,calibrated:/Users/let/Documents/DO_A_PAPER_May_18/Papers/Paper_xAI_in_Cyber_2/6_Analysis_Results/xai_surfacebench/data/unsw_nb15/unsw_nb15_score_stream.csv
unsw_nb15_xai_gate_tuning_envelope,low_exposure_budget,default,rtt_uncertainty,xai_gate,5,5000,0.0,0.01696938883308664,0.8772425599999994,0.7145904647151519,0.8190544612473712,0.6257635850229223,59.44751309696767,0.9242446666666504,0.011172878385409535,0.16228058164690418,0.32330147602486514,4.525015999999458,0.07976806143238035,0.0,0.0,7.3034,45.0924,calibrated:/Users/let/Documents/DO_A_PAPER_May_18/Papers/Paper_xAI_in_Cyber_2/6_Analysis_Results/xai_surfacebench/data/unsw_nb15/unsw_nb15_score_stream.csv
unsw_nb15_xai_gate_tuning_envelope,low_exposure_budget,default,adversarial_explanation_flood,xai_gate,6,5000,0.0,0.01617736072579787,0.8351234750001398,0.5114574313982316,0.5585425478920946,0.6867621071952816,6875.9009577096585,1.0,0.0033910023210258606,0.12293206472534528,0.36301626364242623,5.4665685000006965,0.8020126513752588,0.0024,0.0,12.1498,44.949,calibrated:/Users/let/Documents/DO_A_PAPER_May_18/Papers/Paper_xAI_in_Cyber_2/6_Analysis_Results/xai_surfacebench/data/unsw_nb15/unsw_nb15_score_stream.csv
unsw_nb15_xai_gate_tuning_envelope,low_exposure_budget,default,transient_overload,xai_gate,6,5000,0.24851887309020243,1.0360123276168909,53.228281619999954,0.5739606814034025,0.626428870719972,0.7297719809112438,5306.86782542613,1.0,0.2126954520200016,0.1290181760457179,0.48976357250589475,3.459003500000411,0.1945845940875237,0.0092,0.0,10.0792,56.2494,calibrated:/Users/let/Documents/DO_A_PAPER_May_18/Papers/Paper_xAI_in_Cyber_2/6_Analysis_Results/xai_surfacebench/data/unsw_nb15/unsw_nb15_score_stream.csv
unsw_nb15_xai_gate_tuning_envelope,low_exposure_budget,default,non_markovian,xai_gate,6,5000,0.1399409701028287,1.230597731427207,63.60500902000001,0.6617963732939522,0.7348892544218097,0.711013562052341,1040.4500790048007,0.9872319999999437,0.18211898905022095,0.1467662233058319,0.5486862442040186,4.011411999999563,0.12067430258230227,0.0044,0.0,9.1874,54.654,calibrated:/Users/let/Documents/DO_A_PAPER_May_18/Papers/Paper_xAI_in_Cyber_2/6_Analysis_Results/xai_surfacebench/data/unsw_nb15/unsw_nb15_score_stream.csv
unsw_nb15_xai_gate_tuning_envelope,low_exposure_budget,default,rtt_uncertainty,xai_gate,6,5000,0.0,0.015608486828077014,0.8068906400000011,0.713924514777325,0.8195918811942139,0.6215233974758022,33.83677373957598,0.9218013333333228,0.009759594177326863,0.1622463608292898,0.30930194089104546,4.495047999999492,0.0762901342543787,0.0,0.0,7.2544,44.9346,calibrated:/Users/let/Documents/DO_A_PAPER_May_18/Papers/Paper_xAI_in_Cyber_2/6_Analysis_Results/xai_surfacebench/data/unsw_nb15/unsw_nb15_score_stream.csv
unsw_nb15_xai_gate_tuning_envelope,low_exposure_budget,default,adversarial_explanation_flood,xai_gate,7,5000,0.0,0.016696923214029654,0.8614403000000009,0.5152458583157716,0.5647241387283297,0.6805446542125753,6669.712913786241,1.0,0.00252712947822209,0.12744660819582776,0.3647737971361607,5.491998000000756,0.7990238684228179,0.0024,0.0,12.1086,44.871,calibrated:/Users/let/Documents/DO_A_PAPER_May_18/Papers/Paper_xAI_in_Cyber_2/6_Analysis_Results/xai_surfacebench/data/unsw_nb15/unsw_nb15_score_stream.csv
unsw_nb15_xai_gate_tuning_envelope,low_exposure_budget,default,transient_overload,xai_gate,7,5000,0.24624503206156992,1.0370190646195239,53.29254531999997,0.5788944143858727,0.6314663648219546,0.7298850254614012,5132.913004896135,1.0,0.21166852323360916,0.12842138765117758,0.49633991088494595,3.4963840000004907,0.19525341360019444,0.0082,0.0,10.0544,56.0796,calibrated:/Users/let/Documents/DO_A_PAPER_May_18/Papers/Paper_xAI_in_Cyber_2/6_Analysis_Results/xai_surfacebench/data/unsw_nb15/unsw_nb15_score_stream.csv
unsw_nb15_xai_gate_tuning_envelope,low_exposure_budget,default,non_markovian,xai_gate,7,5000,0.13726231032011377,1.1773692112888785,60.849645259999974,0.6616065051844492,0.7344654679951255,0.7058054037774457,1134.633361781431,0.9931099999999453,0.17519253108462762,0.1483887622079766,0.5443789528029944,4.100375999999538,0.12746221560902038,0.0038,0.0,9.2972,54.9742,calibrated:/Users/let/Documents/DO_A_PAPER_May_18/Papers/Paper_xAI_in_Cyber_2/6_Analysis_Results/xai_surfacebench/data/unsw_nb15/unsw_nb15_score_stream.csv
unsw_nb15_xai_gate_tuning_envelope,low_exposure_budget,default,rtt_uncertainty,xai_gate,7,5000,0.0,0.01791201364354272,0.9260595800000008,0.7163534855370506,0.8211901067769197,0.6253451107237337,44.79325407738726,0.921619999999987,0.009642025933724926,0.1636373711625845,0.3159148841848609,4.496759999999481,0.0683954235306301,0.0,0.0,7.2184,45.042,calibrated:/Users/let/Documents/DO_A_PAPER_May_18/Papers/Paper_xAI_in_Cyber_2/6_Analysis_Results/xai_surfacebench/data/unsw_nb15/unsw_nb15_score_stream.csv
unsw_nb15_xai_gate_tuning_envelope,low_exposure_budget,default,adversarial_explanation_flood,xai_gate,8,5000,0.0,0.01571136883485036,0.8107219000000006,0.5132476600926392,0.5609996785513764,0.681831666474629,6786.241211794208,1.0,0.003470794334874081,0.12489924826871515,0.36311335186640603,5.480673000000723,0.8059132645937868,0.0022,0.0,12.1586,44.8844,calibrated:/Users/let/Documents/DO_A_PAPER_May_18/Papers/Paper_xAI_in_Cyber_2/6_Analysis_Results/xai_surfacebench/data/unsw_nb15/unsw_nb15_score_stream.csv
unsw_nb15_xai_gate_tuning_envelope,low_exposure_budget,default,transient_overload,xai_gate,8,5000,0.24813581754095615,1.0357669634410083,53.21236577999998,0.5697383869573286,0.6205109583735609,0.729868160989529,5507.275005201628,1.0,0.21064741976085588,0.12732064191315293,0.4873323434551585,3.4669405000005034,0.2093536541279013,0.009,0.0,10.1696,56.0608,calibrated:/Users/let/Documents/DO_A_PAPER_May_18/Papers/Paper_xAI_in_Cyber_2/6_Analysis_Results/xai_surfacebench/data/unsw_nb15/unsw_nb15_score_stream.csv
unsw_nb15_xai_gate_tuning_envelope,low_exposure_budget,default,non_markovian,xai_gate,8,5000,0.13736492305566475,1.2219041137854543,63.151633739999845,0.6620471982759543,0.7351575017015504,0.7067614224137623,1153.9105162794142,0.9929919999999428,0.1753448275862069,0.14530172413793102,0.5487068965517241,4.099983999999588,0.1248321236539569,0.004,0.0,9.28,55.0008,calibrated:/Users/let/Documents/DO_A_PAPER_May_18/Papers/Paper_xAI_in_Cyber_2/6_Analysis_Results/xai_surfacebench/data/unsw_nb15/unsw_nb15_score_stream.csv
unsw_nb15_xai_gate_tuning_envelope,low_exposure_budget,default,rtt_uncertainty,xai_gate,8,5000,0.0,0.016902733824054026,0.8738197800000002,0.7140360834636607,0.8196518530184462,0.6219294981007252,70.94463139859786,0.9227153333333215,0.008774094486029997,0.16289654794220065,0.3166351347646075,4.526139999999463,0.07999342604972215,0.0,0.0,7.2942,45.0262,calibrated:/Users/let/Documents/DO_A_PAPER_May_18/Papers/Paper_xAI_in_Cyber_2/6_Analysis_Results/xai_surfacebench/data/unsw_nb15/unsw_nb15_score_stream.csv
unsw_nb15_xai_gate_tuning_envelope,low_exposure_budget,default,adversarial_explanation_flood,xai_gate,9,5000,0.0,0.015425336878439118,0.796343300000001,0.5074012271043151,0.5553526250276399,0.6827206050553489,7071.1826310028355,1.0,0.0024999591509942648,0.12148494305648601,0.35927721769274723,5.472159500000688,0.8118490624130366,0.002,0.0,12.2402,45.0376,calibrated:/Users/let/Documents/DO_A_PAPER_May_18/Papers/Paper_xAI_in_Cyber_2/6_Analysis_Results/xai_surfacebench/data/unsw_nb15/unsw_nb15_score_stream.csv
unsw_nb15_xai_gate_tuning_envelope,low_exposure_budget,default,transient_overload,xai_gate,9,5000,0.24678298291674672,1.0354943661296272,53.198265380000024,0.5709649494075748,0.622998202253346,0.7285090210243651,5454.627038225308,1.0,0.20904366313634395,0.12713098940903186,0.4868375723455136,3.4849865000004567,0.20476898593827308,0.0074,0.0,10.1596,56.2188,calibrated:/Users/let/Documents/DO_A_PAPER_May_18/Papers/Paper_xAI_in_Cyber_2/6_Analysis_Results/xai_surfacebench/data/unsw_nb15/unsw_nb15_score_stream.csv
unsw_nb15_xai_gate_tuning_envelope,low_exposure_budget,default,non_markovian,xai_gate,9,5000,0.1354879487846235,1.1887275653769345,61.43865833999999,0.662084732179688,0.7357190396517591,0.7078944746474595,1114.3597310489424,0.9918839999999434,0.17784660703069158,0.14730663432173102,0.5440663648768654,4.061975999999572,0.12727055201317428,0.0054,0.0,9.2338,54.6086,calibrated:/Users/let/Documents/DO_A_PAPER_May_18/Papers/Paper_xAI_in_Cyber_2/6_Analysis_Results/xai_surfacebench/data/unsw_nb15/unsw_nb15_score_stream.csv
unsw_nb15_xai_gate_tuning_envelope,low_exposure_budget,default,rtt_uncertainty,xai_gate,9,5000,0.0,0.016414616377156983,0.8486027200000015,0.7159996088184355,0.8221435311700583,0.6236504574661825,27.10053703845005,0.9189286666666597,0.01022660594037274,0.16600072648020342,0.301712816787281,4.4512039999995245,0.06478279043959612,0.0,0.0,7.1578,44.8154,calibrated:/Users/let/Documents/DO_A_PAPER_May_18/Papers/Paper_xAI_in_Cyber_2/6_Analysis_Results/xai_surfacebench/data/unsw_nb15/unsw_nb15_score_stream.csv
unsw_nb15_xai_gate_tuning_envelope,low_exposure_budget,default,adversarial_explanation_flood,xai_gate,10,5000,0.0,0.01587208858212651,0.818887320000001,0.5122711545417603,0.5612630913759478,0.6809579333638857,6808.451346758774,1.0,0.002958677142575364,0.12694368651171964,0.3615606200074642,5.4822375000007035,0.8042031248378183,0.0034,0.0,12.1676,44.9602,calibrated:/Users/let/Documents/DO_A_PAPER_May_18/Papers/Paper_xAI_in_Cyber_2/6_Analysis_Results/xai_surfacebench/data/unsw_nb15/unsw_nb15_score_stream.csv
unsw_nb15_xai_gate_tuning_envelope,low_exposure_budget,default,transient_overload,xai_gate,10,5000,0.24704339810538245,1.0373847493507926,53.30309219999999,0.575263771018533,0.6269316235477955,0.7327198752775103,5312.818044749997,1.0,0.2125039657360406,0.12845019035532995,0.4932706416562553,3.472489500000512,0.20006757994778535,0.0096,0.0,10.0864,56.0324,calibrated:/Users/let/Documents/DO_A_PAPER_May_18/Papers/Paper_xAI_in_Cyber_2/6_Analysis_Results/xai_surfacebench/data/unsw_nb15/unsw_nb15_score_stream.csv
unsw_nb15_xai_gate_tuning_envelope,low_exposure_budget,default,non_markovian,xai_gate,10,5000,0.1356449146178209,1.2428640198694716,64.24435009999986,0.660184175062655,0.7320666711310877,0.7083208196966491,1203.7376711009347,0.9961546666666112,0.18135147275877558,0.14526513936126975,0.5488031829557851,4.065131999999578,0.13066538965255492,0.0052,0.0,9.3498,55.1286,calibrated:/Users/let/Documents/DO_A_PAPER_May_18/Papers/Paper_xAI_in_Cyber_2/6_Analysis_Results/xai_surfacebench/data/unsw_nb15/unsw_nb15_score_stream.csv
unsw_nb15_xai_gate_tuning_envelope,low_exposure_budget,default,rtt_uncertainty,xai_gate,10,5000,0.0,0.016743988073683342,0.8654874200000013,0.7140851261331066,0.8190443677848611,0.6236701252857633,66.06385756894416,0.9235519999999855,0.009064103964180408,0.16329037894506934,0.3244239379709512,4.5457839999994665,0.08397811801298571,0.0,0.0,7.3256,45.0538,calibrated:/Users/let/Documents/DO_A_PAPER_May_18/Papers/Paper_xAI_in_Cyber_2/6_Analysis_Results/xai_surfacebench/data/unsw_nb15/unsw_nb15_score_stream.csv
unsw_nb15_xai_gate_tuning_envelope,low_exposure_budget,default,adversarial_explanation_flood,xai_gate,11,5000,0.0,0.018699126900903574,0.9655104200000003,0.5096054851976837,0.5576841551244266,0.6833991677178199,6972.996675270488,1.0,0.0033913855530252144,0.12464570670249193,0.3605763717091823,5.470382000000653,0.8094285227264306,0.0036,0.0,12.2074,44.977,calibrated:/Users/let/Documents/DO_A_PAPER_May_18/Papers/Paper_xAI_in_Cyber_2/6_Analysis_Results/xai_surfacebench/data/unsw_nb15/unsw_nb15_score_stream.csv
unsw_nb15_xai_gate_tuning_envelope,low_exposure_budget,default,transient_overload,xai_gate,11,5000,0.247220288726787,1.0374085851625316,53.29614136000001,0.5689079164053845,0.6205072972127529,0.7280772133782089,5526.963508279016,1.0,0.20830065872020076,0.127646643663739,0.48562480395246194,3.4871050000004185,0.20884642000587594,0.0094,0.0,10.2016,56.2608,calibrated:/Users/let/Documents/DO_A_PAPER_May_18/Papers/Paper_xAI_in_Cyber_2/6_Analysis_Results/xai_surfacebench/data/unsw_nb15/unsw_nb15_score_stream.csv
unsw_nb15_xai_gate_tuning_envelope,low_exposure_budget,default,non_markovian,xai_gate,11,5000,0.13643969491734928,1.3285224016225197,68.67462977999988,0.6600970561079722,0.7325795371280849,0.7078840909578631,1148.7452721670325,0.9928959999999452,0.18056301131605507,0.1496210087822894,0.5447381417620407,4.054411999999591,0.12869432235564204,0.0036,0.0,9.3142,55.0146,calibrated:/Users/let/Documents/DO_A_PAPER_May_18/Papers/Paper_xAI_in_Cyber_2/6_Analysis_Results/xai_surfacebench/data/unsw_nb15/unsw_nb15_score_stream.csv
unsw_nb15_xai_gate_tuning_envelope,low_exposure_budget,default,rtt_uncertainty,xai_gate,11,5000,0.0,0.01595983168086898,0.8249597000000013,0.7132372821061025,0.8190579037397916,0.6221996222242903,63.34464580957238,0.9233779999999848,0.01001559806255644,0.16178201023451824,0.3168322250499412,4.521799999999486,0.08479497009934356,0.0,0.0,7.3086,44.9154,calibrated:/Users/let/Documents/DO_A_PAPER_May_18/Papers/Paper_xAI_in_Cyber_2/6_Analysis_Results/xai_surfacebench/data/unsw_nb15/unsw_nb15_score_stream.csv
unsw_nb15_xai_gate_tuning_envelope,low_exposure_budget,default,adversarial_explanation_flood,xai_gate,12,5000,0.0,0.017028567883438702,0.8787918800000005,0.5114264108762242,0.5592673057853738,0.6825422892931586,6835.732673081518,1.0,0.00272887179234272,0.12339103417665336,0.3627591195281069,5.478380000000727,0.7974550015734518,0.002,0.0,12.1662,45.1238,calibrated:/Users/let/Documents/DO_A_PAPER_May_18/Papers/Paper_xAI_in_Cyber_2/6_Analysis_Results/xai_surfacebench/data/unsw_nb15/unsw_nb15_score_stream.csv
unsw_nb15_xai_gate_tuning_envelope,low_exposure_budget,default,transient_overload,xai_gate,12,5000,0.24866708582296151,1.037545640293214,53.304501439999974,0.5703424348305233,0.6218105676789774,0.7285252924780826,5464.682431447961,1.0,0.20995603015075376,0.12710034547738694,0.48904188913331836,3.4813890000004952,0.20505069141865206,0.0102,0.0,10.1888,56.3672,calibrated:/Users/let/Documents/DO_A_PAPER_May_18/Papers/Paper_xAI_in_Cyber_2/6_Analysis_Results/xai_surfacebench/data/unsw_nb15/unsw_nb15_score_stream.csv
unsw_nb15_xai_gate_tuning_envelope,low_exposure_budget,default,non_markovian,xai_gate,12,5000,0.1358164811088266,1.1865168274078879,61.31727055999994,0.6621406609474352,0.7358640900479627,0.7044397858478713,1141.8696292008215,0.9931673333332771,0.17185921004536756,0.14605775226300285,0.5469479025564944,4.1330679999995645,0.13033524359478976,0.0032,0.0,9.3018,54.8616,calibrated:/Users/let/Documents/DO_A_PAPER_May_18/Papers/Paper_xAI_in_Cyber_2/6_Analysis_Results/xai_surfacebench/data/unsw_nb15/unsw_nb15_score_stream.csv
unsw_nb15_xai_gate_tuning_envelope,low_exposure_budget,default,rtt_uncertainty,xai_gate,12,5000,0.0,0.015110093339644186,0.7811242599999991,0.7139504953212928,0.8194188225109171,0.6226955483790778,59.995460183981024,0.922371999999989,0.009604566285228176,0.16322274361296343,0.31645673828928955,4.517511999999477,0.0801221773171672,0.0,0.0,7.2882,44.9838,calibrated:/Users/let/Documents/DO_A_PAPER_May_18/Papers/Paper_xAI_in_Cyber_2/6_Analysis_Results/xai_surfacebench/data/unsw_nb15/unsw_nb15_score_stream.csv
unsw_nb15_xai_gate_tuning_envelope,low_exposure_budget,default,adversarial_explanation_flood,xai_gate,13,5000,0.0,0.017789519176892303,0.917648740000001,0.506640414702373,0.5546013769928062,0.6841971262866411,7121.90594074744,1.0,0.0030180922394244416,0.12276294109010229,0.3585717898104973,5.467642500000701,0.8141594229921199,0.0024,0.0,12.2594,45.0508,calibrated:/Users/let/Documents/DO_A_PAPER_May_18/Papers/Paper_xAI_in_Cyber_2/6_Analysis_Results/xai_surfacebench/data/unsw_nb15/unsw_nb15_score_stream.csv
unsw_nb15_xai_gate_tuning_envelope,low_exposure_budget,default,transient_overload,xai_gate,13,5000,0.2502854599079659,1.0377515960248092,53.315494640000004,0.5685375995282919,0.6197102594737288,0.7304515383858308,5470.471082050001,1.0,0.21165831121596382,0.12765162685540155,0.48574166912431455,3.450599000000521,0.2049819661354222,0.0104,0.0,10.173,56.283,calibrated:/Users/let/Documents/DO_A_PAPER_May_18/Papers/Paper_xAI_in_Cyber_2/6_Analysis_Results/xai_surfacebench/data/unsw_nb15/unsw_nb15_score_stream.csv
unsw_nb15_xai_gate_tuning_envelope,low_exposure_budget,default,non_markovian,xai_gate,13,5000,0.14025863635040328,1.311826108427151,67.80280625999993,0.659830323752628,0.7320943772295544,0.7066782775937276,1229.6659988487256,0.9960939999999455,0.17890800299177262,0.144566727214446,0.5490330163479005,4.08565199999957,0.135282929148832,0.0064,0.0,9.359,54.9584,calibrated:/Users/let/Documents/DO_A_PAPER_May_18/Papers/Paper_xAI_in_Cyber_2/6_Analysis_Results/xai_surfacebench/data/unsw_nb15/unsw_nb15_score_stream.csv
unsw_nb15_xai_gate_tuning_envelope,low_exposure_budget,default,rtt_uncertainty,xai_gate,13,5000,0.0,0.017215725041927452,0.8900608000000005,0.7131734518584057,0.817872203352323,0.6233649997512252,49.31009141262991,0.9238479999999863,0.010470918659504268,0.15796362446486517,0.3257164671556731,4.536223999999478,0.08503049641927629,0.0,0.0,7.3346,45.0654,calibrated:/Users/let/Documents/DO_A_PAPER_May_18/Papers/Paper_xAI_in_Cyber_2/6_Analysis_Results/xai_surfacebench/data/unsw_nb15/unsw_nb15_score_stream.csv
unsw_nb15_xai_gate_tuning_envelope,low_exposure_budget,default,adversarial_explanation_flood,xai_gate,14,5000,0.0,0.020314990405629358,1.0486337200000009,0.5106189278494772,0.559098520143653,0.6811965116468927,6887.35758310703,1.0,0.0018576054971971528,0.11970870115566076,0.36209334056672277,5.479030000000751,0.7969213863509497,0.0028,0.0,12.1662,45.1372,calibrated:/Users/let/Documents/DO_A_PAPER_May_18/Papers/Paper_xAI_in_Cyber_2/6_Analysis_Results/xai_surfacebench/data/unsw_nb15/unsw_nb15_score_stream.csv
unsw_nb15_xai_gate_tuning_envelope,low_exposure_budget,default,transient_overload,xai_gate,14,5000,0.2470332709494125,1.0375147897523154,53.30488854000003,0.5722483888187178,0.6240735598505086,0.7296571791476177,5406.005284474398,1.0,0.21216194844219516,0.128004902736043,0.48905039142826345,3.4598875000004243,0.2021441056700446,0.0088,0.0,10.1168,56.1042,calibrated:/Users/let/Documents/DO_A_PAPER_May_18/Papers/Paper_xAI_in_Cyber_2/6_Analysis_Results/xai_surfacebench/data/unsw_nb15/unsw_nb15_score_stream.csv
unsw_nb15_xai_gate_tuning_envelope,low_exposure_budget,default,non_markovian,xai_gate,14,5000,0.13684130418191529,1.2970425641225374,67.04436098000004,0.6613472311311588,0.7329788496432151,0.7085742997647763,1230.8493292917951,0.9968839999999428,0.1782980543083173,0.14624759461193074,0.5528543938422066,4.103411999999573,0.1331547712066763,0.004,0.0,9.354,55.0322,calibrated:/Users/let/Documents/DO_A_PAPER_May_18/Papers/Paper_xAI_in_Cyber_2/6_Analysis_Results/xai_surfacebench/data/unsw_nb15/unsw_nb15_score_stream.csv
unsw_nb15_xai_gate_tuning_envelope,low_exposure_budget,default,rtt_uncertainty,xai_gate,14,5000,0.0,0.01742996061592054,0.9011604200000009,0.7140073681028062,0.8197681072907151,0.622135111459997,45.90561547268024,0.9215259999999879,0.009320100074230885,0.16248316058614906,0.3148764193220246,4.510867999999449,0.07527167807773871,0.0,0.0,7.2746,45.1024,calibrated:/Users/let/Documents/DO_A_PAPER_May_18/Papers/Paper_xAI_in_Cyber_2/6_Analysis_Results/xai_surfacebench/data/unsw_nb15/unsw_nb15_score_stream.csv
unsw_nb15_xai_gate_tuning_envelope,low_exposure_budget,default,adversarial_explanation_flood,xai_gate,15,5000,0.0,0.015912078074452954,0.8216256399999998,0.5143975764190408,0.5627407396195097,0.6827866636907944,6727.242451699677,1.0,0.0030418753823009143,0.12389029410306006,0.36464067847069526,5.475261000000683,0.7910169348499014,0.0022,0.0,12.0978,45.0314,calibrated:/Users/let/Documents/DO_A_PAPER_May_18/Papers/Paper_xAI_in_Cyber_2/6_Analysis_Results/xai_surfacebench/data/unsw_nb15/unsw_nb15_score_stream.csv
unsw_nb15_xai_gate_tuning_envelope,low_exposure_budget,default,transient_overload,xai_gate,15,5000,0.24669914310653196,1.0367931851232828,53.27449786000002,0.5715442119175203,0.6232137836030879,0.7288186157517015,5360.321040510747,1.0,0.2109509063295134,0.12749758377877277,0.4882837925798916,3.4696580000004884,0.1992723797628828,0.0092,0.0,10.1398,56.3664,calibrated:/Users/let/Documents/DO_A_PAPER_May_18/Papers/Paper_xAI_in_Cyber_2/6_Analysis_Results/xai_surfacebench/data/unsw_nb15/unsw_nb15_score_stream.csv
unsw_nb15_xai_gate_tuning_envelope,low_exposure_budget,default,non_markovian,xai_gate,15,5000,0.1391288384223735,1.1992600343152342,61.97911379999991,0.6612178540400521,0.7345513170313998,0.7080884013900588,1079.1782207611413,0.9900353333332731,0.17969157254561252,0.147871416159861,0.541637706342311,4.030875999999582,0.125898101819927,0.0044,0.0,9.208,54.5224,calibrated:/Users/let/Documents/DO_A_PAPER_May_18/Papers/Paper_xAI_in_Cyber_2/6_Analysis_Results/xai_surfacebench/data/unsw_nb15/unsw_nb15_score_stream.csv
unsw_nb15_xai_gate_tuning_envelope,low_exposure_budget,default,rtt_uncertainty,xai_gate,15,5000,0.0,0.016464211385733573,0.8511300200000013,0.7147212304312948,0.8194276334284685,0.6238836975354999,55.70795495777434,0.922534666666656,0.009612743751716562,0.1616588849217248,0.3204064817357869,4.521039999999454,0.08026957784631072,0.0,0.0,7.282,44.9394,calibrated:/Users/let/Documents/DO_A_PAPER_May_18/Papers/Paper_xAI_in_Cyber_2/6_Analysis_Results/xai_surfacebench/data/unsw_nb15/unsw_nb15_score_stream.csv
unsw_nb15_xai_gate_tuning_envelope,low_exposure_budget,default,adversarial_explanation_flood,xai_gate,16,5000,0.0,0.017565265344082828,0.9064481600000006,0.5149655802193593,0.5646323425353336,0.680808947490072,6660.343684279471,1.0,0.0021155975736740326,0.1261920896484472,0.3655707155019542,5.4925675000007415,0.7923469100582712,0.002,0.0,12.1006,45.0084,calibrated:/Users/let/Documents/DO_A_PAPER_May_18/Papers/Paper_xAI_in_Cyber_2/6_Analysis_Results/xai_surfacebench/data/unsw_nb15/unsw_nb15_score_stream.csv
unsw_nb15_xai_gate_tuning_envelope,low_exposure_budget,default,transient_overload,xai_gate,16,5000,0.24677804081457733,1.0357491477081282,53.22128731999998,0.5768049668677762,0.6279107048814593,0.7318022804609352,5214.708932160801,1.0,0.2129624102043659,0.12866893518794897,0.49334368097442893,3.470312000000502,0.19713704792907683,0.0106,0.0,10.0506,55.9702,calibrated:/Users/let/Documents/DO_A_PAPER_May_18/Papers/Paper_xAI_in_Cyber_2/6_Analysis_Results/xai_surfacebench/data/unsw_nb15/unsw_nb15_score_stream.csv
unsw_nb15_xai_gate_tuning_envelope,low_exposure_budget,default,non_markovian,xai_gate,16,5000,0.13688820136873725,1.3174644063303742,68.10019103999994,0.6604929954016548,0.7315610643238429,0.7100791359212608,1232.3891848089268,0.997852666666611,0.1829750828788365,0.14569564752432895,0.5506790717570313,4.059027999999576,0.1334627888202824,0.0044,0.0,9.351,54.9996,calibrated:/Users/let/Documents/DO_A_PAPER_May_18/Papers/Paper_xAI_in_Cyber_2/6_Analysis_Results/xai_surfacebench/data/unsw_nb15/unsw_nb15_score_stream.csv
unsw_nb15_xai_gate_tuning_envelope,low_exposure_budget,default,rtt_uncertainty,xai_gate,16,5000,0.0,0.015705275515421776,0.8118353399999997,0.7158006377375082,0.821375636165802,0.6242515636509953,34.72962242891841,0.9210699999999883,0.009815610702897546,0.1635935117149591,0.31193678081242204,4.486887999999484,0.06987644432578377,0.0,0.0,7.213,44.946,calibrated:/Users/let/Documents/DO_A_PAPER_May_18/Papers/Paper_xAI_in_Cyber_2/6_Analysis_Results/xai_surfacebench/data/unsw_nb15/unsw_nb15_score_stream.csv
unsw_nb15_xai_gate_tuning_envelope,low_exposure_budget,default,adversarial_explanation_flood,xai_gate,17,5000,0.0,0.01720306969400726,0.8878991599999994,0.5088857925022003,0.55619546941781,0.6840710292935112,7002.402902184372,1.0,0.0024916807370129338,0.11871547300952412,0.361892038096725,5.471182000000753,0.8049132648683497,0.0018,0.0,12.2006,45.0644,calibrated:/Users/let/Documents/DO_A_PAPER_May_18/Papers/Paper_xAI_in_Cyber_2/6_Analysis_Results/xai_surfacebench/data/unsw_nb15/unsw_nb15_score_stream.csv
unsw_nb15_xai_gate_tuning_envelope,low_exposure_budget,default,transient_overload,xai_gate,17,5000,0.24846922633121457,1.0365515196494912,53.255732940000016,0.5708421830362754,0.6229957874973265,0.7285596985519299,5402.173412146926,1.0,0.2095754112895281,0.12853906019111416,0.4867352970152235,3.4789750000004673,0.1976563642970781,0.0084,0.0,10.151,56.5048,calibrated:/Users/let/Documents/DO_A_PAPER_May_18/Papers/Paper_xAI_in_Cyber_2/6_Analysis_Results/xai_surfacebench/data/unsw_nb15/unsw_nb15_score_stream.csv
unsw_nb15_xai_gate_tuning_envelope,low_exposure_budget,default,non_markovian,xai_gate,17,5000,0.1373695818669196,1.2036523479794106,62.20454164000001,0.6616940218556735,0.7336802247878615,0.7080184272551635,1205.725424234921,0.9948773333332763,0.17760874223269765,0.1472037711592029,0.5505035354617527,4.099863999999578,0.13471556130977413,0.0042,0.0,9.334,54.839,calibrated:/Users/let/Documents/DO_A_PAPER_May_18/Papers/Paper_xAI_in_Cyber_2/6_Analysis_Results/xai_surfacebench/data/unsw_nb15/unsw_nb15_score_stream.csv
unsw_nb15_xai_gate_tuning_envelope,low_exposure_budget,default,rtt_uncertainty,xai_gate,17,5000,0.0,0.017944851774182136,0.9276177200000004,0.7146867430082386,0.8190952884176208,0.6250780083294368,49.48962753932878,0.9230459999999872,0.011065844527637085,0.1654371283858181,0.31526646113190926,4.503051999999468,0.0726571058218386,0.0,0.0,7.2656,45.1564,calibrated:/Users/let/Documents/DO_A_PAPER_May_18/Papers/Paper_xAI_in_Cyber_2/6_Analysis_Results/xai_surfacebench/data/unsw_nb15/unsw_nb15_score_stream.csv
unsw_nb15_xai_gate_tuning_envelope,low_exposure_budget,default,adversarial_explanation_flood,xai_gate,18,5000,0.0,0.017194641348131923,0.887295340000001,0.5135583502334929,0.5615480847037343,0.682299240737863,6688.721559900258,1.0,0.0021434106609948722,0.12255362648596066,0.36455087302788436,5.488550500000675,0.7980975759435447,0.0012,0.0,12.1302,44.9742,calibrated:/Users/let/Documents/DO_A_PAPER_May_18/Papers/Paper_xAI_in_Cyber_2/6_Analysis_Results/xai_surfacebench/data/unsw_nb15/unsw_nb15_score_stream.csv
unsw_nb15_xai_gate_tuning_envelope,low_exposure_budget,default,transient_overload,xai_gate,18,5000,0.24821680464664958,1.0357631139350458,53.211932022500065,0.5709062930865908,0.6233046784613344,0.7283484094937074,5458.085213149961,1.0,0.20988772897380342,0.12763442978136694,0.4878003742369092,3.4777975000004977,0.20313331271631552,0.0092,0.0,10.154,56.2642,calibrated:/Users/let/Documents/DO_A_PAPER_May_18/Papers/Paper_xAI_in_Cyber_2/6_Analysis_Results/xai_surfacebench/data/unsw_nb15/unsw_nb15_score_stream.csv
unsw_nb15_xai_gate_tuning_envelope,low_exposure_budget,default,non_markovian,xai_gate,18,5000,0.13728202099642056,1.2455994722986496,64.38822406000007,0.6611647354731438,0.7338519031577325,0.7063159705053751,1138.225651775603,0.9934186666666075,0.17692456521271793,0.14809639486639292,0.5441881462691059,4.085859999999581,0.12807865048647016,0.0036,0.0,9.3034,54.9808,calibrated:/Users/let/Documents/DO_A_PAPER_May_18/Papers/Paper_xAI_in_Cyber_2/6_Analysis_Results/xai_surfacebench/data/unsw_nb15/unsw_nb15_score_stream.csv
unsw_nb15_xai_gate_tuning_envelope,low_exposure_budget,default,rtt_uncertainty,xai_gate,18,5000,0.0,0.016919811119889962,0.874808600000001,0.7158970551844521,0.8203191994741482,0.6260349088719962,50.735242210768305,0.9237426666666553,0.009623580521873024,0.16371085264923424,0.3233798014792818,4.527843999999464,0.07630365204575762,0.0,0.0,7.2738,45.0542,calibrated:/Users/let/Documents/DO_A_PAPER_May_18/Papers/Paper_xAI_in_Cyber_2/6_Analysis_Results/xai_surfacebench/data/unsw_nb15/unsw_nb15_score_stream.csv
unsw_nb15_xai_gate_tuning_envelope,low_exposure_budget,default,adversarial_explanation_flood,xai_gate,19,5000,0.0,0.016278587413802042,0.8403675300002881,0.5152407174845334,0.5633488363913942,0.6835177512105076,6697.029652112756,1.0,0.0024786423649553017,0.12751788753573376,0.3633627740967695,5.488761500000698,0.7943004712792407,0.0018,0.0,12.1034,44.9698,calibrated:/Users/let/Documents/DO_A_PAPER_May_18/Papers/Paper_xAI_in_Cyber_2/6_Analysis_Results/xai_surfacebench/data/unsw_nb15/unsw_nb15_score_stream.csv
unsw_nb15_xai_gate_tuning_envelope,low_exposure_budget,default,transient_overload,xai_gate,19,5000,0.24719222050710404,1.0356475622822097,53.21575345999998,0.5745316865823736,0.6261502075287204,0.7304343528921293,5305.9148546765,1.0,0.2119969086261221,0.12872797891524485,0.49199661137878864,3.4729415000004824,0.20208386930795208,0.0072,0.0,10.0926,55.9728,calibrated:/Users/let/Documents/DO_A_PAPER_May_18/Papers/Paper_xAI_in_Cyber_2/6_Analysis_Results/xai_surfacebench/data/unsw_nb15/unsw_nb15_score_stream.csv
unsw_nb15_xai_gate_tuning_envelope,low_exposure_budget,default,non_markovian,xai_gate,19,5000,0.13652864631817976,1.2684752941708284,65.56609644000012,0.6607306965559613,0.7325806169148856,0.7093317873400016,1148.0532015496603,0.9950006666666095,0.18176157347762603,0.1455380915571588,0.5492141200721463,4.054239999999572,0.13344066119805587,0.0046,0.0,9.3144,54.7854,calibrated:/Users/let/Documents/DO_A_PAPER_May_18/Papers/Paper_xAI_in_Cyber_2/6_Analysis_Results/xai_surfacebench/data/unsw_nb15/unsw_nb15_score_stream.csv
unsw_nb15_xai_gate_tuning_envelope,low_exposure_budget,default,rtt_uncertainty,xai_gate,19,5000,0.0,0.014884831668321132,0.7694472599999997,0.7150305549439371,0.8200745693368944,0.6246995937599282,52.63805175366221,0.9227819999999877,0.010074873375908391,0.16254679585994275,0.3190651838802026,4.512351999999472,0.07851825462210482,0.0,0.0,7.2656,44.911,calibrated:/Users/let/Documents/DO_A_PAPER_May_18/Papers/Paper_xAI_in_Cyber_2/6_Analysis_Results/xai_surfacebench/data/unsw_nb15/unsw_nb15_score_stream.csv
unsw_nb15_xai_gate_tuning_envelope,low_exposure_budget,default,adversarial_explanation_flood,xai_gate,20,5000,0.0,0.016284300920565237,0.8402755400000006,0.5116982805342636,0.5610640044360508,0.6817281700085717,6757.328687202244,1.0,0.0028247195808904437,0.1274244141170288,0.3621717495198743,5.484800000000745,0.8035124820621682,0.0014,0.0,12.1782,45.0166,calibrated:/Users/let/Documents/DO_A_PAPER_May_18/Papers/Paper_xAI_in_Cyber_2/6_Analysis_Results/xai_surfacebench/data/unsw_nb15/unsw_nb15_score_stream.csv
unsw_nb15_xai_gate_tuning_envelope,low_exposure_budget,default,transient_overload,xai_gate,20,5000,0.24959723476978324,1.0379421741791142,53.31910914000002,0.567983790499415,0.6203469008714612,0.7260582886601108,5561.636175579841,1.0,0.20850289560181562,0.1272695257473783,0.48470760291140336,3.4826465000004827,0.20815871147387166,0.01,0.0,10.2224,56.4076,calibrated:/Users/let/Documents/DO_A_PAPER_May_18/Papers/Paper_xAI_in_Cyber_2/6_Analysis_Results/xai_surfacebench/data/unsw_nb15/unsw_nb15_score_stream.csv
unsw_nb15_xai_gate_tuning_envelope,low_exposure_budget,default,non_markovian,xai_gate,20,5000,0.13634733580310524,1.2349732721837974,63.8317677999999,0.662422346943242,0.734557889351652,0.7057581080501769,1219.4441766119935,0.9958459999999407,0.1737286320209074,0.14506662096739642,0.5493980549248104,4.134859999999554,0.12922519070581706,0.0048,0.0,9.3364,55.1198,calibrated:/Users/let/Documents/DO_A_PAPER_May_18/Papers/Paper_xAI_in_Cyber_2/6_Analysis_Results/xai_surfacebench/data/unsw_nb15/unsw_nb15_score_stream.csv
unsw_nb15_xai_gate_tuning_envelope,low_exposure_budget,default,rtt_uncertainty,xai_gate,20,5000,0.0,0.01685195223258679,0.8712688800000011,0.7155051244510452,0.8201639867542775,0.6248943373974113,50.340995384084145,0.9227973333333204,0.010359402193430758,0.162628801900605,0.31536782784054807,4.4987319999994675,0.07201028210641125,0.0,0.0,7.2398,45.0232,calibrated:/Users/let/Documents/DO_A_PAPER_May_18/Papers/Paper_xAI_in_Cyber_2/6_Analysis_Results/xai_surfacebench/data/unsw_nb15/unsw_nb15_score_stream.csv
unsw_nb15_xai_gate_tuning_envelope,high_exposure_budget,default,adversarial_explanation_flood,xai_gate,1,5000,0.0,0.019573499470766954,1.0076538199999998,0.7221500090131102,0.7891271811450883,0.6552249151959302,2881.7088139488483,0.9921068181820684,0.0033266145551677237,0.1754584337053242,0.48676728446651263,7.796427999998907,0.8053367533049585,0.0032,0.0,12.2046,45.0686,calibrated:/Users/let/Documents/DO_A_PAPER_May_18/Papers/Paper_xAI_in_Cyber_2/6_Analysis_Results/xai_surfacebench/data/unsw_nb15/unsw_nb15_score_stream.csv
unsw_nb15_xai_gate_tuning_envelope,high_exposure_budget,default,transient_overload,xai_gate,1,5000,0.24545680857885885,1.0382198420412458,53.28422753999996,0.7137064212907048,0.7627672140234875,0.8163524768969015,3163.0436879588606,0.9663945454547574,0.27303375242930233,0.18980287946694166,0.46965850949906796,4.378567999999441,0.19766765233294148,0.0296,0.0,10.0852,56.138,calibrated:/Users/let/Documents/DO_A_PAPER_May_18/Papers/Paper_xAI_in_Cyber_2/6_Analysis_Results/xai_surfacebench/data/unsw_nb15/unsw_nb15_score_stream.csv
unsw_nb15_xai_gate_tuning_envelope,high_exposure_budget,default,non_markovian,xai_gate,1,5000,0.13531341949290263,1.2662090249962195,65.49628153999984,0.7003225320596195,0.7763007026481306,0.7838333763663019,416.3454795195372,0.9180490909092079,0.26374903175832687,0.21951114553748172,0.33296755314570964,3.9775879999997823,0.13149255202988375,0.0044,0.0,9.2952,54.7666,calibrated:/Users/let/Documents/DO_A_PAPER_May_18/Papers/Paper_xAI_in_Cyber_2/6_Analysis_Results/xai_surfacebench/data/unsw_nb15/unsw_nb15_score_stream.csv
unsw_nb15_xai_gate_tuning_envelope,high_exposure_budget,default,rtt_uncertainty,xai_gate,1,5000,0.0,0.01890765218879015,0.9770257399999995,0.7558822725285029,0.8678908025454551,0.6365510431362547,4.479766735192986,0.7963513636364278,0.014791119860017498,0.0845909886264217,0.16100721784776903,4.90509199999965,0.0824055824854828,0.0,0.0,7.3152,45.0552,calibrated:/Users/let/Documents/DO_A_PAPER_May_18/Papers/Paper_xAI_in_Cyber_2/6_Analysis_Results/xai_surfacebench/data/unsw_nb15/unsw_nb15_score_stream.csv
unsw_nb15_xai_gate_tuning_envelope,high_exposure_budget,default,adversarial_explanation_flood,xai_gate,2,5000,0.0,0.01748451168252937,0.9001158399999988,0.7221595519275835,0.7893243566700242,0.6556715339257456,2826.8307672069454,0.9909350000002481,0.0037777376279092686,0.17909761345531594,0.483747515726886,7.774775999998869,0.8041893179356596,0.0028,0.0,12.1766,44.9938,calibrated:/Users/let/Documents/DO_A_PAPER_May_18/Papers/Paper_xAI_in_Cyber_2/6_Analysis_Results/xai_surfacebench/data/unsw_nb15/unsw_nb15_score_stream.csv
unsw_nb15_xai_gate_tuning_envelope,high_exposure_budget,default,transient_overload,xai_gate,2,5000,0.24897883702250417,1.0404457863926617,53.395144759999916,0.7123180656576578,0.7612187652111682,0.8137418910950146,3238.836018893192,0.9669272727274859,0.27039512482799294,0.1889915470807942,0.4742087674464321,4.418187999999442,0.20531885149959783,0.0298,0.0,10.174,56.2728,calibrated:/Users/let/Documents/DO_A_PAPER_May_18/Papers/Paper_xAI_in_Cyber_2/6_Analysis_Results/xai_surfacebench/data/unsw_nb15/unsw_nb15_score_stream.csv
unsw_nb15_xai_gate_tuning_envelope,high_exposure_budget,default,non_markovian,xai_gate,2,5000,0.13735096418233136,1.272939878927288,65.83541930000001,0.7008733277502838,0.7761746340123086,0.7825197019476472,430.7520118572638,0.9196195454546616,0.2604092851467715,0.22145633361248898,0.3320234490755653,4.0147879999998075,0.12618527681246627,0.0056,0.0,9.3138,55.1348,calibrated:/Users/let/Documents/DO_A_PAPER_May_18/Papers/Paper_xAI_in_Cyber_2/6_Analysis_Results/xai_surfacebench/data/unsw_nb15/unsw_nb15_score_stream.csv
unsw_nb15_xai_gate_tuning_envelope,high_exposure_budget,default,rtt_uncertainty,xai_gate,2,5000,0.0,0.016906447655134167,0.8734878,0.7552068833233482,0.8683711338885902,0.633940547596736,3.816208837666479,0.7944568181818769,0.013892694689538005,0.08258891872636598,0.15695730805063846,4.892447999999663,0.08094338924062394,0.0,0.0,7.2988,45.015,calibrated:/Users/let/Documents/DO_A_PAPER_May_18/Papers/Paper_xAI_in_Cyber_2/6_Analysis_Results/xai_surfacebench/data/unsw_nb15/unsw_nb15_score_stream.csv
unsw_nb15_xai_gate_tuning_envelope,high_exposure_budget,default,adversarial_explanation_flood,xai_gate,3,5000,0.0,0.018730443323552427,0.9642181800000009,0.7229449949877056,0.7891800492587737,0.6567232000526112,2806.6202400960346,0.9911200000002517,0.0046837252871863135,0.1791812519515522,0.4841328534569179,7.768007999998901,0.8013481469640076,0.003,0.0,12.1698,45.0396,calibrated:/Users/let/Documents/DO_A_PAPER_May_18/Papers/Paper_xAI_in_Cyber_2/6_Analysis_Results/xai_surfacebench/data/unsw_nb15/unsw_nb15_score_stream.csv
unsw_nb15_xai_gate_tuning_envelope,high_exposure_budget,default,transient_overload,xai_gate,3,5000,0.2475095612591628,1.0384870013615939,53.2998282,0.7139311922045338,0.7628461945230249,0.8167966590435147,3125.139781150851,0.9652790909092974,0.27332206423386696,0.19146862881575022,0.46771403002883566,4.367627999999413,0.19402949633967714,0.0286,0.0,10.057,56.1516,calibrated:/Users/let/Documents/DO_A_PAPER_May_18/Papers/Paper_xAI_in_Cyber_2/6_Analysis_Results/xai_surfacebench/data/unsw_nb15/unsw_nb15_score_stream.csv
unsw_nb15_xai_gate_tuning_envelope,high_exposure_budget,default,non_markovian,xai_gate,3,5000,0.13366299569068965,1.14461286304358,59.20025628,0.7037521918289238,0.7804517476951687,0.788048833947043,344.79786718838625,0.9147763636364762,0.26494827283885675,0.22317201472908996,0.3258153603366649,3.9399479999998235,0.12315321868918527,0.0034,0.0,9.1248,54.1618,calibrated:/Users/let/Documents/DO_A_PAPER_May_18/Papers/Paper_xAI_in_Cyber_2/6_Analysis_Results/xai_surfacebench/data/unsw_nb15/unsw_nb15_score_stream.csv
unsw_nb15_xai_gate_tuning_envelope,high_exposure_budget,default,rtt_uncertainty,xai_gate,3,5000,0.0,0.01715451308100346,0.8864549200000003,0.7546877382119804,0.8670082747655303,0.6351224275726884,7.433944507280627,0.7966222727273365,0.014265490580420342,0.08521180442121311,0.16220189480561908,4.918271999999658,0.08704626871634447,0.0,0.0,7.3464,45.0542,calibrated:/Users/let/Documents/DO_A_PAPER_May_18/Papers/Paper_xAI_in_Cyber_2/6_Analysis_Results/xai_surfacebench/data/unsw_nb15/unsw_nb15_score_stream.csv
unsw_nb15_xai_gate_tuning_envelope,high_exposure_budget,default,adversarial_explanation_flood,xai_gate,4,5000,0.0,0.01888897247238584,0.9722425000000023,0.7226386878126944,0.78920911918764,0.6566168728613013,2846.7102275770685,0.9914622727275232,0.005100026322716504,0.17636220057909976,0.48489734140563306,7.756151999998954,0.7957796931894552,0.0042,0.0,12.1568,45.131,calibrated:/Users/let/Documents/DO_A_PAPER_May_18/Papers/Paper_xAI_in_Cyber_2/6_Analysis_Results/xai_surfacebench/data/unsw_nb15/unsw_nb15_score_stream.csv
unsw_nb15_xai_gate_tuning_envelope,high_exposure_budget,default,transient_overload,xai_gate,4,5000,0.24945124491878912,1.0377122748893612,53.25423472000002,0.712019876654847,0.7606761264429404,0.8147937698865427,3269.4594024547728,0.9680713636365758,0.2724594414110068,0.18859252857760145,0.4748792080763641,4.403431999999434,0.2071379374523592,0.026,0.0,10.1828,56.2366,calibrated:/Users/let/Documents/DO_A_PAPER_May_18/Papers/Paper_xAI_in_Cyber_2/6_Analysis_Results/xai_surfacebench/data/unsw_nb15/unsw_nb15_score_stream.csv
unsw_nb15_xai_gate_tuning_envelope,high_exposure_budget,default,non_markovian,xai_gate,4,5000,0.13675501827618974,1.2907789320705785,66.76863304000011,0.6997722469051206,0.7767074779616484,0.7820681102532052,394.79365701927117,0.91807727272739,0.2621317344605961,0.21919078635206832,0.3284950179010482,3.9792079999998036,0.12985842044984208,0.006,0.0,9.2732,54.716,calibrated:/Users/let/Documents/DO_A_PAPER_May_18/Papers/Paper_xAI_in_Cyber_2/6_Analysis_Results/xai_surfacebench/data/unsw_nb15/unsw_nb15_score_stream.csv
unsw_nb15_xai_gate_tuning_envelope,high_exposure_budget,default,rtt_uncertainty,xai_gate,4,5000,0.0,0.018216635340255083,0.9412346999999986,0.7543705637595561,0.8674759131617642,0.6350475325691257,5.283477203890034,0.7964213636364237,0.014440727747409643,0.08166761850371217,0.1661635527997607,4.920531999999637,0.08587704260851514,0.0,0.0,7.3542,45.1506,calibrated:/Users/let/Documents/DO_A_PAPER_May_18/Papers/Paper_xAI_in_Cyber_2/6_Analysis_Results/xai_surfacebench/data/unsw_nb15/unsw_nb15_score_stream.csv
unsw_nb15_xai_gate_tuning_envelope,high_exposure_budget,default,adversarial_explanation_flood,xai_gate,5,5000,0.0,0.01638198913960329,0.843270420000001,0.7238141233093839,0.7909310287502026,0.6565911542610772,2697.2744681408108,0.9884540909093362,0.0039000912787320553,0.18124636959588417,0.4770558459878848,7.714799999998913,0.7913842311808796,0.0026,0.0,12.051,44.848,calibrated:/Users/let/Documents/DO_A_PAPER_May_18/Papers/Paper_xAI_in_Cyber_2/6_Analysis_Results/xai_surfacebench/data/unsw_nb15/unsw_nb15_score_stream.csv
unsw_nb15_xai_gate_tuning_envelope,high_exposure_budget,default,transient_overload,xai_gate,5,5000,0.24619633952613662,1.039708989844778,53.356400599999944,0.7127614675284719,0.7621172599636354,0.8144482976040947,3200.6699674255124,0.9669309090911169,0.2707479508196721,0.189312736443884,0.4734197667087011,4.412107999999442,0.20512710918614885,0.0272,0.0,10.1504,56.1512,calibrated:/Users/let/Documents/DO_A_PAPER_May_18/Papers/Paper_xAI_in_Cyber_2/6_Analysis_Results/xai_surfacebench/data/unsw_nb15/unsw_nb15_score_stream.csv
unsw_nb15_xai_gate_tuning_envelope,high_exposure_budget,default,non_markovian,xai_gate,5,5000,0.13705501567168546,1.210401177712276,62.59730116000004,0.6999277372734337,0.7768116245860386,0.7830817041959652,392.3600137537882,0.9173595454546584,0.2622749854829344,0.21863776157601567,0.3353764759016711,3.9891119999998215,0.13502548479700271,0.0068,0.0,9.2994,54.6208,calibrated:/Users/let/Documents/DO_A_PAPER_May_18/Papers/Paper_xAI_in_Cyber_2/6_Analysis_Results/xai_surfacebench/data/unsw_nb15/unsw_nb15_score_stream.csv
unsw_nb15_xai_gate_tuning_envelope,high_exposure_budget,default,rtt_uncertainty,xai_gate,5,5000,0.0,0.016699536831659353,0.8628039799999994,0.7554361650090371,0.8682018069285499,0.6358795047531943,5.9626297361210625,0.7986954545455177,0.013832273493124627,0.08595575846513398,0.1640306538398826,4.93638799999965,0.08974444400022974,0.0,0.0,7.3596,45.0234,calibrated:/Users/let/Documents/DO_A_PAPER_May_18/Papers/Paper_xAI_in_Cyber_2/6_Analysis_Results/xai_surfacebench/data/unsw_nb15/unsw_nb15_score_stream.csv
unsw_nb15_xai_gate_tuning_envelope,high_exposure_budget,default,adversarial_explanation_flood,xai_gate,6,5000,0.0,0.01829328992618149,0.9415531400000015,0.7221509328696122,0.7891646313711077,0.655601647495133,2837.5726000214004,0.9917195454547967,0.0038397794588208266,0.17917329876437865,0.48340197896325954,7.780559999998911,0.8025108736000419,0.0038,0.0,12.1882,45.0786,calibrated:/Users/let/Documents/DO_A_PAPER_May_18/Papers/Paper_xAI_in_Cyber_2/6_Analysis_Results/xai_surfacebench/data/unsw_nb15/unsw_nb15_score_stream.csv
unsw_nb15_xai_gate_tuning_envelope,high_exposure_budget,default,transient_overload,xai_gate,6,5000,0.24720963689591105,1.0397502000149024,53.363837679999925,0.7130302131531031,0.7616842833686674,0.8156493455135734,3191.747400774319,0.9662509090911289,0.2725708862261241,0.19049313876695534,0.4708348163087753,4.386287999999423,0.20224074054264274,0.0276,0.0,10.1148,56.0886,calibrated:/Users/let/Documents/DO_A_PAPER_May_18/Papers/Paper_xAI_in_Cyber_2/6_Analysis_Results/xai_surfacebench/data/unsw_nb15/unsw_nb15_score_stream.csv
unsw_nb15_xai_gate_tuning_envelope,high_exposure_budget,default,non_markovian,xai_gate,6,5000,0.13944400294174109,1.4158922667103295,73.23920326000002,0.7009091882860154,0.7773247878386269,0.7813449302684304,410.5721915704411,0.918794545454658,0.25814606139805907,0.21255810964245164,0.34212386726365174,4.0419519999997915,0.1274017879893372,0.0062,0.0,9.3358,55.2054,calibrated:/Users/let/Documents/DO_A_PAPER_May_18/Papers/Paper_xAI_in_Cyber_2/6_Analysis_Results/xai_surfacebench/data/unsw_nb15/unsw_nb15_score_stream.csv
unsw_nb15_xai_gate_tuning_envelope,high_exposure_budget,default,rtt_uncertainty,xai_gate,6,5000,0.0,0.016901523383486654,0.8733908599999995,0.7561444913372534,0.8688645979888258,0.6343457588164391,2.2298328796057025,0.789102727272783,0.014549089293647267,0.07616059529098179,0.1543203020879609,4.835483999999665,0.06655768920397809,0.0,0.0,7.2032,45.0246,calibrated:/Users/let/Documents/DO_A_PAPER_May_18/Papers/Paper_xAI_in_Cyber_2/6_Analysis_Results/xai_surfacebench/data/unsw_nb15/unsw_nb15_score_stream.csv
unsw_nb15_xai_gate_tuning_envelope,high_exposure_budget,default,adversarial_explanation_flood,xai_gate,7,5000,0.0,0.019059767896092768,0.981022420000001,0.7231475019433254,0.7902155431863758,0.6571182628541364,2718.7517975380533,0.9892731818184227,0.004779466485851787,0.1811732019117866,0.48046041642548826,7.726827999998936,0.7899283045900454,0.003,0.0,12.0934,45.0424,calibrated:/Users/let/Documents/DO_A_PAPER_May_18/Papers/Paper_xAI_in_Cyber_2/6_Analysis_Results/xai_surfacebench/data/unsw_nb15/unsw_nb15_score_stream.csv
unsw_nb15_xai_gate_tuning_envelope,high_exposure_budget,default,transient_overload,xai_gate,7,5000,0.2476543205079303,1.0356208134166796,53.14930363999994,0.7135646425462167,0.7624582433853384,0.8155272741667984,3162.8226151442927,0.966390000000217,0.2716530757659726,0.19034518248753068,0.47046947985115983,4.395091999999438,0.20076099214172904,0.0284,0.0,10.1048,56.1022,calibrated:/Users/let/Documents/DO_A_PAPER_May_18/Papers/Paper_xAI_in_Cyber_2/6_Analysis_Results/xai_surfacebench/data/unsw_nb15/unsw_nb15_score_stream.csv
unsw_nb15_xai_gate_tuning_envelope,high_exposure_budget,default,non_markovian,xai_gate,7,5000,0.13578334702071346,1.245101589364244,64.40058001999995,0.7004930563032167,0.7762001901718849,0.7837071805361191,409.94711980948944,0.9181822727273883,0.2631284314780924,0.22280116266551836,0.3299171062547099,3.9810679999998095,0.13015177783860676,0.0048,0.0,9.289,54.795,calibrated:/Users/let/Documents/DO_A_PAPER_May_18/Papers/Paper_xAI_in_Cyber_2/6_Analysis_Results/xai_surfacebench/data/unsw_nb15/unsw_nb15_score_stream.csv
unsw_nb15_xai_gate_tuning_envelope,high_exposure_budget,default,rtt_uncertainty,xai_gate,7,5000,0.0,0.014966606724415818,0.7734299199999995,0.7576095046448843,0.8693428668815143,0.6381681944146972,3.6075843707964994,0.7944427272727882,0.014885464619455854,0.08371695564682857,0.15966039088127465,4.881035999999664,0.0752468263071957,0.0,0.0,7.2554,44.9844,calibrated:/Users/let/Documents/DO_A_PAPER_May_18/Papers/Paper_xAI_in_Cyber_2/6_Analysis_Results/xai_surfacebench/data/unsw_nb15/unsw_nb15_score_stream.csv
unsw_nb15_xai_gate_tuning_envelope,high_exposure_budget,default,adversarial_explanation_flood,xai_gate,8,5000,0.0,0.0192429571685742,0.9903997399999996,0.7222178100849523,0.7889189040152604,0.6562786538240799,2876.4216306288836,0.9919331818184293,0.005792297720821095,0.1751308599839194,0.4854043942700556,7.760715999998881,0.8022741723225235,0.0028,0.0,12.1886,45.086,calibrated:/Users/let/Documents/DO_A_PAPER_May_18/Papers/Paper_xAI_in_Cyber_2/6_Analysis_Results/xai_surfacebench/data/unsw_nb15/unsw_nb15_score_stream.csv
unsw_nb15_xai_gate_tuning_envelope,high_exposure_budget,default,transient_overload,xai_gate,8,5000,0.24558224993110578,1.0381573540125726,53.30022059999995,0.7137038737103539,0.7625567049924934,0.8199580896881286,3058.6470930243054,0.9647004545456568,0.2787634462250783,0.19228850260442654,0.46674117388787995,4.309775999999466,0.19553015309476263,0.0256,0.0,10.0214,55.8826,calibrated:/Users/let/Documents/DO_A_PAPER_May_18/Papers/Paper_xAI_in_Cyber_2/6_Analysis_Results/xai_surfacebench/data/unsw_nb15/unsw_nb15_score_stream.csv
unsw_nb15_xai_gate_tuning_envelope,high_exposure_budget,default,non_markovian,xai_gate,8,5000,0.13791995533363613,1.2705162614454244,65.71057926000003,0.6998221200902783,0.7755126674779632,0.7784882335418528,428.1487587939815,0.9196959090910314,0.2555002340525129,0.21907315204902336,0.33712072854164005,4.0701199999998146,0.1377939173853826,0.0048,0.0,9.3996,55.075,calibrated:/Users/let/Documents/DO_A_PAPER_May_18/Papers/Paper_xAI_in_Cyber_2/6_Analysis_Results/xai_surfacebench/data/unsw_nb15/unsw_nb15_score_stream.csv
unsw_nb15_xai_gate_tuning_envelope,high_exposure_budget,default,rtt_uncertainty,xai_gate,8,5000,0.0,0.0175611979672126,0.9074940400000007,0.7557209047293345,0.8683544573527506,0.6363146770303001,6.342777882525123,0.7939968181818773,0.014859492803289924,0.08109664153529815,0.16345442083618916,4.890791999999662,0.07956042134673269,0.0,0.0,7.295,45.0492,calibrated:/Users/let/Documents/DO_A_PAPER_May_18/Papers/Paper_xAI_in_Cyber_2/6_Analysis_Results/xai_surfacebench/data/unsw_nb15/unsw_nb15_score_stream.csv
unsw_nb15_xai_gate_tuning_envelope,high_exposure_budget,default,adversarial_explanation_flood,xai_gate,9,5000,0.0,0.01825200647791051,0.9396667800000003,0.7223014076189761,0.7890036260438267,0.6561126423204577,2868.0525894043194,0.9915313636366094,0.0038225547133904254,0.18176001574958164,0.48324966368080846,7.784011999998895,0.8033994585718678,0.0034,0.0,12.1908,45.066,calibrated:/Users/let/Documents/DO_A_PAPER_May_18/Papers/Paper_xAI_in_Cyber_2/6_Analysis_Results/xai_surfacebench/data/unsw_nb15/unsw_nb15_score_stream.csv
unsw_nb15_xai_gate_tuning_envelope,high_exposure_budget,default,transient_overload,xai_gate,9,5000,0.24744164162840934,1.0386349404942314,53.30504887999994,0.7128817136433694,0.7617371852696522,0.8147202114440814,3206.7899012180737,0.9666427272729453,0.27130712637330123,0.190141817392848,0.4718633503619401,4.403515999999421,0.20752874487177464,0.0266,0.0,10.1398,55.981,calibrated:/Users/let/Documents/DO_A_PAPER_May_18/Papers/Paper_xAI_in_Cyber_2/6_Analysis_Results/xai_surfacebench/data/unsw_nb15/unsw_nb15_score_stream.csv
unsw_nb15_xai_gate_tuning_envelope,high_exposure_budget,default,non_markovian,xai_gate,9,5000,0.1393941177523136,1.39233311157793,72.01368662,0.6999068605660957,0.7747454827219141,0.7790838466586231,484.3175250492812,0.9235309090910346,0.2556042420778561,0.2145170508668318,0.3438538557608857,4.093687999999779,0.12706399364429788,0.0056,0.0,9.4482,55.8868,calibrated:/Users/let/Documents/DO_A_PAPER_May_18/Papers/Paper_xAI_in_Cyber_2/6_Analysis_Results/xai_surfacebench/data/unsw_nb15/unsw_nb15_score_stream.csv
unsw_nb15_xai_gate_tuning_envelope,high_exposure_budget,default,rtt_uncertainty,xai_gate,9,5000,0.0,0.019220704600816988,0.9931607400000004,0.7548136671288277,0.8673608568902924,0.6358329786198246,5.794989159299846,0.7989927272727919,0.01492293892196037,0.08711843214004186,0.15991193019652614,4.923823999999668,0.08430006366273002,0.0,0.0,7.3578,45.2384,calibrated:/Users/let/Documents/DO_A_PAPER_May_18/Papers/Paper_xAI_in_Cyber_2/6_Analysis_Results/xai_surfacebench/data/unsw_nb15/unsw_nb15_score_stream.csv
unsw_nb15_xai_gate_tuning_envelope,high_exposure_budget,default,adversarial_explanation_flood,xai_gate,10,5000,0.0,0.017338496198289904,0.8928022200000005,0.7232098071006646,0.7902981787605194,0.657204943255153,2721.664569868739,0.9891095454547884,0.004417165734705357,0.18307249445786322,0.4796678026668431,7.729079999998939,0.793623240011277,0.0022,0.0,12.0892,44.934,calibrated:/Users/let/Documents/DO_A_PAPER_May_18/Papers/Paper_xAI_in_Cyber_2/6_Analysis_Results/xai_surfacebench/data/unsw_nb15/unsw_nb15_score_stream.csv
unsw_nb15_xai_gate_tuning_envelope,high_exposure_budget,default,transient_overload,xai_gate,10,5000,0.2465008482996612,1.0375134866595732,53.24972889999997,0.713746500685075,0.7623905417628813,0.8169603113150132,3151.479747643947,0.966116363636578,0.27375067008160103,0.19153413941668157,0.46838207556535033,4.368991999999419,0.19581049655089333,0.026,0.0,10.0734,56.1594,calibrated:/Users/let/Documents/DO_A_PAPER_May_18/Papers/Paper_xAI_in_Cyber_2/6_Analysis_Results/xai_surfacebench/data/unsw_nb15/unsw_nb15_score_stream.csv
unsw_nb15_xai_gate_tuning_envelope,high_exposure_budget,default,non_markovian,xai_gate,10,5000,0.13780100038713,1.2811344659993928,66.25352589999999,0.6994216734555911,0.7748927165846633,0.7806129073319686,437.7631131093892,0.9198386363637577,0.2576374745417515,0.22155040733197556,0.3421164290563476,4.063235999999791,0.1369318325717408,0.007,0.0,9.4272,55.2786,calibrated:/Users/let/Documents/DO_A_PAPER_May_18/Papers/Paper_xAI_in_Cyber_2/6_Analysis_Results/xai_surfacebench/data/unsw_nb15/unsw_nb15_score_stream.csv
unsw_nb15_xai_gate_tuning_envelope,high_exposure_budget,default,rtt_uncertainty,xai_gate,10,5000,0.0,0.015051434313119779,0.7776839600000004,0.7556589530319917,0.8688201984803126,0.6345632189209243,4.311215054507005,0.793545909090967,0.013395920832303935,0.08023827170660737,0.16149221773861483,4.8930239999996745,0.0816034773778942,0.0,0.0,7.2858,44.9074,calibrated:/Users/let/Documents/DO_A_PAPER_May_18/Papers/Paper_xAI_in_Cyber_2/6_Analysis_Results/xai_surfacebench/data/unsw_nb15/unsw_nb15_score_stream.csv
unsw_nb15_xai_gate_tuning_envelope,high_exposure_budget,default,adversarial_explanation_flood,xai_gate,11,5000,0.0,0.016409821916167026,0.8448336600000014,0.7224122149972304,0.7898049615272031,0.6561562268499624,2754.433681715629,0.9905054545457003,0.004642357395670426,0.1786484484319697,0.4826405465470409,7.7521279999989074,0.806773803043954,0.0046,0.0,12.149,44.8276,calibrated:/Users/let/Documents/DO_A_PAPER_May_18/Papers/Paper_xAI_in_Cyber_2/6_Analysis_Results/xai_surfacebench/data/unsw_nb15/unsw_nb15_score_stream.csv
unsw_nb15_xai_gate_tuning_envelope,high_exposure_budget,default,transient_overload,xai_gate,11,5000,0.24825477225396508,1.0386775559149612,53.31090659999992,0.7128914400886216,0.7616325846857602,0.8162420961113549,3200.4840416208235,0.9670563636365888,0.27359310780904206,0.1904639582674676,0.47128912424913055,4.3804159999994505,0.2010703499997044,0.026,0.0,10.1216,56.181,calibrated:/Users/let/Documents/DO_A_PAPER_May_18/Papers/Paper_xAI_in_Cyber_2/6_Analysis_Results/xai_surfacebench/data/unsw_nb15/unsw_nb15_score_stream.csv
unsw_nb15_xai_gate_tuning_envelope,high_exposure_budget,default,non_markovian,xai_gate,11,5000,0.1363991885132209,1.2123882889374316,62.703615940000034,0.7007050045028296,0.7780361503529066,0.7799768429177889,407.098837313938,0.9181040909092024,0.25691496204811526,0.2178052232085424,0.33489858055662763,4.042355999999809,0.13193122203574115,0.0048,0.0,9.3276,54.9362,calibrated:/Users/let/Documents/DO_A_PAPER_May_18/Papers/Paper_xAI_in_Cyber_2/6_Analysis_Results/xai_surfacebench/data/unsw_nb15/unsw_nb15_score_stream.csv
unsw_nb15_xai_gate_tuning_envelope,high_exposure_budget,default,rtt_uncertainty,xai_gate,11,5000,0.0,0.016314098127279478,0.84302212,0.7562165731265106,0.8692243751727581,0.6358907612775029,4.128319662595902,0.7936304545455118,0.014361175305381314,0.08041707934411797,0.16039396940684494,4.881891999999671,0.0783532772914799,0.0,0.0,7.2696,44.9426,calibrated:/Users/let/Documents/DO_A_PAPER_May_18/Papers/Paper_xAI_in_Cyber_2/6_Analysis_Results/xai_surfacebench/data/unsw_nb15/unsw_nb15_score_stream.csv
unsw_nb15_xai_gate_tuning_envelope,high_exposure_budget,default,adversarial_explanation_flood,xai_gate,12,5000,0.0,0.018546654190183063,0.9547854800000021,0.7223732688576459,0.7893490966658558,0.6564549820717983,2839.8747031632984,0.9916172727275242,0.00476989374650482,0.17712753709003587,0.4847856837395967,7.760123999998886,0.7967984608496401,0.0036,0.0,12.1596,45.1158,calibrated:/Users/let/Documents/DO_A_PAPER_May_18/Papers/Paper_xAI_in_Cyber_2/6_Analysis_Results/xai_surfacebench/data/unsw_nb15/unsw_nb15_score_stream.csv
unsw_nb15_xai_gate_tuning_envelope,high_exposure_budget,default,transient_overload,xai_gate,12,5000,0.24755213029009548,1.0378799901666576,53.26584209999997,0.7127711366237567,0.7620994985154093,0.8148634946937133,3161.304294771942,0.9663495454547586,0.2716889572730501,0.19057482147788693,0.47165345011243937,4.398603999999446,0.2041358768073116,0.0304,0.0,10.1388,56.1332,calibrated:/Users/let/Documents/DO_A_PAPER_May_18/Papers/Paper_xAI_in_Cyber_2/6_Analysis_Results/xai_surfacebench/data/unsw_nb15/unsw_nb15_score_stream.csv
unsw_nb15_xai_gate_tuning_envelope,high_exposure_budget,default,non_markovian,xai_gate,12,5000,0.13567723939139636,1.2631740971224756,65.34730685999996,0.6995971880795893,0.7761962331675367,0.7838832104196305,393.8649344697678,0.9180450000001201,0.2654504679346185,0.2206193125458231,0.32830896623107775,3.952087999999804,0.12803298427408993,0.0058,0.0,9.2748,54.814,calibrated:/Users/let/Documents/DO_A_PAPER_May_18/Papers/Paper_xAI_in_Cyber_2/6_Analysis_Results/xai_surfacebench/data/unsw_nb15/unsw_nb15_score_stream.csv
unsw_nb15_xai_gate_tuning_envelope,high_exposure_budget,default,rtt_uncertainty,xai_gate,12,5000,0.0,0.015268909453477432,0.78894386,0.7560102040816988,0.8692109458037187,0.6350962925493562,5.047523624787065,0.791006363636418,0.014396028681742968,0.07702702702702703,0.1613072255929399,4.866543999999666,0.07894991333586265,0.0,0.0,7.252,44.809,calibrated:/Users/let/Documents/DO_A_PAPER_May_18/Papers/Paper_xAI_in_Cyber_2/6_Analysis_Results/xai_surfacebench/data/unsw_nb15/unsw_nb15_score_stream.csv
unsw_nb15_xai_gate_tuning_envelope,high_exposure_budget,default,adversarial_explanation_flood,xai_gate,13,5000,0.0,0.01915391532330346,0.9859994200000014,0.7226586838167468,0.7892965239143637,0.6573247035215711,2800.939297388755,0.9904445454547933,0.005000246722700133,0.18060101649752455,0.48507327664193955,7.759299999998877,0.8008083303343072,0.0028,0.0,12.1594,45.0146,calibrated:/Users/let/Documents/DO_A_PAPER_May_18/Papers/Paper_xAI_in_Cyber_2/6_Analysis_Results/xai_surfacebench/data/unsw_nb15/unsw_nb15_score_stream.csv
unsw_nb15_xai_gate_tuning_envelope,high_exposure_budget,default,transient_overload,xai_gate,13,5000,0.24867662941442634,1.037650794348218,53.25205051999997,0.7131426821559381,0.7623374182688175,0.8151339497392788,3176.0842026713435,0.9664018181820264,0.2714359095938043,0.19120436225699383,0.4707799905168326,4.399275999999424,0.20214179601637228,0.0308,0.0,10.1232,56.1398,calibrated:/Users/let/Documents/DO_A_PAPER_May_18/Papers/Paper_xAI_in_Cyber_2/6_Analysis_Results/xai_surfacebench/data/unsw_nb15/unsw_nb15_score_stream.csv
unsw_nb15_xai_gate_tuning_envelope,high_exposure_budget,default,non_markovian,xai_gate,13,5000,0.13500491410176396,1.2487404227097174,64.58742269999983,0.7004155345668431,0.7766656661818171,0.7835187820761594,396.5455002315739,0.9175363636364768,0.2637253633501531,0.22057618493121145,0.329344028981757,3.969759999999794,0.12837470390930839,0.0062,0.0,9.2748,54.7974,calibrated:/Users/let/Documents/DO_A_PAPER_May_18/Papers/Paper_xAI_in_Cyber_2/6_Analysis_Results/xai_surfacebench/data/unsw_nb15/unsw_nb15_score_stream.csv
unsw_nb15_xai_gate_tuning_envelope,high_exposure_budget,default,rtt_uncertainty,xai_gate,13,5000,0.0,0.01692549350687012,0.8745203799999998,0.7538630713330213,0.8672055630471112,0.6341078211520058,5.832781506857192,0.7939004545455128,0.01524465207769855,0.08053984646067262,0.16045132912602791,4.8881079999996775,0.08258468090769933,0.0,0.0,7.3206,45.081,calibrated:/Users/let/Documents/DO_A_PAPER_May_18/Papers/Paper_xAI_in_Cyber_2/6_Analysis_Results/xai_surfacebench/data/unsw_nb15/unsw_nb15_score_stream.csv
unsw_nb15_xai_gate_tuning_envelope,high_exposure_budget,default,adversarial_explanation_flood,xai_gate,14,5000,0.0,0.018957186640470625,0.9758809400000015,0.7229742720285618,0.7897681437074069,0.655979490049563,2825.0989136604476,0.9912668181820683,0.0034073513193198465,0.1768365952823822,0.48451877335352506,7.772743999998879,0.8000616307252881,0.005,0.0,12.1502,44.9992,calibrated:/Users/let/Documents/DO_A_PAPER_May_18/Papers/Paper_xAI_in_Cyber_2/6_Analysis_Results/xai_surfacebench/data/unsw_nb15/unsw_nb15_score_stream.csv
unsw_nb15_xai_gate_tuning_envelope,high_exposure_budget,default,transient_overload,xai_gate,14,5000,0.24666772984920327,1.038529819490819,53.29419539999998,0.7129624736251521,0.761904192526838,0.8142884186863432,3221.040635013905,0.9667804545456676,0.27047386168681353,0.19027429946165525,0.47163337342982786,4.411951999999427,0.2052095587798437,0.0296,0.0,10.1422,56.102,calibrated:/Users/let/Documents/DO_A_PAPER_May_18/Papers/Paper_xAI_in_Cyber_2/6_Analysis_Results/xai_surfacebench/data/unsw_nb15/unsw_nb15_score_stream.csv
unsw_nb15_xai_gate_tuning_envelope,high_exposure_budget,default,non_markovian,xai_gate,14,5000,0.13396540340380506,1.245051382522141,64.39829799999997,0.7009412929328318,0.7779540016228161,0.7812053456141874,413.6944762273071,0.918617272727392,0.25921063957992596,0.22159335456658347,0.3280752345700267,4.014199999999808,0.1301751761794412,0.0054,0.0,9.2936,54.821,calibrated:/Users/let/Documents/DO_A_PAPER_May_18/Papers/Paper_xAI_in_Cyber_2/6_Analysis_Results/xai_surfacebench/data/unsw_nb15/unsw_nb15_score_stream.csv
unsw_nb15_xai_gate_tuning_envelope,high_exposure_budget,default,rtt_uncertainty,xai_gate,14,5000,0.0,0.015784157683007283,0.8154487399999992,0.7557258109232735,0.8690362564800392,0.6340142015153516,1.6730963578484597,0.7894636363636927,0.015109509287496534,0.0746049348489049,0.1542001663432215,4.834691999999685,0.06816630463913476,0.0,0.0,7.214,45.0242,calibrated:/Users/let/Documents/DO_A_PAPER_May_18/Papers/Paper_xAI_in_Cyber_2/6_Analysis_Results/xai_surfacebench/data/unsw_nb15/unsw_nb15_score_stream.csv
unsw_nb15_xai_gate_tuning_envelope,high_exposure_budget,default,adversarial_explanation_flood,xai_gate,15,5000,0.0,0.01729575299982358,0.8903573199999999,0.7227347147187875,0.7895614635122432,0.6566789102648758,2834.495727046165,0.9905277272729749,0.004743707998418764,0.18146330214784556,0.48114046646461983,7.750063999998916,0.7989220453286163,0.003,0.0,12.1424,44.9988,calibrated:/Users/let/Documents/DO_A_PAPER_May_18/Papers/Paper_xAI_in_Cyber_2/6_Analysis_Results/xai_surfacebench/data/unsw_nb15/unsw_nb15_score_stream.csv
unsw_nb15_xai_gate_tuning_envelope,high_exposure_budget,default,transient_overload,xai_gate,15,5000,0.24758942041531765,1.0382932414608288,53.28388334,0.7123134401731394,0.7610920517240467,0.8146785960083214,3253.028927269903,0.9677004545456672,0.2716743683020352,0.18942090256611935,0.47415200078655,4.408399999999419,0.20780949598801435,0.0292,0.0,10.171,56.1402,calibrated:/Users/let/Documents/DO_A_PAPER_May_18/Papers/Paper_xAI_in_Cyber_2/6_Analysis_Results/xai_surfacebench/data/unsw_nb15/unsw_nb15_score_stream.csv
unsw_nb15_xai_gate_tuning_envelope,high_exposure_budget,default,non_markovian,xai_gate,15,5000,0.1379664334122283,1.1993168696340215,62.02793756000003,0.702048526863148,0.7790148783895225,0.7818104419410695,369.13114956025373,0.9158095454546635,0.25907712305026,0.21425476603119584,0.33214904679376084,4.002879999999798,0.13099000828151364,0.0046,0.0,9.232,54.4184,calibrated:/Users/let/Documents/DO_A_PAPER_May_18/Papers/Paper_xAI_in_Cyber_2/6_Analysis_Results/xai_surfacebench/data/unsw_nb15/unsw_nb15_score_stream.csv
unsw_nb15_xai_gate_tuning_envelope,high_exposure_budget,default,rtt_uncertainty,xai_gate,15,5000,0.0,0.015688304583996997,0.81058904,0.7560120994114493,0.8681376866908869,0.6376144163916754,7.873381013876865,0.7987081818182449,0.015069762371920646,0.08592217135382603,0.16342380640941792,4.922071999999623,0.08572062576278583,0.0,0.0,7.3392,45.065,calibrated:/Users/let/Documents/DO_A_PAPER_May_18/Papers/Paper_xAI_in_Cyber_2/6_Analysis_Results/xai_surfacebench/data/unsw_nb15/unsw_nb15_score_stream.csv
unsw_nb15_xai_gate_tuning_envelope,high_exposure_budget,default,adversarial_explanation_flood,xai_gate,16,5000,0.0,0.01729344223510917,0.8900509600000016,0.7227115523704206,0.7892867262340417,0.6564747846669934,2831.7211462514115,0.991050454545705,0.004273785258728385,0.1804688013676113,0.48318429877046487,7.769247999998939,0.8049226241336782,0.0048,0.0,12.1672,44.9408,calibrated:/Users/let/Documents/DO_A_PAPER_May_18/Papers/Paper_xAI_in_Cyber_2/6_Analysis_Results/xai_surfacebench/data/unsw_nb15/unsw_nb15_score_stream.csv
unsw_nb15_xai_gate_tuning_envelope,high_exposure_budget,default,transient_overload,xai_gate,16,5000,0.24827836037069656,1.0376125163028578,53.25502369999996,0.7143194748359871,0.7633638530774678,0.8165631589417806,3087.013476009083,0.9651709090911261,0.2722498508056495,0.19128704993037596,0.4682514422120549,4.378787999999417,0.19408586634171576,0.0272,0.0,10.054,56.1322,calibrated:/Users/let/Documents/DO_A_PAPER_May_18/Papers/Paper_xAI_in_Cyber_2/6_Analysis_Results/xai_surfacebench/data/unsw_nb15/unsw_nb15_score_stream.csv
unsw_nb15_xai_gate_tuning_envelope,high_exposure_budget,default,non_markovian,xai_gate,16,5000,0.1388003724240074,1.3145836249146094,67.99296517999986,0.698170060948481,0.7729533458093396,0.780396270891286,442.9955907934595,0.9211700000001295,0.26059164560725434,0.21423262333028945,0.3418845165537599,4.030187999999792,0.1339847442218871,0.0044,0.0,9.4178,55.367,calibrated:/Users/let/Documents/DO_A_PAPER_May_18/Papers/Paper_xAI_in_Cyber_2/6_Analysis_Results/xai_surfacebench/data/unsw_nb15/unsw_nb15_score_stream.csv
unsw_nb15_xai_gate_tuning_envelope,high_exposure_budget,default,rtt_uncertainty,xai_gate,16,5000,0.0,0.01838627012759834,0.9498703600000002,0.7538772054406108,0.8671858590201937,0.6340294985604714,4.784291432537182,0.7938581818182439,0.015048888403342984,0.08182662369585404,0.1598568853444038,4.890187999999654,0.080623216251557,0.0,0.0,7.3228,45.1764,calibrated:/Users/let/Documents/DO_A_PAPER_May_18/Papers/Paper_xAI_in_Cyber_2/6_Analysis_Results/xai_surfacebench/data/unsw_nb15/unsw_nb15_score_stream.csv
unsw_nb15_xai_gate_tuning_envelope,high_exposure_budget,default,adversarial_explanation_flood,xai_gate,17,5000,0.0,0.0195017416324752,1.003980940000001,0.7227795458669134,0.7896651833855108,0.6565735534192038,2758.134203864797,0.9899690909093335,0.004584205926487806,0.18040004617185826,0.4814900318256023,7.744451999998914,0.7924719312013369,0.0032,0.0,12.1286,45.1094,calibrated:/Users/let/Documents/DO_A_PAPER_May_18/Papers/Paper_xAI_in_Cyber_2/6_Analysis_Results/xai_surfacebench/data/unsw_nb15/unsw_nb15_score_stream.csv
unsw_nb15_xai_gate_tuning_envelope,high_exposure_budget,default,transient_overload,xai_gate,17,5000,0.24763041490745186,1.0359578241073835,53.16869990000001,0.7121813276620207,0.7609156551485382,0.8156688525236456,3232.567333325162,0.9670500000002102,0.27335026880132335,0.18955908706012092,0.4742324885291743,4.388527999999442,0.20620668768816564,0.0278,0.0,10.1562,56.133,calibrated:/Users/let/Documents/DO_A_PAPER_May_18/Papers/Paper_xAI_in_Cyber_2/6_Analysis_Results/xai_surfacebench/data/unsw_nb15/unsw_nb15_score_stream.csv
unsw_nb15_xai_gate_tuning_envelope,high_exposure_budget,default,non_markovian,xai_gate,17,5000,0.13930225667132795,1.231545808980197,63.69773655999993,0.700787554901727,0.7771444363760345,0.7853441225470023,387.2143054790339,0.9171540909092072,0.26502087885934356,0.2240853328717627,0.3279387264977607,3.9551199999998126,0.12206005166151668,0.0064,0.0,9.2438,54.9216,calibrated:/Users/let/Documents/DO_A_PAPER_May_18/Papers/Paper_xAI_in_Cyber_2/6_Analysis_Results/xai_surfacebench/data/unsw_nb15/unsw_nb15_score_stream.csv
unsw_nb15_xai_gate_tuning_envelope,high_exposure_budget,default,rtt_uncertainty,xai_gate,17,5000,0.0,0.018204398682232486,0.94065138,0.754022768844424,0.8682463749419767,0.6318478104681784,7.3724738272157975,0.7935386363636948,0.01277676158235278,0.0794452483005269,0.161074558410003,4.9057119999996495,0.08347383677936393,0.0,0.0,7.3258,45.076,calibrated:/Users/let/Documents/DO_A_PAPER_May_18/Papers/Paper_xAI_in_Cyber_2/6_Analysis_Results/xai_surfacebench/data/unsw_nb15/unsw_nb15_score_stream.csv
unsw_nb15_xai_gate_tuning_envelope,high_exposure_budget,default,adversarial_explanation_flood,xai_gate,18,5000,0.0,0.01838645535807866,0.9466001800000018,0.7235918482407591,0.7906594448409262,0.6569648127881258,2691.3513569205434,0.9880290909093311,0.004046031903956489,0.18411103372798726,0.47705037641362386,7.71731999999891,0.7867332699298668,0.0022,0.0,12.0612,45.0028,calibrated:/Users/let/Documents/DO_A_PAPER_May_18/Papers/Paper_xAI_in_Cyber_2/6_Analysis_Results/xai_surfacebench/data/unsw_nb15/unsw_nb15_score_stream.csv
unsw_nb15_xai_gate_tuning_envelope,high_exposure_budget,default,transient_overload,xai_gate,18,5000,0.24864690704786252,1.0374251293085444,53.23640011999997,0.7117004738224012,0.7608748031472347,0.8132370677840637,3280.7364202194212,0.9678554545456691,0.2701766064925402,0.18911775071464934,0.4760151936405999,4.42943599999941,0.2107721119882453,0.0266,0.0,10.2148,56.244,calibrated:/Users/let/Documents/DO_A_PAPER_May_18/Papers/Paper_xAI_in_Cyber_2/6_Analysis_Results/xai_surfacebench/data/unsw_nb15/unsw_nb15_score_stream.csv
unsw_nb15_xai_gate_tuning_envelope,high_exposure_budget,default,non_markovian,xai_gate,18,5000,0.14247207901710426,1.1313920883379116,58.49290192,0.7045781340919981,0.7809405089982214,0.7815096657399597,414.7960800549897,0.9184545454546541,0.25141699532337664,0.2146720975841038,0.34335466908040774,4.1058599999997725,0.12911821174890514,0.0046,0.0,9.2802,54.7932,calibrated:/Users/let/Documents/DO_A_PAPER_May_18/Papers/Paper_xAI_in_Cyber_2/6_Analysis_Results/xai_surfacebench/data/unsw_nb15/unsw_nb15_score_stream.csv
unsw_nb15_xai_gate_tuning_envelope,high_exposure_budget,default,rtt_uncertainty,xai_gate,18,5000,0.0,0.017343513637977953,0.8960310000000014,0.7544482805864458,0.8680396706807352,0.6340582086847465,3.4557930696315875,0.7937077272727829,0.015043156596794081,0.08025756953007261,0.15761063159336897,4.879963999999656,0.08017634444883237,0.0,0.0,7.299,45.0482,calibrated:/Users/let/Documents/DO_A_PAPER_May_18/Papers/Paper_xAI_in_Cyber_2/6_Analysis_Results/xai_surfacebench/data/unsw_nb15/unsw_nb15_score_stream.csv
unsw_nb15_xai_gate_tuning_envelope,high_exposure_budget,default,adversarial_explanation_flood,xai_gate,19,5000,0.0,0.01780263131238693,0.9166000600000016,0.7226337780264661,0.7893990634566685,0.6557429553717038,2785.1278310569273,0.9905786363638824,0.0036847559671661922,0.17864486519386094,0.48298267835699366,7.768315999998886,0.8027130696771756,0.0034,0.0,12.1582,44.9626,calibrated:/Users/let/Documents/DO_A_PAPER_May_18/Papers/Paper_xAI_in_Cyber_2/6_Analysis_Results/xai_surfacebench/data/unsw_nb15/unsw_nb15_score_stream.csv
unsw_nb15_xai_gate_tuning_envelope,high_exposure_budget,default,transient_overload,xai_gate,19,5000,0.24788819863174597,1.0373391323892922,53.245352199999985,0.7131465013567759,0.7615472900592256,0.8170802717316571,3165.143759916614,0.9664177272729351,0.27480144976332416,0.19009328395159533,0.4707571646432037,4.364091999999455,0.1981357955260048,0.0252,0.0,10.0982,56.1884,calibrated:/Users/let/Documents/DO_A_PAPER_May_18/Papers/Paper_xAI_in_Cyber_2/6_Analysis_Results/xai_surfacebench/data/unsw_nb15/unsw_nb15_score_stream.csv
unsw_nb15_xai_gate_tuning_envelope,high_exposure_budget,default,non_markovian,xai_gate,19,5000,0.13966706942832277,1.2624709121440032,65.2976683599999,0.7006594726793584,0.7755039987599118,0.7848488619054794,408.7377201607197,0.9185954545455753,0.2634887263209834,0.22371441443374165,0.33522836976809045,3.992471999999785,0.12722480170245198,0.0054,0.0,9.3226,55.136,calibrated:/Users/let/Documents/DO_A_PAPER_May_18/Papers/Paper_xAI_in_Cyber_2/6_Analysis_Results/xai_surfacebench/data/unsw_nb15/unsw_nb15_score_stream.csv
unsw_nb15_xai_gate_tuning_envelope,high_exposure_budget,default,rtt_uncertainty,xai_gate,19,5000,0.0,0.016546857379776715,0.8550617000000018,0.7550983146068119,0.8690148764772131,0.6337148053341052,4.994089378367416,0.7910127272727835,0.014182639347873982,0.07518175809649702,0.16071821987221854,4.867263999999683,0.07727086633795555,0.0,0.0,7.2624,44.9432,calibrated:/Users/let/Documents/DO_A_PAPER_May_18/Papers/Paper_xAI_in_Cyber_2/6_Analysis_Results/xai_surfacebench/data/unsw_nb15/unsw_nb15_score_stream.csv
unsw_nb15_xai_gate_tuning_envelope,high_exposure_budget,default,adversarial_explanation_flood,xai_gate,20,5000,0.0,0.017288245229893646,0.8899827600000002,0.7242752079868067,0.7912070862158311,0.6579494176372905,2677.542112747301,0.9879777272729695,0.004359400998336107,0.1825457570715474,0.4781863560732113,7.701007999998901,0.7853270475562399,0.004,0.0,12.02,44.8844,calibrated:/Users/let/Documents/DO_A_PAPER_May_18/Papers/Paper_xAI_in_Cyber_2/6_Analysis_Results/xai_surfacebench/data/unsw_nb15/unsw_nb15_score_stream.csv
unsw_nb15_xai_gate_tuning_envelope,high_exposure_budget,default,transient_overload,xai_gate,20,5000,0.24874247956821208,1.036932913383084,53.202243979999984,0.7122334657768541,0.7611058600618206,0.8126979311425361,3310.794754295322,0.9685136363638507,0.26844258284237926,0.18758685482766044,0.47744221095692,4.450955999999416,0.2150507331423639,0.0304,0.0,10.2182,56.0646,calibrated:/Users/let/Documents/DO_A_PAPER_May_18/Papers/Paper_xAI_in_Cyber_2/6_Analysis_Results/xai_surfacebench/data/unsw_nb15/unsw_nb15_score_stream.csv
unsw_nb15_xai_gate_tuning_envelope,high_exposure_budget,default,non_markovian,xai_gate,20,5000,0.13814992576243262,1.2769278261057073,66.04030418,0.700750273235817,0.7753459726357285,0.7820288022630424,459.55227585006514,0.9205981818183053,0.26031331033152605,0.22158883912307395,0.3311403038810192,4.019815999999793,0.12930647470175338,0.0066,0.0,9.3326,55.0934,calibrated:/Users/let/Documents/DO_A_PAPER_May_18/Papers/Paper_xAI_in_Cyber_2/6_Analysis_Results/xai_surfacebench/data/unsw_nb15/unsw_nb15_score_stream.csv
unsw_nb15_xai_gate_tuning_envelope,high_exposure_budget,default,rtt_uncertainty,xai_gate,20,5000,0.0,0.018265015483234004,0.9437756399999998,0.7542374551726708,0.8673976358915583,0.6335708566528894,4.628748167224761,0.792221818181876,0.014180514112075337,0.07999123983684196,0.16165238577568508,4.887091999999649,0.08136030739537015,0.0,0.0,7.3058,45.0408,calibrated:/Users/let/Documents/DO_A_PAPER_May_18/Papers/Paper_xAI_in_Cyber_2/6_Analysis_Results/xai_surfacebench/data/unsw_nb15/unsw_nb15_score_stream.csv
unsw_nb15_xai_gate_tuning_envelope,low_local_budget,default,adversarial_explanation_flood,xai_gate,1,5000,0.0,0.018836489392610314,0.9711389800000004,0.5994999094483104,0.6505444619755396,0.680467615535607,5358.611392526722,1.0,0.008347190437774741,0.12891223102125487,0.42285434399576977,6.394472999995504,0.7978362858707422,0.0396,0.0,12.1478,45.046,calibrated:/Users/let/Documents/DO_A_PAPER_May_18/Papers/Paper_xAI_in_Cyber_2/6_Analysis_Results/xai_surfacebench/data/unsw_nb15/unsw_nb15_score_stream.csv
unsw_nb15_xai_gate_tuning_envelope,low_local_budget,default,transient_overload,xai_gate,1,5000,0.24931169790275381,1.038527452154164,53.29472113999994,0.6759191517948911,0.727261743177042,0.7635608485992849,4241.9989035536755,1.0,0.22373075630916386,0.15468073753483133,0.543917116261463,4.31938499999446,0.1983148142885538,0.0812,0.0,10.1202,56.3024,calibrated:/Users/let/Documents/DO_A_PAPER_May_18/Papers/Paper_xAI_in_Cyber_2/6_Analysis_Results/xai_surfacebench/data/unsw_nb15/unsw_nb15_score_stream.csv
unsw_nb15_xai_gate_tuning_envelope,low_local_budget,default,non_markovian,xai_gate,1,5000,0.13318672422782843,1.2819640303151223,66.28329535999977,0.680412579217029,0.7509779374706156,0.7430380241340244,929.3688229050742,0.960260000000168,0.21961541800503515,0.1760569493879677,0.44350638076221893,3.988027999999685,0.120011862266449,0.0182,0.0,9.2152,54.8518,calibrated:/Users/let/Documents/DO_A_PAPER_May_18/Papers/Paper_xAI_in_Cyber_2/6_Analysis_Results/xai_surfacebench/data/unsw_nb15/unsw_nb15_score_stream.csv
unsw_nb15_xai_gate_tuning_envelope,low_local_budget,default,rtt_uncertainty,xai_gate,1,5000,0.0,0.017474998062886063,0.9031187199999997,0.7380443763509154,0.8500091770893058,0.6403822712469872,53.809030548190535,0.8892000000000146,0.016141829224918608,0.18199228475281115,0.1969576755765916,4.7276679999996025,0.08294446172762715,0.0,0.0,7.3102,45.002,calibrated:/Users/let/Documents/DO_A_PAPER_May_18/Papers/Paper_xAI_in_Cyber_2/6_Analysis_Results/xai_surfacebench/data/unsw_nb15/unsw_nb15_score_stream.csv
unsw_nb15_xai_gate_tuning_envelope,low_local_budget,default,adversarial_explanation_flood,xai_gate,2,5000,0.0,0.01889171211013041,0.973764440000002,0.5970236529256626,0.6480887319484294,0.6836374081263059,5437.616838332,1.0,0.011657924593452489,0.12932239340973742,0.42351439564525983,6.3510444999954,0.7994260015385568,0.0414,0.0,12.1634,45.064,calibrated:/Users/let/Documents/DO_A_PAPER_May_18/Papers/Paper_xAI_in_Cyber_2/6_Analysis_Results/xai_surfacebench/data/unsw_nb15/unsw_nb15_score_stream.csv
unsw_nb15_xai_gate_tuning_envelope,low_local_budget,default,transient_overload,xai_gate,2,5000,0.24808862427918857,1.0380301784945865,53.27936956,0.6782636374482284,0.7286104763512502,0.7675297417732025,4219.885903070091,1.0,0.22798710858234195,0.15636812159312458,0.5440058886711724,4.280123999994376,0.19504682973566223,0.0732,0.0,10.0532,56.0826,calibrated:/Users/let/Documents/DO_A_PAPER_May_18/Papers/Paper_xAI_in_Cyber_2/6_Analysis_Results/xai_surfacebench/data/unsw_nb15/unsw_nb15_score_stream.csv
unsw_nb15_xai_gate_tuning_envelope,low_local_budget,default,non_markovian,xai_gate,2,5000,0.13855598020555737,1.2088687179686834,62.47636913999992,0.6825995246584281,0.7536322584079852,0.7358169934640377,1043.3438047137358,0.9659388888890509,0.20091673032849502,0.17229012817248113,0.46320346320346323,4.230723999999608,0.1389417586600692,0.0224,0.0,9.4248,55.167,calibrated:/Users/let/Documents/DO_A_PAPER_May_18/Papers/Paper_xAI_in_Cyber_2/6_Analysis_Results/xai_surfacebench/data/unsw_nb15/unsw_nb15_score_stream.csv
unsw_nb15_xai_gate_tuning_envelope,low_local_budget,default,rtt_uncertainty,xai_gate,2,5000,0.0,0.016318806120436395,0.84342646,0.7371867915768197,0.8504373944026257,0.6366537927180029,61.46083795026187,0.8906627777777903,0.014120667522464698,0.18567175593368476,0.18714664190314914,4.738047999999633,0.0828708366051949,0.0,0.0,7.3226,45.0814,calibrated:/Users/let/Documents/DO_A_PAPER_May_18/Papers/Paper_xAI_in_Cyber_2/6_Analysis_Results/xai_surfacebench/data/unsw_nb15/unsw_nb15_score_stream.csv
unsw_nb15_xai_gate_tuning_envelope,low_local_budget,default,adversarial_explanation_flood,xai_gate,3,5000,0.0,0.017297381271056313,0.8912726800000008,0.5966720320606494,0.6463446640263228,0.6858769955977924,5569.444468514018,1.0,0.011612246238749097,0.12919650482885486,0.423748439655063,6.354321999995526,0.8055512307813186,0.0416,0.0,12.1768,44.9606,calibrated:/Users/let/Documents/DO_A_PAPER_May_18/Papers/Paper_xAI_in_Cyber_2/6_Analysis_Results/xai_surfacebench/data/unsw_nb15/unsw_nb15_score_stream.csv
unsw_nb15_xai_gate_tuning_envelope,low_local_budget,default,transient_overload,xai_gate,3,5000,0.24897001955932957,1.0388005914625473,53.30512625999995,0.6682287133345057,0.7191117390156957,0.7605717345479762,4389.067232047049,1.0,0.2218926250463496,0.154446634530942,0.5366283835199664,4.314966499994522,0.21263109069589015,0.0806,0.0,10.2482,56.3414,calibrated:/Users/let/Documents/DO_A_PAPER_May_18/Papers/Paper_xAI_in_Cyber_2/6_Analysis_Results/xai_surfacebench/data/unsw_nb15/unsw_nb15_score_stream.csv
unsw_nb15_xai_gate_tuning_envelope,low_local_budget,default,non_markovian,xai_gate,3,5000,0.13775539159010428,1.2482485167098625,64.53540555999994,0.6818805582603832,0.7527818581530547,0.7427177323379714,942.0321785756419,0.9611061111112749,0.21486530347289842,0.1766742399653792,0.4501135994806881,4.0491559999996785,0.12372664373743958,0.0194,0.0,9.243,54.8354,calibrated:/Users/let/Documents/DO_A_PAPER_May_18/Papers/Paper_xAI_in_Cyber_2/6_Analysis_Results/xai_surfacebench/data/unsw_nb15/unsw_nb15_score_stream.csv
unsw_nb15_xai_gate_tuning_envelope,low_local_budget,default,rtt_uncertainty,xai_gate,3,5000,0.0,0.015324675798389115,0.79215544,0.736612947582705,0.8497773292390135,0.6354032860774066,52.80557323024222,0.8822033333333479,0.014355646004070183,0.17537539189263518,0.1934987074418349,4.69809199999961,0.08137686557732127,0.0,0.0,7.2724,44.8342,calibrated:/Users/let/Documents/DO_A_PAPER_May_18/Papers/Paper_xAI_in_Cyber_2/6_Analysis_Results/xai_surfacebench/data/unsw_nb15/unsw_nb15_score_stream.csv
unsw_nb15_xai_gate_tuning_envelope,low_local_budget,default,adversarial_explanation_flood,xai_gate,4,5000,0.0,0.01804861274992474,0.9306772249993747,0.605081391292472,0.6571629283222858,0.6795296330750503,5181.04798101755,1.0,0.008670664252611995,0.13085726624919025,0.42663571582742915,6.393900999995495,0.7854034232366671,0.0366,0.0,12.0406,44.9594,calibrated:/Users/let/Documents/DO_A_PAPER_May_18/Papers/Paper_xAI_in_Cyber_2/6_Analysis_Results/xai_surfacebench/data/unsw_nb15/unsw_nb15_score_stream.csv
unsw_nb15_xai_gate_tuning_envelope,low_local_budget,default,transient_overload,xai_gate,4,5000,0.2479670119079799,1.0372442742810086,53.23107821999999,0.6711388779715824,0.7228622488017645,0.762212345254974,4321.886708160238,1.0,0.22413047750049125,0.1548241304775005,0.5381189821172604,4.296836499994604,0.20668478235095833,0.081,0.0,10.178,56.2312,calibrated:/Users/let/Documents/DO_A_PAPER_May_18/Papers/Paper_xAI_in_Cyber_2/6_Analysis_Results/xai_surfacebench/data/unsw_nb15/unsw_nb15_score_stream.csv
unsw_nb15_xai_gate_tuning_envelope,low_local_budget,default,non_markovian,xai_gate,4,5000,0.1332631234728398,1.3155506755800148,68.02192601999988,0.6813428031929412,0.7506917853593602,0.7455304265728202,977.8573838813901,0.9638527777779459,0.21950905501673676,0.1677967556432924,0.464445112007553,4.042963999999664,0.1313943481263813,0.0196,0.0,9.3208,54.9222,calibrated:/Users/let/Documents/DO_A_PAPER_May_18/Papers/Paper_xAI_in_Cyber_2/6_Analysis_Results/xai_surfacebench/data/unsw_nb15/unsw_nb15_score_stream.csv
unsw_nb15_xai_gate_tuning_envelope,low_local_budget,default,rtt_uncertainty,xai_gate,4,5000,0.0,0.016411642411996902,0.8481610599999997,0.7366410474596446,0.8502166117989166,0.6366275580457276,54.05547860817237,0.8868772222222373,0.015618566605363563,0.17762345255414344,0.18967362960116385,4.702955999999637,0.07928833508864597,0.0002,0.0,7.2862,45.0062,calibrated:/Users/let/Documents/DO_A_PAPER_May_18/Papers/Paper_xAI_in_Cyber_2/6_Analysis_Results/xai_surfacebench/data/unsw_nb15/unsw_nb15_score_stream.csv
unsw_nb15_xai_gate_tuning_envelope,low_local_budget,default,adversarial_explanation_flood,xai_gate,5,5000,0.0,0.01894259258760502,0.9762415200000003,0.5955485985900967,0.6454864387343208,0.6855499918042476,5536.9336259592465,1.0,0.01165382724143583,0.1290608097033273,0.4223979675456675,6.3536219999957115,0.8057134062603553,0.0394,0.0,12.202,45.0496,calibrated:/Users/let/Documents/DO_A_PAPER_May_18/Papers/Paper_xAI_in_Cyber_2/6_Analysis_Results/xai_surfacebench/data/unsw_nb15/unsw_nb15_score_stream.csv
unsw_nb15_xai_gate_tuning_envelope,low_local_budget,default,transient_overload,xai_gate,5,5000,0.24909483499594437,1.039765161006141,53.360901700000014,0.6743894025108471,0.7253642937986706,0.7641125391793018,4285.871672265692,1.0,0.2242898539297049,0.15543377555244534,0.5421455183414827,4.310425999994406,0.2031753259998217,0.0758,0.0,10.1458,56.2168,calibrated:/Users/let/Documents/DO_A_PAPER_May_18/Papers/Paper_xAI_in_Cyber_2/6_Analysis_Results/xai_surfacebench/data/unsw_nb15/unsw_nb15_score_stream.csv
unsw_nb15_xai_gate_tuning_envelope,low_local_budget,default,non_markovian,xai_gate,5,5000,0.13809640307443255,1.2121968880921765,62.66475018000002,0.6825602656432722,0.7536598641082558,0.7408790805985417,943.8033102323872,0.9614416666668203,0.21050929319936176,0.17607486308163353,0.45305964034671614,4.098671999999682,0.1273405235383167,0.0204,0.0,9.2756,54.8524,calibrated:/Users/let/Documents/DO_A_PAPER_May_18/Papers/Paper_xAI_in_Cyber_2/6_Analysis_Results/xai_surfacebench/data/unsw_nb15/unsw_nb15_score_stream.csv
unsw_nb15_xai_gate_tuning_envelope,low_local_budget,default,rtt_uncertainty,xai_gate,5,5000,0.0,0.017055635028142144,0.8813974200000008,0.7352286336418653,0.8494797745555243,0.6356435784695414,66.433960866384,0.8894433333333502,0.016058791507893303,0.18247142079477408,0.18709853021230266,4.724023999999627,0.08580809804782152,0.0,0.0,7.348,45.1154,calibrated:/Users/let/Documents/DO_A_PAPER_May_18/Papers/Paper_xAI_in_Cyber_2/6_Analysis_Results/xai_surfacebench/data/unsw_nb15/unsw_nb15_score_stream.csv
unsw_nb15_xai_gate_tuning_envelope,low_local_budget,default,adversarial_explanation_flood,xai_gate,6,5000,0.0,0.01852490193909445,0.9545799200000004,0.5956510702409301,0.6462452383905605,0.6841782807359269,5633.70877019658,1.0,0.011005388054568382,0.12913316192004717,0.4246573099025646,6.368315999995669,0.806982187933724,0.0378,0.0,12.2122,45.0556,calibrated:/Users/let/Documents/DO_A_PAPER_May_18/Papers/Paper_xAI_in_Cyber_2/6_Analysis_Results/xai_surfacebench/data/unsw_nb15/unsw_nb15_score_stream.csv
unsw_nb15_xai_gate_tuning_envelope,low_local_budget,default,transient_overload,xai_gate,6,5000,0.24727777964058215,1.0392614542206062,53.33625925999998,0.6760325764169431,0.7273386379280868,0.7646862379231056,4262.83200466604,1.0,0.22568894520114033,0.15489388660120368,0.5432347758937515,4.297972499994376,0.20119948729289971,0.076,0.0,10.1024,56.0684,calibrated:/Users/let/Documents/DO_A_PAPER_May_18/Papers/Paper_xAI_in_Cyber_2/6_Analysis_Results/xai_surfacebench/data/unsw_nb15/unsw_nb15_score_stream.csv
unsw_nb15_xai_gate_tuning_envelope,low_local_budget,default,non_markovian,xai_gate,6,5000,0.13647913839212614,1.1969552733527915,61.872708840000016,0.6823124812160015,0.7531437574088373,0.7380767249151915,952.7309903681472,0.9612766666668308,0.2070112919153321,0.17431625949937743,0.45405950796444977,4.1349319999996546,0.12993856920212643,0.0212,0.0,9.3164,54.967,calibrated:/Users/let/Documents/DO_A_PAPER_May_18/Papers/Paper_xAI_in_Cyber_2/6_Analysis_Results/xai_surfacebench/data/unsw_nb15/unsw_nb15_score_stream.csv
unsw_nb15_xai_gate_tuning_envelope,low_local_budget,default,rtt_uncertainty,xai_gate,6,5000,0.0,0.016719156828347844,0.8639708999999993,0.7351621488148111,0.8497363209983723,0.633838768205318,55.27371579382613,0.8817750000000151,0.01418459174714662,0.17444029850746268,0.1934536874451273,4.699211999999622,0.07602401333221342,0.0,0.0,7.2896,45.1638,calibrated:/Users/let/Documents/DO_A_PAPER_May_18/Papers/Paper_xAI_in_Cyber_2/6_Analysis_Results/xai_surfacebench/data/unsw_nb15/unsw_nb15_score_stream.csv
unsw_nb15_xai_gate_tuning_envelope,low_local_budget,default,adversarial_explanation_flood,xai_gate,7,5000,0.0,0.017236617546222754,0.8884823400000005,0.5952547906197341,0.6454768641822204,0.6848088252142315,5541.895777655934,1.0,0.011765861002470995,0.12845898312850806,0.4250396831884056,6.361136999995656,0.8089808146023347,0.0376,0.0,12.2218,45.0412,calibrated:/Users/let/Documents/DO_A_PAPER_May_18/Papers/Paper_xAI_in_Cyber_2/6_Analysis_Results/xai_surfacebench/data/unsw_nb15/unsw_nb15_score_stream.csv
unsw_nb15_xai_gate_tuning_envelope,low_local_budget,default,transient_overload,xai_gate,7,5000,0.248440065935713,1.0362655504886142,53.19206544,0.6752379281019703,0.725621298549319,0.7666728377368215,4256.531316364062,1.0,0.2295143557699913,0.15480898520920666,0.5439497152563755,4.263349499994404,0.20292238876618862,0.0728,0.0,10.1144,56.0546,calibrated:/Users/let/Documents/DO_A_PAPER_May_18/Papers/Paper_xAI_in_Cyber_2/6_Analysis_Results/xai_surfacebench/data/unsw_nb15/unsw_nb15_score_stream.csv
unsw_nb15_xai_gate_tuning_envelope,low_local_budget,default,non_markovian,xai_gate,7,5000,0.13515198230632453,1.2914597782425419,66.77498007999988,0.6809242972927203,0.7514021411239601,0.741785868253133,966.6826879915441,0.9624072222223881,0.21557596137265045,0.17173219520607,0.4526642524573202,4.049483999999663,0.1315756737573095,0.0192,0.0,9.2784,54.6636,calibrated:/Users/let/Documents/DO_A_PAPER_May_18/Papers/Paper_xAI_in_Cyber_2/6_Analysis_Results/xai_surfacebench/data/unsw_nb15/unsw_nb15_score_stream.csv
unsw_nb15_xai_gate_tuning_envelope,low_local_budget,default,rtt_uncertainty,xai_gate,7,5000,0.0,0.014973982061079989,0.7738983400000001,0.738113690820522,0.8513496109627426,0.6372009697760154,58.69281094880702,0.8865316666666838,0.014266435319066899,0.18246164862706216,0.18684072819411165,4.706363999999608,0.08010423545790268,0.0,0.0,7.2618,44.8216,calibrated:/Users/let/Documents/DO_A_PAPER_May_18/Papers/Paper_xAI_in_Cyber_2/6_Analysis_Results/xai_surfacebench/data/unsw_nb15/unsw_nb15_score_stream.csv
unsw_nb15_xai_gate_tuning_envelope,low_local_budget,default,adversarial_explanation_flood,xai_gate,8,5000,0.0,0.01587102119496018,0.8179621000000001,0.5987829283147307,0.6495435246213132,0.6843282006325134,5389.538804788665,1.0,0.01126148374987652,0.1293753498633475,0.42729222233128983,6.366232499995438,0.7974874594930563,0.037,0.0,12.1476,45.054,calibrated:/Users/let/Documents/DO_A_PAPER_May_18/Papers/Paper_xAI_in_Cyber_2/6_Analysis_Results/xai_surfacebench/data/unsw_nb15/unsw_nb15_score_stream.csv
unsw_nb15_xai_gate_tuning_envelope,low_local_budget,default,transient_overload,xai_gate,8,5000,0.24816536723103574,1.039514389091219,53.357902339999995,0.6765068676147816,0.7277333921318964,0.7646245324276393,4213.159739112176,1.0,0.22647297484513232,0.15625309240604032,0.5433852197823749,4.295033499994282,0.19789425519531223,0.0766,0.0,10.1054,56.2398,calibrated:/Users/let/Documents/DO_A_PAPER_May_18/Papers/Paper_xAI_in_Cyber_2/6_Analysis_Results/xai_surfacebench/data/unsw_nb15/unsw_nb15_score_stream.csv
unsw_nb15_xai_gate_tuning_envelope,low_local_budget,default,non_markovian,xai_gate,8,5000,0.13811261828618887,1.280984609485875,66.22651059999991,0.6823134135300248,0.7542320373994394,0.7376333376449634,935.0482451963987,0.9603988888890466,0.20635536584314232,0.17380244039149745,0.4517526839994826,4.126707999999672,0.12636862310869845,0.0216,0.0,9.2772,54.9092,calibrated:/Users/let/Documents/DO_A_PAPER_May_18/Papers/Paper_xAI_in_Cyber_2/6_Analysis_Results/xai_surfacebench/data/unsw_nb15/unsw_nb15_score_stream.csv
unsw_nb15_xai_gate_tuning_envelope,low_local_budget,default,rtt_uncertainty,xai_gate,8,5000,0.0,0.017524223670013862,0.9055796600000003,0.7335796621307774,0.8477696626332819,0.6323538090648183,44.08619109644808,0.8805444444444545,0.015278043972291433,0.16896202393012622,0.19445281055773075,4.68798799999963,0.08161974948877249,0.0,0.0,7.3046,45.0226,calibrated:/Users/let/Documents/DO_A_PAPER_May_18/Papers/Paper_xAI_in_Cyber_2/6_Analysis_Results/xai_surfacebench/data/unsw_nb15/unsw_nb15_score_stream.csv
unsw_nb15_xai_gate_tuning_envelope,low_local_budget,default,adversarial_explanation_flood,xai_gate,9,5000,0.0,0.018287889199634737,0.9429336600000008,0.5975541775346853,0.6479154171809131,0.6829157438853011,5451.699184768671,1.0,0.00949849894187706,0.1287300884229867,0.4253244090089902,6.389417999995684,0.8000372073245259,0.041,0.0,12.1914,45.1524,calibrated:/Users/let/Documents/DO_A_PAPER_May_18/Papers/Paper_xAI_in_Cyber_2/6_Analysis_Results/xai_surfacebench/data/unsw_nb15/unsw_nb15_score_stream.csv
unsw_nb15_xai_gate_tuning_envelope,low_local_budget,default,transient_overload,xai_gate,9,5000,0.2473912071180645,1.0382755459089665,53.289965939999966,0.6739016272183943,0.7248367619110161,0.7648503698230126,4263.588024490952,1.0,0.22562130177514794,0.15512820512820513,0.5417776134111463,4.2942074999944,0.19959398357478864,0.0744,0.0,10.14,56.3524,calibrated:/Users/let/Documents/DO_A_PAPER_May_18/Papers/Paper_xAI_in_Cyber_2/6_Analysis_Results/xai_surfacebench/data/unsw_nb15/unsw_nb15_score_stream.csv
unsw_nb15_xai_gate_tuning_envelope,low_local_budget,default,non_markovian,xai_gate,9,5000,0.1352793151558203,1.234986210678931,63.84371046,0.6821847002068344,0.7523727647694468,0.7424726481736623,988.5556136666888,0.9627205555557191,0.21263352860096485,0.17414713990351482,0.45735699517574085,4.088687999999661,0.12761294161217518,0.0186,0.0,9.2864,54.903,calibrated:/Users/let/Documents/DO_A_PAPER_May_18/Papers/Paper_xAI_in_Cyber_2/6_Analysis_Results/xai_surfacebench/data/unsw_nb15/unsw_nb15_score_stream.csv
unsw_nb15_xai_gate_tuning_envelope,low_local_budget,default,rtt_uncertainty,xai_gate,9,5000,0.0,0.01745104227554767,0.901863779999999,0.7373257280755287,0.8508389658900277,0.6376272680419683,62.27056205268672,0.8882455555555678,0.01532934788570175,0.18167608182964953,0.18918993034607579,4.714319999999679,0.079246131808548,0.0,0.0,7.2932,45.0512,calibrated:/Users/let/Documents/DO_A_PAPER_May_18/Papers/Paper_xAI_in_Cyber_2/6_Analysis_Results/xai_surfacebench/data/unsw_nb15/unsw_nb15_score_stream.csv
unsw_nb15_xai_gate_tuning_envelope,low_local_budget,default,adversarial_explanation_flood,xai_gate,10,5000,0.0,0.016071976330284177,0.828351169999786,0.6005113327285911,0.6515568447309558,0.6814816615844005,5334.41718046486,1.0,0.009840929695870766,0.12979477458171929,0.42661336849843495,6.385885999995393,0.801075627956823,0.035,0.0,12.133,44.9102,calibrated:/Users/let/Documents/DO_A_PAPER_May_18/Papers/Paper_xAI_in_Cyber_2/6_Analysis_Results/xai_surfacebench/data/unsw_nb15/unsw_nb15_score_stream.csv
unsw_nb15_xai_gate_tuning_envelope,low_local_budget,default,transient_overload,xai_gate,10,5000,0.25071351005295905,1.0371511757132923,53.22890489999999,0.673343878315945,0.7244738978464174,0.7636544782459512,4309.303683709847,1.0,0.22623183828174354,0.154650979153506,0.5400618880279696,4.281606499994371,0.20111490095235696,0.076,0.0,10.1312,56.2322,calibrated:/Users/let/Documents/DO_A_PAPER_May_18/Papers/Paper_xAI_in_Cyber_2/6_Analysis_Results/xai_surfacebench/data/unsw_nb15/unsw_nb15_score_stream.csv
unsw_nb15_xai_gate_tuning_envelope,low_local_budget,default,non_markovian,xai_gate,10,5000,0.13717730662627187,1.2829480111676659,66.33462027999991,0.6804864505617838,0.7502428821834319,0.7445707915273025,992.4943778611425,0.9623200000001707,0.21807735185661606,0.17612125889717864,0.45958751393534003,4.048311999999661,0.12960117406450622,0.0194,0.0,9.3288,55.0566,calibrated:/Users/let/Documents/DO_A_PAPER_May_18/Papers/Paper_xAI_in_Cyber_2/6_Analysis_Results/xai_surfacebench/data/unsw_nb15/unsw_nb15_score_stream.csv
unsw_nb15_xai_gate_tuning_envelope,low_local_budget,default,rtt_uncertainty,xai_gate,10,5000,0.0,0.01669125432951282,0.8628552200000009,0.7357391930038819,0.8498120870578788,0.6336938383406563,52.310062433058306,0.8786155555555667,0.014778325123152709,0.1716942491835944,0.18829910887253,4.6605439999995975,0.07253900620804798,0.0002,0.0,7.2268,44.9202,calibrated:/Users/let/Documents/DO_A_PAPER_May_18/Papers/Paper_xAI_in_Cyber_2/6_Analysis_Results/xai_surfacebench/data/unsw_nb15/unsw_nb15_score_stream.csv
unsw_nb15_xai_gate_tuning_envelope,low_local_budget,default,adversarial_explanation_flood,xai_gate,11,5000,0.0,0.01979142295611307,1.0205339400000013,0.5999519024869074,0.6516867311433362,0.6790066710594241,5276.438397905641,1.0,0.008878273760500741,0.12948443419535496,0.4233157634649607,6.390613999995398,0.7918861882203616,0.0342,0.0,12.142,45.174,calibrated:/Users/let/Documents/DO_A_PAPER_May_18/Papers/Paper_xAI_in_Cyber_2/6_Analysis_Results/xai_surfacebench/data/unsw_nb15/unsw_nb15_score_stream.csv
unsw_nb15_xai_gate_tuning_envelope,low_local_budget,default,transient_overload,xai_gate,11,5000,0.2469505463944398,1.0396644127661705,53.352144440000004,0.6732736268486929,0.7243534447026053,0.7626787751815123,4296.302239290305,1.0,0.22249763928234184,0.15500078690588606,0.5410814054128396,4.323626999994426,0.2098147506863426,0.0804,0.0,10.1664,56.0218,calibrated:/Users/let/Documents/DO_A_PAPER_May_18/Papers/Paper_xAI_in_Cyber_2/6_Analysis_Results/xai_surfacebench/data/unsw_nb15/unsw_nb15_score_stream.csv
unsw_nb15_xai_gate_tuning_envelope,low_local_budget,default,non_markovian,xai_gate,11,5000,0.1374908017942043,1.2322782508623822,63.69922863999993,0.6815618814012331,0.7525940956179217,0.7409439280488685,937.5140055603509,0.9614233333334901,0.2116576297443842,0.17180910577502367,0.45795679490489716,4.092275999999663,0.12624860054960307,0.023,0.0,9.2952,55.0216,calibrated:/Users/let/Documents/DO_A_PAPER_May_18/Papers/Paper_xAI_in_Cyber_2/6_Analysis_Results/xai_surfacebench/data/unsw_nb15/unsw_nb15_score_stream.csv
unsw_nb15_xai_gate_tuning_envelope,low_local_budget,default,rtt_uncertainty,xai_gate,11,5000,0.0,0.015170021253910667,0.7840562800000005,0.7353344298246276,0.848663367615381,0.633828417764771,45.40288708790549,0.8837705555555684,0.014336622807017543,0.1760142543859649,0.19013157894736843,4.703235999999616,0.08156667066917356,0.0,0.0,7.296,44.9718,calibrated:/Users/let/Documents/DO_A_PAPER_May_18/Papers/Paper_xAI_in_Cyber_2/6_Analysis_Results/xai_surfacebench/data/unsw_nb15/unsw_nb15_score_stream.csv
unsw_nb15_xai_gate_tuning_envelope,low_local_budget,default,adversarial_explanation_flood,xai_gate,12,5000,0.0,0.015980598744082825,0.8235826599999997,0.6034759267534356,0.6547096565288949,0.6813886612363975,5235.941688940364,1.0,0.009933939303630854,0.13031672709813077,0.42823763638403,6.386811499995523,0.7958655754521395,0.0354,0.0,12.0798,44.843,calibrated:/Users/let/Documents/DO_A_PAPER_May_18/Papers/Paper_xAI_in_Cyber_2/6_Analysis_Results/xai_surfacebench/data/unsw_nb15/unsw_nb15_score_stream.csv
unsw_nb15_xai_gate_tuning_envelope,low_local_budget,default,transient_overload,xai_gate,12,5000,0.24659931545758265,1.0400948859417727,53.383752299999955,0.6739157060513316,0.7246412348066139,0.7648143825752385,4287.064872607965,1.0,0.22628399984209072,0.1547708341557775,0.5412118550381919,4.285796499994353,0.20669060421467567,0.074,0.0,10.1324,55.979,calibrated:/Users/let/Documents/DO_A_PAPER_May_18/Papers/Paper_xAI_in_Cyber_2/6_Analysis_Results/xai_surfacebench/data/unsw_nb15/unsw_nb15_score_stream.csv
unsw_nb15_xai_gate_tuning_envelope,low_local_budget,default,non_markovian,xai_gate,12,5000,0.13555759915556911,1.3540508921023542,70.00556259999993,0.6800675044579234,0.7490745269309814,0.743010104440849,1085.2004513347617,0.9656450000001694,0.21639636579774135,0.1736859981319521,0.4640613059352976,4.09103599999965,0.1352583659875568,0.0194,0.0,9.4216,55.3272,calibrated:/Users/let/Documents/DO_A_PAPER_May_18/Papers/Paper_xAI_in_Cyber_2/6_Analysis_Results/xai_surfacebench/data/unsw_nb15/unsw_nb15_score_stream.csv
unsw_nb15_xai_gate_tuning_envelope,low_local_budget,default,rtt_uncertainty,xai_gate,12,5000,0.0,0.018047712810155932,0.9327640599999986,0.7364773039135565,0.8503994024896652,0.6351101650615358,60.70131813348839,0.8865611111111295,0.01492946923541358,0.18077281958395083,0.18370931445194577,4.7025239999996264,0.07867124327828479,0.0,0.0,7.2876,45.0406,calibrated:/Users/let/Documents/DO_A_PAPER_May_18/Papers/Paper_xAI_in_Cyber_2/6_Analysis_Results/xai_surfacebench/data/unsw_nb15/unsw_nb15_score_stream.csv
unsw_nb15_xai_gate_tuning_envelope,low_local_budget,default,adversarial_explanation_flood,xai_gate,13,5000,0.0,0.01737063244379841,0.8953491000000012,0.5986032705352144,0.6495310069949064,0.6825378351231386,5380.144351805422,1.0,0.010424214478624596,0.12947104933798828,0.4232305184104863,6.36689499999547,0.7967860006687197,0.037,0.0,12.1448,45.0612,calibrated:/Users/let/Documents/DO_A_PAPER_May_18/Papers/Paper_xAI_in_Cyber_2/6_Analysis_Results/xai_surfacebench/data/unsw_nb15/unsw_nb15_score_stream.csv
unsw_nb15_xai_gate_tuning_envelope,low_local_budget,default,transient_overload,xai_gate,13,5000,0.24905738691785767,1.0373662352653559,53.238953759999994,0.6730807443615423,0.7239685824400721,0.763935499133167,4292.938894478499,1.0,0.22569389686169375,0.1545103296010093,0.5404510329590054,4.288535999994328,0.20393114561899695,0.0796,0.0,10.1456,56.1804,calibrated:/Users/let/Documents/DO_A_PAPER_May_18/Papers/Paper_xAI_in_Cyber_2/6_Analysis_Results/xai_surfacebench/data/unsw_nb15/unsw_nb15_score_stream.csv
unsw_nb15_xai_gate_tuning_envelope,low_local_budget,default,non_markovian,xai_gate,13,5000,0.1389526826162639,1.20180858313027,62.12806266000017,0.6818863414104929,0.7520921426557531,0.7473854177985312,876.067211794035,0.959269444444603,0.2212974030207541,0.17842008040856241,0.45256981419102466,3.988443999999695,0.1289351110718564,0.019,0.0,9.203,54.3462,calibrated:/Users/let/Documents/DO_A_PAPER_May_18/Papers/Paper_xAI_in_Cyber_2/6_Analysis_Results/xai_surfacebench/data/unsw_nb15/unsw_nb15_score_stream.csv
unsw_nb15_xai_gate_tuning_envelope,low_local_budget,default,rtt_uncertainty,xai_gate,13,5000,0.0,0.016408387690061824,0.848194099999999,0.7351428334623299,0.848860810853311,0.6342027216566859,46.350209166749835,0.877023888888899,0.015858105868051718,0.16645485689026412,0.19535307768814233,4.656975999999607,0.07273152964119411,0.0,0.0,7.2392,44.9892,calibrated:/Users/let/Documents/DO_A_PAPER_May_18/Papers/Paper_xAI_in_Cyber_2/6_Analysis_Results/xai_surfacebench/data/unsw_nb15/unsw_nb15_score_stream.csv
unsw_nb15_xai_gate_tuning_envelope,low_local_budget,default,adversarial_explanation_flood,xai_gate,14,5000,0.0,0.015703167568073453,0.8093966600000005,0.5978945942392402,0.6485359424964418,0.6825061988902219,5400.234456890485,1.0,0.010180958323754475,0.1290190154028047,0.4236222864455352,6.377588999995641,0.8060467481935321,0.0378,0.0,12.1796,44.9586,calibrated:/Users/let/Documents/DO_A_PAPER_May_18/Papers/Paper_xAI_in_Cyber_2/6_Analysis_Results/xai_surfacebench/data/unsw_nb15/unsw_nb15_score_stream.csv
unsw_nb15_xai_gate_tuning_envelope,low_local_budget,default,transient_overload,xai_gate,14,5000,0.24873496269827722,1.038137936691911,53.28504351999996,0.6759729191038156,0.7270123134697473,0.7665874452140428,4246.000086498992,1.0,0.2291414632211491,0.15556392915931222,0.5430780596145299,4.263461499994205,0.1987665943930892,0.0744,0.0,10.0846,56.0832,calibrated:/Users/let/Documents/DO_A_PAPER_May_18/Papers/Paper_xAI_in_Cyber_2/6_Analysis_Results/xai_surfacebench/data/unsw_nb15/unsw_nb15_score_stream.csv
unsw_nb15_xai_gate_tuning_envelope,low_local_budget,default,non_markovian,xai_gate,14,5000,0.1351103389572111,1.1672172292218357,60.33696069999991,0.6811034971645462,0.7514449990021431,0.7420222546829283,961.6265882014972,0.962662222222398,0.21446984017872486,0.17286045712321704,0.45675803402646503,4.0722719999996775,0.12651789041666062,0.0198,0.0,9.3104,55.0984,calibrated:/Users/let/Documents/DO_A_PAPER_May_18/Papers/Paper_xAI_in_Cyber_2/6_Analysis_Results/xai_surfacebench/data/unsw_nb15/unsw_nb15_score_stream.csv
unsw_nb15_xai_gate_tuning_envelope,low_local_budget,default,rtt_uncertainty,xai_gate,14,5000,0.0,0.014889716921205257,0.7695958599999996,0.7363489490315271,0.8496716973391243,0.6368322604662725,53.49760163325944,0.883488888888904,0.015414205247973623,0.17609561752988048,0.19516417090259652,4.697567999999611,0.08036785048504602,0.0,0.0,7.279,44.9168,calibrated:/Users/let/Documents/DO_A_PAPER_May_18/Papers/Paper_xAI_in_Cyber_2/6_Analysis_Results/xai_surfacebench/data/unsw_nb15/unsw_nb15_score_stream.csv
unsw_nb15_xai_gate_tuning_envelope,low_local_budget,default,adversarial_explanation_flood,xai_gate,15,5000,0.0,0.017043467737214036,0.8790564800000018,0.596875348348933,0.6471787189635686,0.6833209566902154,5518.390877841989,1.0,0.009983279236746335,0.12914330677682698,0.4233221861571809,6.380457999995639,0.8076193100750726,0.0356,0.0,12.2004,44.9962,calibrated:/Users/let/Documents/DO_A_PAPER_May_18/Papers/Paper_xAI_in_Cyber_2/6_Analysis_Results/xai_surfacebench/data/unsw_nb15/unsw_nb15_score_stream.csv
unsw_nb15_xai_gate_tuning_envelope,low_local_budget,default,transient_overload,xai_gate,15,5000,0.24624978087457608,1.0393728462555645,53.349521319999965,0.6790407865475113,0.7302151056501348,0.7656499394510501,4182.310635709425,1.0,0.226514730405781,0.1559596601286429,0.5462881164127394,4.30417349999416,0.1974815137067787,0.0724,0.0,10.0744,56.0866,calibrated:/Users/let/Documents/DO_A_PAPER_May_18/Papers/Paper_xAI_in_Cyber_2/6_Analysis_Results/xai_surfacebench/data/unsw_nb15/unsw_nb15_score_stream.csv
unsw_nb15_xai_gate_tuning_envelope,low_local_budget,default,non_markovian,xai_gate,15,5000,0.13856092485885582,1.219949158628083,63.063933039999974,0.682484253667034,0.7535722271429226,0.7411054788610668,958.4919112484155,0.961622222222386,0.21084987057808455,0.17415875754961174,0.45465918895599655,4.095927999999656,0.124303979201833,0.0216,0.0,9.272,54.9792,calibrated:/Users/let/Documents/DO_A_PAPER_May_18/Papers/Paper_xAI_in_Cyber_2/6_Analysis_Results/xai_surfacebench/data/unsw_nb15/unsw_nb15_score_stream.csv
unsw_nb15_xai_gate_tuning_envelope,low_local_budget,default,rtt_uncertainty,xai_gate,15,5000,0.0,0.016678555076404766,0.8620385399999997,0.7378009099683487,0.8515643773352719,0.6367926668426332,60.15918145471299,0.8855988888889023,0.014862815386736523,0.17672687163932166,0.18885978215910657,4.695279999999644,0.07305915806355223,0.0,0.0,7.253,45.0612,calibrated:/Users/let/Documents/DO_A_PAPER_May_18/Papers/Paper_xAI_in_Cyber_2/6_Analysis_Results/xai_surfacebench/data/unsw_nb15/unsw_nb15_score_stream.csv
unsw_nb15_xai_gate_tuning_envelope,low_local_budget,default,adversarial_explanation_flood,xai_gate,16,5000,0.0,0.01817920974012273,0.9372036600000018,0.5947401811697848,0.6448213645406417,0.6845643251907605,5509.786844853706,1.0,0.011314954707478989,0.1289119984302953,0.42480950979366167,6.3662779999956856,0.8091781223098793,0.0402,0.0,12.2316,45.0724,calibrated:/Users/let/Documents/DO_A_PAPER_May_18/Papers/Paper_xAI_in_Cyber_2/6_Analysis_Results/xai_surfacebench/data/unsw_nb15/unsw_nb15_score_stream.csv
unsw_nb15_xai_gate_tuning_envelope,low_local_budget,default,transient_overload,xai_gate,16,5000,0.2472602444661876,1.0369147452186245,53.22189661999997,0.6710482841880919,0.7222559000018266,0.7634916221675775,4310.50654415643,1.0,0.226176920962739,0.1551690290156661,0.540507577838656,4.283370499994405,0.20384944437354147,0.0768,0.0,10.1876,56.4168,calibrated:/Users/let/Documents/DO_A_PAPER_May_18/Papers/Paper_xAI_in_Cyber_2/6_Analysis_Results/xai_surfacebench/data/unsw_nb15/unsw_nb15_score_stream.csv
unsw_nb15_xai_gate_tuning_envelope,low_local_budget,default,non_markovian,xai_gate,16,5000,0.13739187873179548,1.1709742613597716,60.528188640000046,0.6839503097518426,0.7552114961666477,0.7401942988346236,920.861899349486,0.9596161111112695,0.2057141619373565,0.18253693194125548,0.4500498202140103,4.131023999999665,0.13018167218709342,0.0162,0.0,9.2332,54.4644,calibrated:/Users/let/Documents/DO_A_PAPER_May_18/Papers/Paper_xAI_in_Cyber_2/6_Analysis_Results/xai_surfacebench/data/unsw_nb15/unsw_nb15_score_stream.csv
unsw_nb15_xai_gate_tuning_envelope,low_local_budget,default,rtt_uncertainty,xai_gate,16,5000,0.0,0.01714482312544962,0.8861463199999989,0.7362586056169329,0.8502938878696452,0.6357636517933153,55.45685163648318,0.8862677777777922,0.014752486067096492,0.17615561140858924,0.19547044038902853,4.723835999999668,0.08446174653328864,0.0004,0.0,7.3208,45.0042,calibrated:/Users/let/Documents/DO_A_PAPER_May_18/Papers/Paper_xAI_in_Cyber_2/6_Analysis_Results/xai_surfacebench/data/unsw_nb15/unsw_nb15_score_stream.csv
unsw_nb15_xai_gate_tuning_envelope,low_local_budget,default,adversarial_explanation_flood,xai_gate,17,5000,0.0,0.016521183562061413,0.8516044800000014,0.5999490106917698,0.6513727398242342,0.6809004678827998,5348.537613460675,1.0,0.009192902683734494,0.12917840491606122,0.4251017314940457,6.3890149999953705,0.7954565622504188,0.0386,0.0,12.1398,45.076,calibrated:/Users/let/Documents/DO_A_PAPER_May_18/Papers/Paper_xAI_in_Cyber_2/6_Analysis_Results/xai_surfacebench/data/unsw_nb15/unsw_nb15_score_stream.csv
unsw_nb15_xai_gate_tuning_envelope,low_local_budget,default,transient_overload,xai_gate,17,5000,0.2487525258380933,1.039578152258672,53.347058259999976,0.6729230716234565,0.724371782885305,0.7628613921304583,4322.135639467417,1.0,0.2234140964827681,0.15495896234770798,0.5406563072007007,4.3120354999944706,0.2046395944622681,0.0792,0.0,10.1614,56.2348,calibrated:/Users/let/Documents/DO_A_PAPER_May_18/Papers/Paper_xAI_in_Cyber_2/6_Analysis_Results/xai_surfacebench/data/unsw_nb15/unsw_nb15_score_stream.csv
unsw_nb15_xai_gate_tuning_envelope,low_local_budget,default,non_markovian,xai_gate,17,5000,0.1380297526882113,1.2797045982637274,66.15925607999999,0.6816535382232172,0.752290386726179,0.7413391012396585,932.1480690848633,0.9619755555557157,0.2130897038567493,0.1725637052341598,0.4552556818181818,4.078859999999692,0.1264122881340508,0.0208,0.0,9.2928,54.9994,calibrated:/Users/let/Documents/DO_A_PAPER_May_18/Papers/Paper_xAI_in_Cyber_2/6_Analysis_Results/xai_surfacebench/data/unsw_nb15/unsw_nb15_score_stream.csv
unsw_nb15_xai_gate_tuning_envelope,low_local_budget,default,rtt_uncertainty,xai_gate,17,5000,0.0,0.015593430041357116,0.8059999599999996,0.7372819963174326,0.8503352595703192,0.6372510696915499,52.72308931340716,0.8829744444444575,0.014922912029021353,0.17665649819990656,0.19633385549784263,4.703663999999632,0.0786175127501676,0.0,0.0,7.2774,44.9798,calibrated:/Users/let/Documents/DO_A_PAPER_May_18/Papers/Paper_xAI_in_Cyber_2/6_Analysis_Results/xai_surfacebench/data/unsw_nb15/unsw_nb15_score_stream.csv
unsw_nb15_xai_gate_tuning_envelope,low_local_budget,default,adversarial_explanation_flood,xai_gate,18,5000,0.0,0.015780216059103958,0.8132962600000011,0.5968521137178986,0.6482732916023218,0.6812171350118646,5437.691117751204,1.0,0.011000213756022165,0.12933883618067316,0.4211116957423139,6.353332999995652,0.8056365836098125,0.0366,0.0,12.1634,44.909,calibrated:/Users/let/Documents/DO_A_PAPER_May_18/Papers/Paper_xAI_in_Cyber_2/6_Analysis_Results/xai_surfacebench/data/unsw_nb15/unsw_nb15_score_stream.csv
unsw_nb15_xai_gate_tuning_envelope,low_local_budget,default,transient_overload,xai_gate,18,5000,0.24626510458431894,1.0407018303434123,53.41775041999991,0.6746499891570955,0.7256207459817111,0.7650090681496556,4289.542012786073,1.0,0.22676286790072347,0.15561732410747728,0.5437045360447809,4.29166999999425,0.20525897493469158,0.0762,0.0,10.1454,56.1174,calibrated:/Users/let/Documents/DO_A_PAPER_May_18/Papers/Paper_xAI_in_Cyber_2/6_Analysis_Results/xai_surfacebench/data/unsw_nb15/unsw_nb15_score_stream.csv
unsw_nb15_xai_gate_tuning_envelope,low_local_budget,default,non_markovian,xai_gate,18,5000,0.1350638410303402,1.2659215504146102,65.44634763999991,0.6808596233016306,0.7507667704253483,0.7428770717348102,1041.4396285611867,0.9642333333335014,0.21445788272434463,0.17333248010921268,0.46398327680723533,4.097687999999661,0.13196886669105434,0.0206,0.0,9.3762,55.2206,calibrated:/Users/let/Documents/DO_A_PAPER_May_18/Papers/Paper_xAI_in_Cyber_2/6_Analysis_Results/xai_surfacebench/data/unsw_nb15/unsw_nb15_score_stream.csv
unsw_nb15_xai_gate_tuning_envelope,low_local_budget,default,rtt_uncertainty,xai_gate,18,5000,0.0,0.016151456131509607,0.8346622600000002,0.7348734900425061,0.8486828229245663,0.6346647872469318,57.90116183391762,0.8880338888889003,0.01488192403961258,0.1814669713788225,0.18995538143432364,4.730767999999623,0.08972534509748176,0.0,0.0,7.3512,44.9728,calibrated:/Users/let/Documents/DO_A_PAPER_May_18/Papers/Paper_xAI_in_Cyber_2/6_Analysis_Results/xai_surfacebench/data/unsw_nb15/unsw_nb15_score_stream.csv
unsw_nb15_xai_gate_tuning_envelope,low_local_budget,default,adversarial_explanation_flood,xai_gate,19,5000,0.0,0.015493533898884079,0.7981917000000012,0.5958687908413386,0.6464334620713513,0.6838626369579703,5486.476589998705,1.0,0.01056355328452808,0.12885897246925104,0.4225687449837064,6.370741499995647,0.812450187229226,0.036,0.0,12.2118,44.9182,calibrated:/Users/let/Documents/DO_A_PAPER_May_18/Papers/Paper_xAI_in_Cyber_2/6_Analysis_Results/xai_surfacebench/data/unsw_nb15/unsw_nb15_score_stream.csv
unsw_nb15_xai_gate_tuning_envelope,low_local_budget,default,transient_overload,xai_gate,19,5000,0.24800787366848662,1.0380146928173384,53.27141625999997,0.6736723055039766,0.7248813786362965,0.7643231172596088,4301.848596937449,1.0,0.22624479074085047,0.15618889613082895,0.5400174794087329,4.283005499994236,0.20050504152365956,0.0758,0.0,10.1262,56.233,calibrated:/Users/let/Documents/DO_A_PAPER_May_18/Papers/Paper_xAI_in_Cyber_2/6_Analysis_Results/xai_surfacebench/data/unsw_nb15/unsw_nb15_score_stream.csv
unsw_nb15_xai_gate_tuning_envelope,low_local_budget,default,non_markovian,xai_gate,19,5000,0.13751316484799828,1.1993598457857075,61.99244539999987,0.6825967194813793,0.753329775537606,0.7414337240757306,977.2951389503368,0.9621783333335012,0.20986302546266478,0.17542616685989093,0.4595302503327751,4.12179599999964,0.13324331228787445,0.0224,0.0,9.3156,54.802,calibrated:/Users/let/Documents/DO_A_PAPER_May_18/Papers/Paper_xAI_in_Cyber_2/6_Analysis_Results/xai_surfacebench/data/unsw_nb15/unsw_nb15_score_stream.csv
unsw_nb15_xai_gate_tuning_envelope,low_local_budget,default,rtt_uncertainty,xai_gate,19,5000,0.0,0.016315158659069923,0.8430669000000004,0.7363557829867501,0.8498797205076029,0.6351462144128331,56.23696549953447,0.8835588888889008,0.014746340926598437,0.17593815340596455,0.18974909210960714,4.693295999999599,0.07739916056057616,0.0,0.0,7.2696,44.9824,calibrated:/Users/let/Documents/DO_A_PAPER_May_18/Papers/Paper_xAI_in_Cyber_2/6_Analysis_Results/xai_surfacebench/data/unsw_nb15/unsw_nb15_score_stream.csv
unsw_nb15_xai_gate_tuning_envelope,low_local_budget,default,adversarial_explanation_flood,xai_gate,20,5000,0.0,0.01874683967611974,0.9664571400000015,0.5963837844037346,0.6468353668883705,0.6832963952595245,5528.299503147342,1.0,0.010917495860859302,0.1284363064111601,0.4249790993878974,6.369599999995643,0.8018904150051671,0.0376,0.0,12.2006,45.14,calibrated:/Users/let/Documents/DO_A_PAPER_May_18/Papers/Paper_xAI_in_Cyber_2/6_Analysis_Results/xai_surfacebench/data/unsw_nb15/unsw_nb15_score_stream.csv
unsw_nb15_xai_gate_tuning_envelope,low_local_budget,default,transient_overload,xai_gate,20,5000,0.24834331801823653,1.0367066636803883,53.20903366000005,0.6760299814216405,0.7268207999271666,0.7652183386700511,4249.739445330235,1.0,0.22591802047511758,0.15510494485948062,0.5448288469888964,4.301754999994303,0.19955619407974323,0.0762,0.0,10.1196,56.2408,calibrated:/Users/let/Documents/DO_A_PAPER_May_18/Papers/Paper_xAI_in_Cyber_2/6_Analysis_Results/xai_surfacebench/data/unsw_nb15/unsw_nb15_score_stream.csv
unsw_nb15_xai_gate_tuning_envelope,low_local_budget,default,non_markovian,xai_gate,20,5000,0.13899094383738636,1.2587849147023018,65.07016986,0.6808735885899433,0.7509279024503818,0.7397542236182969,1031.0124313974134,0.9653177777779431,0.21026827404703285,0.17221326088802105,0.4635792512097801,4.143807999999676,0.1368854367620138,0.023,0.0,9.4232,55.2574,calibrated:/Users/let/Documents/DO_A_PAPER_May_18/Papers/Paper_xAI_in_Cyber_2/6_Analysis_Results/xai_surfacebench/data/unsw_nb15/unsw_nb15_score_stream.csv
unsw_nb15_xai_gate_tuning_envelope,low_local_budget,default,rtt_uncertainty,xai_gate,20,5000,0.0,0.015095735876031984,0.7803014399999987,0.7386624711443937,0.8512061849196576,0.6399856603033431,63.89898221128597,0.8892672222222368,0.015829394305815103,0.1850335275365505,0.18860613389029351,4.713119999999623,0.07899258837536038,0.0,0.0,7.2776,44.9654,calibrated:/Users/let/Documents/DO_A_PAPER_May_18/Papers/Paper_xAI_in_Cyber_2/6_Analysis_Results/xai_surfacebench/data/unsw_nb15/unsw_nb15_score_stream.csv
unsw_nb15_xai_gate_tuning_envelope,high_local_budget,default,adversarial_explanation_flood,xai_gate,1,5000,0.0,0.016734652168273804,0.86280668,0.6418478278841758,0.703510195305597,0.6602130773431234,3230.0849061566714,1.0,0.0037869391939938154,0.19349770964594598,0.4589720692557148,6.78050599999564,0.7947804717342299,0.0,0.0,12.0942,44.9236,calibrated:/Users/let/Documents/DO_A_PAPER_May_18/Papers/Paper_xAI_in_Cyber_2/6_Analysis_Results/xai_surfacebench/data/unsw_nb15/unsw_nb15_score_stream.csv
unsw_nb15_xai_gate_tuning_envelope,high_local_budget,default,transient_overload,xai_gate,1,5000,0.2491829018731976,1.0356745408551533,53.22886732,0.6763871843279604,0.7272156487960696,0.7802949217207584,3746.6473783192373,1.0,0.25525135709228225,0.15293839981118715,0.5730174651864764,4.086437999994025,0.20550400637320942,0.0,0.0,10.1688,56.2354,calibrated:/Users/let/Documents/DO_A_PAPER_May_18/Papers/Paper_xAI_in_Cyber_2/6_Analysis_Results/xai_surfacebench/data/unsw_nb15/unsw_nb15_score_stream.csv
unsw_nb15_xai_gate_tuning_envelope,high_local_budget,default,non_markovian,xai_gate,1,5000,0.13882956298013926,1.3666053855219442,70.67323110000008,0.6724414142064653,0.7499823124419752,0.7386955682768238,626.518783706153,0.9460427777778714,0.219227718102099,0.17235908321005125,0.4632619369224502,3.968975999999692,0.12834804823439705,0.0,0.0,9.3282,55.1142,calibrated:/Users/let/Documents/DO_A_PAPER_May_18/Papers/Paper_xAI_in_Cyber_2/6_Analysis_Results/xai_surfacebench/data/unsw_nb15/unsw_nb15_score_stream.csv
unsw_nb15_xai_gate_tuning_envelope,high_local_budget,default,rtt_uncertainty,xai_gate,1,5000,0.0,0.015194831415785544,0.7852741400000004,0.7387846640099703,0.8498253795816886,0.6347980694705514,1.4138084629817929,0.8699144444444514,0.008849800742064037,0.16089047684485364,0.2299024323210114,4.743603999999567,0.0812794669828627,0.0,0.0,7.277,44.8666,calibrated:/Users/let/Documents/DO_A_PAPER_May_18/Papers/Paper_xAI_in_Cyber_2/6_Analysis_Results/xai_surfacebench/data/unsw_nb15/unsw_nb15_score_stream.csv
unsw_nb15_xai_gate_tuning_envelope,high_local_budget,default,adversarial_explanation_flood,xai_gate,2,5000,0.0,0.018306702851874822,0.9435114449998111,0.634002872383812,0.6944415828907863,0.6623272466149527,3530.2248383714473,1.0,0.0022979072630283136,0.18982355354944605,0.45082068116475044,6.768826999995648,0.8093265325819858,0.0,0.0,12.185,44.897,calibrated:/Users/let/Documents/DO_A_PAPER_May_18/Papers/Paper_xAI_in_Cyber_2/6_Analysis_Results/xai_surfacebench/data/unsw_nb15/unsw_nb15_score_stream.csv
unsw_nb15_xai_gate_tuning_envelope,high_local_budget,default,transient_overload,xai_gate,2,5000,0.24727992223917014,1.0380125628975323,53.35168258,0.6745471553947894,0.725698643994067,0.7791885921944091,3767.8316339622133,1.0,0.2541532795235483,0.15245670402006112,0.5732848131013046,4.094732999994175,0.21271732880975835,0.0002,0.0,10.2088,56.1208,calibrated:/Users/let/Documents/DO_A_PAPER_May_18/Papers/Paper_xAI_in_Cyber_2/6_Analysis_Results/xai_surfacebench/data/unsw_nb15/unsw_nb15_score_stream.csv
unsw_nb15_xai_gate_tuning_envelope,high_local_budget,default,non_markovian,xai_gate,2,5000,0.13471194918214105,1.2463759579581657,64.44780773999987,0.6740395480226784,0.7525372467632541,0.7351634994007701,616.1322312319865,0.9454333333334255,0.21055897962677625,0.17738828967642528,0.4611367916452662,4.050379999999648,0.13336049828278473,0.0,0.0,9.3456,54.9728,calibrated:/Users/let/Documents/DO_A_PAPER_May_18/Papers/Paper_xAI_in_Cyber_2/6_Analysis_Results/xai_surfacebench/data/unsw_nb15/unsw_nb15_score_stream.csv
unsw_nb15_xai_gate_tuning_envelope,high_local_budget,default,rtt_uncertainty,xai_gate,2,5000,0.0,0.016019560800898454,0.8278738000000007,0.7390867216846061,0.8498800517226838,0.6355904901789828,2.3936526595639593,0.8714338888888942,0.008636525649110301,0.16327146108079948,0.2315959751048721,4.758951999999567,0.07805581664804606,0.0,0.0,7.2946,45.1096,calibrated:/Users/let/Documents/DO_A_PAPER_May_18/Papers/Paper_xAI_in_Cyber_2/6_Analysis_Results/xai_surfacebench/data/unsw_nb15/unsw_nb15_score_stream.csv
unsw_nb15_xai_gate_tuning_envelope,high_local_budget,default,adversarial_explanation_flood,xai_gate,3,5000,0.0,0.019283798646734483,0.994023520000001,0.6391606450546105,0.700434515535092,0.6613465932527427,3343.713689498184,1.0,0.002243669058813825,0.19156974346283923,0.45619277406524533,6.786251499995878,0.7933060557917411,0.0,0.0,12.123,45.0676,calibrated:/Users/let/Documents/DO_A_PAPER_May_18/Papers/Paper_xAI_in_Cyber_2/6_Analysis_Results/xai_surfacebench/data/unsw_nb15/unsw_nb15_score_stream.csv
unsw_nb15_xai_gate_tuning_envelope,high_local_budget,default,transient_overload,xai_gate,3,5000,0.24732505292721416,1.0351027340448913,53.21015196000001,0.6816231855240569,0.7325162662138394,0.7834128057268361,3624.7522673393087,0.9992411111113682,0.25812288725392724,0.15466295486180154,0.5759395506064824,4.069023999999406,0.19493134312754323,0.0,0.0,10.058,56.1148,calibrated:/Users/let/Documents/DO_A_PAPER_May_18/Papers/Paper_xAI_in_Cyber_2/6_Analysis_Results/xai_surfacebench/data/unsw_nb15/unsw_nb15_score_stream.csv
unsw_nb15_xai_gate_tuning_envelope,high_local_budget,default,non_markovian,xai_gate,3,5000,0.1369788627684444,1.2000250094184999,62.043700840000064,0.6727318916381059,0.7520848609016466,0.7339672950067087,606.0499116453676,0.943863888888977,0.2101914907243345,0.17966398394637406,0.4603035672352326,4.049311999999654,0.13362567579995366,0.0,0.0,9.3686,55.0952,calibrated:/Users/let/Documents/DO_A_PAPER_May_18/Papers/Paper_xAI_in_Cyber_2/6_Analysis_Results/xai_surfacebench/data/unsw_nb15/unsw_nb15_score_stream.csv
unsw_nb15_xai_gate_tuning_envelope,high_local_budget,default,rtt_uncertainty,xai_gate,3,5000,0.0,0.016180677112199213,0.836162420000001,0.739367419803293,0.8497123464124116,0.6377374796440264,2.562107772995375,0.8760766666666685,0.009566378675969585,0.16720721702869915,0.23373579351884657,4.785019999999579,0.087595113810512,0.0,0.0,7.3382,44.9812,calibrated:/Users/let/Documents/DO_A_PAPER_May_18/Papers/Paper_xAI_in_Cyber_2/6_Analysis_Results/xai_surfacebench/data/unsw_nb15/unsw_nb15_score_stream.csv
unsw_nb15_xai_gate_tuning_envelope,high_local_budget,default,adversarial_explanation_flood,xai_gate,4,5000,0.0,0.0162193676362529,0.8361376200000005,0.642376493166734,0.7041014550221033,0.6604895602398335,3243.5752993070046,1.0,0.00268025545150723,0.19694914132556832,0.45867112272860266,6.795395999995622,0.7928661475713772,0.0,0.0,12.0884,44.95,calibrated:/Users/let/Documents/DO_A_PAPER_May_18/Papers/Paper_xAI_in_Cyber_2/6_Analysis_Results/xai_surfacebench/data/unsw_nb15/unsw_nb15_score_stream.csv
unsw_nb15_xai_gate_tuning_envelope,high_local_budget,default,transient_overload,xai_gate,4,5000,0.24601807373659612,1.0363282559462874,53.27007279999998,0.6816313466662323,0.7325335328014132,0.7832338674407097,3629.698697048329,0.9990055555558142,0.25806130968947555,0.15404954077372668,0.5761798735636754,4.069471999999412,0.19548064491596118,0.0,0.0,10.0604,56.1024,calibrated:/Users/let/Documents/DO_A_PAPER_May_18/Papers/Paper_xAI_in_Cyber_2/6_Analysis_Results/xai_surfacebench/data/unsw_nb15/unsw_nb15_score_stream.csv
unsw_nb15_xai_gate_tuning_envelope,high_local_budget,default,non_markovian,xai_gate,4,5000,0.13734948576065034,1.2622730584838608,65.26670458000002,0.6746344046513443,0.7534429175116572,0.7380052737372031,580.9966084761427,0.9440122222223106,0.21501286013789525,0.1768647199948127,0.4571292714029438,3.988835999999683,0.12733058487568694,0.0002,0.0,9.2534,54.7216,calibrated:/Users/let/Documents/DO_A_PAPER_May_18/Papers/Paper_xAI_in_Cyber_2/6_Analysis_Results/xai_surfacebench/data/unsw_nb15/unsw_nb15_score_stream.csv
unsw_nb15_xai_gate_tuning_envelope,high_local_budget,default,rtt_uncertainty,xai_gate,4,5000,0.0,0.0159182351364973,0.8225499000000004,0.740052956509882,0.8503570775968061,0.636868182555644,1.3077423231908758,0.8738166666666706,0.008752915351900124,0.16685416380847853,0.22861846618191795,4.763475999999575,0.08246419878491928,0.0,0.0,7.289,44.8914,calibrated:/Users/let/Documents/DO_A_PAPER_May_18/Papers/Paper_xAI_in_Cyber_2/6_Analysis_Results/xai_surfacebench/data/unsw_nb15/unsw_nb15_score_stream.csv
unsw_nb15_xai_gate_tuning_envelope,high_local_budget,default,adversarial_explanation_flood,xai_gate,5,5000,0.0,0.018554350639668964,0.956294777499406,0.6414133747409212,0.7027448677240135,0.6612085093170481,3291.701769014764,1.0,0.0024679089026915114,0.19460041407867495,0.45666459627264333,6.7819234999954805,0.789063819573466,0.0,0.0,12.075,44.9956,calibrated:/Users/let/Documents/DO_A_PAPER_May_18/Papers/Paper_xAI_in_Cyber_2/6_Analysis_Results/xai_surfacebench/data/unsw_nb15/unsw_nb15_score_stream.csv
unsw_nb15_xai_gate_tuning_envelope,high_local_budget,default,transient_overload,xai_gate,5,5000,0.2472529717716476,1.0352075200107806,53.213560779999966,0.681468818869592,0.7327696344917699,0.7828409474457958,3623.2357876559145,0.9987122222224722,0.25741060615085276,0.15424782099390474,0.5771040562272917,4.077599999999409,0.1978410465145335,0.0006,0.0,10.0734,56.0642,calibrated:/Users/let/Documents/DO_A_PAPER_May_18/Papers/Paper_xAI_in_Cyber_2/6_Analysis_Results/xai_surfacebench/data/unsw_nb15/unsw_nb15_score_stream.csv
unsw_nb15_xai_gate_tuning_envelope,high_local_budget,default,non_markovian,xai_gate,5,5000,0.13804132647885692,1.262034415753874,65.25357723999996,0.6727663376447355,0.7513161249356188,0.7332088155207468,660.642912282176,0.9468472222223214,0.20987916950306332,0.17518294758339006,0.4619426480599047,4.0648799999996355,0.1353602102232665,0.0004,0.0,9.4016,55.2048,calibrated:/Users/let/Documents/DO_A_PAPER_May_18/Papers/Paper_xAI_in_Cyber_2/6_Analysis_Results/xai_surfacebench/data/unsw_nb15/unsw_nb15_score_stream.csv
unsw_nb15_xai_gate_tuning_envelope,high_local_budget,default,rtt_uncertainty,xai_gate,5,5000,0.0,0.015546720969002436,0.8034832599999997,0.7406581687912093,0.851583493643192,0.636137542663349,1.2286258305009266,0.867328888888892,0.008636729706462273,0.16129301008081312,0.22605459746174567,4.713023999999591,0.07005790240836518,0.0,0.0,7.2018,44.8686,calibrated:/Users/let/Documents/DO_A_PAPER_May_18/Papers/Paper_xAI_in_Cyber_2/6_Analysis_Results/xai_surfacebench/data/unsw_nb15/unsw_nb15_score_stream.csv
unsw_nb15_xai_gate_tuning_envelope,high_local_budget,default,adversarial_explanation_flood,xai_gate,6,5000,0.0,0.01517003531650542,0.7818570599999993,0.637448867004543,0.6987052661227087,0.6608500345829672,3427.849775315825,1.0,0.0024537250510506554,0.19051775245372504,0.45433848231279944,6.7784469999956665,0.803566204369915,0.0,0.0,12.1448,44.8918,calibrated:/Users/let/Documents/DO_A_PAPER_May_18/Papers/Paper_xAI_in_Cyber_2/6_Analysis_Results/xai_surfacebench/data/unsw_nb15/unsw_nb15_score_stream.csv
unsw_nb15_xai_gate_tuning_envelope,high_local_budget,default,transient_overload,xai_gate,6,5000,0.2460411850577504,1.0367603701115229,53.29822494000003,0.6819830870181846,0.7330860165369604,0.7840128442929201,3586.479857437481,0.9984611111113688,0.2587606454057719,0.15536807674664432,0.5743034364466783,4.056083999999413,0.19305283897034453,0.0,0.0,10.0278,56.0344,calibrated:/Users/let/Documents/DO_A_PAPER_May_18/Papers/Paper_xAI_in_Cyber_2/6_Analysis_Results/xai_surfacebench/data/unsw_nb15/unsw_nb15_score_stream.csv
unsw_nb15_xai_gate_tuning_envelope,high_local_budget,default,non_markovian,xai_gate,6,5000,0.14043103474503527,1.237955742467455,64.00182798000009,0.6733654419913854,0.7517728513349121,0.736244778791221,635.5608153660161,0.9472250000000901,0.21193845366976388,0.17368510783394425,0.4686301253090103,4.054983999999655,0.13303174850384636,0.0,0.0,9.3848,55.2194,calibrated:/Users/let/Documents/DO_A_PAPER_May_18/Papers/Paper_xAI_in_Cyber_2/6_Analysis_Results/xai_surfacebench/data/unsw_nb15/unsw_nb15_score_stream.csv
unsw_nb15_xai_gate_tuning_envelope,high_local_budget,default,rtt_uncertainty,xai_gate,6,5000,0.0,0.017929571094318055,0.9265056799999984,0.7400884348137277,0.8506436277349781,0.6369845077711116,1.5250572260929247,0.8732355555555624,0.008843481365521409,0.1675043256158853,0.22784323418747082,4.758659999999601,0.07666240862962082,0.0,0.0,7.2822,45.0912,calibrated:/Users/let/Documents/DO_A_PAPER_May_18/Papers/Paper_xAI_in_Cyber_2/6_Analysis_Results/xai_surfacebench/data/unsw_nb15/unsw_nb15_score_stream.csv
unsw_nb15_xai_gate_tuning_envelope,high_local_budget,default,adversarial_explanation_flood,xai_gate,7,5000,0.0,0.016222668335967624,0.8363606124998069,0.6303304423879051,0.6901864207905585,0.6643431818927598,3589.0199232341834,1.0,0.003596651844101491,0.18781061993199058,0.44858627059837974,6.746151499995598,0.8120549884983941,0.0,0.0,12.2336,45.0082,calibrated:/Users/let/Documents/DO_A_PAPER_May_18/Papers/Paper_xAI_in_Cyber_2/6_Analysis_Results/xai_surfacebench/data/unsw_nb15/unsw_nb15_score_stream.csv
unsw_nb15_xai_gate_tuning_envelope,high_local_budget,default,transient_overload,xai_gate,7,5000,0.24823294840487314,1.0346425013224854,53.17300076,0.6783756664759152,0.7292987966704695,0.7805623979375331,3738.2749769673733,1.0,0.2548645405001279,0.15375686151061443,0.5763177051555702,4.103977999994089,0.20621201441938797,0.0004,0.0,10.1654,56.1836,calibrated:/Users/let/Documents/DO_A_PAPER_May_18/Papers/Paper_xAI_in_Cyber_2/6_Analysis_Results/xai_surfacebench/data/unsw_nb15/unsw_nb15_score_stream.csv
unsw_nb15_xai_gate_tuning_envelope,high_local_budget,default,non_markovian,xai_gate,7,5000,0.13547081769300987,1.2595910847066087,65.13256527999995,0.6725813509514106,0.7501686275781759,0.7372723567643936,627.9382917590916,0.9451994444445426,0.2180441450910573,0.17173255539586862,0.46054183916428926,3.972975999999693,0.1260791219196411,0.0002,0.0,9.3238,55.1992,calibrated:/Users/let/Documents/DO_A_PAPER_May_18/Papers/Paper_xAI_in_Cyber_2/6_Analysis_Results/xai_surfacebench/data/unsw_nb15/unsw_nb15_score_stream.csv
unsw_nb15_xai_gate_tuning_envelope,high_local_budget,default,rtt_uncertainty,xai_gate,7,5000,0.0,0.016266669260785325,0.8405851999999999,0.7395382506170197,0.8505223829044917,0.6358630609187171,1.8149380145414233,0.8739533333333345,0.008884014258294489,0.16410748560460653,0.22805045242665203,4.761255999999572,0.07865580616729573,0.0,0.0,7.294,45.0808,calibrated:/Users/let/Documents/DO_A_PAPER_May_18/Papers/Paper_xAI_in_Cyber_2/6_Analysis_Results/xai_surfacebench/data/unsw_nb15/unsw_nb15_score_stream.csv
unsw_nb15_xai_gate_tuning_envelope,high_local_budget,default,adversarial_explanation_flood,xai_gate,8,5000,0.0,0.020520204090523596,1.0576959400000003,0.6370447264659906,0.6980530816420034,0.66259740019739,3412.8617274703824,1.0,0.003072120913422047,0.19147363233119763,0.45626950878863537,6.784259499995829,0.7878384689265083,0.0,0.0,12.174,45.3956,calibrated:/Users/let/Documents/DO_A_PAPER_May_18/Papers/Paper_xAI_in_Cyber_2/6_Analysis_Results/xai_surfacebench/data/unsw_nb15/unsw_nb15_score_stream.csv
unsw_nb15_xai_gate_tuning_envelope,high_local_budget,default,transient_overload,xai_gate,8,5000,0.2478125127161752,1.0381362651989527,53.358510939999995,0.6813614400571265,0.7323858219421983,0.7825735672700428,3700.481918062774,0.999953333333589,0.25694086894530477,0.15408531030931918,0.5782209196403818,4.090263999999406,0.19746648739528094,0.0,0.0,10.0996,56.2276,calibrated:/Users/let/Documents/DO_A_PAPER_May_18/Papers/Paper_xAI_in_Cyber_2/6_Analysis_Results/xai_surfacebench/data/unsw_nb15/unsw_nb15_score_stream.csv
unsw_nb15_xai_gate_tuning_envelope,high_local_budget,default,non_markovian,xai_gate,8,5000,0.13858788642479217,1.2782554000677282,66.08426038000002,0.6734603532187952,0.7509282766271814,0.7369204939111119,706.4905301034458,0.9500844444445544,0.2135676790002763,0.16857586126283128,0.47208467047797165,4.054723999999658,0.1391171618060616,0.0,0.0,9.4106,55.0754,calibrated:/Users/let/Documents/DO_A_PAPER_May_18/Papers/Paper_xAI_in_Cyber_2/6_Analysis_Results/xai_surfacebench/data/unsw_nb15/unsw_nb15_score_stream.csv
unsw_nb15_xai_gate_tuning_envelope,high_local_budget,default,rtt_uncertainty,xai_gate,8,5000,0.0,0.01626095142889704,0.8402811000000001,0.7389825023312675,0.8501969049865203,0.6358810551034976,1.6325659959572678,0.8716761111111148,0.00935220229279798,0.16145576216334814,0.23183039877132358,4.753015999999563,0.08148991831431918,0.0,0.0,7.2924,44.9528,calibrated:/Users/let/Documents/DO_A_PAPER_May_18/Papers/Paper_xAI_in_Cyber_2/6_Analysis_Results/xai_surfacebench/data/unsw_nb15/unsw_nb15_score_stream.csv
unsw_nb15_xai_gate_tuning_envelope,high_local_budget,default,adversarial_explanation_flood,xai_gate,9,5000,0.0,0.017574453204627118,0.9060151924990574,0.6360777923889871,0.6970221090150513,0.6623257787460483,3445.0810184334523,1.0,0.004750554779321114,0.19069614531108736,0.4547978137579142,6.754953499995689,0.8055920374088683,0.0,0.0,12.167,44.9234,calibrated:/Users/let/Documents/DO_A_PAPER_May_18/Papers/Paper_xAI_in_Cyber_2/6_Analysis_Results/xai_surfacebench/data/unsw_nb15/unsw_nb15_score_stream.csv
unsw_nb15_xai_gate_tuning_envelope,high_local_budget,default,transient_overload,xai_gate,9,5000,0.2471726698386301,1.0366204208974652,53.28354771999995,0.681018697869409,0.732029700320697,0.7817573230027813,3679.2585494115897,0.9998922222224829,0.25647309957702497,0.1528837411550777,0.5788631062971894,4.09632799999941,0.20391819524110666,0.0002,0.0,10.1188,56.0326,calibrated:/Users/let/Documents/DO_A_PAPER_May_18/Papers/Paper_xAI_in_Cyber_2/6_Analysis_Results/xai_surfacebench/data/unsw_nb15/unsw_nb15_score_stream.csv
unsw_nb15_xai_gate_tuning_envelope,high_local_budget,default,non_markovian,xai_gate,9,5000,0.1372373229154619,1.2661482696937758,65.46272497999998,0.6731526142751956,0.751784659929898,0.7326651818856595,657.7648516542122,0.947359444444545,0.2080814508431435,0.17312546399406087,0.46607275426874534,4.09234799999968,0.13587082225049008,0.001,0.0,9.429,55.3408,calibrated:/Users/let/Documents/DO_A_PAPER_May_18/Papers/Paper_xAI_in_Cyber_2/6_Analysis_Results/xai_surfacebench/data/unsw_nb15/unsw_nb15_score_stream.csv
unsw_nb15_xai_gate_tuning_envelope,high_local_budget,default,rtt_uncertainty,xai_gate,9,5000,0.0,0.017410734619759657,0.8997661599999998,0.7406044167860614,0.8510861877009465,0.6366576902487244,2.4601018169956195,0.873191111111116,0.008426038109924,0.16645555677938098,0.22601608106619672,4.753395999999569,0.07547038502941428,0.0,0.0,7.2632,45.0234,calibrated:/Users/let/Documents/DO_A_PAPER_May_18/Papers/Paper_xAI_in_Cyber_2/6_Analysis_Results/xai_surfacebench/data/unsw_nb15/unsw_nb15_score_stream.csv
unsw_nb15_xai_gate_tuning_envelope,high_local_budget,default,adversarial_explanation_flood,xai_gate,10,5000,0.0,0.016070093783695154,0.8282142000000007,0.644211865391365,0.7059706348274305,0.6607461110007021,3253.65216350721,1.0,0.0028223262609157617,0.19655012119401002,0.45991259089487757,6.79037449999566,0.7930227677634587,0.0,0.0,12.0468,44.7914,calibrated:/Users/let/Documents/DO_A_PAPER_May_18/Papers/Paper_xAI_in_Cyber_2/6_Analysis_Results/xai_surfacebench/data/unsw_nb15/unsw_nb15_score_stream.csv
unsw_nb15_xai_gate_tuning_envelope,high_local_budget,default,transient_overload,xai_gate,10,5000,0.2483641037012858,1.035506608179198,53.224167159999965,0.6785425471266118,0.729513448846081,0.7802488058504042,3716.796882084697,1.0,0.2548896271106481,0.15222220038134177,0.5783863739103995,4.108046999994236,0.20331999280936097,0.0004,0.0,10.1746,56.3696,calibrated:/Users/let/Documents/DO_A_PAPER_May_18/Papers/Paper_xAI_in_Cyber_2/6_Analysis_Results/xai_surfacebench/data/unsw_nb15/unsw_nb15_score_stream.csv
unsw_nb15_xai_gate_tuning_envelope,high_local_budget,default,non_markovian,xai_gate,10,5000,0.13871883632571474,1.263693243952022,65.34147460000004,0.6748277577147626,0.7537518033680772,0.7349544795968945,592.7497417818371,0.9450483333334194,0.2121402158164479,0.16960404818026512,0.455528404299029,4.008183999999694,0.12409997617762802,0.0,0.0,9.2486,54.8504,calibrated:/Users/let/Documents/DO_A_PAPER_May_18/Papers/Paper_xAI_in_Cyber_2/6_Analysis_Results/xai_surfacebench/data/unsw_nb15/unsw_nb15_score_stream.csv
unsw_nb15_xai_gate_tuning_envelope,high_local_budget,default,rtt_uncertainty,xai_gate,10,5000,0.0,0.01685559672743886,0.8710187800000001,0.7383794843814709,0.8492117040881653,0.6353211217467923,1.853465119567205,0.872278888888894,0.008566362024280454,0.16180602919110626,0.23642067930705224,4.776891999999577,0.08555300862993254,0.0,0.0,7.331,45.0216,calibrated:/Users/let/Documents/DO_A_PAPER_May_18/Papers/Paper_xAI_in_Cyber_2/6_Analysis_Results/xai_surfacebench/data/unsw_nb15/unsw_nb15_score_stream.csv
unsw_nb15_xai_gate_tuning_envelope,high_local_budget,default,adversarial_explanation_flood,xai_gate,11,5000,0.0,0.016963429262524816,0.8742349000000013,0.6382219559593492,0.6992529017565159,0.6620494877878709,3376.3575457628244,1.0,0.0029316336446135348,0.19429484328935884,0.45489113427808103,6.781169499995618,0.7997661255541189,0.0002,0.0,12.1434,44.9814,calibrated:/Users/let/Documents/DO_A_PAPER_May_18/Papers/Paper_xAI_in_Cyber_2/6_Analysis_Results/xai_surfacebench/data/unsw_nb15/unsw_nb15_score_stream.csv
unsw_nb15_xai_gate_tuning_envelope,high_local_budget,default,transient_overload,xai_gate,11,5000,0.247415822275405,1.0366085144928838,53.29014881999997,0.6820718061235649,0.7329530394103744,0.784199860377036,3587.214972838736,0.9986144444447065,0.25894085967886704,0.15502144210631297,0.574668395332602,4.055355999999409,0.190315082705945,0.0004,0.0,10.027,56.1588,calibrated:/Users/let/Documents/DO_A_PAPER_May_18/Papers/Paper_xAI_in_Cyber_2/6_Analysis_Results/xai_surfacebench/data/unsw_nb15/unsw_nb15_score_stream.csv
unsw_nb15_xai_gate_tuning_envelope,high_local_budget,default,non_markovian,xai_gate,11,5000,0.1368301122573367,1.2452485447433514,64.38975465999985,0.6730674070580995,0.7512070244324944,0.7366105655846544,604.7591633679176,0.9460483333334296,0.21564255392135842,0.17383474122035933,0.45977874019124393,3.9980599999996875,0.131476326498432,0.0002,0.0,9.3284,54.963,calibrated:/Users/let/Documents/DO_A_PAPER_May_18/Papers/Paper_xAI_in_Cyber_2/6_Analysis_Results/xai_surfacebench/data/unsw_nb15/unsw_nb15_score_stream.csv
unsw_nb15_xai_gate_tuning_envelope,high_local_budget,default,rtt_uncertainty,xai_gate,11,5000,0.0,0.015685933114202497,0.8107059800000004,0.7397193779774114,0.8501117245919112,0.6363237866398157,1.49468495594124,0.8736594444444505,0.008268083009363193,0.1664293927613207,0.23098614685429558,4.773471999999568,0.0840103575429807,0.0,0.0,7.3052,44.927,calibrated:/Users/let/Documents/DO_A_PAPER_May_18/Papers/Paper_xAI_in_Cyber_2/6_Analysis_Results/xai_surfacebench/data/unsw_nb15/unsw_nb15_score_stream.csv
unsw_nb15_xai_gate_tuning_envelope,high_local_budget,default,adversarial_explanation_flood,xai_gate,12,5000,0.0,0.018425656711941997,0.9496720899998081,0.6347733127674006,0.6953249905156169,0.6633750389704837,3489.8064363223375,1.0,0.004069376302446548,0.18989875785570123,0.4537600708852839,6.760405999995596,0.8070517211216588,0.0,0.0,12.1886,44.9668,calibrated:/Users/let/Documents/DO_A_PAPER_May_18/Papers/Paper_xAI_in_Cyber_2/6_Analysis_Results/xai_surfacebench/data/unsw_nb15/unsw_nb15_score_stream.csv
unsw_nb15_xai_gate_tuning_envelope,high_local_budget,default,transient_overload,xai_gate,12,5000,0.24628503335492932,1.0368892279230533,53.30189637999997,0.6813603728680051,0.7323689111385352,0.7825712019040596,3627.0237407089307,0.9996011111113724,0.25719952399841334,0.15477984926616423,0.5762990876636256,4.08217999999944,0.19655320532445142,0.0,0.0,10.084,56.1836,calibrated:/Users/let/Documents/DO_A_PAPER_May_18/Papers/Paper_xAI_in_Cyber_2/6_Analysis_Results/xai_surfacebench/data/unsw_nb15/unsw_nb15_score_stream.csv
unsw_nb15_xai_gate_tuning_envelope,high_local_budget,default,non_markovian,xai_gate,12,5000,0.13799936372311225,1.2248754302545546,63.3279506000001,0.6748824718955388,0.7536780439030466,0.7393217943421075,567.1861265904852,0.9417944444445342,0.21655178412229012,0.17502011350540347,0.45789210463371677,3.960811999999657,0.11664712066801286,0.0,0.0,9.1978,54.9132,calibrated:/Users/let/Documents/DO_A_PAPER_May_18/Papers/Paper_xAI_in_Cyber_2/6_Analysis_Results/xai_surfacebench/data/unsw_nb15/unsw_nb15_score_stream.csv
unsw_nb15_xai_gate_tuning_envelope,high_local_budget,default,rtt_uncertainty,xai_gate,12,5000,0.0,0.015899233116267262,0.8214984999999999,0.7386395374209747,0.8494539049688491,0.6367328790909955,2.0125869380360832,0.8737361111111134,0.009464324678158411,0.16722125245472397,0.2329805804058477,4.775171999999579,0.08717182320114336,0.0,0.0,7.3328,44.9656,calibrated:/Users/let/Documents/DO_A_PAPER_May_18/Papers/Paper_xAI_in_Cyber_2/6_Analysis_Results/xai_surfacebench/data/unsw_nb15/unsw_nb15_score_stream.csv
unsw_nb15_xai_gate_tuning_envelope,high_local_budget,default,adversarial_explanation_flood,xai_gate,13,5000,0.0,0.018792698782507635,0.9686497199999998,0.6322801757282648,0.6924496856014277,0.6627240579546707,3560.681423149108,1.0,0.0030269810363728585,0.18899815108725887,0.44985642292591926,6.763032499995793,0.8061619981056765,0.0,0.0,12.2234,45.1174,calibrated:/Users/let/Documents/DO_A_PAPER_May_18/Papers/Paper_xAI_in_Cyber_2/6_Analysis_Results/xai_surfacebench/data/unsw_nb15/unsw_nb15_score_stream.csv
unsw_nb15_xai_gate_tuning_envelope,high_local_budget,default,transient_overload,xai_gate,13,5000,0.24700457686772415,1.0386235469149254,53.38292832999967,0.6758881475661617,0.7270667746925953,0.7794883241763723,3740.724215181306,1.0,0.25461145996860285,0.15221742543171116,0.5741071428560236,4.0950419999941925,0.21023858039204657,0.0004,0.0,10.192,56.1432,calibrated:/Users/let/Documents/DO_A_PAPER_May_18/Papers/Paper_xAI_in_Cyber_2/6_Analysis_Results/xai_surfacebench/data/unsw_nb15/unsw_nb15_score_stream.csv
unsw_nb15_xai_gate_tuning_envelope,high_local_budget,default,non_markovian,xai_gate,13,5000,0.13699262847038665,1.26001741488582,65.15857406000006,0.6724231303744418,0.7501322774502719,0.7418444367236853,574.8455774516852,0.9428127777778742,0.2259185268826544,0.17675670980630592,0.45222791626856595,3.872855999999684,0.11932235934641988,0.0,0.0,9.2104,54.857,calibrated:/Users/let/Documents/DO_A_PAPER_May_18/Papers/Paper_xAI_in_Cyber_2/6_Analysis_Results/xai_surfacebench/data/unsw_nb15/unsw_nb15_score_stream.csv
unsw_nb15_xai_gate_tuning_envelope,high_local_budget,default,rtt_uncertainty,xai_gate,13,5000,0.0,0.01787878257889892,0.9239449400000005,0.7388124163914604,0.8492143462550608,0.6363574538394389,1.6320339253551546,0.873413333333338,0.009118458052362883,0.1652788773922302,0.2334489066040569,4.774107999999544,0.08258041253261883,0.0,0.0,7.3258,45.1132,calibrated:/Users/let/Documents/DO_A_PAPER_May_18/Papers/Paper_xAI_in_Cyber_2/6_Analysis_Results/xai_surfacebench/data/unsw_nb15/unsw_nb15_score_stream.csv
unsw_nb15_xai_gate_tuning_envelope,high_local_budget,default,adversarial_explanation_flood,xai_gate,14,5000,0.0,0.017583307706582396,0.9062484200000009,0.6403270444926619,0.7011863868628841,0.6615106645844209,3357.7847827963137,1.0,0.00267750892502975,0.1946482877165146,0.45539757701908984,6.781194499995704,0.7958958330550663,0.0,0.0,12.1008,44.9202,calibrated:/Users/let/Documents/DO_A_PAPER_May_18/Papers/Paper_xAI_in_Cyber_2/6_Analysis_Results/xai_surfacebench/data/unsw_nb15/unsw_nb15_score_stream.csv
unsw_nb15_xai_gate_tuning_envelope,high_local_budget,default,transient_overload,xai_gate,14,5000,0.2475378329778483,1.0371453832011293,53.30473215999998,0.6779699470226954,0.7288328982558464,0.7807676704013864,3741.6674589478716,1.0,0.2554896902140733,0.15314020127222955,0.5752998404778321,4.092735999994189,0.20537298622807287,0.0002,0.0,10.1554,56.1674,calibrated:/Users/let/Documents/DO_A_PAPER_May_18/Papers/Paper_xAI_in_Cyber_2/6_Analysis_Results/xai_surfacebench/data/unsw_nb15/unsw_nb15_score_stream.csv
unsw_nb15_xai_gate_tuning_envelope,high_local_budget,default,non_markovian,xai_gate,14,5000,0.13582577298913426,1.291438080167623,66.78215431999982,0.6717728981545599,0.7501994955193084,0.7350247778537085,665.4262070852518,0.9476105555556585,0.21593045112781956,0.17165071770334928,0.45849709501025293,3.9975719999997046,0.1379955759741367,0.0008,0.0,9.3632,54.852,calibrated:/Users/let/Documents/DO_A_PAPER_May_18/Papers/Paper_xAI_in_Cyber_2/6_Analysis_Results/xai_surfacebench/data/unsw_nb15/unsw_nb15_score_stream.csv
unsw_nb15_xai_gate_tuning_envelope,high_local_budget,default,rtt_uncertainty,xai_gate,14,5000,0.0,0.01889574633998675,0.9765038599999998,0.7400354278809884,0.8499654361462291,0.6374833134690071,1.7320091493441465,0.871750000000005,0.009062946281445678,0.16283093485664066,0.23475777216302318,4.758227999999547,0.07849061074580743,0.0,0.0,7.2824,45.016,calibrated:/Users/let/Documents/DO_A_PAPER_May_18/Papers/Paper_xAI_in_Cyber_2/6_Analysis_Results/xai_surfacebench/data/unsw_nb15/unsw_nb15_score_stream.csv
unsw_nb15_xai_gate_tuning_envelope,high_local_budget,default,adversarial_explanation_flood,xai_gate,15,5000,0.0,0.016133134417531156,0.831601720000001,0.6417942202165896,0.7033017573960832,0.6609275626401399,3274.115241406211,1.0,0.002247785270395346,0.19636718233505224,0.4579676550304759,6.799772499995754,0.7962157275751378,0.0,0.0,12.1008,44.9122,calibrated:/Users/let/Documents/DO_A_PAPER_May_18/Papers/Paper_xAI_in_Cyber_2/6_Analysis_Results/xai_surfacebench/data/unsw_nb15/unsw_nb15_score_stream.csv
unsw_nb15_xai_gate_tuning_envelope,high_local_budget,default,transient_overload,xai_gate,15,5000,0.246002544705492,1.0374748106625153,53.33105692,0.6812324236543893,0.7324003340851399,0.7821438190676623,3646.189718372151,0.9997277777780378,0.2567433754505486,0.15447379886719215,0.5769002257693984,4.089279999999432,0.20176168257107996,0.0,0.0,10.0988,56.0222,calibrated:/Users/let/Documents/DO_A_PAPER_May_18/Papers/Paper_xAI_in_Cyber_2/6_Analysis_Results/xai_surfacebench/data/unsw_nb15/unsw_nb15_score_stream.csv
unsw_nb15_xai_gate_tuning_envelope,high_local_budget,default,non_markovian,xai_gate,15,5000,0.13615915957105068,1.3583916450389009,70.24371364000004,0.6724632531777535,0.7489703195294233,0.7373159486496094,708.2836143992375,0.9502794444445509,0.21576465114311696,0.17363534462703298,0.46985174375568384,4.042319999999682,0.13777707192590305,0.0,0.0,9.4566,55.4098,calibrated:/Users/let/Documents/DO_A_PAPER_May_18/Papers/Paper_xAI_in_Cyber_2/6_Analysis_Results/xai_surfacebench/data/unsw_nb15/unsw_nb15_score_stream.csv
unsw_nb15_xai_gate_tuning_envelope,high_local_budget,default,rtt_uncertainty,xai_gate,15,5000,0.0,0.017239694774189546,0.8909058600000002,0.7393550935891553,0.8499905635960916,0.6372756873546449,3.895533346554614,0.875906111111113,0.008991090646541154,0.16696182873334606,0.2343950085824047,4.789779999999549,0.08510424427336494,0.0,0.0,7.3406,45.0992,calibrated:/Users/let/Documents/DO_A_PAPER_May_18/Papers/Paper_xAI_in_Cyber_2/6_Analysis_Results/xai_surfacebench/data/unsw_nb15/unsw_nb15_score_stream.csv
unsw_nb15_xai_gate_tuning_envelope,high_local_budget,default,adversarial_explanation_flood,xai_gate,16,5000,0.0,0.017881420036332682,0.9219934400000002,0.6358051014375921,0.6964972570357469,0.6625714825030532,3407.5090630239574,1.0,0.0032991924364782353,0.19233799487886546,0.45340916551707783,6.774729999995664,0.8032241021838817,0.0,0.0,12.1848,45.0482,calibrated:/Users/let/Documents/DO_A_PAPER_May_18/Papers/Paper_xAI_in_Cyber_2/6_Analysis_Results/xai_surfacebench/data/unsw_nb15/unsw_nb15_score_stream.csv
unsw_nb15_xai_gate_tuning_envelope,high_local_budget,default,transient_overload,xai_gate,16,5000,0.24822451077400604,1.03621313863424,53.257483239999914,0.6764349652540472,0.7278388601283661,0.7796581406299566,3724.4827421800755,1.0,0.254583644144321,0.152526402575478,0.5747222331267571,4.098337999994242,0.2087862544520971,0.0004,0.0,10.1884,56.1908,calibrated:/Users/let/Documents/DO_A_PAPER_May_18/Papers/Paper_xAI_in_Cyber_2/6_Analysis_Results/xai_surfacebench/data/unsw_nb15/unsw_nb15_score_stream.csv
unsw_nb15_xai_gate_tuning_envelope,high_local_budget,default,non_markovian,xai_gate,16,5000,0.1360698503534036,1.2132895363432081,62.7348456800001,0.6754087573862898,0.7543143602428866,0.7361853639531459,552.9208539237246,0.9440100000000926,0.2112508387264345,0.17577541611653427,0.456007445726283,4.018219999999669,0.12915603523281693,0.0002,0.0,9.2402,54.5552,calibrated:/Users/let/Documents/DO_A_PAPER_May_18/Papers/Paper_xAI_in_Cyber_2/6_Analysis_Results/xai_surfacebench/data/unsw_nb15/unsw_nb15_score_stream.csv
unsw_nb15_xai_gate_tuning_envelope,high_local_budget,default,rtt_uncertainty,xai_gate,16,5000,0.0,0.015910344070385385,0.8221480400000007,0.7401401147397038,0.8509257711999269,0.6364264242291003,1.800462006504491,0.8703861111111134,0.008936451897616946,0.15939430714916153,0.23149271844660194,4.7395279999995665,0.07534631543511683,0.0,0.0,7.2512,44.9542,calibrated:/Users/let/Documents/DO_A_PAPER_May_18/Papers/Paper_xAI_in_Cyber_2/6_Analysis_Results/xai_surfacebench/data/unsw_nb15/unsw_nb15_score_stream.csv
unsw_nb15_xai_gate_tuning_envelope,high_local_budget,default,adversarial_explanation_flood,xai_gate,17,5000,0.0,0.017567795082104796,0.9050532024998028,0.639153233132103,0.7000147150885281,0.6625134817080951,3394.5450337572493,1.0,0.0030060285737880917,0.19289784457841275,0.45583656784146004,6.773205499995601,0.797120807361239,0.0,0.0,12.109,44.92,calibrated:/Users/let/Documents/DO_A_PAPER_May_18/Papers/Paper_xAI_in_Cyber_2/6_Analysis_Results/xai_surfacebench/data/unsw_nb15/unsw_nb15_score_stream.csv
unsw_nb15_xai_gate_tuning_envelope,high_local_budget,default,transient_overload,xai_gate,17,5000,0.24747263045793397,1.037074719999334,53.30783979999996,0.6791546198594008,0.7301090529886076,0.7810573414856262,3688.6230088175603,1.0,0.2557933142688098,0.1533773789567104,0.5762301548159346,4.094524999994099,0.20398963293809946,0.0002,0.0,10.141,56.1522,calibrated:/Users/let/Documents/DO_A_PAPER_May_18/Papers/Paper_xAI_in_Cyber_2/6_Analysis_Results/xai_surfacebench/data/unsw_nb15/unsw_nb15_score_stream.csv
unsw_nb15_xai_gate_tuning_envelope,high_local_budget,default,non_markovian,xai_gate,17,5000,0.13797879482614558,1.2687196660488127,65.60399843999994,0.6732088570751797,0.7514503458853762,0.7393102779155076,578.8345411644112,0.9443761111112033,0.219055216575753,0.1757400659752916,0.4591535326965783,3.956651999999668,0.12344826750959736,0.0002,0.0,9.2762,55.046,calibrated:/Users/let/Documents/DO_A_PAPER_May_18/Papers/Paper_xAI_in_Cyber_2/6_Analysis_Results/xai_surfacebench/data/unsw_nb15/unsw_nb15_score_stream.csv
unsw_nb15_xai_gate_tuning_envelope,high_local_budget,default,rtt_uncertainty,xai_gate,17,5000,0.0,0.014535807647906393,0.75126402,0.7392544810738865,0.8503610865432004,0.6360771830243946,1.5308075192391506,0.8712361111111144,0.009003321347204303,0.1610167165326233,0.2332354313633993,4.753947999999577,0.07819112728994804,0.0,0.0,7.2862,45.052,calibrated:/Users/let/Documents/DO_A_PAPER_May_18/Papers/Paper_xAI_in_Cyber_2/6_Analysis_Results/xai_surfacebench/data/unsw_nb15/unsw_nb15_score_stream.csv
unsw_nb15_xai_gate_tuning_envelope,high_local_budget,default,adversarial_explanation_flood,xai_gate,18,5000,0.0,0.018668765206445722,0.9621491800000018,0.6396033358101607,0.7006676450299424,0.6617382544796598,3352.5018890446404,1.0,0.0031706712905622985,0.1891008174386921,0.4587895301785673,6.776539999995717,0.7932020894779914,0.0,0.0,12.111,45.0256,calibrated:/Users/let/Documents/DO_A_PAPER_May_18/Papers/Paper_xAI_in_Cyber_2/6_Analysis_Results/xai_surfacebench/data/unsw_nb15/unsw_nb15_score_stream.csv
unsw_nb15_xai_gate_tuning_envelope,high_local_budget,default,transient_overload,xai_gate,18,5000,0.24722796275896422,1.0360116776155013,53.251149659999946,0.6781375716616073,0.7292696896360287,0.7808097578748835,3711.6530330064775,1.0,0.2554620855414803,0.1537067318111074,0.5751246084426982,4.093268999994196,0.20249221183800525,0.0004,0.0,10.1518,56.282,calibrated:/Users/let/Documents/DO_A_PAPER_May_18/Papers/Paper_xAI_in_Cyber_2/6_Analysis_Results/xai_surfacebench/data/unsw_nb15/unsw_nb15_score_stream.csv
unsw_nb15_xai_gate_tuning_envelope,high_local_budget,default,non_markovian,xai_gate,18,5000,0.1348265432952759,1.1943629175108377,61.75217775999998,0.6747089229179637,0.7533521109562781,0.7371579332773213,626.1159123517183,0.9447633333334302,0.2125950334905559,0.17421550257371152,0.46264349249423875,4.022495999999666,0.12694413700704743,0.0,0.0,9.2862,54.9344,calibrated:/Users/let/Documents/DO_A_PAPER_May_18/Papers/Paper_xAI_in_Cyber_2/6_Analysis_Results/xai_surfacebench/data/unsw_nb15/unsw_nb15_score_stream.csv
unsw_nb15_xai_gate_tuning_envelope,high_local_budget,default,rtt_uncertainty,xai_gate,18,5000,0.0,0.014843614977881,0.767079559999999,0.7387243853857595,0.8499954917851715,0.6350779512057583,3.0775664343746496,0.8720916666666676,0.007776474119348413,0.16158694643782914,0.2377691069333406,4.783519999999562,0.08705582250697108,0.0,0.0,7.3298,44.952,calibrated:/Users/let/Documents/DO_A_PAPER_May_18/Papers/Paper_xAI_in_Cyber_2/6_Analysis_Results/xai_surfacebench/data/unsw_nb15/unsw_nb15_score_stream.csv
unsw_nb15_xai_gate_tuning_envelope,high_local_budget,default,adversarial_explanation_flood,xai_gate,19,5000,0.0,0.018249761829248933,0.9411088000000011,0.639402009676578,0.7008176471964995,0.661967836088569,3332.078574552806,1.0,0.005135657314596166,0.1923146787324339,0.45764940469249704,6.755228499995769,0.7999774099966708,0.0,0.0,12.1114,44.8576,calibrated:/Users/let/Documents/DO_A_PAPER_May_18/Papers/Paper_xAI_in_Cyber_2/6_Analysis_Results/xai_surfacebench/data/unsw_nb15/unsw_nb15_score_stream.csv
unsw_nb15_xai_gate_tuning_envelope,high_local_budget,default,transient_overload,xai_gate,19,5000,0.24599881967750514,1.0356125576814712,53.234507859999965,0.6812661816308477,0.7324440397671875,0.7824863707551616,3639.097138432581,0.99918555555581,0.25716154867870666,0.15371805800606625,0.5777015641417045,4.083163999999414,0.19808849271665374,0.0004,0.0,10.0886,56.1372,calibrated:/Users/let/Documents/DO_A_PAPER_May_18/Papers/Paper_xAI_in_Cyber_2/6_Analysis_Results/xai_surfacebench/data/unsw_nb15/unsw_nb15_score_stream.csv
unsw_nb15_xai_gate_tuning_envelope,high_local_budget,default,non_markovian,xai_gate,19,5000,0.13689449674044404,1.268966210718563,65.6114447199999,0.6757836044521375,0.7537889848263502,0.7354963613013538,675.8949254537456,0.9481000000001099,0.2086472602739726,0.17191780821917807,0.4658390410958904,4.081911999999641,0.12679589124683188,0.0,0.0,9.344,55.2836,calibrated:/Users/let/Documents/DO_A_PAPER_May_18/Papers/Paper_xAI_in_Cyber_2/6_Analysis_Results/xai_surfacebench/data/unsw_nb15/unsw_nb15_score_stream.csv
unsw_nb15_xai_gate_tuning_envelope,high_local_budget,default,rtt_uncertainty,xai_gate,19,5000,0.0,0.016184107771090736,0.8362161399999999,0.7407238818197452,0.8507202414020589,0.6395235231727728,2.6812742735287576,0.8765033333333361,0.00920211894489651,0.1689148599202665,0.23630604554639287,4.790935999999582,0.0846190639081752,0.0,0.0,7.3244,45.0198,calibrated:/Users/let/Documents/DO_A_PAPER_May_18/Papers/Paper_xAI_in_Cyber_2/6_Analysis_Results/xai_surfacebench/data/unsw_nb15/unsw_nb15_score_stream.csv
unsw_nb15_xai_gate_tuning_envelope,high_local_budget,default,adversarial_explanation_flood,xai_gate,20,5000,0.0,0.01787333479714784,0.9213261600000009,0.6390717862552598,0.700602118812953,0.6616510179880039,3338.8997516148206,1.0,0.0025861500955393028,0.19386242340383475,0.4567437570001195,6.791779999995737,0.7961850152226639,0.0002,0.0,12.1416,45.0644,calibrated:/Users/let/Documents/DO_A_PAPER_May_18/Papers/Paper_xAI_in_Cyber_2/6_Analysis_Results/xai_surfacebench/data/unsw_nb15/unsw_nb15_score_stream.csv
unsw_nb15_xai_gate_tuning_envelope,high_local_budget,default,transient_overload,xai_gate,20,5000,0.24552831034642167,1.0364040843904874,53.26984671999998,0.6759171736991527,0.7267632232298994,0.7796528949956459,3741.2285082098388,1.0,0.25472031403336604,0.1521295387634936,0.5742787046112492,4.09399799999421,0.20771658601395626,0.0002,0.0,10.19,56.2494,calibrated:/Users/let/Documents/DO_A_PAPER_May_18/Papers/Paper_xAI_in_Cyber_2/6_Analysis_Results/xai_surfacebench/data/unsw_nb15/unsw_nb15_score_stream.csv
unsw_nb15_xai_gate_tuning_envelope,high_local_budget,default,non_markovian,xai_gate,20,5000,0.13593423222366888,1.2269886769757528,63.438179579999996,0.674186219977485,0.7529404657086919,0.735393303923434,642.4393161730416,0.946287222222309,0.20910853952219594,0.17324126760863542,0.47049421392494084,4.082063999999668,0.14073377165633194,0.0,0.0,9.3846,54.8454,calibrated:/Users/let/Documents/DO_A_PAPER_May_18/Papers/Paper_xAI_in_Cyber_2/6_Analysis_Results/xai_surfacebench/data/unsw_nb15/unsw_nb15_score_stream.csv
unsw_nb15_xai_gate_tuning_envelope,high_local_budget,default,rtt_uncertainty,xai_gate,20,5000,0.0,0.016307920967208938,0.8426725000000006,0.7395887023656569,0.8499250076172543,0.6361595778533464,1.1537333684817335,0.8733322222222293,0.009259004863038163,0.16693683545347143,0.22427672610379976,4.749723999999589,0.07555193068619692,0.0,0.0,7.2794,45.1204,calibrated:/Users/let/Documents/DO_A_PAPER_May_18/Papers/Paper_xAI_in_Cyber_2/6_Analysis_Results/xai_surfacebench/data/unsw_nb15/unsw_nb15_score_stream.csv
unsw_nb15_xai_gate_tuning_envelope,balanced_strict,default,adversarial_explanation_flood,xai_gate,1,5000,0.0,0.01624834665046954,0.8377697200000006,0.603131816084836,0.6553389375430602,0.6900665752366816,4511.164842400974,1.0,0.04205792230898488,0.14989621429277453,0.4320677242917893,6.08330649999565,0.8018371008891607,0.0026,0.0,12.1404,44.9186,calibrated:/Users/let/Documents/DO_A_PAPER_May_18/Papers/Paper_xAI_in_Cyber_2/6_Analysis_Results/xai_surfacebench/data/unsw_nb15/unsw_nb15_score_stream.csv
unsw_nb15_xai_gate_tuning_envelope,balanced_strict,default,transient_overload,xai_gate,1,5000,0.24773606396843678,1.0370262747529402,53.27259976000003,0.6620301374962525,0.7156385593822924,0.7530760008232223,4097.005014746294,1.0,0.2448070925602652,0.15356099091854147,0.49111713708379023,4.007109499994175,0.21031053629887375,0.0146,0.0,10.1966,56.1652,calibrated:/Users/let/Documents/DO_A_PAPER_May_18/Papers/Paper_xAI_in_Cyber_2/6_Analysis_Results/xai_surfacebench/data/unsw_nb15/unsw_nb15_score_stream.csv
unsw_nb15_xai_gate_tuning_envelope,balanced_strict,default,non_markovian,xai_gate,1,5000,0.1372039308244507,1.3360404277158502,69.08517659999997,0.6693456490241956,0.7417282966823262,0.7418503366572786,823.7455419131722,0.9561327777779154,0.23276229438336316,0.19119151112247507,0.434969743458621,3.8537639999997753,0.13436299035602595,0.0052,0.0,9.3864,55.164,calibrated:/Users/let/Documents/DO_A_PAPER_May_18/Papers/Paper_xAI_in_Cyber_2/6_Analysis_Results/xai_surfacebench/data/unsw_nb15/unsw_nb15_score_stream.csv
unsw_nb15_xai_gate_tuning_envelope,balanced_strict,default,rtt_uncertainty,xai_gate,1,5000,0.0,0.01657302901325757,0.8564876199999996,0.7258286624904529,0.8382956452841981,0.621489724114991,21.13709100177278,0.846941111111129,0.011787009561490274,0.18804264204857676,0.18850972634355423,4.60364399999962,0.07773419976103835,0.0,0.0,7.2792,45.0278,calibrated:/Users/let/Documents/DO_A_PAPER_May_18/Papers/Paper_xAI_in_Cyber_2/6_Analysis_Results/xai_surfacebench/data/unsw_nb15/unsw_nb15_score_stream.csv
unsw_nb15_xai_gate_tuning_envelope,balanced_strict,default,adversarial_explanation_flood,xai_gate,2,5000,0.0,0.018814250549756897,0.9706407400000002,0.5972030691952204,0.6493681756029908,0.688878936381498,4697.941614082675,1.0,0.04225443989628011,0.1443924395375006,0.4302785433545918,6.078358999995652,0.8126137151353647,0.0016,0.0,12.2638,45.1054,calibrated:/Users/let/Documents/DO_A_PAPER_May_18/Papers/Paper_xAI_in_Cyber_2/6_Analysis_Results/xai_surfacebench/data/unsw_nb15/unsw_nb15_score_stream.csv
unsw_nb15_xai_gate_tuning_envelope,balanced_strict,default,transient_overload,xai_gate,2,5000,0.24750595413385706,1.036750033673758,53.26691775999991,0.665738134221783,0.7194804953052704,0.7543660982014593,4007.3897235785007,1.0,0.24627160104158446,0.15519214077171942,0.4931917265040093,4.005636499994027,0.2019471296908817,0.0146,0.0,10.1384,56.2332,calibrated:/Users/let/Documents/DO_A_PAPER_May_18/Papers/Paper_xAI_in_Cyber_2/6_Analysis_Results/xai_surfacebench/data/unsw_nb15/unsw_nb15_score_stream.csv
unsw_nb15_xai_gate_tuning_envelope,balanced_strict,default,non_markovian,xai_gate,2,5000,0.1357740169193499,1.283724213222132,66.36802995999992,0.670639599082726,0.7422568204007878,0.7424025312154867,867.0121994352419,0.9587855555557049,0.23090970865539795,0.18175061581584984,0.4471247770321923,3.895971999999736,0.1335410641450141,0.005,0.0,9.4184,55.3922,calibrated:/Users/let/Documents/DO_A_PAPER_May_18/Papers/Paper_xAI_in_Cyber_2/6_Analysis_Results/xai_surfacebench/data/unsw_nb15/unsw_nb15_score_stream.csv
unsw_nb15_xai_gate_tuning_envelope,balanced_strict,default,rtt_uncertainty,xai_gate,2,5000,0.0,0.01718128421170609,0.8881518599999999,0.7259279348034128,0.8388139918840319,0.6227437323487574,23.96271746328597,0.8566116666666811,0.013355501648995611,0.18512360653056775,0.1880945242443239,4.635339999999605,0.08493571972469027,0.0,0.0,7.3378,45.089,calibrated:/Users/let/Documents/DO_A_PAPER_May_18/Papers/Paper_xAI_in_Cyber_2/6_Analysis_Results/xai_surfacebench/data/unsw_nb15/unsw_nb15_score_stream.csv
unsw_nb15_xai_gate_tuning_envelope,balanced_strict,default,adversarial_explanation_flood,xai_gate,3,5000,0.0,0.017874326701470274,0.9219218000000008,0.6025827988382998,0.655669021794839,0.6879080887783553,4498.755411739589,1.0,0.04204327356834697,0.1519003953347222,0.43220255573169275,6.098673999995591,0.803294448955564,0.0036,0.0,12.1922,45.0738,calibrated:/Users/let/Documents/DO_A_PAPER_May_18/Papers/Paper_xAI_in_Cyber_2/6_Analysis_Results/xai_surfacebench/data/unsw_nb15/unsw_nb15_score_stream.csv
unsw_nb15_xai_gate_tuning_envelope,balanced_strict,default,transient_overload,xai_gate,3,5000,0.24724359676918112,1.035790014844586,53.22609798,0.6727403644631766,0.726158465884199,0.7570774535444257,3892.9086575335123,1.0,0.2492964212291172,0.15624438633959403,0.49654198518870657,3.9967389999938394,0.19318350962803743,0.0138,0.0,10.0202,55.9858,calibrated:/Users/let/Documents/DO_A_PAPER_May_18/Papers/Paper_xAI_in_Cyber_2/6_Analysis_Results/xai_surfacebench/data/unsw_nb15/unsw_nb15_score_stream.csv
unsw_nb15_xai_gate_tuning_envelope,balanced_strict,default,non_markovian,xai_gate,3,5000,0.13200873781437644,1.2008003547813841,62.08847085999989,0.6710498432263688,0.7436404674811719,0.7459692939777098,746.8866479760002,0.9523622222223577,0.23689047464590768,0.18825819007460265,0.4350956860201103,3.7919719999997508,0.1273301691543749,0.005,0.0,9.249,54.6956,calibrated:/Users/let/Documents/DO_A_PAPER_May_18/Papers/Paper_xAI_in_Cyber_2/6_Analysis_Results/xai_surfacebench/data/unsw_nb15/unsw_nb15_score_stream.csv
unsw_nb15_xai_gate_tuning_envelope,balanced_strict,default,rtt_uncertainty,xai_gate,3,5000,0.0,0.017398587238301746,0.8991873199999992,0.7238038969545504,0.8361953653641414,0.6184111611458777,14.538193418793467,0.8537427777777977,0.012416766728523087,0.1851599170396245,0.17940181202925445,4.616003999999603,0.08446606826300651,0.0,0.0,7.3288,45.0532,calibrated:/Users/let/Documents/DO_A_PAPER_May_18/Papers/Paper_xAI_in_Cyber_2/6_Analysis_Results/xai_surfacebench/data/unsw_nb15/unsw_nb15_score_stream.csv
unsw_nb15_xai_gate_tuning_envelope,balanced_strict,default,adversarial_explanation_flood,xai_gate,4,5000,0.0,0.01693863930659319,0.8739471874993986,0.6075006609054742,0.6599652892391336,0.6886088553108328,4392.347102591564,1.0,0.042397105232721444,0.1509343555342597,0.4363733621922315,6.1014694999956625,0.7944304848309682,0.0014,0.0,12.1046,44.971,calibrated:/Users/let/Documents/DO_A_PAPER_May_18/Papers/Paper_xAI_in_Cyber_2/6_Analysis_Results/xai_surfacebench/data/unsw_nb15/unsw_nb15_score_stream.csv
unsw_nb15_xai_gate_tuning_envelope,balanced_strict,default,transient_overload,xai_gate,4,5000,0.24899177425790608,1.036286757727881,53.239033317499654,0.6640829683548471,0.7174120858170447,0.7540950767445604,4035.0049559354597,1.0,0.24607402146464646,0.15427714646464646,0.4896499171389917,3.9938544999940264,0.203881834893761,0.0132,0.0,10.1376,56.1384,calibrated:/Users/let/Documents/DO_A_PAPER_May_18/Papers/Paper_xAI_in_Cyber_2/6_Analysis_Results/xai_surfacebench/data/unsw_nb15/unsw_nb15_score_stream.csv
unsw_nb15_xai_gate_tuning_envelope,balanced_strict,default,non_markovian,xai_gate,4,5000,0.13673654384133235,1.2424320758246954,64.23219104000005,0.6695169381177775,0.7415886102908265,0.744021815697898,812.184746554547,0.9557477777779101,0.23593826712489593,0.18613785301086516,0.4403056759237518,3.8276679999997323,0.13614343729044087,0.0052,0.0,9.3694,54.9778,calibrated:/Users/let/Documents/DO_A_PAPER_May_18/Papers/Paper_xAI_in_Cyber_2/6_Analysis_Results/xai_surfacebench/data/unsw_nb15/unsw_nb15_score_stream.csv
unsw_nb15_xai_gate_tuning_envelope,balanced_strict,default,rtt_uncertainty,xai_gate,4,5000,0.0,0.016790182797378657,0.867929600000001,0.7236253626192107,0.8373597873700837,0.617773229513755,8.945830675778472,0.8463344444444604,0.013316756458074319,0.18206934659483354,0.17402956209421191,4.553259999999651,0.07391451409039607,0.0,0.0,7.239,44.9384,calibrated:/Users/let/Documents/DO_A_PAPER_May_18/Papers/Paper_xAI_in_Cyber_2/6_Analysis_Results/xai_surfacebench/data/unsw_nb15/unsw_nb15_score_stream.csv
unsw_nb15_xai_gate_tuning_envelope,balanced_strict,default,adversarial_explanation_flood,xai_gate,5,5000,0.0,0.018604956840575695,0.959841880000001,0.6072863593584605,0.6604399810630999,0.6872466319407032,4332.617833152608,1.0,0.04205121431755519,0.153593422377784,0.43545997127179914,6.107514499995757,0.7985699099067036,0.0018,0.0,12.1138,44.9016,calibrated:/Users/let/Documents/DO_A_PAPER_May_18/Papers/Paper_xAI_in_Cyber_2/6_Analysis_Results/xai_surfacebench/data/unsw_nb15/unsw_nb15_score_stream.csv
unsw_nb15_xai_gate_tuning_envelope,balanced_strict,default,transient_overload,xai_gate,5,5000,0.24851139639158748,1.0383583716057165,53.349150699999974,0.666996407505059,0.7200928032955343,0.7553862426275312,3994.93342824488,1.0,0.24664502592929813,0.1553976485491469,0.49295603895216844,4.002179499994055,0.19858130790126238,0.0144,0.0,10.1044,56.202,calibrated:/Users/let/Documents/DO_A_PAPER_May_18/Papers/Paper_xAI_in_Cyber_2/6_Analysis_Results/xai_surfacebench/data/unsw_nb15/unsw_nb15_score_stream.csv
unsw_nb15_xai_gate_tuning_envelope,balanced_strict,default,non_markovian,xai_gate,5,5000,0.13720144976039605,1.2078075124093641,62.456292599999905,0.6706072883313422,0.7436890163552085,0.7485194624147608,692.8330579551484,0.9511188888890211,0.24191335032346598,0.19514692108301204,0.42586420963209826,3.72721599999973,0.1256054459796898,0.0044,0.0,9.1818,54.3814,calibrated:/Users/let/Documents/DO_A_PAPER_May_18/Papers/Paper_xAI_in_Cyber_2/6_Analysis_Results/xai_surfacebench/data/unsw_nb15/unsw_nb15_score_stream.csv
unsw_nb15_xai_gate_tuning_envelope,balanced_strict,default,rtt_uncertainty,xai_gate,5,5000,0.0,0.0165316483882583,0.8544902600000011,0.7266374139080881,0.8392072077849483,0.6213333146677714,12.670084206090156,0.8449211111111284,0.01246945123305932,0.18040435458786935,0.1842090646522995,4.560779999999608,0.06815700792633561,0.0,0.0,7.2016,44.9472,calibrated:/Users/let/Documents/DO_A_PAPER_May_18/Papers/Paper_xAI_in_Cyber_2/6_Analysis_Results/xai_surfacebench/data/unsw_nb15/unsw_nb15_score_stream.csv
unsw_nb15_xai_gate_tuning_envelope,balanced_strict,default,adversarial_explanation_flood,xai_gate,6,5000,0.0,0.017490782345427443,0.9018570800000009,0.6059803135943008,0.6584352422913903,0.6883986311218242,4425.526314036056,1.0,0.041785076994250214,0.14932919172559644,0.43481304936817805,6.095409499995577,0.79920509641996,0.0022,0.0,12.1048,44.8524,calibrated:/Users/let/Documents/DO_A_PAPER_May_18/Papers/Paper_xAI_in_Cyber_2/6_Analysis_Results/xai_surfacebench/data/unsw_nb15/unsw_nb15_score_stream.csv
unsw_nb15_xai_gate_tuning_envelope,balanced_strict,default,transient_overload,xai_gate,6,5000,0.24557754337483256,1.0375797543080474,53.31660475999996,0.669063328977526,0.7228269444793716,0.7552129607639095,3922.4504229058666,1.0,0.2470206279447282,0.15506592231856514,0.49673852793168727,4.013442999994033,0.1992535825190156,0.014,0.0,10.1028,56.1616,calibrated:/Users/let/Documents/DO_A_PAPER_May_18/Papers/Paper_xAI_in_Cyber_2/6_Analysis_Results/xai_surfacebench/data/unsw_nb15/unsw_nb15_score_stream.csv
unsw_nb15_xai_gate_tuning_envelope,balanced_strict,default,non_markovian,xai_gate,6,5000,0.1370206528309489,1.177463753682193,60.88269275999996,0.6685994270087998,0.7431074468951305,0.7440782219906941,725.6374888391663,0.9512577777779081,0.24020054694621695,0.1869166992229891,0.424686374093849,3.732155999999746,0.12527247082959603,0.003,0.0,9.2148,54.593,calibrated:/Users/let/Documents/DO_A_PAPER_May_18/Papers/Paper_xAI_in_Cyber_2/6_Analysis_Results/xai_surfacebench/data/unsw_nb15/unsw_nb15_score_stream.csv
unsw_nb15_xai_gate_tuning_envelope,balanced_strict,default,rtt_uncertainty,xai_gate,6,5000,0.0,0.018148530856560745,0.9380143999999997,0.7243083230832981,0.8379446034446655,0.6208555630398068,22.622912611257053,0.850678333333349,0.012819461527948613,0.187836545032117,0.1860325269919366,4.611599999999615,0.08208591025652301,0.0,0.0,7.317,45.0796,calibrated:/Users/let/Documents/DO_A_PAPER_May_18/Papers/Paper_xAI_in_Cyber_2/6_Analysis_Results/xai_surfacebench/data/unsw_nb15/unsw_nb15_score_stream.csv
unsw_nb15_xai_gate_tuning_envelope,balanced_strict,default,adversarial_explanation_flood,xai_gate,7,5000,0.0,0.016427458027496736,0.8473743200000005,0.6091225525139069,0.662451060683133,0.6873715121776173,4297.926232264254,1.0,0.041530580101795514,0.15168194704643798,0.43692905814213673,6.108282999995535,0.7929396517386349,0.0018,0.0,12.0634,44.8552,calibrated:/Users/let/Documents/DO_A_PAPER_May_18/Papers/Paper_xAI_in_Cyber_2/6_Analysis_Results/xai_surfacebench/data/unsw_nb15/unsw_nb15_score_stream.csv
unsw_nb15_xai_gate_tuning_envelope,balanced_strict,default,transient_overload,xai_gate,7,5000,0.249040211089692,1.035622671266611,53.200596639999965,0.6607790462734002,0.7139155979598427,0.7537089291674434,4111.235919045639,1.0,0.24555209007630593,0.15331803291551424,0.48987328115387846,3.9922509999942632,0.21102198910343262,0.0152,0.0,10.1958,56.1278,calibrated:/Users/let/Documents/DO_A_PAPER_May_18/Papers/Paper_xAI_in_Cyber_2/6_Analysis_Results/xai_surfacebench/data/unsw_nb15/unsw_nb15_score_stream.csv
unsw_nb15_xai_gate_tuning_envelope,balanced_strict,default,non_markovian,xai_gate,7,5000,0.13802550567322927,1.2095839963900692,62.53250078000003,0.6711332220653843,0.7431573243251605,0.7434439594299582,804.1058319032131,0.9563438888890281,0.23242179141524372,0.18038259083322636,0.4450293148457226,3.8633199999997303,0.1348644070883478,0.0048,0.0,9.3468,54.907,calibrated:/Users/let/Documents/DO_A_PAPER_May_18/Papers/Paper_xAI_in_Cyber_2/6_Analysis_Results/xai_surfacebench/data/unsw_nb15/unsw_nb15_score_stream.csv
unsw_nb15_xai_gate_tuning_envelope,balanced_strict,default,rtt_uncertainty,xai_gate,7,5000,0.0,0.015400764227953659,0.7960396600000006,0.724163059362052,0.837219753277125,0.6201975042921134,13.316313150550753,0.8442566666666821,0.013069012104000662,0.18569577324988282,0.18387603738730046,4.5686639999996395,0.07539220133842206,0.0,0.0,7.2538,44.9684,calibrated:/Users/let/Documents/DO_A_PAPER_May_18/Papers/Paper_xAI_in_Cyber_2/6_Analysis_Results/xai_surfacebench/data/unsw_nb15/unsw_nb15_score_stream.csv
unsw_nb15_xai_gate_tuning_envelope,balanced_strict,default,adversarial_explanation_flood,xai_gate,8,5000,0.0,0.016052758332117435,0.8278700200000021,0.6047989575267443,0.6577503398529163,0.6881259572473649,4453.00574679013,1.0,0.04237413744832924,0.15253371980039854,0.4332253256692027,6.094884499995612,0.7999327111336363,0.0014,0.0,12.1442,44.9802,calibrated:/Users/let/Documents/DO_A_PAPER_May_18/Papers/Paper_xAI_in_Cyber_2/6_Analysis_Results/xai_surfacebench/data/unsw_nb15/unsw_nb15_score_stream.csv
unsw_nb15_xai_gate_tuning_envelope,balanced_strict,default,transient_overload,xai_gate,8,5000,0.24714345976642033,1.0360306437286557,53.23288121999996,0.6697422926309448,0.7231821138266578,0.7560785843492938,3942.4142368812413,1.0,0.24755014013397206,0.1559959450595321,0.4944890576226999,4.0022749999939355,0.19787611462314092,0.0136,0.0,10.0618,55.998,calibrated:/Users/let/Documents/DO_A_PAPER_May_18/Papers/Paper_xAI_in_Cyber_2/6_Analysis_Results/xai_surfacebench/data/unsw_nb15/unsw_nb15_score_stream.csv
unsw_nb15_xai_gate_tuning_envelope,balanced_strict,default,non_markovian,xai_gate,8,5000,0.1349849997272678,1.3269330750099053,68.61650022000013,0.6714853399205987,0.7432771083244246,0.7461795725485862,794.5169168314616,0.9548838888890259,0.23569971002040596,0.19155837181827945,0.4375040274943615,3.8256159999997457,0.1286265810893532,0.004,0.0,9.311,54.999,calibrated:/Users/let/Documents/DO_A_PAPER_May_18/Papers/Paper_xAI_in_Cyber_2/6_Analysis_Results/xai_surfacebench/data/unsw_nb15/unsw_nb15_score_stream.csv
unsw_nb15_xai_gate_tuning_envelope,balanced_strict,default,rtt_uncertainty,xai_gate,8,5000,0.0,0.015374387375608612,0.7945073000000006,0.7243942538781547,0.8374370486362593,0.6201394565254312,18.2515411498288,0.8505305555555707,0.0122350884859078,0.18131417959362028,0.191391741315272,4.619707999999616,0.0869523270949939,0.0,0.0,7.3232,44.9158,calibrated:/Users/let/Documents/DO_A_PAPER_May_18/Papers/Paper_xAI_in_Cyber_2/6_Analysis_Results/xai_surfacebench/data/unsw_nb15/unsw_nb15_score_stream.csv
unsw_nb15_xai_gate_tuning_envelope,balanced_strict,default,adversarial_explanation_flood,xai_gate,9,5000,0.0,0.018555426795584338,0.9570572924998003,0.5986761942880358,0.6502709831347473,0.6902454540258919,4686.896710812027,1.0,0.04239641876878839,0.14699058946542937,0.4301255554823014,6.080339499995691,0.8060651662351275,0.0014,0.0,12.2416,45.187,calibrated:/Users/let/Documents/DO_A_PAPER_May_18/Papers/Paper_xAI_in_Cyber_2/6_Analysis_Results/xai_surfacebench/data/unsw_nb15/unsw_nb15_score_stream.csv
unsw_nb15_xai_gate_tuning_envelope,balanced_strict,default,transient_overload,xai_gate,9,5000,0.2475960257423911,1.0357250413007597,53.22013325999998,0.6677380267433191,0.7211964242655611,0.7560155196009999,3941.841851428996,1.0,0.24819458773113245,0.1552654551226093,0.49274611141854735,3.9874184999939324,0.1967528782709247,0.0132,0.0,10.0808,56.1564,calibrated:/Users/let/Documents/DO_A_PAPER_May_18/Papers/Paper_xAI_in_Cyber_2/6_Analysis_Results/xai_surfacebench/data/unsw_nb15/unsw_nb15_score_stream.csv
unsw_nb15_xai_gate_tuning_envelope,balanced_strict,default,non_markovian,xai_gate,9,5000,0.13928690379305328,1.2060474253090756,62.352864220000015,0.6704055418323199,0.7426832813113639,0.7455066050907422,776.3787119789575,0.9564516666667948,0.2375040274943615,0.17720975190634733,0.4443346579314789,3.808959999999745,0.127621954173329,0.0048,0.0,9.311,55.048,calibrated:/Users/let/Documents/DO_A_PAPER_May_18/Papers/Paper_xAI_in_Cyber_2/6_Analysis_Results/xai_surfacebench/data/unsw_nb15/unsw_nb15_score_stream.csv
unsw_nb15_xai_gate_tuning_envelope,balanced_strict,default,rtt_uncertainty,xai_gate,9,5000,0.0,0.01713139549084541,0.8854839400000004,0.7267510019357808,0.8390975243150421,0.6239791859443853,28.003189595925175,0.8588933333333528,0.012568499686469097,0.19558875650917418,0.1826385670274544,4.6473079999995965,0.08549706200493823,0.0,0.0,7.3358,45.0534,calibrated:/Users/let/Documents/DO_A_PAPER_May_18/Papers/Paper_xAI_in_Cyber_2/6_Analysis_Results/xai_surfacebench/data/unsw_nb15/unsw_nb15_score_stream.csv
unsw_nb15_xai_gate_tuning_envelope,balanced_strict,default,adversarial_explanation_flood,xai_gate,10,5000,0.0,0.016514326306606406,0.851562020000001,0.6061875794965267,0.6588706114765007,0.6888238804370443,4438.046420047747,1.0,0.04319672266547731,0.15210532401671706,0.4342034623446684,6.083606499995527,0.7980601729538057,0.0016,0.0,12.1074,44.8906,calibrated:/Users/let/Documents/DO_A_PAPER_May_18/Papers/Paper_xAI_in_Cyber_2/6_Analysis_Results/xai_surfacebench/data/unsw_nb15/unsw_nb15_score_stream.csv
unsw_nb15_xai_gate_tuning_envelope,balanced_strict,default,transient_overload,xai_gate,10,5000,0.24593356326517535,1.0358817222437329,53.23184221999997,0.6706245649270992,0.7237009967675777,0.7573517522231754,3919.331206189897,1.0,0.24968674794645876,0.1553133514986376,0.4972975795051514,3.989769499993866,0.1967642924894899,0.0104,0.0,10.0558,56.0166,calibrated:/Users/let/Documents/DO_A_PAPER_May_18/Papers/Paper_xAI_in_Cyber_2/6_Analysis_Results/xai_surfacebench/data/unsw_nb15/unsw_nb15_score_stream.csv
unsw_nb15_xai_gate_tuning_envelope,balanced_strict,default,non_markovian,xai_gate,10,5000,0.13785513013943249,1.29700741049583,67.06412492000014,0.6701853796533246,0.7430150547332846,0.7443846038447417,776.3613169714671,0.9546016666668034,0.23597865455090974,0.1801933091875442,0.44366815970510703,3.821423999999721,0.13365743676460373,0.0032,0.0,9.3322,54.8796,calibrated:/Users/let/Documents/DO_A_PAPER_May_18/Papers/Paper_xAI_in_Cyber_2/6_Analysis_Results/xai_surfacebench/data/unsw_nb15/unsw_nb15_score_stream.csv
unsw_nb15_xai_gate_tuning_envelope,balanced_strict,default,rtt_uncertainty,xai_gate,10,5000,0.0,0.015506613623914334,0.8015381999999996,0.7244638992175588,0.8378006497900418,0.6180791720815894,11.169355297389018,0.8457150000000156,0.013041789222487374,0.18222431877462678,0.17170764193351462,4.54273999999962,0.06945619111210433,0.0,0.0,7.2076,44.93,calibrated:/Users/let/Documents/DO_A_PAPER_May_18/Papers/Paper_xAI_in_Cyber_2/6_Analysis_Results/xai_surfacebench/data/unsw_nb15/unsw_nb15_score_stream.csv
unsw_nb15_xai_gate_tuning_envelope,balanced_strict,default,adversarial_explanation_flood,xai_gate,11,5000,0.0,0.017770340293751317,0.9167890200000002,0.6037502057610166,0.6564914787251553,0.688775102880938,4509.024962885938,1.0,0.04230452674897119,0.15078189300411524,0.433353909464366,6.090126999995639,0.8009284786823425,0.0016,0.0,12.15,44.9768,calibrated:/Users/let/Documents/DO_A_PAPER_May_18/Papers/Paper_xAI_in_Cyber_2/6_Analysis_Results/xai_surfacebench/data/unsw_nb15/unsw_nb15_score_stream.csv
unsw_nb15_xai_gate_tuning_envelope,balanced_strict,default,transient_overload,xai_gate,11,5000,0.24773916276419602,1.0387450334512738,53.37122007999998,0.6623836968927761,0.716095404848879,0.7546235037608253,4072.506641605039,1.0,0.24762767255975116,0.15436862621569478,0.49019323148291793,3.9761004999942053,0.20591394977534816,0.0136,0.0,10.1588,56.161,calibrated:/Users/let/Documents/DO_A_PAPER_May_18/Papers/Paper_xAI_in_Cyber_2/6_Analysis_Results/xai_surfacebench/data/unsw_nb15/unsw_nb15_score_stream.csv
unsw_nb15_xai_gate_tuning_envelope,balanced_strict,default,non_markovian,xai_gate,11,5000,0.13848476823595157,1.211197641387668,62.613984659999886,0.6702885230520628,0.7429595961134166,0.7430716083080864,813.109223967847,0.9565061111112536,0.23137288352454471,0.19384142960719922,0.4378385294493965,3.8739759999997374,0.13442339001337777,0.0054,0.0,9.3788,55.1164,calibrated:/Users/let/Documents/DO_A_PAPER_May_18/Papers/Paper_xAI_in_Cyber_2/6_Analysis_Results/xai_surfacebench/data/unsw_nb15/unsw_nb15_score_stream.csv
unsw_nb15_xai_gate_tuning_envelope,balanced_strict,default,rtt_uncertainty,xai_gate,11,5000,0.0,0.015284693296224108,0.7900518399999991,0.7251753902157192,0.8380369443681499,0.6203519925616638,13.639395007103726,0.8481372222222369,0.013181843251889029,0.18360818487673047,0.18035408968065744,4.575159999999631,0.07619458875519025,0.0,0.0,7.2524,44.9262,calibrated:/Users/let/Documents/DO_A_PAPER_May_18/Papers/Paper_xAI_in_Cyber_2/6_Analysis_Results/xai_surfacebench/data/unsw_nb15/unsw_nb15_score_stream.csv
unsw_nb15_xai_gate_tuning_envelope,balanced_strict,default,adversarial_explanation_flood,xai_gate,12,5000,0.0,0.016164344249994543,0.8335663200000003,0.6041964403207819,0.6569358842751137,0.6888519048561973,4479.263371182543,1.0,0.04173246479799974,0.15350704040005264,0.4313314251868429,6.100569999995527,0.8053204568536974,0.0018,0.0,12.1584,44.8984,calibrated:/Users/let/Documents/DO_A_PAPER_May_18/Papers/Paper_xAI_in_Cyber_2/6_Analysis_Results/xai_surfacebench/data/unsw_nb15/unsw_nb15_score_stream.csv
unsw_nb15_xai_gate_tuning_envelope,balanced_strict,default,transient_overload,xai_gate,12,5000,0.24765085171769657,1.0370744049241496,53.28006777999996,0.6654130233103203,0.7190298579030326,0.7541776049588012,4026.1880166137053,1.0,0.2463336162485443,0.15364269782681642,0.4928251386602047,4.00094399999409,0.20414604813446746,0.0138,0.0,10.1326,56.0984,calibrated:/Users/let/Documents/DO_A_PAPER_May_18/Papers/Paper_xAI_in_Cyber_2/6_Analysis_Results/xai_surfacebench/data/unsw_nb15/unsw_nb15_score_stream.csv
unsw_nb15_xai_gate_tuning_envelope,balanced_strict,default,non_markovian,xai_gate,12,5000,0.13657332738078018,1.2914197817386484,66.78214682,0.66820974667247,0.7408570158719958,0.7447756547874508,777.8903345698086,0.9543200000001396,0.24066122799484757,0.19010304851867754,0.42984113353370546,3.759651999999736,0.12255029545870766,0.0046,0.0,9.316,55.3264,calibrated:/Users/let/Documents/DO_A_PAPER_May_18/Papers/Paper_xAI_in_Cyber_2/6_Analysis_Results/xai_surfacebench/data/unsw_nb15/unsw_nb15_score_stream.csv
unsw_nb15_xai_gate_tuning_envelope,balanced_strict,default,rtt_uncertainty,xai_gate,12,5000,0.0,0.017539548295451995,0.9065202599999997,0.7244061427871956,0.8373278605769431,0.6215358510792546,23.391090500664195,0.8530227777777932,0.012688558514403965,0.192261613026194,0.18621684909873115,4.630791999999631,0.08716309222503549,0.0,0.0,7.3452,45.042,calibrated:/Users/let/Documents/DO_A_PAPER_May_18/Papers/Paper_xAI_in_Cyber_2/6_Analysis_Results/xai_surfacebench/data/unsw_nb15/unsw_nb15_score_stream.csv
unsw_nb15_xai_gate_tuning_envelope,balanced_strict,default,adversarial_explanation_flood,xai_gate,13,5000,0.0,0.018512442829289846,0.9549251800000004,0.5990594338693996,0.6505875290319083,0.6900025142271288,4660.785542611777,1.0,0.04117608581894296,0.14560439560439561,0.4296036924378532,6.090303499995595,0.8063075437088489,0.0028,0.0,12.2304,45.1396,calibrated:/Users/let/Documents/DO_A_PAPER_May_18/Papers/Paper_xAI_in_Cyber_2/6_Analysis_Results/xai_surfacebench/data/unsw_nb15/unsw_nb15_score_stream.csv
unsw_nb15_xai_gate_tuning_envelope,balanced_strict,default,transient_overload,xai_gate,13,5000,0.24683597365724583,1.035141056455876,53.18677895999994,0.6649009671821655,0.7188861958551677,0.7534307164237698,4011.2290884365975,1.0,0.24709451207501085,0.1541385966985778,0.4921724185466621,3.9947934999938806,0.20413855918936608,0.014,0.0,10.1532,56.2128,calibrated:/Users/let/Documents/DO_A_PAPER_May_18/Papers/Paper_xAI_in_Cyber_2/6_Analysis_Results/xai_surfacebench/data/unsw_nb15/unsw_nb15_score_stream.csv
unsw_nb15_xai_gate_tuning_envelope,balanced_strict,default,non_markovian,xai_gate,13,5000,0.13554756512431,1.2137907914707575,62.763475259999815,0.6695093538888723,0.7416201584516682,0.747835830590669,759.3152997351802,0.9555072222223587,0.24337432877186904,0.17902303828165597,0.43699116577169583,3.7335839999997558,0.1286991756664,0.004,0.0,9.2368,54.5572,calibrated:/Users/let/Documents/DO_A_PAPER_May_18/Papers/Paper_xAI_in_Cyber_2/6_Analysis_Results/xai_surfacebench/data/unsw_nb15/unsw_nb15_score_stream.csv
unsw_nb15_xai_gate_tuning_envelope,balanced_strict,default,rtt_uncertainty,xai_gate,13,5000,0.0,0.01515321987134982,0.7832853399999995,0.723442123466347,0.8365622652850853,0.6185548873460026,15.300263243584547,0.84593111111113,0.012352117701957124,0.1878070873706459,0.18105459636024265,4.584903999999621,0.0783060138402969,0.0,0.0,7.2862,45.0472,calibrated:/Users/let/Documents/DO_A_PAPER_May_18/Papers/Paper_xAI_in_Cyber_2/6_Analysis_Results/xai_surfacebench/data/unsw_nb15/unsw_nb15_score_stream.csv
unsw_nb15_xai_gate_tuning_envelope,balanced_strict,default,adversarial_explanation_flood,xai_gate,14,5000,0.0,0.016527775469643194,0.8524040600000008,0.6008856198967479,0.6533798085945172,0.6890411556877167,4590.470303352354,1.0,0.041545070006885926,0.14683411483096698,0.4322371872636854,6.0921644999957225,0.8108352037241573,0.0024,0.0,12.1988,44.9104,calibrated:/Users/let/Documents/DO_A_PAPER_May_18/Papers/Paper_xAI_in_Cyber_2/6_Analysis_Results/xai_surfacebench/data/unsw_nb15/unsw_nb15_score_stream.csv
unsw_nb15_xai_gate_tuning_envelope,balanced_strict,default,transient_overload,xai_gate,14,5000,0.24898463765847584,1.036980737797594,53.27320015999995,0.6608752578326608,0.71387599881321,0.7537929967580923,4117.758470833359,1.0,0.24583046851979176,0.1533444651802377,0.4881789608082407,3.985380999994266,0.20721220658613082,0.0148,0.0,10.181,56.2232,calibrated:/Users/let/Documents/DO_A_PAPER_May_18/Papers/Paper_xAI_in_Cyber_2/6_Analysis_Results/xai_surfacebench/data/unsw_nb15/unsw_nb15_score_stream.csv
unsw_nb15_xai_gate_tuning_envelope,balanced_strict,default,non_markovian,xai_gate,14,5000,0.1388546943410234,1.2691319655389708,65.63384634000002,0.6692651963421974,0.7426196621474056,0.7435556750941277,792.8050701760911,0.9561577777779207,0.2364712210866057,0.1791715976331361,0.43802044109736415,3.802239999999745,0.12762207009332838,0.0034,0.0,9.295,54.9534,calibrated:/Users/let/Documents/DO_A_PAPER_May_18/Papers/Paper_xAI_in_Cyber_2/6_Analysis_Results/xai_surfacebench/data/unsw_nb15/unsw_nb15_score_stream.csv
unsw_nb15_xai_gate_tuning_envelope,balanced_strict,default,rtt_uncertainty,xai_gate,14,5000,0.0,0.01619942273342337,0.8373265800000008,0.7246617225408696,0.8373872803459618,0.6197063613556599,18.75496290180331,0.8450233333333521,0.01174459638288487,0.18945743273048082,0.1814898544331716,4.580299999999616,0.07483102051459944,0.0,0.0,7.2544,44.9956,calibrated:/Users/let/Documents/DO_A_PAPER_May_18/Papers/Paper_xAI_in_Cyber_2/6_Analysis_Results/xai_surfacebench/data/unsw_nb15/unsw_nb15_score_stream.csv
unsw_nb15_xai_gate_tuning_envelope,balanced_strict,default,adversarial_explanation_flood,xai_gate,15,5000,0.0,0.01755506709569364,0.9052105000000016,0.600289273475241,0.6523440130635999,0.6901518101627689,4613.989937456739,1.0,0.042958566298840775,0.14496056665956156,0.43241609142566534,6.071917499995607,0.8039946461979919,0.0026,0.0,12.1978,45.077,calibrated:/Users/let/Documents/DO_A_PAPER_May_18/Papers/Paper_xAI_in_Cyber_2/6_Analysis_Results/xai_surfacebench/data/unsw_nb15/unsw_nb15_score_stream.csv
unsw_nb15_xai_gate_tuning_envelope,balanced_strict,default,transient_overload,xai_gate,15,5000,0.24689136973648074,1.036401619819909,53.25210287249965,0.6657599735088339,0.7183566048100075,0.7570924353556128,4018.108178760367,1.0,0.24936738889767515,0.1542582634825241,0.49430897121503925,3.9750714999940624,0.20267573000662553,0.0124,0.0,10.1168,56.0794,calibrated:/Users/let/Documents/DO_A_PAPER_May_18/Papers/Paper_xAI_in_Cyber_2/6_Analysis_Results/xai_surfacebench/data/unsw_nb15/unsw_nb15_score_stream.csv
unsw_nb15_xai_gate_tuning_envelope,balanced_strict,default,non_markovian,xai_gate,15,5000,0.1385669041300502,1.3437856065099045,69.48830056000016,0.6697377056212815,0.7420459348200854,0.743621721320249,799.3071945585092,0.9553600000001318,0.23516417526325947,0.18585797928239003,0.4371501490552684,3.8219959999997446,0.1269420033450317,0.0058,0.0,9.3254,55.1664,calibrated:/Users/let/Documents/DO_A_PAPER_May_18/Papers/Paper_xAI_in_Cyber_2/6_Analysis_Results/xai_surfacebench/data/unsw_nb15/unsw_nb15_score_stream.csv
unsw_nb15_xai_gate_tuning_envelope,balanced_strict,default,rtt_uncertainty,xai_gate,15,5000,0.0,0.015795065418140214,0.8165731399999995,0.7220283031780157,0.8354808033728794,0.6163002409655668,11.39103563218197,0.8453672222222369,0.012481865710453562,0.1851750472175841,0.1793447020502012,4.5826759999996405,0.08425188904915215,0.0,0.0,7.3066,44.9256,calibrated:/Users/let/Documents/DO_A_PAPER_May_18/Papers/Paper_xAI_in_Cyber_2/6_Analysis_Results/xai_surfacebench/data/unsw_nb15/unsw_nb15_score_stream.csv
unsw_nb15_xai_gate_tuning_envelope,balanced_strict,default,adversarial_explanation_flood,xai_gate,16,5000,0.0,0.016952338952903115,0.874530440000001,0.6071493040628935,0.660412797702349,0.687592819122855,4356.115079014916,1.0,0.04220253248256026,0.15155222005488148,0.43576222435213635,6.0991079999954545,0.7980647337782896,0.0024,0.0,12.0988,44.8586,calibrated:/Users/let/Documents/DO_A_PAPER_May_18/Papers/Paper_xAI_in_Cyber_2/6_Analysis_Results/xai_surfacebench/data/unsw_nb15/unsw_nb15_score_stream.csv
unsw_nb15_xai_gate_tuning_envelope,balanced_strict,default,transient_overload,xai_gate,16,5000,0.24760430501064573,1.0365839110506254,53.25792364000005,0.6663542696179299,0.7199044934966727,0.7549101354016585,4011.6207804155842,1.0,0.24712393753706266,0.15546550701719708,0.4925009883364721,3.9966574999941185,0.2007414738810822,0.0136,0.0,10.118,56.1764,calibrated:/Users/let/Documents/DO_A_PAPER_May_18/Papers/Paper_xAI_in_Cyber_2/6_Analysis_Results/xai_surfacebench/data/unsw_nb15/unsw_nb15_score_stream.csv
unsw_nb15_xai_gate_tuning_envelope,balanced_strict,default,non_markovian,xai_gate,16,5000,0.13413573737123166,1.2528792531654702,64.78723310000008,0.6703084144198995,0.7432755858437071,0.7410054010030293,798.0078886405839,0.9557255555556995,0.23160015431437267,0.1810621972652064,0.4371811907925758,3.853055999999728,0.13466795070086635,0.0028,0.0,9.3316,54.8272,calibrated:/Users/let/Documents/DO_A_PAPER_May_18/Papers/Paper_xAI_in_Cyber_2/6_Analysis_Results/xai_surfacebench/data/unsw_nb15/unsw_nb15_score_stream.csv
unsw_nb15_xai_gate_tuning_envelope,balanced_strict,default,rtt_uncertainty,xai_gate,16,5000,0.0,0.0183392797278739,0.9479941999999992,0.7240515483538376,0.8374932586819078,0.6196504170884521,18.662974881527187,0.8552116666666826,0.012642396889698485,0.18150675620564966,0.18770560887414697,4.635095999999629,0.08572508110246257,0.0,0.0,7.3562,45.1692,calibrated:/Users/let/Documents/DO_A_PAPER_May_18/Papers/Paper_xAI_in_Cyber_2/6_Analysis_Results/xai_surfacebench/data/unsw_nb15/unsw_nb15_score_stream.csv
unsw_nb15_xai_gate_tuning_envelope,balanced_strict,default,adversarial_explanation_flood,xai_gate,17,5000,0.0,0.01626012932932795,0.8389652200000004,0.6028167990935106,0.6548566331775743,0.6896772293728318,4483.161148744762,1.0,0.04228912893587681,0.1515086843746922,0.4324724201326579,6.094513499995696,0.8050598214616451,0.0016,0.0,12.1828,44.995,calibrated:/Users/let/Documents/DO_A_PAPER_May_18/Papers/Paper_xAI_in_Cyber_2/6_Analysis_Results/xai_surfacebench/data/unsw_nb15/unsw_nb15_score_stream.csv
unsw_nb15_xai_gate_tuning_envelope,balanced_strict,default,transient_overload,xai_gate,17,5000,0.2473828608205954,1.0358155697907714,53.21967569999999,0.6715279463551179,0.725143706991283,0.7554871958141096,3920.4717737833507,1.0,0.247209343971984,0.1565155102771753,0.4950952106161967,4.013279999993724,0.19798575727779077,0.0146,0.0,10.0514,55.935,calibrated:/Users/let/Documents/DO_A_PAPER_May_18/Papers/Paper_xAI_in_Cyber_2/6_Analysis_Results/xai_surfacebench/data/unsw_nb15/unsw_nb15_score_stream.csv
unsw_nb15_xai_gate_tuning_envelope,balanced_strict,default,non_markovian,xai_gate,17,5000,0.13727735497914026,1.2913133709306868,66.77551449999993,0.6685507865937803,0.7405205218142215,0.74326030266757,855.6684230084074,0.95730666666681,0.2371109781121751,0.1891031121751026,0.4320494186046512,3.806431999999749,0.13148316101335866,0.005,0.0,9.3568,55.13,calibrated:/Users/let/Documents/DO_A_PAPER_May_18/Papers/Paper_xAI_in_Cyber_2/6_Analysis_Results/xai_surfacebench/data/unsw_nb15/unsw_nb15_score_stream.csv
unsw_nb15_xai_gate_tuning_envelope,balanced_strict,default,rtt_uncertainty,xai_gate,17,5000,0.0,0.01723941929480271,0.8910374200000004,0.7217825409410945,0.8353301089103188,0.6167286482752482,12.573616649831989,0.8461527777777964,0.012712907018071465,0.1879049676025918,0.17841813161276213,4.585723999999615,0.08117774683940815,0.0,0.0,7.3154,45.1076,calibrated:/Users/let/Documents/DO_A_PAPER_May_18/Papers/Paper_xAI_in_Cyber_2/6_Analysis_Results/xai_surfacebench/data/unsw_nb15/unsw_nb15_score_stream.csv
unsw_nb15_xai_gate_tuning_envelope,balanced_strict,default,adversarial_explanation_flood,xai_gate,18,5000,0.0,0.018029459922984405,0.9296562200000011,0.6034852817905312,0.6563899839047512,0.6875454448337122,4508.585779779795,1.0,0.04039905987541706,0.15032131880413524,0.43214913794453363,6.11275499999555,0.8007787007152185,0.002,0.0,12.1686,45.0494,calibrated:/Users/let/Documents/DO_A_PAPER_May_18/Papers/Paper_xAI_in_Cyber_2/6_Analysis_Results/xai_surfacebench/data/unsw_nb15/unsw_nb15_score_stream.csv
unsw_nb15_xai_gate_tuning_envelope,balanced_strict,default,transient_overload,xai_gate,18,5000,0.24699478511969475,1.0351982478430157,53.18560271999998,0.6665147273366776,0.7202860951095602,0.7539162493586598,3990.1901036519976,1.0,0.24541619021331967,0.15510035093253421,0.49394739954934647,4.0191479999940904,0.20549247488161693,0.0158,0.0,10.1444,56.101,calibrated:/Users/let/Documents/DO_A_PAPER_May_18/Papers/Paper_xAI_in_Cyber_2/6_Analysis_Results/xai_surfacebench/data/unsw_nb15/unsw_nb15_score_stream.csv
unsw_nb15_xai_gate_tuning_envelope,balanced_strict,default,non_markovian,xai_gate,18,5000,0.13811194574837582,1.2239963428342238,63.28597199999986,0.6701591404281573,0.7416770972013127,0.7440889477506643,805.39393294021,0.9570644444445884,0.23595505617977527,0.1751399154099201,0.4474088947750673,3.8340719999997046,0.1339117460409711,0.003,0.0,9.3628,55.0472,calibrated:/Users/let/Documents/DO_A_PAPER_May_18/Papers/Paper_xAI_in_Cyber_2/6_Analysis_Results/xai_surfacebench/data/unsw_nb15/unsw_nb15_score_stream.csv
unsw_nb15_xai_gate_tuning_envelope,balanced_strict,default,rtt_uncertainty,xai_gate,18,5000,0.0,0.017597264164260544,0.9096946000000011,0.7235243498041158,0.836633268792399,0.6189011467123481,16.220990753528845,0.847293888888904,0.012770972073775658,0.18465839019978625,0.1837266025377511,4.590879999999624,0.08032010800536526,0.0,0.0,7.2978,45.0348,calibrated:/Users/let/Documents/DO_A_PAPER_May_18/Papers/Paper_xAI_in_Cyber_2/6_Analysis_Results/xai_surfacebench/data/unsw_nb15/unsw_nb15_score_stream.csv
unsw_nb15_xai_gate_tuning_envelope,balanced_strict,default,adversarial_explanation_flood,xai_gate,19,5000,0.0,0.017843098782708053,0.9198783000000001,0.6059221362200612,0.6583198567404982,0.6888558084263481,4451.156160977395,1.0,0.042298615351608275,0.14940669714323437,0.43562787780702134,6.095387999995705,0.7979451800749233,0.0022,0.0,12.1186,44.935,calibrated:/Users/let/Documents/DO_A_PAPER_May_18/Papers/Paper_xAI_in_Cyber_2/6_Analysis_Results/xai_surfacebench/data/unsw_nb15/unsw_nb15_score_stream.csv
unsw_nb15_xai_gate_tuning_envelope,balanced_strict,default,transient_overload,xai_gate,19,5000,0.24698623076403745,1.0355242078608227,53.19844125999998,0.6642384727209807,0.7179854334778678,0.752244430365382,4037.198833534048,1.0,0.2439048348755427,0.154083416828746,0.4915252156134716,4.024099499994036,0.20573197033815704,0.0146,0.0,10.1802,56.2878,calibrated:/Users/let/Documents/DO_A_PAPER_May_18/Papers/Paper_xAI_in_Cyber_2/6_Analysis_Results/xai_surfacebench/data/unsw_nb15/unsw_nb15_score_stream.csv
unsw_nb15_xai_gate_tuning_envelope,balanced_strict,default,non_markovian,xai_gate,19,5000,0.13878776985983451,1.3140759733655945,67.94731344000003,0.6688999764953023,0.7404590258184315,0.7446381332934404,823.285942917861,0.9577300000001453,0.2391931451526742,0.17568751469048485,0.44417615761020535,3.7989159999997226,0.13145599497119465,0.0056,0.0,9.3598,55.149,calibrated:/Users/let/Documents/DO_A_PAPER_May_18/Papers/Paper_xAI_in_Cyber_2/6_Analysis_Results/xai_surfacebench/data/unsw_nb15/unsw_nb15_score_stream.csv
unsw_nb15_xai_gate_tuning_envelope,balanced_strict,default,rtt_uncertainty,xai_gate,19,5000,0.0,0.015406816560267992,0.7963951799999993,0.7261192234072351,0.838971979635672,0.6224514447423182,24.671563732855713,0.8551872222222417,0.012715340442986054,0.18805031446540882,0.18493300519551545,4.626439999999627,0.0840373499333047,0.0,0.0,7.314,44.98,calibrated:/Users/let/Documents/DO_A_PAPER_May_18/Papers/Paper_xAI_in_Cyber_2/6_Analysis_Results/xai_surfacebench/data/unsw_nb15/unsw_nb15_score_stream.csv
unsw_nb15_xai_gate_tuning_envelope,balanced_strict,default,adversarial_explanation_flood,xai_gate,20,5000,0.0,0.018099924662609002,0.9337173200000008,0.5986976920812179,0.650741375624827,0.6893949472432079,4683.992265314568,1.0,0.041519665490657255,0.14783418267346138,0.4295517280798004,6.090708499995422,0.8093160983740253,0.0024,0.0,12.2448,45.1176,calibrated:/Users/let/Documents/DO_A_PAPER_May_18/Papers/Paper_xAI_in_Cyber_2/6_Analysis_Results/xai_surfacebench/data/unsw_nb15/unsw_nb15_score_stream.csv
unsw_nb15_xai_gate_tuning_envelope,balanced_strict,default,transient_overload,xai_gate,20,5000,0.24715484307070565,1.03761096786607,53.30429020000005,0.6647595481488884,0.718679304544983,0.7529100681523787,4059.996720197113,1.0,0.24516929622407374,0.15409009434891371,0.49213841123405444,4.011354499994051,0.20413260187418847,0.0158,0.0,10.1538,56.2164,calibrated:/Users/let/Documents/DO_A_PAPER_May_18/Papers/Paper_xAI_in_Cyber_2/6_Analysis_Results/xai_surfacebench/data/unsw_nb15/unsw_nb15_score_stream.csv
unsw_nb15_xai_gate_tuning_envelope,balanced_strict,default,non_markovian,xai_gate,20,5000,0.13530690553509556,1.2605878571486129,65.18666787999993,0.6695500877982694,0.7422368589356688,0.7423761188915894,792.136489462811,0.9556561111112498,0.23429268919439805,0.18861621482718746,0.43273801875883333,3.827967999999759,0.12958763447687804,0.0056,0.0,9.3396,55.121,calibrated:/Users/let/Documents/DO_A_PAPER_May_18/Papers/Paper_xAI_in_Cyber_2/6_Analysis_Results/xai_surfacebench/data/unsw_nb15/unsw_nb15_score_stream.csv
unsw_nb15_xai_gate_tuning_envelope,balanced_strict,default,rtt_uncertainty,xai_gate,20,5000,0.0,0.01690104682937678,0.8735548200000003,0.725553769008619,0.8381932448975642,0.6224640905636597,24.40125522299346,0.8550405555555715,0.012972148035101107,0.1938464054068785,0.18305445031885323,4.632775999999634,0.0850546977687694,0.0,0.0,7.3388,45.0902,calibrated:/Users/let/Documents/DO_A_PAPER_May_18/Papers/Paper_xAI_in_Cyber_2/6_Analysis_Results/xai_surfacebench/data/unsw_nb15/unsw_nb15_score_stream.csv
unsw_nb15_xai_gate_tuning_envelope,balanced_coverage,default,adversarial_explanation_flood,xai_gate,1,5000,0.0,0.01711926435577297,0.882048260000001,0.6143027695834541,0.6692345131310258,0.6704434201903714,4213.2087262276655,1.0,0.0028515240904621437,0.1465257292690921,0.43933546378172933,6.600938999995677,0.8102205371922835,0.0006,0.0,12.204,44.9448,calibrated:/Users/let/Documents/DO_A_PAPER_May_18/Papers/Paper_xAI_in_Cyber_2/6_Analysis_Results/xai_surfacebench/data/unsw_nb15/unsw_nb15_score_stream.csv
unsw_nb15_xai_gate_tuning_envelope,balanced_coverage,default,transient_overload,xai_gate,1,5000,0.24535628176756138,1.0373526206844033,53.25579921999997,0.7043103345696389,0.7668808009037515,0.7262376296531611,3677.89711887248,0.9993550000002555,0.13587053527160226,0.15479047260178885,0.5547666739384804,5.24537599999935,0.1998619836284008,0.0118,0.0,10.0846,56.032,calibrated:/Users/let/Documents/DO_A_PAPER_May_18/Papers/Paper_xAI_in_Cyber_2/6_Analysis_Results/xai_surfacebench/data/unsw_nb15/unsw_nb15_score_stream.csv
unsw_nb15_xai_gate_tuning_envelope,balanced_coverage,default,non_markovian,xai_gate,1,5000,0.13508184261457,1.225450551684269,63.34202669999992,0.6969206494298749,0.7747300110108898,0.7258757726124981,689.3669179128378,0.9537972222223412,0.161769826760686,0.15663358579263514,0.48128318969269607,4.544627999999531,0.11856855943034295,0.002,0.0,9.1896,54.77,calibrated:/Users/let/Documents/DO_A_PAPER_May_18/Papers/Paper_xAI_in_Cyber_2/6_Analysis_Results/xai_surfacebench/data/unsw_nb15/unsw_nb15_score_stream.csv
unsw_nb15_xai_gate_tuning_envelope,balanced_coverage,default,rtt_uncertainty,xai_gate,1,5000,0.0,0.01691618240233726,0.8737627599999988,0.7687476391512789,0.8735427274575739,0.6945290985791951,2.342765100640396,0.8806227777777692,0.010526608154649484,0.1647316964781691,0.3867348072436396,4.978531999999443,0.06962325221439469,0.0,0.0,7.2008,44.8806,calibrated:/Users/let/Documents/DO_A_PAPER_May_18/Papers/Paper_xAI_in_Cyber_2/6_Analysis_Results/xai_surfacebench/data/unsw_nb15/unsw_nb15_score_stream.csv
unsw_nb15_xai_gate_tuning_envelope,balanced_coverage,default,adversarial_explanation_flood,xai_gate,2,5000,0.0,0.016709254586492556,0.8614020199999999,0.6149680589677742,0.6706411751443186,0.669639557739823,4207.682263818205,1.0,0.002932022932022932,0.15012285012285012,0.43943488943425685,6.609173999995692,0.8125300603879804,0.0004,0.0,12.21,44.9096,calibrated:/Users/let/Documents/DO_A_PAPER_May_18/Papers/Paper_xAI_in_Cyber_2/6_Analysis_Results/xai_surfacebench/data/unsw_nb15/unsw_nb15_score_stream.csv
unsw_nb15_xai_gate_tuning_envelope,balanced_coverage,default,transient_overload,xai_gate,2,5000,0.24878164344868836,1.0384116312118792,53.30873163999994,0.7016869389360061,0.7644162718453789,0.7243315329984674,3750.1763994733915,1.0,0.13396468383150834,0.15523330373877872,0.5519211798351005,5.263395499994024,0.20204621776993426,0.0116,0.0,10.137,56.2208,calibrated:/Users/let/Documents/DO_A_PAPER_May_18/Papers/Paper_xAI_in_Cyber_2/6_Analysis_Results/xai_surfacebench/data/unsw_nb15/unsw_nb15_score_stream.csv
unsw_nb15_xai_gate_tuning_envelope,balanced_coverage,default,non_markovian,xai_gate,2,5000,0.1355134905851017,1.1590523707179827,59.90440391999992,0.696918315487782,0.7746502540112293,0.7246893121646941,702.8880173091505,0.9550483333334611,0.1602632321959907,0.15665790673935234,0.48009469409030686,4.563287999999543,0.12777930865557963,0.003,0.0,9.2086,54.435,calibrated:/Users/let/Documents/DO_A_PAPER_May_18/Papers/Paper_xAI_in_Cyber_2/6_Analysis_Results/xai_surfacebench/data/unsw_nb15/unsw_nb15_score_stream.csv
unsw_nb15_xai_gate_tuning_envelope,balanced_coverage,default,rtt_uncertainty,xai_gate,2,5000,0.0,0.01690774253698255,0.8735756599999981,0.7670161202779744,0.8728181755026225,0.6928398832177832,11.973309628844953,0.8935211111111009,0.008982848458532349,0.18104103343465044,0.3811061658706036,5.084575999999456,0.0878425155472522,0.0,0.0,7.3696,45.1634,calibrated:/Users/let/Documents/DO_A_PAPER_May_18/Papers/Paper_xAI_in_Cyber_2/6_Analysis_Results/xai_surfacebench/data/unsw_nb15/unsw_nb15_score_stream.csv
unsw_nb15_xai_gate_tuning_envelope,balanced_coverage,default,adversarial_explanation_flood,xai_gate,3,5000,0.0,0.015910027113349018,0.8199660800000013,0.62382488842405,0.6802704934347934,0.6691935236344005,3936.576623303636,1.0,0.0029698206493786604,0.1528379207937219,0.4464416073525653,6.617322499995626,0.7952739019126864,0.0012,0.0,12.0546,44.7642,calibrated:/Users/let/Documents/DO_A_PAPER_May_18/Papers/Paper_xAI_in_Cyber_2/6_Analysis_Results/xai_surfacebench/data/unsw_nb15/unsw_nb15_score_stream.csv
unsw_nb15_xai_gate_tuning_envelope,balanced_coverage,default,transient_overload,xai_gate,3,5000,0.24800929581273887,1.038180485546619,53.28163907999999,0.7010097051132749,0.7640937112615381,0.7217193670070899,3801.503271523001,1.0,0.12927054478301014,0.1544959823972024,0.5525284375540975,5.315662999993925,0.20753401015589268,0.0118,0.0,10.1802,56.2038,calibrated:/Users/let/Documents/DO_A_PAPER_May_18/Papers/Paper_xAI_in_Cyber_2/6_Analysis_Results/xai_surfacebench/data/unsw_nb15/unsw_nb15_score_stream.csv
unsw_nb15_xai_gate_tuning_envelope,balanced_coverage,default,non_markovian,xai_gate,3,5000,0.13335446656940267,1.3353401947656383,69.04557438000003,0.6930595150941817,0.7694865328094115,0.7279891046897046,697.9726702854454,0.9563177777778923,0.17148270961629558,0.1522328926402825,0.4864992894362861,4.483319999999539,0.12646881545165223,0.0018,0.0,9.2884,54.9706,calibrated:/Users/let/Documents/DO_A_PAPER_May_18/Papers/Paper_xAI_in_Cyber_2/6_Analysis_Results/xai_surfacebench/data/unsw_nb15/unsw_nb15_score_stream.csv
unsw_nb15_xai_gate_tuning_envelope,balanced_coverage,default,rtt_uncertainty,xai_gate,3,5000,0.0,0.01597672541077936,0.8254907200000001,0.7677354051540964,0.8727451477177456,0.6934663957931251,8.185263868541643,0.8900122222222135,0.00965694588827488,0.17565793073261476,0.38151775455490505,5.047955999999461,0.08432001589964089,0.0,0.0,7.3108,44.9486,calibrated:/Users/let/Documents/DO_A_PAPER_May_18/Papers/Paper_xAI_in_Cyber_2/6_Analysis_Results/xai_surfacebench/data/unsw_nb15/unsw_nb15_score_stream.csv
unsw_nb15_xai_gate_tuning_envelope,balanced_coverage,default,adversarial_explanation_flood,xai_gate,4,5000,0.0,0.01543907159132637,0.7960081000000012,0.6192208312011381,0.6746762318710521,0.6708387731694166,4066.0674372668586,1.0,0.003020449931503458,0.1519963028372423,0.440913479788774,6.603457499995739,0.7982313597516366,0.0004,0.0,12.1174,44.9234,calibrated:/Users/let/Documents/DO_A_PAPER_May_18/Papers/Paper_xAI_in_Cyber_2/6_Analysis_Results/xai_surfacebench/data/unsw_nb15/unsw_nb15_score_stream.csv
unsw_nb15_xai_gate_tuning_envelope,balanced_coverage,default,transient_overload,xai_gate,4,5000,0.2486604729141732,1.0377467604056483,53.26317860000003,0.6990896635034701,0.7615652104379798,0.7227617272667676,3847.2038828955783,1.0,0.13141611173316048,0.15320093503840337,0.5508058813118336,5.284136499993955,0.20548003594630626,0.0132,0.0,10.1814,56.3062,calibrated:/Users/let/Documents/DO_A_PAPER_May_18/Papers/Paper_xAI_in_Cyber_2/6_Analysis_Results/xai_surfacebench/data/unsw_nb15/unsw_nb15_score_stream.csv
unsw_nb15_xai_gate_tuning_envelope,balanced_coverage,default,non_markovian,xai_gate,4,5000,0.13571162566451891,1.2587539607046574,65.07498423999998,0.6926145203112344,0.7677314963405535,0.7314671564390537,753.112492061848,0.9575461111112499,0.1792350907519447,0.15522904062229906,0.4796672428694901,4.405947999999587,0.12266198001380024,0.0022,0.0,9.256,54.9646,calibrated:/Users/let/Documents/DO_A_PAPER_May_18/Papers/Paper_xAI_in_Cyber_2/6_Analysis_Results/xai_surfacebench/data/unsw_nb15/unsw_nb15_score_stream.csv
unsw_nb15_xai_gate_tuning_envelope,balanced_coverage,default,rtt_uncertainty,xai_gate,4,5000,0.0,0.017787595658821286,0.9188709199999999,0.7674688614541247,0.8720446642875229,0.693636160304869,5.0810263066715855,0.8895938888888838,0.010973936899862825,0.17599451303155006,0.376076817558299,5.023819999999469,0.07930924208506429,0.0,0.0,7.29,45.0288,calibrated:/Users/let/Documents/DO_A_PAPER_May_18/Papers/Paper_xAI_in_Cyber_2/6_Analysis_Results/xai_surfacebench/data/unsw_nb15/unsw_nb15_score_stream.csv
unsw_nb15_xai_gate_tuning_envelope,balanced_coverage,default,adversarial_explanation_flood,xai_gate,5,5000,0.0,0.01713463371611236,0.8833390600000003,0.616973458762776,0.6718265411400851,0.6715841131506157,4163.189973162599,1.0,0.0032126264456819003,0.1489505420277439,0.4401421793133504,6.59264499999571,0.7984672524470551,0.0002,0.0,12.1396,44.9998,calibrated:/Users/let/Documents/DO_A_PAPER_May_18/Papers/Paper_xAI_in_Cyber_2/6_Analysis_Results/xai_surfacebench/data/unsw_nb15/unsw_nb15_score_stream.csv
unsw_nb15_xai_gate_tuning_envelope,balanced_coverage,default,transient_overload,xai_gate,5,5000,0.24855504144655075,1.0364858532197325,53.19902631999996,0.704520449108901,0.7671925274869206,0.7240609124518845,3731.882883571497,1.0,0.13166893988811798,0.15560695012749806,0.5551651544790356,5.296466999993819,0.20139781920255406,0.0118,0.0,10.1178,56.1446,calibrated:/Users/let/Documents/DO_A_PAPER_May_18/Papers/Paper_xAI_in_Cyber_2/6_Analysis_Results/xai_surfacebench/data/unsw_nb15/unsw_nb15_score_stream.csv
unsw_nb15_xai_gate_tuning_envelope,balanced_coverage,default,non_markovian,xai_gate,5,5000,0.13346062434475345,1.3049449511570375,67.46842385999985,0.6945742497246056,0.7703586065323051,0.7281291186828693,705.6972175190218,0.9564405555556774,0.16982477367499946,0.15513255406952878,0.4827042326556187,4.492899999999534,0.13106889835458047,0.0012,0.0,9.2566,54.5596,calibrated:/Users/let/Documents/DO_A_PAPER_May_18/Papers/Paper_xAI_in_Cyber_2/6_Analysis_Results/xai_surfacebench/data/unsw_nb15/unsw_nb15_score_stream.csv
unsw_nb15_xai_gate_tuning_envelope,balanced_coverage,default,rtt_uncertainty,xai_gate,5,5000,0.0,0.016288291126487876,0.84141956,0.7688679088338791,0.8738139192572074,0.6949913294443384,6.379987349649278,0.8821549999999906,0.010453058282038486,0.16941163422614097,0.3843786391615372,4.987995999999445,0.07012991637106603,0.0,0.0,7.2132,44.9366,calibrated:/Users/let/Documents/DO_A_PAPER_May_18/Papers/Paper_xAI_in_Cyber_2/6_Analysis_Results/xai_surfacebench/data/unsw_nb15/unsw_nb15_score_stream.csv
unsw_nb15_xai_gate_tuning_envelope,balanced_coverage,default,adversarial_explanation_flood,xai_gate,6,5000,0.0,0.017902497804766358,0.9224848199998119,0.6120089906004605,0.6663715314839435,0.6725791581524821,4331.146259708448,1.0,0.0028769922353902738,0.14826317940335104,0.43645279934552406,6.595039999995766,0.8060346799989995,0.0004,0.0,12.235,45.1634,calibrated:/Users/let/Documents/DO_A_PAPER_May_18/Papers/Paper_xAI_in_Cyber_2/6_Analysis_Results/xai_surfacebench/data/unsw_nb15/unsw_nb15_score_stream.csv
unsw_nb15_xai_gate_tuning_envelope,balanced_coverage,default,transient_overload,xai_gate,6,5000,0.24662389927489628,1.0382896305347014,53.283193799999964,0.7015215938348494,0.7643216044956864,0.7222614554455443,3799.891688632656,1.0,0.12993650606435886,0.154233256668829,0.553571779598281,5.3115729999942,0.2060412302943455,0.0128,0.0,10.1742,56.2402,calibrated:/Users/let/Documents/DO_A_PAPER_May_18/Papers/Paper_xAI_in_Cyber_2/6_Analysis_Results/xai_surfacebench/data/unsw_nb15/unsw_nb15_score_stream.csv
unsw_nb15_xai_gate_tuning_envelope,balanced_coverage,default,non_markovian,xai_gate,6,5000,0.140204089392298,1.279358681297927,66.13483852000002,0.6929753331321777,0.7675522784855706,0.7316788132303955,758.4437852233857,0.9580850000001387,0.17820949588166804,0.15505196429341497,0.48316011902195005,4.4261319999995425,0.12389828742308784,0.002,0.0,9.2756,55.0204,calibrated:/Users/let/Documents/DO_A_PAPER_May_18/Papers/Paper_xAI_in_Cyber_2/6_Analysis_Results/xai_surfacebench/data/unsw_nb15/unsw_nb15_score_stream.csv
unsw_nb15_xai_gate_tuning_envelope,balanced_coverage,default,rtt_uncertainty,xai_gate,6,5000,0.0,0.0149655493831394,0.7731616600000005,0.7685382298489286,0.8737282422896226,0.6940255676199862,2.3990608078722873,0.8822083333333256,0.009395120064107879,0.1670673409046948,0.3895382574815552,5.007907999999452,0.0705490302226186,0.0,0.0,7.2378,45.0722,calibrated:/Users/let/Documents/DO_A_PAPER_May_18/Papers/Paper_xAI_in_Cyber_2/6_Analysis_Results/xai_surfacebench/data/unsw_nb15/unsw_nb15_score_stream.csv
unsw_nb15_xai_gate_tuning_envelope,balanced_coverage,default,adversarial_explanation_flood,xai_gate,7,5000,0.0,0.016744919900337624,0.8631222000000024,0.6161017067593108,0.6715694995383954,0.6707472622782428,4115.641785675043,1.0,0.0028117138300146343,0.14854399263363863,0.44004760182117314,6.5999784999953786,0.8100944081336197,0.0002,0.0,12.1634,44.7984,calibrated:/Users/let/Documents/DO_A_PAPER_May_18/Papers/Paper_xAI_in_Cyber_2/6_Analysis_Results/xai_surfacebench/data/unsw_nb15/unsw_nb15_score_stream.csv
unsw_nb15_xai_gate_tuning_envelope,balanced_coverage,default,transient_overload,xai_gate,7,5000,0.24704057505598562,1.0384981791561891,53.302284979999975,0.7016391446910735,0.7649691225585802,0.7217959315915734,3769.714078283835,1.0,0.12967071805847355,0.1542539613972393,0.5543894441269683,5.319213999994057,0.20880907538412252,0.0152,0.0,10.1858,56.1754,calibrated:/Users/let/Documents/DO_A_PAPER_May_18/Papers/Paper_xAI_in_Cyber_2/6_Analysis_Results/xai_surfacebench/data/unsw_nb15/unsw_nb15_score_stream.csv
unsw_nb15_xai_gate_tuning_envelope,balanced_coverage,default,non_markovian,xai_gate,7,5000,0.1332570781671555,1.162869997835519,60.109908499999975,0.6978633134538615,0.7750876257585617,0.7285131994386754,669.2767301447725,0.9529811111112265,0.16490527977547798,0.1578231889142256,0.4781617260129802,4.500543999999571,0.11305128777700935,0.004,0.0,9.1216,54.6342,calibrated:/Users/let/Documents/DO_A_PAPER_May_18/Papers/Paper_xAI_in_Cyber_2/6_Analysis_Results/xai_surfacebench/data/unsw_nb15/unsw_nb15_score_stream.csv
unsw_nb15_xai_gate_tuning_envelope,balanced_coverage,default,rtt_uncertainty,xai_gate,7,5000,0.0,0.01676032814670692,0.8658142599999996,0.767665599606085,0.8715647881381858,0.6926663689164396,3.0571163818831164,0.8906788888888819,0.009357301157350407,0.17559987961366932,0.37866973104599305,5.047951999999432,0.08104510787824126,0.0,0.0,7.3098,45.0786,calibrated:/Users/let/Documents/DO_A_PAPER_May_18/Papers/Paper_xAI_in_Cyber_2/6_Analysis_Results/xai_surfacebench/data/unsw_nb15/unsw_nb15_score_stream.csv
unsw_nb15_xai_gate_tuning_envelope,balanced_coverage,default,adversarial_explanation_flood,xai_gate,8,5000,0.0,0.01619784558782839,0.8348791600000012,0.6197862198406149,0.6751028389136362,0.6705839782708571,4065.536684568032,1.0,0.0027781911990871658,0.15074994625522978,0.4419494468416194,6.601535499995484,0.7977257525083623,0.0004,0.0,12.0942,44.85,calibrated:/Users/let/Documents/DO_A_PAPER_May_18/Papers/Paper_xAI_in_Cyber_2/6_Analysis_Results/xai_surfacebench/data/unsw_nb15/unsw_nb15_score_stream.csv
unsw_nb15_xai_gate_tuning_envelope,balanced_coverage,default,transient_overload,xai_gate,8,5000,0.24678187219434922,1.0395273164817809,53.35774013999995,0.7042665191275093,0.7668092769675035,0.7242102039203538,3751.3477381648577,0.9999038888891452,0.13240989566866898,0.15442222573506165,0.5561176098640531,5.29004399999936,0.20392904126730715,0.014,0.0,10.1216,56.0476,calibrated:/Users/let/Documents/DO_A_PAPER_May_18/Papers/Paper_xAI_in_Cyber_2/6_Analysis_Results/xai_surfacebench/data/unsw_nb15/unsw_nb15_score_stream.csv
unsw_nb15_xai_gate_tuning_envelope,balanced_coverage,default,non_markovian,xai_gate,8,5000,0.13917830141918922,1.2692057468833304,65.61565954000007,0.6935815503710137,0.7694029743034988,0.7280019352757602,719.6121293639626,0.9577344444445717,0.17097086334802708,0.1524137189549511,0.486399311901946,4.496215999999551,0.1299332074747348,0.0002,0.0,9.301,54.8764,calibrated:/Users/let/Documents/DO_A_PAPER_May_18/Papers/Paper_xAI_in_Cyber_2/6_Analysis_Results/xai_surfacebench/data/unsw_nb15/unsw_nb15_score_stream.csv
unsw_nb15_xai_gate_tuning_envelope,balanced_coverage,default,rtt_uncertainty,xai_gate,8,5000,0.0,0.01698852218296374,0.8778135199999993,0.7677550293263923,0.8723600253971163,0.6941489306424355,4.994163557889614,0.888280555555543,0.010223099270953242,0.17409417310749328,0.38368141204845696,5.036131999999447,0.08218733177023196,0.0,0.0,7.2972,44.9534,calibrated:/Users/let/Documents/DO_A_PAPER_May_18/Papers/Paper_xAI_in_Cyber_2/6_Analysis_Results/xai_surfacebench/data/unsw_nb15/unsw_nb15_score_stream.csv
unsw_nb15_xai_gate_tuning_envelope,balanced_coverage,default,adversarial_explanation_flood,xai_gate,9,5000,0.0,0.01830330763094176,0.9433993149996109,0.6139649029401703,0.6696235451429814,0.6706320132691633,4287.420650974895,1.0,0.0029486444426242934,0.14743222213121468,0.43909206323141,6.600018499995703,0.8065969124046866,0.001,0.0,12.209,45.0534,calibrated:/Users/let/Documents/DO_A_PAPER_May_18/Papers/Paper_xAI_in_Cyber_2/6_Analysis_Results/xai_surfacebench/data/unsw_nb15/unsw_nb15_score_stream.csv
unsw_nb15_xai_gate_tuning_envelope,balanced_coverage,default,transient_overload,xai_gate,9,5000,0.24542022571144748,1.036655971301258,53.210418619999984,0.7048376244286668,0.767838256028041,0.722797292751006,3719.6842403652354,0.9995233333335928,0.12970255882527557,0.15546892006886862,0.5532445429538303,5.30834399999934,0.19968708563478765,0.0114,0.0,10.1062,56.1602,calibrated:/Users/let/Documents/DO_A_PAPER_May_18/Papers/Paper_xAI_in_Cyber_2/6_Analysis_Results/xai_surfacebench/data/unsw_nb15/unsw_nb15_score_stream.csv
unsw_nb15_xai_gate_tuning_envelope,balanced_coverage,default,non_markovian,xai_gate,9,5000,0.13311449841535344,1.209106909697777,62.507529699999864,0.6939636402987523,0.7708039783397355,0.727210691483587,690.7365149949505,0.9558594444445713,0.1705226707066335,0.15634671572340655,0.47693972513797206,4.472987999999548,0.12991656151265296,0.002,0.0,9.241,54.5232,calibrated:/Users/let/Documents/DO_A_PAPER_May_18/Papers/Paper_xAI_in_Cyber_2/6_Analysis_Results/xai_surfacebench/data/unsw_nb15/unsw_nb15_score_stream.csv
unsw_nb15_xai_gate_tuning_envelope,balanced_coverage,default,rtt_uncertainty,xai_gate,9,5000,0.0,0.01642389046320943,0.8485676399999991,0.7670810353301688,0.8722955616403899,0.693350581729575,7.507702572926066,0.8896049999999924,0.010020204226505762,0.17621361874078523,0.3825424561786709,5.049755999999442,0.08490139885514592,0.0,0.0,7.3252,45.013,calibrated:/Users/let/Documents/DO_A_PAPER_May_18/Papers/Paper_xAI_in_Cyber_2/6_Analysis_Results/xai_surfacebench/data/unsw_nb15/unsw_nb15_score_stream.csv
unsw_nb15_xai_gate_tuning_envelope,balanced_coverage,default,adversarial_explanation_flood,xai_gate,10,5000,0.0,0.018197690612879482,0.9382283299994222,0.610966207963245,0.6654371781508898,0.6716844719487981,4338.868704998339,1.0,0.0029639280188909697,0.14739842032407785,0.43635697418714964,6.603665999995728,0.8100114369259486,0.0,0.0,12.281,45.2336,calibrated:/Users/let/Documents/DO_A_PAPER_May_18/Papers/Paper_xAI_in_Cyber_2/6_Analysis_Results/xai_surfacebench/data/unsw_nb15/unsw_nb15_score_stream.csv
unsw_nb15_xai_gate_tuning_envelope,balanced_coverage,default,transient_overload,xai_gate,10,5000,0.2474707754557364,1.0371761362299006,53.24175543999994,0.7053739023325248,0.7682372487656826,0.7238602137720314,3691.796870058217,0.9989072222224957,0.1306472761950173,0.15490523304327095,0.5529065840187547,5.288211999999297,0.19731250512914866,0.0124,0.0,10.0668,56.0522,calibrated:/Users/let/Documents/DO_A_PAPER_May_18/Papers/Paper_xAI_in_Cyber_2/6_Analysis_Results/xai_surfacebench/data/unsw_nb15/unsw_nb15_score_stream.csv
unsw_nb15_xai_gate_tuning_envelope,balanced_coverage,default,non_markovian,xai_gate,10,5000,0.13530214170680685,1.2631496848591215,65.29785781999995,0.6942297667005005,0.7708002381358523,0.7253180672540258,717.2836717211434,0.9561877777779021,0.16550699037073738,0.15460675125482,0.48350961849163093,4.533991999999544,0.12759636709005306,0.0018,0.0,9.2842,54.8908,calibrated:/Users/let/Documents/DO_A_PAPER_May_18/Papers/Paper_xAI_in_Cyber_2/6_Analysis_Results/xai_surfacebench/data/unsw_nb15/unsw_nb15_score_stream.csv
unsw_nb15_xai_gate_tuning_envelope,balanced_coverage,default,rtt_uncertainty,xai_gate,10,5000,0.0,0.0148655615688384,0.7679330399999996,0.7685052428256842,0.8722765111387415,0.693991964460397,3.2192468968893766,0.8863677777777701,0.01009933774834437,0.17265452538631346,0.3793598233995585,5.009763999999439,0.07612612411974617,0.0,0.0,7.248,44.9018,calibrated:/Users/let/Documents/DO_A_PAPER_May_18/Papers/Paper_xAI_in_Cyber_2/6_Analysis_Results/xai_surfacebench/data/unsw_nb15/unsw_nb15_score_stream.csv
unsw_nb15_xai_gate_tuning_envelope,balanced_coverage,default,adversarial_explanation_flood,xai_gate,11,5000,0.0,0.0169424807978436,0.8734148000000008,0.6197018624828006,0.6756896725673016,0.6702251187768751,4052.751366660894,1.0,0.0025569962717344684,0.15333729255336698,0.44197886766242317,6.616224499995591,0.802160166248965,0.0006,0.0,12.1236,44.8484,calibrated:/Users/let/Documents/DO_A_PAPER_May_18/Papers/Paper_xAI_in_Cyber_2/6_Analysis_Results/xai_surfacebench/data/unsw_nb15/unsw_nb15_score_stream.csv
unsw_nb15_xai_gate_tuning_envelope,balanced_coverage,default,transient_overload,xai_gate,11,5000,0.24871173723470236,1.0370358833629012,53.22802461999999,0.7015397311832824,0.7643851323592231,0.7230144508391124,3785.3112182874156,1.0,0.13182633373406122,0.1549634417926332,0.551090341143091,5.283956499993967,0.20501183852114502,0.0144,0.0,10.1482,56.1444,calibrated:/Users/let/Documents/DO_A_PAPER_May_18/Papers/Paper_xAI_in_Cyber_2/6_Analysis_Results/xai_surfacebench/data/unsw_nb15/unsw_nb15_score_stream.csv
unsw_nb15_xai_gate_tuning_envelope,balanced_coverage,default,non_markovian,xai_gate,11,5000,0.1396610894278273,1.2909250008693476,66.73322334000001,0.6923730190980147,0.7674382873816515,0.7282307149425629,811.4476308964295,0.9600700000001378,0.1729720481618512,0.1530614427169101,0.486986462499198,4.49357599999956,0.13073085563527576,0.0026,0.0,9.3518,55.1372,calibrated:/Users/let/Documents/DO_A_PAPER_May_18/Papers/Paper_xAI_in_Cyber_2/6_Analysis_Results/xai_surfacebench/data/unsw_nb15/unsw_nb15_score_stream.csv
unsw_nb15_xai_gate_tuning_envelope,balanced_coverage,default,rtt_uncertainty,xai_gate,11,5000,0.0,0.017188227511029695,0.8879792600000008,0.768381092402086,0.8730047895608135,0.6938016049749023,2.1071377697709153,0.8805988888888779,0.01009736747205193,0.16721684374046436,0.3848095647590779,4.983111999999458,0.0664832442107286,0.0,0.0,7.2098,45.069,calibrated:/Users/let/Documents/DO_A_PAPER_May_18/Papers/Paper_xAI_in_Cyber_2/6_Analysis_Results/xai_surfacebench/data/unsw_nb15/unsw_nb15_score_stream.csv
unsw_nb15_xai_gate_tuning_envelope,balanced_coverage,default,adversarial_explanation_flood,xai_gate,12,5000,0.0,0.017592094739011584,0.9065822724998045,0.618253991183614,0.673960461454995,0.6697950132904553,4120.173490543741,1.0,0.0030872859949480774,0.14924633900711562,0.44069150253357436,6.593383499995625,0.8023060328795726,0.0004,0.0,12.1142,44.81,calibrated:/Users/let/Documents/DO_A_PAPER_May_18/Papers/Paper_xAI_in_Cyber_2/6_Analysis_Results/xai_surfacebench/data/unsw_nb15/unsw_nb15_score_stream.csv
unsw_nb15_xai_gate_tuning_envelope,balanced_coverage,default,transient_overload,xai_gate,12,5000,0.2480031929275323,1.0393314733832113,53.35051885999995,0.7044478776715823,0.7669834819406847,0.7246827896290363,3718.9236960425696,0.9996883333335966,0.13314318537445283,0.15457444490660963,0.5546180204805198,5.274627999999326,0.19741008218007816,0.012,0.0,10.0974,56.218,calibrated:/Users/let/Documents/DO_A_PAPER_May_18/Papers/Paper_xAI_in_Cyber_2/6_Analysis_Results/xai_surfacebench/data/unsw_nb15/unsw_nb15_score_stream.csv
unsw_nb15_xai_gate_tuning_envelope,balanced_coverage,default,non_markovian,xai_gate,12,5000,0.13533644415136814,1.3198561051570241,68.24625743999998,0.6927537801655935,0.7683627907622197,0.7312079199341306,728.1982822717548,0.9566561111112498,0.17869676357176897,0.15668731857371865,0.4770807157402192,4.400871999999585,0.12118661872198944,0.0016,0.0,9.2324,54.8966,calibrated:/Users/let/Documents/DO_A_PAPER_May_18/Papers/Paper_xAI_in_Cyber_2/6_Analysis_Results/xai_surfacebench/data/unsw_nb15/unsw_nb15_score_stream.csv
unsw_nb15_xai_gate_tuning_envelope,balanced_coverage,default,rtt_uncertainty,xai_gate,12,5000,0.0,0.017712697189358667,0.9151197199999987,0.7668277879542523,0.8725738129604469,0.6937644193839771,8.931672421708468,0.8880422222222132,0.01082647565409957,0.17360636465538454,0.38458594198540064,5.036795999999455,0.08046873384554942,0.0,0.0,7.3154,45.1372,calibrated:/Users/let/Documents/DO_A_PAPER_May_18/Papers/Paper_xAI_in_Cyber_2/6_Analysis_Results/xai_surfacebench/data/unsw_nb15/unsw_nb15_score_stream.csv
unsw_nb15_xai_gate_tuning_envelope,balanced_coverage,default,adversarial_explanation_flood,xai_gate,13,5000,0.0,0.01698431684927749,0.8752604000000003,0.6192955974320948,0.6745528771901083,0.6705026938502056,4067.9591399893543,1.0,0.003184765927954984,0.1501460371941057,0.4433280803940639,6.605503499995592,0.799456015013033,0.0004,0.0,12.1202,44.9032,calibrated:/Users/let/Documents/DO_A_PAPER_May_18/Papers/Paper_xAI_in_Cyber_2/6_Analysis_Results/xai_surfacebench/data/unsw_nb15/unsw_nb15_score_stream.csv
unsw_nb15_xai_gate_tuning_envelope,balanced_coverage,default,transient_overload,xai_gate,13,5000,0.2481433858419191,1.0400745896264372,53.39405431999998,0.7045892722437237,0.7671812461646558,0.7248302695835377,3699.8046797981233,0.9989972222224737,0.1335014094572597,0.15595346805891927,0.5520109580339064,5.261195999999294,0.19632178666932965,0.0122,0.0,10.0748,56.1432,calibrated:/Users/let/Documents/DO_A_PAPER_May_18/Papers/Paper_xAI_in_Cyber_2/6_Analysis_Results/xai_surfacebench/data/unsw_nb15/unsw_nb15_score_stream.csv
unsw_nb15_xai_gate_tuning_envelope,balanced_coverage,default,non_markovian,xai_gate,13,5000,0.1361301335622766,1.2287967198498484,63.517834420000064,0.692291301934411,0.7684373727896052,0.7257560100772674,739.1038167009748,0.95944833333346,0.16945642427089116,0.15241897604509158,0.4865066826081387,4.523999999999535,0.13114364133197842,0.0014,0.0,9.3676,55.2102,calibrated:/Users/let/Documents/DO_A_PAPER_May_18/Papers/Paper_xAI_in_Cyber_2/6_Analysis_Results/xai_surfacebench/data/unsw_nb15/unsw_nb15_score_stream.csv
unsw_nb15_xai_gate_tuning_envelope,balanced_coverage,default,rtt_uncertainty,xai_gate,13,5000,0.0,0.016847730533436196,0.8701909399999999,0.7678943338438747,0.8722811354876775,0.6937027169217601,7.250891278423198,0.8916155555555488,0.009926711879238678,0.17682126449354627,0.37910194705753664,5.049723999999448,0.08224570126372588,0.0,0.0,7.3136,45.052,calibrated:/Users/let/Documents/DO_A_PAPER_May_18/Papers/Paper_xAI_in_Cyber_2/6_Analysis_Results/xai_surfacebench/data/unsw_nb15/unsw_nb15_score_stream.csv
unsw_nb15_xai_gate_tuning_envelope,balanced_coverage,default,adversarial_explanation_flood,xai_gate,14,5000,0.0,0.0188065910912805,0.9692439000000017,0.615651438239987,0.67097654569743,0.6709253692109408,4156.341726047083,1.0,0.0030062589325316642,0.14924514973797906,0.4395216269932729,6.599015999995675,0.7990309295717208,0.0002,0.0,12.1746,45.1154,calibrated:/Users/let/Documents/DO_A_PAPER_May_18/Papers/Paper_xAI_in_Cyber_2/6_Analysis_Results/xai_surfacebench/data/unsw_nb15/unsw_nb15_score_stream.csv
unsw_nb15_xai_gate_tuning_envelope,balanced_coverage,default,transient_overload,xai_gate,14,5000,0.2468814566344387,1.039160649501139,53.34744724000001,0.7047257568239259,0.7675082735424973,0.7253097766749662,3694.77875309069,0.9989622222224855,0.13371712158808932,0.1552952853598015,0.5538461538461539,5.261891999999319,0.19904504839024573,0.0128,0.0,10.075,56.0168,calibrated:/Users/let/Documents/DO_A_PAPER_May_18/Papers/Paper_xAI_in_Cyber_2/6_Analysis_Results/xai_surfacebench/data/unsw_nb15/unsw_nb15_score_stream.csv
unsw_nb15_xai_gate_tuning_envelope,balanced_coverage,default,non_markovian,xai_gate,14,5000,0.13573565010982,1.3433275969724707,69.44636096000005,0.6921616845512752,0.7679090046770878,0.7270735394310872,787.9098823652708,0.9593516666668052,0.17113779594617612,0.15199710441151423,0.49095128598194515,4.5211759999995325,0.1330108083267889,0.0024,0.0,9.3936,55.2722,calibrated:/Users/let/Documents/DO_A_PAPER_May_18/Papers/Paper_xAI_in_Cyber_2/6_Analysis_Results/xai_surfacebench/data/unsw_nb15/unsw_nb15_score_stream.csv
unsw_nb15_xai_gate_tuning_envelope,balanced_coverage,default,rtt_uncertainty,xai_gate,14,5000,0.0,0.015839195677966184,0.8181974800000003,0.7686759735085504,0.8737847419053759,0.6953753235487813,9.13184093592453,0.8889666666666604,0.010470197037566298,0.17656434636840804,0.3811591414988046,5.029819999999468,0.07962249260502219,0.0,0.0,7.2778,44.9404,calibrated:/Users/let/Documents/DO_A_PAPER_May_18/Papers/Paper_xAI_in_Cyber_2/6_Analysis_Results/xai_surfacebench/data/unsw_nb15/unsw_nb15_score_stream.csv
unsw_nb15_xai_gate_tuning_envelope,balanced_coverage,default,adversarial_explanation_flood,xai_gate,15,5000,0.0,0.016188303874967763,0.8340602200000005,0.617759488768103,0.6731286622820282,0.6708733745903145,4110.788516859507,1.0,0.0029335662606918603,0.15081497107635514,0.4401194027384446,6.600163499995597,0.8011752151023668,0.0006,0.0,12.1354,44.9166,calibrated:/Users/let/Documents/DO_A_PAPER_May_18/Papers/Paper_xAI_in_Cyber_2/6_Analysis_Results/xai_surfacebench/data/unsw_nb15/unsw_nb15_score_stream.csv
unsw_nb15_xai_gate_tuning_envelope,balanced_coverage,default,transient_overload,xai_gate,15,5000,0.24850540737096546,1.038310008885269,53.29380484000001,0.7005192935204384,0.7633080994602887,0.7227479998825922,3814.8325918406053,1.0,0.13152618336216387,0.1528542223620066,0.5526394676824707,5.290284499994076,0.20905316344986447,0.012,0.0,10.1744,56.1012,calibrated:/Users/let/Documents/DO_A_PAPER_May_18/Papers/Paper_xAI_in_Cyber_2/6_Analysis_Results/xai_surfacebench/data/unsw_nb15/unsw_nb15_score_stream.csv
unsw_nb15_xai_gate_tuning_envelope,balanced_coverage,default,non_markovian,xai_gate,15,5000,0.14017057030168137,1.264620327673243,65.36564165999995,0.6931518893029135,0.7693716277275676,0.7239859499733733,804.2212676459961,0.9606266666668132,0.16504523682810004,0.15361362426822778,0.4869185737094199,4.575395999999521,0.13526237309107536,0.0026,0.0,9.395,55.1708,calibrated:/Users/let/Documents/DO_A_PAPER_May_18/Papers/Paper_xAI_in_Cyber_2/6_Analysis_Results/xai_surfacebench/data/unsw_nb15/unsw_nb15_score_stream.csv
unsw_nb15_xai_gate_tuning_envelope,balanced_coverage,default,rtt_uncertainty,xai_gate,15,5000,0.0,0.015466768223156652,0.798925879999999,0.7676114675768656,0.8722759201687559,0.693824463016921,9.077242220012723,0.8920688888888804,0.010156996587030717,0.17832081911262798,0.378839590443686,5.053519999999463,0.08641645716997814,0.0,0.0,7.325,44.949,calibrated:/Users/let/Documents/DO_A_PAPER_May_18/Papers/Paper_xAI_in_Cyber_2/6_Analysis_Results/xai_surfacebench/data/unsw_nb15/unsw_nb15_score_stream.csv
unsw_nb15_xai_gate_tuning_envelope,balanced_coverage,default,adversarial_explanation_flood,xai_gate,16,5000,0.0,0.01771514973746208,0.913295860000002,0.61606763642313,0.6717238839271666,0.6696819937537505,4165.1394053016165,1.0,0.002925706771860618,0.14860289283366207,0.4403476331354771,6.600744999995761,0.800993743589286,0.0004,0.0,12.168,45.0418,calibrated:/Users/let/Documents/DO_A_PAPER_May_18/Papers/Paper_xAI_in_Cyber_2/6_Analysis_Results/xai_surfacebench/data/unsw_nb15/unsw_nb15_score_stream.csv
unsw_nb15_xai_gate_tuning_envelope,balanced_coverage,default,transient_overload,xai_gate,16,5000,0.24964458817872595,1.0384894289065634,53.307330239999956,0.7035527145836553,0.7667762725473833,0.7233385739074326,3770.026477583518,1.0,0.1316287505421283,0.1541221464337815,0.5561201356294645,5.30079299999385,0.20447111760131897,0.0116,0.0,10.1452,56.153,calibrated:/Users/let/Documents/DO_A_PAPER_May_18/Papers/Paper_xAI_in_Cyber_2/6_Analysis_Results/xai_surfacebench/data/unsw_nb15/unsw_nb15_score_stream.csv
unsw_nb15_xai_gate_tuning_envelope,balanced_coverage,default,non_markovian,xai_gate,16,5000,0.14082765664489927,1.310901895543151,67.76546847999983,0.6938741155852641,0.7698588525337066,0.7296936192310051,749.7035684709855,0.9576350000001419,0.1737455914490339,0.15535409048618473,0.4802561827898825,4.454151999999579,0.12530618008989114,0.0016,0.0,9.2434,54.7608,calibrated:/Users/let/Documents/DO_A_PAPER_May_18/Papers/Paper_xAI_in_Cyber_2/6_Analysis_Results/xai_surfacebench/data/unsw_nb15/unsw_nb15_score_stream.csv
unsw_nb15_xai_gate_tuning_envelope,balanced_coverage,default,rtt_uncertainty,xai_gate,16,5000,0.0,0.017231707288660206,0.8901673999999994,0.7670544038609992,0.8719416825560187,0.6924980458050792,3.793279601164042,0.8869438888888814,0.009926510913677744,0.17193155643303717,0.3820609849731271,5.028587999999436,0.07908496151831823,0.0,0.0,7.2936,45.0604,calibrated:/Users/let/Documents/DO_A_PAPER_May_18/Papers/Paper_xAI_in_Cyber_2/6_Analysis_Results/xai_surfacebench/data/unsw_nb15/unsw_nb15_score_stream.csv
unsw_nb15_xai_gate_tuning_envelope,balanced_coverage,default,adversarial_explanation_flood,xai_gate,17,5000,0.0,0.016478819218537773,0.8492959400000007,0.6199516844480345,0.6760141626397135,0.6695444651487691,4089.1723496500263,1.0,0.0026713717988885773,0.15337301914483123,0.442746895766371,6.619541999995546,0.7989724056505823,0.0004,0.0,12.1286,44.9464,calibrated:/Users/let/Documents/DO_A_PAPER_May_18/Papers/Paper_xAI_in_Cyber_2/6_Analysis_Results/xai_surfacebench/data/unsw_nb15/unsw_nb15_score_stream.csv
unsw_nb15_xai_gate_tuning_envelope,balanced_coverage,default,transient_overload,xai_gate,17,5000,0.2484797770221744,1.038411760085816,53.30765383999996,0.7041605536333199,0.767835550346935,0.7235861591695739,3652.7451701210225,0.998968888889144,0.13176470588235295,0.15533366287691547,0.5545229856648541,5.289723999999357,0.1929655720632577,0.0112,0.0,10.115,56.5258,calibrated:/Users/let/Documents/DO_A_PAPER_May_18/Papers/Paper_xAI_in_Cyber_2/6_Analysis_Results/xai_surfacebench/data/unsw_nb15/unsw_nb15_score_stream.csv
unsw_nb15_xai_gate_tuning_envelope,balanced_coverage,default,non_markovian,xai_gate,17,5000,0.13451745805121632,1.2097587047754554,62.53063198000004,0.6941809127558141,0.7705457495574902,0.7271709746264976,699.1066128528086,0.9563216666667852,0.16914221656929743,0.15405178174919698,0.48354064716407613,4.502239999999553,0.1263313677713367,0.0018,0.0,9.2774,54.9122,calibrated:/Users/let/Documents/DO_A_PAPER_May_18/Papers/Paper_xAI_in_Cyber_2/6_Analysis_Results/xai_surfacebench/data/unsw_nb15/unsw_nb15_score_stream.csv
unsw_nb15_xai_gate_tuning_envelope,balanced_coverage,default,rtt_uncertainty,xai_gate,17,5000,0.0,0.01837235447727067,0.9491132599999984,0.7671194820804982,0.8715799001666136,0.6930757640104883,3.2015916635416306,0.8886461111111029,0.009642701048951048,0.17362325174825174,0.3852436625874126,5.050051999999444,0.08309294516190957,0.0,0.0,7.3216,45.066,calibrated:/Users/let/Documents/DO_A_PAPER_May_18/Papers/Paper_xAI_in_Cyber_2/6_Analysis_Results/xai_surfacebench/data/unsw_nb15/unsw_nb15_score_stream.csv
unsw_nb15_xai_gate_tuning_envelope,balanced_coverage,default,adversarial_explanation_flood,xai_gate,18,5000,0.0,0.018624005593945264,0.9597867800000002,0.6171420689425202,0.6724491023272788,0.6701475286989832,4141.9106790879205,1.0,0.0028328145329973484,0.14827807698008794,0.4411820412728167,6.600198999995691,0.7964672465826372,0.0014,0.0,12.1434,45.064,calibrated:/Users/let/Documents/DO_A_PAPER_May_18/Papers/Paper_xAI_in_Cyber_2/6_Analysis_Results/xai_surfacebench/data/unsw_nb15/unsw_nb15_score_stream.csv
unsw_nb15_xai_gate_tuning_envelope,balanced_coverage,default,transient_overload,xai_gate,18,5000,0.24728890529806993,1.0411153033767355,53.437111139999985,0.7042647377754606,0.7675374737791292,0.721958522278572,3737.534804134499,1.0,0.12886435331230284,0.15494873817034702,0.5547589708190372,5.32742649999391,0.2032872136499062,0.0112,0.0,10.144,56.2016,calibrated:/Users/let/Documents/DO_A_PAPER_May_18/Papers/Paper_xAI_in_Cyber_2/6_Analysis_Results/xai_surfacebench/data/unsw_nb15/unsw_nb15_score_stream.csv
unsw_nb15_xai_gate_tuning_envelope,balanced_coverage,default,non_markovian,xai_gate,18,5000,0.14018913107022118,1.3028085831688816,67.3468024799999,0.6908046074723513,0.7661588739158527,0.7254494835720551,792.1880615894826,0.9605266666668063,0.17193012283759085,0.1538232668848557,0.4841671271305309,4.508271999999563,0.1320132846885651,0.0028,0.0,9.4108,55.4222,calibrated:/Users/let/Documents/DO_A_PAPER_May_18/Papers/Paper_xAI_in_Cyber_2/6_Analysis_Results/xai_surfacebench/data/unsw_nb15/unsw_nb15_score_stream.csv
unsw_nb15_xai_gate_tuning_envelope,balanced_coverage,default,rtt_uncertainty,xai_gate,18,5000,0.0,0.019808529675082023,1.0233887000000006,0.766733818062619,0.8715660664337908,0.6917168783605652,5.7450746926710785,0.888796666666657,0.009430352066477148,0.17425650557620817,0.3800295211021211,5.043711999999448,0.08050315579931966,0.0,0.0,7.3168,45.1444,calibrated:/Users/let/Documents/DO_A_PAPER_May_18/Papers/Paper_xAI_in_Cyber_2/6_Analysis_Results/xai_surfacebench/data/unsw_nb15/unsw_nb15_score_stream.csv
unsw_nb15_xai_gate_tuning_envelope,balanced_coverage,default,adversarial_explanation_flood,xai_gate,19,5000,0.0,0.017036614206859833,0.8787487200000007,0.6208163282163693,0.6761237882866908,0.6706286660831136,4025.126502723587,1.0,0.0033211612498141143,0.15126980717436922,0.4448249367981663,6.610374999995704,0.7960645706001743,0.0004,0.0,12.1042,44.9286,calibrated:/Users/let/Documents/DO_A_PAPER_May_18/Papers/Paper_xAI_in_Cyber_2/6_Analysis_Results/xai_surfacebench/data/unsw_nb15/unsw_nb15_score_stream.csv
unsw_nb15_xai_gate_tuning_envelope,balanced_coverage,default,transient_overload,xai_gate,19,5000,0.24936603739931368,1.0373217071737586,53.25434623999996,0.7048173174670611,0.7669710277037486,0.7274942693695543,3658.186697314053,0.9984816666669218,0.13707668081883234,0.15671031912136976,0.5519942594032171,5.217435999999309,0.19311087804912863,0.0106,0.0,10.0338,56.0652,calibrated:/Users/let/Documents/DO_A_PAPER_May_18/Papers/Paper_xAI_in_Cyber_2/6_Analysis_Results/xai_surfacebench/data/unsw_nb15/unsw_nb15_score_stream.csv
unsw_nb15_xai_gate_tuning_envelope,balanced_coverage,default,non_markovian,xai_gate,19,5000,0.1383353390622555,1.2360068160960418,63.88972627999986,0.6942198718776378,0.770442870709747,0.7277122834171634,748.9924795841127,0.9583905555556909,0.16937529558450493,0.1538759189990971,0.48576894965389744,4.51441199999954,0.12779521345266276,0.0016,0.0,9.3036,54.9958,calibrated:/Users/let/Documents/DO_A_PAPER_May_18/Papers/Paper_xAI_in_Cyber_2/6_Analysis_Results/xai_surfacebench/data/unsw_nb15/unsw_nb15_score_stream.csv
unsw_nb15_xai_gate_tuning_envelope,balanced_coverage,default,rtt_uncertainty,xai_gate,19,5000,0.0,0.016562448021100795,0.8556816000000003,0.767354591487687,0.8727394896581875,0.6925302208543741,9.300127195902446,0.8893338888888811,0.009415628849048858,0.17635144382099358,0.3786232379909676,5.0426639999994975,0.08189342453989656,0.0,0.0,7.307,45.026,calibrated:/Users/let/Documents/DO_A_PAPER_May_18/Papers/Paper_xAI_in_Cyber_2/6_Analysis_Results/xai_surfacebench/data/unsw_nb15/unsw_nb15_score_stream.csv
unsw_nb15_xai_gate_tuning_envelope,balanced_coverage,default,adversarial_explanation_flood,xai_gate,20,5000,0.0,0.01823864360016384,0.9397729200000012,0.6193919890275734,0.6753661130346118,0.6695241419769157,4031.222925923718,1.0,0.0029082737082142206,0.15085017433117967,0.4413098798678022,6.600272999995534,0.7927536811483435,0.0004,0.0,12.1034,45.0086,calibrated:/Users/let/Documents/DO_A_PAPER_May_18/Papers/Paper_xAI_in_Cyber_2/6_Analysis_Results/xai_surfacebench/data/unsw_nb15/unsw_nb15_score_stream.csv
unsw_nb15_xai_gate_tuning_envelope,balanced_coverage,default,transient_overload,xai_gate,20,5000,0.24784192465897886,1.037517147432866,53.250216139999964,0.7042821492933545,0.7667606787881028,0.7246685547913252,3754.720209101901,1.0,0.13236022261393118,0.15541383612921114,0.5537422510930841,5.281103999993889,0.2029356862660996,0.015,0.0,10.0982,55.9642,calibrated:/Users/let/Documents/DO_A_PAPER_May_18/Papers/Paper_xAI_in_Cyber_2/6_Analysis_Results/xai_surfacebench/data/unsw_nb15/unsw_nb15_score_stream.csv
unsw_nb15_xai_gate_tuning_envelope,balanced_coverage,default,non_markovian,xai_gate,20,5000,0.13886871162312445,1.2763303479267538,65.97251464000004,0.6931610299770313,0.7682618829003778,0.7270072166709245,784.3030071874588,0.9608122222223701,0.16978392689384234,0.15456059441455292,0.48642070202408405,4.529299999999564,0.13045241267450125,0.0022,0.0,9.3672,55.2416,calibrated:/Users/let/Documents/DO_A_PAPER_May_18/Papers/Paper_xAI_in_Cyber_2/6_Analysis_Results/xai_surfacebench/data/unsw_nb15/unsw_nb15_score_stream.csv
unsw_nb15_xai_gate_tuning_envelope,balanced_coverage,default,rtt_uncertainty,xai_gate,20,5000,0.0,0.018614376709928878,0.9615676,0.7674149230812183,0.8724712438104882,0.6935332458400357,5.079313664731898,0.8869399999999893,0.01009131543587353,0.17262182246963007,0.38429264814764036,5.03113199999943,0.07710483954336622,0.0,0.0,7.2934,45.142,calibrated:/Users/let/Documents/DO_A_PAPER_May_18/Papers/Paper_xAI_in_Cyber_2/6_Analysis_Results/xai_surfacebench/data/unsw_nb15/unsw_nb15_score_stream.csv
unsw_nb15_xai_gate_tuning_envelope,security_budget,default,adversarial_explanation_flood,xai_gate,1,5000,0.0,0.018440697176938657,0.9507902799999998,0.5794780453491445,0.6328818131062779,0.5306618705625342,4618.707503262012,1.0,0.0,0.16433268985374472,0.4271709256292422,6.245615000000477,0.807205049743527,0.0008,0.0,12.2252,45.098,calibrated:/Users/let/Documents/DO_A_PAPER_May_18/Papers/Paper_xAI_in_Cyber_2/6_Analysis_Results/xai_surfacebench/data/unsw_nb15/unsw_nb15_score_stream.csv
unsw_nb15_xai_gate_tuning_envelope,security_budget,default,transient_overload,xai_gate,1,5000,0.24860237023361523,1.041380783799987,53.369505079999996,0.6759022115878237,0.7459365856937761,0.6734297087320841,3748.303196271178,1.0,0.09165386584741424,0.14179369018078697,0.5548293552326675,5.334471499999846,0.2018746005822618,0.0232,0.0,10.1556,56.332,calibrated:/Users/let/Documents/DO_A_PAPER_May_18/Papers/Paper_xAI_in_Cyber_2/6_Analysis_Results/xai_surfacebench/data/unsw_nb15/unsw_nb15_score_stream.csv
unsw_nb15_xai_gate_tuning_envelope,security_budget,default,non_markovian,xai_gate,1,5000,0.13883936605428332,1.247342912773338,64.43976493999989,0.6872558398936819,0.7651098278140012,0.7065027134858938,650.3867600396052,0.9501715151514762,0.1310624423518308,0.177824492159849,0.5348892082627255,4.686591999999496,0.12818427889158723,0.0026,0.0,9.3238,55.0962,calibrated:/Users/let/Documents/DO_A_PAPER_May_18/Papers/Paper_xAI_in_Cyber_2/6_Analysis_Results/xai_surfacebench/data/unsw_nb15/unsw_nb15_score_stream.csv
unsw_nb15_xai_gate_tuning_envelope,security_budget,default,rtt_uncertainty,xai_gate,1,5000,0.0,0.016406174741589556,0.8480474599999991,0.7248100537222532,0.8291667727756896,0.6562102430188628,13.318485152037454,0.8009660606060574,0.0024120162262909767,0.2541113912948142,0.40867229470452804,4.659987999999395,0.08181516272891498,0.0,0.0,7.2968,44.9664,calibrated:/Users/let/Documents/DO_A_PAPER_May_18/Papers/Paper_xAI_in_Cyber_2/6_Analysis_Results/xai_surfacebench/data/unsw_nb15/unsw_nb15_score_stream.csv
unsw_nb15_xai_gate_tuning_envelope,security_budget,default,adversarial_explanation_flood,xai_gate,2,5000,0.0,0.01893395685888812,0.9762437450000659,0.583602434977114,0.6379791496199926,0.5348937367529111,4492.0622266164355,1.0,0.0,0.17053053579350344,0.4287374924011783,6.259067000000423,0.8015466015465988,0.0008,0.0,12.1726,45.045,calibrated:/Users/let/Documents/DO_A_PAPER_May_18/Papers/Paper_xAI_in_Cyber_2/6_Analysis_Results/xai_surfacebench/data/unsw_nb15/unsw_nb15_score_stream.csv
unsw_nb15_xai_gate_tuning_envelope,security_budget,default,transient_overload,xai_gate,2,5000,0.24902501654415723,1.0388571014611157,53.23463491999998,0.6751397521657202,0.7449595685029667,0.6748389125672981,3771.8072668563686,1.0,0.0946348586199412,0.14293888987549083,0.5534318948677812,5.29645449999986,0.20206641856361407,0.0218,0.0,10.1358,56.2132,calibrated:/Users/let/Documents/DO_A_PAPER_May_18/Papers/Paper_xAI_in_Cyber_2/6_Analysis_Results/xai_surfacebench/data/unsw_nb15/unsw_nb15_score_stream.csv
unsw_nb15_xai_gate_tuning_envelope,security_budget,default,non_markovian,xai_gate,2,5000,0.13609208605344458,1.2927431950350656,66.78769371999992,0.6864807761868055,0.7645381023677469,0.7023917530160041,707.303979998782,0.9535369696969235,0.126853762846018,0.17202493670078087,0.5362241749824465,4.745547999999526,0.1294754916627303,0.003,0.0,9.3998,55.4818,calibrated:/Users/let/Documents/DO_A_PAPER_May_18/Papers/Paper_xAI_in_Cyber_2/6_Analysis_Results/xai_surfacebench/data/unsw_nb15/unsw_nb15_score_stream.csv
unsw_nb15_xai_gate_tuning_envelope,security_budget,default,rtt_uncertainty,xai_gate,2,5000,0.0,0.014521469700105916,0.7506352199999996,0.725889246513234,0.8300818608647544,0.6585507078287265,13.48002302420229,0.8007084848484854,0.0027509559571951255,0.26469698220131493,0.4036202580396688,4.650127999999397,0.08036538230062562,0.0,0.0,7.2702,44.8626,calibrated:/Users/let/Documents/DO_A_PAPER_May_18/Papers/Paper_xAI_in_Cyber_2/6_Analysis_Results/xai_surfacebench/data/unsw_nb15/unsw_nb15_score_stream.csv
unsw_nb15_xai_gate_tuning_envelope,security_budget,default,adversarial_explanation_flood,xai_gate,3,5000,0.0,0.017612569255189642,0.9077633400000009,0.5820566455958021,0.6353880424307471,0.53320950660875,4513.982098923888,1.0,0.0,0.1682456284377309,0.42749363763260434,6.249098000000527,0.8098774347019246,0.0006,0.0,12.181,44.8686,calibrated:/Users/let/Documents/DO_A_PAPER_May_18/Papers/Paper_xAI_in_Cyber_2/6_Analysis_Results/xai_surfacebench/data/unsw_nb15/unsw_nb15_score_stream.csv
unsw_nb15_xai_gate_tuning_envelope,security_budget,default,transient_overload,xai_gate,3,5000,0.24642385566892847,1.0392548579856609,53.258391600000046,0.672852638403344,0.7428894940459697,0.6713901713095235,3787.735459003678,1.0,0.09308082197163177,0.14182153942870615,0.550503909473201,5.309036999999869,0.20898174010526116,0.0256,0.0,10.1804,56.1376,calibrated:/Users/let/Documents/DO_A_PAPER_May_18/Papers/Paper_xAI_in_Cyber_2/6_Analysis_Results/xai_surfacebench/data/unsw_nb15/unsw_nb15_score_stream.csv
unsw_nb15_xai_gate_tuning_envelope,security_budget,default,non_markovian,xai_gate,3,5000,0.13513043731863464,1.2637062537069097,65.29367086000006,0.6871749130726624,0.7654698576678939,0.7088324730578812,621.4929231518809,0.9478212121211703,0.136146685959873,0.17681359739109778,0.5322333326134375,4.617323999999534,0.1253287059315331,0.0012,0.0,9.2606,54.8616,calibrated:/Users/let/Documents/DO_A_PAPER_May_18/Papers/Paper_xAI_in_Cyber_2/6_Analysis_Results/xai_surfacebench/data/unsw_nb15/unsw_nb15_score_stream.csv
unsw_nb15_xai_gate_tuning_envelope,security_budget,default,rtt_uncertainty,xai_gate,3,5000,0.0,0.016598052257605283,0.8578252599999998,0.7236489563047656,0.8280187142977395,0.655884088264436,11.471533340253089,0.7963121212121193,0.0027155278821625476,0.26082782456044107,0.4060399923197191,4.643039999999399,0.07721514312096356,0.0,0.0,7.2914,45.125,calibrated:/Users/let/Documents/DO_A_PAPER_May_18/Papers/Paper_xAI_in_Cyber_2/6_Analysis_Results/xai_surfacebench/data/unsw_nb15/unsw_nb15_score_stream.csv
unsw_nb15_xai_gate_tuning_envelope,security_budget,default,adversarial_explanation_flood,xai_gate,4,5000,0.0,0.02027689340800784,1.045468,0.5771570958602577,0.629515022984276,0.5288964528841542,4683.3392585093525,1.0,0.0,0.1673398260642976,0.42360183707391375,6.247644000000429,0.8093550036318495,0.0002,0.0,12.2804,45.2478,calibrated:/Users/let/Documents/DO_A_PAPER_May_18/Papers/Paper_xAI_in_Cyber_2/6_Analysis_Results/xai_surfacebench/data/unsw_nb15/unsw_nb15_score_stream.csv
unsw_nb15_xai_gate_tuning_envelope,security_budget,default,transient_overload,xai_gate,4,5000,0.2481426552392239,1.0409945982993465,53.348059119999945,0.679237797010677,0.7495397302641224,0.6753009061674531,3684.026547443459,1.0,0.08988228755185898,0.1429223653651468,0.5538861980666643,5.339679499999816,0.19833536120497697,0.0226,0.0,10.0754,56.0522,calibrated:/Users/let/Documents/DO_A_PAPER_May_18/Papers/Paper_xAI_in_Cyber_2/6_Analysis_Results/xai_surfacebench/data/unsw_nb15/unsw_nb15_score_stream.csv
unsw_nb15_xai_gate_tuning_envelope,security_budget,default,non_markovian,xai_gate,4,5000,0.13407945425944304,1.2844783007051124,66.37590813999995,0.6864047995894194,0.7636408091742862,0.706513453394339,683.6667031756111,0.9519193939393508,0.13423450399965778,0.16725841639218034,0.5398254694785473,4.667779999999534,0.13236382219413056,0.0022,0.0,9.3508,55.0518,calibrated:/Users/let/Documents/DO_A_PAPER_May_18/Papers/Paper_xAI_in_Cyber_2/6_Analysis_Results/xai_surfacebench/data/unsw_nb15/unsw_nb15_score_stream.csv
unsw_nb15_xai_gate_tuning_envelope,security_budget,default,rtt_uncertainty,xai_gate,4,5000,0.0,0.016121200364374873,0.8332924799999996,0.7235233773378087,0.8268881571046852,0.6551711835715859,12.798783128623157,0.7940115151515105,0.00253025302530253,0.256023102310231,0.40844334433443347,4.631087999999404,0.08075813578138846,0.0,0.0,7.272,44.8574,calibrated:/Users/let/Documents/DO_A_PAPER_May_18/Papers/Paper_xAI_in_Cyber_2/6_Analysis_Results/xai_surfacebench/data/unsw_nb15/unsw_nb15_score_stream.csv
unsw_nb15_xai_gate_tuning_envelope,security_budget,default,adversarial_explanation_flood,xai_gate,5,5000,0.0,0.016164415357004226,0.8335561425000647,0.5836037098525879,0.6371783672492302,0.5349735157301793,4448.432713056869,1.0,0.0,0.16903908741247248,0.42988962490569543,6.257965500000432,0.8084829676266745,0.0006,0.0,12.1676,44.8538,calibrated:/Users/let/Documents/DO_A_PAPER_May_18/Papers/Paper_xAI_in_Cyber_2/6_Analysis_Results/xai_surfacebench/data/unsw_nb15/unsw_nb15_score_stream.csv
unsw_nb15_xai_gate_tuning_envelope,security_budget,default,transient_overload,xai_gate,5,5000,0.24810067963065113,1.0397600442808121,53.279869739999995,0.6767788357286356,0.7467526147794036,0.675199992114616,3745.6994584611066,1.0,0.09233741400043369,0.1428627752478956,0.5574743233387308,5.333479999999781,0.20333766256871955,0.026,0.0,10.1454,56.207,calibrated:/Users/let/Documents/DO_A_PAPER_May_18/Papers/Paper_xAI_in_Cyber_2/6_Analysis_Results/xai_surfacebench/data/unsw_nb15/unsw_nb15_score_stream.csv
unsw_nb15_xai_gate_tuning_envelope,security_budget,default,non_markovian,xai_gate,5,5000,0.1409250336005679,1.2301223120310565,63.54317409999983,0.6877655505460293,0.7654908087725649,0.704149020278189,664.7333737711475,0.9512387878787476,0.12701126092437873,0.1723327421526101,0.5391781875681104,4.737159999999509,0.13025910777661465,0.002,0.0,9.3598,55.2074,calibrated:/Users/let/Documents/DO_A_PAPER_May_18/Papers/Paper_xAI_in_Cyber_2/6_Analysis_Results/xai_surfacebench/data/unsw_nb15/unsw_nb15_score_stream.csv
unsw_nb15_xai_gate_tuning_envelope,security_budget,default,rtt_uncertainty,xai_gate,5,5000,0.0,0.017589776650873915,0.9092144,0.7235596537656522,0.8277102849591436,0.6556577385319636,12.36051582843916,0.7903981818181759,0.002701510640643952,0.2474363215348991,0.4186238835593781,4.621415999999361,0.07334652973184141,0.0,0.0,7.2552,45.0628,calibrated:/Users/let/Documents/DO_A_PAPER_May_18/Papers/Paper_xAI_in_Cyber_2/6_Analysis_Results/xai_surfacebench/data/unsw_nb15/unsw_nb15_score_stream.csv
unsw_nb15_xai_gate_tuning_envelope,security_budget,default,adversarial_explanation_flood,xai_gate,6,5000,0.0,0.015678977526052854,0.808390140000001,0.5864295677007139,0.6400310716307107,0.5373692908900536,4331.457361590411,1.0,0.0,0.1695195021705759,0.43210347787355813,6.260603500000546,0.8004853164289867,0.0,0.0,12.1166,44.8642,calibrated:/Users/let/Documents/DO_A_PAPER_May_18/Papers/Paper_xAI_in_Cyber_2/6_Analysis_Results/xai_surfacebench/data/unsw_nb15/unsw_nb15_score_stream.csv
unsw_nb15_xai_gate_tuning_envelope,security_budget,default,transient_overload,xai_gate,6,5000,0.24776469127545506,1.0393121307395725,53.26298192,0.6711654065201548,0.7409772158302073,0.6698850893558164,3828.4917886622056,1.0,0.09281225451688924,0.14063236449332286,0.549540946582949,5.30219749999981,0.20767103534311504,0.025,0.0,10.184,56.2184,calibrated:/Users/let/Documents/DO_A_PAPER_May_18/Papers/Paper_xAI_in_Cyber_2/6_Analysis_Results/xai_surfacebench/data/unsw_nb15/unsw_nb15_score_stream.csv
unsw_nb15_xai_gate_tuning_envelope,security_budget,default,non_markovian,xai_gate,6,5000,0.13677731405553165,1.3734979317033233,70.97409606000018,0.684439640556201,0.7606400315351269,0.7077797558494227,735.2020416204115,0.9558309090908624,0.1374618514750763,0.1755467955239064,0.5379577822990844,4.667903999999545,0.13134800748093833,0.005,0.0,9.4368,55.608,calibrated:/Users/let/Documents/DO_A_PAPER_May_18/Papers/Paper_xAI_in_Cyber_2/6_Analysis_Results/xai_surfacebench/data/unsw_nb15/unsw_nb15_score_stream.csv
unsw_nb15_xai_gate_tuning_envelope,security_budget,default,rtt_uncertainty,xai_gate,6,5000,0.0,0.01553761517267585,0.8031454199999997,0.724154243198054,0.8292319945820446,0.6556924399343245,12.531620140259681,0.7965654545454528,0.0021964143535678007,0.2552782582434176,0.41009801499052795,4.647043999999408,0.08079477273132163,0.0,0.0,7.2846,44.9336,calibrated:/Users/let/Documents/DO_A_PAPER_May_18/Papers/Paper_xAI_in_Cyber_2/6_Analysis_Results/xai_surfacebench/data/unsw_nb15/unsw_nb15_score_stream.csv
unsw_nb15_xai_gate_tuning_envelope,security_budget,default,adversarial_explanation_flood,xai_gate,7,5000,0.0,0.01798244689241177,0.9273542000000007,0.5892246248387089,0.6428089725490636,0.5398740558848547,4233.271852258523,1.0,0.0,0.16864875608705734,0.4359637426709105,6.267664500000488,0.7881757787393866,0.0004,0.0,12.0748,45.0172,calibrated:/Users/let/Documents/DO_A_PAPER_May_18/Papers/Paper_xAI_in_Cyber_2/6_Analysis_Results/xai_surfacebench/data/unsw_nb15/unsw_nb15_score_stream.csv
unsw_nb15_xai_gate_tuning_envelope,security_budget,default,transient_overload,xai_gate,7,5000,0.24962028868972455,1.0402822252430044,53.306635387499966,0.6794691625169352,0.7495608488651208,0.6757023407240953,3717.5020093321004,1.0,0.09005216978894949,0.14226148130582564,0.5583526005850211,5.35980449999982,0.20030028854740678,0.0248,0.0,10.1208,56.2126,calibrated:/Users/let/Documents/DO_A_PAPER_May_18/Papers/Paper_xAI_in_Cyber_2/6_Analysis_Results/xai_surfacebench/data/unsw_nb15/unsw_nb15_score_stream.csv
unsw_nb15_xai_gate_tuning_envelope,security_budget,default,non_markovian,xai_gate,7,5000,0.13679879957221122,1.2782766790488922,66.04443066000005,0.6867405764967531,0.7650531773375648,0.7055946871030715,627.8218318156909,0.947860606060566,0.13084192624803564,0.18334660839988806,0.5271780078789314,4.665559999999535,0.12653478936736096,0.0026,0.0,9.2906,54.9804,calibrated:/Users/let/Documents/DO_A_PAPER_May_18/Papers/Paper_xAI_in_Cyber_2/6_Analysis_Results/xai_surfacebench/data/unsw_nb15/unsw_nb15_score_stream.csv
unsw_nb15_xai_gate_tuning_envelope,security_budget,default,rtt_uncertainty,xai_gate,7,5000,0.0,0.01752155566265223,0.9057965199999997,0.7267646332428469,0.8316364197231548,0.6589697394499214,14.44539444690051,0.8064775757575762,0.002497187234159326,0.2675557750884992,0.39875415054471613,4.6706759999993945,0.0749177020282481,0.0,0.0,7.2882,45.2016,calibrated:/Users/let/Documents/DO_A_PAPER_May_18/Papers/Paper_xAI_in_Cyber_2/6_Analysis_Results/xai_surfacebench/data/unsw_nb15/unsw_nb15_score_stream.csv
unsw_nb15_xai_gate_tuning_envelope,security_budget,default,adversarial_explanation_flood,xai_gate,8,5000,0.0,0.01721220400913859,0.8872155800000014,0.5847373641753745,0.6384931711009815,0.5357236787947339,4461.07656090497,1.0,0.0,0.17010207441554165,0.429714767863246,6.25836050000052,0.8033263860436761,0.0018,0.0,12.148,44.9096,calibrated:/Users/let/Documents/DO_A_PAPER_May_18/Papers/Paper_xAI_in_Cyber_2/6_Analysis_Results/xai_surfacebench/data/unsw_nb15/unsw_nb15_score_stream.csv
unsw_nb15_xai_gate_tuning_envelope,security_budget,default,transient_overload,xai_gate,8,5000,0.24533821425643915,1.0414828207123776,53.37765027999999,0.6751685581433445,0.7447645806722352,0.6735424301532326,3712.6938786064347,1.0,0.09313551641249951,0.14109232769830948,0.5540597785397277,5.314536999999915,0.2058918916992496,0.024,0.0,10.1508,56.1178,calibrated:/Users/let/Documents/DO_A_PAPER_May_18/Papers/Paper_xAI_in_Cyber_2/6_Analysis_Results/xai_surfacebench/data/unsw_nb15/unsw_nb15_score_stream.csv
unsw_nb15_xai_gate_tuning_envelope,security_budget,default,non_markovian,xai_gate,8,5000,0.13790381359645915,1.2562720266265548,64.90771371999995,0.6869571400867082,0.7652577087269951,0.707715215376967,608.4586634547079,0.9482909090908622,0.134742603486543,0.17042687525588812,0.5375913116555692,4.637515999999502,0.12980031843877082,0.001,0.0,9.2814,54.7672,calibrated:/Users/let/Documents/DO_A_PAPER_May_18/Papers/Paper_xAI_in_Cyber_2/6_Analysis_Results/xai_surfacebench/data/unsw_nb15/unsw_nb15_score_stream.csv
unsw_nb15_xai_gate_tuning_envelope,security_budget,default,rtt_uncertainty,xai_gate,8,5000,0.0,0.01740991879030135,0.8998141599999994,0.7237486934038225,0.8282469445461002,0.6560057977180777,13.534750004062763,0.7940678787878755,0.0027782362326016392,0.2578258238433185,0.4087583209550531,4.631035999999395,0.0784017086410933,0.0,0.0,7.2708,44.948,calibrated:/Users/let/Documents/DO_A_PAPER_May_18/Papers/Paper_xAI_in_Cyber_2/6_Analysis_Results/xai_surfacebench/data/unsw_nb15/unsw_nb15_score_stream.csv
unsw_nb15_xai_gate_tuning_envelope,security_budget,default,adversarial_explanation_flood,xai_gate,9,5000,0.0,0.01732529611167423,0.8931179000000015,0.583144852361101,0.6366000150207407,0.5341759626133208,4525.852075594966,1.0,0.0,0.1664310140733921,0.42979128304637176,6.252081500000415,0.7994893596878172,0.0006,0.0,12.1648,45.0676,calibrated:/Users/let/Documents/DO_A_PAPER_May_18/Papers/Paper_xAI_in_Cyber_2/6_Analysis_Results/xai_surfacebench/data/unsw_nb15/unsw_nb15_score_stream.csv
unsw_nb15_xai_gate_tuning_envelope,security_budget,default,transient_overload,xai_gate,9,5000,0.24819481808315716,1.042038906497103,53.40477771999994,0.6773754420278372,0.7470982747290424,0.6758083180229221,3725.117226208965,1.0,0.09318635295047314,0.14206128133704735,0.5565869535155753,5.320056499999869,0.2007757040937963,0.0242,0.0,10.1238,56.207,calibrated:/Users/let/Documents/DO_A_PAPER_May_18/Papers/Paper_xAI_in_Cyber_2/6_Analysis_Results/xai_surfacebench/data/unsw_nb15/unsw_nb15_score_stream.csv
unsw_nb15_xai_gate_tuning_envelope,security_budget,default,non_markovian,xai_gate,9,5000,0.13658790804280893,1.2606000247562374,65.11903770000002,0.6854966495445416,0.7619809497919303,0.7045344240809863,709.9483327614049,0.9539745454544988,0.1309954129410024,0.16883336504111443,0.5447396791172554,4.7344519999995365,0.14377105720305927,0.0022,0.0,9.4614,55.1474,calibrated:/Users/let/Documents/DO_A_PAPER_May_18/Papers/Paper_xAI_in_Cyber_2/6_Analysis_Results/xai_surfacebench/data/unsw_nb15/unsw_nb15_score_stream.csv
unsw_nb15_xai_gate_tuning_envelope,security_budget,default,rtt_uncertainty,xai_gate,9,5000,0.0,0.017315605358657418,0.8950185199999976,0.7243040389241302,0.8294022806841969,0.6564086048228336,11.194582923922443,0.7918387878787848,0.0024880435684073755,0.26116163989716085,0.40602106543554584,4.614207999999404,0.07229776398362531,0.0,0.0,7.2346,44.9788,calibrated:/Users/let/Documents/DO_A_PAPER_May_18/Papers/Paper_xAI_in_Cyber_2/6_Analysis_Results/xai_surfacebench/data/unsw_nb15/unsw_nb15_score_stream.csv
unsw_nb15_xai_gate_tuning_envelope,security_budget,default,adversarial_explanation_flood,xai_gate,10,5000,0.0,0.014951856785360084,0.7706884800000007,0.5852945857248474,0.6386804220420086,0.5361158181609177,4417.225611827211,1.0,0.0,0.16915693647338215,0.43022503133473566,6.254411500000463,0.8003429309461776,0.0008,0.0,12.1272,44.907,calibrated:/Users/let/Documents/DO_A_PAPER_May_18/Papers/Paper_xAI_in_Cyber_2/6_Analysis_Results/xai_surfacebench/data/unsw_nb15/unsw_nb15_score_stream.csv
unsw_nb15_xai_gate_tuning_envelope,security_budget,default,transient_overload,xai_gate,10,5000,0.24688285108327793,1.0400063393375893,53.29395421999998,0.6752770555097247,0.7451883309034535,0.6739470807232731,3749.0817457672433,1.0,0.0932119922782965,0.14188630185557263,0.5547462868850108,5.316586999999858,0.20838629514846252,0.026,0.0,10.1532,56.0152,calibrated:/Users/let/Documents/DO_A_PAPER_May_18/Papers/Paper_xAI_in_Cyber_2/6_Analysis_Results/xai_surfacebench/data/unsw_nb15/unsw_nb15_score_stream.csv
unsw_nb15_xai_gate_tuning_envelope,security_budget,default,non_markovian,xai_gate,10,5000,0.13868327439528094,1.2848367108341627,66.37173871999993,0.6863628045537543,0.7634694721489265,0.706328545589937,729.9648735955257,0.9549436363635915,0.1329290350037238,0.1686349611660815,0.5418448771145866,4.701987999999513,0.13516137915042004,0.0028,0.0,9.399,55.1992,calibrated:/Users/let/Documents/DO_A_PAPER_May_18/Papers/Paper_xAI_in_Cyber_2/6_Analysis_Results/xai_surfacebench/data/unsw_nb15/unsw_nb15_score_stream.csv
unsw_nb15_xai_gate_tuning_envelope,security_budget,default,rtt_uncertainty,xai_gate,10,5000,0.0,0.016596677776598737,0.85789224,0.7226230497135315,0.8261003094701683,0.6543348168402284,12.459019880878024,0.7926684848484779,0.0027694754448984067,0.24642847349803942,0.4173407551619183,4.636715999999389,0.07875544827851222,0.0,0.0,7.2938,45.0754,calibrated:/Users/let/Documents/DO_A_PAPER_May_18/Papers/Paper_xAI_in_Cyber_2/6_Analysis_Results/xai_surfacebench/data/unsw_nb15/unsw_nb15_score_stream.csv
unsw_nb15_xai_gate_tuning_envelope,security_budget,default,adversarial_explanation_flood,xai_gate,11,5000,0.0,0.016825575264824245,0.8680942999999995,0.5855327188108473,0.6392170879475175,0.5366459518798389,4354.446007395319,1.0,0.0,0.1737986382922738,0.4293429102393424,6.270009500000477,0.7996836065889121,0.0006,0.0,12.1612,45.0494,calibrated:/Users/let/Documents/DO_A_PAPER_May_18/Papers/Paper_xAI_in_Cyber_2/6_Analysis_Results/xai_surfacebench/data/unsw_nb15/unsw_nb15_score_stream.csv
unsw_nb15_xai_gate_tuning_envelope,security_budget,default,transient_overload,xai_gate,11,5000,0.24845639493339694,1.038037600646115,53.19950757999994,0.674391702798708,0.7438120840609459,0.6732819767441484,3770.8593400757118,1.0,0.09357508868742609,0.14184075679936933,0.5521334253055543,5.3038069999998,0.20254207060491103,0.0246,0.0,10.148,56.2586,calibrated:/Users/let/Documents/DO_A_PAPER_May_18/Papers/Paper_xAI_in_Cyber_2/6_Analysis_Results/xai_surfacebench/data/unsw_nb15/unsw_nb15_score_stream.csv
unsw_nb15_xai_gate_tuning_envelope,security_budget,default,non_markovian,xai_gate,11,5000,0.1372791921860614,1.2650758532194688,65.35217616000006,0.6855555319601544,0.7632074662204597,0.7038651518368869,704.3501544930056,0.953204848484804,0.13096198768315992,0.16969632618390315,0.5389254618815035,4.713923999999529,0.14244401502717885,0.004,0.0,9.418,54.9582,calibrated:/Users/let/Documents/DO_A_PAPER_May_18/Papers/Paper_xAI_in_Cyber_2/6_Analysis_Results/xai_surfacebench/data/unsw_nb15/unsw_nb15_score_stream.csv
unsw_nb15_xai_gate_tuning_envelope,security_budget,default,rtt_uncertainty,xai_gate,11,5000,0.0,0.016640868355123496,0.8600704200000002,0.7224623956961649,0.8272027955487673,0.6540080161457824,10.683500360492083,0.7915169696969663,0.0024154589371980675,0.2523605621431708,0.412659200702679,4.631391999999373,0.08102334027666469,0.0,0.0,7.2864,44.9352,calibrated:/Users/let/Documents/DO_A_PAPER_May_18/Papers/Paper_xAI_in_Cyber_2/6_Analysis_Results/xai_surfacebench/data/unsw_nb15/unsw_nb15_score_stream.csv
unsw_nb15_xai_gate_tuning_envelope,security_budget,default,adversarial_explanation_flood,xai_gate,12,5000,0.0,0.019929667475246774,1.0281133975000636,0.5870786382658192,0.6410221445804897,0.5383073251291989,4338.80480426457,1.0,0.0,0.1732562353793944,0.4324136766500705,6.276222500000406,0.7899858457183275,0.0002,0.0,12.1404,45.216,calibrated:/Users/let/Documents/DO_A_PAPER_May_18/Papers/Paper_xAI_in_Cyber_2/6_Analysis_Results/xai_surfacebench/data/unsw_nb15/unsw_nb15_score_stream.csv
unsw_nb15_xai_gate_tuning_envelope,security_budget,default,transient_overload,xai_gate,12,5000,0.24978742484433913,1.0407499751994742,53.33468558000003,0.6723900450442793,0.7418770081139574,0.6706141200652687,3800.807373849026,1.0,0.09223234131277169,0.14241035425559118,0.5489756879561661,5.308614499999758,0.20864804208954557,0.0264,0.0,10.1678,56.0836,calibrated:/Users/let/Documents/DO_A_PAPER_May_18/Papers/Paper_xAI_in_Cyber_2/6_Analysis_Results/xai_surfacebench/data/unsw_nb15/unsw_nb15_score_stream.csv
unsw_nb15_xai_gate_tuning_envelope,security_budget,default,non_markovian,xai_gate,12,5000,0.13661599053019213,1.1474151423045533,59.261883839999975,0.6881536350578551,0.7658192132108729,0.7061284651501604,665.5011661805826,0.9520169696969271,0.12895825740196815,0.17846193426666382,0.5345711039169865,4.713087999999524,0.1360602872118657,0.0028,0.0,9.3286,54.7424,calibrated:/Users/let/Documents/DO_A_PAPER_May_18/Papers/Paper_xAI_in_Cyber_2/6_Analysis_Results/xai_surfacebench/data/unsw_nb15/unsw_nb15_score_stream.csv
unsw_nb15_xai_gate_tuning_envelope,security_budget,default,rtt_uncertainty,xai_gate,12,5000,0.0,0.01733923948562586,0.8964227399999991,0.7248823350057557,0.8281801095061303,0.6573314219208448,10.5146734411666,0.7916496969696959,0.002827286082545666,0.2606092524322976,0.4064362336114422,4.605771999999385,0.06820752426466004,0.0,0.0,7.2154,45.0312,calibrated:/Users/let/Documents/DO_A_PAPER_May_18/Papers/Paper_xAI_in_Cyber_2/6_Analysis_Results/xai_surfacebench/data/unsw_nb15/unsw_nb15_score_stream.csv
unsw_nb15_xai_gate_tuning_envelope,security_budget,default,adversarial_explanation_flood,xai_gate,13,5000,0.0,0.018536704612189512,0.9556524000000002,0.5711883286332115,0.6229506864994769,0.5225223062334675,4890.4215139418275,1.0,0.0,0.15621251904437744,0.4212514992384332,6.219738500000434,0.8248771051837638,0.001,0.0,12.3396,45.0792,calibrated:/Users/let/Documents/DO_A_PAPER_May_18/Papers/Paper_xAI_in_Cyber_2/6_Analysis_Results/xai_surfacebench/data/unsw_nb15/unsw_nb15_score_stream.csv
unsw_nb15_xai_gate_tuning_envelope,security_budget,default,transient_overload,xai_gate,13,5000,0.24863359642171287,1.0397775188037035,53.283239559999984,0.6766812287500359,0.7464164948546883,0.6750360757492311,3746.7367956398384,1.0,0.09320392187870641,0.14242508104688859,0.5540345536491683,5.311341999999806,0.20390003831499537,0.0276,0.0,10.1176,56.0268,calibrated:/Users/let/Documents/DO_A_PAPER_May_18/Papers/Paper_xAI_in_Cyber_2/6_Analysis_Results/xai_surfacebench/data/unsw_nb15/unsw_nb15_score_stream.csv
unsw_nb15_xai_gate_tuning_envelope,security_budget,default,non_markovian,xai_gate,13,5000,0.13698077662201869,1.2999578197474349,67.16300915999992,0.6859772155645087,0.762919387105531,0.7041736943334646,741.4992161549937,0.9554036363635912,0.12901316762834739,0.177773550609769,0.5378859932788028,4.753455999999531,0.1372428836689461,0.002,0.0,9.4626,55.471,calibrated:/Users/let/Documents/DO_A_PAPER_May_18/Papers/Paper_xAI_in_Cyber_2/6_Analysis_Results/xai_surfacebench/data/unsw_nb15/unsw_nb15_score_stream.csv
unsw_nb15_xai_gate_tuning_envelope,security_budget,default,rtt_uncertainty,xai_gate,13,5000,0.0,0.01845265746063856,0.9537123799999994,0.7256594218767832,0.8305629367407135,0.6576126666484484,16.532600989968206,0.8067739393939378,0.002655206394393956,0.2727471805540348,0.39190298916018834,4.66994799999939,0.07755906266637846,0.0,0.0,7.3064,45.2034,calibrated:/Users/let/Documents/DO_A_PAPER_May_18/Papers/Paper_xAI_in_Cyber_2/6_Analysis_Results/xai_surfacebench/data/unsw_nb15/unsw_nb15_score_stream.csv
unsw_nb15_xai_gate_tuning_envelope,security_budget,default,adversarial_explanation_flood,xai_gate,14,5000,0.0,0.01634623918081361,0.8423185800000017,0.5824130320418928,0.6358355525193724,0.5334137184143921,4516.540997121484,1.0,0.0,0.1662912851200947,0.42862339092859214,6.2460085000004915,0.8065368794642152,0.0004,0.0,12.1654,44.894,calibrated:/Users/let/Documents/DO_A_PAPER_May_18/Papers/Paper_xAI_in_Cyber_2/6_Analysis_Results/xai_surfacebench/data/unsw_nb15/unsw_nb15_score_stream.csv
unsw_nb15_xai_gate_tuning_envelope,security_budget,default,transient_overload,xai_gate,14,5000,0.24868521125509452,1.0394314055993137,53.273364159999964,0.6775402484129492,0.7477375851061411,0.6767072199916415,3702.0976208537063,1.0,0.09424259804988035,0.14260002768932575,0.5561228021598632,5.307379499999884,0.1976866344273629,0.022,0.0,10.1122,56.2874,calibrated:/Users/let/Documents/DO_A_PAPER_May_18/Papers/Paper_xAI_in_Cyber_2/6_Analysis_Results/xai_surfacebench/data/unsw_nb15/unsw_nb15_score_stream.csv
unsw_nb15_xai_gate_tuning_envelope,security_budget,default,non_markovian,xai_gate,14,5000,0.13323466213481056,1.2231869005364375,63.19179956000007,0.6882707509882188,0.7660837653354193,0.7041691012201166,655.9044231063552,0.9499454545454159,0.1263318439594432,0.17627599243856332,0.5338546141948789,4.723399999999498,0.13179702438911978,0.0026,0.0,9.3104,54.8414,calibrated:/Users/let/Documents/DO_A_PAPER_May_18/Papers/Paper_xAI_in_Cyber_2/6_Analysis_Results/xai_surfacebench/data/unsw_nb15/unsw_nb15_score_stream.csv
unsw_nb15_xai_gate_tuning_envelope,security_budget,default,rtt_uncertainty,xai_gate,14,5000,0.0,0.016999610486577044,0.8785819800000014,0.724489381550858,0.8289222237280411,0.6563388804598028,14.804945801083077,0.7989127272727238,0.002579158206661911,0.25615979805739997,0.40852219722328925,4.651307999999414,0.07584586410678851,0.0,0.0,7.2892,45.1688,calibrated:/Users/let/Documents/DO_A_PAPER_May_18/Papers/Paper_xAI_in_Cyber_2/6_Analysis_Results/xai_surfacebench/data/unsw_nb15/unsw_nb15_score_stream.csv
unsw_nb15_xai_gate_tuning_envelope,security_budget,default,adversarial_explanation_flood,xai_gate,15,5000,0.0,0.019148272368189244,0.9869440600000015,0.5792843069932064,0.6316053234404544,0.5306585283104067,4541.987034568687,1.0,0.0,0.16528506728143752,0.4265769853339929,6.2467045000004,0.8107291944222403,0.0008,0.0,12.2322,45.036,calibrated:/Users/let/Documents/DO_A_PAPER_May_18/Papers/Paper_xAI_in_Cyber_2/6_Analysis_Results/xai_surfacebench/data/unsw_nb15/unsw_nb15_score_stream.csv
unsw_nb15_xai_gate_tuning_envelope,security_budget,default,transient_overload,xai_gate,15,5000,0.2477853833601739,1.0399299691086754,53.29254262000002,0.678487955503789,0.748613795194174,0.6749743670948212,3721.141527534339,1.0,0.09037825854595119,0.14346509372340216,0.5544427069932233,5.342219999999825,0.1973687796773671,0.0242,0.0,10.1042,56.2578,calibrated:/Users/let/Documents/DO_A_PAPER_May_18/Papers/Paper_xAI_in_Cyber_2/6_Analysis_Results/xai_surfacebench/data/unsw_nb15/unsw_nb15_score_stream.csv
unsw_nb15_xai_gate_tuning_envelope,security_budget,default,non_markovian,xai_gate,15,5000,0.13539061317459397,1.3196438254426797,68.19295778000001,0.686821092762828,0.7638347326397495,0.7061671914155139,648.6424660146539,0.9515733333332871,0.13328621302662297,0.1668701407183705,0.5392919103000707,4.672063999999476,0.13254642836351205,0.0032,0.0,9.3378,54.9664,calibrated:/Users/let/Documents/DO_A_PAPER_May_18/Papers/Paper_xAI_in_Cyber_2/6_Analysis_Results/xai_surfacebench/data/unsw_nb15/unsw_nb15_score_stream.csv
unsw_nb15_xai_gate_tuning_envelope,security_budget,default,rtt_uncertainty,xai_gate,15,5000,0.0,0.018195790661908254,0.9403716600000005,0.7258104369265185,0.8304188509783708,0.6571077252638113,14.07512421899421,0.8067260606060586,0.0024654156964799344,0.26382687303109165,0.3974250102725654,4.670379999999404,0.07786906422776685,0.0,0.0,7.301,45.157,calibrated:/Users/let/Documents/DO_A_PAPER_May_18/Papers/Paper_xAI_in_Cyber_2/6_Analysis_Results/xai_surfacebench/data/unsw_nb15/unsw_nb15_score_stream.csv
unsw_nb15_xai_gate_tuning_envelope,security_budget,default,adversarial_explanation_flood,xai_gate,16,5000,0.0,0.017349252192564005,0.8943975600000019,0.5872377778146483,0.6409480477180584,0.5383565429734558,4307.296106155799,1.0,0.0,0.1720758328245912,0.43254904549001866,6.269750000000488,0.7988650057283997,0.0008,0.0,12.1214,44.9224,calibrated:/Users/let/Documents/DO_A_PAPER_May_18/Papers/Paper_xAI_in_Cyber_2/6_Analysis_Results/xai_surfacebench/data/unsw_nb15/unsw_nb15_score_stream.csv
unsw_nb15_xai_gate_tuning_envelope,security_budget,default,transient_overload,xai_gate,16,5000,0.24824275713803487,1.0415648254197498,53.36605447999993,0.6706195556426763,0.7403102120044589,0.6675935206028824,3875.2046769836234,1.0,0.0901047274150925,0.14143094841930118,0.5482529118137132,5.33342999999979,0.21019372338598297,0.0248,0.0,10.217,56.283,calibrated:/Users/let/Documents/DO_A_PAPER_May_18/Papers/Paper_xAI_in_Cyber_2/6_Analysis_Results/xai_surfacebench/data/unsw_nb15/unsw_nb15_score_stream.csv
unsw_nb15_xai_gate_tuning_envelope,security_budget,default,non_markovian,xai_gate,16,5000,0.13855567949466932,1.2788242384870385,66.07186461999994,0.6868204208616749,0.764033075541608,0.7095985827247749,642.6755161196197,0.9486363636363231,0.13699606792550664,0.18253899667286005,0.5285183424793675,4.60835999999957,0.12667348230368214,0.0022,0.0,9.2572,54.776,calibrated:/Users/let/Documents/DO_A_PAPER_May_18/Papers/Paper_xAI_in_Cyber_2/6_Analysis_Results/xai_surfacebench/data/unsw_nb15/unsw_nb15_score_stream.csv
unsw_nb15_xai_gate_tuning_envelope,security_budget,default,rtt_uncertainty,xai_gate,16,5000,0.0,0.0161838340495527,0.8364481399999999,0.724990947992172,0.8289911432786717,0.6574559396645181,12.404853306117174,0.8012624242424254,0.0028253236778582403,0.2675279789335089,0.39971472459951723,4.654043999999405,0.0823858449013759,0.0,0.0,7.2912,44.9082,calibrated:/Users/let/Documents/DO_A_PAPER_May_18/Papers/Paper_xAI_in_Cyber_2/6_Analysis_Results/xai_surfacebench/data/unsw_nb15/unsw_nb15_score_stream.csv
unsw_nb15_xai_gate_tuning_envelope,security_budget,default,adversarial_explanation_flood,xai_gate,17,5000,0.0,0.018587599221044467,0.9585723799999992,0.5799811218987907,0.6332110886917738,0.5313501111436788,4599.06057521186,1.0,0.0,0.16485240757085418,0.4284879539736022,6.255001000000437,0.8061213645541845,0.0008,0.0,12.2364,45.1664,calibrated:/Users/let/Documents/DO_A_PAPER_May_18/Papers/Paper_xAI_in_Cyber_2/6_Analysis_Results/xai_surfacebench/data/unsw_nb15/unsw_nb15_score_stream.csv
unsw_nb15_xai_gate_tuning_envelope,security_budget,default,transient_overload,xai_gate,17,5000,0.24724337605845575,1.0417361891319994,53.38769131999994,0.6753300292526155,0.745001915223278,0.6742592254021752,3788.031128174379,1.0,0.09374629402695972,0.14234889512590426,0.5522072775428777,5.297794499999828,0.20458893289572377,0.0258,0.0,10.1188,56.0014,calibrated:/Users/let/Documents/DO_A_PAPER_May_18/Papers/Paper_xAI_in_Cyber_2/6_Analysis_Results/xai_surfacebench/data/unsw_nb15/unsw_nb15_score_stream.csv
unsw_nb15_xai_gate_tuning_envelope,security_budget,default,non_markovian,xai_gate,17,5000,0.1358983874331992,1.3141008365825304,67.89588168000003,0.6838507487801596,0.7592930828244505,0.7076083207134247,771.8718075595752,0.9585799999999532,0.1389449772841999,0.1744909978125526,0.5392057883223961,4.680215999999503,0.13987326749764128,0.0038,0.0,9.5088,55.6132,calibrated:/Users/let/Documents/DO_A_PAPER_May_18/Papers/Paper_xAI_in_Cyber_2/6_Analysis_Results/xai_surfacebench/data/unsw_nb15/unsw_nb15_score_stream.csv
unsw_nb15_xai_gate_tuning_envelope,security_budget,default,rtt_uncertainty,xai_gate,17,5000,0.0,0.015230331195492578,0.7872723399999998,0.7254942036152593,0.8303879285594524,0.6569465901964898,13.083602782591072,0.8014903030303044,0.0022251524641503212,0.2598758309982968,0.40404373386077685,4.656103999999402,0.08063819460215149,0.0,0.0,7.2804,44.9142,calibrated:/Users/let/Documents/DO_A_PAPER_May_18/Papers/Paper_xAI_in_Cyber_2/6_Analysis_Results/xai_surfacebench/data/unsw_nb15/unsw_nb15_score_stream.csv
unsw_nb15_xai_gate_tuning_envelope,security_budget,default,adversarial_explanation_flood,xai_gate,18,5000,0.0,0.018179198697556,0.9369983625000641,0.5851628464557153,0.6386650165133709,0.5360918292520962,4398.692259958357,1.0,0.0,0.1705665227564842,0.42954923705652864,6.257185500000425,0.7970653992508021,0.0004,0.0,12.1372,45.026,calibrated:/Users/let/Documents/DO_A_PAPER_May_18/Papers/Paper_xAI_in_Cyber_2/6_Analysis_Results/xai_surfacebench/data/unsw_nb15/unsw_nb15_score_stream.csv
unsw_nb15_xai_gate_tuning_envelope,security_budget,default,transient_overload,xai_gate,18,5000,0.24862843035139795,1.0405961922400258,53.32901131999992,0.6746620620878955,0.7447928643909483,0.6727687951736275,3760.6271311119294,1.0,0.09275642797898812,0.14169200995299971,0.5507598048897021,5.303898499999894,0.2000734671145783,0.0248,0.0,10.1276,56.261,calibrated:/Users/let/Documents/DO_A_PAPER_May_18/Papers/Paper_xAI_in_Cyber_2/6_Analysis_Results/xai_surfacebench/data/unsw_nb15/unsw_nb15_score_stream.csv
unsw_nb15_xai_gate_tuning_envelope,security_budget,default,non_markovian,xai_gate,18,5000,0.13698451820785598,1.2054766935488082,62.27142845999998,0.6876274891775662,0.7668249306481154,0.7067619047618817,575.6494350549757,0.9447848484848068,0.13127705627705627,0.18123376623376625,0.5297835497835498,4.646603999999521,0.1252045826513939,0.003,0.0,9.24,54.7456,calibrated:/Users/let/Documents/DO_A_PAPER_May_18/Papers/Paper_xAI_in_Cyber_2/6_Analysis_Results/xai_surfacebench/data/unsw_nb15/unsw_nb15_score_stream.csv
unsw_nb15_xai_gate_tuning_envelope,security_budget,default,rtt_uncertainty,xai_gate,18,5000,0.0,0.016256263965093366,0.8402306599999996,0.7229422061760603,0.8262460629431526,0.6550387418597731,11.284628216994392,0.7966012121212054,0.003172779737972156,0.2509231147944531,0.4127895845299636,4.6486079999994026,0.08361638183984699,0.0,0.0,7.3122,44.9864,calibrated:/Users/let/Documents/DO_A_PAPER_May_18/Papers/Paper_xAI_in_Cyber_2/6_Analysis_Results/xai_surfacebench/data/unsw_nb15/unsw_nb15_score_stream.csv
unsw_nb15_xai_gate_tuning_envelope,security_budget,default,adversarial_explanation_flood,xai_gate,19,5000,0.0,0.017087241080145428,0.8811137200000012,0.5890924759696996,0.6426783635547354,0.5398168710638508,4286.584101851669,1.0,0.0,0.16900894928737156,0.43571428571449444,6.264364000000407,0.7866528092998324,0.001,0.0,12.068,45.0302,calibrated:/Users/let/Documents/DO_A_PAPER_May_18/Papers/Paper_xAI_in_Cyber_2/6_Analysis_Results/xai_surfacebench/data/unsw_nb15/unsw_nb15_score_stream.csv
unsw_nb15_xai_gate_tuning_envelope,security_budget,default,transient_overload,xai_gate,19,5000,0.2482008711303354,1.0389628543264517,53.246999379999984,0.6783809306751475,0.7482540126020661,0.6775410737643562,3709.8485968858286,1.0,0.09465297871497087,0.14356494510285783,0.5554966506798513,5.300914999999802,0.19655626657750336,0.0244,0.0,10.0916,56.2258,calibrated:/Users/let/Documents/DO_A_PAPER_May_18/Papers/Paper_xAI_in_Cyber_2/6_Analysis_Results/xai_surfacebench/data/unsw_nb15/unsw_nb15_score_stream.csv
unsw_nb15_xai_gate_tuning_envelope,security_budget,default,non_markovian,xai_gate,19,5000,0.1377000508403179,1.2706162031558612,65.65113106000001,0.6880010352860736,0.7654954958529882,0.7072539038909231,623.6313545272255,0.949459393939352,0.1315460270899836,0.17222413941851436,0.5373997066689673,4.6689719999995,0.12245737886689301,0.0016,0.0,9.2728,55.0744,calibrated:/Users/let/Documents/DO_A_PAPER_May_18/Papers/Paper_xAI_in_Cyber_2/6_Analysis_Results/xai_surfacebench/data/unsw_nb15/unsw_nb15_score_stream.csv
unsw_nb15_xai_gate_tuning_envelope,security_budget,default,rtt_uncertainty,xai_gate,19,5000,0.0,0.01562567266357609,0.8074986200000001,0.7243439677701107,0.829014741293075,0.6559509910180343,14.984053165596102,0.8066151515151502,0.00272212543554007,0.2625489982578397,0.40015243902439024,4.684627999999404,0.0901650411823991,0.0,0.0,7.3472,44.9302,calibrated:/Users/let/Documents/DO_A_PAPER_May_18/Papers/Paper_xAI_in_Cyber_2/6_Analysis_Results/xai_surfacebench/data/unsw_nb15/unsw_nb15_score_stream.csv
unsw_nb15_xai_gate_tuning_envelope,security_budget,default,adversarial_explanation_flood,xai_gate,20,5000,0.0,0.015960804522441217,0.8229413800000009,0.5847685033031823,0.6381797447893339,0.5360069798204349,4409.352667380495,1.0,0.0,0.16963552108324842,0.43179782758754587,6.26946150000038,0.8065178799375392,0.0006,0.0,12.1708,44.9144,calibrated:/Users/let/Documents/DO_A_PAPER_May_18/Papers/Paper_xAI_in_Cyber_2/6_Analysis_Results/xai_surfacebench/data/unsw_nb15/unsw_nb15_score_stream.csv
unsw_nb15_xai_gate_tuning_envelope,security_budget,default,transient_overload,xai_gate,20,5000,0.24958786953499587,1.040890079142638,53.33330281999996,0.6743697003680232,0.7442005475552237,0.670801240433569,3819.237934662656,1.0,0.0898109347026304,0.14155305042397057,0.5516904719747352,5.342480499999802,0.20173348086362108,0.0256,0.0,10.1658,56.3952,calibrated:/Users/let/Documents/DO_A_PAPER_May_18/Papers/Paper_xAI_in_Cyber_2/6_Analysis_Results/xai_surfacebench/data/unsw_nb15/unsw_nb15_score_stream.csv
unsw_nb15_xai_gate_tuning_envelope,security_budget,default,non_markovian,xai_gate,20,5000,0.13638812176099513,1.311042394988699,67.74584634000004,0.6864422598038912,0.765340309359331,0.7070537667005655,603.2182855436515,0.9466078787878328,0.13555358264221218,0.17738896948961694,0.5262986942682055,4.602523999999534,0.12519400526768654,0.0028,0.0,9.2362,54.7236,calibrated:/Users/let/Documents/DO_A_PAPER_May_18/Papers/Paper_xAI_in_Cyber_2/6_Analysis_Results/xai_surfacebench/data/unsw_nb15/unsw_nb15_score_stream.csv
unsw_nb15_xai_gate_tuning_envelope,security_budget,default,rtt_uncertainty,xai_gate,20,5000,0.0,0.015606766233608044,0.8066558199999992,0.7231296617400969,0.8266046059407081,0.6553014758869526,10.943535861105982,0.791521818181812,0.003027550711474417,0.250103211956073,0.41466435471885066,4.622363999999381,0.07540535260793035,0.0,0.0,7.2666,45.0472,calibrated:/Users/let/Documents/DO_A_PAPER_May_18/Papers/Paper_xAI_in_Cyber_2/6_Analysis_Results/xai_surfacebench/data/unsw_nb15/unsw_nb15_score_stream.csv
